mtllib BASE_Mesh.mtl
v -4.6629369249032665e-18 -0.042000001994892955 0.0
v -0.004116719918281497 -0.041797761995052696 0.0
v -4.6629369249032665e-18 -0.042000001994892955 -0.006000000284984708
v -0.008193793685998263 -0.041192983676532346 0.0
v -0.012191957099167428 -0.04019149589703064 0.0
v -0.008193793685998263 -0.041192983676532346 -0.006000000284984708
v -0.016072705078598037 -0.038802942211693114 0.0
v -0.01979866312605494 -0.03704069313507086 0.0
v -0.016072705078598037 -0.038802942211693114 -0.006000000284984708
v -0.023333951151027765 -0.034921724070802185 0.0
v -0.026644519164106262 -0.0324664398355301 0.0
v -0.023333951151027765 -0.034921724070802185 -0.006000000284984708
v -0.012191957099167428 -0.04019149589703064 -0.006000000284984708
v -0.029698485831378685 -0.029698485831378685 0.0
v -0.0324664398355301 -0.026644519164106262 0.0
v -0.029698485831378685 -0.029698485831378685 -0.006000000284984708
v -0.034921724070802185 -0.023333951151027765 0.0
v -0.03704069313507086 -0.01979866312605494 0.0
v -0.034921724070802185 -0.023333951151027765 -0.006000000284984708
v -0.0324664398355301 -0.026644519164106262 -0.006000000284984708
v -0.038802942211693114 -0.016072705078598037 0.0
v -0.04019149589703064 -0.012191957099167428 0.0
v -0.04019149589703064 -0.012191957099167428 -0.006000000284984708
v -0.041192983676532346 -0.008193793685998263 0.0
v -0.041797761995052696 -0.004116719918281497 0.0
v -0.041192983676532346 -0.008193793685998263 -0.006000000284984708
v -0.038802942211693114 -0.016072705078598037 -0.006000000284984708
v -0.026644519164106262 -0.0324664398355301 -0.006000000284984708
v -0.004116719918281497 -0.041797761995052696 -0.006000000284984708
v -0.01979866312605494 -0.03704069313507086 -0.006000000284984708
v -0.03704069313507086 -0.01979866312605494 -0.006000000284984708
v -0.041797761995052696 -0.004116719918281497 -0.006000000284984708
v -0.042000001994892955 -3.052338215792485e-18 0.0
v -0.042000001994892955 2.0911785446713494e-18 -0.006000000284984708
v -0.041797761995052696 0.004116719918281497 0.0
v -0.041192983676532346 0.008193793685998263 0.0
v -0.041797761995052696 0.004116719918281497 -0.006000000284984708
v -0.04019149589703064 0.012191957099167428 0.0
v -0.038802942211693114 0.016072705078598037 0.0
v -0.04019149589703064 0.012191957099167428 -0.006000000284984708
v -0.041192983676532346 0.008193793685998263 -0.006000000284984708
v -0.03704069313507086 0.01979866312605494 0.0
v -0.034921724070802185 0.023333951151027765 0.0
v -0.03704069313507086 0.01979866312605494 -0.006000000284984708
v -0.0324664398355301 0.026644519164106262 0.0
v -0.029698485831378685 0.029698485831378685 0.0
v -0.029698485831378685 0.029698485831378685 -0.006000000284984708
v -0.0324664398355301 0.026644519164106262 -0.006000000284984708
v -0.026644519164106262 0.0324664398355301 0.0
v -0.023333951151027765 0.034921724070802185 0.0
v -0.023333951151027765 0.034921724070802185 -0.006000000284984708
v -0.01979866312605494 0.03704069313507086 0.0
v -0.016072705078598037 0.038802942211693114 0.0
v -0.016072705078598037 0.038802942211693114 -0.006000000284984708
v -0.01979866312605494 0.03704069313507086 -0.006000000284984708
v -0.012191957099167428 0.04019149589703064 0.0
v -0.008193793685998263 0.041192983676532346 0.0
v -0.012191957099167428 0.04019149589703064 -0.006000000284984708
v -0.004116719918281497 0.041797761995052696 0.0
v -4.805798885001295e-19 0.042000001994892955 0.0
v -4.805798885001295e-19 0.042000001994892955 -0.006000000284984708
v -0.004116719918281497 0.041797761995052696 -0.006000000284984708
v -0.026644519164106262 0.0324664398355301 -0.006000000284984708
v -0.038802942211693114 0.016072705078598037 -0.006000000284984708
v -0.034921724070802185 0.023333951151027765 -0.006000000284984708
v -0.008193793685998263 0.041192983676532346 -0.006000000284984708
v -3.830269616884826e-18 -0.03450000163866207 0.08420000094752744
v -0.003381591480654811 -0.03433387537955079 0.08420000094752744
v -0.003381591480654811 -0.03433387537955079 0.0783000067708084
v -0.006730616412368995 -0.03383709496044718 0.08420000094752744
v -0.010014821528229745 -0.03301444401194953 0.08420000094752744
v -0.010014821528229745 -0.03301444401194953 0.0783000067708084
v -0.006730616412368995 -0.03383709496044718 0.0783000067708084
v -0.01320257917170553 -0.031873845660654876 0.08420000094752744
v -0.016263188180907218 -0.03042628432786132 0.08420000094752744
v -0.016263188180907218 -0.03042628432786132 0.0783000067708084
v -0.019167174296012 -0.028685702732736962 0.08420000094752744
v -0.02188656910901421 -0.0266688626558631 0.08420000094752744
v -0.02188656910901421 -0.0266688626558631 0.0783000067708084
v -0.019167174296012 -0.028685702732736962 0.0783000067708084
v -0.01320257917170553 -0.031873845660654876 0.0783000067708084
v -0.024395184721941465 -0.024395184721941465 0.08420000094752744
v -0.0266688626558631 -0.02188656910901421 0.08420000094752744
v -0.0266688626558631 -0.02188656910901421 0.0783000067708084
v -0.028685702732736962 -0.019167174296012 0.08420000094752744
v -0.03042628432786132 -0.016263188180907218 0.08420000094752744
v -0.03042628432786132 -0.016263188180907218 0.0783000067708084
v -0.028685702732736962 -0.019167174296012 0.0783000067708084
v -0.031873845660654876 -0.01320257917170553 0.08420000094752744
v -0.03301444401194953 -0.010014821528229745 0.08420000094752744
v -0.03301444401194953 -0.010014821528229745 0.0783000067708084
v -0.03383709496044718 -0.006730616412368995 0.08420000094752744
v -0.03433387537955079 -0.003381591480654811 0.08420000094752744
v -0.03433387537955079 -0.003381591480654811 0.0783000067708084
v -0.03383709496044718 -0.006730616412368995 0.0783000067708084
v -0.031873845660654876 -0.01320257917170553 0.0783000067708084
v -0.024395184721941465 -0.024395184721941465 0.0783000067708084
v -3.830269616884826e-18 -0.03450000163866207 0.0783000067708084
v -0.03450000163866207 1.717753781863082e-18 0.0783000067708084
v -0.03450000163866207 1.717753781863082e-18 0.08420000094752744
v -0.03433387537955079 0.003381591480654811 0.08420000094752744
v -0.03383709496044718 0.006730616412368995 0.08420000094752744
v -0.03383709496044718 0.006730616412368995 0.0783000067708084
v -0.03301444401194953 0.010014821528229745 0.08420000094752744
v -0.031873845660654876 0.01320257917170553 0.08420000094752744
v -0.031873845660654876 0.01320257917170553 0.0783000067708084
v -0.03301444401194953 0.010014821528229745 0.0783000067708084
v -0.03042628432786132 0.016263188180907218 0.08420000094752744
v -0.028685702732736962 0.019167174296012 0.08420000094752744
v -0.028685702732736962 0.019167174296012 0.0783000067708084
v -0.0266688626558631 0.02188656910901421 0.08420000094752744
v -0.024395184721941465 0.024395184721941465 0.08420000094752744
v -0.024395184721941465 0.024395184721941465 0.0783000067708084
v -0.0266688626558631 0.02188656910901421 0.0783000067708084
v -0.03042628432786132 0.016263188180907218 0.0783000067708084
v -0.02188656910901421 0.0266688626558631 0.08420000094752744
v -0.019167174296012 0.028685702732736962 0.08420000094752744
v -0.019167174296012 0.028685702732736962 0.0783000067708084
v -0.016263188180907218 0.03042628432786132 0.08420000094752744
v -0.01320257917170553 0.031873845660654876 0.08420000094752744
v -0.01320257917170553 0.031873845660654876 0.0783000067708084
v -0.016263188180907218 0.03042628432786132 0.0783000067708084
v -0.010014821528229745 0.03301444401194953 0.08420000094752744
v -0.006730616412368995 0.03383709496044718 0.08420000094752744
v -0.006730616412368995 0.03383709496044718 0.0783000067708084
v -0.003381591480654811 0.03433387537955079 0.08420000094752744
v -3.9476205315866213e-19 0.03450000163866207 0.08420000094752744
v -3.9476205315866213e-19 0.03450000163866207 0.0783000067708084
v -0.003381591480654811 0.03433387537955079 0.0783000067708084
v -0.010014821528229745 0.03301444401194953 0.0783000067708084
v -0.02188656910901421 0.0266688626558631 0.0783000067708084
v -0.03433387537955079 0.003381591480654811 0.0783000067708084
v -3.996803078488514e-18 -0.03600000170990825 0.0783000067708084
v -0.0035286173112313024 -0.035826650413832706 0.0783000067708084
v -0.0035286173112313024 -0.035826650413832706 0.06600000313483179
v -0.0070232518670948485 -0.03530827117778523 0.0783000067708084
v -0.010450249214621898 -0.03444985362602626 0.0783000067708084
v -0.010450249214621898 -0.03444985362602626 0.06600000313483179
v -0.0070232518670948485 -0.03530827117778523 0.06600000313483179
v -0.013776604353084032 -0.033259664207923034 0.0783000067708084
v -0.016970282406997272 -0.03174916608930323 0.0783000067708084
v -0.016970282406997272 -0.03174916608930323 0.06600000313483179
v -0.02000052928554541 -0.02993290661888026 0.0783000067708084
v -0.022838158738562875 -0.027828378091796502 0.0783000067708084
v -0.022838158738562875 -0.027828378091796502 0.06600000313483179
v -0.02000052928554541 -0.02993290661888026 0.06600000313483179
v -0.013776604353084032 -0.033259664207923034 0.06600000313483179
v -0.025455846088238143 -0.025455846088238143 0.0783000067708084
v -0.027828378091796502 -0.022838158738562875 0.0783000067708084
v -0.027828378091796502 -0.022838158738562875 0.06600000313483179
v -0.02993290661888026 -0.02000052928554541 0.0783000067708084
v -0.03174916608930323 -0.016970282406997272 0.0783000067708084
v -0.03174916608930323 -0.016970282406997272 0.06600000313483179
v -0.02993290661888026 -0.02000052928554541 0.06600000313483179
v -0.033259664207923034 -0.013776604353084032 0.0783000067708084
v -0.03444985362602626 -0.010450249214621898 0.0783000067708084
v -0.03444985362602626 -0.010450249214621898 0.06600000313483179
v -0.03530827117778523 -0.0070232518670948485 0.0783000067708084
v -0.035826650413832706 -0.0035286173112313024 0.0783000067708084
v -0.035826650413832706 -0.0035286173112313024 0.06600000313483179
v -0.03530827117778523 -0.0070232518670948485 0.06600000313483179
v -0.033259664207923034 -0.013776604353084032 0.06600000313483179
v -0.025455846088238143 -0.025455846088238143 0.06600000313483179
v -3.996803078488514e-18 -0.03600000170990825 0.06600000313483179
v -0.03600000170990825 1.792438692073086e-18 0.06600000313483179
v -0.03600000170990825 1.792438692073086e-18 0.0783000067708084
v -0.035826650413832706 0.0035286173112313024 0.0783000067708084
v -0.03530827117778523 0.0070232518670948485 0.0783000067708084
v -0.03530827117778523 0.0070232518670948485 0.06600000313483179
v -0.03444985362602626 0.010450249214621898 0.0783000067708084
v -0.033259664207923034 0.013776604353084032 0.0783000067708084
v -0.033259664207923034 0.013776604353084032 0.06600000313483179
v -0.03444985362602626 0.010450249214621898 0.06600000313483179
v -0.03174916608930323 0.016970282406997272 0.0783000067708084
v -0.02993290661888026 0.02000052928554541 0.0783000067708084
v -0.02993290661888026 0.02000052928554541 0.06600000313483179
v -0.027828378091796502 0.022838158738562875 0.0783000067708084
v -0.025455846088238143 0.025455846088238143 0.0783000067708084
v -0.025455846088238143 0.025455846088238143 0.06600000313483179
v -0.027828378091796502 0.022838158738562875 0.06600000313483179
v -0.03174916608930323 0.016970282406997272 0.06600000313483179
v -0.022838158738562875 0.027828378091796502 0.0783000067708084
v -0.02000052928554541 0.02993290661888026 0.0783000067708084
v -0.02000052928554541 0.02993290661888026 0.06600000313483179
v -0.016970282406997272 0.03174916608930323 0.0783000067708084
v -0.013776604353084032 0.033259664207923034 0.0783000067708084
v -0.013776604353084032 0.033259664207923034 0.06600000313483179
v -0.016970282406997272 0.03174916608930323 0.06600000313483179
v -0.010450249214621898 0.03444985362602626 0.0783000067708084
v -0.0070232518670948485 0.03530827117778523 0.0783000067708084
v -0.0070232518670948485 0.03530827117778523 0.06600000313483179
v -0.0035286173112313024 0.035826650413832706 0.0783000067708084
v -4.1192561493299943e-19 0.03600000170990825 0.0783000067708084
v -4.1192561493299943e-19 0.03600000170990825 0.06600000313483179
v -0.0035286173112313024 0.035826650413832706 0.06600000313483179
v -0.010450249214621898 0.03444985362602626 0.06600000313483179
v -0.022838158738562875 0.027828378091796502 0.06600000313483179
v -0.035826650413832706 0.0035286173112313024 0.06600000313483179
v -0.04850000230362639 -2.969768593139342e-18 0.05100000242237002
v -0.048266462711235025 0.004753831612361037 0.05100000242237002
v -0.04850000230362639 -2.969768593139342e-18 0.006000000284984708
v -0.04756808697615966 0.009461881133314143 0.05100000242237002
v -0.046411608039393926 0.014078807545843675 0.05100000242237002
v -0.04756808697615966 0.009461881133314143 0.006000000284984708
v -0.048266462711235025 0.004753831612361037 0.006000000284984708
v -0.04480816100278506 0.018560147213346756 0.05100000242237002
v -0.04277318394690033 0.022862742556258864 0.05100000242237002
v -0.04480816100278506 0.018560147213346756 0.006000000284984708
v -0.04032627678722145 0.02694515737723835 0.05100000242237002
v -0.037491010539272285 0.03076807549704963 0.05100000242237002
v -0.04032627678722145 0.02694515737723835 0.006000000284984708
v -0.04277318394690033 0.022862742556258864 0.006000000284984708
v -0.046411608039393926 0.014078807545843675 0.006000000284984708
v -0.034294679363284786 0.034294679363284786 0.05100000242237002
v -0.03076807549704963 0.037491010539272285 0.05100000242237002
v -0.03076807549704963 0.037491010539272285 0.006000000284984708
v -0.02694515737723835 0.04032627678722145 0.05100000242237002
v -0.022862742556258864 0.04277318394690033 0.05100000242237002
v -0.022862742556258864 0.04277318394690033 0.006000000284984708
v -0.02694515737723835 0.04032627678722145 0.006000000284984708
v -0.018560147213346756 0.04480816100278506 0.05100000242237002
v -0.014078807545843675 0.046411608039393926 0.05100000242237002
v -0.014078807545843675 0.046411608039393926 0.006000000284984708
v -0.009461881133314143 0.04756808697615966 0.05100000242237002
v -0.004753831612361037 0.048266462711235025 0.05100000242237002
v -0.004753831612361037 0.048266462711235025 0.006000000284984708
v -0.009461881133314143 0.04756808697615966 0.006000000284984708
v -0.018560147213346756 0.04480816100278506 0.006000000284984708
v -0.034294679363284786 0.034294679363284786 0.006000000284984708
v -0.037491010539272285 0.03076807549704963 0.006000000284984708
v -5.549553140323308e-19 0.04850000230362639 0.006000000284984708
v -5.549553140323308e-19 0.04850000230362639 0.05100000242237002
v 0.004753831612361037 0.048266462711235025 0.05100000242237002
v 0.009461881133314143 0.04756808697615966 0.05100000242237002
v 0.004753831612361037 0.048266462711235025 0.006000000284984708
v 0.014078807545843675 0.046411608039393926 0.05100000242237002
v 0.018560147213346756 0.04480816100278506 0.05100000242237002
v 0.018560147213346756 0.04480816100278506 0.006000000284984708
v 0.009461881133314143 0.04756808697615966 0.006000000284984708
v 0.022862742556258864 0.04277318394690033 0.05100000242237002
v 0.02694515737723835 0.04032627678722145 0.05100000242237002
v 0.02694515737723835 0.04032627678722145 0.006000000284984708
v 0.03076807549704963 0.037491010539272285 0.05100000242237002
v 0.034294679363284786 0.034294679363284786 0.05100000242237002
v 0.034294679363284786 0.034294679363284786 0.006000000284984708
v 0.03076807549704963 0.037491010539272285 0.006000000284984708
v 0.022862742556258864 0.04277318394690033 0.006000000284984708
v 0.037491010539272285 0.03076807549704963 0.05100000242237002
v 0.04032627678722145 0.02694515737723835 0.05100000242237002
v 0.04032627678722145 0.02694515737723835 0.006000000284984708
v 0.04277318394690033 0.022862742556258864 0.05100000242237002
v 0.04480816100278506 0.018560147213346756 0.05100000242237002
v 0.04480816100278506 0.018560147213346756 0.006000000284984708
v 0.04277318394690033 0.022862742556258864 0.006000000284984708
v 0.046411608039393926 0.014078807545843675 0.05100000242237002
v 0.04756808697615966 0.009461881133314143 0.05100000242237002
v 0.04756808697615966 0.009461881133314143 0.006000000284984708
v 0.048266462711235025 0.004753831612361037 0.05100000242237002
v 0.04850000230362639 8.909305567659779e-18 0.05100000242237002
v 0.04850000230362639 8.909305567659779e-18 0.006000000284984708
v 0.048266462711235025 0.004753831612361037 0.006000000284984708
v 0.046411608039393926 0.014078807545843675 0.006000000284984708
v 0.037491010539272285 0.03076807549704963 0.006000000284984708
v 0.014078807545843675 0.046411608039393926 0.006000000284984708
v -0.04750000225612894 -2.9085363667157172e-18 0.06600000313483179
v -0.04727127681191545 0.004655814391976709 0.06600000313483179
v -0.04727127681191545 0.004655814391976709 0.05100000242237002
v -0.04658730155970181 0.009266790830163574 0.06600000313483179
v -0.045454668296676104 0.013788522421582239 0.06600000313483179
v -0.045454668296676104 0.013788522421582239 0.05100000242237002
v -0.04658730155970181 0.009266790830163574 0.05100000242237002
v -0.043884279428141326 0.01817746439487733 0.06600000313483179
v -0.04189126022947409 0.022391345133966345 0.06600000313483179
v -0.04189126022947409 0.022391345133966345 0.05100000242237002
v -0.039494810072924214 0.02638958674843317 0.06600000313483179
v -0.03671799643395257 0.030133681774900944 0.06600000313483179
v -0.03671799643395257 0.030133681774900944 0.05100000242237002
v -0.039494810072924214 0.02638958674843317 0.05100000242237002
v -0.043884279428141326 0.01817746439487733 0.05100000242237002
v -0.033587575600451114 0.033587575600451114 0.06600000313483179
v -0.030133681774900944 0.03671799643395257 0.06600000313483179
v -0.030133681774900944 0.03671799643395257 0.05100000242237002
v -0.02638958674843317 0.039494810072924214 0.06600000313483179
v -0.022391345133966345 0.04189126022947409 0.06600000313483179
v -0.022391345133966345 0.04189126022947409 0.05100000242237002
v -0.02638958674843317 0.039494810072924214 0.05100000242237002
v -0.01817746439487733 0.043884279428141326 0.06600000313483179
v -0.013788522421582239 0.045454668296676104 0.06600000313483179
v -0.013788522421582239 0.045454668296676104 0.05100000242237002
v -0.009266790830163574 0.04658730155970181 0.06600000313483179
v -0.004655814391976709 0.04727127681191545 0.06600000313483179
v -0.004655814391976709 0.04727127681191545 0.05100000242237002
v -0.009266790830163574 0.04658730155970181 0.05100000242237002
v -0.01817746439487733 0.043884279428141326 0.05100000242237002
v -0.033587575600451114 0.033587575600451114 0.05100000242237002
v -0.04750000225612894 -2.9085363667157172e-18 0.05100000242237002
v -5.435129571626265e-19 0.04750000225612894 0.05100000242237002
v -5.435129571626265e-19 0.04750000225612894 0.06600000313483179
v 0.004655814391976709 0.04727127681191545 0.06600000313483179
v 0.009266790830163574 0.04658730155970181 0.06600000313483179
v 0.009266790830163574 0.04658730155970181 0.05100000242237002
v 0.013788522421582239 0.045454668296676104 0.06600000313483179
v 0.01817746439487733 0.043884279428141326 0.06600000313483179
v 0.01817746439487733 0.043884279428141326 0.05100000242237002
v 0.013788522421582239 0.045454668296676104 0.05100000242237002
v 0.022391345133966345 0.04189126022947409 0.06600000313483179
v 0.02638958674843317 0.039494810072924214 0.06600000313483179
v 0.02638958674843317 0.039494810072924214 0.05100000242237002
v 0.030133681774900944 0.03671799643395257 0.06600000313483179
v 0.033587575600451114 0.033587575600451114 0.06600000313483179
v 0.033587575600451114 0.033587575600451114 0.05100000242237002
v 0.030133681774900944 0.03671799643395257 0.05100000242237002
v 0.022391345133966345 0.04189126022947409 0.05100000242237002
v 0.03671799643395257 0.030133681774900944 0.06600000313483179
v 0.039494810072924214 0.02638958674843317 0.06600000313483179
v 0.039494810072924214 0.02638958674843317 0.05100000242237002
v 0.04189126022947409 0.022391345133966345 0.06600000313483179
v 0.043884279428141326 0.01817746439487733 0.06600000313483179
v 0.043884279428141326 0.01817746439487733 0.05100000242237002
v 0.04189126022947409 0.022391345133966345 0.05100000242237002
v 0.045454668296676104 0.013788522421582239 0.06600000313483179
v 0.04658730155970181 0.009266790830163574 0.06600000313483179
v 0.04658730155970181 0.009266790830163574 0.05100000242237002
v 0.04727127681191545 0.004655814391976709 0.06600000313483179
v 0.04750000225612894 8.725608676630658e-18 0.06600000313483179
v 0.04750000225612894 8.725608676630658e-18 0.05100000242237002
v 0.04727127681191545 0.004655814391976709 0.05100000242237002
v 0.045454668296676104 0.013788522421582239 0.05100000242237002
v 0.03671799643395257 0.030133681774900944 0.05100000242237002
v 0.004655814391976709 0.04727127681191545 0.05100000242237002
v -0.03897086519330184 -0.03635774022177296 -1.3103721018612331e-18
v -0.03897086519330184 -0.03635774022177296 0.006000000284984708
v -0.03912310976840416 -0.03712310967340926 0.006000000284984708
v -0.03788847531034811 -0.035275350338819234 -1.3103721018612331e-18
v -0.03788847531034811 -0.035275350338819234 0.006000000284984708
v -0.03853732101377405 -0.03570889451834702 0.006000000284984708
v -0.03853732101377405 -0.03570889451834702 -1.3103721018612331e-18
v -0.03912310976840416 -0.03712310967340926 -1.3103721018612331e-18
v -0.03712310967340926 -0.03512310957841436 -1.3103721018612331e-18
v -0.03712310967340926 -0.03512310957841436 0.006000000284984708
v -0.03570889451834702 -0.03570889451834702 -1.3103721018612331e-18
v -0.03570889451834702 -0.03570889451834702 0.006000000284984708
v -0.03635774022177296 -0.035275350338819234 0.006000000284984708
v -0.03512310957841436 -0.03712310967340926 -1.3103721018612331e-18
v -0.03512310957841436 -0.03712310967340926 0.006000000284984708
v -0.035275350338819234 -0.03635774022177296 0.006000000284984708
v -0.035275350338819234 -0.03635774022177296 -1.3103721018612331e-18
v -0.03635774022177296 -0.035275350338819234 -1.3103721018612331e-18
v -0.035275350338819234 -0.03788847531034811 -1.3103721018612331e-18
v -0.035275350338819234 -0.03788847531034811 0.006000000284984708
v -0.03512310957841436 -0.03712310967340926 0.006000000284984708
v -0.03635774022177296 -0.03897086519330184 -1.3103721018612331e-18
v -0.03635774022177296 -0.03897086519330184 0.006000000284984708
v -0.03570889451834702 -0.03853732101377405 0.006000000284984708
v -0.03570889451834702 -0.03853732101377405 -1.3103721018612331e-18
v -0.03512310957841436 -0.03712310967340926 -1.3103721018612331e-18
v -0.03712310967340926 -0.03912310976840416 -1.3103721018612331e-18
v -0.03712310967340926 -0.03912310976840416 0.006000000284984708
v -0.03853732101377405 -0.03853732101377405 -1.3103721018612331e-18
v -0.03853732101377405 -0.03853732101377405 0.006000000284984708
v -0.03788847531034811 -0.03897086519330184 0.006000000284984708
v -0.03912310976840416 -0.03712310967340926 -1.3103721018612331e-18
v -0.03912310976840416 -0.03712310967340926 0.006000000284984708
v -0.03897086519330184 -0.03788847531034811 0.006000000284984708
v -0.03897086519330184 -0.03788847531034811 -1.3103721018612331e-18
v -0.03788847531034811 -0.03897086519330184 -1.3103721018612331e-18
v 0.027589276670527685 -0.04721171412598091 0.0
v 0.02815525760866522 -0.046566335982534124 0.0
v 0.03125082736629259 -0.046770166711209704 0.0
v 0.0284311803970394 -0.04575349262117223 0.0
v 0.028375037587365926 -0.04489693282706986 0.0
v 0.0279953779166231 -0.04412706203244632 0.0
v 0.035684625413190396 -0.04348184029159485 0.0
v 0.025962844174453048 -0.047647512791699764 0.0
v 0.026819403968555422 -0.04759137188937501 0.0
v 0.026516066856979714 -0.04960807272979206 0.0
v 0.025150000813091156 -0.047371591910674304 0.0
v 0.027350001680525038 -0.04356107918696006 0.0
v 0.035275350338819234 -0.03788847531034811 -1.3103721018612331e-18
v 0.03788847531034811 -0.03897086519330184 -1.3103721018612331e-18
v 0.03853732101377405 -0.03853732101377405 -1.3103721018612331e-18
v 0.03977475927445351 -0.03977475927445351 0.0
v 0.03897086519330184 -0.03788847531034811 -1.3103721018612331e-18
v 0.03712310967340926 -0.03912310976840416 -1.3103721018612331e-18
v 0.03912310976840416 -0.03712310967340926 -1.3103721018612331e-18
v 0.03897086519330184 -0.03635774022177296 -1.3103721018612331e-18
v 0.04348184029159485 -0.035684625413190396 0.0
v 0.03570889451834702 -0.03853732101377405 -1.3103721018612331e-18
v 0.03635774022177296 -0.03897086519330184 -1.3103721018612331e-18
v 0.026537158319163145 -0.0432851583059346 0.0
v 0.026644519164106262 -0.0324664398355301 0.0
v 0.03512310957841436 -0.03712310967340926 -1.3103721018612331e-18
v 0.02568059852506077 -0.043341299208259354 0.0
v 0.023333951151027765 -0.034921724070802185 0.0
v 0.0021811789118127145 -0.05221284351391242 0.0
v 0.010973830744312463 -0.055169173000033656 0.0
v 0.00551346423587451 -0.0559791438942181 0.0
v 0.001905256004229236 -0.051400003967247976 0.0
v 0.008193793685998263 -0.041192983676532346 0.0
v 0.012191957099167428 -0.04019149589703064 0.0
v 0.016328512967335174 -0.05382789486015449 0.0
v 0.0021250368173950096 -0.053069403308014795 0.0
v 0.0011000000760890555 -0.05440525694812459 0.0
v 0.0017453773850707732 -0.05383927791733578 0.0
v 0.0013392751853009977 -0.05075462582380119 0.0
v 0.004116719918281497 -0.041797761995052696 0.0
v 0.0005694019468869063 -0.05037496424570964 0.0
v 0.02152594477853098 -0.05196822604013551 0.0
v 0.016072705078598037 -0.038802942211693114 0.0
v -1.3148951309594614e-17 -0.056250002671731636 0.0
v 0.024124964906250268 -0.04603573827056451 0.0
v 0.024504624576993095 -0.046805612879885494 0.0
v 0.02491072582308851 -0.04372095697165346 0.0
v 0.01979866312605494 -0.03704069313507086 0.0
v 0.024344744884950975 -0.04436633511510024 0.0
v 0.024068822096576792 -0.045179178476462134 0.0
v -4.6629369249032665e-18 -0.042000001994892955 0.0
v 0.04960807272979206 -0.026516066856979714 0.0
v 0.04702197107497641 -0.027805636772967324 0.0
v 0.04749886929098723 -0.027091904973319814 0.0
v 0.04766633450890234 -0.026250001246808097 0.0
v 0.04749886929098723 -0.02540809752029638 0.0
v 0.05196822604013551 -0.02152594477853098 0.0
v 0.04702197107497641 -0.02469436572064887 0.0
v 0.046770166711209704 -0.03125082736629259 0.0
v 0.045466337456165906 -0.02845000211424198 0.0
v 0.04630824118267762 -0.02828253689632687 0.0
v 0.04462443372965419 -0.02828253689632687 0.0
v 0.04630824118267762 -0.024217465597289323 0.0
v 0.045466337456165906 -0.024050000379374215 0.0
v 0.041192983676532346 -0.008193793685998263 0.0
v 0.055169173000033656 -0.010973830744312463 0.0
v 0.05382789486015449 -0.016328512967335174 0.0
v 0.05193060167921759 -0.0021250368173950096 0.0
v 0.0559791438942181 -0.00551346423587451 0.0
v 0.05360000101998441 -0.001905256004229236 0.0
v 0.054245379163431195 -0.0013392751853009977 0.0
v 0.054625040741522746 -0.0005694019468869063 0.0
v 0.056250002671731636 -2.8006855622433204e-18 0.0
v 0.052787161473319966 -0.0021811789118127145 0.0
v 0.051160727069896605 -0.0017453773850707732 0.0
v 0.041797761995052696 -0.004116719918281497 0.0
v 0.050594748039107795 -0.0011000000760890555 0.0
v 0.04019149589703064 -0.012191957099167428 0.0
v 0.05031882334338489 -0.000287157638599201 0.0
v 0.043910700022657956 -0.027805636772967324 0.0
v 0.03853732101377405 -0.03570889451834702 -1.3103721018612331e-18
v 0.03788847531034811 -0.035275350338819234 -1.3103721018612331e-18
v 0.04343380180664713 -0.027091904973319814 0.0
v 0.03712310967340926 -0.03512310957841436 -1.3103721018612331e-18
v 0.03635774022177296 -0.035275350338819234 -1.3103721018612331e-18
v 0.0324664398355301 -0.026644519164106262 0.0
v 0.029698485831378685 -0.029698485831378685 0.0
v 0.03570889451834702 -0.03570889451834702 -1.3103721018612331e-18
v 0.035275350338819234 -0.03635774022177296 -1.3103721018612331e-18
v 0.04343380180664713 -0.02540809752029638 0.0
v 0.043266336588732024 -0.026250001246808097 0.0
v 0.034921724070802185 -0.023333951151027765 0.0
v 0.04462443372965419 -0.024217465597289323 0.0
v 0.043910700022657956 -0.02469436572064887 0.0
v 0.03704069313507086 -0.01979866312605494 0.0
v 0.038802942211693114 -0.016072705078598037 0.0
v -0.0005694019468869063 -0.054625040741522746 0.0
v 0.000287157638599201 -0.0546811816438475 0.0
v -0.0039110664794821115 -0.05611387137864465 0.0
v -0.0013392751853009977 -0.054245379163431195 0.0
v -0.001905256004229236 -0.05360000101998441 0.0
v -0.008193793685998263 -0.041192983676532346 0.0
v -0.0078032025228844115 -0.05570612981264711 0.0
v -0.01165756853161004 -0.055028753987016454 0.0
v -0.0021811789118127145 -0.052787161473319966 0.0
v -0.012191957099167428 -0.04019149589703064 0.0
v -0.015455508012539587 -0.05408502454155695 0.0
v -0.0191786393691884 -0.05287951148380987 0.0
v -0.0021250368173950096 -0.05193060167921759 0.0
v -0.004116719918281497 -0.041797761995052696 0.0
v -0.0011000000760890555 -0.050594748039107795 0.0
v -0.0017453773850707732 -0.051160727069896605 0.0
v -0.000287157638599201 -0.05031882334338489 0.0
v -0.022808940063469008 -0.051418043671473956 0.0
v -0.024217465597289323 -0.04630824118267762 0.0
v -0.024050000379374215 -0.045466337456165906 0.0
v -0.02469436572064887 -0.04702197107497641 0.0
v -0.016072705078598037 -0.038802942211693114 0.0
v -0.024217465597289323 -0.04462443372965419 0.0
v -0.026250001246808097 -0.04766633450890234 0.0
v -0.02540809752029638 -0.04749886929098723 0.0
v -0.02632883959894139 -0.04970769736831304 0.0
v -0.027091904973319814 -0.04749886929098723 0.0
v -0.029721299629459352 -0.04775675046778671 0.0
v -0.02828253689632687 -0.04630824118267762 0.0
v -0.027805636772967324 -0.04702197107497641 0.0
v -0.02845000211424198 -0.045466337456165906 0.0
v -0.02828253689632687 -0.04462443372965419 0.0
v -0.03296989978986309 -0.04557464816077328 0.0
v -0.027805636772967324 -0.043910700022657956 0.0
v -0.02469436572064887 -0.043910700022657956 0.0
v -0.02540809752029638 -0.04343380180664713 0.0
v -0.01979866312605494 -0.03704069313507086 0.0
v -0.027091904973319814 -0.04343380180664713 0.0
v -0.035275350338819234 -0.03788847531034811 -1.3103721018612331e-18
v -0.026250001246808097 -0.043266336588732024 0.0
v -0.023333951151027765 -0.034921724070802185 0.0
v -0.03605891589727683 -0.04317194952980552 0.0
v -0.03570889451834702 -0.03853732101377405 -1.3103721018612331e-18
v -0.038973398152406524 -0.04056028940209622 0.0
v -0.03712310967340926 -0.03912310976840416 -1.3103721018612331e-18
v -0.03635774022177296 -0.03897086519330184 -1.3103721018612331e-18
v -0.03788847531034811 -0.03897086519330184 -1.3103721018612331e-18
v -0.03853732101377405 -0.03853732101377405 -1.3103721018612331e-18
v -0.03897086519330184 -0.03788847531034811 -1.3103721018612331e-18
v -0.03512310957841436 -0.03712310967340926 -1.3103721018612331e-18
v -0.03570889451834702 -0.03570889451834702 -1.3103721018612331e-18
v -0.029698485831378685 -0.029698485831378685 0.0
v -0.035275350338819234 -0.03635774022177296 -1.3103721018612331e-18
v -0.03635774022177296 -0.035275350338819234 -1.3103721018612331e-18
v -0.026644519164106262 -0.0324664398355301 0.0
v -0.0416992359893964 -0.03775230587028666 0.0
v -0.03912310976840416 -0.03712310967340926 -1.3103721018612331e-18
v -0.03897086519330184 -0.03635774022177296 -1.3103721018612331e-18
v -0.04422323818447538 -0.034761586886682405 0.0
v -0.03853732101377405 -0.03570889451834702 -1.3103721018612331e-18
v -0.0324664398355301 -0.026644519164106262 0.0
v -0.0432851583059346 -0.026537158319163145 0.0
v -0.034921724070802185 -0.023333951151027765 0.0
v -0.03712310967340926 -0.03512310957841436 -1.3103721018612331e-18
v -0.04356107918696006 -0.027350001680525038 0.0
v -0.03788847531034811 -0.035275350338819234 -1.3103721018612331e-18
v -0.043341299208259354 -0.02568059852506077 0.0
v -0.03704069313507086 -0.01979866312605494 0.0
v -0.038802942211693114 -0.016072705078598037 0.0
v -0.04436633511510024 -0.024344744884950975 0.0
v -0.050750002410495654 -0.023627316643477503 0.0
v -0.041192983676532346 -0.008193793685998263 0.0
v -0.04019149589703064 -0.012191957099167428 0.0
v -0.045179178476462134 -0.024068822096576792 0.0
v -0.04412706203244632 -0.0279953779166231 0.0
v -0.041797761995052696 -0.004116719918281497 0.0
v -0.050000002374872565 -0.0010000000474974513 -1.734723558371751e-18
v -0.04489693282706986 -0.028375037587365926 0.0
v -0.046533186261721315 -0.031602616857488997 0.0
v -0.04575349262117223 -0.0284311803970394 0.0
v -0.04861790315761505 -0.02829067746067837 0.0
v -0.046566335982534124 -0.02815525760866522 0.0
v -0.04721171412598091 -0.027589276670527685 0.0
v -0.047647512791699764 -0.025962844174453048 0.0
v -0.04759137188937501 -0.026819403968555422 0.0
v -0.050467291368014866 -0.024841803776968208 0.0
v -0.04372095697165346 -0.02491072582308851 0.0
v -0.04603573827056451 -0.024124964906250268 0.0
v -0.050750002410495654 -0.0010000000474974513 0.0
v -0.047371591910674304 -0.025150000813091156 0.0
v -0.046805612879885494 -0.024504624576993095 0.0
v -0.050000002374872565 0.0010000000474974513 -1.734723558371751e-18
v -0.042000001994892955 -3.052338215792485e-18 0.0
v 0.042000001994892955 -2.0911785446713494e-18 0.0
v 0.05440525694812459 0.0011000000760890555 0.0
v 0.0546811816438475 0.000287157638599201 0.0
v 0.0559791438942181 0.00551346423587451 0.0
v 0.05383927791733578 0.0017453773850707732 0.0
v 0.055169173000033656 0.010973830744312463 0.0
v 0.05221284351391242 0.0021811789118127145 0.0
v 0.05037496424570964 0.0005694019468869063 0.0
v 0.041797761995052696 0.004116719918281497 0.0
v 0.05075462582380119 0.0013392751853009977 0.0
v 0.053069403308014795 0.0021250368173950096 0.0
v 0.051400003967247976 0.001905256004229236 0.0
v 0.041192983676532346 0.008193793685998263 0.0
v 0.05196822604013551 0.02152594477853098 0.0
v 0.05382789486015449 0.016328512967335174 0.0
v 0.04603573827056451 0.024124964906250268 0.0
v 0.04960807272979206 0.026516066856979714 0.0
v 0.047371591910674304 0.025150000813091156 0.0
v 0.046805612879885494 0.024504624576993095 0.0
v 0.04759137188937501 0.026819403968555422 0.0
v 0.047647512791699764 0.025962844174453048 0.0
v 0.04721171412598091 0.027589276670527685 0.0
v 0.04575349262117223 0.0284311803970394 0.0
v 0.046770166711209704 0.03125082736629259 0.0
v 0.046566335982534124 0.02815525760866522 0.0
v 0.04489693282706986 0.028375037587365926 0.0
v 0.04019149589703064 0.012191957099167428 0.0
v 0.045179178476462134 0.024068822096576792 0.0
v 0.038802942211693114 0.016072705078598037 0.0
v 0.04436633511510024 0.024344744884950975 0.0
v 0.043341299208259354 0.02568059852506077 0.0
v 0.04372095697165346 0.02491072582308851 0.0
v 0.03704069313507086 0.01979866312605494 0.0
v 0.0432851583059346 0.026537158319163145 0.0
v 0.034921724070802185 0.023333951151027765 0.0
v 0.0324664398355301 0.026644519164106262 0.0
v 0.04348184029159485 0.035684625413190396 0.0
v 0.04412706203244632 0.0279953779166231 0.0
v 0.03788847531034811 0.035275350338819234 -1.3103721018612331e-18
v 0.04356107918696006 0.027350001680525038 0.0
v 0.03712310967340926 0.03512310957841436 -1.3103721018612331e-18
v 0.03853732101377405 0.03570889451834702 -1.3103721018612331e-18
v 0.03635774022177296 0.035275350338819234 -1.3103721018612331e-18
v 0.029698485831378685 0.029698485831378685 0.0
v 0.026644519164106262 0.0324664398355301 0.0
v 0.035275350338819234 0.03635774022177296 -1.3103721018612331e-18
v 0.027091904973319814 0.04343380180664713 0.0
v 0.023333951151027765 0.034921724070802185 0.0
v 0.03570889451834702 0.03570889451834702 -1.3103721018612331e-18
v 0.03897086519330184 0.03635774022177296 -1.3103721018612331e-18
v 0.03977475927445351 0.03977475927445351 0.0
v 0.03912310976840416 0.03712310967340926 -1.3103721018612331e-18
v 0.03897086519330184 0.03788847531034811 -1.3103721018612331e-18
v 0.03853732101377405 0.03853732101377405 -1.3103721018612331e-18
v 0.035275350338819234 0.03788847531034811 -1.3103721018612331e-18
v 0.03512310957841436 0.03712310967340926 -1.3103721018612331e-18
v 0.035684625413190396 0.04348184029159485 0.0
v 0.03635774022177296 0.03897086519330184 -1.3103721018612331e-18
v 0.03570889451834702 0.03853732101377405 -1.3103721018612331e-18
v 0.03788847531034811 0.03897086519330184 -1.3103721018612331e-18
v 0.03712310967340926 0.03912310976840416 -1.3103721018612331e-18
v 0.027805636772967324 0.043910700022657956 0.0
v 0.02845000211424198 0.045466337456165906 0.0
v 0.03125082736629259 0.046770166711209704 0.0
v 0.02828253689632687 0.04462443372965419 0.0
v 0.02828253689632687 0.04630824118267762 0.0
v 0.027091904973319814 0.04749886929098723 0.0
v 0.026516066856979714 0.04960807272979206 0.0
v 0.027805636772967324 0.04702197107497641 0.0
v 0.026250001246808097 0.04766633450890234 0.0
v 0.026250001246808097 0.043266336588732024 0.0
v 0.01979866312605494 0.03704069313507086 0.0
v 0.02469436572064887 0.043910700022657956 0.0
v 0.02540809752029638 0.04343380180664713 0.0
v 0.024050000379374215 0.045466337456165906 0.0
v 0.02152594477853098 0.05196822604013551 0.0
v 0.024217465597289323 0.04630824118267762 0.0
v 0.024217465597289323 0.04462443372965419 0.0
v 0.016072705078598037 0.038802942211693114 0.0
v 0.012191957099167428 0.04019149589703064 0.0
v 0.016328512967335174 0.05382789486015449 0.0
v 0.008193793685998263 0.041192983676532346 0.0
v 0.010973830744312463 0.055169173000033656 0.0
v 0.0017453773850707732 0.051160727069896605 0.0
v 0.004116719918281497 0.041797761995052696 0.0
v 0.02469436572064887 0.04702197107497641 0.0
v 0.02540809752029638 0.04749886929098723 0.0
v 0.0021250368173950096 0.05193060167921759 0.0
v 0.00551346423587451 0.0559791438942181 0.0
v 0.0011000000760890555 0.050594748039107795 0.0
v 0.0021811789118127145 0.052787161473319966 0.0
v 0.001905256004229236 0.05360000101998441 0.0
v 0.0013392751853009977 0.054245379163431195 0.0
v 6.245004810138303e-18 0.056250002671731636 0.0
v -4.805798885001295e-19 0.042000001994892955 0.0
v -0.0324664398355301 0.026644519164106262 0.0
v -0.034921724070802185 0.023333951151027765 0.0
v -0.04343380180664713 0.027091904973319814 0.0
v -0.026644519164106262 0.0324664398355301 0.0
v -0.029698485831378685 0.029698485831378685 0.0
v -0.035275350338819234 0.03635774022177296 -1.3103721018612331e-18
v -0.03570889451834702 0.03570889451834702 -1.3103721018612331e-18
v -0.03635774022177296 0.035275350338819234 -1.3103721018612331e-18
v -0.04019149589703064 0.012191957099167428 0.0
v -0.045466337456165906 0.024050000379374215 0.0
v -0.038802942211693114 0.016072705078598037 0.0
v -0.041192983676532346 0.008193793685998263 0.0
v -0.050750002410495654 0.023627316643477503 0.0
v -0.03704069313507086 0.01979866312605494 0.0
v -0.04343380180664713 0.02540809752029638 0.0
v -0.03712310967340926 0.03512310957841436 -1.3103721018612331e-18
v -0.04462443372965419 0.024217465597289323 0.0
v -0.03512310957841436 0.03712310967340926 -1.3103721018612331e-18
v -0.027350001680525038 0.04356107918696006 0.0
v -0.035275350338819234 0.03788847531034811 -1.3103721018612331e-18
v -0.03296989978986309 0.04557464816077328 0.0
v -0.03570889451834702 0.03853732101377405 -1.3103721018612331e-18
v -0.02491072582308851 0.04372095697165346 0.0
v -0.01979866312605494 0.03704069313507086 0.0
v -0.023333951151027765 0.034921724070802185 0.0
v -0.03897086519330184 0.03635774022177296 -1.3103721018612331e-18
v -0.03853732101377405 0.03570889451834702 -1.3103721018612331e-18
v -0.04422323818447538 0.034761586886682405 0.0
v -0.03788847531034811 0.035275350338819234 -1.3103721018612331e-18
v -0.043910700022657956 0.027805636772967324 0.0
v -0.0416992359893964 0.03775230587028666 0.0
v -0.03897086519330184 0.03788847531034811 -1.3103721018612331e-18
v -0.03912310976840416 0.03712310967340926 -1.3103721018612331e-18
v -0.038973398152406524 0.04056028940209622 0.0
v -0.026537158319163145 0.0432851583059346 0.0
v -0.04630824118267762 0.024217465597289323 0.0
v -0.050750002410495654 0.0010000000474974513 -1.734723558371751e-18
v -0.043910700022657956 0.02469436572064887 0.0
v -0.041797761995052696 0.004116719918281497 0.0
v -0.050467291368014866 0.024841803776968208 0.0
v -0.04749886929098723 0.02540809752029638 0.0
v -0.04702197107497641 0.02469436572064887 0.0
v -0.04766633450890234 0.026250001246808097 0.0
v -0.043266336588732024 0.026250001246808097 0.0
v -0.046533186261721315 0.031602616857488997 0.0
v -0.04462443372965419 0.02828253689632687 0.0
v -0.045466337456165906 0.02845000211424198 0.0
v -0.04861790315761505 0.02829067746067837 0.0
v -0.04702197107497641 0.027805636772967324 0.0
v -0.04749886929098723 0.027091904973319814 0.0
v -0.04630824118267762 0.02828253689632687 0.0
v -0.0005694019468869063 0.05037496424570964 0.0
v 0.000287157638599201 0.05031882334338489 0.0
v -0.0013392751853009977 0.05075462582380119 0.0
v -0.004116719918281497 0.041797761995052696 0.0
v -0.001905256004229236 0.051400003967247976 0.0
v -0.012191957099167428 0.04019149589703064 0.0
v -0.016072705078598037 0.038802942211693114 0.0
v -0.0191786393691884 0.05287951148380987 0.0
v -0.024068822096576792 0.045179178476462134 0.0
v -0.024124964906250268 0.04603573827056451 0.0
v -0.008193793685998263 0.041192983676532346 0.0
v -0.01165756853161004 0.055028753987016454 0.0
v -0.022808940063469008 0.051418043671473956 0.0
v -0.024344744884950975 0.04436633511510024 0.0
v -0.0078032025228844115 0.05570612981264711 0.0
v -0.0011000000760890555 0.05440525694812459 0.0
v -0.0017453773850707732 0.05383927791733578 0.0
v -0.0039110664794821115 0.05611387137864465 0.0
v -0.0021250368173950096 0.053069403308014795 0.0
v -0.000287157638599201 0.0546811816438475 0.0
v 0.0005694019468869063 0.054625040741522746 0.0
v -0.015455508012539587 0.05408502454155695 0.0
v -0.0021811789118127145 0.05221284351391242 0.0
v -0.0279953779166231 0.04412706203244632 0.0
v -0.02568059852506077 0.043341299208259354 0.0
v -0.03788847531034811 0.03897086519330184 -1.3103721018612331e-18
v -0.03853732101377405 0.03853732101377405 -1.3103721018612331e-18
v -0.03605891589727683 0.04317194952980552 0.0
v -0.03712310967340926 0.03912310976840416 -1.3103721018612331e-18
v -0.03635774022177296 0.03897086519330184 -1.3103721018612331e-18
v -0.024504624576993095 0.046805612879885494 0.0
v -0.025150000813091156 0.047371591910674304 0.0
v -0.02632883959894139 0.04970769736831304 0.0
v -0.025962844174453048 0.047647512791699764 0.0
v -0.026819403968555422 0.04759137188937501 0.0
v -0.027589276670527685 0.04721171412598091 0.0
v -0.0284311803970394 0.04575349262117223 0.0
v -0.028375037587365926 0.04489693282706986 0.0
v -0.029721299629459352 0.04775675046778671 0.0
v -0.02815525760866522 0.046566335982534124 0.0
v 0.04727127681191545 -0.004655814391976709 0.06600000313483179
v 0.04658730155970181 -0.009266790830163574 0.06600000313483179
v 0.04658730155970181 -0.009266790830163574 0.05100000242237002
v 0.04727127681191545 -0.004655814391976709 0.05100000242237002
v 0.045454668296676104 -0.013788522421582239 0.06600000313483179
v 0.043884279428141326 -0.01817746439487733 0.06600000313483179
v 0.043884279428141326 -0.01817746439487733 0.05100000242237002
v 0.04189126022947409 -0.022391345133966345 0.06600000313483179
v 0.039494810072924214 -0.02638958674843317 0.06600000313483179
v 0.039494810072924214 -0.02638958674843317 0.05100000242237002
v 0.04189126022947409 -0.022391345133966345 0.05100000242237002
v 0.045454668296676104 -0.013788522421582239 0.05100000242237002
v 0.03671799643395257 -0.030133681774900944 0.06600000313483179
v 0.033587575600451114 -0.033587575600451114 0.06600000313483179
v 0.033587575600451114 -0.033587575600451114 0.05100000242237002
v 0.030133681774900944 -0.03671799643395257 0.06600000313483179
v 0.02638958674843317 -0.039494810072924214 0.06600000313483179
v 0.02638958674843317 -0.039494810072924214 0.05100000242237002
v 0.030133681774900944 -0.03671799643395257 0.05100000242237002
v 0.022391345133966345 -0.04189126022947409 0.06600000313483179
v 0.01817746439487733 -0.043884279428141326 0.06600000313483179
v 0.01817746439487733 -0.043884279428141326 0.05100000242237002
v 0.013788522421582239 -0.045454668296676104 0.06600000313483179
v 0.009266790830163574 -0.04658730155970181 0.06600000313483179
v 0.009266790830163574 -0.04658730155970181 0.05100000242237002
v 0.013788522421582239 -0.045454668296676104 0.05100000242237002
v 0.022391345133966345 -0.04189126022947409 0.05100000242237002
v 0.03671799643395257 -0.030133681774900944 0.05100000242237002
v 0.004655814391976709 -0.04727127681191545 0.05100000242237002
v 0.004655814391976709 -0.04727127681191545 0.06600000313483179
v -0.04727127681191545 -0.004655814391976709 0.05100000242237002
v 6.3605854258962524e-18 -0.04750000225612894 0.06600000313483179
v -0.004655814391976709 -0.04727127681191545 0.06600000313483179
v -0.004655814391976709 -0.04727127681191545 0.05100000242237002
v -0.009266790830163574 -0.04658730155970181 0.06600000313483179
v -0.013788522421582239 -0.045454668296676104 0.06600000313483179
v -0.013788522421582239 -0.045454668296676104 0.05100000242237002
v -0.009266790830163574 -0.04658730155970181 0.05100000242237002
v -0.01817746439487733 -0.043884279428141326 0.06600000313483179
v -0.022391345133966345 -0.04189126022947409 0.06600000313483179
v -0.022391345133966345 -0.04189126022947409 0.05100000242237002
v -0.02638958674843317 -0.039494810072924214 0.06600000313483179
v -0.030133681774900944 -0.03671799643395257 0.06600000313483179
v -0.030133681774900944 -0.03671799643395257 0.05100000242237002
v -0.02638958674843317 -0.039494810072924214 0.05100000242237002
v -0.01817746439487733 -0.043884279428141326 0.05100000242237002
v -0.033587575600451114 -0.033587575600451114 0.06600000313483179
v -0.03671799643395257 -0.030133681774900944 0.06600000313483179
v -0.03671799643395257 -0.030133681774900944 0.05100000242237002
v -0.039494810072924214 -0.02638958674843317 0.06600000313483179
v -0.04189126022947409 -0.022391345133966345 0.06600000313483179
v -0.04189126022947409 -0.022391345133966345 0.05100000242237002
v -0.039494810072924214 -0.02638958674843317 0.05100000242237002
v -0.043884279428141326 -0.01817746439487733 0.06600000313483179
v -0.045454668296676104 -0.013788522421582239 0.06600000313483179
v -0.045454668296676104 -0.013788522421582239 0.05100000242237002
v -0.04658730155970181 -0.009266790830163574 0.06600000313483179
v -0.04727127681191545 -0.004655814391976709 0.06600000313483179
v -0.04658730155970181 -0.009266790830163574 0.05100000242237002
v -0.043884279428141326 -0.01817746439487733 0.05100000242237002
v -0.033587575600451114 -0.033587575600451114 0.05100000242237002
v 6.3605854258962524e-18 -0.04750000225612894 0.05100000242237002
v 0.022862742556258864 0.04277318394690033 0.05100000242237002
v 0.02638958674843317 0.039494810072924214 0.05100000242237002
v 0.02694515737723835 0.04032627678722145 0.05100000242237002
v 0.030133681774900944 0.03671799643395257 0.05100000242237002
v 0.01817746439487733 0.043884279428141326 0.05100000242237002
v 0.022391345133966345 0.04189126022947409 0.05100000242237002
v 0.033587575600451114 0.033587575600451114 0.05100000242237002
v 0.034294679363284786 0.034294679363284786 0.05100000242237002
v 0.037491010539272285 0.03076807549704963 0.05100000242237002
v 0.03076807549704963 0.037491010539272285 0.05100000242237002
v 0.004753831612361037 0.048266462711235025 0.05100000242237002
v 0.009266790830163574 0.04658730155970181 0.05100000242237002
v 0.009461881133314143 0.04756808697615966 0.05100000242237002
v 0.014078807545843675 0.046411608039393926 0.05100000242237002
v -5.549553140323308e-19 0.04850000230362639 0.05100000242237002
v 0.004655814391976709 0.04727127681191545 0.05100000242237002
v 0.018560147213346756 0.04480816100278506 0.05100000242237002
v 0.013788522421582239 0.045454668296676104 0.05100000242237002
v 0.046411608039393926 0.014078807545843675 0.05100000242237002
v 0.04658730155970181 0.009266790830163574 0.05100000242237002
v 0.04756808697615966 0.009461881133314143 0.05100000242237002
v 0.048266462711235025 0.004753831612361037 0.05100000242237002
v 0.043884279428141326 0.01817746439487733 0.05100000242237002
v 0.045454668296676104 0.013788522421582239 0.05100000242237002
v 0.04727127681191545 0.004655814391976709 0.05100000242237002
v 0.04850000230362639 8.909305567659779e-18 0.05100000242237002
v 0.04750000225612894 8.725608676630658e-18 0.05100000242237002
v 0.04727127681191545 -0.004655814391976709 0.05100000242237002
v 0.03671799643395257 0.030133681774900944 0.05100000242237002
v 0.039494810072924214 0.02638958674843317 0.05100000242237002
v 0.04032627678722145 0.02694515737723835 0.05100000242237002
v 0.04277318394690033 0.022862742556258864 0.05100000242237002
v 0.04480816100278506 0.018560147213346756 0.05100000242237002
v 0.04189126022947409 0.022391345133966345 0.05100000242237002
v -0.004753831612361037 0.048266462711235025 0.05100000242237002
v -5.435129571626265e-19 0.04750000225612894 0.05100000242237002
v -0.009461881133314143 0.04756808697615966 0.05100000242237002
v -0.009266790830163574 0.04658730155970181 0.05100000242237002
v -0.004655814391976709 0.04727127681191545 0.05100000242237002
v -0.013788522421582239 0.045454668296676104 0.05100000242237002
v -0.01817746439487733 0.043884279428141326 0.05100000242237002
v -0.014078807545843675 0.046411608039393926 0.05100000242237002
v -0.022391345133966345 0.04189126022947409 0.05100000242237002
v -0.018560147213346756 0.04480816100278506 0.05100000242237002
v -0.02694515737723835 0.04032627678722145 0.05100000242237002
v -0.022862742556258864 0.04277318394690033 0.05100000242237002
v -0.03076807549704963 0.037491010539272285 0.05100000242237002
v -0.02638958674843317 0.039494810072924214 0.05100000242237002
v -0.033587575600451114 0.033587575600451114 0.05100000242237002
v -0.030133681774900944 0.03671799643395257 0.05100000242237002
v -0.03671799643395257 0.030133681774900944 0.05100000242237002
v -0.034294679363284786 0.034294679363284786 0.05100000242237002
v -0.039494810072924214 0.02638958674843317 0.05100000242237002
v -0.037491010539272285 0.03076807549704963 0.05100000242237002
v -0.04277318394690033 0.022862742556258864 0.05100000242237002
v -0.04032627678722145 0.02694515737723835 0.05100000242237002
v -0.04480816100278506 0.018560147213346756 0.05100000242237002
v -0.04189126022947409 0.022391345133966345 0.05100000242237002
v -0.046411608039393926 0.014078807545843675 0.05100000242237002
v -0.043884279428141326 0.01817746439487733 0.05100000242237002
v -0.04658730155970181 0.009266790830163574 0.05100000242237002
v -0.045454668296676104 0.013788522421582239 0.05100000242237002
v -0.04756808697615966 0.009461881133314143 0.05100000242237002
v -0.04727127681191545 0.004655814391976709 0.05100000242237002
v -0.048266462711235025 0.004753831612361037 0.05100000242237002
v -0.04850000230362639 -2.969768593139342e-18 0.05100000242237002
v 0.04658730155970181 -0.009266790830163574 0.05100000242237002
v 0.04756808697615966 -0.009461881133314143 0.05100000242237002
v 0.048266462711235025 -0.004753831612361037 0.05100000242237002
v 0.045454668296676104 -0.013788522421582239 0.05100000242237002
v 0.04480816100278506 -0.018560147213346756 0.05100000242237002
v 0.046411608039393926 -0.014078807545843675 0.05100000242237002
v 0.04277318394690033 -0.022862742556258864 0.05100000242237002
v 0.043884279428141326 -0.01817746439487733 0.05100000242237002
v 0.04032627678722145 -0.02694515737723835 0.05100000242237002
v 0.04189126022947409 -0.022391345133966345 0.05100000242237002
v 0.03671799643395257 -0.030133681774900944 0.05100000242237002
v 0.039494810072924214 -0.02638958674843317 0.05100000242237002
v 0.033587575600451114 -0.033587575600451114 0.05100000242237002
v 0.037491010539272285 -0.03076807549704963 0.05100000242237002
v 0.03076807549704963 -0.037491010539272285 0.05100000242237002
v 0.034294679363284786 -0.034294679363284786 0.05100000242237002
v 0.02694515737723835 -0.04032627678722145 0.05100000242237002
v 0.030133681774900944 -0.03671799643395257 0.05100000242237002
v 0.022862742556258864 -0.04277318394690033 0.05100000242237002
v 0.02638958674843317 -0.039494810072924214 0.05100000242237002
v 0.018560147213346756 -0.04480816100278506 0.05100000242237002
v 0.022391345133966345 -0.04189126022947409 0.05100000242237002
v 0.014078807545843675 -0.046411608039393926 0.05100000242237002
v 0.01817746439487733 -0.043884279428141326 0.05100000242237002
v 0.009461881133314143 -0.04756808697615966 0.05100000242237002
v 0.013788522421582239 -0.045454668296676104 0.05100000242237002
v 0.009266790830163574 -0.04658730155970181 0.05100000242237002
v 0.004655814391976709 -0.04727127681191545 0.05100000242237002
v 0.004753831612361037 -0.048266462711235025 0.05100000242237002
v 6.494492447371453e-18 -0.04850000230362639 0.05100000242237002
v -0.004753831612361037 -0.048266462711235025 0.05100000242237002
v 6.3605854258962524e-18 -0.04750000225612894 0.05100000242237002
v -0.04480816100278506 -0.018560147213346756 0.05100000242237002
v -0.04277318394690033 -0.022862742556258864 0.05100000242237002
v -0.04189126022947409 -0.022391345133966345 0.05100000242237002
v -0.04032627678722145 -0.02694515737723835 0.05100000242237002
v -0.046411608039393926 -0.014078807545843675 0.05100000242237002
v -0.043884279428141326 -0.01817746439487733 0.05100000242237002
v -0.039494810072924214 -0.02638958674843317 0.05100000242237002
v -0.037491010539272285 -0.03076807549704963 0.05100000242237002
v -0.03671799643395257 -0.030133681774900944 0.05100000242237002
v -0.034294679363284786 -0.034294679363284786 0.05100000242237002
v -0.04727127681191545 -0.004655814391976709 0.05100000242237002
v -0.04750000225612894 -2.9085363667157172e-18 0.05100000242237002
v -0.048266462711235025 -0.004753831612361037 0.05100000242237002
v -0.04658730155970181 -0.009266790830163574 0.05100000242237002
v -0.04756808697615966 -0.009461881133314143 0.05100000242237002
v -0.045454668296676104 -0.013788522421582239 0.05100000242237002
v -0.018560147213346756 -0.04480816100278506 0.05100000242237002
v -0.014078807545843675 -0.046411608039393926 0.05100000242237002
v -0.013788522421582239 -0.045454668296676104 0.05100000242237002
v -0.009461881133314143 -0.04756808697615966 0.05100000242237002
v -0.022862742556258864 -0.04277318394690033 0.05100000242237002
v -0.01817746439487733 -0.043884279428141326 0.05100000242237002
v -0.009266790830163574 -0.04658730155970181 0.05100000242237002
v -0.004655814391976709 -0.04727127681191545 0.05100000242237002
v -0.033587575600451114 -0.033587575600451114 0.05100000242237002
v -0.03076807549704963 -0.037491010539272285 0.05100000242237002
v -0.030133681774900944 -0.03671799643395257 0.05100000242237002
v -0.02694515737723835 -0.04032627678722145 0.05100000242237002
v -0.022391345133966345 -0.04189126022947409 0.05100000242237002
v -0.02638958674843317 -0.039494810072924214 0.05100000242237002
v 0.048266462711235025 -0.004753831612361037 0.05100000242237002
v 0.04756808697615966 -0.009461881133314143 0.05100000242237002
v 0.04756808697615966 -0.009461881133314143 0.006000000284984708
v 0.048266462711235025 -0.004753831612361037 0.006000000284984708
v 0.046411608039393926 -0.014078807545843675 0.05100000242237002
v 0.04480816100278506 -0.018560147213346756 0.05100000242237002
v 0.04480816100278506 -0.018560147213346756 0.006000000284984708
v 0.04277318394690033 -0.022862742556258864 0.05100000242237002
v 0.04032627678722145 -0.02694515737723835 0.05100000242237002
v 0.04277318394690033 -0.022862742556258864 0.006000000284984708
v 0.046411608039393926 -0.014078807545843675 0.006000000284984708
v 0.037491010539272285 -0.03076807549704963 0.05100000242237002
v 0.034294679363284786 -0.034294679363284786 0.05100000242237002
v 0.034294679363284786 -0.034294679363284786 0.006000000284984708
v 0.03076807549704963 -0.037491010539272285 0.05100000242237002
v 0.02694515737723835 -0.04032627678722145 0.05100000242237002
v 0.02694515737723835 -0.04032627678722145 0.006000000284984708
v 0.03076807549704963 -0.037491010539272285 0.006000000284984708
v 0.022862742556258864 -0.04277318394690033 0.05100000242237002
v 0.018560147213346756 -0.04480816100278506 0.05100000242237002
v 0.018560147213346756 -0.04480816100278506 0.006000000284984708
v 0.014078807545843675 -0.046411608039393926 0.05100000242237002
v 0.009461881133314143 -0.04756808697615966 0.05100000242237002
v 0.009461881133314143 -0.04756808697615966 0.006000000284984708
v 0.014078807545843675 -0.046411608039393926 0.006000000284984708
v 0.022862742556258864 -0.04277318394690033 0.006000000284984708
v 0.037491010539272285 -0.03076807549704963 0.006000000284984708
v 0.04032627678722145 -0.02694515737723835 0.006000000284984708
v 0.004753831612361037 -0.048266462711235025 0.006000000284984708
v 0.004753831612361037 -0.048266462711235025 0.05100000242237002
v -0.048266462711235025 -0.004753831612361037 0.006000000284984708
v 6.494492447371453e-18 -0.04850000230362639 0.05100000242237002
v -0.004753831612361037 -0.048266462711235025 0.05100000242237002
v -0.004753831612361037 -0.048266462711235025 0.006000000284984708
v -0.009461881133314143 -0.04756808697615966 0.05100000242237002
v -0.014078807545843675 -0.046411608039393926 0.05100000242237002
v -0.014078807545843675 -0.046411608039393926 0.006000000284984708
v -0.009461881133314143 -0.04756808697615966 0.006000000284984708
v -0.018560147213346756 -0.04480816100278506 0.05100000242237002
v -0.022862742556258864 -0.04277318394690033 0.05100000242237002
v -0.022862742556258864 -0.04277318394690033 0.006000000284984708
v -0.02694515737723835 -0.04032627678722145 0.05100000242237002
v -0.03076807549704963 -0.037491010539272285 0.05100000242237002
v -0.03076807549704963 -0.037491010539272285 0.006000000284984708
v -0.02694515737723835 -0.04032627678722145 0.006000000284984708
v -0.018560147213346756 -0.04480816100278506 0.006000000284984708
v -0.034294679363284786 -0.034294679363284786 0.05100000242237002
v -0.037491010539272285 -0.03076807549704963 0.05100000242237002
v -0.037491010539272285 -0.03076807549704963 0.006000000284984708
v -0.04032627678722145 -0.02694515737723835 0.05100000242237002
v -0.04277318394690033 -0.022862742556258864 0.05100000242237002
v -0.04277318394690033 -0.022862742556258864 0.006000000284984708
v -0.04032627678722145 -0.02694515737723835 0.006000000284984708
v -0.04480816100278506 -0.018560147213346756 0.05100000242237002
v -0.046411608039393926 -0.014078807545843675 0.05100000242237002
v -0.046411608039393926 -0.014078807545843675 0.006000000284984708
v -0.04756808697615966 -0.009461881133314143 0.05100000242237002
v -0.048266462711235025 -0.004753831612361037 0.05100000242237002
v -0.04756808697615966 -0.009461881133314143 0.006000000284984708
v -0.04480816100278506 -0.018560147213346756 0.006000000284984708
v -0.034294679363284786 -0.034294679363284786 0.006000000284984708
v 6.494492447371453e-18 -0.04850000230362639 0.006000000284984708
v 0.027805636772967324 0.04702197107497641 0.006000000284984708
v 0.02828253689632687 0.04630824118267762 0.006000000284984708
v 0.03125082736629259 0.046770166711209704 0.006000000284984708
v 0.02845000211424198 0.045466337456165906 0.006000000284984708
v 0.02828253689632687 0.04462443372965419 0.006000000284984708
v 0.035684625413190396 0.04348184029159485 0.006000000284984708
v 0.03076807549704963 0.037491010539272285 0.006000000284984708
v 0.027805636772967324 0.043910700022657956 0.006000000284984708
v 0.027091904973319814 0.04749886929098723 0.006000000284984708
v 0.026516066856979714 0.04960807272979206 0.006000000284984708
v 0.026250001246808097 0.04766633450890234 0.006000000284984708
v 0.027091904973319814 0.04343380180664713 0.006000000284984708
v 0.02694515737723835 0.04032627678722145 0.006000000284984708
v 0.026250001246808097 0.043266336588732024 0.006000000284984708
v 0.03712310967340926 0.03912310976840416 0.006000000284984708
v 0.03788847531034811 0.03897086519330184 0.006000000284984708
v 0.03977475927445351 0.03977475927445351 0.006000000284984708
v 0.03853732101377405 0.03853732101377405 0.006000000284984708
v 0.03635774022177296 0.03897086519330184 0.006000000284984708
v 0.03897086519330184 0.03788847531034811 0.006000000284984708
v 0.03912310976840416 0.03712310967340926 0.006000000284984708
v 0.04348184029159485 0.035684625413190396 0.006000000284984708
v 0.03570889451834702 0.03853732101377405 0.006000000284984708
v 0.03512310957841436 0.03712310967340926 0.006000000284984708
v 0.035275350338819234 0.03788847531034811 0.006000000284984708
v 0.034294679363284786 0.034294679363284786 0.006000000284984708
v 0.02540809752029638 0.04343380180664713 0.006000000284984708
v 0.009461881133314143 0.04756808697615966 0.006000000284984708
v 0.00551346423587451 0.0559791438942181 0.006000000284984708
v 0.004753831612361037 0.048266462711235025 0.006000000284984708
v 0.016328512967335174 0.05382789486015449 0.006000000284984708
v 0.010973830744312463 0.055169173000033656 0.006000000284984708
v 0.014078807545843675 0.046411608039393926 0.006000000284984708
v 0.02152594477853098 0.05196822604013551 0.006000000284984708
v 0.018560147213346756 0.04480816100278506 0.006000000284984708
v 0.0021250368173950096 0.05193060167921759 0.006000000284984708
v 0.0013392751853009977 0.054245379163431195 0.006000000284984708
v 0.001905256004229236 0.05360000101998441 0.006000000284984708
v 0.0021811789118127145 0.052787161473319966 0.006000000284984708
v 0.0017453773850707732 0.051160727069896605 0.006000000284984708
v 0.0011000000760890555 0.050594748039107795 0.006000000284984708
v -5.549553140323308e-19 0.04850000230362639 0.006000000284984708
v -6.589418481366921e-19 0.056250002671731636 0.006000000284984708
v 0.024217465597289323 0.04630824118267762 0.006000000284984708
v 0.02469436572064887 0.04702197107497641 0.006000000284984708
v 0.02540809752029638 0.04749886929098723 0.006000000284984708
v 0.022862742556258864 0.04277318394690033 0.006000000284984708
v 0.02469436572064887 0.043910700022657956 0.006000000284984708
v 0.024217465597289323 0.04462443372965419 0.006000000284984708
v 0.024050000379374215 0.045466337456165906 0.006000000284984708
v 0.04759137188937501 0.026819403968555422 0.006000000284984708
v 0.047647512791699764 0.025962844174453048 0.006000000284984708
v 0.04960807272979206 0.026516066856979714 0.006000000284984708
v 0.047371591910674304 0.025150000813091156 0.006000000284984708
v 0.046805612879885494 0.024504624576993095 0.006000000284984708
v 0.04480816100278506 0.018560147213346756 0.006000000284984708
v 0.05196822604013551 0.02152594477853098 0.006000000284984708
v 0.046411608039393926 0.014078807545843675 0.006000000284984708
v 0.05382789486015449 0.016328512967335174 0.006000000284984708
v 0.046566335982534124 0.02815525760866522 0.006000000284984708
v 0.04721171412598091 0.027589276670527685 0.006000000284984708
v 0.046770166711209704 0.03125082736629259 0.006000000284984708
v 0.04575349262117223 0.0284311803970394 0.006000000284984708
v 0.04756808697615966 0.009461881133314143 0.006000000284984708
v 0.055169173000033656 0.010973830744312463 0.006000000284984708
v 0.05221284351391242 0.0021811789118127145 0.006000000284984708
v 0.053069403308014795 0.0021250368173950096 0.006000000284984708
v 0.0559791438942181 0.00551346423587451 0.006000000284984708
v 0.05383927791733578 0.0017453773850707732 0.006000000284984708
v 0.048266462711235025 0.004753831612361037 0.006000000284984708
v 0.05440525694812459 0.0011000000760890555 0.006000000284984708
v 0.0546811816438475 0.000287157638599201 0.006000000284984708
v 0.056250002671731636 -9.68932384627504e-18 0.006000000284984708
v 0.051400003967247976 0.001905256004229236 0.006000000284984708
v 0.05075462582380119 0.0013392751853009977 0.006000000284984708
v 0.04850000230362639 8.909305567659779e-18 0.006000000284984708
v 0.05037496424570964 0.0005694019468869063 0.006000000284984708
v 0.05031882334338489 -0.000287157638599201 0.006000000284984708
v 0.03853732101377405 0.03570889451834702 0.006000000284984708
v 0.03897086519330184 0.03635774022177296 0.006000000284984708
v 0.037491010539272285 0.03076807549704963 0.006000000284984708
v 0.03788847531034811 0.035275350338819234 0.006000000284984708
v 0.04489693282706986 0.028375037587365926 0.006000000284984708
v 0.04412706203244632 0.0279953779166231 0.006000000284984708
v 0.03635774022177296 0.035275350338819234 0.006000000284984708
v 0.03570889451834702 0.03570889451834702 0.006000000284984708
v 0.035275350338819234 0.03635774022177296 0.006000000284984708
v 0.03712310967340926 0.03512310957841436 0.006000000284984708
v 0.045179178476462134 0.024068822096576792 0.006000000284984708
v 0.04603573827056451 0.024124964906250268 0.006000000284984708
v 0.04277318394690033 0.022862742556258864 0.006000000284984708
v 0.04436633511510024 0.024344744884950975 0.006000000284984708
v 0.04032627678722145 0.02694515737723835 0.006000000284984708
v 0.0432851583059346 0.026537158319163145 0.006000000284984708
v 0.04356107918696006 0.027350001680525038 0.006000000284984708
v 0.043341299208259354 0.02568059852506077 0.006000000284984708
v 0.04372095697165346 0.02491072582308851 0.006000000284984708
v -0.0011000000760890555 0.05440525694812459 0.006000000284984708
v -0.000287157638599201 0.0546811816438475 0.006000000284984708
v 0.0005694019468869063 0.054625040741522746 0.006000000284984708
v -0.0039110664794821115 0.05611387137864465 0.006000000284984708
v -0.0017453773850707732 0.05383927791733578 0.006000000284984708
v -0.009461881133314143 0.04756808697615966 0.006000000284984708
v -0.0078032025228844115 0.05570612981264711 0.006000000284984708
v -0.01165756853161004 0.055028753987016454 0.006000000284984708
v -0.0021250368173950096 0.053069403308014795 0.006000000284984708
v -0.014078807545843675 0.046411608039393926 0.006000000284984708
v -0.015455508012539587 0.05408502454155695 0.006000000284984708
v -0.0191786393691884 0.05287951148380987 0.006000000284984708
v -0.0021811789118127145 0.05221284351391242 0.006000000284984708
v -0.0013392751853009977 0.05075462582380119 0.006000000284984708
v -0.001905256004229236 0.051400003967247976 0.006000000284984708
v -0.004753831612361037 0.048266462711235025 0.006000000284984708
v 0.000287157638599201 0.05031882334338489 0.006000000284984708
v -0.0005694019468869063 0.05037496424570964 0.006000000284984708
v -0.018560147213346756 0.04480816100278506 0.006000000284984708
v -0.024124964906250268 0.04603573827056451 0.006000000284984708
v -0.022808940063469008 0.051418043671473956 0.006000000284984708
v -0.022862742556258864 0.04277318394690033 0.006000000284984708
v -0.024068822096576792 0.045179178476462134 0.006000000284984708
v -0.025962844174453048 0.047647512791699764 0.006000000284984708
v -0.025150000813091156 0.047371591910674304 0.006000000284984708
v -0.02632883959894139 0.04970769736831304 0.006000000284984708
v -0.026819403968555422 0.04759137188937501 0.006000000284984708
v -0.024504624576993095 0.046805612879885494 0.006000000284984708
v -0.029721299629459352 0.04775675046778671 0.006000000284984708
v -0.027589276670527685 0.04721171412598091 0.006000000284984708
v -0.02815525760866522 0.046566335982534124 0.006000000284984708
v -0.03296989978986309 0.04557464816077328 0.006000000284984708
v -0.0284311803970394 0.04575349262117223 0.006000000284984708
v -0.028375037587365926 0.04489693282706986 0.006000000284984708
v -0.02491072582308851 0.04372095697165346 0.006000000284984708
v -0.024344744884950975 0.04436633511510024 0.006000000284984708
v -0.026537158319163145 0.0432851583059346 0.006000000284984708
v -0.02694515737723835 0.04032627678722145 0.006000000284984708
v -0.02568059852506077 0.043341299208259354 0.006000000284984708
v -0.027350001680525038 0.04356107918696006 0.006000000284984708
v -0.0279953779166231 0.04412706203244632 0.006000000284984708
v -0.03076807549704963 0.037491010539272285 0.006000000284984708
v -0.03605891589727683 0.04317194952980552 0.006000000284984708
v -0.038973398152406524 0.04056028940209622 0.006000000284984708
v -0.03712310967340926 0.03912310976840416 0.006000000284984708
v -0.03635774022177296 0.03897086519330184 0.006000000284984708
v -0.03788847531034811 0.03897086519330184 0.006000000284984708
v -0.03570889451834702 0.03853732101377405 0.006000000284984708
v -0.035275350338819234 0.03788847531034811 0.006000000284984708
v -0.035275350338819234 0.03635774022177296 0.006000000284984708
v -0.034294679363284786 0.034294679363284786 0.006000000284984708
v -0.03512310957841436 0.03712310967340926 0.006000000284984708
v -0.0416992359893964 0.03775230587028666 0.006000000284984708
v -0.03897086519330184 0.03788847531034811 0.006000000284984708
v -0.03853732101377405 0.03853732101377405 0.006000000284984708
v -0.03897086519330184 0.03635774022177296 0.006000000284984708
v -0.03912310976840416 0.03712310967340926 0.006000000284984708
v -0.04422323818447538 0.034761586886682405 0.006000000284984708
v -0.03570889451834702 0.03570889451834702 0.006000000284984708
v -0.03635774022177296 0.035275350338819234 0.006000000284984708
v -0.03712310967340926 0.03512310957841436 0.006000000284984708
v -0.037491010539272285 0.03076807549704963 0.006000000284984708
v -0.03788847531034811 0.035275350338819234 0.006000000284984708
v -0.03853732101377405 0.03570889451834702 0.006000000284984708
v -0.043910700022657956 0.027805636772967324 0.006000000284984708
v -0.04032627678722145 0.02694515737723835 0.006000000284984708
v -0.043266336588732024 0.026250001246808097 0.006000000284984708
v -0.04343380180664713 0.027091904973319814 0.006000000284984708
v -0.04343380180664713 0.02540809752029638 0.006000000284984708
v -0.04277318394690033 0.022862742556258864 0.006000000284984708
v -0.043910700022657956 0.02469436572064887 0.006000000284984708
v -0.045466337456165906 0.02845000211424198 0.006000000284984708
v -0.04462443372965419 0.02828253689632687 0.006000000284984708
v -0.046533186261721315 0.031602616857488997 0.006000000284984708
v -0.04630824118267762 0.02828253689632687 0.006000000284984708
v -0.04861790315761505 0.02829067746067837 0.006000000284984708
v -0.04749886929098723 0.027091904973319814 0.006000000284984708
v -0.04702197107497641 0.027805636772967324 0.006000000284984708
v -0.04766633450890234 0.026250001246808097 0.006000000284984708
v -0.050467291368014866 0.024841803776968208 0.006000000284984708
v -0.04749886929098723 0.02540809752029638 0.006000000284984708
v -0.04702197107497641 0.02469436572064887 0.006000000284984708
v -0.04462443372965419 0.024217465597289323 0.006000000284984708
v -0.050750002410495654 0.023627316643477503 0.006000000284984708
v -0.04480816100278506 0.018560147213346756 0.006000000284984708
v -0.04630824118267762 0.024217465597289323 0.006000000284984708
v -0.045466337456165906 0.024050000379374215 0.006000000284984708
v -0.046411608039393926 0.014078807545843675 0.006000000284984708
v -0.04756808697615966 0.009461881133314143 0.006000000284984708
v -0.050750002410495654 0.0010000000474974513 0.006000000284984708
v -0.050000002374872565 0.0010000000474974513 0.006000000284984708
v -0.048266462711235025 0.004753831612361037 0.006000000284984708
v -0.04850000230362639 -2.969768593139342e-18 0.006000000284984708
v 0.054245379163431195 -0.0013392751853009977 0.006000000284984708
v 0.054625040741522746 -0.0005694019468869063 0.006000000284984708
v 0.05360000101998441 -0.001905256004229236 0.006000000284984708
v 0.0559791438942181 -0.00551346423587451 0.006000000284984708
v 0.052787161473319966 -0.0021811789118127145 0.006000000284984708
v 0.048266462711235025 -0.004753831612361037 0.006000000284984708
v 0.051160727069896605 -0.0017453773850707732 0.006000000284984708
v 0.050594748039107795 -0.0011000000760890555 0.006000000284984708
v 0.05193060167921759 -0.0021250368173950096 0.006000000284984708
v 0.055169173000033656 -0.010973830744312463 0.006000000284984708
v 0.05382789486015449 -0.016328512967335174 0.006000000284984708
v 0.04756808697615966 -0.009461881133314143 0.006000000284984708
v 0.046411608039393926 -0.014078807545843675 0.006000000284984708
v 0.04960807272979206 -0.026516066856979714 0.006000000284984708
v 0.05196822604013551 -0.02152594477853098 0.006000000284984708
v 0.04749886929098723 -0.02540809752029638 0.006000000284984708
v 0.04749886929098723 -0.027091904973319814 0.006000000284984708
v 0.04766633450890234 -0.026250001246808097 0.006000000284984708
v 0.04480816100278506 -0.018560147213346756 0.006000000284984708
v 0.04702197107497641 -0.02469436572064887 0.006000000284984708
v 0.04630824118267762 -0.024217465597289323 0.006000000284984708
v 0.04702197107497641 -0.027805636772967324 0.006000000284984708
v 0.046770166711209704 -0.03125082736629259 0.006000000284984708
v 0.04630824118267762 -0.02828253689632687 0.006000000284984708
v 0.045466337456165906 -0.024050000379374215 0.006000000284984708
v 0.04277318394690033 -0.022862742556258864 0.006000000284984708
v 0.04462443372965419 -0.024217465597289323 0.006000000284984708
v 0.043910700022657956 -0.02469436572064887 0.006000000284984708
v 0.04343380180664713 -0.02540809752029638 0.006000000284984708
v 0.04032627678722145 -0.02694515737723835 0.006000000284984708
v 0.043266336588732024 -0.026250001246808097 0.006000000284984708
v 0.043910700022657956 -0.027805636772967324 0.006000000284984708
v 0.04343380180664713 -0.027091904973319814 0.006000000284984708
v 0.037491010539272285 -0.03076807549704963 0.006000000284984708
v 0.03853732101377405 -0.03570889451834702 0.006000000284984708
v 0.04348184029159485 -0.035684625413190396 0.006000000284984708
v 0.045466337456165906 -0.02845000211424198 0.006000000284984708
v 0.04462443372965419 -0.02828253689632687 0.006000000284984708
v 0.03788847531034811 -0.035275350338819234 0.006000000284984708
v 0.03897086519330184 -0.03635774022177296 0.006000000284984708
v 0.03912310976840416 -0.03712310967340926 0.006000000284984708
v 0.03635774022177296 -0.035275350338819234 0.006000000284984708
v 0.034294679363284786 -0.034294679363284786 0.006000000284984708
v 0.03712310967340926 -0.03512310957841436 0.006000000284984708
v 0.035275350338819234 -0.03635774022177296 0.006000000284984708
v 0.03570889451834702 -0.03570889451834702 0.006000000284984708
v 0.03512310957841436 -0.03712310967340926 0.006000000284984708
v 0.03977475927445351 -0.03977475927445351 0.006000000284984708
v 0.03897086519330184 -0.03788847531034811 0.006000000284984708
v 0.03788847531034811 -0.03897086519330184 0.006000000284984708
v 0.03853732101377405 -0.03853732101377405 0.006000000284984708
v 0.03712310967340926 -0.03912310976840416 0.006000000284984708
v 0.03076807549704963 -0.037491010539272285 0.006000000284984708
v 0.035275350338819234 -0.03788847531034811 0.006000000284984708
v 0.03570889451834702 -0.03853732101377405 0.006000000284984708
v 0.03635774022177296 -0.03897086519330184 0.006000000284984708
v 0.035684625413190396 -0.04348184029159485 0.006000000284984708
v 0.028375037587365926 -0.04489693282706986 0.006000000284984708
v 0.03125082736629259 -0.046770166711209704 0.006000000284984708
v 0.0279953779166231 -0.04412706203244632 0.006000000284984708
v 0.02694515737723835 -0.04032627678722145 0.006000000284984708
v 0.02815525760866522 -0.046566335982534124 0.006000000284984708
v 0.0284311803970394 -0.04575349262117223 0.006000000284984708
v 0.027589276670527685 -0.04721171412598091 0.006000000284984708
v 0.026537158319163145 -0.0432851583059346 0.006000000284984708
v 0.027350001680525038 -0.04356107918696006 0.006000000284984708
v 0.02568059852506077 -0.043341299208259354 0.006000000284984708
v 0.026819403968555422 -0.04759137188937501 0.006000000284984708
v 0.026516066856979714 -0.04960807272979206 0.006000000284984708
v 0.025962844174453048 -0.047647512791699764 0.006000000284984708
v 0.022862742556258864 -0.04277318394690033 0.006000000284984708
v 0.024344744884950975 -0.04436633511510024 0.006000000284984708
v 0.02491072582308851 -0.04372095697165346 0.006000000284984708
v 0.024504624576993095 -0.046805612879885494 0.006000000284984708
v 0.02152594477853098 -0.05196822604013551 0.006000000284984708
v 0.025150000813091156 -0.047371591910674304 0.006000000284984708
v 0.024124964906250268 -0.04603573827056451 0.006000000284984708
v 0.018560147213346756 -0.04480816100278506 0.006000000284984708
v 0.024068822096576792 -0.045179178476462134 0.006000000284984708
v 0.014078807545843675 -0.046411608039393926 0.006000000284984708
v 0.016328512967335174 -0.05382789486015449 0.006000000284984708
v 0.010973830744312463 -0.055169173000033656 0.006000000284984708
v 0.009461881133314143 -0.04756808697615966 0.006000000284984708
v 0.00551346423587451 -0.0559791438942181 0.006000000284984708
v 0.004753831612361037 -0.048266462711235025 0.006000000284984708
v 0.0021811789118127145 -0.05221284351391242 0.006000000284984708
v 0.001905256004229236 -0.051400003967247976 0.006000000284984708
v 0.0021250368173950096 -0.053069403308014795 0.006000000284984708
v 6.494492447371453e-18 -0.04850000230362639 0.006000000284984708
v 0.0013392751853009977 -0.05075462582380119 0.006000000284984708
v 0.0017453773850707732 -0.05383927791733578 0.006000000284984708
v 0.0011000000760890555 -0.05440525694812459 0.006000000284984708
v -6.245004810138303e-18 -0.056250002671731636 0.006000000284984708
v 0.0005694019468869063 -0.05037496424570964 0.006000000284984708
v -0.03635774022177296 -0.035275350338819234 0.006000000284984708
v -0.034294679363284786 -0.034294679363284786 0.006000000284984708
v -0.037491010539272285 -0.03076807549704963 0.006000000284984708
v -0.03712310967340926 -0.03512310957841436 0.006000000284984708
v -0.03788847531034811 -0.035275350338819234 0.006000000284984708
v -0.03570889451834702 -0.03570889451834702 0.006000000284984708
v -0.04032627678722145 -0.02694515737723835 0.006000000284984708
v -0.04412706203244632 -0.0279953779166231 0.006000000284984708
v -0.04372095697165346 -0.02491072582308851 0.006000000284984708
v -0.043341299208259354 -0.02568059852506077 0.006000000284984708
v -0.04277318394690033 -0.022862742556258864 0.006000000284984708
v -0.04436633511510024 -0.024344744884950975 0.006000000284984708
v -0.04356107918696006 -0.027350001680525038 0.006000000284984708
v -0.0432851583059346 -0.026537158319163145 0.006000000284984708
v -0.03853732101377405 -0.03570889451834702 0.006000000284984708
v -0.035275350338819234 -0.03635774022177296 0.006000000284984708
v -0.03512310957841436 -0.03712310967340926 0.006000000284984708
v -0.035275350338819234 -0.03788847531034811 0.006000000284984708
v -0.03570889451834702 -0.03853732101377405 0.006000000284984708
v -0.03076807549704963 -0.037491010539272285 0.006000000284984708
v -0.03605891589727683 -0.04317194952980552 0.006000000284984708
v -0.0416992359893964 -0.03775230587028666 0.006000000284984708
v -0.03912310976840416 -0.03712310967340926 0.006000000284984708
v -0.03897086519330184 -0.03635774022177296 0.006000000284984708
v -0.04422323818447538 -0.034761586886682405 0.006000000284984708
v -0.03897086519330184 -0.03788847531034811 0.006000000284984708
v -0.038973398152406524 -0.04056028940209622 0.006000000284984708
v -0.03853732101377405 -0.03853732101377405 0.006000000284984708
v -0.046411608039393926 -0.014078807545843675 0.006000000284984708
v -0.050750002410495654 -0.023627316643477503 0.006000000284984708
v -0.04480816100278506 -0.018560147213346756 0.006000000284984708
v -0.045179178476462134 -0.024068822096576792 0.006000000284984708
v -0.04603573827056451 -0.024124964906250268 0.006000000284984708
v -0.046805612879885494 -0.024504624576993095 0.006000000284984708
v -0.048266462711235025 -0.004753831612361037 0.006000000284984708
v -0.050000002374872565 -0.0010000000474974513 0.006000000284984708
v -0.050750002410495654 -0.0010000000474974513 0.006000000284984708
v -0.04756808697615966 -0.009461881133314143 0.006000000284984708
v -0.047371591910674304 -0.025150000813091156 0.006000000284984708
v -0.04489693282706986 -0.028375037587365926 0.006000000284984708
v -0.04575349262117223 -0.0284311803970394 0.006000000284984708
v -0.046533186261721315 -0.031602616857488997 0.006000000284984708
v -0.046566335982534124 -0.02815525760866522 0.006000000284984708
v -0.04861790315761505 -0.02829067746067837 0.006000000284984708
v -0.047647512791699764 -0.025962844174453048 0.006000000284984708
v -0.050467291368014866 -0.024841803776968208 0.006000000284984708
v -0.04721171412598091 -0.027589276670527685 0.006000000284984708
v -0.04759137188937501 -0.026819403968555422 0.006000000284984708
v -0.0011000000760890555 -0.050594748039107795 0.006000000284984708
v -0.004753831612361037 -0.048266462711235025 0.006000000284984708
v -0.0017453773850707732 -0.051160727069896605 0.006000000284984708
v -0.000287157638599201 -0.05031882334338489 0.006000000284984708
v -0.0078032025228844115 -0.05570612981264711 0.006000000284984708
v -0.009461881133314143 -0.04756808697615966 0.006000000284984708
v -0.024050000379374215 -0.045466337456165906 0.006000000284984708
v -0.018560147213346756 -0.04480816100278506 0.006000000284984708
v -0.022862742556258864 -0.04277318394690033 0.006000000284984708
v -0.024217465597289323 -0.04630824118267762 0.006000000284984708
v -0.024217465597289323 -0.04462443372965419 0.006000000284984708
v -0.014078807545843675 -0.046411608039393926 0.006000000284984708
v -0.0191786393691884 -0.05287951148380987 0.006000000284984708
v -0.01165756853161004 -0.055028753987016454 0.006000000284984708
v -0.022808940063469008 -0.051418043671473956 0.006000000284984708
v -0.0021250368173950096 -0.05193060167921759 0.006000000284984708
v -0.0013392751853009977 -0.054245379163431195 0.006000000284984708
v -0.001905256004229236 -0.05360000101998441 0.006000000284984708
v -0.0039110664794821115 -0.05611387137864465 0.006000000284984708
v 0.000287157638599201 -0.0546811816438475 0.006000000284984708
v -0.0005694019468869063 -0.054625040741522746 0.006000000284984708
v -0.015455508012539587 -0.05408502454155695 0.006000000284984708
v -0.0021811789118127145 -0.052787161473319966 0.006000000284984708
v -0.026250001246808097 -0.043266336588732024 0.006000000284984708
v -0.02540809752029638 -0.04343380180664713 0.006000000284984708
v -0.02694515737723835 -0.04032627678722145 0.006000000284984708
v -0.027091904973319814 -0.04343380180664713 0.006000000284984708
v -0.02469436572064887 -0.043910700022657956 0.006000000284984708
v -0.027805636772967324 -0.043910700022657956 0.006000000284984708
v -0.03635774022177296 -0.03897086519330184 0.006000000284984708
v -0.03712310967340926 -0.03912310976840416 0.006000000284984708
v -0.03788847531034811 -0.03897086519330184 0.006000000284984708
v -0.03296989978986309 -0.04557464816077328 0.006000000284984708
v -0.02469436572064887 -0.04702197107497641 0.006000000284984708
v -0.02540809752029638 -0.04749886929098723 0.006000000284984708
v -0.02632883959894139 -0.04970769736831304 0.006000000284984708
v -0.026250001246808097 -0.04766633450890234 0.006000000284984708
v -0.027091904973319814 -0.04749886929098723 0.006000000284984708
v -0.029721299629459352 -0.04775675046778671 0.006000000284984708
v -0.02845000211424198 -0.045466337456165906 0.006000000284984708
v -0.02828253689632687 -0.04462443372965419 0.006000000284984708
v -0.027805636772967324 -0.04702197107497641 0.006000000284984708
v -0.02828253689632687 -0.04630824118267762 0.006000000284984708
v -0.04462443372965419 0.024217465597289323 0.006000000284984708
v -0.04462443372965419 0.024217465597289323 0.0
v -0.045466337456165906 0.024050000379374215 0.0
v -0.04343380180664713 0.02540809752029638 0.006000000284984708
v -0.04343380180664713 0.02540809752029638 0.0
v -0.043910700022657956 0.02469436572064887 0.0
v -0.043910700022657956 0.02469436572064887 0.006000000284984708
v -0.045466337456165906 0.024050000379374215 0.006000000284984708
v -0.043266336588732024 0.026250001246808097 0.006000000284984708
v -0.043266336588732024 0.026250001246808097 0.0
v -0.043910700022657956 0.027805636772967324 0.006000000284984708
v -0.043910700022657956 0.027805636772967324 0.0
v -0.04343380180664713 0.027091904973319814 0.0
v -0.045466337456165906 0.02845000211424198 0.006000000284984708
v -0.045466337456165906 0.02845000211424198 0.0
v -0.04462443372965419 0.02828253689632687 0.0
v -0.04462443372965419 0.02828253689632687 0.006000000284984708
v -0.04343380180664713 0.027091904973319814 0.006000000284984708
v -0.04630824118267762 0.02828253689632687 0.006000000284984708
v -0.04630824118267762 0.02828253689632687 0.0
v -0.045466337456165906 0.02845000211424198 0.0
v -0.04749886929098723 0.027091904973319814 0.006000000284984708
v -0.04749886929098723 0.027091904973319814 0.0
v -0.04702197107497641 0.027805636772967324 0.0
v -0.04702197107497641 0.027805636772967324 0.006000000284984708
v -0.045466337456165906 0.02845000211424198 0.006000000284984708
v -0.04766633450890234 0.026250001246808097 0.006000000284984708
v -0.04766633450890234 0.026250001246808097 0.0
v -0.04702197107497641 0.02469436572064887 0.006000000284984708
v -0.04702197107497641 0.02469436572064887 0.0
v -0.04749886929098723 0.02540809752029638 0.0
v -0.045466337456165906 0.024050000379374215 0.006000000284984708
v -0.045466337456165906 0.024050000379374215 0.0
v -0.04630824118267762 0.024217465597289323 0.0
v -0.04630824118267762 0.024217465597289323 0.006000000284984708
v -0.04749886929098723 0.02540809752029638 0.006000000284984708
v -0.024217465597289323 -0.04462443372965419 0.006000000284984708
v -0.024217465597289323 -0.04462443372965419 0.0
v -0.024050000379374215 -0.045466337456165906 0.0
v -0.02540809752029638 -0.04343380180664713 0.006000000284984708
v -0.02540809752029638 -0.04343380180664713 0.0
v -0.02469436572064887 -0.043910700022657956 0.0
v -0.02469436572064887 -0.043910700022657956 0.006000000284984708
v -0.024050000379374215 -0.045466337456165906 0.006000000284984708
v -0.026250001246808097 -0.043266336588732024 0.006000000284984708
v -0.026250001246808097 -0.043266336588732024 0.0
v -0.027805636772967324 -0.043910700022657956 0.006000000284984708
v -0.027805636772967324 -0.043910700022657956 0.0
v -0.027091904973319814 -0.04343380180664713 0.0
v -0.02845000211424198 -0.045466337456165906 0.006000000284984708
v -0.02845000211424198 -0.045466337456165906 0.0
v -0.02828253689632687 -0.04462443372965419 0.0
v -0.02828253689632687 -0.04462443372965419 0.006000000284984708
v -0.027091904973319814 -0.04343380180664713 0.006000000284984708
v -0.02828253689632687 -0.04630824118267762 0.006000000284984708
v -0.02828253689632687 -0.04630824118267762 0.0
v -0.02845000211424198 -0.045466337456165906 0.0
v -0.027091904973319814 -0.04749886929098723 0.006000000284984708
v -0.027091904973319814 -0.04749886929098723 0.0
v -0.027805636772967324 -0.04702197107497641 0.0
v -0.027805636772967324 -0.04702197107497641 0.006000000284984708
v -0.02845000211424198 -0.045466337456165906 0.006000000284984708
v -0.026250001246808097 -0.04766633450890234 0.006000000284984708
v -0.026250001246808097 -0.04766633450890234 0.0
v -0.02469436572064887 -0.04702197107497641 0.006000000284984708
v -0.02469436572064887 -0.04702197107497641 0.0
v -0.02540809752029638 -0.04749886929098723 0.0
v -0.024050000379374215 -0.045466337456165906 0.006000000284984708
v -0.024050000379374215 -0.045466337456165906 0.0
v -0.024217465597289323 -0.04630824118267762 0.0
v -0.024217465597289323 -0.04630824118267762 0.006000000284984708
v -0.02540809752029638 -0.04749886929098723 0.006000000284984708
v 0.0013392751853009977 -0.05075462582380119 0.006000000284984708
v 0.0013392751853009977 -0.05075462582380119 0.0
v 0.001905256004229236 -0.051400003967247976 0.0
v -0.000287157638599201 -0.05031882334338489 0.006000000284984708
v -0.000287157638599201 -0.05031882334338489 0.0
v 0.0005694019468869063 -0.05037496424570964 0.0
v 0.0005694019468869063 -0.05037496424570964 0.006000000284984708
v 0.001905256004229236 -0.051400003967247976 0.006000000284984708
v -0.0011000000760890555 -0.050594748039107795 0.006000000284984708
v -0.0011000000760890555 -0.050594748039107795 0.0
v -0.0021250368173950096 -0.05193060167921759 0.006000000284984708
v -0.0021250368173950096 -0.05193060167921759 0.0
v -0.0017453773850707732 -0.051160727069896605 0.0
v -0.001905256004229236 -0.05360000101998441 0.006000000284984708
v -0.001905256004229236 -0.05360000101998441 0.0
v -0.0021811789118127145 -0.052787161473319966 0.0
v -0.0021811789118127145 -0.052787161473319966 0.006000000284984708
v -0.0017453773850707732 -0.051160727069896605 0.006000000284984708
v -0.0013392751853009977 -0.054245379163431195 0.006000000284984708
v -0.0013392751853009977 -0.054245379163431195 0.0
v 0.000287157638599201 -0.0546811816438475 0.006000000284984708
v 0.000287157638599201 -0.0546811816438475 0.0
v -0.0005694019468869063 -0.054625040741522746 0.0
v -0.0005694019468869063 -0.054625040741522746 0.006000000284984708
v 0.0011000000760890555 -0.05440525694812459 0.006000000284984708
v 0.0011000000760890555 -0.05440525694812459 0.0
v 0.0021250368173950096 -0.053069403308014795 0.006000000284984708
v 0.0021250368173950096 -0.053069403308014795 0.0
v 0.0017453773850707732 -0.05383927791733578 0.0
v 0.0021811789118127145 -0.05221284351391242 0.0
v 0.0021811789118127145 -0.05221284351391242 0.006000000284984708
v 0.0017453773850707732 -0.05383927791733578 0.006000000284984708
v 0.026537158319163145 -0.0432851583059346 0.006000000284984708
v 0.026537158319163145 -0.0432851583059346 0.0
v 0.027350001680525038 -0.04356107918696006 0.0
v 0.02491072582308851 -0.04372095697165346 0.006000000284984708
v 0.02491072582308851 -0.04372095697165346 0.0
v 0.02568059852506077 -0.043341299208259354 0.0
v 0.02568059852506077 -0.043341299208259354 0.006000000284984708
v 0.027350001680525038 -0.04356107918696006 0.006000000284984708
v 0.024344744884950975 -0.04436633511510024 0.006000000284984708
v 0.024344744884950975 -0.04436633511510024 0.0
v 0.024124964906250268 -0.04603573827056451 0.006000000284984708
v 0.024124964906250268 -0.04603573827056451 0.0
v 0.024068822096576792 -0.045179178476462134 0.0
v 0.025150000813091156 -0.047371591910674304 0.006000000284984708
v 0.025150000813091156 -0.047371591910674304 0.0
v 0.024504624576993095 -0.046805612879885494 0.0
v 0.024504624576993095 -0.046805612879885494 0.006000000284984708
v 0.024068822096576792 -0.045179178476462134 0.006000000284984708
v 0.025962844174453048 -0.047647512791699764 0.006000000284984708
v 0.025962844174453048 -0.047647512791699764 0.0
v 0.027589276670527685 -0.04721171412598091 0.006000000284984708
v 0.027589276670527685 -0.04721171412598091 0.0
v 0.026819403968555422 -0.04759137188937501 0.0
v 0.026819403968555422 -0.04759137188937501 0.006000000284984708
v 0.02815525760866522 -0.046566335982534124 0.006000000284984708
v 0.02815525760866522 -0.046566335982534124 0.0
v 0.028375037587365926 -0.04489693282706986 0.006000000284984708
v 0.028375037587365926 -0.04489693282706986 0.0
v 0.0284311803970394 -0.04575349262117223 0.0
v 0.0279953779166231 -0.04412706203244632 0.0
v 0.0279953779166231 -0.04412706203244632 0.006000000284984708
v 0.0284311803970394 -0.04575349262117223 0.006000000284984708
v 0.04462443372965419 -0.024217465597289323 0.006000000284984708
v 0.04462443372965419 -0.024217465597289323 0.0
v 0.045466337456165906 -0.024050000379374215 0.0
v 0.04343380180664713 -0.02540809752029638 0.006000000284984708
v 0.04343380180664713 -0.02540809752029638 0.0
v 0.043910700022657956 -0.02469436572064887 0.0
v 0.043910700022657956 -0.02469436572064887 0.006000000284984708
v 0.045466337456165906 -0.024050000379374215 0.006000000284984708
v 0.043266336588732024 -0.026250001246808097 0.006000000284984708
v 0.043266336588732024 -0.026250001246808097 0.0
v 0.043910700022657956 -0.027805636772967324 0.006000000284984708
v 0.043910700022657956 -0.027805636772967324 0.0
v 0.04343380180664713 -0.027091904973319814 0.0
v 0.045466337456165906 -0.02845000211424198 0.006000000284984708
v 0.045466337456165906 -0.02845000211424198 0.0
v 0.04462443372965419 -0.02828253689632687 0.0
v 0.04462443372965419 -0.02828253689632687 0.006000000284984708
v 0.04343380180664713 -0.027091904973319814 0.006000000284984708
v 0.04630824118267762 -0.02828253689632687 0.006000000284984708
v 0.04630824118267762 -0.02828253689632687 0.0
v 0.045466337456165906 -0.02845000211424198 0.0
v 0.04749886929098723 -0.027091904973319814 0.006000000284984708
v 0.04749886929098723 -0.027091904973319814 0.0
v 0.04702197107497641 -0.027805636772967324 0.0
v 0.04702197107497641 -0.027805636772967324 0.006000000284984708
v 0.045466337456165906 -0.02845000211424198 0.006000000284984708
v 0.04766633450890234 -0.026250001246808097 0.006000000284984708
v 0.04766633450890234 -0.026250001246808097 0.0
v 0.04702197107497641 -0.02469436572064887 0.006000000284984708
v 0.04702197107497641 -0.02469436572064887 0.0
v 0.04749886929098723 -0.02540809752029638 0.0
v 0.045466337456165906 -0.024050000379374215 0.006000000284984708
v 0.045466337456165906 -0.024050000379374215 0.0
v 0.04630824118267762 -0.024217465597289323 0.0
v 0.04630824118267762 -0.024217465597289323 0.006000000284984708
v 0.04749886929098723 -0.02540809752029638 0.006000000284984708
v 0.05075462582380119 0.0013392751853009977 0.006000000284984708
v 0.05075462582380119 0.0013392751853009977 0.0
v 0.051400003967247976 0.001905256004229236 0.0
v 0.05031882334338489 -0.000287157638599201 0.006000000284984708
v 0.05031882334338489 -0.000287157638599201 0.0
v 0.05037496424570964 0.0005694019468869063 0.0
v 0.05037496424570964 0.0005694019468869063 0.006000000284984708
v 0.051400003967247976 0.001905256004229236 0.006000000284984708
v 0.050594748039107795 -0.0011000000760890555 0.006000000284984708
v 0.050594748039107795 -0.0011000000760890555 0.0
v 0.05193060167921759 -0.0021250368173950096 0.006000000284984708
v 0.05193060167921759 -0.0021250368173950096 0.0
v 0.051160727069896605 -0.0017453773850707732 0.0
v 0.05360000101998441 -0.001905256004229236 0.006000000284984708
v 0.05360000101998441 -0.001905256004229236 0.0
v 0.052787161473319966 -0.0021811789118127145 0.0
v 0.052787161473319966 -0.0021811789118127145 0.006000000284984708
v 0.051160727069896605 -0.0017453773850707732 0.006000000284984708
v 0.054245379163431195 -0.0013392751853009977 0.006000000284984708
v 0.054245379163431195 -0.0013392751853009977 0.0
v 0.0546811816438475 0.000287157638599201 0.006000000284984708
v 0.0546811816438475 0.000287157638599201 0.0
v 0.054625040741522746 -0.0005694019468869063 0.0
v 0.054625040741522746 -0.0005694019468869063 0.006000000284984708
v 0.05440525694812459 0.0011000000760890555 0.006000000284984708
v 0.05440525694812459 0.0011000000760890555 0.0
v 0.053069403308014795 0.0021250368173950096 0.006000000284984708
v 0.053069403308014795 0.0021250368173950096 0.0
v 0.05383927791733578 0.0017453773850707732 0.0
v 0.05221284351391242 0.0021811789118127145 0.0
v 0.05221284351391242 0.0021811789118127145 0.006000000284984708
v 0.05383927791733578 0.0017453773850707732 0.006000000284984708
v 0.0432851583059346 0.026537158319163145 0.006000000284984708
v 0.0432851583059346 0.026537158319163145 0.0
v 0.04356107918696006 0.027350001680525038 0.0
v 0.04372095697165346 0.02491072582308851 0.006000000284984708
v 0.04372095697165346 0.02491072582308851 0.0
v 0.043341299208259354 0.02568059852506077 0.0
v 0.043341299208259354 0.02568059852506077 0.006000000284984708
v 0.04356107918696006 0.027350001680525038 0.006000000284984708
v 0.04436633511510024 0.024344744884950975 0.006000000284984708
v 0.04436633511510024 0.024344744884950975 0.0
v 0.04603573827056451 0.024124964906250268 0.006000000284984708
v 0.04603573827056451 0.024124964906250268 0.0
v 0.045179178476462134 0.024068822096576792 0.0
v 0.047371591910674304 0.025150000813091156 0.006000000284984708
v 0.047371591910674304 0.025150000813091156 0.0
v 0.046805612879885494 0.024504624576993095 0.0
v 0.046805612879885494 0.024504624576993095 0.006000000284984708
v 0.045179178476462134 0.024068822096576792 0.006000000284984708
v 0.047647512791699764 0.025962844174453048 0.006000000284984708
v 0.047647512791699764 0.025962844174453048 0.0
v 0.04721171412598091 0.027589276670527685 0.006000000284984708
v 0.04721171412598091 0.027589276670527685 0.0
v 0.04759137188937501 0.026819403968555422 0.0
v 0.04759137188937501 0.026819403968555422 0.006000000284984708
v 0.046566335982534124 0.02815525760866522 0.006000000284984708
v 0.046566335982534124 0.02815525760866522 0.0
v 0.04489693282706986 0.028375037587365926 0.006000000284984708
v 0.04489693282706986 0.028375037587365926 0.0
v 0.04575349262117223 0.0284311803970394 0.0
v 0.04412706203244632 0.0279953779166231 0.0
v 0.04412706203244632 0.0279953779166231 0.006000000284984708
v 0.04575349262117223 0.0284311803970394 0.006000000284984708
v 0.024217465597289323 0.04462443372965419 0.006000000284984708
v 0.024217465597289323 0.04462443372965419 0.0
v 0.024050000379374215 0.045466337456165906 0.0
v 0.02540809752029638 0.04343380180664713 0.006000000284984708
v 0.02540809752029638 0.04343380180664713 0.0
v 0.02469436572064887 0.043910700022657956 0.0
v 0.02469436572064887 0.043910700022657956 0.006000000284984708
v 0.024050000379374215 0.045466337456165906 0.006000000284984708
v 0.026250001246808097 0.043266336588732024 0.006000000284984708
v 0.026250001246808097 0.043266336588732024 0.0
v 0.027805636772967324 0.043910700022657956 0.006000000284984708
v 0.027805636772967324 0.043910700022657956 0.0
v 0.027091904973319814 0.04343380180664713 0.0
v 0.02845000211424198 0.045466337456165906 0.006000000284984708
v 0.02845000211424198 0.045466337456165906 0.0
v 0.02828253689632687 0.04462443372965419 0.0
v 0.02828253689632687 0.04462443372965419 0.006000000284984708
v 0.027091904973319814 0.04343380180664713 0.006000000284984708
v 0.02828253689632687 0.04630824118267762 0.006000000284984708
v 0.02828253689632687 0.04630824118267762 0.0
v 0.02845000211424198 0.045466337456165906 0.0
v 0.027091904973319814 0.04749886929098723 0.006000000284984708
v 0.027091904973319814 0.04749886929098723 0.0
v 0.027805636772967324 0.04702197107497641 0.0
v 0.027805636772967324 0.04702197107497641 0.006000000284984708
v 0.02845000211424198 0.045466337456165906 0.006000000284984708
v 0.026250001246808097 0.04766633450890234 0.006000000284984708
v 0.026250001246808097 0.04766633450890234 0.0
v 0.02469436572064887 0.04702197107497641 0.006000000284984708
v 0.02469436572064887 0.04702197107497641 0.0
v 0.02540809752029638 0.04749886929098723 0.0
v 0.024050000379374215 0.045466337456165906 0.006000000284984708
v 0.024050000379374215 0.045466337456165906 0.0
v 0.024217465597289323 0.04630824118267762 0.0
v 0.024217465597289323 0.04630824118267762 0.006000000284984708
v 0.02540809752029638 0.04749886929098723 0.006000000284984708
v -0.0013392751853009977 0.05075462582380119 0.006000000284984708
v -0.0013392751853009977 0.05075462582380119 0.0
v -0.001905256004229236 0.051400003967247976 0.0
v 0.000287157638599201 0.05031882334338489 0.006000000284984708
v 0.000287157638599201 0.05031882334338489 0.0
v -0.0005694019468869063 0.05037496424570964 0.0
v -0.0005694019468869063 0.05037496424570964 0.006000000284984708
v -0.001905256004229236 0.051400003967247976 0.006000000284984708
v 0.0011000000760890555 0.050594748039107795 0.006000000284984708
v 0.0011000000760890555 0.050594748039107795 0.0
v 0.0021250368173950096 0.05193060167921759 0.006000000284984708
v 0.0021250368173950096 0.05193060167921759 0.0
v 0.0017453773850707732 0.051160727069896605 0.0
v 0.001905256004229236 0.05360000101998441 0.006000000284984708
v 0.001905256004229236 0.05360000101998441 0.0
v 0.0021811789118127145 0.052787161473319966 0.0
v 0.0021811789118127145 0.052787161473319966 0.006000000284984708
v 0.0017453773850707732 0.051160727069896605 0.006000000284984708
v 0.0013392751853009977 0.054245379163431195 0.006000000284984708
v 0.0013392751853009977 0.054245379163431195 0.0
v -0.000287157638599201 0.0546811816438475 0.006000000284984708
v -0.000287157638599201 0.0546811816438475 0.0
v 0.0005694019468869063 0.054625040741522746 0.0
v 0.0005694019468869063 0.054625040741522746 0.006000000284984708
v -0.0011000000760890555 0.05440525694812459 0.006000000284984708
v -0.0011000000760890555 0.05440525694812459 0.0
v -0.0021250368173950096 0.053069403308014795 0.006000000284984708
v -0.0021250368173950096 0.053069403308014795 0.0
v -0.0017453773850707732 0.05383927791733578 0.0
v -0.0021811789118127145 0.05221284351391242 0.0
v -0.0021811789118127145 0.05221284351391242 0.006000000284984708
v -0.0017453773850707732 0.05383927791733578 0.006000000284984708
v -0.026537158319163145 0.0432851583059346 0.006000000284984708
v -0.026537158319163145 0.0432851583059346 0.0
v -0.027350001680525038 0.04356107918696006 0.0
v -0.02491072582308851 0.04372095697165346 0.006000000284984708
v -0.02491072582308851 0.04372095697165346 0.0
v -0.02568059852506077 0.043341299208259354 0.0
v -0.02568059852506077 0.043341299208259354 0.006000000284984708
v -0.027350001680525038 0.04356107918696006 0.006000000284984708
v -0.024344744884950975 0.04436633511510024 0.006000000284984708
v -0.024344744884950975 0.04436633511510024 0.0
v -0.024124964906250268 0.04603573827056451 0.006000000284984708
v -0.024124964906250268 0.04603573827056451 0.0
v -0.024068822096576792 0.045179178476462134 0.0
v -0.025150000813091156 0.047371591910674304 0.006000000284984708
v -0.025150000813091156 0.047371591910674304 0.0
v -0.024504624576993095 0.046805612879885494 0.0
v -0.024504624576993095 0.046805612879885494 0.006000000284984708
v -0.024068822096576792 0.045179178476462134 0.006000000284984708
v -0.025962844174453048 0.047647512791699764 0.006000000284984708
v -0.025962844174453048 0.047647512791699764 0.0
v -0.027589276670527685 0.04721171412598091 0.006000000284984708
v -0.027589276670527685 0.04721171412598091 0.0
v -0.026819403968555422 0.04759137188937501 0.0
v -0.026819403968555422 0.04759137188937501 0.006000000284984708
v -0.02815525760866522 0.046566335982534124 0.006000000284984708
v -0.02815525760866522 0.046566335982534124 0.0
v -0.028375037587365926 0.04489693282706986 0.006000000284984708
v -0.028375037587365926 0.04489693282706986 0.0
v -0.0284311803970394 0.04575349262117223 0.0
v -0.0279953779166231 0.04412706203244632 0.0
v -0.0279953779166231 0.04412706203244632 0.006000000284984708
v -0.0284311803970394 0.04575349262117223 0.006000000284984708
v -0.0432851583059346 -0.026537158319163145 0.006000000284984708
v -0.0432851583059346 -0.026537158319163145 0.0
v -0.04356107918696006 -0.027350001680525038 0.0
v -0.04372095697165346 -0.02491072582308851 0.006000000284984708
v -0.04372095697165346 -0.02491072582308851 0.0
v -0.043341299208259354 -0.02568059852506077 0.0
v -0.043341299208259354 -0.02568059852506077 0.006000000284984708
v -0.04356107918696006 -0.027350001680525038 0.006000000284984708
v -0.04436633511510024 -0.024344744884950975 0.006000000284984708
v -0.04436633511510024 -0.024344744884950975 0.0
v -0.04603573827056451 -0.024124964906250268 0.006000000284984708
v -0.04603573827056451 -0.024124964906250268 0.0
v -0.045179178476462134 -0.024068822096576792 0.0
v -0.047371591910674304 -0.025150000813091156 0.006000000284984708
v -0.047371591910674304 -0.025150000813091156 0.0
v -0.046805612879885494 -0.024504624576993095 0.0
v -0.046805612879885494 -0.024504624576993095 0.006000000284984708
v -0.045179178476462134 -0.024068822096576792 0.006000000284984708
v -0.047647512791699764 -0.025962844174453048 0.006000000284984708
v -0.047647512791699764 -0.025962844174453048 0.0
v -0.04721171412598091 -0.027589276670527685 0.006000000284984708
v -0.04721171412598091 -0.027589276670527685 0.0
v -0.04759137188937501 -0.026819403968555422 0.0
v -0.04759137188937501 -0.026819403968555422 0.006000000284984708
v -0.046566335982534124 -0.02815525760866522 0.006000000284984708
v -0.046566335982534124 -0.02815525760866522 0.0
v -0.04489693282706986 -0.028375037587365926 0.006000000284984708
v -0.04489693282706986 -0.028375037587365926 0.0
v -0.04575349262117223 -0.0284311803970394 0.0
v -0.04412706203244632 -0.0279953779166231 0.0
v -0.04412706203244632 -0.0279953779166231 0.006000000284984708
v -0.04575349262117223 -0.0284311803970394 0.006000000284984708
v -0.05100000242237002 0.023627316643477503 0.005750000273110345
v -0.050750002410495654 0.023627316643477503 0.006000000284984708
v -0.050467291368014866 0.024841803776968208 0.006000000284984708
v -0.05069159176319005 0.024952212565171328 0.005750000273110345
v -0.05100000242237002 0.023627316643477503 0.005750000273110345
v -0.05100000242237002 0.0010000000474974513 0.005750000273110345
v -0.050750002410495654 0.0010000000474974513 0.006000000284984708
v -0.050750002410495654 0.023627316643477503 0.006000000284984708
v -0.05100000242237002 0.023627316643477503 0.005750000273110345
v -0.05100000242237002 0.023627316643477503 0.0002500000118743628
v -0.05100000242237002 0.0010000000474974513 0.0002500000118743628
v -0.05100000242237002 0.0010000000474974513 0.005750000273110345
v -0.05100000242237002 0.023627316643477503 0.0002500000118743628
v -0.05100000242237002 0.023627316643477503 0.005750000273110345
v -0.05069159176319005 0.024952212565171328 0.005750000273110345
v -0.05069159176319005 0.024952212565171328 0.0002500000118743628
v -0.05069159176319005 0.024952212565171328 0.0002500000118743628
v -0.050467291368014866 0.024841803776968208 0.0
v -0.05100000242237002 0.023627316643477503 0.0002500000118743628
v -0.050750002410495654 0.023627316643477503 0.0
v -0.05100000242237002 0.023627316643477503 0.0002500000118743628
v -0.050750002410495654 0.0010000000474974513 -1.734723558371751e-18
v -0.05100000242237002 0.0010000000474974513 0.0002500000118743628
v -0.050750002410495654 0.023627316643477503 0.0
v -0.05100000242237002 0.0010000000474974513 0.005750000273110345
v -0.050750002410495654 0.0010000000474974513 -1.734723558371751e-18
v -0.050750002410495654 0.0010000000474974513 0.006000000284984708
v -0.050000002374872565 0.0010000000474974513 0.006000000284984708
v -0.050000002374872565 0.0010000000474974513 -1.734723558371751e-18
v -0.05100000242237002 0.0010000000474974513 0.0002500000118743628
v -0.050000002374872565 -0.0010000000474974513 0.006000000284984708
v -0.050000002374872565 0.0010000000474974513 0.006000000284984708
v -0.050000002374872565 0.0010000000474974513 -1.734723558371751e-18
v -0.050000002374872565 -0.0010000000474974513 -1.734723558371751e-18
v -0.05100000242237002 -0.0010000000474974513 0.0002500000118743628
v -0.05100000242237002 -0.0010000000474974513 0.005750000273110345
v -0.050750002410495654 -0.0010000000474974513 0.0
v -0.050000002374872565 -0.0010000000474974513 -1.734723558371751e-18
v -0.050750002410495654 -0.0010000000474974513 0.006000000284984708
v -0.050000002374872565 -0.0010000000474974513 0.006000000284984708
v -0.05100000242237002 -0.023627316643477503 0.005750000273110345
v -0.05100000242237002 -0.0010000000474974513 0.0002500000118743628
v -0.05100000242237002 -0.023627316643477503 0.0002500000118743628
v -0.05100000242237002 -0.0010000000474974513 0.005750000273110345
v -0.05069159176319005 -0.024952212565171328 0.005750000273110345
v -0.05100000242237002 -0.023627316643477503 0.005750000273110345
v -0.05100000242237002 -0.023627316643477503 0.0002500000118743628
v -0.05069159176319005 -0.024952212565171328 0.0002500000118743628
v -0.05100000242237002 -0.023627316643477503 0.0002500000118743628
v -0.050750002410495654 -0.023627316643477503 0.0
v -0.050467291368014866 -0.024841803776968208 0.0
v -0.05069159176319005 -0.024952212565171328 0.0002500000118743628
v -0.050750002410495654 -0.0010000000474974513 0.0
v -0.050750002410495654 -0.023627316643477503 0.0
v -0.05100000242237002 -0.023627316643477503 0.0002500000118743628
v -0.05100000242237002 -0.0010000000474974513 0.0002500000118743628
v -0.04441978665572499 -0.034916085947975795 0.0002500000118743628
v -0.046533186261721315 -0.031602616857488997 0.0
v -0.04422323818447538 -0.034761586886682405 0.0
v -0.046740000083800304 -0.03174307211013194 0.0002500000118743628
v -0.04861790315761505 -0.02829067746067837 0.0
v -0.04883398287979235 -0.028416413703222787 0.0002500000118743628
v -0.0416992359893964 -0.03775230587028666 0.0
v -0.041884565435454935 -0.03792009533748475 0.0002500000118743628
v -0.03621917896641236 -0.04336382499668279 0.0002500000118743628
v -0.038973398152406524 -0.04056028940209622 0.0
v -0.03605891589727683 -0.04317194952980552 0.0
v -0.03914661211937398 -0.04074055674464283 0.0002500000118743628
v -0.03311643376288753 -0.04577720096580418 0.0002500000118743628
v -0.03296989978986309 -0.04557464816077328 0.0
v -0.029721299629459352 -0.04775675046778671 0.0
v -0.029853393065298883 -0.04796900404842486 0.0002500000118743628
v -0.019263878783637445 -0.0531145311788106 0.0002500000118743628
v -0.0191786393691884 -0.05287951148380987 0.0
v -0.015455508012539587 -0.05408502454155695 0.0
v -0.02291031374076935 -0.05164656693672276 0.0002500000118743628
v -0.022808940063469008 -0.051418043671473956 0.0
v -0.02632883959894139 -0.04970769736831304 0.0
v -0.0039284491020728785 -0.05636326485362497 0.0002500000118743628
v -0.0039110664794821115 -0.05611387137864465 0.0
v -1.3148951309594614e-17 -0.056250002671731636 0.0
v -0.007837883367884935 -0.05595371130634019 0.0002500000118743628
v -0.0078032025228844115 -0.05570612981264711 0.0
v -0.01165756853161004 -0.055028753987016454 0.0
v -0.015524199269464356 -0.05432540388647045 0.0002500000118743628
v -0.01170937975233266 -0.055273325684424 0.0002500000118743628
v -0.026445857350471114 -0.049928617941550346 0.0002500000118743628
v -6.272760387072251e-18 -0.056500002683606 0.0002500000118743628
v -6.272760387072251e-18 -0.056500002683606 0.005750000273110345
v -0.0039284491020728785 -0.05636326485362497 0.005750000273110345
v -0.0039284491020728785 -0.05636326485362497 0.0002500000118743628
v -0.007837883367884935 -0.05595371130634019 0.005750000273110345
v -0.01170937975233266 -0.055273325684424 0.005750000273110345
v -0.01170937975233266 -0.055273325684424 0.0002500000118743628
v -0.007837883367884935 -0.05595371130634019 0.0002500000118743628
v -0.015524199269464356 -0.05432540388647045 0.005750000273110345
v -0.019263878783637445 -0.0531145311788106 0.005750000273110345
v -0.019263878783637445 -0.0531145311788106 0.0002500000118743628
v -0.02291031374076935 -0.05164656693672276 0.005750000273110345
v -0.026445857350471114 -0.049928617941550346 0.005750000273110345
v -0.026445857350471114 -0.049928617941550346 0.0002500000118743628
v -0.02291031374076935 -0.05164656693672276 0.0002500000118743628
v -0.015524199269464356 -0.05432540388647045 0.0002500000118743628
v -6.272760387072251e-18 -0.056500002683606 0.0002500000118743628
v -0.029853393065298883 -0.04796900404842486 0.0002500000118743628
v -0.029853393065298883 -0.04796900404842486 0.005750000273110345
v -0.03311643376288753 -0.04577720096580418 0.005750000273110345
v -0.03311643376288753 -0.04577720096580418 0.0002500000118743628
v -0.03621917896641236 -0.04336382499668279 0.005750000273110345
v -0.03914661211937398 -0.04074055674464283 0.005750000273110345
v -0.03621917896641236 -0.04336382499668279 0.0002500000118743628
v -0.041884565435454935 -0.03792009533748475 0.005750000273110345
v -0.04441978665572499 -0.034916085947975795 0.005750000273110345
v -0.04441978665572499 -0.034916085947975795 0.0002500000118743628
v -0.046740000083800304 -0.03174307211013194 0.005750000273110345
v -0.04883398287979235 -0.028416413703222787 0.005750000273110345
v -0.046740000083800304 -0.03174307211013194 0.0002500000118743628
v -0.041884565435454935 -0.03792009533748475 0.0002500000118743628
v -0.03914661211937398 -0.04074055674464283 0.0002500000118743628
v -0.04883398287979235 -0.028416413703222787 0.0002500000118743628
v -0.0039284491020728785 -0.05636326485362497 0.005750000273110345
v -6.245004810138303e-18 -0.056250002671731636 0.006000000284984708
v -0.0039110664794821115 -0.05611387137864465 0.006000000284984708
v -0.007837883367884935 -0.05595371130634019 0.005750000273110345
v -0.0078032025228844115 -0.05570612981264711 0.006000000284984708
v -0.019263878783637445 -0.0531145311788106 0.005750000273110345
v -0.015455508012539587 -0.05408502454155695 0.006000000284984708
v -0.0191786393691884 -0.05287951148380987 0.006000000284984708
v -0.026445857350471114 -0.049928617941550346 0.005750000273110345
v -0.022808940063469008 -0.051418043671473956 0.006000000284984708
v -0.02632883959894139 -0.04970769736831304 0.006000000284984708
v -0.02291031374076935 -0.05164656693672276 0.005750000273110345
v -0.029853393065298883 -0.04796900404842486 0.005750000273110345
v -6.272760387072251e-18 -0.056500002683606 0.005750000273110345
v -0.01170937975233266 -0.055273325684424 0.005750000273110345
v -0.015524199269464356 -0.05432540388647045 0.005750000273110345
v -0.01165756853161004 -0.055028753987016454 0.006000000284984708
v -0.029721299629459352 -0.04775675046778671 0.006000000284984708
v -0.03296989978986309 -0.04557464816077328 0.006000000284984708
v -0.03605891589727683 -0.04317194952980552 0.006000000284984708
v -0.03621917896641236 -0.04336382499668279 0.005750000273110345
v -0.038973398152406524 -0.04056028940209622 0.006000000284984708
v -0.0416992359893964 -0.03775230587028666 0.006000000284984708
v -0.041884565435454935 -0.03792009533748475 0.005750000273110345
v -0.03914661211937398 -0.04074055674464283 0.005750000273110345
v -0.04422323818447538 -0.034761586886682405 0.006000000284984708
v -0.046533186261721315 -0.031602616857488997 0.006000000284984708
v -0.046740000083800304 -0.03174307211013194 0.005750000273110345
v -0.04861790315761505 -0.02829067746067837 0.006000000284984708
v -0.050467291368014866 -0.024841803776968208 0.006000000284984708
v -0.04883398287979235 -0.028416413703222787 0.005750000273110345
v -0.04441978665572499 -0.034916085947975795 0.005750000273110345
v -0.03311643376288753 -0.04577720096580418 0.005750000273110345
v -0.05069159176319005 -0.024952212565171328 0.005750000273110345
v -0.05100000242237002 -0.023627316643477503 0.005750000273110345
v -0.050750002410495654 -0.023627316643477503 0.006000000284984708
v -0.050750002410495654 -0.0010000000474974513 0.006000000284984708
v -0.05100000242237002 -0.023627316643477503 0.005750000273110345
v -0.050750002410495654 -0.023627316643477503 0.006000000284984708
v -0.05100000242237002 -0.0010000000474974513 0.005750000273110345
v 0.005537968898598478 0.05622793846169927 0.005750000273110345
v -6.589418481366921e-19 0.056250002671731636 0.006000000284984708
v 0.00551346423587451 0.0559791438942181 0.006000000284984708
v 0.010973830744312463 0.055169173000033656 0.006000000284984708
v 0.016328512967335174 0.05382789486015449 0.006000000284984708
v 0.016401085678912075 0.054067129795833946 0.005750000273110345
v 0.026516066856979714 0.04960807272979206 0.006000000284984708
v 0.026633916212552844 0.049828554612822984 0.005750000273110345
v 0.02152594477853098 0.05196822604013551 0.006000000284984708
v 0.021621615483148338 0.05219919452644772 0.005750000273110345
v 0.031389720500331064 0.04697803720448146 0.005750000273110345
v 0.03125082736629259 0.046770166711209704 0.006000000284984708
v 0.035684625413190396 0.04348184029159485 0.006000000284984708
v 0.03584322145954166 0.04367509286425042 0.005750000273110345
v 0.011022603558518695 0.05541437030782248 0.005750000273110345
v 0.03995153616883629 0.03995153616883629 0.005750000273110345
v 0.03977475927445351 0.03977475927445351 0.006000000284984708
v 0.04697803720448146 0.031389720500331064 0.005750000273110345
v 0.04348184029159485 0.035684625413190396 0.006000000284984708
v 0.046770166711209704 0.03125082736629259 0.006000000284984708
v 0.04367509286425042 0.03584322145954166 0.005750000273110345
v 0.049828554612822984 0.026633916212552844 0.005750000273110345
v 0.04960807272979206 0.026516066856979714 0.006000000284984708
v 0.05196822604013551 0.02152594477853098 0.006000000284984708
v 0.05219919452644772 0.021621615483148338 0.005750000273110345
v 0.05382789486015449 0.016328512967335174 0.006000000284984708
v 0.05622793846169927 0.005537968898598478 0.005750000273110345
v 0.0559791438942181 0.00551346423587451 0.006000000284984708
v 0.056250002671731636 -9.68932384627504e-18 0.006000000284984708
v -6.46494380748212e-19 0.056500002683606 0.005750000273110345
v 0.054067129795833946 0.016401085678912075 0.005750000273110345
v 0.05541437030782248 0.011022603558518695 0.005750000273110345
v 0.055169173000033656 0.010973830744312463 0.006000000284984708
v 0.056500002683606 4.106121579369978e-18 0.005750000273110345
v 0.05219919452644772 -0.021621615483148338 0.005750000273110345
v 0.05382789486015449 -0.016328512967335174 0.006000000284984708
v 0.05196822604013551 -0.02152594477853098 0.006000000284984708
v 0.055169173000033656 -0.010973830744312463 0.006000000284984708
v 0.054067129795833946 -0.016401085678912075 0.005750000273110345
v 0.046770166711209704 -0.03125082736629259 0.006000000284984708
v 0.04697803720448146 -0.031389720500331064 0.005750000273110345
v 0.04960807272979206 -0.026516066856979714 0.006000000284984708
v 0.049828554612822984 -0.026633916212552844 0.005750000273110345
v 0.04367509286425042 -0.03584322145954166 0.005750000273110345
v 0.04348184029159485 -0.035684625413190396 0.006000000284984708
v 0.03977475927445351 -0.03977475927445351 0.006000000284984708
v 0.03995153616883629 -0.03995153616883629 0.005750000273110345
v 0.0559791438942181 -0.00551346423587451 0.006000000284984708
v 0.05541437030782248 -0.011022603558518695 0.005750000273110345
v 0.031389720500331064 -0.04697803720448146 0.005750000273110345
v 0.035684625413190396 -0.04348184029159485 0.006000000284984708
v 0.03125082736629259 -0.046770166711209704 0.006000000284984708
v 0.021621615483148338 -0.05219919452644772 0.005750000273110345
v 0.026516066856979714 -0.04960807272979206 0.006000000284984708
v 0.02152594477853098 -0.05196822604013551 0.006000000284984708
v 0.026633916212552844 -0.049828554612822984 0.005750000273110345
v 0.016328512967335174 -0.05382789486015449 0.006000000284984708
v 0.016401085678912075 -0.054067129795833946 0.005750000273110345
v 0.010973830744312463 -0.055169173000033656 0.006000000284984708
v 0.00551346423587451 -0.0559791438942181 0.006000000284984708
v 0.005537968898598478 -0.05622793846169927 0.005750000273110345
v -6.245004810138303e-18 -0.056250002671731636 0.006000000284984708
v 0.03584322145954166 -0.04367509286425042 0.005750000273110345
v 0.011022603558518695 -0.05541437030782248 0.005750000273110345
v 0.05622793846169927 -0.005537968898598478 0.005750000273110345
v -6.272760387072251e-18 -0.056500002683606 0.005750000273110345
v -6.46494380748212e-19 0.056500002683606 0.005750000273110345
v 0.005537968898598478 0.05622793846169927 0.005750000273110345
v 0.005537968898598478 0.05622793846169927 0.0002500000118743628
v 0.011022603558518695 0.05541437030782248 0.005750000273110345
v 0.016401085678912075 0.054067129795833946 0.005750000273110345
v 0.011022603558518695 0.05541437030782248 0.0002500000118743628
v 0.021621615483148338 0.05219919452644772 0.005750000273110345
v 0.026633916212552844 0.049828554612822984 0.005750000273110345
v 0.021621615483148338 0.05219919452644772 0.0002500000118743628
v 0.031389720500331064 0.04697803720448146 0.005750000273110345
v 0.03584322145954166 0.04367509286425042 0.005750000273110345
v 0.03584322145954166 0.04367509286425042 0.0002500000118743628
v 0.026633916212552844 0.049828554612822984 0.0002500000118743628
v 0.016401085678912075 0.054067129795833946 0.0002500000118743628
v 0.03995153616883629 0.03995153616883629 0.005750000273110345
v 0.04367509286425042 0.03584322145954166 0.005750000273110345
v 0.03995153616883629 0.03995153616883629 0.0002500000118743628
v 0.04697803720448146 0.031389720500331064 0.005750000273110345
v 0.049828554612822984 0.026633916212552844 0.005750000273110345
v 0.04697803720448146 0.031389720500331064 0.0002500000118743628
v 0.04367509286425042 0.03584322145954166 0.0002500000118743628
v 0.05219919452644772 0.021621615483148338 0.005750000273110345
v 0.054067129795833946 0.016401085678912075 0.005750000273110345
v 0.054067129795833946 0.016401085678912075 0.0002500000118743628
v 0.05541437030782248 0.011022603558518695 0.005750000273110345
v 0.05622793846169927 0.005537968898598478 0.005750000273110345
v 0.05541437030782248 0.011022603558518695 0.0002500000118743628
v 0.05219919452644772 0.021621615483148338 0.0002500000118743628
v -6.46494380748212e-19 0.056500002683606 0.0002500000118743628
v 0.031389720500331064 0.04697803720448146 0.0002500000118743628
v 0.049828554612822984 0.026633916212552844 0.0002500000118743628
v 0.05622793846169927 0.005537968898598478 0.0002500000118743628
v 0.056500002683606 4.106121579369978e-18 0.005750000273110345
v 0.056500002683606 -1.6651641929997987e-17 0.0002500000118743628
v 0.05622793846169927 -0.005537968898598478 0.005750000273110345
v 0.05541437030782248 -0.011022603558518695 0.005750000273110345
v 0.05622793846169927 -0.005537968898598478 0.0002500000118743628
v 0.054067129795833946 -0.016401085678912075 0.005750000273110345
v 0.05219919452644772 -0.021621615483148338 0.005750000273110345
v 0.05219919452644772 -0.021621615483148338 0.0002500000118743628
v 0.05541437030782248 -0.011022603558518695 0.0002500000118743628
v 0.049828554612822984 -0.026633916212552844 0.005750000273110345
v 0.04697803720448146 -0.031389720500331064 0.005750000273110345
v 0.049828554612822984 -0.026633916212552844 0.0002500000118743628
v 0.04367509286425042 -0.03584322145954166 0.005750000273110345
v 0.03995153616883629 -0.03995153616883629 0.005750000273110345
v 0.04367509286425042 -0.03584322145954166 0.0002500000118743628
v 0.04697803720448146 -0.031389720500331064 0.0002500000118743628
v 0.03584322145954166 -0.04367509286425042 0.005750000273110345
v 0.031389720500331064 -0.04697803720448146 0.005750000273110345
v 0.031389720500331064 -0.04697803720448146 0.0002500000118743628
v 0.026633916212552844 -0.049828554612822984 0.005750000273110345
v 0.021621615483148338 -0.05219919452644772 0.005750000273110345
v 0.021621615483148338 -0.05219919452644772 0.0002500000118743628
v 0.026633916212552844 -0.049828554612822984 0.0002500000118743628
v 0.016401085678912075 -0.054067129795833946 0.005750000273110345
v 0.011022603558518695 -0.05541437030782248 0.005750000273110345
v 0.011022603558518695 -0.05541437030782248 0.0002500000118743628
v 0.005537968898598478 -0.05622793846169927 0.005750000273110345
v -6.272760387072251e-18 -0.056500002683606 0.005750000273110345
v -6.272760387072251e-18 -0.056500002683606 0.0002500000118743628
v 0.005537968898598478 -0.05622793846169927 0.0002500000118743628
v 0.016401085678912075 -0.054067129795833946 0.0002500000118743628
v 0.03995153616883629 -0.03995153616883629 0.0002500000118743628
v 0.054067129795833946 -0.016401085678912075 0.0002500000118743628
v 0.03584322145954166 -0.04367509286425042 0.0002500000118743628
v -1.3148951309594614e-17 -0.056250002671731636 0.0
v 0.00551346423587451 -0.0559791438942181 0.0
v 0.005537968898598478 -0.05622793846169927 0.0002500000118743628
v 0.021621615483148338 -0.05219919452644772 0.0002500000118743628
v 0.016328512967335174 -0.05382789486015449 0.0
v 0.02152594477853098 -0.05196822604013551 0.0
v 0.016401085678912075 -0.054067129795833946 0.0002500000118743628
v 0.010973830744312463 -0.055169173000033656 0.0
v 0.03125082736629259 -0.046770166711209704 0.0
v 0.035684625413190396 -0.04348184029159485 0.0
v 0.03584322145954166 -0.04367509286425042 0.0002500000118743628
v 0.026633916212552844 -0.049828554612822984 0.0002500000118743628
v 0.026516066856979714 -0.04960807272979206 0.0
v 0.031389720500331064 -0.04697803720448146 0.0002500000118743628
v 0.011022603558518695 -0.05541437030782248 0.0002500000118743628
v 0.04367509286425042 -0.03584322145954166 0.0002500000118743628
v 0.03977475927445351 -0.03977475927445351 0.0
v 0.04348184029159485 -0.035684625413190396 0.0
v 0.04697803720448146 -0.031389720500331064 0.0002500000118743628
v 0.046770166711209704 -0.03125082736629259 0.0
v 0.04960807272979206 -0.026516066856979714 0.0
v 0.05196822604013551 -0.02152594477853098 0.0
v 0.05219919452644772 -0.021621615483148338 0.0002500000118743628
v 0.05622793846169927 -0.005537968898598478 0.0002500000118743628
v 0.055169173000033656 -0.010973830744312463 0.0
v 0.0559791438942181 -0.00551346423587451 0.0
v 0.056250002671731636 -2.8006855622433204e-18 0.0
v 0.03995153616883629 -0.03995153616883629 0.0002500000118743628
v 0.049828554612822984 -0.026633916212552844 0.0002500000118743628
v -6.272760387072251e-18 -0.056500002683606 0.0002500000118743628
v 0.05541437030782248 -0.011022603558518695 0.0002500000118743628
v 0.05382789486015449 -0.016328512967335174 0.0
v 0.054067129795833946 -0.016401085678912075 0.0002500000118743628
v 0.056500002683606 -1.6651641929997987e-17 0.0002500000118743628
v 0.049828554612822984 0.026633916212552844 0.0002500000118743628
v 0.05196822604013551 0.02152594477853098 0.0
v 0.04960807272979206 0.026516066856979714 0.0
v 0.054067129795833946 0.016401085678912075 0.0002500000118743628
v 0.055169173000033656 0.010973830744312463 0.0
v 0.05382789486015449 0.016328512967335174 0.0
v 0.046770166711209704 0.03125082736629259 0.0
v 0.04367509286425042 0.03584322145954166 0.0002500000118743628
v 0.04348184029159485 0.035684625413190396 0.0
v 0.03977475927445351 0.03977475927445351 0.0
v 0.04697803720448146 0.031389720500331064 0.0002500000118743628
v 0.0559791438942181 0.00551346423587451 0.0
v 0.05541437030782248 0.011022603558518695 0.0002500000118743628
v 0.031389720500331064 0.04697803720448146 0.0002500000118743628
v 0.035684625413190396 0.04348184029159485 0.0
v 0.03125082736629259 0.046770166711209704 0.0
v 0.02152594477853098 0.05196822604013551 0.0
v 0.016328512967335174 0.05382789486015449 0.0
v 0.021621615483148338 0.05219919452644772 0.0002500000118743628
v 0.026516066856979714 0.04960807272979206 0.0
v 0.026633916212552844 0.049828554612822984 0.0002500000118743628
v 0.005537968898598478 0.05622793846169927 0.0002500000118743628
v 0.010973830744312463 0.055169173000033656 0.0
v 0.00551346423587451 0.0559791438942181 0.0
v 0.011022603558518695 0.05541437030782248 0.0002500000118743628
v 6.245004810138303e-18 0.056250002671731636 0.0
v 0.03584322145954166 0.04367509286425042 0.0002500000118743628
v 0.05622793846169927 0.005537968898598478 0.0002500000118743628
v 0.05219919452644772 0.021621615483148338 0.0002500000118743628
v 0.03995153616883629 0.03995153616883629 0.0002500000118743628
v 0.016401085678912075 0.054067129795833946 0.0002500000118743628
v -6.46494380748212e-19 0.056500002683606 0.0002500000118743628
v 6.245004810138303e-18 0.056250002671731636 0.0
v -0.0039110664794821115 0.05611387137864465 0.0
v -0.0039284491020728785 0.05636326485362497 0.0002500000118743628
v -0.01165756853161004 0.055028753987016454 0.0
v -0.015455508012539587 0.05408502454155695 0.0
v -0.015524199269464356 0.05432540388647045 0.0002500000118743628
v -0.0191786393691884 0.05287951148380987 0.0
v -0.022808940063469008 0.051418043671473956 0.0
v -0.02291031374076935 0.05164656693672276 0.0002500000118743628
v -0.026445857350471114 0.049928617941550346 0.0002500000118743628
v -0.02632883959894139 0.04970769736831304 0.0
v -0.029853393065298883 0.04796900404842486 0.0002500000118743628
v -0.019263878783637445 0.0531145311788106 0.0002500000118743628
v -6.46494380748212e-19 0.056500002683606 0.0002500000118743628
v -0.0078032025228844115 0.05570612981264711 0.0
v -0.007837883367884935 0.05595371130634019 0.0002500000118743628
v -0.01170937975233266 0.055273325684424 0.0002500000118743628
v -0.029721299629459352 0.04775675046778671 0.0
v -0.03296989978986309 0.04557464816077328 0.0
v -0.03605891589727683 0.04317194952980552 0.0
v -0.03621917896641236 0.04336382499668279 0.0002500000118743628
v -0.038973398152406524 0.04056028940209622 0.0
v -0.0416992359893964 0.03775230587028666 0.0
v -0.041884565435454935 0.03792009533748475 0.0002500000118743628
v -0.03914661211937398 0.04074055674464283 0.0002500000118743628
v -0.04422323818447538 0.034761586886682405 0.0
v -0.046533186261721315 0.031602616857488997 0.0
v -0.046740000083800304 0.03174307211013194 0.0002500000118743628
v -0.04861790315761505 0.02829067746067837 0.0
v -0.04883398287979235 0.028416413703222787 0.0002500000118743628
v -0.04441978665572499 0.034916085947975795 0.0002500000118743628
v -0.03311643376288753 0.04577720096580418 0.0002500000118743628
v -0.04883398287979235 0.028416413703222787 0.005750000273110345
v -0.046740000083800304 0.03174307211013194 0.005750000273110345
v -0.04441978665572499 0.034916085947975795 0.005750000273110345
v -0.046740000083800304 0.03174307211013194 0.0002500000118743628
v -0.04883398287979235 0.028416413703222787 0.0002500000118743628
v -0.041884565435454935 0.03792009533748475 0.005750000273110345
v -0.03914661211937398 0.04074055674464283 0.005750000273110345
v -0.041884565435454935 0.03792009533748475 0.0002500000118743628
v -0.03621917896641236 0.04336382499668279 0.005750000273110345
v -0.03311643376288753 0.04577720096580418 0.005750000273110345
v -0.03621917896641236 0.04336382499668279 0.0002500000118743628
v -0.03914661211937398 0.04074055674464283 0.0002500000118743628
v -0.04441978665572499 0.034916085947975795 0.0002500000118743628
v -0.03311643376288753 0.04577720096580418 0.0002500000118743628
v -0.029853393065298883 0.04796900404842486 0.0002500000118743628
v -0.029853393065298883 0.04796900404842486 0.005750000273110345
v -0.026445857350471114 0.049928617941550346 0.005750000273110345
v -0.02291031374076935 0.05164656693672276 0.005750000273110345
v -0.02291031374076935 0.05164656693672276 0.0002500000118743628
v -0.019263878783637445 0.0531145311788106 0.005750000273110345
v -0.015524199269464356 0.05432540388647045 0.005750000273110345
v -0.015524199269464356 0.05432540388647045 0.0002500000118743628
v -0.019263878783637445 0.0531145311788106 0.0002500000118743628
v -0.01170937975233266 0.055273325684424 0.005750000273110345
v -0.007837883367884935 0.05595371130634019 0.005750000273110345
v -0.007837883367884935 0.05595371130634019 0.0002500000118743628
v -0.0039284491020728785 0.05636326485362497 0.005750000273110345
v -6.46494380748212e-19 0.056500002683606 0.005750000273110345
v -6.46494380748212e-19 0.056500002683606 0.0002500000118743628
v -0.0039284491020728785 0.05636326485362497 0.0002500000118743628
v -0.01170937975233266 0.055273325684424 0.0002500000118743628
v -0.026445857350471114 0.049928617941550346 0.0002500000118743628
v -0.04883398287979235 0.028416413703222787 0.005750000273110345
v -0.04861790315761505 0.02829067746067837 0.006000000284984708
v -0.04441978665572499 0.034916085947975795 0.005750000273110345
v -0.046533186261721315 0.031602616857488997 0.006000000284984708
v -0.04422323818447538 0.034761586886682405 0.006000000284984708
v -0.046740000083800304 0.03174307211013194 0.005750000273110345
v -0.041884565435454935 0.03792009533748475 0.005750000273110345
v -0.0416992359893964 0.03775230587028666 0.006000000284984708
v -0.03914661211937398 0.04074055674464283 0.005750000273110345
v -0.038973398152406524 0.04056028940209622 0.006000000284984708
v -0.029853393065298883 0.04796900404842486 0.005750000273110345
v -0.03311643376288753 0.04577720096580418 0.005750000273110345
v -0.03296989978986309 0.04557464816077328 0.006000000284984708
v -0.03621917896641236 0.04336382499668279 0.005750000273110345
v -0.03605891589727683 0.04317194952980552 0.006000000284984708
v -0.029721299629459352 0.04775675046778671 0.006000000284984708
v -0.02632883959894139 0.04970769736831304 0.006000000284984708
v -0.022808940063469008 0.051418043671473956 0.006000000284984708
v -0.02291031374076935 0.05164656693672276 0.005750000273110345
v -0.0191786393691884 0.05287951148380987 0.006000000284984708
v -0.015455508012539587 0.05408502454155695 0.006000000284984708
v -0.019263878783637445 0.0531145311788106 0.005750000273110345
v -0.01165756853161004 0.055028753987016454 0.006000000284984708
v -0.0078032025228844115 0.05570612981264711 0.006000000284984708
v -0.01170937975233266 0.055273325684424 0.005750000273110345
v -0.0039110664794821115 0.05611387137864465 0.006000000284984708
v -6.589418481366921e-19 0.056250002671731636 0.006000000284984708
v -0.0039284491020728785 0.05636326485362497 0.005750000273110345
v -0.007837883367884935 0.05595371130634019 0.005750000273110345
v -0.015524199269464356 0.05432540388647045 0.005750000273110345
v -0.026445857350471114 0.049928617941550346 0.005750000273110345
v -6.46494380748212e-19 0.056500002683606 0.005750000273110345
v -0.03635774022177296 0.03897086519330184 -1.3103721018612331e-18
v -0.03635774022177296 0.03897086519330184 0.006000000284984708
v -0.03712310967340926 0.03912310976840416 0.006000000284984708
v -0.035275350338819234 0.03788847531034811 -1.3103721018612331e-18
v -0.035275350338819234 0.03788847531034811 0.006000000284984708
v -0.03570889451834702 0.03853732101377405 0.006000000284984708
v -0.03570889451834702 0.03853732101377405 -1.3103721018612331e-18
v -0.03712310967340926 0.03912310976840416 -1.3103721018612331e-18
v -0.03512310957841436 0.03712310967340926 -1.3103721018612331e-18
v -0.03512310957841436 0.03712310967340926 0.006000000284984708
v -0.03570889451834702 0.03570889451834702 -1.3103721018612331e-18
v -0.03570889451834702 0.03570889451834702 0.006000000284984708
v -0.035275350338819234 0.03635774022177296 0.006000000284984708
v -0.03712310967340926 0.03512310957841436 -1.3103721018612331e-18
v -0.03712310967340926 0.03512310957841436 0.006000000284984708
v -0.03635774022177296 0.035275350338819234 0.006000000284984708
v -0.03635774022177296 0.035275350338819234 -1.3103721018612331e-18
v -0.035275350338819234 0.03635774022177296 -1.3103721018612331e-18
v -0.03788847531034811 0.035275350338819234 -1.3103721018612331e-18
v -0.03788847531034811 0.035275350338819234 0.006000000284984708
v -0.03712310967340926 0.03512310957841436 0.006000000284984708
v -0.03897086519330184 0.03635774022177296 -1.3103721018612331e-18
v -0.03897086519330184 0.03635774022177296 0.006000000284984708
v -0.03853732101377405 0.03570889451834702 0.006000000284984708
v -0.03853732101377405 0.03570889451834702 -1.3103721018612331e-18
v -0.03712310967340926 0.03512310957841436 -1.3103721018612331e-18
v -0.03912310976840416 0.03712310967340926 -1.3103721018612331e-18
v -0.03912310976840416 0.03712310967340926 0.006000000284984708
v -0.03853732101377405 0.03853732101377405 -1.3103721018612331e-18
v -0.03853732101377405 0.03853732101377405 0.006000000284984708
v -0.03897086519330184 0.03788847531034811 0.006000000284984708
v -0.03712310967340926 0.03912310976840416 -1.3103721018612331e-18
v -0.03712310967340926 0.03912310976840416 0.006000000284984708
v -0.03788847531034811 0.03897086519330184 0.006000000284984708
v -0.03788847531034811 0.03897086519330184 -1.3103721018612331e-18
v -0.03897086519330184 0.03788847531034811 -1.3103721018612331e-18
v 0.03897086519330184 0.03635774022177296 -1.3103721018612331e-18
v 0.03897086519330184 0.03635774022177296 0.006000000284984708
v 0.03912310976840416 0.03712310967340926 0.006000000284984708
v 0.03788847531034811 0.035275350338819234 -1.3103721018612331e-18
v 0.03788847531034811 0.035275350338819234 0.006000000284984708
v 0.03853732101377405 0.03570889451834702 0.006000000284984708
v 0.03853732101377405 0.03570889451834702 -1.3103721018612331e-18
v 0.03912310976840416 0.03712310967340926 -1.3103721018612331e-18
v 0.03712310967340926 0.03512310957841436 -1.3103721018612331e-18
v 0.03712310967340926 0.03512310957841436 0.006000000284984708
v 0.03570889451834702 0.03570889451834702 -1.3103721018612331e-18
v 0.03570889451834702 0.03570889451834702 0.006000000284984708
v 0.03635774022177296 0.035275350338819234 0.006000000284984708
v 0.03512310957841436 0.03712310967340926 -1.3103721018612331e-18
v 0.03512310957841436 0.03712310967340926 0.006000000284984708
v 0.035275350338819234 0.03635774022177296 0.006000000284984708
v 0.035275350338819234 0.03635774022177296 -1.3103721018612331e-18
v 0.03635774022177296 0.035275350338819234 -1.3103721018612331e-18
v 0.035275350338819234 0.03788847531034811 -1.3103721018612331e-18
v 0.035275350338819234 0.03788847531034811 0.006000000284984708
v 0.03512310957841436 0.03712310967340926 0.006000000284984708
v 0.03635774022177296 0.03897086519330184 -1.3103721018612331e-18
v 0.03635774022177296 0.03897086519330184 0.006000000284984708
v 0.03570889451834702 0.03853732101377405 0.006000000284984708
v 0.03570889451834702 0.03853732101377405 -1.3103721018612331e-18
v 0.03512310957841436 0.03712310967340926 -1.3103721018612331e-18
v 0.03712310967340926 0.03912310976840416 -1.3103721018612331e-18
v 0.03712310967340926 0.03912310976840416 0.006000000284984708
v 0.03853732101377405 0.03853732101377405 -1.3103721018612331e-18
v 0.03853732101377405 0.03853732101377405 0.006000000284984708
v 0.03788847531034811 0.03897086519330184 0.006000000284984708
v 0.03912310976840416 0.03712310967340926 -1.3103721018612331e-18
v 0.03912310976840416 0.03712310967340926 0.006000000284984708
v 0.03897086519330184 0.03788847531034811 0.006000000284984708
v 0.03897086519330184 0.03788847531034811 -1.3103721018612331e-18
v 0.03788847531034811 0.03897086519330184 -1.3103721018612331e-18
v 0.03635774022177296 -0.03897086519330184 -1.3103721018612331e-18
v 0.03635774022177296 -0.03897086519330184 0.006000000284984708
v 0.03712310967340926 -0.03912310976840416 0.006000000284984708
v 0.035275350338819234 -0.03788847531034811 -1.3103721018612331e-18
v 0.035275350338819234 -0.03788847531034811 0.006000000284984708
v 0.03570889451834702 -0.03853732101377405 0.006000000284984708
v 0.03570889451834702 -0.03853732101377405 -1.3103721018612331e-18
v 0.03712310967340926 -0.03912310976840416 -1.3103721018612331e-18
v 0.03512310957841436 -0.03712310967340926 -1.3103721018612331e-18
v 0.03512310957841436 -0.03712310967340926 0.006000000284984708
v 0.03570889451834702 -0.03570889451834702 -1.3103721018612331e-18
v 0.03570889451834702 -0.03570889451834702 0.006000000284984708
v 0.035275350338819234 -0.03635774022177296 0.006000000284984708
v 0.03712310967340926 -0.03512310957841436 -1.3103721018612331e-18
v 0.03712310967340926 -0.03512310957841436 0.006000000284984708
v 0.03635774022177296 -0.035275350338819234 0.006000000284984708
v 0.03635774022177296 -0.035275350338819234 -1.3103721018612331e-18
v 0.035275350338819234 -0.03635774022177296 -1.3103721018612331e-18
v 0.03788847531034811 -0.035275350338819234 -1.3103721018612331e-18
v 0.03788847531034811 -0.035275350338819234 0.006000000284984708
v 0.03712310967340926 -0.03512310957841436 0.006000000284984708
v 0.03897086519330184 -0.03635774022177296 -1.3103721018612331e-18
v 0.03897086519330184 -0.03635774022177296 0.006000000284984708
v 0.03853732101377405 -0.03570889451834702 0.006000000284984708
v 0.03853732101377405 -0.03570889451834702 -1.3103721018612331e-18
v 0.03712310967340926 -0.03512310957841436 -1.3103721018612331e-18
v 0.03912310976840416 -0.03712310967340926 -1.3103721018612331e-18
v 0.03912310976840416 -0.03712310967340926 0.006000000284984708
v 0.03853732101377405 -0.03853732101377405 -1.3103721018612331e-18
v 0.03853732101377405 -0.03853732101377405 0.006000000284984708
v 0.03897086519330184 -0.03788847531034811 0.006000000284984708
v 0.03712310967340926 -0.03912310976840416 -1.3103721018612331e-18
v 0.03712310967340926 -0.03912310976840416 0.006000000284984708
v 0.03788847531034811 -0.03897086519330184 0.006000000284984708
v 0.03788847531034811 -0.03897086519330184 -1.3103721018612331e-18
v 0.03897086519330184 -0.03788847531034811 -1.3103721018612331e-18
v 0.02000052928554541 0.02993290661888026 0.06600000313483179
v 0.02638958674843317 0.039494810072924214 0.06600000313483179
v 0.022391345133966345 0.04189126022947409 0.06600000313483179
v 0.01817746439487733 0.043884279428141326 0.06600000313483179
v 0.013776604353084032 0.033259664207923034 0.06600000313483179
v 0.030133681774900944 0.03671799643395257 0.06600000313483179
v 0.033587575600451114 0.033587575600451114 0.06600000313483179
v 0.025455846088238143 0.025455846088238143 0.06600000313483179
v 0.022838158738562875 0.027828378091796502 0.06600000313483179
v 0.027828378091796502 0.022838158738562875 0.06600000313483179
v 0.03671799643395257 0.030133681774900944 0.06600000313483179
v 0.016970282406997272 0.03174916608930323 0.06600000313483179
v 0.009266790830163574 0.04658730155970181 0.06600000313483179
v 0.004655814391976709 0.04727127681191545 0.06600000313483179
v 0.0070232518670948485 0.03530827117778523 0.06600000313483179
v -5.435129571626265e-19 0.04750000225612894 0.06600000313483179
v 0.0035286173112313024 0.035826650413832706 0.06600000313483179
v 0.013788522421582239 0.045454668296676104 0.06600000313483179
v 0.010450249214621898 0.03444985362602626 0.06600000313483179
v 0.043884279428141326 0.01817746439487733 0.06600000313483179
v 0.04189126022947409 0.022391345133966345 0.06600000313483179
v 0.033259664207923034 0.013776604353084032 0.06600000313483179
v 0.039494810072924214 0.02638958674843317 0.06600000313483179
v 0.02993290661888026 0.02000052928554541 0.06600000313483179
v 0.03444985362602626 0.010450249214621898 0.06600000313483179
v 0.045454668296676104 0.013788522421582239 0.06600000313483179
v 0.04750000225612894 8.725608676630658e-18 0.06600000313483179
v 0.04727127681191545 0.004655814391976709 0.06600000313483179
v 0.035826650413832706 0.0035286173112313024 0.06600000313483179
v 0.04658730155970181 0.009266790830163574 0.06600000313483179
v 0.03600000170990825 2.6162898689995232e-18 0.06600000313483179
v 0.035826650413832706 -0.0035286173112313024 0.06600000313483179
v 0.03174916608930323 0.016970282406997272 0.06600000313483179
v 0.03530827117778523 0.0070232518670948485 0.06600000313483179
v -0.0035286173112313024 0.035826650413832706 0.06600000313483179
v -0.004655814391976709 0.04727127681191545 0.06600000313483179
v -4.1192561493299943e-19 0.03600000170990825 0.06600000313483179
v -0.009266790830163574 0.04658730155970181 0.06600000313483179
v -0.0070232518670948485 0.03530827117778523 0.06600000313483179
v -0.013788522421582239 0.045454668296676104 0.06600000313483179
v -0.010450249214621898 0.03444985362602626 0.06600000313483179
v -0.013776604353084032 0.033259664207923034 0.06600000313483179
v -0.01817746439487733 0.043884279428141326 0.06600000313483179
v -0.016970282406997272 0.03174916608930323 0.06600000313483179
v -0.022391345133966345 0.04189126022947409 0.06600000313483179
v -0.02638958674843317 0.039494810072924214 0.06600000313483179
v -0.02000052928554541 0.02993290661888026 0.06600000313483179
v -0.025455846088238143 0.025455846088238143 0.06600000313483179
v -0.030133681774900944 0.03671799643395257 0.06600000313483179
v -0.033587575600451114 0.033587575600451114 0.06600000313483179
v -0.022838158738562875 0.027828378091796502 0.06600000313483179
v -0.03671799643395257 0.030133681774900944 0.06600000313483179
v -0.027828378091796502 0.022838158738562875 0.06600000313483179
v -0.02993290661888026 0.02000052928554541 0.06600000313483179
v -0.039494810072924214 0.02638958674843317 0.06600000313483179
v -0.03174916608930323 0.016970282406997272 0.06600000313483179
v -0.043884279428141326 0.01817746439487733 0.06600000313483179
v -0.03444985362602626 0.010450249214621898 0.06600000313483179
v -0.033259664207923034 0.013776604353084032 0.06600000313483179
v -0.04189126022947409 0.022391345133966345 0.06600000313483179
v -0.045454668296676104 0.013788522421582239 0.06600000313483179
v -0.04658730155970181 0.009266790830163574 0.06600000313483179
v -0.035826650413832706 0.0035286173112313024 0.06600000313483179
v -0.03530827117778523 0.0070232518670948485 0.06600000313483179
v -0.04727127681191545 0.004655814391976709 0.06600000313483179
v -0.04750000225612894 -2.9085363667157172e-18 0.06600000313483179
v 0.03530827117778523 -0.0070232518670948485 0.06600000313483179
v 0.04658730155970181 -0.009266790830163574 0.06600000313483179
v 0.04727127681191545 -0.004655814391976709 0.06600000313483179
v 0.045454668296676104 -0.013788522421582239 0.06600000313483179
v 0.03444985362602626 -0.010450249214621898 0.06600000313483179
v 0.043884279428141326 -0.01817746439487733 0.06600000313483179
v 0.033259664207923034 -0.013776604353084032 0.06600000313483179
v 0.04189126022947409 -0.022391345133966345 0.06600000313483179
v 0.039494810072924214 -0.02638958674843317 0.06600000313483179
v 0.03174916608930323 -0.016970282406997272 0.06600000313483179
v 0.02993290661888026 -0.02000052928554541 0.06600000313483179
v 0.027828378091796502 -0.022838158738562875 0.06600000313483179
v 0.025455846088238143 -0.025455846088238143 0.06600000313483179
v 0.033587575600451114 -0.033587575600451114 0.06600000313483179
v 0.022838158738562875 -0.027828378091796502 0.06600000313483179
v 0.02000052928554541 -0.02993290661888026 0.06600000313483179
v 0.02638958674843317 -0.039494810072924214 0.06600000313483179
v 0.03671799643395257 -0.030133681774900944 0.06600000313483179
v 0.030133681774900944 -0.03671799643395257 0.06600000313483179
v 0.022391345133966345 -0.04189126022947409 0.06600000313483179
v 0.013776604353084032 -0.033259664207923034 0.06600000313483179
v 0.016970282406997272 -0.03174916608930323 0.06600000313483179
v 0.01817746439487733 -0.043884279428141326 0.06600000313483179
v 0.013788522421582239 -0.045454668296676104 0.06600000313483179
v 0.010450249214621898 -0.03444985362602626 0.06600000313483179
v 0.009266790830163574 -0.04658730155970181 0.06600000313483179
v 0.0070232518670948485 -0.03530827117778523 0.06600000313483179
v 0.0035286173112313024 -0.035826650413832706 0.06600000313483179
v -3.996803078488514e-18 -0.03600000170990825 0.06600000313483179
v 0.004655814391976709 -0.04727127681191545 0.06600000313483179
v -0.0035286173112313024 -0.035826650413832706 0.06600000313483179
v 6.3605854258962524e-18 -0.04750000225612894 0.06600000313483179
v -0.043884279428141326 -0.01817746439487733 0.06600000313483179
v -0.033259664207923034 -0.013776604353084032 0.06600000313483179
v -0.03444985362602626 -0.010450249214621898 0.06600000313483179
v -0.04727127681191545 -0.004655814391976709 0.06600000313483179
v -0.03530827117778523 -0.0070232518670948485 0.06600000313483179
v -0.035826650413832706 -0.0035286173112313024 0.06600000313483179
v -0.045454668296676104 -0.013788522421582239 0.06600000313483179
v -0.027828378091796502 -0.022838158738562875 0.06600000313483179
v -0.02993290661888026 -0.02000052928554541 0.06600000313483179
v -0.03671799643395257 -0.030133681774900944 0.06600000313483179
v -0.039494810072924214 -0.02638958674843317 0.06600000313483179
v -0.03174916608930323 -0.016970282406997272 0.06600000313483179
v -0.04189126022947409 -0.022391345133966345 0.06600000313483179
v -0.04658730155970181 -0.009266790830163574 0.06600000313483179
v -0.03600000170990825 1.792438692073086e-18 0.06600000313483179
v -0.033587575600451114 -0.033587575600451114 0.06600000313483179
v -0.025455846088238143 -0.025455846088238143 0.06600000313483179
v -0.009266790830163574 -0.04658730155970181 0.06600000313483179
v -0.0070232518670948485 -0.03530827117778523 0.06600000313483179
v -0.010450249214621898 -0.03444985362602626 0.06600000313483179
v -0.013776604353084032 -0.033259664207923034 0.06600000313483179
v -0.016970282406997272 -0.03174916608930323 0.06600000313483179
v -0.01817746439487733 -0.043884279428141326 0.06600000313483179
v -0.004655814391976709 -0.04727127681191545 0.06600000313483179
v -0.013788522421582239 -0.045454668296676104 0.06600000313483179
v -0.030133681774900944 -0.03671799643395257 0.06600000313483179
v -0.022838158738562875 -0.027828378091796502 0.06600000313483179
v -0.02638958674843317 -0.039494810072924214 0.06600000313483179
v -0.02000052928554541 -0.02993290661888026 0.06600000313483179
v -0.022391345133966345 -0.04189126022947409 0.06600000313483179
v 0.0035286173112313024 0.035826650413832706 0.0783000067708084
v 0.0070232518670948485 0.03530827117778523 0.0783000067708084
v 0.0070232518670948485 0.03530827117778523 0.06600000313483179
v 0.0035286173112313024 0.035826650413832706 0.06600000313483179
v 0.010450249214621898 0.03444985362602626 0.0783000067708084
v 0.013776604353084032 0.033259664207923034 0.0783000067708084
v 0.013776604353084032 0.033259664207923034 0.06600000313483179
v 0.016970282406997272 0.03174916608930323 0.0783000067708084
v 0.02000052928554541 0.02993290661888026 0.0783000067708084
v 0.02000052928554541 0.02993290661888026 0.06600000313483179
v 0.016970282406997272 0.03174916608930323 0.06600000313483179
v 0.010450249214621898 0.03444985362602626 0.06600000313483179
v 0.022838158738562875 0.027828378091796502 0.0783000067708084
v 0.025455846088238143 0.025455846088238143 0.0783000067708084
v 0.025455846088238143 0.025455846088238143 0.06600000313483179
v 0.027828378091796502 0.022838158738562875 0.0783000067708084
v 0.02993290661888026 0.02000052928554541 0.0783000067708084
v 0.02993290661888026 0.02000052928554541 0.06600000313483179
v 0.027828378091796502 0.022838158738562875 0.06600000313483179
v 0.03174916608930323 0.016970282406997272 0.0783000067708084
v 0.033259664207923034 0.013776604353084032 0.0783000067708084
v 0.033259664207923034 0.013776604353084032 0.06600000313483179
v 0.03444985362602626 0.010450249214621898 0.0783000067708084
v 0.03530827117778523 0.0070232518670948485 0.0783000067708084
v 0.03530827117778523 0.0070232518670948485 0.06600000313483179
v 0.03444985362602626 0.010450249214621898 0.06600000313483179
v 0.03174916608930323 0.016970282406997272 0.06600000313483179
v 0.022838158738562875 0.027828378091796502 0.06600000313483179
v 0.035826650413832706 0.0035286173112313024 0.06600000313483179
v 0.035826650413832706 0.0035286173112313024 0.0783000067708084
v 0.0035286173112313024 -0.035826650413832706 0.06600000313483179
v 0.03600000170990825 2.6162898689995232e-18 0.0783000067708084
v 0.035826650413832706 -0.0035286173112313024 0.0783000067708084
v 0.035826650413832706 -0.0035286173112313024 0.06600000313483179
v 0.03530827117778523 -0.0070232518670948485 0.0783000067708084
v 0.03444985362602626 -0.010450249214621898 0.0783000067708084
v 0.03444985362602626 -0.010450249214621898 0.06600000313483179
v 0.03530827117778523 -0.0070232518670948485 0.06600000313483179
v 0.033259664207923034 -0.013776604353084032 0.0783000067708084
v 0.03174916608930323 -0.016970282406997272 0.0783000067708084
v 0.03174916608930323 -0.016970282406997272 0.06600000313483179
v 0.02993290661888026 -0.02000052928554541 0.0783000067708084
v 0.027828378091796502 -0.022838158738562875 0.0783000067708084
v 0.027828378091796502 -0.022838158738562875 0.06600000313483179
v 0.02993290661888026 -0.02000052928554541 0.06600000313483179
v 0.033259664207923034 -0.013776604353084032 0.06600000313483179
v 0.025455846088238143 -0.025455846088238143 0.0783000067708084
v 0.022838158738562875 -0.027828378091796502 0.0783000067708084
v 0.022838158738562875 -0.027828378091796502 0.06600000313483179
v 0.02000052928554541 -0.02993290661888026 0.0783000067708084
v 0.016970282406997272 -0.03174916608930323 0.0783000067708084
v 0.016970282406997272 -0.03174916608930323 0.06600000313483179
v 0.02000052928554541 -0.02993290661888026 0.06600000313483179
v 0.013776604353084032 -0.033259664207923034 0.0783000067708084
v 0.010450249214621898 -0.03444985362602626 0.0783000067708084
v 0.010450249214621898 -0.03444985362602626 0.06600000313483179
v 0.0070232518670948485 -0.03530827117778523 0.0783000067708084
v 0.0035286173112313024 -0.035826650413832706 0.0783000067708084
v 0.0070232518670948485 -0.03530827117778523 0.06600000313483179
v 0.013776604353084032 -0.033259664207923034 0.06600000313483179
v 0.025455846088238143 -0.025455846088238143 0.06600000313483179
v 0.03600000170990825 2.6162898689995232e-18 0.06600000313483179
v 0.016263188180907218 0.03042628432786132 0.0783000067708084
v 0.019167174296012 0.028685702732736962 0.0783000067708084
v 0.02000052928554541 0.02993290661888026 0.0783000067708084
v 0.022838158738562875 0.027828378091796502 0.0783000067708084
v 0.01320257917170553 0.031873845660654876 0.0783000067708084
v 0.016970282406997272 0.03174916608930323 0.0783000067708084
v 0.024395184721941465 0.024395184721941465 0.0783000067708084
v 0.025455846088238143 0.025455846088238143 0.0783000067708084
v 0.027828378091796502 0.022838158738562875 0.0783000067708084
v 0.02188656910901421 0.0266688626558631 0.0783000067708084
v 0.0070232518670948485 0.03530827117778523 0.0783000067708084
v 0.0035286173112313024 0.035826650413832706 0.0783000067708084
v 0.006730616412368995 0.03383709496044718 0.0783000067708084
v -4.1192561493299943e-19 0.03600000170990825 0.0783000067708084
v 0.003381591480654811 0.03433387537955079 0.0783000067708084
v 0.010450249214621898 0.03444985362602626 0.0783000067708084
v 0.010014821528229745 0.03301444401194953 0.0783000067708084
v 0.013776604353084032 0.033259664207923034 0.0783000067708084
v 0.03530827117778523 0.0070232518670948485 0.0783000067708084
v 0.03444985362602626 0.010450249214621898 0.0783000067708084
v 0.03301444401194953 0.010014821528229745 0.0783000067708084
v 0.03383709496044718 0.006730616412368995 0.0783000067708084
v 0.033259664207923034 0.013776604353084032 0.0783000067708084
v 0.031873845660654876 0.01320257917170553 0.0783000067708084
v 0.03433387537955079 0.003381591480654811 0.0783000067708084
v 0.03450000163866207 2.5072777823012828e-18 0.0783000067708084
v 0.03600000170990825 2.6162898689995232e-18 0.0783000067708084
v 0.035826650413832706 0.0035286173112313024 0.0783000067708084
v 0.035826650413832706 -0.0035286173112313024 0.0783000067708084
v 0.0266688626558631 0.02188656910901421 0.0783000067708084
v 0.028685702732736962 0.019167174296012 0.0783000067708084
v 0.02993290661888026 0.02000052928554541 0.0783000067708084
v 0.03042628432786132 0.016263188180907218 0.0783000067708084
v 0.03174916608930323 0.016970282406997272 0.0783000067708084
v -0.003381591480654811 0.03433387537955079 0.0783000067708084
v -0.0035286173112313024 0.035826650413832706 0.0783000067708084
v -3.9476205315866213e-19 0.03450000163866207 0.0783000067708084
v -0.0070232518670948485 0.03530827117778523 0.0783000067708084
v -0.010450249214621898 0.03444985362602626 0.0783000067708084
v -0.006730616412368995 0.03383709496044718 0.0783000067708084
v -0.013776604353084032 0.033259664207923034 0.0783000067708084
v -0.010014821528229745 0.03301444401194953 0.0783000067708084
v -0.016263188180907218 0.03042628432786132 0.0783000067708084
v -0.01320257917170553 0.031873845660654876 0.0783000067708084
v -0.02000052928554541 0.02993290661888026 0.0783000067708084
v -0.016970282406997272 0.03174916608930323 0.0783000067708084
v -0.022838158738562875 0.027828378091796502 0.0783000067708084
v -0.019167174296012 0.028685702732736962 0.0783000067708084
v -0.025455846088238143 0.025455846088238143 0.0783000067708084
v -0.02188656910901421 0.0266688626558631 0.0783000067708084
v -0.0266688626558631 0.02188656910901421 0.0783000067708084
v -0.024395184721941465 0.024395184721941465 0.0783000067708084
v -0.02993290661888026 0.02000052928554541 0.0783000067708084
v -0.027828378091796502 0.022838158738562875 0.0783000067708084
v -0.03042628432786132 0.016263188180907218 0.0783000067708084
v -0.028685702732736962 0.019167174296012 0.0783000067708084
v -0.033259664207923034 0.013776604353084032 0.0783000067708084
v -0.03174916608930323 0.016970282406997272 0.0783000067708084
v -0.03301444401194953 0.010014821528229745 0.0783000067708084
v -0.031873845660654876 0.01320257917170553 0.0783000067708084
v -0.03444985362602626 0.010450249214621898 0.0783000067708084
v -0.03383709496044718 0.006730616412368995 0.0783000067708084
v -0.03530827117778523 0.0070232518670948485 0.0783000067708084
v -0.03433387537955079 0.003381591480654811 0.0783000067708084
v -0.035826650413832706 0.0035286173112313024 0.0783000067708084
v -0.03450000163866207 1.717753781863082e-18 0.0783000067708084
v 0.03383709496044718 -0.006730616412368995 0.0783000067708084
v 0.03530827117778523 -0.0070232518670948485 0.0783000067708084
v 0.03433387537955079 -0.003381591480654811 0.0783000067708084
v 0.03444985362602626 -0.010450249214621898 0.0783000067708084
v 0.031873845660654876 -0.01320257917170553 0.0783000067708084
v 0.033259664207923034 -0.013776604353084032 0.0783000067708084
v 0.03301444401194953 -0.010014821528229745 0.0783000067708084
v 0.03174916608930323 -0.016970282406997272 0.0783000067708084
v 0.02993290661888026 -0.02000052928554541 0.0783000067708084
v 0.03042628432786132 -0.016263188180907218 0.0783000067708084
v 0.0266688626558631 -0.02188656910901421 0.0783000067708084
v 0.028685702732736962 -0.019167174296012 0.0783000067708084
v 0.025455846088238143 -0.025455846088238143 0.0783000067708084
v 0.027828378091796502 -0.022838158738562875 0.0783000067708084
v 0.02188656910901421 -0.0266688626558631 0.0783000067708084
v 0.024395184721941465 -0.024395184721941465 0.0783000067708084
v 0.019167174296012 -0.028685702732736962 0.0783000067708084
v 0.022838158738562875 -0.027828378091796502 0.0783000067708084
v 0.016970282406997272 -0.03174916608930323 0.0783000067708084
v 0.02000052928554541 -0.02993290661888026 0.0783000067708084
v 0.01320257917170553 -0.031873845660654876 0.0783000067708084
v 0.016263188180907218 -0.03042628432786132 0.0783000067708084
v 0.010450249214621898 -0.03444985362602626 0.0783000067708084
v 0.013776604353084032 -0.033259664207923034 0.0783000067708084
v 0.006730616412368995 -0.03383709496044718 0.0783000067708084
v 0.010014821528229745 -0.03301444401194953 0.0783000067708084
v 0.003381591480654811 -0.03433387537955079 0.0783000067708084
v 0.0070232518670948485 -0.03530827117778523 0.0783000067708084
v 0.0035286173112313024 -0.035826650413832706 0.0783000067708084
v -3.996803078488514e-18 -0.03600000170990825 0.0783000067708084
v -0.003381591480654811 -0.03433387537955079 0.0783000067708084
v -3.830269616884826e-18 -0.03450000163866207 0.0783000067708084
v -0.033259664207923034 -0.013776604353084032 0.0783000067708084
v -0.03042628432786132 -0.016263188180907218 0.0783000067708084
v -0.031873845660654876 -0.01320257917170553 0.0783000067708084
v -0.028685702732736962 -0.019167174296012 0.0783000067708084
v -0.03174916608930323 -0.016970282406997272 0.0783000067708084
v -0.03301444401194953 -0.010014821528229745 0.0783000067708084
v -0.03444985362602626 -0.010450249214621898 0.0783000067708084
v -0.02993290661888026 -0.02000052928554541 0.0783000067708084
v -0.027828378091796502 -0.022838158738562875 0.0783000067708084
v -0.0266688626558631 -0.02188656910901421 0.0783000067708084
v -0.025455846088238143 -0.025455846088238143 0.0783000067708084
v -0.035826650413832706 -0.0035286173112313024 0.0783000067708084
v -0.03433387537955079 -0.003381591480654811 0.0783000067708084
v -0.03600000170990825 1.792438692073086e-18 0.0783000067708084
v -0.03383709496044718 -0.006730616412368995 0.0783000067708084
v -0.03530827117778523 -0.0070232518670948485 0.0783000067708084
v -0.010014821528229745 -0.03301444401194953 0.0783000067708084
v -0.01320257917170553 -0.031873845660654876 0.0783000067708084
v -0.010450249214621898 -0.03444985362602626 0.0783000067708084
v -0.016263188180907218 -0.03042628432786132 0.0783000067708084
v -0.013776604353084032 -0.033259664207923034 0.0783000067708084
v -0.006730616412368995 -0.03383709496044718 0.0783000067708084
v -0.0070232518670948485 -0.03530827117778523 0.0783000067708084
v -0.0035286173112313024 -0.035826650413832706 0.0783000067708084
v -0.024395184721941465 -0.024395184721941465 0.0783000067708084
v -0.022838158738562875 -0.027828378091796502 0.0783000067708084
v -0.02188656910901421 -0.0266688626558631 0.0783000067708084
v -0.02000052928554541 -0.02993290661888026 0.0783000067708084
v -0.019167174296012 -0.028685702732736962 0.0783000067708084
v -0.016970282406997272 -0.03174916608930323 0.0783000067708084
v 0.003381591480654811 0.03433387537955079 0.08420000094752744
v 0.006730616412368995 0.03383709496044718 0.08420000094752744
v 0.006730616412368995 0.03383709496044718 0.0783000067708084
v 0.003381591480654811 0.03433387537955079 0.0783000067708084
v 0.010014821528229745 0.03301444401194953 0.08420000094752744
v 0.01320257917170553 0.031873845660654876 0.08420000094752744
v 0.01320257917170553 0.031873845660654876 0.0783000067708084
v 0.016263188180907218 0.03042628432786132 0.08420000094752744
v 0.019167174296012 0.028685702732736962 0.08420000094752744
v 0.019167174296012 0.028685702732736962 0.0783000067708084
v 0.016263188180907218 0.03042628432786132 0.0783000067708084
v 0.010014821528229745 0.03301444401194953 0.0783000067708084
v 0.02188656910901421 0.0266688626558631 0.08420000094752744
v 0.024395184721941465 0.024395184721941465 0.08420000094752744
v 0.024395184721941465 0.024395184721941465 0.0783000067708084
v 0.0266688626558631 0.02188656910901421 0.08420000094752744
v 0.028685702732736962 0.019167174296012 0.08420000094752744
v 0.028685702732736962 0.019167174296012 0.0783000067708084
v 0.0266688626558631 0.02188656910901421 0.0783000067708084
v 0.03042628432786132 0.016263188180907218 0.08420000094752744
v 0.031873845660654876 0.01320257917170553 0.08420000094752744
v 0.031873845660654876 0.01320257917170553 0.0783000067708084
v 0.03301444401194953 0.010014821528229745 0.08420000094752744
v 0.03383709496044718 0.006730616412368995 0.08420000094752744
v 0.03383709496044718 0.006730616412368995 0.0783000067708084
v 0.03301444401194953 0.010014821528229745 0.0783000067708084
v 0.03042628432786132 0.016263188180907218 0.0783000067708084
v 0.02188656910901421 0.0266688626558631 0.0783000067708084
v 0.03433387537955079 0.003381591480654811 0.0783000067708084
v 0.03433387537955079 0.003381591480654811 0.08420000094752744
v 0.003381591480654811 -0.03433387537955079 0.0783000067708084
v 0.03450000163866207 2.5072777823012828e-18 0.08420000094752744
v 0.03433387537955079 -0.003381591480654811 0.08420000094752744
v 0.03433387537955079 -0.003381591480654811 0.0783000067708084
v 0.03383709496044718 -0.006730616412368995 0.08420000094752744
v 0.03301444401194953 -0.010014821528229745 0.08420000094752744
v 0.03301444401194953 -0.010014821528229745 0.0783000067708084
v 0.03383709496044718 -0.006730616412368995 0.0783000067708084
v 0.031873845660654876 -0.01320257917170553 0.08420000094752744
v 0.03042628432786132 -0.016263188180907218 0.08420000094752744
v 0.03042628432786132 -0.016263188180907218 0.0783000067708084
v 0.028685702732736962 -0.019167174296012 0.08420000094752744
v 0.0266688626558631 -0.02188656910901421 0.08420000094752744
v 0.0266688626558631 -0.02188656910901421 0.0783000067708084
v 0.028685702732736962 -0.019167174296012 0.0783000067708084
v 0.031873845660654876 -0.01320257917170553 0.0783000067708084
v 0.024395184721941465 -0.024395184721941465 0.08420000094752744
v 0.02188656910901421 -0.0266688626558631 0.08420000094752744
v 0.02188656910901421 -0.0266688626558631 0.0783000067708084
v 0.019167174296012 -0.028685702732736962 0.08420000094752744
v 0.016263188180907218 -0.03042628432786132 0.08420000094752744
v 0.016263188180907218 -0.03042628432786132 0.0783000067708084
v 0.019167174296012 -0.028685702732736962 0.0783000067708084
v 0.01320257917170553 -0.031873845660654876 0.08420000094752744
v 0.010014821528229745 -0.03301444401194953 0.08420000094752744
v 0.010014821528229745 -0.03301444401194953 0.0783000067708084
v 0.006730616412368995 -0.03383709496044718 0.08420000094752744
v 0.003381591480654811 -0.03433387537955079 0.08420000094752744
v 0.006730616412368995 -0.03383709496044718 0.0783000067708084
v 0.01320257917170553 -0.031873845660654876 0.0783000067708084
v 0.024395184721941465 -0.024395184721941465 0.0783000067708084
v 0.03450000163866207 2.5072777823012828e-18 0.0783000067708084
v 0.019167174296012 0.028685702732736962 0.08420000094752744
v 0.016263188180907218 0.03042628432786132 0.08420000094752744
v 0.01320257917170553 0.031873845660654876 0.08420000094752744
v -3.9476205315866213e-19 0.03450000163866207 0.08420000094752744
v 0.0266688626558631 0.02188656910901421 0.08420000094752744
v 0.02188656910901421 0.0266688626558631 0.08420000094752744
v 0.010014821528229745 0.03301444401194953 0.08420000094752744
v 0.006730616412368995 0.03383709496044718 0.08420000094752744
v 0.003381591480654811 0.03433387537955079 0.08420000094752744
v 0.024395184721941465 0.024395184721941465 0.08420000094752744
v 0.03301444401194953 0.010014821528229745 0.08420000094752744
v 0.028685702732736962 0.019167174296012 0.08420000094752744
v -0.03301444401194953 0.010014821528229745 0.08420000094752744
v 0.03383709496044718 0.006730616412368995 0.08420000094752744
v 0.03433387537955079 -0.003381591480654811 0.08420000094752744
v 0.031873845660654876 0.01320257917170553 0.08420000094752744
v 0.03042628432786132 0.016263188180907218 0.08420000094752744
v 0.03433387537955079 0.003381591480654811 0.08420000094752744
v -0.006730616412368995 0.03383709496044718 0.08420000094752744
v -0.003381591480654811 0.03433387537955079 0.08420000094752744
v -0.010014821528229745 0.03301444401194953 0.08420000094752744
v -0.024395184721941465 0.024395184721941465 0.08420000094752744
v -0.019167174296012 0.028685702732736962 0.08420000094752744
v -0.01320257917170553 0.031873845660654876 0.08420000094752744
v -0.016263188180907218 0.03042628432786132 0.08420000094752744
v -0.02188656910901421 0.0266688626558631 0.08420000094752744
v -0.028685702732736962 0.019167174296012 0.08420000094752744
v -0.0266688626558631 0.02188656910901421 0.08420000094752744
v -0.03042628432786132 0.016263188180907218 0.08420000094752744
v -0.031873845660654876 0.01320257917170553 0.08420000094752744
v -0.03383709496044718 0.006730616412368995 0.08420000094752744
v -0.03433387537955079 0.003381591480654811 0.08420000094752744
v -0.03433387537955079 -0.003381591480654811 0.08420000094752744
v 0.03450000163866207 2.5072777823012828e-18 0.08420000094752744
v 0.03301444401194953 -0.010014821528229745 0.08420000094752744
v 0.03383709496044718 -0.006730616412368995 0.08420000094752744
v 0.031873845660654876 -0.01320257917170553 0.08420000094752744
v 0.016263188180907218 -0.03042628432786132 0.08420000094752744
v 0.0266688626558631 -0.02188656910901421 0.08420000094752744
v 0.028685702732736962 -0.019167174296012 0.08420000094752744
v 0.03042628432786132 -0.016263188180907218 0.08420000094752744
v 0.024395184721941465 -0.024395184721941465 0.08420000094752744
v 0.019167174296012 -0.028685702732736962 0.08420000094752744
v -0.010014821528229745 -0.03301444401194953 0.08420000094752744
v 0.01320257917170553 -0.031873845660654876 0.08420000094752744
v 0.010014821528229745 -0.03301444401194953 0.08420000094752744
v 0.006730616412368995 -0.03383709496044718 0.08420000094752744
v 0.003381591480654811 -0.03433387537955079 0.08420000094752744
v 0.02188656910901421 -0.0266688626558631 0.08420000094752744
v -3.830269616884826e-18 -0.03450000163866207 0.08420000094752744
v -0.003381591480654811 -0.03433387537955079 0.08420000094752744
v -0.028685702732736962 -0.019167174296012 0.08420000094752744
v -0.031873845660654876 -0.01320257917170553 0.08420000094752744
v -0.03042628432786132 -0.016263188180907218 0.08420000094752744
v -0.0266688626558631 -0.02188656910901421 0.08420000094752744
v -0.024395184721941465 -0.024395184721941465 0.08420000094752744
v -0.03383709496044718 -0.006730616412368995 0.08420000094752744
v -0.03301444401194953 -0.010014821528229745 0.08420000094752744
v -0.03450000163866207 1.717753781863082e-18 0.08420000094752744
v -0.006730616412368995 -0.03383709496044718 0.08420000094752744
v -0.019167174296012 -0.028685702732736962 0.08420000094752744
v -0.01320257917170553 -0.031873845660654876 0.08420000094752744
v -0.02188656910901421 -0.0266688626558631 0.08420000094752744
v -0.016263188180907218 -0.03042628432786132 0.08420000094752744
v 0.004116719918281497 0.041797761995052696 0.0
v 0.008193793685998263 0.041192983676532346 0.0
v 0.008193793685998263 0.041192983676532346 -0.006000000284984708
v 0.004116719918281497 0.041797761995052696 -0.006000000284984708
v 0.012191957099167428 0.04019149589703064 0.0
v 0.016072705078598037 0.038802942211693114 0.0
v 0.016072705078598037 0.038802942211693114 -0.006000000284984708
v 0.01979866312605494 0.03704069313507086 0.0
v 0.023333951151027765 0.034921724070802185 0.0
v 0.023333951151027765 0.034921724070802185 -0.006000000284984708
v 0.01979866312605494 0.03704069313507086 -0.006000000284984708
v 0.012191957099167428 0.04019149589703064 -0.006000000284984708
v 0.026644519164106262 0.0324664398355301 0.0
v 0.029698485831378685 0.029698485831378685 0.0
v 0.029698485831378685 0.029698485831378685 -0.006000000284984708
v 0.0324664398355301 0.026644519164106262 0.0
v 0.034921724070802185 0.023333951151027765 0.0
v 0.034921724070802185 0.023333951151027765 -0.006000000284984708
v 0.0324664398355301 0.026644519164106262 -0.006000000284984708
v 0.03704069313507086 0.01979866312605494 0.0
v 0.038802942211693114 0.016072705078598037 0.0
v 0.03704069313507086 0.01979866312605494 -0.006000000284984708
v 0.04019149589703064 0.012191957099167428 0.0
v 0.041192983676532346 0.008193793685998263 0.0
v 0.041192983676532346 0.008193793685998263 -0.006000000284984708
v 0.038802942211693114 0.016072705078598037 -0.006000000284984708
v 0.026644519164106262 0.0324664398355301 -0.006000000284984708
v 0.04019149589703064 0.012191957099167428 -0.006000000284984708
v 0.041797761995052696 0.004116719918281497 -0.006000000284984708
v 0.041797761995052696 0.004116719918281497 0.0
v 0.004116719918281497 -0.041797761995052696 -0.006000000284984708
v 0.042000001994892955 -2.0911785446713494e-18 0.0
v 0.041797761995052696 -0.004116719918281497 0.0
v 0.041797761995052696 -0.004116719918281497 -0.006000000284984708
v 0.041192983676532346 -0.008193793685998263 0.0
v 0.04019149589703064 -0.012191957099167428 0.0
v 0.04019149589703064 -0.012191957099167428 -0.006000000284984708
v 0.041192983676532346 -0.008193793685998263 -0.006000000284984708
v 0.038802942211693114 -0.016072705078598037 0.0
v 0.03704069313507086 -0.01979866312605494 0.0
v 0.03704069313507086 -0.01979866312605494 -0.006000000284984708
v 0.034921724070802185 -0.023333951151027765 0.0
v 0.0324664398355301 -0.026644519164106262 0.0
v 0.034921724070802185 -0.023333951151027765 -0.006000000284984708
v 0.038802942211693114 -0.016072705078598037 -0.006000000284984708
v 0.029698485831378685 -0.029698485831378685 0.0
v 0.026644519164106262 -0.0324664398355301 0.0
v 0.029698485831378685 -0.029698485831378685 -0.006000000284984708
v 0.023333951151027765 -0.034921724070802185 0.0
v 0.01979866312605494 -0.03704069313507086 0.0
v 0.01979866312605494 -0.03704069313507086 -0.006000000284984708
v 0.026644519164106262 -0.0324664398355301 -0.006000000284984708
v 0.016072705078598037 -0.038802942211693114 0.0
v 0.012191957099167428 -0.04019149589703064 0.0
v 0.016072705078598037 -0.038802942211693114 -0.006000000284984708
v 0.008193793685998263 -0.041192983676532346 0.0
v 0.004116719918281497 -0.041797761995052696 0.0
v 0.008193793685998263 -0.041192983676532346 -0.006000000284984708
v 0.0324664398355301 -0.026644519164106262 -0.006000000284984708
v 0.042000001994892955 3.052338215792485e-18 -0.006000000284984708
v 0.023333951151027765 -0.034921724070802185 -0.006000000284984708
v 0.012191957099167428 -0.04019149589703064 -0.006000000284984708
v 0.01979866312605494 -0.03704069313507086 -0.006000000284984708
v 0.016072705078598037 -0.038802942211693114 -0.006000000284984708
v 0.012191957099167428 -0.04019149589703064 -0.006000000284984708
v 0.008193793685998263 -0.041192983676532346 -0.006000000284984708
v -0.008193793685998263 -0.041192983676532346 -0.006000000284984708
v 0.034921724070802185 -0.023333951151027765 -0.006000000284984708
v 0.023333951151027765 -0.034921724070802185 -0.006000000284984708
v 0.004116719918281497 -0.041797761995052696 -0.006000000284984708
v -4.6629369249032665e-18 -0.042000001994892955 -0.006000000284984708
v 0.029698485831378685 -0.029698485831378685 -0.006000000284984708
v 0.026644519164106262 -0.0324664398355301 -0.006000000284984708
v 0.041192983676532346 -0.008193793685998263 -0.006000000284984708
v 0.04019149589703064 -0.012191957099167428 -0.006000000284984708
v 0.038802942211693114 -0.016072705078598037 -0.006000000284984708
v -0.041192983676532346 0.008193793685998263 -0.006000000284984708
v 0.03704069313507086 -0.01979866312605494 -0.006000000284984708
v 0.0324664398355301 -0.026644519164106262 -0.006000000284984708
v -0.012191957099167428 -0.04019149589703064 -0.006000000284984708
v -0.023333951151027765 -0.034921724070802185 -0.006000000284984708
v -0.016072705078598037 -0.038802942211693114 -0.006000000284984708
v -0.01979866312605494 -0.03704069313507086 -0.006000000284984708
v -0.041192983676532346 -0.008193793685998263 -0.006000000284984708
v -0.026644519164106262 -0.0324664398355301 -0.006000000284984708
v -0.029698485831378685 -0.029698485831378685 -0.006000000284984708
v -0.0324664398355301 -0.026644519164106262 -0.006000000284984708
v -0.004116719918281497 -0.041797761995052696 -0.006000000284984708
v -0.03704069313507086 -0.01979866312605494 -0.006000000284984708
v -0.034921724070802185 -0.023333951151027765 -0.006000000284984708
v -0.038802942211693114 -0.016072705078598037 -0.006000000284984708
v -0.04019149589703064 -0.012191957099167428 -0.006000000284984708
v -0.041797761995052696 -0.004116719918281497 -0.006000000284984708
v -0.042000001994892955 2.0911785446713494e-18 -0.006000000284984708
v 0.042000001994892955 3.052338215792485e-18 -0.006000000284984708
v 0.041797761995052696 -0.004116719918281497 -0.006000000284984708
v 0.041192983676532346 0.008193793685998263 -0.006000000284984708
v 0.041797761995052696 0.004116719918281497 -0.006000000284984708
v 0.04019149589703064 0.012191957099167428 -0.006000000284984708
v -4.805798885001295e-19 0.042000001994892955 -0.006000000284984708
v 0.03704069313507086 0.01979866312605494 -0.006000000284984708
v 0.0324664398355301 0.026644519164106262 -0.006000000284984708
v 0.034921724070802185 0.023333951151027765 -0.006000000284984708
v 0.038802942211693114 0.016072705078598037 -0.006000000284984708
v 0.029698485831378685 0.029698485831378685 -0.006000000284984708
v 0.026644519164106262 0.0324664398355301 -0.006000000284984708
v 0.01979866312605494 0.03704069313507086 -0.006000000284984708
v 0.023333951151027765 0.034921724070802185 -0.006000000284984708
v 0.008193793685998263 0.041192983676532346 -0.006000000284984708
v 0.012191957099167428 0.04019149589703064 -0.006000000284984708
v 0.016072705078598037 0.038802942211693114 -0.006000000284984708
v 0.004116719918281497 0.041797761995052696 -0.006000000284984708
v -0.034921724070802185 0.023333951151027765 -0.006000000284984708
v -0.029698485831378685 0.029698485831378685 -0.006000000284984708
v -0.026644519164106262 0.0324664398355301 -0.006000000284984708
v -0.0324664398355301 0.026644519164106262 -0.006000000284984708
v -0.038802942211693114 0.016072705078598037 -0.006000000284984708
v -0.03704069313507086 0.01979866312605494 -0.006000000284984708
v -0.04019149589703064 0.012191957099167428 -0.006000000284984708
v -0.041797761995052696 0.004116719918281497 -0.006000000284984708
v -0.008193793685998263 0.041192983676532346 -0.006000000284984708
v -0.004116719918281497 0.041797761995052696 -0.006000000284984708
v -0.01979866312605494 0.03704069313507086 -0.006000000284984708
v -0.012191957099167428 0.04019149589703064 -0.006000000284984708
v -0.023333951151027765 0.034921724070802185 -0.006000000284984708
v -0.016072705078598037 0.038802942211693114 -0.006000000284984708
vn 4.0448001889228726e-07 -2.4700320682891216e-05 0.0
vn -2.421055070075765e-06 -2.4581382225547725e-05 0.0
vn -4.0448001889228726e-07 -2.4700320682891195e-05 0.0
vn -4.818798522946811e-06 -2.4225712693317345e-05 0.0
vn -6.783058810859871e-06 -2.3754150739799444e-05 0.0
vn -4.818798522946811e-06 -2.4225712693317345e-05 0.0
vn -9.078713325810333e-06 -2.2974909103885817e-05 0.0
vn -1.1643654975716699e-05 -2.178373925196123e-05 0.0
vn -9.826104143878958e-06 -2.2665329225234142e-05 0.0
vn -1.3722760550418381e-05 -2.053756908963611e-05 0.0
vn -1.5357045678811657e-05 -1.9350206305944268e-05 0.0
vn -1.3722760550418381e-05 -2.053756908963611e-05 0.0
vn -7.5571906593007885e-06 -2.3519319861168466e-05 0.0
vn -1.7179750167144826e-05 -1.775177552055658e-05 0.0
vn -1.8837003589956304e-05 -1.5982385246272363e-05 0.0
vn -1.775177552055658e-05 -1.7179750167144826e-05 0.0
vn -2.031284906706815e-05 -1.4059075737395905e-05 0.0
vn -2.1783739251961232e-05 -1.1643654975716697e-05 0.0
vn -2.076228911220407e-05 -1.3386445363440856e-05 0.0
vn -1.9350206305944268e-05 -1.5357045678811657e-05 0.0
vn -2.2974909103885817e-05 -9.078713325810333e-06 0.0
vn -2.3636735300483955e-05 -7.17012473508033e-06 0.0
vn -2.3636735300483955e-05 -7.17012473508033e-06 0.0
vn -2.4146802335021703e-05 -5.215508002770858e-06 0.0
vn -2.4541736073099907e-05 -2.823593407875399e-06 0.0
vn -2.4304623051612984e-05 -4.422089043122763e-06 0.0
vn -2.2665329225234142e-05 -9.826104143878958e-06 0.0
vn -1.5982385246272363e-05 -1.8837003589956304e-05 0.0
vn -2.421055070075765e-06 -2.4581382225547725e-05 0.0
vn -1.1643654975716699e-05 -2.178373925196123e-05 0.0
vn -2.178373925196123e-05 -1.1643654975716699e-05 0.0
vn -2.4621028377995558e-05 -2.0185167322761306e-06 -3.4674160960485856e-22
vn -2.470032068289121e-05 -4.0448001889228726e-07 6.18878508443322e-24
vn -2.4700320682891216e-05 4.0448001889228726e-07 6.18878508443322e-24
vn -2.462102837799556e-05 2.0185167322761306e-06 3.529303946892918e-22
vn -2.4304623051612984e-05 4.422089043122763e-06 0.0
vn -2.4541736073099907e-05 2.823593407875399e-06 0.0
vn -2.3754150739799444e-05 6.783058810859871e-06 0.0
vn -2.282011916455998e-05 9.452408734844646e-06 0.0
vn -2.3519319861168466e-05 7.5571906593007885e-06 0.0
vn -2.41468023350217e-05 5.215508002770858e-06 0.0
vn -2.178373925196123e-05 1.1643654975716699e-05 0.0
vn -2.053756908963611e-05 1.3722760550418381e-05 0.0
vn -2.178373925196123e-05 1.1643654975716699e-05 0.0
vn -1.8837003589956304e-05 1.5982385246272363e-05 0.0
vn -1.7179750167144826e-05 1.775177552055658e-05 0.0
vn -1.775177552055658e-05 1.7179750167144826e-05 0.0
vn -1.9350206305944268e-05 1.5357045678811657e-05 0.0
vn -1.5357045678811657e-05 1.9350206305944268e-05 0.0
vn -1.3386445363440856e-05 2.076228911220407e-05 0.0
vn -1.4059075737395905e-05 2.031284906706815e-05 0.0
vn -1.1286934971126992e-05 2.197440928350164e-05 0.0
vn -9.078713325810333e-06 2.2974909103885817e-05 0.0
vn -9.826104143878958e-06 2.2665329225234142e-05 0.0
vn -1.2000374980306402e-05 2.1593069220420816e-05 0.0
vn -7.17012473508033e-06 2.3636735300483955e-05 0.0
vn -4.818798522946811e-06 2.4225712693317345e-05 0.0
vn -7.17012473508033e-06 2.3636735300483955e-05 0.0
vn -2.0185167322761306e-06 2.4621028377995558e-05 0.0
vn 4.0448001889228726e-07 2.470032068289121e-05 0.0
vn -4.0448001889228726e-07 2.4700320682891206e-05 0.0
vn -2.823593407875399e-06 2.4541736073099913e-05 0.0
vn -1.5982385246272367e-05 1.8837003589956304e-05 0.0
vn -2.282011916455998e-05 9.452408734844646e-06 0.0
vn -2.053756908963611e-05 1.3722760550418381e-05 0.0
vn -4.818798522946811e-06 2.4225712693317345e-05 0.0
vn 0.0 -1.9951370043906127e-05 0.0
vn -2.2807157069984685e-06 -1.982327507783576e-05 0.0
vn -1.6304298341775602e-06 -1.9887322560870932e-05 0.0
vn -4.212757730345482e-06 -1.9504269904086414e-05 0.0
vn -6.1042276889453764e-06 -1.8997431375108958e-05 0.0
vn -5.478931747276955e-06 -1.9187111216919142e-05 0.0
vn -3.57187965508243e-06 -1.96317487494435e-05 0.0
vn -7.936910166155029e-06 -1.830763406543546e-05 0.0
vn -9.693148661533921e-06 -1.7441525889428733e-05 0.0
vn -9.116876047729783e-06 -1.7749550610466268e-05 0.0
vn -1.135603689773227e-05 -1.640744276340574e-05 0.0
vn -1.2909572616224624e-05 -1.52153495255692e-05 0.0
vn -1.2404458662577e-05 -1.5629881543241103e-05 0.0
vn -1.0812729086535164e-05 -1.677047196589847e-05 0.0
vn -7.333216898384413e-06 -1.8557692799367115e-05 0.0
vn -1.4338773861888948e-05 -1.3876730215880598e-05 0.0
vn -1.5629881543241103e-05 -1.2404458662577e-05 0.0
vn -1.52153495255692e-05 -1.2909572616224624e-05 0.0
vn -1.677047196589847e-05 -1.0812729086535164e-05 0.0
vn -1.7749550610466268e-05 -9.116876047729783e-06 0.0
vn -1.7441525889428733e-05 -9.693148661533923e-06 0.0
vn -1.640744276340574e-05 -1.135603689773227e-05 0.0
vn -1.8557692799367115e-05 -7.333216898384413e-06 0.0
vn -1.9187111216919142e-05 -5.478931747276955e-06 0.0
vn -1.8997431375108958e-05 -6.1042276889453764e-06 0.0
vn -1.96317487494435e-05 -3.57187965508243e-06 0.0
vn -1.9887322560870956e-05 -1.6304298341775602e-06 0.0
vn -1.9823275077835774e-05 -2.2807157069984685e-06 0.0
vn -1.9504269904086414e-05 -4.212757730345482e-06 0.0
vn -1.830763406543546e-05 -7.936910166155029e-06 0.0
vn -1.3876730215880598e-05 -1.4338773861888948e-05 0.0
vn 0.0 -1.9951370043906127e-05 0.0
vn -1.9951370043906127e-05 -3.267146537855506e-07 0.0
vn -1.9951370043906124e-05 3.267146537855506e-07 0.0
vn -1.9823275077835764e-05 2.2807157069984685e-06 0.0
vn -1.9504269904086414e-05 4.212757730345482e-06 0.0
vn -1.96317487494435e-05 3.57187965508243e-06 0.0
vn -1.8997431375108958e-05 6.1042276889453764e-06 0.0
vn -1.830763406543546e-05 7.936910166155029e-06 0.0
vn -1.8557692799367115e-05 7.333216898384413e-06 0.0
vn -1.9187111216919142e-05 5.478931747276955e-06 0.0
vn -1.7441525889428733e-05 9.693148661533921e-06 0.0
vn -1.640744276340574e-05 1.135603689773227e-05 0.0
vn -1.677047196589847e-05 1.0812729086535164e-05 0.0
vn -1.52153495255692e-05 1.2909572616224624e-05 0.0
vn -1.3876730215880598e-05 1.4338773861888948e-05 0.0
vn -1.4338773861888948e-05 1.3876730215880598e-05 0.0
vn -1.5629881543241103e-05 1.2404458662577e-05 0.0
vn -1.7749550610466268e-05 9.116876047729783e-06 0.0
vn -1.2404458662577e-05 1.5629881543241103e-05 0.0
vn -1.0812729086535164e-05 1.677047196589847e-05 0.0
vn -1.135603689773227e-05 1.640744276340574e-05 0.0
vn -9.116876047729783e-06 1.7749550610466268e-05 0.0
vn -7.333216898384413e-06 1.8557692799367115e-05 0.0
vn -7.936910166155029e-06 1.830763406543546e-05 0.0
vn -9.693148661533923e-06 1.7441525889428733e-05 0.0
vn -5.478931747276955e-06 1.9187111216919142e-05 0.0
vn -3.57187965508243e-06 1.96317487494435e-05 0.0
vn -4.212757730345482e-06 1.9504269904086414e-05 0.0
vn -1.6304298341775602e-06 1.9887322560870945e-05 0.0
vn 3.267146537855506e-07 1.9951370043906127e-05 0.0
vn -3.267146537855506e-07 1.9951370043906124e-05 0.0
vn -2.2807157069984685e-06 1.982327507783577e-05 0.0
vn -6.1042276889453764e-06 1.8997431375108958e-05 0.0
vn -1.2909572616224624e-05 1.52153495255692e-05 0.0
vn -1.9887322560870942e-05 1.6304298341775602e-06 0.0
vn 0.0 -4.340200575811502e-05 0.0
vn -4.961451516142598e-06 -4.312334708172573e-05 0.0
vn -3.5468365440865063e-06 -4.3262676419920354e-05 0.0
vn -9.164381501280557e-06 -4.2429392471220314e-05 0.0
vn -1.3279069116054215e-05 -4.132681347677745e-05 0.0
vn -1.1918804061937854e-05 -4.173944665592118e-05 0.0
vn -7.770223994739623e-06 -4.270670510737572e-05 0.0
vn -1.7265866290829827e-05 -3.98262278827256e-05 0.0
vn -2.1086376177106095e-05 -3.7942115641123085e-05 0.0
vn -1.9832754264132776e-05 -3.861218365819732e-05 0.0
vn -2.4703805053457638e-05 -3.569258426779571e-05 0.0
vn -2.8083337691874696e-05 -3.3099326809126896e-05 0.0
vn -2.698452311351072e-05 -3.400108969939802e-05 0.0
vn -2.352190157176853e-05 -3.6482315945922284e-05 0.0
vn -1.59526002305002e-05 -4.037020409017966e-05 0.0
vn -3.119242670265007e-05 -3.0187289486444372e-05 0.0
vn -3.400108969939802e-05 -2.698452311351072e-05 0.0
vn -3.3099326809126896e-05 -2.8083337691874696e-05 0.0
vn -3.6482315945922284e-05 -2.352190157176853e-05 0.0
vn -3.8612183658197316e-05 -1.9832754264132776e-05 0.0
vn -3.7942115641123085e-05 -2.1086376177106095e-05 0.0
vn -3.569258426779571e-05 -2.4703805053457638e-05 0.0
vn -4.037020409017966e-05 -1.59526002305002e-05 0.0
vn -4.173944665592118e-05 -1.1918804061937854e-05 0.0
vn -4.132681347677745e-05 -1.3279069116054215e-05 0.0
vn -4.270670510737572e-05 -7.770223994739623e-06 0.0
vn -4.32626764199204e-05 -3.5468365440865063e-06 0.0
vn -4.312334708172575e-05 -4.961451516142598e-06 0.0
vn -4.2429392471220314e-05 -9.164381501280559e-06 0.0
vn -3.98262278827256e-05 -1.7265866290829827e-05 0.0
vn -3.0187289486444372e-05 -3.119242670265007e-05 0.0
vn 0.0 -4.340200575811502e-05 0.0
vn -4.340200575811503e-05 -7.107405240101382e-07 0.0
vn -4.3402005758115016e-05 7.107405240101382e-07 0.0
vn -4.3123347081725746e-05 4.961451516142598e-06 0.0
vn -4.2429392471220314e-05 9.164381501280557e-06 0.0
vn -4.270670510737572e-05 7.770223994739623e-06 0.0
vn -4.132681347677745e-05 1.3279069116054215e-05 0.0
vn -3.98262278827256e-05 1.7265866290829827e-05 0.0
vn -4.037020409017966e-05 1.59526002305002e-05 0.0
vn -4.173944665592118e-05 1.1918804061937854e-05 0.0
vn -3.7942115641123085e-05 2.1086376177106095e-05 0.0
vn -3.569258426779571e-05 2.4703805053457638e-05 0.0
vn -3.6482315945922284e-05 2.352190157176853e-05 0.0
vn -3.3099326809126896e-05 2.8083337691874696e-05 0.0
vn -3.0187289486444372e-05 3.119242670265007e-05 0.0
vn -3.119242670265007e-05 3.0187289486444372e-05 0.0
vn -3.400108969939802e-05 2.698452311351072e-05 0.0
vn -3.861218365819732e-05 1.9832754264132776e-05 0.0
vn -2.698452311351072e-05 3.400108969939802e-05 0.0
vn -2.352190157176853e-05 3.6482315945922284e-05 0.0
vn -2.4703805053457638e-05 3.569258426779571e-05 0.0
vn -1.9832754264132776e-05 3.8612183658197316e-05 0.0
vn -1.59526002305002e-05 4.037020409017966e-05 0.0
vn -1.7265866290829827e-05 3.98262278827256e-05 0.0
vn -2.1086376177106095e-05 3.7942115641123085e-05 0.0
vn -1.1918804061937854e-05 4.173944665592118e-05 0.0
vn -7.770223994739623e-06 4.270670510737572e-05 0.0
vn -9.164381501280557e-06 4.2429392471220314e-05 0.0
vn -3.5468365440865063e-06 4.326267641992038e-05 0.0
vn 7.107405240101382e-07 4.340200575811502e-05 0.0
vn -7.107405240101382e-07 4.3402005758115016e-05 0.0
vn -4.961451516142598e-06 4.312334708172575e-05 0.0
vn -1.3279069116054215e-05 4.132681347677744e-05 0.0
vn -2.8083337691874696e-05 3.3099326809126896e-05 0.0
vn -4.326267641992037e-05 3.5468365440865063e-06 0.0
vn -0.00021392243271701648 -3.5030940522584763e-06 0.0
vn -0.0002132357013132796 1.7481824628213405e-05 0.0
vn -0.00021392243271701653 3.5030940522584763e-06 0.0
vn -0.0002104953918145303 3.829845792282599e-05 0.0
vn -0.00020572789715998246 5.874607644239382e-05 0.0
vn -0.00020912854512325496 4.517000627456262e-05 0.0
vn -0.0002125489699095426 2.4454367099651384e-05 0.0
vn -0.00019897912961977515 7.862807067116967e-05 0.0
vn -0.00019031409164148937 9.775292371473974e-05 0.0
vn -0.00019629796462356203 8.51010212677564e-05 0.0
vn -0.00017981622496736577 0.00011593621401627825 0.0
vn -0.00016536425254042497 0.00013571094848449877 0.0
vn -0.0001759237742649612 0.00012176160061702353 0.0
vn -0.00018701138365562984 0.00010393187556513635 0.0
vn -0.00020369409588798533 6.545059825848838e-05 0.0
vn -0.00014878900034025026 0.00015374309092927178 0.0
vn -0.00013300296139558877 0.00016758660954780218 0.0
vn -0.00013841893557340874 0.00016314189553304779 0.0
vn -0.00011593621401627825 0.00017981622496736577 0.0
vn -9.775292371473974e-05 0.00019031409164148937 0.0
vn -0.00010393187556513635 0.00018701138365562984 0.0
vn -0.00012176160061702353 0.0001759237742649612 0.0
vn -7.862807067116967e-05 0.00019897912961977515 0.0
vn -5.874607644239382e-05 0.00020572789715998246 0.0
vn -6.545059825848838e-05 0.00020369409588798533 0.0
vn -3.829845792282599e-05 0.0002104953918145303 0.0
vn -1.7481824628213405e-05 0.00021323570131327952 0.0
vn -2.4454367099651384e-05 0.00021254896990954259 0.0
vn -4.517000627456262e-05 0.00020912854512325496 0.0
vn -8.51010212677564e-05 0.00019629796462356203 0.0
vn -0.00015374309092927178 0.00014878900034025026 0.0
vn -0.00016536425254042497 0.00013571094848449877 0.0
vn -3.5030940522584763e-06 0.0002139224327170165 0.0
vn 3.5030940522584763e-06 0.00021392243271701653 0.0
vn 2.0968095863932393e-05 0.00021289233561141112 0.0
vn 3.829845792282599e-05 0.0002104953918145303 0.0
vn 2.0968095863932396e-05 0.00021289233561141112 0.0
vn 6.209833735044111e-05 0.00020471099652398392 0.0
vn 8.51010212677564e-05 0.00019629796462356203 0.0
vn 7.862807067116967e-05 0.00019897912961977515 0.0
vn 4.517000627456262e-05 0.00020912854512325496 0.0
vn 0.00010393187556513635 0.00018701138365562984 0.0
vn 0.00012176160061702353 0.0001759237742649612 0.0
vn 0.00011593621401627825 0.00017981622496736577 0.0
vn 0.00013841893557340874 0.00016314189553304773 0.0
vn 0.00015374309092927178 0.00014878900034025026 0.0
vn 0.00014878900034025026 0.00015374309092927178 0.0
vn 0.00013300296139558877 0.00016758660954780218 0.0
vn 9.775292371473974e-05 0.00019031409164148937 0.0
vn 0.00016758660954780218 0.00013300296139558877 0.0
vn 0.00017981622496736577 0.00011593621401627825 0.0
vn 0.0001759237742649612 0.00012176160061702353 0.0
vn 0.00019031409164148937 9.775292371473974e-05 0.0
vn 0.00019897912961977515 7.862807067116967e-05 0.0
vn 0.00019629796462356203 8.51010212677564e-05 0.0
vn 0.00018701138365562984 0.00010393187556513635 0.0
vn 0.00020572789715998246 5.874607644239382e-05 0.0
vn 0.0002104953918145303 3.829845792282599e-05 0.0
vn 0.00020912854512325496 4.517000627456262e-05 0.0
vn 0.0002132357013132793 1.7481824628213405e-05 0.0
vn 0.00021392243271701664 -3.5030940522584763e-06 0.0
vn 0.00021392243271701637 3.5030940522584763e-06 0.0
vn 0.00021254896990954248 2.4454367099651384e-05 0.0
vn 0.00020369409588798533 6.545059825848838e-05 0.0
vn 0.00016314189553304779 0.00013841893557340874 0.0
vn 6.209833735044111e-05 0.00020471099652398392 0.0
vn -6.983721919674039e-05 0.0 0.0
vn -6.938883963754507e-05 7.983380122394034e-06 0.0
vn -6.961302941714275e-05 5.7071309742772185e-06 0.0
vn -6.827220134787637e-05 1.4746209591732613e-05 0.0
vn -6.649808084853342e-05 2.1367056015356962e-05 0.0
vn -6.716202897068714e-05 1.9178277883850226e-05 0.0
vn -6.871842560291188e-05 1.2502919431121732e-05 0.0
vn -6.408352030116935e-05 2.7782137648926897e-05 0.0
vn -6.105182273991916e-05 3.392959917040436e-05 0.0
vn -6.213001841424165e-05 3.191244428518143e-05 0.0
vn -5.743216106489301e-05 3.9750389060507895e-05 0.0
vn -5.325941591752696e-05 4.518827867620074e-05 0.0
vn -5.471042199103408e-05 4.342024261957447e-05 0.0
vn -5.8702894065244834e-05 3.784857155806759e-05 0.0
vn -6.495882651377453e-05 2.5668985897895297e-05 0.0
vn -4.857367976989129e-05 5.019104480695557e-05 0.0
vn -4.342024261957447e-05 5.471042199103408e-05 0.0
vn -4.518827867620074e-05 5.325941591752696e-05 0.0
vn -3.784857155806759e-05 5.8702894065244834e-05 0.0
vn -3.191244428518143e-05 6.213001841424165e-05 0.0
vn -3.392959917040436e-05 6.105182273991916e-05 0.0
vn -3.9750389060507895e-05 5.743216106489301e-05 0.0
vn -2.5668985897895297e-05 6.495882651377453e-05 0.0
vn -1.9178277883850226e-05 6.716202897068714e-05 0.0
vn -2.1367056015356962e-05 6.649808084853342e-05 0.0
vn -1.2502919431121732e-05 6.871842560291188e-05 0.0
vn -5.7071309742772185e-06 6.961302941714273e-05 0.0
vn -7.983380122394034e-06 6.938883963754507e-05 0.0
vn -1.4746209591732613e-05 6.827220134787637e-05 0.0
vn -2.7782137648926897e-05 6.408352030116934e-05 0.0
vn -5.019104480695557e-05 4.857367976989129e-05 0.0
vn -6.98372191967404e-05 0.0 0.0
vn -1.1436272753868007e-06 6.983721919674039e-05 0.0
vn 1.1436272753868007e-06 6.98372191967404e-05 0.0
vn 7.983380122394034e-06 6.938883963754507e-05 0.0
vn 1.4746209591732613e-05 6.827220134787637e-05 0.0
vn 1.2502919431121732e-05 6.871842560291188e-05 0.0
vn 2.1367056015356962e-05 6.649808084853342e-05 0.0
vn 2.7782137648926897e-05 6.408352030116935e-05 0.0
vn 2.5668985897895297e-05 6.495882651377453e-05 0.0
vn 1.9178277883850226e-05 6.716202897068714e-05 0.0
vn 3.392959917040436e-05 6.105182273991916e-05 0.0
vn 3.9750389060507895e-05 5.743216106489301e-05 0.0
vn 3.784857155806759e-05 5.8702894065244834e-05 0.0
vn 4.518827867620074e-05 5.325941591752696e-05 0.0
vn 5.019104480695557e-05 4.857367976989129e-05 0.0
vn 4.857367976989129e-05 5.019104480695557e-05 0.0
vn 4.342024261957447e-05 5.471042199103408e-05 0.0
vn 3.191244428518143e-05 6.213001841424165e-05 0.0
vn 5.471042199103408e-05 4.342024261957447e-05 0.0
vn 5.8702894065244834e-05 3.784857155806759e-05 0.0
vn 5.743216106489301e-05 3.9750389060507895e-05 0.0
vn 6.213001841424165e-05 3.191244428518143e-05 0.0
vn 6.495882651377453e-05 2.5668985897895297e-05 0.0
vn 6.408352030116935e-05 2.7782137648926897e-05 0.0
vn 6.105182273991916e-05 3.392959917040436e-05 0.0
vn 6.716202897068714e-05 1.9178277883850226e-05 0.0
vn 6.871842560291188e-05 1.2502919431121732e-05 0.0
vn 6.827220134787637e-05 1.4746209591732613e-05 0.0
vn 6.961302941714264e-05 5.7071309742772185e-06 0.0
vn 6.983721919674043e-05 -1.1436272753868007e-06 0.0
vn 6.983721919674035e-05 1.1436272753868007e-06 0.0
vn 6.938883963754502e-05 7.983380122394034e-06 0.0
vn 6.649808084853343e-05 2.1367056015356962e-05 0.0
vn 5.325941591752696e-05 4.518827867620074e-05 0.0
vn 5.7071309742772185e-06 6.961302941714274e-05 0.0
vn 4.359169420446502e-06 -1.4760667295742742e-06 0.0
vn 4.126121912956616e-06 -2.038665965147236e-06 0.0
vn 4.592216927936389e-06 -9.134674940013122e-07 0.0
vn 2.0386583357519804e-06 -4.12611428356136e-06 0.0
vn 1.4760514707837622e-06 -4.35915416165599e-06 0.0
vn 3.0318682689690423e-06 -3.462471337217886e-06 0.0
vn 3.462471337217886e-06 -3.0318682689690423e-06 0.0
vn 4.592216927936389e-06 -9.134674940013122e-07 0.0
vn 3.0448153527184807e-07 -4.592201669145877e-06 0.0
vn -3.0448153527184807e-07 -4.592209298541132e-06 0.0
vn -3.0318682689690423e-06 -3.462471337217886e-06 0.0
vn -3.462471337217886e-06 -3.0318682689690423e-06 0.0
vn -2.0386583357519804e-06 -4.126121912956616e-06 0.0
vn -4.592216927936389e-06 -9.134446058155442e-07 0.0
vn -4.592216927936389e-06 -9.134446058155442e-07 0.0
vn -4.359169420446502e-06 -1.4760514707837622e-06 0.0
vn -4.126121912956616e-06 -2.0386583357519804e-06 0.0
vn -1.4760514707837622e-06 -4.359169420446502e-06 0.0
vn -4.35915416165599e-06 1.4760514707837622e-06 0.0
vn -4.12611428356136e-06 2.0386583357519804e-06 0.0
vn -4.592194039750621e-06 9.134446058155442e-07 0.0
vn -2.038665965147236e-06 4.126121912956616e-06 0.0
vn -1.4760667295742742e-06 4.359169420446502e-06 0.0
vn -3.0318682689690423e-06 3.462471337217886e-06 0.0
vn -3.462471337217886e-06 3.0318682689690423e-06 0.0
vn -4.592194039750621e-06 9.134446058155442e-07 0.0
vn -3.0448916466710407e-07 4.592209298541132e-06 0.0
vn 3.0448916466710407e-07 4.592201669145877e-06 0.0
vn 3.0318682689690423e-06 3.462471337217886e-06 0.0
vn 3.462471337217886e-06 3.0318682689690423e-06 0.0
vn 2.038665965147236e-06 4.12611428356136e-06 0.0
vn 4.592194039750621e-06 9.134674940013122e-07 0.0
vn 4.592194039750621e-06 9.134674940013122e-07 0.0
vn 4.35915416165599e-06 1.4760667295742742e-06 0.0
vn 4.12611428356136e-06 2.038665965147236e-06 0.0
vn 1.4760667295742742e-06 4.35915416165599e-06 0.0
vn 0.0 0.0 -3.950377166759576e-06
vn 0.0 0.0 -2.3428161201285917e-06
vn 0.0 0.0 -6.545172170044158e-06
vn 0.0 0.0 -2.4652860788102607e-06
vn 0.0 0.0 -1.930456245041823e-06
vn 2.5958109467217454e-23 -2.7303646046988056e-21 -1.8836545994344684e-05
vn 6.808842605157115e-22 -2.9761041652476177e-21 -1.4520872358843887e-05
vn 0.0 0.0 -1.575688838872826e-06
vn 0.0 0.0 -1.5739169366138089e-06
vn 0.0 0.0 -5.45475388340755e-06
vn 0.0 0.0 -6.947706068186215e-06
vn -4.070666948887694e-21 -4.924049170134553e-22 -2.867030411531024e-05
vn -4.373276621702331e-22 -2.9222636654433613e-21 -1.5127055372201146e-05
vn 3.838006208256671e-22 -9.265715432749011e-22 -1.1209200301144364e-06
vn 7.091667529797047e-22 -7.091667529797047e-22 -1.3393906541393018e-06
vn 2.1396661961799436e-21 -2.1396661961799436e-21 -4.9123512235794116e-06
vn 9.26571543274901e-22 -3.8380062082566716e-22 -1.1209200301144364e-06
vn 1.619218514733794e-21 -2.4551432866953694e-21 -5.650901210650731e-06
vn 2.4551432866953694e-21 -1.619218514733794e-21 -5.650901210650731e-06
vn 9.265740426114568e-22 3.838006208256671e-22 -3.386896216778506e-06
vn 2.9228587158216573e-21 -7.7533668829114145e-22 -1.3886481154658289e-05
vn -7.091667529797048e-22 -7.091667529797048e-22 -2.689083138136389e-06
vn -3.838006208256671e-22 -9.265740426114568e-22 -3.386896216778506e-06
vn 0.0 0.0 -1.7239886984590084e-05
vn -3.833614873928354e-21 6.553760316285153e-22 -3.5625917328143586e-05
vn -5.514646147244862e-21 -3.081482026220081e-22 -3.496976126815695e-05
vn 0.0 0.0 -7.3582682006093294e-06
vn 0.0 0.0 -2.1179499444128123e-05
vn 0.0 0.0 -1.0887160101831206e-05
vn 0.0 0.0 -5.661830711557152e-05
vn 0.0 0.0 -8.68604657655163e-06
vn 0.0 0.0 -4.1817625663067636e-05
vn 0.0 0.0 -7.091351774981321e-05
vn 0.0 0.0 -6.52977915472201e-05
vn 0.0 0.0 -7.19323325012905e-05
vn 0.0 0.0 -3.389562158404226e-06
vn 0.0 0.0 -4.860881469746369e-06
vn 0.0 0.0 -3.6135268918354807e-06
vn 0.0 0.0 -7.406027031189438e-06
vn 0.0 0.0 -2.1804046813379097e-05
vn 0.0 0.0 -1.656145200987863e-05
vn 0.0 0.0 -3.375807640321883e-05
vn 0.0 0.0 -4.230912217219237e-05
vn 0.0 0.0 -4.224321700869083e-06
vn 0.0 0.0 -2.577084465595634e-05
vn 0.0 0.0 -4.635472056941354e-06
vn 0.0 0.0 -1.630066631153617e-05
vn 0.0 0.0 -2.5611812683572757e-05
vn 0.0 0.0 -1.6881806040072432e-05
vn 0.0 0.0 -7.3750560258684315e-06
vn 0.0 0.0 -2.100537515081912e-05
vn 0.0 0.0 -5.245071318387974e-06
vn 0.0 0.0 -4.051511045704375e-06
vn 0.0 0.0 -1.4550513876358276e-06
vn 0.0 0.0 -1.6347566440772878e-06
vn 0.0 0.0 -6.590557935669385e-06
vn 0.0 0.0 -1.1022961460456825e-05
vn 0.0 0.0 -4.830790046746482e-06
vn 0.0 0.0 -6.982849770317845e-06
vn 0.0 0.0 -2.3580252170095266e-06
vn 0.0 0.0 -2.4576106231547746e-06
vn 0.0 0.0 -9.080718957056463e-06
vn 0.0 0.0 -3.917059172837043e-06
vn 0.0 0.0 -4.3392452269372866e-05
vn 0.0 0.0 -7.2951115712029e-05
vn 0.0 0.0 -5.6708949513353156e-05
vn 0.0 0.0 -7.655266609188611e-05
vn 0.0 0.0 -1.1036352191890273e-05
vn 0.0 0.0 -9.096075372420012e-06
vn 0.0 0.0 -3.6322811623556166e-06
vn 0.0 0.0 -5.13323606792122e-06
vn 0.0 0.0 -1.1973723200363893e-06
vn 0.0 0.0 -4.830675107957398e-06
vn 0.0 0.0 -3.1322257076557767e-06
vn 0.0 0.0 -4.188550719890238e-05
vn 0.0 0.0 -2.160285537085738e-05
vn 0.0 0.0 -7.683863217929819e-06
vn 0.0 0.0 -7.849348475959436e-05
vn 0.0 0.0 -1.6476323613612103e-05
vn 2.956941335319182e-21 2.282943996682625e-22 -1.5023391146985022e-05
vn 3.914246803663098e-21 2.854558929208693e-22 -1.6541249007487677e-05
vn 5.6761682714917695e-22 8.260190680792591e-22 -7.47523032577689e-06
vn 3.4419763336640976e-22 3.1998306108042967e-21 -2.996324429833105e-05
vn 1.954139610540169e-22 5.4590525711248475e-21 -3.507006124167689e-05
vn -1.5898096545953777e-21 1.826732597166008e-21 -1.649247999648144e-05
vn -9.037707207116372e-22 4.750323410320432e-21 -4.2820733390758184e-05
vn -2.2618039832606077e-21 2.2618039832606077e-21 -2.1139625468161688e-05
vn -7.091667529797052e-22 7.091667529797052e-22 -6.505605555191724e-06
vn -1.826732597166008e-21 1.5898096545953777e-21 -1.6492479996481442e-05
vn 0.0 0.0 -1.6413163343749415e-05
vn 0.0 0.0 -7.0253603751414524e-06
vn 0.0 0.0 -2.1486269070644696e-05
vn 0.0 0.0 -1.688208884805404e-05
vn 0.0 0.0 -7.004314653155785e-06
vn 0.0 0.0 -2.1135014414412426e-05
vn 0.0 0.0 -2.693719729028469e-05
vn 0.0 0.0 -1.1973723200363912e-06
vn 0.0 0.0 -1.2779402012612077e-06
vn 0.0 0.0 -6.588149569941938e-06
vn 0.0 0.0 -3.8033472837353798e-06
vn 0.0 0.0 -2.52067257047378e-06
vn 0.0 0.0 -4.87663836159382e-05
vn 0.0 0.0 -3.946555342847167e-05
vn 0.0 0.0 -5.6769229674834366e-05
vn 0.0 0.0 -6.87637116032571e-06
vn 0.0 0.0 -5.7308837136679354e-05
vn 0.0 0.0 -5.575418772690226e-05
vn 0.0 0.0 -4.5606642473018156e-05
vn 0.0 0.0 -3.242775958772386e-05
vn 0.0 0.0 -2.657625478184456e-05
vn 0.0 0.0 -1.6557352912868705e-05
vn 0.0 0.0 -1.7624319292074933e-05
vn 0.0 0.0 -6.9121722964167325e-06
vn 0.0 0.0 -8.330047669672019e-06
vn 0.0 0.0 -8.425480932875782e-06
vn 0.0 0.0 -3.492384983115396e-05
vn 0.0 0.0 -3.7394725764064826e-06
vn 0.0 0.0 -4.86032469601101e-05
vn 0.0 0.0 -1.688208884805404e-05
vn 0.0 0.0 -1.7186309985004825e-06
vn 0.0 0.0 -5.030613996127491e-06
vn 0.0 0.0 -4.697890917566178e-06
vn 0.0 0.0 -3.0581687456684316e-06
vn 0.0 0.0 -4.165793346294916e-06
vn 0.0 0.0 -1.5857784284956992e-06
vn 0.0 0.0 -1.577846922215889e-06
vn 0.0 0.0 -5.151930789426383e-06
vn 0.0 0.0 -3.3397759677144633e-06
vn -1.9634787981365022e-23 -1.8971618185244034e-21 -1.3401578800960125e-05
vn 9.351017789394125e-22 -2.567453474161081e-21 -1.8094162070486073e-05
vn 0.0 0.0 -7.004314653155783e-06
vn 0.0 0.0 -1.6413163343749415e-05
vn 0.0 0.0 -2.1135014414412423e-05
vn 3.1998306108042963e-21 -3.4419763336640966e-22 -2.9963244298331047e-05
vn 1.1646121058420102e-21 -2.1174891663653666e-21 -1.5831461119785975e-05
vn 0.0 0.0 -7.0253603751414524e-06
vn 0.0 0.0 -2.1486269070644696e-05
vn -1.4507686461106529e-21 -2.4299912132673566e-21 -7.573670569082139e-06
vn -5.766985830803064e-22 -1.8220313451047874e-21 -7.61367475973964e-06
vn -1.7439160806591683e-21 -1.962433075721639e-21 -4.070862785292998e-06
vn -1.1407488569645387e-21 -1.941629597966841e-21 -4.5544998238150245e-06
vn 3.838006208256671e-22 -9.265740426114568e-22 -3.0581425326389298e-06
vn -3.838006208256671e-22 -9.265715432749013e-22 -1.4416586706232503e-06
vn -7.091667529797047e-22 -7.091667529797048e-22 -1.3308230000491593e-06
vn -1.8442154563729393e-21 -1.4464876991468776e-21 -3.505835864548788e-06
vn 5.459052571124847e-21 -1.9541396105401674e-22 -3.5070061241676885e-05
vn 7.091667529797047e-22 7.091667529797052e-22 -6.505605555191724e-06
vn 2.2618039832606077e-21 2.2618039832606077e-21 -2.1139625468161688e-05
vn 1.826732597166008e-21 1.5898096545953777e-21 -1.649247999648144e-05
vn 1.5898096545953777e-21 1.826732597166008e-21 -1.649247999648144e-05
vn 4.750323410320432e-21 9.037707207116374e-22 -4.2820733390758184e-05
vn -2.401072639649945e-21 -1.7198109793143268e-21 -5.7282720858588805e-06
vn -1.0029162777044818e-21 1.410593220986745e-37 -1.971683399535662e-06
vn -1.9240342686149045e-21 -8.465936066055574e-22 -5.885185444618224e-06
vn -2.727087099706524e-21 -5.226502634414461e-22 -1.4427976090835311e-05
vn -3.428194991896117e-21 5.147866841475508e-22 -1.6697158863812296e-05
vn 1.0855018555135772e-21 4.701628836206258e-21 -4.268794077037157e-05
vn -2.311111519665059e-22 3.634526471581405e-21 -3.562534116341282e-05
vn 0.0 0.0 -2.5878070238956282e-05
vn -2.311111519665058e-22 4.135984610433646e-21 -2.843320759762669e-05
vn -7.0343410803317645e-22 7.020403113472965e-22 -7.4845965781851965e-06
vn -5.377597526551099e-22 8.649304058023435e-22 -7.501415988123432e-06
vn 0.0 0.0 -1.638849861865472e-05
vn 0.0 0.0 -2.1052090501187735e-05
vn 0.0 0.0 -2.647096878298866e-05
vn 0.0 0.0 -1.6881806040072432e-05
vn 0.0 0.0 -5.632801268104824e-05
vn -1.3516618461736108e-21 -3.882415587219152e-21 -7.671706396405973e-05
vn 0.0 0.0 -3.9642890351528254e-05
vn 0.0 0.0 -1.7999921933939162e-05
vn -2.570009670623396e-21 4.294759963805869e-22 -1.4827665387318017e-05
vn 7.106983469769443e-21 6.999768444488505e-22 -3.234610770314339e-05
vn 1.3010427305750225e-21 -3.7947079641771534e-21 -2.1521890602836507e-05
vn 0.0 0.0 -6.82325310982356e-06
vn 0.0 0.0 -6.2917903453588875e-06
vn 0.0 0.0 -2.732883543070966e-06
vn 0.0 0.0 -3.657621440379459e-06
vn 0.0 0.0 -3.70617981640108e-06
vn 0.0 0.0 -1.2987118657909807e-06
vn 0.0 0.0 -3.7383540049458174e-06
vn 0.0 0.0 -1.1553814188385056e-06
vn 0.0 0.0 -4.641911478794102e-06
vn 0.0 0.0 -7.081951292736991e-06
vn 0.0 0.0 -2.374329770229916e-05
vn -6.2396216493860964e-21 -8.289392772803156e-21 -0.00011082251704612048
vn 0.0 0.0 -3.1053554560047e-06
vn 0.0 0.0 -2.6075479479633475e-06
vn 4.420853555268074e-21 -2.4727739580669054e-23 -2.1521890602836514e-05
vn 5.917396444151894e-21 0.0 -2.7424001119951327e-05
vn 0.0 0.0 -2.534618317337476e-05
vn 0.0 0.0 -4.860881469746365e-06
vn 0.0 0.0 -1.277940201261209e-06
vn 0.0 0.0 -8.686046576551626e-06
vn 0.0 0.0 -3.613526891835481e-06
vn 0.0 0.0 -5.6107068501230455e-05
vn 0.0 0.0 -1.0887160101831208e-05
vn 0.0 0.0 -1.6561452009878626e-05
vn 0.0 0.0 -2.180404681337909e-05
vn 0.0 0.0 -7.406027031189438e-06
vn 0.0 0.0 -3.389562158404227e-06
vn 0.0 0.0 -4.1817625663067636e-05
vn 0.0 0.0 -7.282685208092165e-05
vn 0.0 0.0 -1.2413941420499453e-05
vn 0.0 0.0 -7.544468029616328e-05
vn 0.0 0.0 -4.4673768160728654e-05
vn 0.0 0.0 -5.45475388340755e-06
vn 0.0 0.0 -6.947706068186215e-06
vn 0.0 0.0 -4.635472056941354e-06
vn 0.0 0.0 -1.5739169366138087e-06
vn 0.0 0.0 -1.575688838872826e-06
vn 0.0 0.0 -3.950377166759576e-06
vn 0.0 0.0 -2.4652860788102607e-06
vn 0.0 0.0 -6.62126825326757e-06
vn 0.0 0.0 -2.3428161201285917e-06
vn 0.0 0.0 -8.761628428533337e-06
vn 0.0 0.0 -6.073807701318148e-05
vn 0.0 0.0 -1.7999921933939166e-05
vn 0.0 0.0 -2.6470968782988668e-05
vn 0.0 0.0 -1.6881806040072432e-05
vn 0.0 0.0 -1.6388498618654723e-05
vn 0.0 0.0 -7.081951292736991e-06
vn 0.0 0.0 -2.1052090501187735e-05
vn 2.311111519665059e-22 -3.634526471581405e-21 -3.5625341163412826e-05
vn 0.0 0.0 -2.5878070238956285e-05
vn -1.0855018555135775e-21 -4.701628836206258e-21 -4.268794077037157e-05
vn 2.8814201322846955e-21 8.225891452126909e-22 -1.3533291261102117e-05
vn 2.8723906541431886e-21 -1.8659921757825136e-22 -1.4935880547815705e-05
vn 5.377597526551097e-22 -8.649304058023431e-22 -7.501415988123434e-06
vn 7.034341080331761e-22 -7.020403113472964e-22 -7.4845965781852e-06
vn 2.311111519665059e-22 -4.135984610433646e-21 -2.8433207597626695e-05
vn 3.8313696365891746e-21 -1.9095097907777029e-22 -1.621700237722811e-05
vn -1.5898096545953777e-21 -1.826732597166008e-21 -1.6492479996481442e-05
vn -2.2618039832606077e-21 -2.2618039832606073e-21 -2.1139625468161695e-05
vn -4.750323410320432e-21 -9.037707207116372e-22 -4.2820733390758184e-05
vn -1.826732597166008e-21 -1.5898096545953777e-21 -1.649247999648144e-05
vn -3.1998306108042967e-21 3.4419763336640976e-22 -2.9963244298331047e-05
vn 0.0 0.0 -2.1486269070644696e-05
vn -7.091667529797052e-22 -7.091667529797047e-22 -6.505605555191724e-06
vn 9.265740426114568e-22 -3.838006208256671e-22 -3.386896216778506e-06
vn 2.139666196179944e-21 2.139666196179944e-21 -4.9123512235794116e-06
vn 2.4551432866953694e-21 1.619218514733794e-21 -5.650901210650731e-06
vn 9.265715432749011e-22 3.8380062082566716e-22 -1.1209200301144364e-06
vn 7.091667529797048e-22 7.091667529797047e-22 -1.3393906541393018e-06
vn -4.790228442602443e-22 3.006814346619354e-21 -1.5343273539183538e-05
vn -5.4590525711248475e-21 1.954139610540169e-22 -3.507006124167689e-05
vn 5.431129745092819e-22 2.5864652132439254e-21 -1.2968068421829361e-05
vn -3.838006208256668e-22 9.265740426114568e-22 -3.386896216778506e-06
vn -7.091667529797048e-22 7.091667529797048e-22 -2.689083138136389e-06
vn 3.838006208256671e-22 9.265715432749011e-22 -1.1209200301144364e-06
vn 1.6192185147337942e-21 2.4551432866953694e-21 -5.650901210650731e-06
vn -2.0982763497058152e-23 3.753220381166398e-21 -1.9311383376623682e-05
vn 0.0 0.0 -2.3580252170095266e-06
vn 0.0 0.0 -6.982849770317845e-06
vn 0.0 0.0 -9.080718957056463e-06
vn 0.0 0.0 -2.4576106231547746e-06
vn 0.0 0.0 -1.4550513876358278e-06
vn 0.0 0.0 -5.245071318387974e-06
vn 0.0 0.0 -4.051511045704376e-06
vn 0.0 0.0 -1.6347566440772878e-06
vn 0.0 0.0 -7.0253603751414524e-06
vn 0.0 0.0 -2.1135014414412426e-05
vn 0.0 0.0 -7.004314653155784e-06
vn 0.0 0.0 -1.6413163343749415e-05
vn 0.0 0.0 -2.657737297241321e-05
vn 0.0 0.0 -2.887812373165499e-05
vn 0.0 0.0 -3.917059172837041e-06
vn 0.0 0.0 -1.688208884805404e-05
vn 0.0 0.0 -4.995842784298794e-05
vn 0.0 0.0 -6.52977915472201e-05
vn 0.0 0.0 -7.19323325012905e-05
vn 0.0 0.0 -5.4705128848028505e-05
vn 0.0 0.0 -6.918755996191362e-05
vn 0.0 0.0 -1.762431929207493e-05
vn 0.0 0.0 -2.6576254781844572e-05
vn 0.0 0.0 -4.830790046746481e-06
vn 0.0 0.0 -6.5905579356693835e-06
vn 0.0 0.0 -3.773600991387615e-05
vn 0.0 0.0 -9.096075372420012e-06
vn 0.0 0.0 -1.6557352912868722e-05
vn 0.0 0.0 -3.1322257076557767e-06
vn 0.0 0.0 -3.6322811623556166e-06
vn 0.0 0.0 -5.133236067921219e-06
vn 0.0 0.0 -4.269111874857018e-06
vn 0.0 0.0 -2.100537515081912e-05
vn 9.037707207116374e-22 -4.750323410320432e-21 -4.2820733390758184e-05
vn 0.0 0.0 -2.1486269070644696e-05
vn -3.4419763336640966e-22 -3.1998306108042963e-21 -2.9963244298331047e-05
vn 3.833614873928354e-21 -6.553760316285153e-22 -3.562591732814357e-05
vn 2.2618039832606073e-21 -2.2618039832606077e-21 -2.1139625468161688e-05
vn 1.826732597166008e-21 -1.5898096545953777e-21 -1.649247999648144e-05
vn 7.091667529797047e-22 -7.091667529797047e-22 -6.505605555191724e-06
vn 1.5898096545953777e-21 -1.826732597166008e-21 -1.6492479996481442e-05
vn 0.0 0.0 -3.9181768564029947e-05
vn 0.0 0.0 -1.7955946777835615e-05
vn 0.0 0.0 -2.693719729028469e-05
vn 8.461372944272061e-21 4.207676269862909e-21 -7.671706396405973e-05
vn 5.3545791726020996e-21 3.3157571091212634e-21 -6.674127741351371e-05
vn 0.0 0.0 -2.1135014414412426e-05
vn 0.0 0.0 -1.6413163343749415e-05
vn -1.9541396105401674e-22 -5.459052571124847e-21 -3.5070061241676885e-05
vn 0.0 0.0 -1.688208884805404e-05
vn 5.514646147244862e-21 3.0814820262200774e-22 -3.496976126815694e-05
vn 4.070666948887695e-21 4.924049170134551e-22 -2.8670304115310237e-05
vn 1.1229169237519991e-21 2.0329384851893736e-21 -1.5369129140194386e-05
vn -6.68872449029146e-23 1.8557232349874416e-21 -1.3009803123370588e-05
vn -5.766985830803062e-22 1.822031345104787e-21 -7.61367475973964e-06
vn 0.0 0.0 -1.630066631153617e-05
vn 0.0 0.0 -2.5611812683572753e-05
vn 0.0 0.0 -2.117949944412812e-05
vn -1.924034268614905e-21 8.465936066055574e-22 -5.885185444618224e-06
vn -3.511072158970041e-21 -6.092915979906499e-22 -1.7134866879007355e-05
vn -2.7768133999508783e-21 4.659473151355866e-22 -1.482824732826836e-05
vn -5.6761682714917695e-22 -8.2601906807925925e-22 -7.475230325776889e-06
vn -2.654560351799389e-21 -4.71171178470598e-22 -1.4995202732182246e-05
vn -2.401072639649945e-21 1.7198109793143264e-21 -5.7282720858588805e-06
vn -1.8442154563729393e-21 1.4464876991468776e-21 -3.505835864548788e-06
vn -1.0029162777044818e-21 -1.410593220986745e-37 -1.971683399535662e-06
vn -1.7439160806591683e-21 1.962433075721639e-21 -4.070862785292998e-06
vn 0.0 0.0 -1.7239886984590084e-05
vn 0.0 0.0 -2.2887896661703836e-05
vn 1.3386447931505248e-20 8.93991413809067e-21 -0.00011082251704612048
vn 0.0 0.0 -7.004314653155785e-06
vn 7.106983469769449e-21 -6.999768444488501e-22 -3.234610770314342e-05
vn 0.0 0.0 -4.066125988984546e-06
vn 0.0 0.0 -2.4913409103606287e-06
vn 0.0 0.0 -3.0513948890196877e-06
vn 0.0 0.0 -3.5975580646121524e-06
vn 0.0 0.0 -7.0253603751414524e-06
vn 0.0 0.0 -6.668432956470893e-06
vn 0.0 0.0 -6.99669632328146e-06
vn 0.0 0.0 -2.6541981005954436e-06
vn 0.0 0.0 -3.6685632202713024e-06
vn 0.0 0.0 -1.2388353805016492e-06
vn 0.0 0.0 -1.256626997175924e-06
vn 0.0 0.0 -3.8688592244469994e-06
vn 0.0 0.0 -1.6561452009878616e-05
vn 0.0 0.0 -6.912172296416732e-06
vn 0.0 0.0 -7.406027031189438e-06
vn 0.0 0.0 -2.1804046813379084e-05
vn 0.0 0.0 -3.388978463007774e-05
vn 0.0 0.0 -5.7308837136679354e-05
vn 0.0 0.0 -4.881485027799055e-05
vn 0.0 0.0 -4.591857904710869e-05
vn 0.0 0.0 -3.521123867222364e-05
vn 0.0 0.0 -8.431243244793615e-06
vn 0.0 0.0 -5.9888074205430944e-05
vn 0.0 0.0 -5.6769229674834366e-05
vn 0.0 0.0 -8.712057917354251e-06
vn 0.0 0.0 -1.6881806040072432e-05
vn 0.0 0.0 -3.282989244291526e-05
vn 0.0 0.0 -3.651618258660383e-06
vn 0.0 0.0 -2.6122927647456753e-06
vn 0.0 0.0 -6.216871675382112e-06
vn 0.0 0.0 -6.706774048577625e-06
vn 0.0 0.0 -1.2779402012612083e-06
vn 0.0 0.0 -1.19737232003639e-06
vn 0.0 0.0 -5.575418772690226e-05
vn 0.0 0.0 -4.30882260337091e-06
vn 8.795082028193975e-22 2.4547192325930906e-21 -1.766636578619404e-05
vn 0.0 0.0 -7.3582682006093294e-06
vn -3.838006208256671e-22 9.265715432749013e-22 -1.4416586706232503e-06
vn -7.091667529797047e-22 7.091667529797048e-22 -1.3308230000491593e-06
vn -1.4507686461106529e-21 2.4299912132673566e-21 -7.57367056908214e-06
vn -1.1407488569645387e-21 1.941629597966841e-21 -4.5544998238150245e-06
vn 3.838006208256671e-22 9.265740426114568e-22 -3.0581425326389294e-06
vn 0.0 0.0 -3.4965467545328365e-06
vn 0.0 0.0 -5.249725250629668e-06
vn 0.0 0.0 -4.2098902945372085e-06
vn 0.0 0.0 -1.6794200832192075e-06
vn 0.0 0.0 -1.6141366167442622e-06
vn 0.0 0.0 -3.0453244769214767e-06
vn 0.0 0.0 -4.940696879547617e-06
vn 0.0 0.0 -3.5889372068388973e-06
vn 0.0 0.0 -4.654321011736544e-06
vn 0.0 0.0 -1.6429252716918623e-06
vn 6.938883963754511e-05 -7.983380122394034e-06 0.0
vn 6.827220134787637e-05 -1.4746209591732613e-05 0.0
vn 6.871842560291188e-05 -1.2502919431121732e-05 0.0
vn 6.961302941714282e-05 -5.7071309742772185e-06 0.0
vn 6.649808084853342e-05 -2.1367056015356962e-05 0.0
vn 6.408352030116935e-05 -2.7782137648926897e-05 0.0
vn 6.495882651377453e-05 -2.5668985897895297e-05 0.0
vn 6.105182273991916e-05 -3.392959917040436e-05 0.0
vn 5.743216106489301e-05 -3.9750389060507895e-05 0.0
vn 5.8702894065244834e-05 -3.784857155806759e-05 0.0
vn 6.213001841424165e-05 -3.191244428518143e-05 0.0
vn 6.716202897068714e-05 -1.9178277883850226e-05 0.0
vn 5.325941591752696e-05 -4.518827867620074e-05 0.0
vn 4.857367976989129e-05 -5.019104480695557e-05 0.0
vn 5.019104480695557e-05 -4.857367976989129e-05 0.0
vn 4.342024261957447e-05 -5.471042199103408e-05 0.0
vn 3.784857155806759e-05 -5.8702894065244834e-05 0.0
vn 3.9750389060507895e-05 -5.743216106489301e-05 0.0
vn 4.518827867620074e-05 -5.325941591752696e-05 0.0
vn 3.191244428518143e-05 -6.213001841424165e-05 0.0
vn 2.5668985897895297e-05 -6.495882651377453e-05 0.0
vn 2.7782137648926897e-05 -6.408352030116935e-05 0.0
vn 1.9178277883850226e-05 -6.716202897068714e-05 0.0
vn 1.2502919431121732e-05 -6.871842560291188e-05 0.0
vn 1.4746209591732613e-05 -6.827220134787637e-05 0.0
vn 2.1367056015356962e-05 -6.649808084853343e-05 0.0
vn 3.392959917040436e-05 -6.105182273991916e-05 0.0
vn 5.471042199103408e-05 -4.342024261957447e-05 0.0
vn 7.983380122394034e-06 -6.938883963754503e-05 0.0
vn 5.7071309742772185e-06 -6.961302941714267e-05 0.0
vn -6.950093452734389e-05 -6.845255548335626e-06 0.0
vn -1.1436272753868007e-06 -6.983721919674042e-05 0.0
vn -7.983380122394034e-06 -6.93888396375451e-05 0.0
vn -5.7071309742772185e-06 -6.961302941714279e-05 0.0
vn -1.4746209591732613e-05 -6.827220134787637e-05 0.0
vn -2.1367056015356962e-05 -6.649808084853342e-05 0.0
vn -1.9178277883850226e-05 -6.716202897068714e-05 0.0
vn -1.2502919431121732e-05 -6.871842560291188e-05 0.0
vn -2.7782137648926897e-05 -6.408352030116935e-05 0.0
vn -3.392959917040436e-05 -6.105182273991916e-05 0.0
vn -3.191244428518143e-05 -6.213001841424165e-05 0.0
vn -3.9750389060507895e-05 -5.743216106489301e-05 0.0
vn -4.518827867620074e-05 -5.325941591752696e-05 0.0
vn -4.342024261957447e-05 -5.471042199103408e-05 0.0
vn -3.784857155806759e-05 -5.8702894065244834e-05 0.0
vn -2.5668985897895297e-05 -6.495882651377453e-05 0.0
vn -5.019104480695557e-05 -4.857367976989129e-05 0.0
vn -5.471042199103408e-05 -4.342024261957447e-05 0.0
vn -5.325941591752696e-05 -4.518827867620074e-05 0.0
vn -5.8702894065244834e-05 -3.784857155806759e-05 0.0
vn -6.213001841424165e-05 -3.191244428518143e-05 0.0
vn -6.105182273991916e-05 -3.392959917040436e-05 0.0
vn -5.743216106489301e-05 -3.9750389060507895e-05 0.0
vn -6.495882651377453e-05 -2.5668985897895297e-05 0.0
vn -6.716202897068714e-05 -1.9178277883850226e-05 0.0
vn -6.649808084853342e-05 -2.1367056015356962e-05 0.0
vn -6.871842560291188e-05 -1.2502919431121732e-05 0.0
vn -6.950093452734389e-05 -6.845255548335627e-06 0.0
vn -6.827220134787637e-05 -1.4746209591732613e-05 0.0
vn -6.408352030116934e-05 -2.7782137648926897e-05 0.0
vn -4.857367976989129e-05 -5.019104480695557e-05 0.0
vn 1.1436272753868007e-06 -6.983721919674036e-05 0.0
vn 0.0 0.0 4.70482777898707e-06
vn 0.0 0.0 4.688484270109956e-06
vn 0.0 0.0 4.7211576714987805e-06
vn 0.0 0.0 4.704822965773304e-06
vn 0.0 0.0 4.704829276275608e-06
vn 0.0 0.0 4.655825006644205e-06
vn 0.0 0.0 4.688478102207342e-06
vn 0.0 0.0 4.721151100389235e-06
vn 0.0 0.0 4.721161791313721e-06
vn 0.0 0.0 4.753845851422426e-06
vn 0.0 0.0 4.721163273483423e-06
vn 0.0 0.0 4.704823976063308e-06
vn 0.0 0.0 4.753832282304974e-06
vn 0.0 0.0 4.704823871048037e-06
vn 0.0 0.0 4.7211611804430575e-06
vn 0.0 0.0 4.688490596528418e-06
vn 0.0 0.0 4.753839047746574e-06
vn 0.0 0.0 4.655812391900561e-06
vn 0.0 0.0 4.704823871048037e-06
vn 0.0 0.0 4.704823976063308e-06
vn 0.0 0.0 4.753832282304974e-06
vn 0.0 0.0 4.721163273483419e-06
vn 0.0 0.0 4.704829276275607e-06
vn 0.0 0.0 4.655812391900561e-06
vn 0.0 0.0 4.6884905965284125e-06
vn 0.0 0.0 4.704825851586625e-06
vn 0.0 0.0 4.6558146131160265e-06
vn 0.0 0.0 4.688490596528424e-06
vn 0.0 0.0 4.688493065817076e-06
vn 0.0 0.0 4.688484270109956e-06
vn 0.0 0.0 4.7211576714987805e-06
vn 0.0 0.0 4.70482777898707e-06
vn 0.0 0.0 4.753839047746574e-06
vn 0.0 0.0 4.655825006644205e-06
vn 0.0 0.0 4.704826108391573e-06
vn 0.0 0.0 4.688488772096425e-06
vn 0.0 0.0 4.721158605947074e-06
vn 0.0 0.0 4.688488966345109e-06
vn 0.0 0.0 4.655819975714666e-06
vn 0.0 0.0 4.6884855681433445e-06
vn 0.0 0.0 4.688491095710696e-06
vn 0.0 0.0 4.72116043851662e-06
vn 0.0 0.0 4.70482777898707e-06
vn 0.0 0.0 4.721167858177527e-06
vn 0.0 0.0 4.721155380495962e-06
vn 0.0 0.0 4.753844000313132e-06
vn 0.0 0.0 4.704822965773305e-06
vn 0.0 0.0 4.688484455363131e-06
vn 0.0 0.0 4.688478102207342e-06
vn 0.0 0.0 4.655829688570579e-06
vn 0.0 0.0 4.6884906809277155e-06
vn 0.0 0.0 4.721151100389235e-06
vn 0.0 0.0 4.7048243871863285e-06
vn 0.0 0.0 4.721166063998969e-06
vn 0.0 0.0 4.721163379716051e-06
vn 0.0 0.0 4.753820803619455e-06
vn 0.0 0.0 4.721167858177528e-06
vn 0.0 0.0 4.68849644300648e-06
vn 0.0 0.0 4.704823871048037e-06
vn 0.0 0.0 4.688491095710696e-06
vn 0.0 0.0 4.6884861864554926e-06
vn 0.0 0.0 4.655812391900561e-06
vn 0.0 0.0 4.7211615503406515e-06
vn 0.0 0.0 4.7048261083915745e-06
vn 0.0 0.0 4.753837217471988e-06
vn 0.0 0.0 4.704825851586625e-06
vn 0.0 0.0 4.688488966345109e-06
vn 0.0 0.0 4.721158605947074e-06
vn 0.0 0.0 4.721163273483425e-06
vn 0.0 0.0 4.704823871048036e-06
vn 0.0 0.0 4.721163875354331e-06
vn 0.0 0.0 4.753828927969051e-06
vn 0.0 0.0 4.72116965914213e-06
vn 0.0 0.0 4.688496084794075e-06
vn 0.0 0.0 4.704824387186329e-06
vn 0.0 0.0 4.688490600072416e-06
vn 0.0 0.0 4.688493065817076e-06
vn 0.0 0.0 4.655804313836974e-06
vn 0.0 0.0 4.704820317762859e-06
vn 0.0 0.0 4.721161791313721e-06
vn 0.0 0.0 4.721161791313721e-06
vn 0.0 0.0 4.7538126656419915e-06
vn 0.0 0.0 4.7211576714987805e-06
vn 0.0 0.0 4.688493065817076e-06
vn 0.0 0.0 4.721163379716051e-06
vn 0.0 0.0 4.688484270109956e-06
vn 0.0 0.0 4.721167858177528e-06
vn 0.0 0.0 4.68849644300648e-06
vn 0.0 0.0 4.72116043851662e-06
vn 0.0 0.0 4.688491095710696e-06
vn 0.0 0.0 4.704823976063308e-06
vn 0.0 0.0 4.6884855681433445e-06
vn 0.0 0.0 4.655814777074291e-06
vn 0.0 0.0 4.70482610839157e-06
vn 0.0 0.0 4.753837217471984e-06
vn 0.0 0.0 4.721161180443056e-06
vn 0.0 0.0 4.704826108391576e-06
vn 0.0 0.0 4.6884887720964275e-06
vn 0.0 0.0 4.721167858177528e-06
vn 0.0 0.0 4.753844000313132e-06
vn 0.0 0.0 4.704827778987071e-06
vn 0.0 0.0 4.721155380495962e-06
vn 0.0 0.0 4.72116043851662e-06
vn 0.0 0.0 4.688491095710696e-06
vn 0.0 0.0 4.688484455363131e-06
vn 0.0 0.0 4.721166063998969e-06
vn 0.0 0.0 4.6884906809277155e-06
vn 0.0 0.0 4.721151100389235e-06
vn 0.0 0.0 4.688490596528417e-06
vn 0.0 0.0 4.6558146131160265e-06
vn 0.0 0.0 4.721163273483421e-06
vn 0.0 0.0 4.688488966345109e-06
vn 0.0 0.0 4.721158605947074e-06
vn 0.0 0.0 4.6884855681433445e-06
vn 0.0 0.0 4.721163875354331e-06
vn 0.0 0.0 4.753828927969051e-06
vn 0.0 0.0 4.704823871048037e-06
vn 0.0 0.0 4.721158605947075e-06
vn 0.0 0.0 4.72116965914213e-06
vn 0.0 0.0 4.688496084794075e-06
vn 0.0 0.0 4.68848896634511e-06
vn 0.0 0.0 4.65581997571467e-06
vn 0.0 0.0 4.688478102207342e-06
vn 0.0 0.0 4.721161791313721e-06
vn 0.0 0.0 4.688493065817076e-06
vn 0.0 0.0 4.704824387186329e-06
vn 0.0 0.0 4.688490600072416e-06
vn 0.0 0.0 4.655804313836974e-06
vn 0.00021254896990954272 -2.4454367099651384e-05 0.0
vn 0.00020912854512325496 -4.517000627456262e-05 0.0
vn 0.0002104953918145303 -3.829845792282599e-05 0.0
vn 0.00021323570131327982 -1.7481824628213405e-05 0.0
vn 0.00020369409588798533 -6.545059825848838e-05 0.0
vn 0.00019629796462356203 -8.51010212677564e-05 0.0
vn 0.0001989791296197751 -7.862807067116967e-05 0.0
vn 0.00018866273764855962 -0.00010084239963993805 0.0
vn 0.00017786999961616349 -0.00011884890731665089 0.0
vn 0.00018866273764855962 -0.00010084239963993805 0.0
vn 0.00020572789715998246 -5.874607644239382e-05 0.0
vn 0.00016314189553304773 -0.00013841893557340874 0.0
vn 0.00014878900034025026 -0.00015374309092927178 0.0
vn 0.00015374309092927178 -0.00014878900034025026 0.0
vn 0.00013300296139558877 -0.00016758660954780218 0.0
vn 0.00011593621401627825 -0.00017981622496736577 0.0
vn 0.00012176160061702353 -0.0001759237742649612 0.0
vn 0.00013841893557340874 -0.00016314189553304773 0.0
vn 9.775292371473974e-05 -0.00019031409164148937 0.0
vn 7.862807067116967e-05 -0.00019897912961977515 0.0
vn 8.51010212677564e-05 -0.00019629796462356203 0.0
vn 5.874607644239382e-05 -0.00020572789715998246 0.0
vn 3.829845792282599e-05 -0.0002104953918145303 0.0
vn 4.517000627456262e-05 -0.00020912854512325496 0.0
vn 6.545059825848838e-05 -0.00020369409588798533 0.0
vn 0.00010393187556513635 -0.00018701138365562984 0.0
vn 0.00016758660954780218 -0.00013300296139558877 0.0
vn 0.00017786999961616349 -0.00011884890731665089 0.0
vn 2.4454367099651384e-05 -0.0002125489699095425 0.0
vn 1.7481824628213405e-05 -0.00021323570131327938 0.0
vn -0.000212892335611411 -2.0968095863932396e-05 0.0
vn -3.5030940522584763e-06 -0.00021392243271701659 0.0
vn -2.4454367099651384e-05 -0.0002125489699095427 0.0
vn -1.7481824628213405e-05 -0.00021323570131327973 0.0
vn -4.517000627456262e-05 -0.00020912854512325496 0.0
vn -6.545059825848838e-05 -0.00020369409588798533 0.0
vn -5.874607644239382e-05 -0.00020572789715998246 0.0
vn -3.829845792282599e-05 -0.0002104953918145303 0.0
vn -8.51010212677564e-05 -0.00019629796462356203 0.0
vn -0.00010393187556513635 -0.00018701138365562984 0.0
vn -9.775292371473974e-05 -0.00019031409164148937 0.0
vn -0.00012176160061702353 -0.0001759237742649612 0.0
vn -0.00013841893557340874 -0.00016314189553304773 0.0
vn -0.00013300296139558877 -0.00016758660954780218 0.0
vn -0.00011593621401627826 -0.00017981622496736571 0.0
vn -7.862807067116967e-05 -0.0001989791296197751 0.0
vn -0.00015374309092927178 -0.00014878900034025026 0.0
vn -0.00016758660954780218 -0.00013300296139558877 0.0
vn -0.00016314189553304773 -0.00013841893557340874 0.0
vn -0.00017981622496736577 -0.00011593621401627825 0.0
vn -0.00019031409164148937 -9.775292371473974e-05 0.0
vn -0.00018701138365562984 -0.00010393187556513635 0.0
vn -0.0001759237742649612 -0.00012176160061702353 0.0
vn -0.00019897912961977515 -7.862807067116967e-05 0.0
vn -0.00020572789715998246 -5.874607644239382e-05 0.0
vn -0.00020369409588798533 -6.545059825848838e-05 0.0
vn -0.0002104953918145303 -3.829845792282599e-05 0.0
vn -0.000212892335611411 -2.0968095863932393e-05 0.0
vn -0.00020912854512325496 -4.517000627456262e-05 0.0
vn -0.00019629796462356203 -8.51010212677564e-05 0.0
vn -0.00014878900034025026 -0.00015374309092927178 0.0
vn 3.5030940522584763e-06 -0.0002139224327170164 0.0
vn 0.0 0.0 4.051511045704376e-06
vn 0.0 0.0 2.4576106231547746e-06
vn 0.0 0.0 6.982849770317845e-06
vn 0.0 0.0 2.3580252170095266e-06
vn 0.0 0.0 1.9138086677505937e-05
vn 0.0 0.0 1.882684973775273e-05
vn 0.0 0.0 1.6357189488250207e-05
vn 0.0 0.0 7.822181186741048e-06
vn 0.0 0.0 1.4550513876358278e-06
vn 0.0 0.0 5.245071318387972e-06
vn 0.0 0.0 1.6347566440772878e-06
vn 0.0 0.0 2.3698087668579033e-06
vn 0.0 0.0 6.433251702911571e-06
vn 0.0 0.0 2.4752473030590515e-06
vn 0.0 0.0 5.650901210650731e-06
vn 0.0 0.0 1.1209200301144364e-06
vn 0.0 0.0 4.9123512235794116e-06
vn 0.0 0.0 1.3393906541393018e-06
vn 0.0 0.0 3.386896216778506e-06
vn 0.0 0.0 1.1209200301144364e-06
vn 0.0 0.0 5.650901210650731e-06
vn 0.0 0.0 1.6698339933060275e-05
vn 0.0 0.0 1.014210903777978e-05
vn 0.0 0.0 5.692183697531764e-06
vn 0.0 0.0 3.070705159160743e-06
vn 0.0 0.0 5.431792023215325e-06
vn 0.0 0.0 4.323125157544452e-06
vn 0.0 0.0 3.880457912588134e-05
vn 0.0 0.0 1.760847503929349e-05
vn 0.0 0.0 1.5420238698153187e-05
vn 0.0 0.0 4.076695825452797e-05
vn 0.0 0.0 4.0766961113327165e-05
vn 0.0 0.0 3.880457213862336e-05
vn 0.0 0.0 2.0317784942776646e-05
vn 0.0 0.0 2.6828933326597534e-05
vn 0.0 0.0 9.716173328380257e-06
vn 0.0 0.0 5.133236067921221e-06
vn 0.0 0.0 3.6322811623556166e-06
vn 0.0 0.0 3.132225707655777e-06
vn 0.0 0.0 3.4927909186549184e-06
vn 0.0 0.0 5.061585886953125e-06
vn 0.0 0.0 5.089274064053175e-06
vn 0.0 0.0 4.269111874857018e-06
vn 0.0 0.0 1.506326864567882e-05
vn 0.0 0.0 4.830790046746482e-06
vn 0.0 0.0 6.5905579356693835e-06
vn 0.0 0.0 5.582894778265247e-06
vn 0.0 0.0 1.7675759815863448e-06
vn 0.0 0.0 1.6501695363557658e-06
vn 0.0 0.0 6.655288225460173e-06
vn 0.0 0.0 1.5739169366138087e-06
vn 0.0 0.0 1.575688838872826e-06
vn 0.0 0.0 5.45475388340755e-06
vn 0.0 0.0 6.947706068186215e-06
vn 0.0 0.0 1.5158218348071518e-05
vn 0.0 0.0 1.896063683806902e-05
vn 0.0 0.0 2.7122495449597597e-05
vn 0.0 0.0 3.880457410005074e-05
vn 0.0 0.0 4.0766961559610204e-05
vn 0.0 0.0 2.3428161201285917e-06
vn 0.0 0.0 3.950377166759576e-06
vn 0.0 0.0 6.62126825326757e-06
vn 0.0 0.0 2.4652860788102607e-06
vn 0.0 0.0 3.880457698116107e-05
vn 0.0 0.0 4.076696328035858e-05
vn 0.0 0.0 9.695216673120361e-06
vn 0.0 0.0 3.3895621584042264e-06
vn 0.0 0.0 1.4289165719223634e-05
vn 0.0 0.0 3.6135268918354816e-06
vn 0.0 0.0 2.0039042016166414e-05
vn 0.0 0.0 4.860881469746368e-06
vn 0.0 0.0 1.2779402012612081e-06
vn 0.0 0.0 4.830675107957398e-06
vn 0.0 0.0 3.3959917020063277e-06
vn 0.0 0.0 5.290036669751199e-06
vn 0.0 0.0 5.089274064053175e-06
vn 0.0 0.0 1.400676432680342e-06
vn 0.0 0.0 1.4866154640447459e-06
vn 0.0 0.0 1.014210903777978e-05
vn 0.0 0.0 3.386896216778506e-06
vn 0.0 0.0 1.586130137010223e-05
vn 0.0 0.0 3.070705159160743e-06
vn 0.0 0.0 8.761628428533337e-06
vn 0.0 0.0 1.8692051155855752e-05
vn 0.0 0.0 5.072693442535923e-06
vn 0.0 0.0 1.530732176159202e-06
vn 0.0 0.0 1.2976948683987066e-06
vn 0.0 0.0 3.3332017401428225e-06
vn 0.0 0.0 6.3827556591538105e-06
vn 0.0 0.0 4.257914863158166e-06
vn 0.0 0.0 5.406048811068237e-06
vn 0.0 0.0 1.751183785639688e-06
vn 0.0 0.0 6.721965114898707e-06
vn 0.0 0.0 2.514618084139157e-06
vn 0.0 0.0 2.1881061628076133e-06
vn 0.0 0.0 4.411021647717483e-06
vn 0.0 0.0 1.6826712151120143e-06
vn 0.0 0.0 3.651618258660381e-06
vn 0.0 0.0 1.2779402012612092e-06
vn 0.0 0.0 1.1973723200363883e-06
vn 0.0 0.0 6.216871675382109e-06
vn 0.0 0.0 2.6122927647456753e-06
vn 0.0 0.0 3.4794663827562045e-05
vn 0.0 0.0 2.323249507929129e-05
vn 0.0 0.0 3.255682265128607e-05
vn 0.0 0.0 6.706774048577625e-06
vn 0.0 0.0 3.370449288424209e-05
vn 0.0 0.0 3.0335586118109017e-05
vn 0.0 0.0 3.253209536980532e-05
vn 0.0 0.0 1.3121809665818556e-05
vn 0.0 0.0 5.290036669751205e-06
vn 0.0 0.0 3.3959917020063273e-06
vn 0.0 0.0 1.7230488802847203e-05
vn 0.0 0.0 1.4866154640447471e-06
vn 0.0 0.0 1.4006764326803403e-06
vn 0.0 0.0 2.328772662864603e-05
vn 0.0 0.0 1.3107122790936041e-05
vn 0.0 0.0 1.5800915744207604e-05
vn 0.0 0.0 5.406048811068237e-06
vn 0.0 0.0 6.38275565915381e-06
vn 0.0 0.0 1.6794200832192075e-06
vn 0.0 0.0 5.249725250629668e-06
vn 0.0 0.0 4.2098902945372085e-06
vn 0.0 0.0 1.6141366167442622e-06
vn 0.0 0.0 3.4965467545328365e-06
vn 0.0 0.0 4.654321011736543e-06
vn 0.0 0.0 3.0453244769214763e-06
vn 0.0 0.0 1.6429252716918623e-06
vn 0.0 0.0 1.675730784448093e-05
vn 0.0 0.0 4.940696879547617e-06
vn 0.0 0.0 3.5889372068388973e-06
vn 0.0 0.0 1.682671215112014e-06
vn 0.0 0.0 1.7511837856396878e-06
vn 0.0 0.0 2.514618084139157e-06
vn 0.0 0.0 6.721965114898707e-06
vn 0.0 0.0 4.411021647717482e-06
vn 0.0 0.0 2.1881061628076133e-06
vn 0.0 0.0 1.491783154824912e-05
vn 0.0 0.0 1.80128835897021e-05
vn 0.0 0.0 1.3586136195466544e-05
vn 0.0 0.0 4.070862785292999e-06
vn 0.0 0.0 4.5544998238150245e-06
vn 0.0 0.0 3.0581425326389294e-06
vn 0.0 0.0 1.4416586706232503e-06
vn 0.0 0.0 9.380082046271193e-06
vn 0.0 0.0 3.070705159160743e-06
vn 0.0 0.0 1.2976948683987066e-06
vn 0.0 0.0 5.431792023215324e-06
vn 0.0 0.0 5.692183697531765e-06
vn 0.0 0.0 5.7282720858588805e-06
vn 0.0 0.0 3.5058358645487884e-06
vn 0.0 0.0 1.3308230000491593e-06
vn 0.0 0.0 5.885185444618224e-06
vn 0.0 0.0 1.971683399535662e-06
vn 0.0 0.0 1.8159898536458922e-05
vn 0.0 0.0 1.530732176159202e-06
vn 0.0 0.0 5.072693442535922e-06
vn 0.0 0.0 3.3332017401428225e-06
vn 0.0 0.0 1.5805226249537302e-05
vn 0.0 0.0 3.070705159160743e-06
vn 0.0 0.0 1.1978818540486417e-05
vn 0.0 0.0 1.7171790499772254e-05
vn 0.0 0.0 6.433251702911571e-06
vn 0.0 0.0 2.4752473030590515e-06
vn 0.0 0.0 2.3698087668579033e-06
vn 0.0 0.0 4.323125157544452e-06
vn 0.0 0.0 5.582894778265247e-06
vn 0.0 0.0 1.7675759815863448e-06
vn 0.0 0.0 2.6541981005954436e-06
vn 0.0 0.0 6.99669632328146e-06
vn 0.0 0.0 6.668432956470893e-06
vn 0.0 0.0 3.8688592244469994e-06
vn 0.0 0.0 3.6685632202713024e-06
vn 0.0 0.0 1.256626997175924e-06
vn 0.0 0.0 1.238835380501649e-06
vn 0.0 0.0 3.597558064612153e-06
vn 0.0 0.0 4.066125988984548e-06
vn 0.0 0.0 2.491340910360629e-06
vn 0.0 0.0 3.0513948890196877e-06
vn 0.0 0.0 1.650169536355766e-06
vn 0.0 0.0 2.8433740614718584e-05
vn 0.0 0.0 1.98203434891503e-05
vn 0.0 0.0 1.102163926734292e-05
vn 0.0 0.0 6.655288225460173e-06
vn 0.0 0.0 3.291252230698127e-05
vn 0.0 0.0 3.7380649378701905e-05
vn 0.0 0.0 2.7961541578212644e-05
vn 0.0 0.0 4.3932204843577544e-06
vn 0.0 0.0 6.416901393666622e-06
vn 0.0 0.0 5.909525002140093e-06
vn 0.0 0.0 5.133236067921217e-06
vn 0.0 0.0 1.1973723200363908e-06
vn 0.0 0.0 3.632281162355617e-06
vn 0.0 0.0 1.440285449010888e-05
vn 0.0 0.0 3.1322257076557776e-06
vn 0.0 0.0 1.997175737027757e-05
vn 0.0 0.0 3.492790918654918e-06
vn 0.0 0.0 5.06158588695313e-06
vn 0.0 0.0 9.716173328380257e-06
vn 0.0 0.0 4.0766963280358564e-05
vn 0.0 0.0 4.0766961559610204e-05
vn 0.0 0.0 3.880457698116106e-05
vn 0.0 0.0 3.880457410005074e-05
vn 0.0 0.0 5.245071318387973e-06
vn 0.0 0.0 2.307185142011188e-05
vn 0.0 0.0 6.5905579356693835e-06
vn 0.0 0.0 1.4550513876358278e-06
vn 0.0 0.0 1.6347566440772878e-06
vn 0.0 0.0 2.285382864080977e-05
vn 0.0 0.0 4.830790046746483e-06
vn 0.0 0.0 1.506326864567882e-05
vn 0.0 0.0 4.051511045704375e-06
vn 0.0 0.0 6.982849770317845e-06
vn 0.0 0.0 2.4576106231547746e-06
vn 0.0 0.0 6.655288225460173e-06
vn 0.0 0.0 5.582894778265248e-06
vn 0.0 0.0 1.6501695363557658e-06
vn 0.0 0.0 1.7675759815863448e-06
vn 0.0 0.0 4.323125157544452e-06
vn 0.0 0.0 6.433251702911571e-06
vn 0.0 0.0 2.4752473030590515e-06
vn 0.0 0.0 1.8357203337112004e-05
vn 0.0 0.0 2.3698087668579033e-06
vn 0.0 0.0 1.5676708707167727e-05
vn 0.0 0.0 1.014210903777978e-05
vn 0.0 0.0 1.6876720215051635e-05
vn 0.0 0.0 2.3580252170095266e-06
vn 0.0 0.0 9.080718957056463e-06
vn 0.0 0.0 3.070705159160743e-06
vn 0.0 0.0 3.386896216778506e-06
vn 0.0 0.0 5.650901210650731e-06
vn 0.0 0.0 5.072693442535923e-06
vn 0.0 0.0 5.431792023215324e-06
vn 0.0 0.0 3.3332017401428225e-06
vn 0.0 0.0 1.2976948683987066e-06
vn 0.0 0.0 1.530732176159202e-06
vn 0.0 0.0 5.692183697531764e-06
vn 0.0 0.0 4.9123512235794116e-06
vn 0.0 0.0 1.1209200301144364e-06
vn 0.0 0.0 1.1209200301144364e-06
vn 0.0 0.0 1.3393906541393018e-06
vn 0.0 0.0 5.650901210650731e-06
vn 0.0 0.0 1.8327408671679565e-05
vn 0.0 0.0 3.070705159160743e-06
vn 0.0 0.0 1.014210903777978e-05
vn 0.0 0.0 3.386896216778506e-06
vn 0.0 0.0 1.9230930721471037e-05
vn 0.0 0.0 1.930456245041823e-06
vn 0.0 0.0 6.545172170044159e-06
vn 0.0 0.0 1.850605617352159e-05
vn 0.0 0.0 6.721965114898707e-06
vn 0.0 0.0 2.3428161201285917e-06
vn 0.0 0.0 2.4652860788102607e-06
vn 0.0 0.0 3.950377166759577e-06
vn 0.0 0.0 2.514618084139157e-06
vn 0.0 0.0 2.1881061628076133e-06
vn 0.0 0.0 4.411021647717483e-06
vn 0.0 0.0 1.573916936613809e-06
vn 0.0 0.0 5.45475388340755e-06
vn 0.0 0.0 1.575688838872826e-06
vn 0.0 0.0 5.406048811068237e-06
vn 0.0 0.0 1.7511837856396878e-06
vn 0.0 0.0 1.682671215112014e-06
vn 0.0 0.0 4.635472056941354e-06
vn 0.0 0.0 2.0517688741433996e-05
vn 0.0 0.0 6.947706068186215e-06
vn 0.0 0.0 1.5051545449801512e-05
vn 0.0 0.0 2.6655858060273443e-05
vn 0.0 0.0 6.3827556591538105e-06
vn 0.0 0.0 3.880457213862336e-05
vn 0.0 0.0 4.076695825452797e-05
vn 0.0 0.0 4.0766961113327165e-05
vn 0.0 0.0 3.880457912588135e-05
vn 0.0 0.0 1.7511027521391852e-05
vn 0.0 0.0 1.5500980273219803e-05
vn 0.0 0.0 9.695216673120363e-06
vn 0.0 0.0 3.395991702006328e-06
vn 0.0 0.0 3.389562158404226e-06
vn 0.0 0.0 5.089274064053175e-06
vn 0.0 0.0 5.2900366697512e-06
vn 0.0 0.0 3.6135268918354807e-06
vn 0.0 0.0 4.860881469746367e-06
vn 0.0 0.0 4.224321700869083e-06
vn 0.0 0.0 1.4006764326803416e-06
vn 0.0 0.0 5.072693442535923e-06
vn 0.0 0.0 5.431792023215324e-06
vn 0.0 0.0 1.5941192604642307e-05
vn 0.0 0.0 3.333201740142823e-06
vn 0.0 0.0 3.070705159160743e-06
vn 0.0 0.0 1.530732176159202e-06
vn 0.0 0.0 6.721965114898707e-06
vn 0.0 0.0 1.742661157282109e-05
vn 0.0 0.0 1.6826712151120143e-06
vn 0.0 0.0 4.411021647717483e-06
vn 0.0 0.0 5.406048811068237e-06
vn 0.0 0.0 1.751183785639688e-06
vn 0.0 0.0 2.1881061628076133e-06
vn 0.0 0.0 2.514618084139157e-06
vn 0.0 0.0 1.1978818540486417e-05
vn 0.0 0.0 1.2976948683987066e-06
vn 0.0 0.0 5.692183697531764e-06
vn 0.0 0.0 3.070705159160743e-06
vn 0.0 0.0 9.380082046271193e-06
vn 0.0 0.0 1.7968927391115716e-05
vn 0.0 0.0 1.3586136195466544e-05
vn 0.0 0.0 5.7282720858588805e-06
vn 0.0 0.0 1.9716833995356617e-06
vn 0.0 0.0 5.885185444618224e-06
vn 0.0 0.0 1.7971418736497626e-05
vn 0.0 0.0 3.505835864548788e-06
vn 0.0 0.0 4.070862785292998e-06
vn 0.0 0.0 1.3308230000491593e-06
vn 0.0 0.0 3.291252230698127e-05
vn 0.0 0.0 2.8289612800439437e-05
vn 0.0 0.0 1.6254851367647094e-05
vn 0.0 0.0 6.38275565915381e-06
vn 0.0 0.0 4.257914863158166e-06
vn 0.0 0.0 1.0686672695188623e-05
vn 0.0 0.0 6.416901393666619e-06
vn 0.0 0.0 4.393220484357751e-06
vn 0.0 0.0 2.7961541578212644e-05
vn 0.0 0.0 3.7380649378701905e-05
vn 0.0 0.0 3.1053554560046995e-06
vn 0.0 0.0 6.8232531098235596e-06
vn 0.0 0.0 2.732883543070966e-06
vn 0.0 0.0 6.2917903453588875e-06
vn 0.0 0.0 3.70617981640108e-06
vn 0.0 0.0 3.6576214403794595e-06
vn 0.0 0.0 3.7383540049458174e-06
vn 0.0 0.0 4.641911478794102e-06
vn 0.0 0.0 1.2987118657909807e-06
vn 0.0 0.0 1.1553814188385056e-06
vn 0.0 0.0 5.0615858869531295e-06
vn 0.0 0.0 1.495647850201513e-05
vn 0.0 0.0 3.492790918654918e-06
vn 0.0 0.0 1.4866154640447463e-06
vn 0.0 0.0 2.849442405789763e-05
vn 0.0 0.0 3.4794663827562045e-05
vn 0.0 0.0 6.655288225460173e-06
vn 0.0 0.0 2.338069945483578e-05
vn 0.0 0.0 5.582894778265247e-06
vn 0.0 0.0 1.2991519728143877e-05
vn 0.0 0.0 1.6501695363557658e-06
vn 0.0 0.0 3.370449288424208e-05
vn 0.0 0.0 3.253209536980532e-05
vn 0.0 0.0 3.255682265128607e-05
vn 0.0 0.0 1.561092046276727e-05
vn 0.0 0.0 2.936199825257224e-06
vn 0.0 0.0 3.803347283735383e-06
vn 0.0 0.0 2.52067257047378e-06
vn 0.0 0.0 6.5881495699419415e-06
vn 0.0 0.0 1.2779402012612083e-06
vn 0.0 0.0 1.19737232003639e-06
vn 0.0 0.0 3.0335586118109017e-05
vn 0.0 0.0 1.2839947603632596e-05
vn 0.0 0.0 2.4752473030590515e-06
vn 0.0 0.0 4.323125157544452e-06
vn 0.0 0.0 6.433251702911571e-06
vn 0.0 0.0 2.3698087668579033e-06
vn 0.0 0.0 1.7675759815863448e-06
vn 0.0 0.0 1.4816320343555085e-05
vn 0.0 0.0 3.0581425326389298e-06
vn 0.0 0.0 4.554499823815025e-06
vn 0.0 0.0 1.4416586706232503e-06
vn 0.0 0.0 1.7047481132946975e-05
vn 0.0 0.0 3.7394725764064826e-06
vn 0.0 0.0 5.030613996127491e-06
vn 0.0 0.0 4.697890917566178e-06
vn 0.0 0.0 1.7186309985004825e-06
vn 0.0 0.0 3.0581687456684316e-06
vn 0.0 0.0 4.165793346294915e-06
vn 0.0 0.0 5.151930789426383e-06
vn 0.0 0.0 3.3397759677144633e-06
vn 0.0 0.0 1.577846922215889e-06
vn 0.0 0.0 1.5857784284956992e-06
vn -1.6236611954992918e-06 4.795082547793524e-06 0.0
vn -2.2425310357829085e-06 4.5387424965870585e-06 0.0
vn -1.0047913552156751e-06 5.051422598999989e-06 0.0
vn -4.538734867191802e-06 2.2425234063876524e-06 0.0
vn -4.795078733095895e-06 1.6236573808016637e-06 0.0
vn -3.808727626213981e-06 3.3350604364426252e-06 0.0
vn -3.335064251140253e-06 3.8087314409116092e-06 0.0
vn -1.0047913552156751e-06 5.051422598999989e-06 0.0
vn -5.051422598999988e-06 3.3493045173855835e-07 0.0
vn -5.051422598999988e-06 -3.3493045173855835e-07 0.0
vn -3.808727626213981e-06 -3.3350604364426252e-06 0.0
vn -3.335064251140253e-06 -3.8087314409116092e-06 0.0
vn -4.538734867191802e-06 -2.2425234063876524e-06 0.0
vn -1.0047913552156751e-06 -5.051422598999989e-06 0.0
vn -1.0047913552156751e-06 -5.051422598999989e-06 0.0
vn -1.6236611954992918e-06 -4.795082547793524e-06 0.0
vn -2.2425310357829085e-06 -4.5387424965870585e-06 0.0
vn -4.795078733095895e-06 -1.6236573808016637e-06 0.0
vn 1.6236611954992918e-06 -4.795074918398268e-06 0.0
vn 2.2425310357829085e-06 -4.538727237796546e-06 0.0
vn 1.0047913552156751e-06 -5.051422598999989e-06 0.0
vn 4.538734867191802e-06 -2.2425234063876524e-06 0.0
vn 4.795078733095895e-06 -1.6236573808016637e-06 0.0
vn 3.808727626213981e-06 -3.3350528070473687e-06 0.0
vn 3.335064251140253e-06 -3.808716182121097e-06 0.0
vn 1.0047913552156751e-06 -5.051422598999989e-06 0.0
vn 5.051422598999988e-06 -3.3493045173855835e-07 0.0
vn 5.051422598999988e-06 3.3493045173855835e-07 0.0
vn 3.808727626213981e-06 3.3350528070473687e-06 0.0
vn 3.335064251140253e-06 3.808716182121097e-06 0.0
vn 4.538734867191802e-06 2.2425234063876524e-06 0.0
vn 1.0047913552156751e-06 5.051422598999989e-06 0.0
vn 1.0047913552156751e-06 5.051422598999989e-06 0.0
vn 1.6236611954992918e-06 4.795074918398268e-06 0.0
vn 2.2425310357829085e-06 4.538727237796546e-06 0.0
vn 4.795078733095895e-06 1.6236573808016637e-06 0.0
vn -4.795082547793524e-06 -1.6236611954992918e-06 0.0
vn -4.5387424965870585e-06 -2.2425310357829085e-06 0.0
vn -5.051422598999989e-06 -1.0047913552156751e-06 0.0
vn -2.2425234063876524e-06 -4.538734867191802e-06 0.0
vn -1.6236573808016637e-06 -4.795078733095895e-06 0.0
vn -3.3350604364426252e-06 -3.808727626213981e-06 0.0
vn -3.8087314409116092e-06 -3.335064251140253e-06 0.0
vn -5.051422598999989e-06 -1.0047913552156751e-06 0.0
vn -3.3493045173855835e-07 -5.051422598999988e-06 0.0
vn 3.3493045173855835e-07 -5.051422598999988e-06 0.0
vn 3.3350604364426252e-06 -3.808727626213981e-06 0.0
vn 3.8087314409116092e-06 -3.335064251140253e-06 0.0
vn 2.2425234063876524e-06 -4.538734867191802e-06 0.0
vn 5.051422598999989e-06 -1.0047913552156751e-06 0.0
vn 5.051422598999989e-06 -1.0047913552156751e-06 0.0
vn 4.795082547793524e-06 -1.6236611954992918e-06 0.0
vn 4.5387424965870585e-06 -2.2425310357829085e-06 0.0
vn 1.6236573808016637e-06 -4.795078733095895e-06 0.0
vn 4.795074918398268e-06 1.6236611954992918e-06 0.0
vn 4.538727237796546e-06 2.2425310357829085e-06 0.0
vn 5.051422598999989e-06 1.0047913552156751e-06 0.0
vn 2.2425234063876524e-06 4.538734867191802e-06 0.0
vn 1.6236573808016637e-06 4.795078733095895e-06 0.0
vn 3.3350528070473687e-06 3.808727626213981e-06 0.0
vn 3.808716182121097e-06 3.335064251140253e-06 0.0
vn 5.051422598999989e-06 1.0047913552156751e-06 0.0
vn 3.3493045173855835e-07 5.051422598999988e-06 0.0
vn -3.3493045173855835e-07 5.051422598999988e-06 0.0
vn -3.3350528070473687e-06 3.808727626213981e-06 0.0
vn -3.808716182121097e-06 3.335064251140253e-06 0.0
vn -2.2425234063876524e-06 4.538734867191802e-06 0.0
vn -5.051422598999989e-06 1.0047913552156751e-06 0.0
vn -5.051422598999989e-06 1.0047913552156751e-06 0.0
vn -4.795074918398268e-06 1.6236611954992918e-06 0.0
vn -4.538727237796546e-06 2.2425310357829085e-06 0.0
vn -1.6236573808016637e-06 4.795078733095895e-06 0.0
vn -3.3408358886514196e-06 -3.8036699332057542e-06 0.0
vn -2.8094027326992324e-06 -4.211454791546201e-06 0.0
vn -4.207191866946908e-06 -2.8157692246217653e-06 0.0
vn 3.2728579769204277e-07 -5.0519234568776145e-06 0.0
vn 9.914170253319007e-07 -4.964489156732203e-06 0.0
vn -9.838868122142253e-07 -4.9659850546442335e-06 0.0
vn -1.6309281944806352e-06 -4.79261235226544e-06 0.0
vn -4.542114689290212e-06 -2.2356533743782223e-06 0.0
vn 2.235656950657249e-06 -4.542124583662184e-06 0.0
vn 2.8157656483427393e-06 -4.207194310737577e-06 0.0
vn 4.792618253125834e-06 -1.6309219955969899e-06 0.0
vn 4.96598863092326e-06 -9.838872890514288e-07 0.0
vn 4.211456698895015e-06 -2.809392480699357e-06 0.0
vn 4.542114689290212e-06 2.2356533743782228e-06 0.0
vn 4.207191866946909e-06 2.8157692246217653e-06 0.0
vn 4.9644780106625705e-06 9.914074885878307e-07 0.0
vn 5.051918509691629e-06 3.272774530409815e-07 0.0
vn 3.803665522461623e-06 -3.340828259256164e-06 0.0
vn 3.3408358886514196e-06 3.8036699332057542e-06 0.0
vn 2.8094027326992324e-06 4.211454791546201e-06 0.0
vn -3.2728579769204277e-07 5.0519234568776145e-06 0.0
vn -9.914170253319007e-07 4.964489156732203e-06 0.0
vn 9.838868122142253e-07 4.9659850546442335e-06 0.0
vn 1.6309281944806352e-06 4.79261235226544e-06 0.0
vn -2.235656950657249e-06 4.542124583662184e-06 0.0
vn -2.8157656483427393e-06 4.207194310737577e-06 0.0
vn -4.792618253125834e-06 1.6309219955969899e-06 0.0
vn -4.96598863092326e-06 9.838872890514288e-07 0.0
vn -4.211456698895015e-06 2.809392480699357e-06 0.0
vn -4.9644780106625705e-06 -9.914074885878307e-07 0.0
vn -5.051918509691629e-06 -3.272774530409815e-07 0.0
vn -3.803665522461623e-06 3.340828259256164e-06 0.0
vn -9.914017665413887e-07 -4.9644932694530835e-06 0.0
vn -3.272781682967867e-07 -5.051926139086885e-06 0.0
vn -2.235649321261993e-06 -4.542126133383095e-06 0.0
vn 2.8093874739087206e-06 -4.2114528841973875e-06 0.0
vn 3.3408282592561635e-06 -3.8036693371592504e-06 0.0
vn 1.6309129356901234e-06 -4.7926106237305775e-06 0.0
vn 9.838791828189691e-07 -4.965984816225631e-06 0.0
vn -2.815773277737995e-06 -4.207191866946908e-06 0.0
vn 4.207199496342165e-06 -2.8157694630403676e-06 0.0
vn 4.542129948080723e-06 -2.235653135959621e-06 0.0
vn 4.96598863092326e-06 9.83890626911853e-07 0.0
vn 4.792618253125834e-06 1.6309243797830072e-06 0.0
vn 5.051926139086884e-06 -3.2727435359915877e-07 0.0
vn 2.815758018947483e-06 4.207191866946909e-06 0.0
vn 2.235641691866737e-06 4.542126133383095e-06 0.0
vn 3.803665522461623e-06 3.3408244445585356e-06 0.0
vn 4.211456698895015e-06 2.809391288606348e-06 0.0
vn 4.9644932694530835e-06 -9.914055812390168e-07 0.0
vn 9.914017665413887e-07 4.9644932694530835e-06 0.0
vn 3.272781682967867e-07 5.051926139086885e-06 0.0
vn -2.8093874739087206e-06 4.2114528841973875e-06 0.0
vn -3.3408282592561635e-06 3.8036693371592504e-06 0.0
vn -1.6309129356901234e-06 4.7926106237305775e-06 0.0
vn -9.838791828189691e-07 4.965984816225631e-06 0.0
vn -4.207199496342165e-06 2.8157694630403676e-06 0.0
vn -4.542129948080723e-06 2.235653135959621e-06 0.0
vn -4.965981001528004e-06 -9.83890626911853e-07 0.0
vn -4.792602994335322e-06 -1.6309243797830072e-06 0.0
vn -5.051926139086884e-06 3.2727435359915877e-07 0.0
vn -3.8036731518568787e-06 -3.3408244445585356e-06 0.0
vn -4.211449069499759e-06 -2.809391288606348e-06 0.0
vn -4.9644932694530835e-06 9.914055812390168e-07 0.0
vn 1.6236611954992918e-06 -4.795082547793524e-06 0.0
vn 2.2425310357829085e-06 -4.5387424965870585e-06 0.0
vn 1.0047913552156751e-06 -5.051422598999989e-06 0.0
vn 4.538734867191802e-06 -2.2425234063876524e-06 0.0
vn 4.795078733095895e-06 -1.6236573808016637e-06 0.0
vn 3.808727626213981e-06 -3.3350604364426252e-06 0.0
vn 3.335064251140253e-06 -3.8087314409116092e-06 0.0
vn 1.0047913552156751e-06 -5.051422598999989e-06 0.0
vn 5.051422598999988e-06 -3.3493045173855835e-07 0.0
vn 5.051422598999988e-06 3.3493045173855835e-07 0.0
vn 3.808727626213981e-06 3.3350604364426252e-06 0.0
vn 3.335064251140253e-06 3.8087314409116092e-06 0.0
vn 4.538734867191802e-06 2.2425234063876524e-06 0.0
vn 1.0047913552156751e-06 5.051422598999989e-06 0.0
vn 1.0047913552156751e-06 5.051422598999989e-06 0.0
vn 1.6236611954992918e-06 4.795082547793524e-06 0.0
vn 2.2425310357829085e-06 4.5387424965870585e-06 0.0
vn 4.795078733095895e-06 1.6236573808016637e-06 0.0
vn -1.6236611954992918e-06 4.795074918398268e-06 0.0
vn -2.2425310357829085e-06 4.538727237796546e-06 0.0
vn -1.0047913552156751e-06 5.051422598999989e-06 0.0
vn -4.538734867191802e-06 2.2425234063876524e-06 0.0
vn -4.795078733095895e-06 1.6236573808016637e-06 0.0
vn -3.808727626213981e-06 3.3350528070473687e-06 0.0
vn -3.335064251140253e-06 3.808716182121097e-06 0.0
vn -1.0047913552156751e-06 5.051422598999989e-06 0.0
vn -5.051422598999988e-06 3.3493045173855835e-07 0.0
vn -5.051422598999988e-06 -3.3493045173855835e-07 0.0
vn -3.808727626213981e-06 -3.3350528070473687e-06 0.0
vn -3.335064251140253e-06 -3.808716182121097e-06 0.0
vn -4.538734867191802e-06 -2.2425234063876524e-06 0.0
vn -1.0047913552156751e-06 -5.051422598999989e-06 0.0
vn -1.0047913552156751e-06 -5.051422598999989e-06 0.0
vn -1.6236611954992918e-06 -4.795074918398268e-06 0.0
vn -2.2425310357829085e-06 -4.538727237796546e-06 0.0
vn -4.795078733095895e-06 -1.6236573808016637e-06 0.0
vn 3.8036699332057542e-06 -3.3408358886514196e-06 0.0
vn 4.211454791546201e-06 -2.8094027326992324e-06 0.0
vn 2.8157692246217653e-06 -4.207191866946908e-06 0.0
vn 5.0519234568776145e-06 3.2728579769204277e-07 0.0
vn 4.964489156732203e-06 9.914170253319007e-07 0.0
vn 4.9659850546442335e-06 -9.838868122142253e-07 0.0
vn 4.79261235226544e-06 -1.6309281944806352e-06 0.0
vn 2.2356533743782223e-06 -4.542114689290212e-06 0.0
vn 4.542124583662184e-06 2.235656950657249e-06 0.0
vn 4.207194310737577e-06 2.8157656483427393e-06 0.0
vn 1.6309219955969899e-06 4.792618253125834e-06 0.0
vn 9.838872890514288e-07 4.96598863092326e-06 0.0
vn 2.809392480699357e-06 4.211456698895015e-06 0.0
vn -2.2356533743782228e-06 4.542114689290212e-06 0.0
vn -2.8157692246217653e-06 4.207191866946909e-06 0.0
vn -9.914074885878307e-07 4.9644780106625705e-06 0.0
vn -3.272774530409815e-07 5.051918509691629e-06 0.0
vn 3.340828259256164e-06 3.803665522461623e-06 0.0
vn -3.8036699332057542e-06 3.3408358886514196e-06 0.0
vn -4.211454791546201e-06 2.8094027326992324e-06 0.0
vn -5.0519234568776145e-06 -3.2728579769204277e-07 0.0
vn -4.964489156732203e-06 -9.914170253319007e-07 0.0
vn -4.9659850546442335e-06 9.838868122142253e-07 0.0
vn -4.79261235226544e-06 1.6309281944806352e-06 0.0
vn -4.542124583662184e-06 -2.235656950657249e-06 0.0
vn -4.207194310737577e-06 -2.8157656483427393e-06 0.0
vn -1.6309219955969899e-06 -4.792618253125834e-06 0.0
vn -9.838872890514288e-07 -4.96598863092326e-06 0.0
vn -2.809392480699357e-06 -4.211456698895015e-06 0.0
vn 9.914074885878307e-07 -4.9644780106625705e-06 0.0
vn 3.272774530409815e-07 -5.051918509691629e-06 0.0
vn -3.340828259256164e-06 -3.803665522461623e-06 0.0
vn 4.9644932694530835e-06 -9.914017665413887e-07 0.0
vn 5.051926139086885e-06 -3.272781682967867e-07 0.0
vn 4.542126133383095e-06 -2.235649321261993e-06 0.0
vn 4.2114528841973875e-06 2.8093874739087206e-06 0.0
vn 3.8036693371592504e-06 3.3408282592561635e-06 0.0
vn 4.7926106237305775e-06 1.6309129356901234e-06 0.0
vn 4.965984816225631e-06 9.838791828189691e-07 0.0
vn 4.207191866946908e-06 -2.815773277737995e-06 0.0
vn 2.8157694630403676e-06 4.207199496342165e-06 0.0
vn 2.235653135959621e-06 4.542129948080723e-06 0.0
vn -9.83890626911853e-07 4.96598863092326e-06 0.0
vn -1.6309243797830072e-06 4.792618253125834e-06 0.0
vn 3.2727435359915877e-07 5.051926139086884e-06 0.0
vn -4.207191866946909e-06 2.815758018947483e-06 0.0
vn -4.542126133383095e-06 2.235641691866737e-06 0.0
vn -3.3408244445585356e-06 3.803665522461623e-06 0.0
vn -2.809391288606348e-06 4.211456698895015e-06 0.0
vn 9.914055812390168e-07 4.9644932694530835e-06 0.0
vn -4.9644932694530835e-06 9.914017665413887e-07 0.0
vn -5.051926139086885e-06 3.272781682967867e-07 0.0
vn -4.2114528841973875e-06 -2.8093874739087206e-06 0.0
vn -3.8036693371592504e-06 -3.3408282592561635e-06 0.0
vn -4.7926106237305775e-06 -1.6309129356901234e-06 0.0
vn -4.965984816225631e-06 -9.838791828189691e-07 0.0
vn -2.8157694630403676e-06 -4.207199496342165e-06 0.0
vn -2.235653135959621e-06 -4.542129948080723e-06 0.0
vn 9.83890626911853e-07 -4.965981001528004e-06 0.0
vn 1.6309243797830072e-06 -4.792602994335322e-06 0.0
vn -3.2727435359915877e-07 -5.051926139086884e-06 0.0
vn 3.3408244445585356e-06 -3.8036731518568787e-06 0.0
vn 2.809391288606348e-06 -4.211449069499759e-06 0.0
vn -9.914055812390168e-07 -4.9644932694530835e-06 0.0
vn 4.795082547793524e-06 1.6236611954992918e-06 0.0
vn 4.5387424965870585e-06 2.2425310357829085e-06 0.0
vn 5.051422598999989e-06 1.0047913552156751e-06 0.0
vn 2.2425234063876524e-06 4.538734867191802e-06 0.0
vn 1.6236573808016637e-06 4.795078733095895e-06 0.0
vn 3.3350604364426252e-06 3.808727626213981e-06 0.0
vn 3.8087314409116092e-06 3.335064251140253e-06 0.0
vn 5.051422598999989e-06 1.0047913552156751e-06 0.0
vn 3.3493045173855835e-07 5.051422598999988e-06 0.0
vn -3.3493045173855835e-07 5.051422598999988e-06 0.0
vn -3.3350604364426252e-06 3.808727626213981e-06 0.0
vn -3.8087314409116092e-06 3.335064251140253e-06 0.0
vn -2.2425234063876524e-06 4.538734867191802e-06 0.0
vn -5.051422598999989e-06 1.0047913552156751e-06 0.0
vn -5.051422598999989e-06 1.0047913552156751e-06 0.0
vn -4.795082547793524e-06 1.6236611954992918e-06 0.0
vn -4.5387424965870585e-06 2.2425310357829085e-06 0.0
vn -1.6236573808016637e-06 4.795078733095895e-06 0.0
vn -4.795074918398268e-06 -1.6236611954992918e-06 0.0
vn -4.538727237796546e-06 -2.2425310357829085e-06 0.0
vn -5.051422598999989e-06 -1.0047913552156751e-06 0.0
vn -2.2425234063876524e-06 -4.538734867191802e-06 0.0
vn -1.6236573808016637e-06 -4.795078733095895e-06 0.0
vn -3.3350528070473687e-06 -3.808727626213981e-06 0.0
vn -3.808716182121097e-06 -3.335064251140253e-06 0.0
vn -5.051422598999989e-06 -1.0047913552156751e-06 0.0
vn -3.3493045173855835e-07 -5.051422598999988e-06 0.0
vn 3.3493045173855835e-07 -5.051422598999988e-06 0.0
vn 3.3350528070473687e-06 -3.808727626213981e-06 0.0
vn 3.808716182121097e-06 -3.335064251140253e-06 0.0
vn 2.2425234063876524e-06 -4.538734867191802e-06 0.0
vn 5.051422598999989e-06 -1.0047913552156751e-06 0.0
vn 5.051422598999989e-06 -1.0047913552156751e-06 0.0
vn 4.795074918398268e-06 -1.6236611954992918e-06 0.0
vn 4.538727237796546e-06 -2.2425310357829085e-06 0.0
vn 1.6236573808016637e-06 -4.795078733095895e-06 0.0
vn 3.3408358886514196e-06 3.8036699332057542e-06 0.0
vn 2.8094027326992324e-06 4.211454791546201e-06 0.0
vn 4.207191866946908e-06 2.8157692246217653e-06 0.0
vn -3.2728579769204277e-07 5.0519234568776145e-06 0.0
vn -9.914170253319007e-07 4.964489156732203e-06 0.0
vn 9.838868122142253e-07 4.9659850546442335e-06 0.0
vn 1.6309281944806352e-06 4.79261235226544e-06 0.0
vn 4.542114689290212e-06 2.2356533743782223e-06 0.0
vn -2.235656950657249e-06 4.542124583662184e-06 0.0
vn -2.8157656483427393e-06 4.207194310737577e-06 0.0
vn -4.792618253125834e-06 1.6309219955969899e-06 0.0
vn -4.96598863092326e-06 9.838872890514288e-07 0.0
vn -4.211456698895015e-06 2.809392480699357e-06 0.0
vn -4.542114689290212e-06 -2.2356533743782228e-06 0.0
vn -4.207191866946909e-06 -2.8157692246217653e-06 0.0
vn -4.9644780106625705e-06 -9.914074885878307e-07 0.0
vn -5.051918509691629e-06 -3.272774530409815e-07 0.0
vn -3.803665522461623e-06 3.340828259256164e-06 0.0
vn -3.3408358886514196e-06 -3.8036699332057542e-06 0.0
vn -2.8094027326992324e-06 -4.211454791546201e-06 0.0
vn 3.2728579769204277e-07 -5.0519234568776145e-06 0.0
vn 9.914170253319007e-07 -4.964489156732203e-06 0.0
vn -9.838868122142253e-07 -4.9659850546442335e-06 0.0
vn -1.6309281944806352e-06 -4.79261235226544e-06 0.0
vn 2.235656950657249e-06 -4.542124583662184e-06 0.0
vn 2.8157656483427393e-06 -4.207194310737577e-06 0.0
vn 4.792618253125834e-06 -1.6309219955969899e-06 0.0
vn 4.96598863092326e-06 -9.838872890514288e-07 0.0
vn 4.211456698895015e-06 -2.809392480699357e-06 0.0
vn 4.9644780106625705e-06 9.914074885878307e-07 0.0
vn 5.051918509691629e-06 3.272774530409815e-07 0.0
vn 3.803665522461623e-06 -3.340828259256164e-06 0.0
vn 9.914017665413887e-07 4.9644932694530835e-06 0.0
vn 3.272781682967867e-07 5.051926139086885e-06 0.0
vn 2.235649321261993e-06 4.542126133383095e-06 0.0
vn -2.8093874739087206e-06 4.2114528841973875e-06 0.0
vn -3.3408282592561635e-06 3.8036693371592504e-06 0.0
vn -1.6309129356901234e-06 4.7926106237305775e-06 0.0
vn -9.838791828189691e-07 4.965984816225631e-06 0.0
vn 2.815773277737995e-06 4.207191866946908e-06 0.0
vn -4.207199496342165e-06 2.8157694630403676e-06 0.0
vn -4.542129948080723e-06 2.235653135959621e-06 0.0
vn -4.96598863092326e-06 -9.83890626911853e-07 0.0
vn -4.792618253125834e-06 -1.6309243797830072e-06 0.0
vn -5.051926139086884e-06 3.2727435359915877e-07 0.0
vn -2.815758018947483e-06 -4.207191866946909e-06 0.0
vn -2.235641691866737e-06 -4.542126133383095e-06 0.0
vn -3.803665522461623e-06 -3.3408244445585356e-06 0.0
vn -4.211456698895015e-06 -2.809391288606348e-06 0.0
vn -4.9644932694530835e-06 9.914055812390168e-07 0.0
vn -9.914017665413887e-07 -4.9644932694530835e-06 0.0
vn -3.272781682967867e-07 -5.051926139086885e-06 0.0
vn 2.8093874739087206e-06 -4.2114528841973875e-06 0.0
vn 3.3408282592561635e-06 -3.8036693371592504e-06 0.0
vn 1.6309129356901234e-06 -4.7926106237305775e-06 0.0
vn 9.838791828189691e-07 -4.965984816225631e-06 0.0
vn 4.207199496342165e-06 -2.8157694630403676e-06 0.0
vn 4.542129948080723e-06 -2.235653135959621e-06 0.0
vn 4.965981001528004e-06 9.83890626911853e-07 0.0
vn 4.792602994335322e-06 1.6309243797830072e-06 0.0
vn 5.051926139086884e-06 -3.2727435359915877e-07 0.0
vn 3.8036731518568787e-06 3.3408244445585356e-06 0.0
vn 4.211449069499759e-06 2.809391288606348e-06 0.0
vn 4.9644932694530835e-06 -9.914055812390168e-07 0.0
vn -4.9644932694530835e-06 9.914017665413887e-07 0.0
vn -5.051926139086885e-06 3.272781682967867e-07 0.0
vn -4.542126133383095e-06 2.235649321261993e-06 0.0
vn -4.2114528841973875e-06 -2.8093874739087206e-06 0.0
vn -3.8036693371592504e-06 -3.3408282592561635e-06 0.0
vn -4.7926106237305775e-06 -1.6309129356901234e-06 0.0
vn -4.965984816225631e-06 -9.838791828189691e-07 0.0
vn -4.207191866946908e-06 2.815773277737995e-06 0.0
vn -2.8157694630403676e-06 -4.207199496342165e-06 0.0
vn -2.235653135959621e-06 -4.542129948080723e-06 0.0
vn 9.83890626911853e-07 -4.96598863092326e-06 0.0
vn 1.6309243797830072e-06 -4.792618253125834e-06 0.0
vn -3.2727435359915877e-07 -5.051926139086884e-06 0.0
vn 4.207191866946909e-06 -2.815758018947483e-06 0.0
vn 4.542126133383095e-06 -2.235641691866737e-06 0.0
vn 3.3408244445585356e-06 -3.803665522461623e-06 0.0
vn 2.809391288606348e-06 -4.211456698895015e-06 0.0
vn -9.914055812390168e-07 -4.9644932694530835e-06 0.0
vn 4.9644932694530835e-06 -9.914017665413887e-07 0.0
vn 5.051926139086885e-06 -3.272781682967867e-07 0.0
vn 4.2114528841973875e-06 2.8093874739087206e-06 0.0
vn 3.8036693371592504e-06 3.3408282592561635e-06 0.0
vn 4.7926106237305775e-06 1.6309129356901234e-06 0.0
vn 4.965984816225631e-06 9.838791828189691e-07 0.0
vn 2.8157694630403676e-06 4.207199496342165e-06 0.0
vn 2.235653135959621e-06 4.542129948080723e-06 0.0
vn -9.83890626911853e-07 4.965981001528004e-06 0.0
vn -1.6309243797830072e-06 4.792602994335322e-06 0.0
vn 3.2727435359915877e-07 5.051926139086884e-06 0.0
vn -3.3408244445585356e-06 3.8036731518568787e-06 0.0
vn -2.809391288606348e-06 4.211449069499759e-06 0.0
vn 9.914055812390168e-07 4.9644932694530835e-06 0.0
vn -3.174228969748441e-07 7.389021621719145e-08 3.174238618724168e-07
vn -3.036217977939371e-07 7.067776397721043e-08 3.036217977939371e-07
vn -5.90778645369613e-07 2.686324374754975e-07 6.486831364324201e-07
vn -5.986371609018985e-07 2.7075245568225955e-07 6.566719779767208e-07
vn -5.65682941767998e-06 0.0 5.65682941767998e-06
vn -5.65682941767998e-06 0.0 5.65682941767998e-06
vn -5.65682941767998e-06 0.0 5.65682941767998e-06
vn -5.65682941767998e-06 0.0 5.65682941767998e-06
vn -0.00012445024718895956 0.0 0.0
vn -0.00012445024718895956 0.0 0.0
vn -0.00012445024718895956 0.0 0.0
vn -0.00012445024718895956 0.0 0.0
vn -7.2869279154265245e-06 1.696258706057794e-06 0.0
vn -7.2869279154265245e-06 1.696258706057794e-06 0.0
vn -1.1208987665036689e-05 4.536455585359071e-06 0.0
vn -1.513104741464685e-05 7.376652464660349e-06 0.0
vn -6.864975945615051e-07 3.3461732864159327e-07 -7.637035826452477e-07
vn -4.990214186101354e-07 2.0337583566488115e-07 -5.375400550458951e-07
vn -3.174228969748441e-07 7.389021621719143e-08 -3.174238618724168e-07
vn -3.036217977939371e-07 7.067776397721042e-08 -3.036217977939371e-07
vn -5.65682941768e-06 2.168404550958373e-22 -5.65682941767998e-06
vn -5.65682941768e-06 2.168404550958373e-22 -5.65682941767998e-06
vn -5.656829417680019e-06 0.0 -5.65682941767998e-06
vn -5.65682941767998e-06 4.336809101916746e-22 -5.65682941767998e-06
vn 0.0 -1.437500136555176e-06 0.0
vn 0.0 -2.458333566862475e-06 0.0
vn 0.0 -3.500000332482168e-06 0.0
vn 0.0 -4.500000427477074e-06 0.0
vn 0.0 -4.500000427477074e-06 0.0
vn 0.0 -1.3750001306179942e-06 0.0
vn -1.2000001139938862e-05 0.0 0.0
vn -1.2000001139938862e-05 0.0 0.0
vn -1.2000001139938862e-05 0.0 0.0
vn -1.2000001139938862e-05 0.0 0.0
vn 0.0 1.3750001306179942e-06 0.0
vn 0.0 1.4375001365551757e-06 0.0
vn 0.0 2.458333566862474e-06 0.0
vn 0.0 4.500000427477073e-06 0.0
vn 0.0 3.5000003324821675e-06 0.0
vn 0.0 4.500000427477074e-06 0.0
vn -0.00012445024718895956 0.0 0.0
vn -0.00012445024718895956 0.0 0.0
vn -0.00012445024718895956 0.0 0.0
vn -0.00012445024718895956 0.0 0.0
vn -1.1208987665036689e-05 -4.536455585359071e-06 0.0
vn -7.2869279154265245e-06 -1.696258706057794e-06 0.0
vn -7.2869279154265245e-06 -1.696258706057794e-06 0.0
vn -1.513104741464685e-05 -7.376652464660349e-06 0.0
vn -3.174228969748441e-07 -7.389021621719145e-08 -3.174238618724168e-07
vn -3.036217977939371e-07 -7.067776397721043e-08 -3.036217977939371e-07
vn -5.90778645369613e-07 -2.686324374754975e-07 -6.4868313643242e-07
vn -5.986371609018985e-07 -2.7075245568225955e-07 -6.566719779767204e-07
vn -5.65682941767998e-06 0.0 -5.65682941767998e-06
vn -5.65682941767998e-06 0.0 -5.65682941767998e-06
vn -5.65682941767998e-06 0.0 -5.65682941767998e-06
vn -5.65682941767998e-06 0.0 -5.65682941767998e-06
vn -7.779994749985084e-07 -5.971152554940603e-07 -9.806691913008114e-07
vn -8.036603101591384e-07 -5.595732266795495e-07 -9.792163685074385e-07
vn -7.628082364236636e-07 -6.140976535509864e-07 -9.792225224765937e-07
vn -8.176343422991816e-07 -5.41576119053575e-07 -9.806621730181438e-07
vn -8.406226638799275e-07 -5.023406823837004e-07 -9.792146761656178e-07
vn -8.53311142919334e-07 -4.834150137767766e-07 -9.806659250164135e-07
vn -7.182636943300176e-07 -6.656494772958028e-07 -9.792150214049887e-07
vn -7.345991832475284e-07 -6.497647584813342e-07 -9.806687687446821e-07
vn -6.373587260121343e-07 -7.453884197053935e-07 -9.806644435512673e-07
vn -6.702426911313859e-07 -7.139794710023027e-07 -9.79213038716052e-07
vn -6.189779233830767e-07 -7.588536665493018e-07 -9.792172963497682e-07
vn -6.876427985785782e-07 -6.992687253828517e-07 -9.80661027823537e-07
vn -5.743737766389931e-07 -7.939626732693864e-07 -9.799404113098797e-07
vn -5.73100144468444e-07 -7.922020711047626e-07 -9.777655246122287e-07
vn -5.177791610485601e-07 -8.31977327225433e-07 -9.799383725427067e-07
vn -5.18927146615987e-07 -8.338220911564746e-07 -9.821143301922987e-07
vn -3.23695849332624e-07 -9.257705296345558e-07 -9.8066564900051e-07
vn -3.445787757141819e-07 -9.166556275439144e-07 -9.792138006058991e-07
vn -2.8000961420527834e-07 -9.383959072173657e-07 -9.792188897870623e-07
vn -3.973579784208079e-07 -8.957612173330389e-07 -9.79935714449601e-07
vn -3.964767832687395e-07 -8.937750711711596e-07 -9.777627821434726e-07
vn -4.4827020452999596e-07 -8.706586393284066e-07 -9.79209171100379e-07
vn -5.686855856384389e-08 -9.790792004510167e-07 -9.806598709182732e-07
vn -7.945220430455256e-08 -9.760531120847374e-07 -9.792096559738773e-07
vn -3.410864200357463e-08 -9.799394942389976e-07 -9.79936550626828e-07
vn -1.2480673386121098e-07 -9.727556040085831e-07 -9.80658464939074e-07
vn -1.4712525811677355e-07 -9.681665823667475e-07 -9.792111296379851e-07
vn -2.1408559925549622e-07 -9.555937959538403e-07 -9.792155139867596e-07
vn -2.5854367486957426e-07 -9.460365876205188e-07 -9.806667054769319e-07
vn -1.9214027958453982e-07 -9.617235382048355e-07 -9.806605272303297e-07
vn -4.6904250468034173e-07 -8.612949871632727e-07 -9.806594241950505e-07
vn -3.418445911893116e-08 -9.82112322166048e-07 -9.821123221660472e-07
vn -7.520581006164856e-07 -2.1606471087653058e-05 0.0
vn -1.7523824449097708e-06 -2.1536750018051824e-05 0.0
vn -1.252220272763128e-06 -2.1571610552852437e-05 0.0
vn -3.2455956045389747e-06 -2.1362783911641502e-05 0.0
vn -4.723087123677307e-06 -2.108541593580718e-05 0.0
vn -4.232604110978781e-06 -2.1189323530821914e-05 0.0
vn -2.749070110797694e-06 -2.1432336697446356e-05 0.0
vn -6.177723517760405e-06 -2.070599498352471e-05 0.0
vn -7.602469212796357e-06 -2.022634157950061e-05 0.0
vn -7.1311347106245235e-06 -2.0397289942195722e-05 0.0
vn -8.990414519814975e-06 -1.9648791590249105e-05 0.0
vn -1.0334824590154025e-05 -1.8976128473472748e-05 0.0
vn -9.891772256196197e-06 -1.9210809625221826e-05 0.0
vn -8.532109117391582e-06 -1.98520924035273e-05 0.0
vn -5.695646827068119e-06 -2.0843751662158575e-05 0.0
vn -7.520581006164856e-07 -2.1606471087653058e-05 0.0
vn -1.1203557125071758e-05 -1.8476539777536183e-05 0.0
vn -1.1629237326031663e-05 -1.8211632233348694e-05 0.0
vn -1.2664242993809928e-05 -1.750591205954822e-05 0.0
vn -1.2664242993809928e-05 -1.750591205954822e-05 0.0
vn -1.3658370997589461e-05 -1.6743693988636755e-05 0.0
vn -1.4970257273843636e-05 -1.5579813529868485e-05 0.0
vn -1.4043173534550639e-05 -1.6422288547338278e-05 0.0
vn -1.6185547776761547e-05 -1.4315392900416599e-05 0.0
vn -1.6986814682050583e-05 -1.3352445917156885e-05 0.0
vn -1.6986814682050583e-05 -1.3352445917156885e-05 0.0
vn -1.7733258660378792e-05 -1.2346418282018268e-05 0.0
vn -1.867486463565012e-05 -1.086687763447076e-05 0.0
vn -1.801494038371101e-05 -1.193166210349908e-05 0.0
vn -1.58490431264685e-05 -1.4687068427056886e-05 0.0
vn -1.4970257273843635e-05 -1.5579813529868485e-05 0.0
vn -1.8674864635650123e-05 -1.086687763447076e-05 0.0
vn -5.686855856384389e-08 -9.79079200451017e-07 9.80659870918274e-07
vn -3.410864200357463e-08 -9.799394942389984e-07 9.799365506268293e-07
vn -7.945220430455256e-08 -9.76053112084738e-07 9.792096559738779e-07
vn -1.24806733861211e-07 -9.727556040085831e-07 9.80658464939074e-07
vn -1.4712525811677355e-07 -9.681665823667473e-07 9.792111296379851e-07
vn -3.2369584933262407e-07 -9.257705296345558e-07 9.8066564900051e-07
vn -2.800096142052784e-07 -9.383959072173657e-07 9.792188897870623e-07
vn -3.445787757141819e-07 -9.166556275439144e-07 9.792138006058991e-07
vn -4.489924539475643e-07 -8.719149464138953e-07 9.806574113690942e-07
vn -4.074802785767107e-07 -8.904786955833625e-07 9.792101379685238e-07
vn -4.684089469826245e-07 -8.599913142489031e-07 9.792108416046237e-07
vn -3.8728177252791014e-07 -9.01023314555832e-07 9.806612519836858e-07
vn -5.085303471766024e-07 -8.385864100752471e-07 9.80662764888248e-07
vn -3.418445911893116e-08 -9.82112322166048e-07 9.82112322166048e-07
vn -1.9214027958453982e-07 -9.617235382048355e-07 9.806605272303297e-07
vn -2.5854367486957426e-07 -9.460365876205188e-07 9.806667054769319e-07
vn -2.1408559925549622e-07 -9.5559379595384e-07 9.792155139867596e-07
vn -5.270710492145672e-07 -8.253417799108248e-07 9.792163783615113e-07
vn -5.831814366248458e-07 -7.866968266446181e-07 9.792155911804335e-07
vn -6.364689477904029e-07 -7.44244328308462e-07 9.792159569816628e-07
vn -6.199452671232441e-07 -7.599329080865573e-07 9.806657340831418e-07
vn -6.866754548384106e-07 -6.981894838455961e-07 9.792125900901643e-07
vn -7.335593602524288e-07 -6.487551351757899e-07 9.792203129087252e-07
vn -7.193712282080141e-07 -6.665843961061322e-07 9.80663534012824e-07
vn -6.712825141264854e-07 -7.149890943078471e-07 9.806614945520093e-07
vn -7.768919411205117e-07 -5.961803366837309e-07 9.792206786929764e-07
vn -8.164640248560574e-07 -5.407206731104957e-07 9.792134142888931e-07
vn -8.048868943922757e-07 -5.603453850577509e-07 9.806648815324281e-07
vn -8.451016752052723e-07 -4.917631616441895e-07 9.777671029858638e-07
vn -5.907786453696132e-07 -2.686324374754975e-07 6.486831364324202e-07
vn -8.469795793219572e-07 -4.92856072514612e-07 9.799405146248498e-07
vn -7.639785538667877e-07 -6.149530994940658e-07 9.806712812058446e-07
vn -5.656068067611724e-07 -8.011988765146703e-07 9.806637935438308e-07
vn -5.986371609018985e-07 -2.7075245568225955e-07 6.566719779767208e-07
vn -3.174228969748441e-07 -7.389021621719143e-08 3.174238618724168e-07
vn -3.036217977939371e-07 -7.067776397721042e-08 3.036217977939371e-07
vn -5.65682941767998e-06 0.0 5.65682941767998e-06
vn -5.65682941767998e-06 0.0 5.65682941767998e-06
vn -5.65682941767998e-06 0.0 5.65682941767998e-06
vn -5.65682941767998e-06 0.0 5.65682941767998e-06
vn 1.1304093481057745e-07 1.3780057149845233e-06 1.382444354835453e-06
vn 6.786537815096609e-08 1.381429207423487e-06 1.3814247716427822e-06
vn 1.5786649296281963e-07 1.371538848830653e-06 1.3804041671468841e-06
vn 2.9154080935178983e-07 1.3494609684171237e-06 1.3804123410784976e-06
vn 4.224068725036127e-07 1.3143870489679303e-06 1.380406757595406e-06
vn 3.797045114728226e-07 1.3294745754510134e-06 1.3824531784567863e-06
vn 6.707147599628512e-07 1.2067239636112957e-06 1.380419015676424e-06
vn 6.317759160335536e-07 1.229852316384136e-06 1.3824528955832917e-06
vn 5.492051964181096e-07 1.2666546117502834e-06 1.3804057156466472e-06
vn 5.081870243900823e-07 1.2858552564778923e-06 1.3824457757767532e-06
vn 7.492806828518313e-07 1.1620055348841063e-06 1.382463573362546e-06
vn 7.857647688575095e-07 1.1351716802028658e-06 1.3804162814100976e-06
vn 8.932470534411503e-07 1.0526872681212554e-06 1.3804032122028222e-06
vn 8.595689954323364e-07 1.08296786105513e-06 1.3824499792385347e-06
vn 2.4756497509618506e-07 1.3602903386729501e-06 1.3824510985525575e-06
vn 9.615794141600777e-07 9.935004860197278e-07 1.3824483640922059e-06
vn 9.92127512765116e-07 9.60064343418823e-07 1.3804062063954829e-06
vn 1.1486165422563246e-06 7.67480923126497e-07 1.3814372921372996e-06
vn 1.0814527903138755e-06 8.581960221777248e-07 1.3804078215418112e-06
vn 1.1460698739617307e-06 7.657790911472046e-07 1.378382206429937e-06
vn 1.054329177558641e-06 8.94465213550359e-07 1.382445206505775e-06
vn 1.229852316384136e-06 6.317759160335536e-07 1.3824528955832917e-06
vn 1.2067239636112957e-06 6.707147599628512e-07 1.3804190156764236e-06
vn 1.2666546117502834e-06 5.492051964181096e-07 1.3804057156466472e-06
vn 1.2858552564778923e-06 5.081870243900823e-07 1.3824457757767532e-06
vn 1.3219454352170458e-06 4.010076903763986e-07 1.3814295799698325e-06
vn 1.3747772092253584e-06 1.354038843989328e-07 1.3814261979625323e-06
vn 1.3717289081926828e-06 1.3510371537932937e-07 1.3783574201049005e-06
vn 1.3814292074234868e-06 0.0 1.381424771642782e-06
vn 6.801605870727216e-08 1.3844922904094716e-06 1.3844922904094716e-06
vn 1.3248765535069617e-06 4.0189699176092655e-07 1.3844939803526514e-06
vn 1.3514833144700355e-06 2.91840581007057e-07 1.382454319040861e-06
vn 1.3583070137978581e-06 2.470681107301378e-07 1.3804089410765388e-06
vn 1.3844922904094714e-06 0.0 1.3844922904094714e-06
vn 1.2858552564778923e-06 -5.081870243900823e-07 1.3824457757767532e-06
vn 1.3143870489679303e-06 -4.224068725036127e-07 1.380406757595406e-06
vn 1.2666546117502834e-06 -5.492051964181096e-07 1.3804057156466472e-06
vn 1.3494609684171237e-06 -2.9154080935178983e-07 1.3804123410784976e-06
vn 1.3294745754510134e-06 -3.797045114728226e-07 1.3824531784567863e-06
vn 1.1351716802028658e-06 -7.857647688575095e-07 1.3804162814100976e-06
vn 1.1620055348841063e-06 -7.492806828518313e-07 1.382463573362546e-06
vn 1.2067239636112957e-06 -6.707147599628512e-07 1.3804190156764236e-06
vn 1.229852316384136e-06 -6.317759160335536e-07 1.3824528955832917e-06
vn 1.08296786105513e-06 -8.595689954323365e-07 1.3824499792385347e-06
vn 1.0526872681212554e-06 -8.932470534411503e-07 1.3804032122028222e-06
vn 9.60064343418823e-07 -9.92127512765116e-07 1.3804062063954829e-06
vn 9.935004860197278e-07 -9.615794141600777e-07 1.3824483640922059e-06
vn 1.3715388488306524e-06 -1.5786649296281965e-07 1.3804041671468833e-06
vn 1.3602903386729501e-06 -2.4756497509618506e-07 1.3824510985525575e-06
vn 7.868157180540241e-07 -1.136925328491605e-06 1.3824582867628055e-06
vn 8.581960221777248e-07 -1.0814527903138755e-06 1.3804078215418112e-06
vn 7.480625227426227e-07 -1.1603636254467207e-06 1.3804215790595932e-06
vn 5.49894067231433e-07 -1.2685794445950792e-06 1.3824476374883312e-06
vn 6.307249668370392e-07 -1.2280986680953966e-06 1.3804108902305836e-06
vn 5.073131407418009e-07 -1.2840070354771255e-06 1.380403832388531e-06
vn 6.715886436111324e-07 -1.2085721846120625e-06 1.3824609590646454e-06
vn 3.790156406594992e-07 -1.3275497426062175e-06 1.3804112566151023e-06
vn 4.2290373686965996e-07 -1.316370373843022e-06 1.3824489150714245e-06
vn 2.470681107301378e-07 -1.3583070137978581e-06 1.3804089410765388e-06
vn 1.3510371537932937e-07 -1.3717289081926824e-06 1.3783574201049e-06
vn 1.3540388439893276e-07 -1.3747772092253584e-06 1.381426197962532e-06
vn 6.786537815096609e-08 -1.3814292074234883e-06 1.3814247716427834e-06
vn 8.94465213550359e-07 -1.054329177558641e-06 1.3824452065057748e-06
vn 2.91840581007057e-07 -1.3514833144700355e-06 1.382454319040861e-06
vn 1.3780057149845229e-06 -1.1304093481057745e-07 1.382444354835451e-06
vn 6.801605870727216e-08 -1.384492290409473e-06 1.384492290409473e-06
vn 1.4963532915599875e-06 3.0458830389008378e-05 0.0
vn 2.9854891752077957e-06 3.0312161225676747e-05 0.0
vn 2.9854891752077957e-06 3.0312161225676747e-05 0.0
vn 5.453024428531948e-06 2.9970879063968962e-05 0.0
vn 8.364430268455135e-06 2.9292073807174324e-05 0.0
vn 6.431423798208292e-06 2.9776266065592804e-05 0.0
vn 1.1195269694474922e-05 2.8331161965099143e-05 0.0
vn 1.3918295593000373e-05 2.7097411822467866e-05 0.0
vn 1.2116894919353717e-05 2.7949408643108616e-05 0.0
vn 1.692202061232736e-05 2.5325590632120203e-05 0.0
vn 1.9322878765811674e-05 2.354499420671653e-05 0.0
vn 1.9322878765811674e-05 2.354499420671653e-05 0.0
vn 1.4798071041768237e-05 2.662716832381764e-05 0.0
vn 9.319037369025632e-06 2.9002494547131997e-05 0.0
vn 2.1184952523123167e-05 2.1890342248741617e-05 0.0
vn 2.322857346259771e-05 1.9708440109709353e-05 0.0
vn 2.189034224874161e-05 2.1184952523123167e-05 0.0
vn 2.50484792344378e-05 1.7336745319591117e-05 0.0
vn 2.6862290073142753e-05 1.4358183317384307e-05 0.0
vn 2.5602702029802607e-05 1.6507295905063608e-05 0.0
vn 2.386141495083535e-05 1.893731742191399e-05 0.0
vn 2.8331161965099143e-05 1.1195269694474922e-05 0.0
vn 2.914728417715316e-05 8.841733818740384e-06 0.0
vn 2.914728417715316e-05 8.841733818740384e-06 0.0
vn 2.9776266065592804e-05 6.431423798208292e-06 0.0
vn 3.0263271504566196e-05 3.4818678030903977e-06 0.0
vn 2.9970879063968962e-05 5.453024428531948e-06 0.0
vn 2.7949408643108616e-05 1.2116894919353717e-05 0.0
vn 1.4963532915599875e-06 3.0458830389008378e-05 0.0
vn 1.692202061232736e-05 2.5325590632120203e-05 0.0
vn 2.6862290073142753e-05 1.4358183317384305e-05 0.0
vn 3.036105094678731e-05 2.4891105473251927e-06 -1.8824815925667134e-21
vn 3.04588303890084e-05 4.987844305199958e-07 2.3342538755462392e-23
vn 3.0458830389008374e-05 -4.987844305199958e-07 2.3342538755462392e-23
vn 3.0361050946787265e-05 -2.4891105473251927e-06 1.9058241313221758e-21
vn 2.9970879063968962e-05 -5.453024428531948e-06 0.0
vn 3.026327150456617e-05 -3.4818678030903977e-06 0.0
vn 2.914728417715316e-05 -8.841733818740384e-06 0.0
vn 2.7949408643108616e-05 -1.2116894919353717e-05 0.0
vn 2.8331161965099143e-05 -1.1195269694474922e-05 0.0
vn 2.9776266065592804e-05 -6.431423798208292e-06 0.0
vn 2.6862290073142753e-05 -1.4358183317384305e-05 0.0
vn 2.5602702029802607e-05 -1.6507295905063605e-05 0.0
vn 2.6862290073142753e-05 -1.4358183317384305e-05 0.0
vn 2.386141495083535e-05 -1.893731742191399e-05 0.0
vn 2.1890342248741617e-05 -2.1184952523123167e-05 0.0
vn 2.322857346259771e-05 -1.9708440109709353e-05 0.0
vn 2.50484792344378e-05 -1.7336745319591117e-05 0.0
vn 1.9322878765811674e-05 -2.354499420671653e-05 0.0
vn 1.6507295905063605e-05 -2.5602702029802607e-05 0.0
vn 1.7336745319591117e-05 -2.50484792344378e-05 0.0
vn 1.3918295593000373e-05 -2.7097411822467866e-05 0.0
vn 1.1195269694474922e-05 -2.8331161965099143e-05 0.0
vn 1.2116894919353717e-05 -2.7949408643108616e-05 0.0
vn 1.4798071041768237e-05 -2.662716832381764e-05 0.0
vn 8.364430268455135e-06 -2.9292073807174324e-05 0.0
vn 5.453024428531948e-06 -2.9970879063968962e-05 0.0
vn 6.431423798208292e-06 -2.9776266065592804e-05 0.0
vn 2.4891105473251927e-06 -3.036105094678731e-05 0.0
vn 1.4963532915599875e-06 -3.0458830389008405e-05 0.0
vn 1.4963532915599875e-06 -3.0458830389008405e-05 0.0
vn 3.4818678030903977e-06 -3.0263271504566217e-05 0.0
vn 9.319037369025632e-06 -2.9002494547131997e-05 0.0
vn 2.1184952523123167e-05 -2.189034224874161e-05 0.0
vn 2.914728417715316e-05 -8.841733818740384e-06 0.0
vn 1.9322878765811674e-05 -2.354499420671653e-05 0.0
vn 6.786537815096609e-08 -1.3814292074234891e-06 -1.3814247716427851e-06
vn 1.5786649296281963e-07 -1.371538848830654e-06 -1.380404167146885e-06
vn 1.1304093481057745e-07 -1.3780057149845248e-06 -1.3824443548354551e-06
vn 5.081870243900822e-07 -1.2858552564778923e-06 -1.3824457757767532e-06
vn 4.224068725036127e-07 -1.3143870489679303e-06 -1.3804067575954055e-06
vn 5.492051964181096e-07 -1.2666546117502834e-06 -1.3804057156466472e-06
vn 3.797045114728226e-07 -1.3294745754510136e-06 -1.382453178456786e-06
vn 2.9154080935178983e-07 -1.3494609684171237e-06 -1.3804123410784974e-06
vn 7.857647688575095e-07 -1.1351716802028658e-06 -1.3804162814100982e-06
vn 8.932470534411503e-07 -1.0526872681212554e-06 -1.3804032122028228e-06
vn 8.595689954323364e-07 -1.08296786105513e-06 -1.3824499792385347e-06
vn 6.317759160335536e-07 -1.229852316384136e-06 -1.3824528955832917e-06
vn 6.707147599628512e-07 -1.2067239636112957e-06 -1.3804190156764236e-06
vn 7.492806828518313e-07 -1.1620055348841063e-06 -1.382463573362546e-06
vn 2.4756497509618506e-07 -1.3602903386729501e-06 -1.3824510985525575e-06
vn 1.054329177558641e-06 -8.944652135503589e-07 -1.382445206505775e-06
vn 9.92127512765116e-07 -9.60064343418823e-07 -1.3804062063954829e-06
vn 1.0814527903138755e-06 -8.581960221777248e-07 -1.3804078215418114e-06
vn 1.136925328491605e-06 -7.868157180540241e-07 -1.3824582867628057e-06
vn 1.1603636254467207e-06 -7.480625227426227e-07 -1.3804215790595932e-06
vn 1.2280986680953966e-06 -6.307249668370392e-07 -1.380410890230583e-06
vn 1.2840070354771255e-06 -5.073131407418009e-07 -1.3804038323885307e-06
vn 1.2685794445950794e-06 -5.49894067231433e-07 -1.3824476374883306e-06
vn 1.3747772092253567e-06 -1.3540388439893276e-07 -1.3814261979625306e-06
vn 1.3583070137978581e-06 -2.470681107301378e-07 -1.3804089410765386e-06
vn 1.3717289081926815e-06 -1.3510371537932937e-07 -1.3783574201048986e-06
vn 1.3814292074234866e-06 0.0 -1.3814247716427817e-06
vn 9.615794141600777e-07 -9.935004860197278e-07 -1.3824483640922059e-06
vn 1.2085721846120625e-06 -6.715886436111324e-07 -1.3824609590646454e-06
vn 6.801605870727216e-08 -1.384492290409473e-06 -1.3844922904094748e-06
vn 1.3514833144700355e-06 -2.91840581007057e-07 -1.382454319040861e-06
vn 1.3275497426062175e-06 -3.790156406594992e-07 -1.3804112566151025e-06
vn 1.316370373843022e-06 -4.2290373686965996e-07 -1.382448915071425e-06
vn 1.3844922904094714e-06 0.0 -1.3844922904094712e-06
vn 1.2183117831757228e-06 6.512010716111442e-07 -1.3814353375929826e-06
vn 1.2762740870750953e-06 5.286498571953565e-07 -1.381427846604643e-06
vn 1.215610381208593e-06 6.497574469775473e-07 -1.3783741836745477e-06
vn 1.3219454352170458e-06 4.010076903763986e-07 -1.3814295799698327e-06
vn 1.3494609684171237e-06 2.9154080935178983e-07 -1.3804123410784974e-06
vn 1.3190143169271301e-06 4.001183889918707e-07 -1.3783678613760968e-06
vn 1.1603636254467207e-06 7.480625227426227e-07 -1.3804215790595938e-06
vn 1.054329177558641e-06 8.944652135503589e-07 -1.382445206505775e-06
vn 1.0814527903138755e-06 8.581960221777248e-07 -1.3804078215418114e-06
vn 9.76817939090936e-07 9.768179390909363e-07 -1.3814255940734531e-06
vn 1.136925328491605e-06 7.868157180540241e-07 -1.3824582867628057e-06
vn 1.3715388488306537e-06 1.5786649296281965e-07 -1.3804041671468841e-06
vn 1.3602903386729501e-06 2.4756497509618506e-07 -1.3824510985525572e-06
vn 7.67480923126497e-07 1.1486165422563246e-06 -1.3814372921372996e-06
vn 8.581960221777248e-07 1.0814527903138755e-06 -1.3804078215418112e-06
vn 7.657790911472046e-07 1.1460698739617307e-06 -1.378382206429937e-06
vn 5.492051964181096e-07 1.2666546117502834e-06 -1.3804057156466472e-06
vn 4.010076903763986e-07 1.3219454352170458e-06 -1.3814295799698325e-06
vn 5.081870243900823e-07 1.2858552564778923e-06 -1.3824457757767527e-06
vn 6.707147599628512e-07 1.2067239636112957e-06 -1.380419015676424e-06
vn 6.317759160335536e-07 1.229852316384136e-06 -1.3824528955832917e-06
vn 1.3540388439893276e-07 1.3747772092253575e-06 -1.3814261979625302e-06
vn 2.470681107301378e-07 1.3583070137978581e-06 -1.3804089410765384e-06
vn 1.3510371537932937e-07 1.3717289081926811e-06 -1.3783574201048982e-06
vn 2.91840581007057e-07 1.3514833144700355e-06 -1.3824543190408603e-06
vn 6.786537815096609e-08 1.3814292074234862e-06 -1.3814247716427803e-06
vn 8.94465213550359e-07 1.054329177558641e-06 -1.382445206505775e-06
vn 1.3780057149845248e-06 1.1304093481057745e-07 -1.382444354835453e-06
vn 1.2791038774592673e-06 5.298219230415601e-07 -1.3844844266883404e-06
vn 9.78983972087836e-07 9.78983972087836e-07 -1.384493904129712e-06
vn 4.0189699176092655e-07 1.3248765535069617e-06 -1.3844939803526514e-06
vn 6.801605870727216e-08 1.3844922904094716e-06 -1.3844922904094697e-06
vn -3.410864200357463e-08 9.799394942390006e-07 -9.79936550626832e-07
vn -7.945220430455256e-08 9.76053112084739e-07 -9.79209655973879e-07
vn -5.686855856384389e-08 9.790792004510186e-07 -9.80659870918276e-07
vn -2.1408559925549622e-07 9.555937959538403e-07 -9.792155139867596e-07
vn -2.8000961420527844e-07 9.383959072173657e-07 -9.792188897870623e-07
vn -2.5854367486957426e-07 9.460365876205188e-07 -9.806667054769319e-07
vn -3.44578775714182e-07 9.166556275439144e-07 -9.792138006058996e-07
vn -4.074802785767107e-07 8.904786955833625e-07 -9.79210137968524e-07
vn -3.8728177252791014e-07 9.01023314555832e-07 -9.80661251983686e-07
vn -4.489924539475643e-07 8.719149464138953e-07 -9.806574113690942e-07
vn -4.684089469826245e-07 8.599913142489031e-07 -9.792108416046237e-07
vn -5.085303471766024e-07 8.385864100752471e-07 -9.80662764888248e-07
vn -3.2369584933262407e-07 9.257705296345558e-07 -9.806656490005101e-07
vn -3.418445911893116e-08 9.821123221660495e-07 -9.821123221660503e-07
vn -1.4712525811677355e-07 9.681665823667475e-07 -9.792111296379851e-07
vn -1.24806733861211e-07 9.727556040085831e-07 -9.80658464939074e-07
vn -1.9214027958453982e-07 9.617235382048355e-07 -9.806605272303297e-07
vn -5.270710492145672e-07 8.253417799108248e-07 -9.792163783615113e-07
vn -5.831814366248458e-07 7.866968266446181e-07 -9.792155911804335e-07
vn -6.364689477904029e-07 7.44244328308462e-07 -9.792159569816626e-07
vn -6.199452671232441e-07 7.599329080865573e-07 -9.806657340831416e-07
vn -6.866754548384106e-07 6.981894838455961e-07 -9.792125900901643e-07
vn -7.335593602524288e-07 6.487551351757899e-07 -9.792203129087252e-07
vn -7.193712282080141e-07 6.665843961061322e-07 -9.80663534012824e-07
vn -6.712825141264854e-07 7.149890943078471e-07 -9.806614945520091e-07
vn -7.768919411205117e-07 5.961803366837309e-07 -9.792206786929768e-07
vn -8.164640248560574e-07 5.407206731104957e-07 -9.79213414288893e-07
vn -8.048868943922757e-07 5.603453850577509e-07 -9.806648815324281e-07
vn -8.520845586861968e-07 4.826428553985751e-07 -9.79217411991424e-07
vn -8.418999518023701e-07 5.030257384993958e-07 -9.806632057021819e-07
vn -7.639785538667877e-07 6.149530994940658e-07 -9.806712812058448e-07
vn -5.656068067611724e-07 8.011988765146703e-07 -9.806637935438308e-07
vn -1.8800945478519085e-05 1.0650201537634383e-05 0.0
vn -1.801494038371101e-05 1.193166210349908e-05 0.0
vn -1.6986814682050583e-05 1.3352445917156885e-05 0.0
vn -1.7733258660378792e-05 1.2346418282018268e-05 0.0
vn -1.854878379278116e-05 1.1083553731307137e-05 0.0
vn -1.6017295451615023e-05 1.4501230663736743e-05 0.0
vn -1.5151017674620908e-05 1.5406123671144714e-05 0.0
vn -1.6017295451615023e-05 1.4501230663736743e-05 0.0
vn -1.4043173534550639e-05 1.6422288547338278e-05 0.0
vn -1.2664242993809928e-05 1.750591205954822e-05 0.0
vn -1.3658370997589461e-05 1.6743693988636755e-05 0.0
vn -1.4789496873066363e-05 1.5753503388592257e-05 0.0
vn -1.6986814682050583e-05 1.3352445917156885e-05 0.0
vn -1.2664242993809928e-05 1.750591205954822e-05 0.0
vn -1.1629237326031665e-05 1.8211632233348694e-05 0.0
vn -1.1203557125071758e-05 1.8476539777536183e-05 0.0
vn -9.891772256196197e-06 1.9210809625221826e-05 0.0
vn -8.532109117391582e-06 1.98520924035273e-05 0.0
vn -8.990414519814975e-06 1.9648791590249105e-05 0.0
vn -7.1311347106245235e-06 2.039728994219573e-05 0.0
vn -5.695646827068119e-06 2.0843751662158575e-05 0.0
vn -6.177723517760405e-06 2.070599498352471e-05 0.0
vn -7.602469212796357e-06 2.022634157950061e-05 0.0
vn -4.232604110978781e-06 2.1189323530821914e-05 0.0
vn -2.749070110797694e-06 2.1432336697446356e-05 0.0
vn -3.2455956045389747e-06 2.1362783911641502e-05 0.0
vn -1.252220272763128e-06 2.1571610552852458e-05 0.0
vn -7.520581006164856e-07 2.1606471087653085e-05 0.0
vn -7.520581006164856e-07 2.1606471087653085e-05 0.0
vn -1.7523824449097708e-06 2.1536750018051834e-05 0.0
vn -4.723087123677307e-06 2.108541593580718e-05 0.0
vn -1.0334824590154025e-05 1.8976128473472748e-05 0.0
vn -8.533111429193339e-07 4.834150137767765e-07 9.806659250164137e-07
vn -8.406226638799275e-07 5.023406823837004e-07 9.792146761656178e-07
vn -7.779994749985084e-07 5.971152554940603e-07 9.806691913008114e-07
vn -8.036603101591384e-07 5.595732266795495e-07 9.792163685074385e-07
vn -7.628082364236636e-07 6.140976535509864e-07 9.792225224765937e-07
vn -8.176343422991816e-07 5.415761190535751e-07 9.806621730181438e-07
vn -7.345991832475283e-07 6.497647584813342e-07 9.806687687446821e-07
vn -7.182636943300176e-07 6.656494772958028e-07 9.792150214049887e-07
vn -6.876427985785782e-07 6.992687253828517e-07 9.806610278235368e-07
vn -6.702426911313859e-07 7.139794710023027e-07 9.79213038716052e-07
vn -5.277932986321356e-07 8.265980869963133e-07 9.806646186302266e-07
vn -5.839898346305131e-07 7.879002048005181e-07 9.806644126818017e-07
vn -5.64717028539441e-07 8.000547851177388e-07 9.792153069742254e-07
vn -6.373587260121343e-07 7.453884197053935e-07 9.806644435512673e-07
vn -6.189779233830767e-07 7.588536665493018e-07 9.792172963497682e-07
vn -5.07721949170935e-07 8.37383031919347e-07 9.792139433868793e-07
vn -4.4827020452999596e-07 8.706586393284066e-07 9.79209171100379e-07
vn -3.866482148301928e-07 8.997196416414624e-07 9.792126693932592e-07
vn -4.080216477484179e-07 8.918232175514986e-07 9.806586784360028e-07
vn -3.333726245947232e-07 9.191790500248376e-07 9.777666227653402e-07
vn -2.8000961420527844e-07 9.383959072173657e-07 9.792188897870625e-07
vn -3.3411362960896253e-07 9.212217013953317e-07 9.799398704715281e-07
vn -2.1408559925549622e-07 9.555937959538403e-07 9.792155139867596e-07
vn -1.4712525811677355e-07 9.681665823667475e-07 9.792111296379851e-07
vn -1.9214027958453982e-07 9.617235382048355e-07 9.806605272303297e-07
vn -7.945220430455256e-08 9.760531120847385e-07 9.792096559738785e-07
vn -3.410864200357463e-08 9.799394942389997e-07 9.799365506268308e-07
vn -5.686855856384389e-08 9.79079200451018e-07 9.806598709182753e-07
vn -1.24806733861211e-07 9.727556040085831e-07 9.80658464939074e-07
vn -2.5854367486957426e-07 9.460365876205188e-07 9.806667054769319e-07
vn -4.6904250468034173e-07 8.612949871632727e-07 9.806594241950505e-07
vn -3.418445911893116e-08 9.821123221660495e-07 9.821123221660495e-07
vn -1.4760667295742742e-06 -4.359169420446502e-06 0.0
vn -2.038665965147236e-06 -4.126121912956616e-06 0.0
vn -9.134674940013122e-07 -4.592216927936389e-06 0.0
vn -4.12611428356136e-06 -2.0386583357519804e-06 0.0
vn -4.35915416165599e-06 -1.4760514707837622e-06 0.0
vn -3.462471337217886e-06 -3.0318682689690423e-06 0.0
vn -3.0318682689690423e-06 -3.462471337217886e-06 0.0
vn -9.134674940013122e-07 -4.592216927936389e-06 0.0
vn -4.592201669145877e-06 -3.0448153527184807e-07 0.0
vn -4.592209298541132e-06 3.0448153527184807e-07 0.0
vn -3.462471337217886e-06 3.0318682689690423e-06 0.0
vn -3.0318682689690423e-06 3.462471337217886e-06 0.0
vn -4.126121912956616e-06 2.0386583357519804e-06 0.0
vn -9.134446058155442e-07 4.592216927936389e-06 0.0
vn -9.134446058155442e-07 4.592216927936389e-06 0.0
vn -1.4760514707837622e-06 4.359169420446502e-06 0.0
vn -2.0386583357519804e-06 4.126121912956616e-06 0.0
vn -4.359169420446502e-06 1.4760514707837622e-06 0.0
vn 1.4760514707837622e-06 4.35915416165599e-06 0.0
vn 2.0386583357519804e-06 4.12611428356136e-06 0.0
vn 9.134446058155442e-07 4.592194039750621e-06 0.0
vn 4.126121912956616e-06 2.038665965147236e-06 0.0
vn 4.359169420446502e-06 1.4760667295742742e-06 0.0
vn 3.462471337217886e-06 3.0318682689690423e-06 0.0
vn 3.0318682689690423e-06 3.462471337217886e-06 0.0
vn 9.134446058155442e-07 4.592194039750621e-06 0.0
vn 4.592209298541132e-06 3.0448916466710407e-07 0.0
vn 4.592201669145877e-06 -3.0448916466710407e-07 0.0
vn 3.462471337217886e-06 -3.0318682689690423e-06 0.0
vn 3.0318682689690423e-06 -3.462471337217886e-06 0.0
vn 4.12611428356136e-06 -2.038665965147236e-06 0.0
vn 9.134674940013122e-07 -4.592194039750621e-06 0.0
vn 9.134674940013122e-07 -4.592194039750621e-06 0.0
vn 1.4760667295742742e-06 -4.35915416165599e-06 0.0
vn 2.038665965147236e-06 -4.12611428356136e-06 0.0
vn 4.35915416165599e-06 -1.4760667295742742e-06 0.0
vn -4.359169420446502e-06 1.4760667295742742e-06 0.0
vn -4.126121912956616e-06 2.038665965147236e-06 0.0
vn -4.592216927936389e-06 9.134674940013122e-07 0.0
vn -2.0386583357519804e-06 4.12611428356136e-06 0.0
vn -1.4760514707837622e-06 4.35915416165599e-06 0.0
vn -3.0318682689690423e-06 3.462471337217886e-06 0.0
vn -3.462471337217886e-06 3.0318682689690423e-06 0.0
vn -4.592216927936389e-06 9.134674940013122e-07 0.0
vn -3.0448153527184807e-07 4.592201669145877e-06 0.0
vn 3.0448153527184807e-07 4.592209298541132e-06 0.0
vn 3.0318682689690423e-06 3.462471337217886e-06 0.0
vn 3.462471337217886e-06 3.0318682689690423e-06 0.0
vn 2.0386583357519804e-06 4.126121912956616e-06 0.0
vn 4.592216927936389e-06 9.134446058155442e-07 0.0
vn 4.592216927936389e-06 9.134446058155442e-07 0.0
vn 4.359169420446502e-06 1.4760514707837622e-06 0.0
vn 4.126121912956616e-06 2.0386583357519804e-06 0.0
vn 1.4760514707837622e-06 4.359169420446502e-06 0.0
vn 4.35915416165599e-06 -1.4760514707837622e-06 0.0
vn 4.12611428356136e-06 -2.0386583357519804e-06 0.0
vn 4.592194039750621e-06 -9.134446058155442e-07 0.0
vn 2.038665965147236e-06 -4.126121912956616e-06 0.0
vn 1.4760667295742742e-06 -4.359169420446502e-06 0.0
vn 3.0318682689690423e-06 -3.462471337217886e-06 0.0
vn 3.462471337217886e-06 -3.0318682689690423e-06 0.0
vn 4.592194039750621e-06 -9.134446058155442e-07 0.0
vn 3.0448916466710407e-07 -4.592209298541132e-06 0.0
vn -3.0448916466710407e-07 -4.592201669145877e-06 0.0
vn -3.0318682689690423e-06 -3.462471337217886e-06 0.0
vn -3.462471337217886e-06 -3.0318682689690423e-06 0.0
vn -2.038665965147236e-06 -4.12611428356136e-06 0.0
vn -4.592194039750621e-06 -9.134674940013122e-07 0.0
vn -4.592194039750621e-06 -9.134674940013122e-07 0.0
vn -4.35915416165599e-06 -1.4760667295742742e-06 0.0
vn -4.12611428356136e-06 -2.038665965147236e-06 0.0
vn -1.4760667295742742e-06 -4.35915416165599e-06 0.0
vn 1.4760667295742742e-06 4.359169420446502e-06 0.0
vn 2.038665965147236e-06 4.126121912956616e-06 0.0
vn 9.134674940013122e-07 4.592216927936389e-06 0.0
vn 4.12611428356136e-06 2.0386583357519804e-06 0.0
vn 4.35915416165599e-06 1.4760514707837622e-06 0.0
vn 3.462471337217886e-06 3.0318682689690423e-06 0.0
vn 3.0318682689690423e-06 3.462471337217886e-06 0.0
vn 9.134674940013122e-07 4.592216927936389e-06 0.0
vn 4.592201669145877e-06 3.0448153527184807e-07 0.0
vn 4.592209298541132e-06 -3.0448153527184807e-07 0.0
vn 3.462471337217886e-06 -3.0318682689690423e-06 0.0
vn 3.0318682689690423e-06 -3.462471337217886e-06 0.0
vn 4.126121912956616e-06 -2.0386583357519804e-06 0.0
vn 9.134446058155442e-07 -4.592216927936389e-06 0.0
vn 9.134446058155442e-07 -4.592216927936389e-06 0.0
vn 1.4760514707837622e-06 -4.359169420446502e-06 0.0
vn 2.0386583357519804e-06 -4.126121912956616e-06 0.0
vn 4.359169420446502e-06 -1.4760514707837622e-06 0.0
vn -1.4760514707837622e-06 -4.35915416165599e-06 0.0
vn -2.0386583357519804e-06 -4.12611428356136e-06 0.0
vn -9.134446058155442e-07 -4.592194039750621e-06 0.0
vn -4.126121912956616e-06 -2.038665965147236e-06 0.0
vn -4.359169420446502e-06 -1.4760667295742742e-06 0.0
vn -3.462471337217886e-06 -3.0318682689690423e-06 0.0
vn -3.0318682689690423e-06 -3.462471337217886e-06 0.0
vn -9.134446058155442e-07 -4.592194039750621e-06 0.0
vn -4.592209298541132e-06 -3.0448916466710407e-07 0.0
vn -4.592201669145877e-06 3.0448916466710407e-07 0.0
vn -3.462471337217886e-06 3.0318682689690423e-06 0.0
vn -3.0318682689690423e-06 3.462471337217886e-06 0.0
vn -4.12611428356136e-06 2.038665965147236e-06 0.0
vn -9.134674940013122e-07 4.592194039750621e-06 0.0
vn -9.134674940013122e-07 4.592194039750621e-06 0.0
vn -1.4760667295742742e-06 4.35915416165599e-06 0.0
vn -2.038665965147236e-06 4.12611428356136e-06 0.0
vn -4.35915416165599e-06 1.4760667295742742e-06 0.0
vn 0.0 0.0 4.7060484985288156e-05
vn 0.0 0.0 5.3541877564793716e-05
vn 0.0 0.0 4.7060478051317174e-05
vn 0.0 0.0 5.35418706511945e-05
vn 0.0 0.0 4.70604822754457e-05
vn 0.0 0.0 4.706048636188673e-05
vn 0.0 0.0 4.922094500850856e-05
vn 0.0 0.0 4.4900027727308426e-05
vn 0.0 0.0 4.057909127393453e-05
vn 0.0 0.0 4.706048636188673e-05
vn 0.0 0.0 5.354186945025575e-05
vn 0.0 0.0 4.057909707700058e-05
vn 0.0 0.0 5.354186165983808e-05
vn 0.0 0.0 4.922094862133564e-05
vn 0.0 0.0 4.7060482192680316e-05
vn 0.0 0.0 4.7060487977281806e-05
vn 0.0 0.0 4.490002613528116e-05
vn 0.0 0.0 4.706048460991328e-05
vn 0.0 0.0 4.057910113648327e-05
vn 0.0 0.0 4.922094685853009e-05
vn 0.0 0.0 4.706047805131717e-05
vn 0.0 0.0 4.490001633369857e-05
vn 0.0 0.0 4.922094477111465e-05
vn 0.0 0.0 4.490001874945133e-05
vn 0.0 0.0 4.706048460991328e-05
vn 0.0 0.0 5.3541868764971435e-05
vn 0.0 0.0 4.7060487977281806e-05
vn 0.0 0.0 5.354187626050401e-05
vn 0.0 0.0 4.7060486717642637e-05
vn 0.0 0.0 4.7060482192680316e-05
vn 0.0 0.0 4.057910100656376e-05
vn 0.0 0.0 4.49000261352812e-05
vn 0.0 0.0 4.057909707700058e-05
vn 0.0 0.0 4.057909688422861e-05
vn 0.0 0.0 4.4900026135281155e-05
vn 0.0 0.0 4.922094862133564e-05
vn 0.0 0.0 4.057910100656376e-05
vn 0.0 0.0 4.922094210648047e-05
vn 0.0 0.0 4.49000237804885e-05
vn 0.0 0.0 5.354186876497143e-05
vn 0.0 0.0 4.7060484609913274e-05
vn 0.0 0.0 4.057909587888672e-05
vn 0.0 0.0 4.706048227544571e-05
vn 0.0 0.0 4.490001804821751e-05
vn 0.0 0.0 4.9220940310582355e-05
vn 0.0 0.0 4.922094477111466e-05
vn 0.0 0.0 4.490001874945133e-05
vn 0.0 0.0 4.4900027727308426e-05
vn 0.0 0.0 4.922095096253923e-05
vn 0.0 0.0 4.922094500850856e-05
vn 0.0 0.0 4.4900026538946774e-05
vn 0.0 0.0 4.92209438201469e-05
vn 0.0 0.0 4.4900016126191874e-05
vn 0.0 0.0 4.49000301571232e-05
vn 0.0 0.0 4.9220953585798676e-05
vn 0.0 0.0 4.490001740487242e-05
vn 0.0 0.0 4.922094685853009e-05
vn 0.0 0.0 4.4900027861568054e-05
vn 0.0 0.0 4.490001633369857e-05
vn 0.0 0.0 4.922093266220897e-05
vn 0.0 0.0 4.9220945985133766e-05
vn 0.0 0.0 4.9220941923652004e-05
vn 0.0 0.0 4.706048671764267e-05
vn 0.0 0.0 4.4900017065904334e-05
vn 0.0 0.0 5.354187626050408e-05
vn 0.0 0.0 4.7060487977281806e-05
vn 0.0 0.0 4.7060482192680316e-05
vn 0.0 0.0 5.354186165983808e-05
vn 0.0 0.0 4.9220948621335665e-05
vn 0.0 0.0 4.9220945985133766e-05
vn 0.0 0.0 4.490002786156805e-05
vn 0.0 0.0 4.922094685853009e-05
vn 0.0 0.0 4.490001633369857e-05
vn 0.0 0.0 4.922093266220897e-05
vn 0.0 0.0 4.922095358579868e-05
vn 0.0 0.0 4.4900017404872425e-05
vn 0.0 0.0 4.4900030157123184e-05
vn 0.0 0.0 4.4900016126191874e-05
vn 0.0 0.0 4.0579113987106204e-05
vn 0.0 0.0 4.706048459740954e-05
vn 0.0 0.0 4.706048636188673e-05
vn 0.0 0.0 4.490001874945133e-05
vn 0.0 0.0 4.922094477111465e-05
vn 0.0 0.0 4.92209438201469e-05
vn 0.0 0.0 5.3541869450255744e-05
vn 0.0 0.0 4.706047805131717e-05
vn 0.0 0.0 4.490001633369857e-05
vn 0.0 0.0 4.057909707700058e-05
vn 0.0 0.0 4.922094685853009e-05
vn 0.0 0.0 5.3541868764971435e-05
vn 0.0 0.0 4.706048460991328e-05
vn 0.0 0.0 4.7060482192680316e-05
vn 0.0 0.0 4.057909688422861e-05
vn 0.0 0.0 4.490002627324547e-05
vn 0.0 0.0 4.4900025653709104e-05
vn 0.0 0.0 4.922095117585728e-05
vn 0.0 0.0 4.490002613528116e-05
vn 0.0 0.0 4.922094800179929e-05
vn 0.0 0.0 4.9220946858530106e-05
vn 0.0 0.0 4.490001633369857e-05
vn 0.0 0.0 4.490002786156805e-05
vn 0.0 0.0 4.9220948621335624e-05
vn 0.0 0.0 4.7060482192680316e-05
vn 0.0 0.0 4.4900026135281155e-05
vn 0.0 0.0 4.9220945985133766e-05
vn 0.0 0.0 4.4900016126191874e-05
vn 0.0 0.0 4.49000301571232e-05
vn 0.0 0.0 4.92209438201469e-05
vn 0.0 0.0 4.922095358579868e-05
vn 0.0 0.0 4.4900017404872425e-05
vn 0.0 0.0 4.922093266220897e-05
vn 0.0 0.0 5.354186165983808e-05
vn 0.0 0.0 4.057910100656376e-05
vn 0.0 0.0 4.706048459740955e-05
vn 0.0 0.0 4.0579113987106204e-05
vn 0.0 0.0 4.922094210648047e-05
vn 0.0 0.0 4.49000237804885e-05
vn 0.0 0.0 4.706048460991328e-05
vn 0.0 0.0 4.057909587888672e-05
vn 0.0 0.0 4.706047805131716e-05
vn 0.0 0.0 4.706048227544571e-05
vn 0.0 0.0 4.9220948621335665e-05
vn 0.0 0.0 5.3541868764971435e-05
vn 0.0 0.0 5.3541869450255744e-05
vn 0.0 0.0 4.706048636188673e-05
vn 0.0 0.0 4.706048498528815e-05
vn 0.0 0.0 4.0579103389285494e-05
vn 0.0 0.0 5.354185335655265e-05
vn 4.961451516142598e-06 4.312334708172575e-05 0.0
vn 9.164381501280557e-06 4.2429392471220314e-05 0.0
vn 7.770223994739623e-06 4.2706705107375706e-05 0.0
vn 3.5468365440865063e-06 4.326267641992038e-05 0.0
vn 1.3279069116054215e-05 4.132681347677745e-05 0.0
vn 1.7265866290829827e-05 3.98262278827256e-05 0.0
vn 1.5952600230500203e-05 4.037020409017966e-05 0.0
vn 2.1086376177106095e-05 3.7942115641123085e-05 0.0
vn 2.4703805053457638e-05 3.569258426779571e-05 0.0
vn 2.352190157176853e-05 3.6482315945922284e-05 0.0
vn 1.9832754264132776e-05 3.8612183658197316e-05 0.0
vn 1.1918804061937854e-05 4.173944665592118e-05 0.0
vn 2.8083337691874696e-05 3.3099326809126896e-05 0.0
vn 3.119242670265007e-05 3.0187289486444372e-05 0.0
vn 3.018728948644438e-05 3.119242670265007e-05 0.0
vn 3.400108969939802e-05 2.698452311351072e-05 0.0
vn 3.6482315945922284e-05 2.352190157176853e-05 0.0
vn 3.569258426779571e-05 2.470380505345763e-05 0.0
vn 3.3099326809126896e-05 2.8083337691874696e-05 0.0
vn 3.8612183658197316e-05 1.9832754264132776e-05 0.0
vn 4.037020409017966e-05 1.59526002305002e-05 0.0
vn 3.98262278827256e-05 1.7265866290829827e-05 0.0
vn 4.173944665592118e-05 1.1918804061937854e-05 0.0
vn 4.270670510737572e-05 7.770223994739623e-06 0.0
vn 4.2429392471220314e-05 9.164381501280559e-06 0.0
vn 4.132681347677744e-05 1.3279069116054215e-05 0.0
vn 3.7942115641123085e-05 2.1086376177106095e-05 0.0
vn 2.698452311351072e-05 3.400108969939802e-05 0.0
vn 4.312334708172573e-05 4.961451516142598e-06 0.0
vn 4.326267641992037e-05 3.5468365440865063e-06 0.0
vn 4.254144030114552e-06 -4.31930117508231e-05 0.0
vn 4.340200575811503e-05 -7.107405240101382e-07 0.0
vn 4.312334708172576e-05 -4.961451516142598e-06 0.0
vn 4.32626764199204e-05 -3.5468365440865063e-06 0.0
vn 4.2429392471220314e-05 -9.164381501280557e-06 0.0
vn 4.132681347677745e-05 -1.3279069116054215e-05 0.0
vn 4.173944665592118e-05 -1.1918804061937854e-05 0.0
vn 4.2706705107375706e-05 -7.770223994739623e-06 0.0
vn 3.98262278827256e-05 -1.7265866290829827e-05 0.0
vn 3.7942115641123085e-05 -2.1086376177106095e-05 0.0
vn 3.8612183658197316e-05 -1.9832754264132776e-05 0.0
vn 3.569258426779571e-05 -2.4703805053457638e-05 0.0
vn 3.3099326809126896e-05 -2.8083337691874696e-05 0.0
vn 3.400108969939802e-05 -2.698452311351072e-05 0.0
vn 3.6482315945922284e-05 -2.352190157176853e-05 0.0
vn 4.037020409017966e-05 -1.5952600230500203e-05 0.0
vn 3.0187289486444372e-05 -3.119242670265007e-05 0.0
vn 2.698452311351072e-05 -3.400108969939802e-05 0.0
vn 2.8083337691874696e-05 -3.3099326809126896e-05 0.0
vn 2.352190157176853e-05 -3.6482315945922284e-05 0.0
vn 1.9832754264132776e-05 -3.8612183658197316e-05 0.0
vn 2.1086376177106095e-05 -3.7942115641123085e-05 0.0
vn 2.470380505345763e-05 -3.569258426779571e-05 0.0
vn 1.59526002305002e-05 -4.037020409017966e-05 0.0
vn 1.1918804061937854e-05 -4.173944665592118e-05 0.0
vn 1.3279069116054215e-05 -4.132681347677745e-05 0.0
vn 7.770223994739623e-06 -4.270670510737572e-05 0.0
vn 4.254144030114552e-06 -4.31930117508231e-05 0.0
vn 9.164381501280559e-06 -4.2429392471220314e-05 0.0
vn 1.7265866290829827e-05 -3.98262278827256e-05 0.0
vn 3.119242670265007e-05 -3.018728948644438e-05 0.0
vn 4.3402005758115016e-05 7.107405240101382e-07 0.0
vn 0.0 0.0 5.1458987118246935e-06
vn 0.0 0.0 5.14589710621169e-06
vn 0.0 0.0 5.219410622621849e-06
vn 0.0 0.0 5.182656484942587e-06
vn 0.0 0.0 5.182654436854457e-06
vn 0.0 0.0 5.219411082683725e-06
vn 0.0 0.0 5.182659873093526e-06
vn 0.0 0.0 5.292932877320904e-06
vn 0.0 0.0 5.2194141399607625e-06
vn 0.0 0.0 5.072385616275365e-06
vn 0.0 0.0 5.292919897750705e-06
vn 0.0 0.0 5.2194062324489725e-06
vn 0.0 0.0 5.182651188401007e-06
vn 0.0 0.0 5.1826532039678776e-06
vn 0.0 0.0 5.145895589639741e-06
vn 0.0 0.0 5.182653603641725e-06
vn 0.0 0.0 5.07238533355891e-06
vn 0.0 0.0 5.292922789955956e-06
vn 0.0 0.0 5.182651188401008e-06
vn 0.0 0.0 5.21941104028611e-06
vn 0.0 0.0 5.145897024094617e-06
vn 0.0 0.0 5.072381344180984e-06
vn 0.0 0.0 5.219410559139718e-06
vn 0.0 0.0 5.1458982665942525e-06
vn 0.0 0.0 5.14589331366905e-06
vn 0.0 0.0 5.1826532039678776e-06
vn 0.0 0.0 5.292926218247447e-06
vn 0.0 0.0 5.219408254867065e-06
vn 0.0 0.0 5.182651539813652e-06
vn 0.0 0.0 5.145897687483148e-06
vn 0.0 0.0 5.0723843224699165e-06
vn 0.0 0.0 5.182654057887533e-06
vn 0.0 0.0 5.182654593275737e-06
vn 0.0 0.0 5.292923930275065e-06
vn 0.0 0.0 5.18265153981365e-06
vn 0.0 0.0 5.292918651346761e-06
vn 0.0 0.0 5.072387461907681e-06
vn 0.0 0.0 5.219406718828293e-06
vn 0.0 0.0 5.219409524186795e-06
vn 0.0 0.0 5.145895465646194e-06
vn 0.0 0.0 5.182654436854457e-06
vn 0.0 0.0 5.145898003133622e-06
vn 0.0 0.0 5.182654593275737e-06
vn 0.0 0.0 5.07238561475378e-06
vn 0.0 0.0 5.219410622621849e-06
vn 0.0 0.0 5.292923930275065e-06
vn 0.0 0.0 5.219410644112605e-06
vn 0.0 0.0 5.14589710621169e-06
vn 0.0 0.0 5.182659873093526e-06
vn 0.0 0.0 5.14590136995721e-06
vn 0.0 0.0 5.182656484942587e-06
vn 0.0 0.0 5.072394007432532e-06
vn 0.0 0.0 5.182654057887533e-06
vn 0.0 0.0 5.2929242062248785e-06
vn 0.0 0.0 5.182654593275737e-06
vn 0.0 0.0 5.0723843224699165e-06
vn 0.0 0.0 5.182654436854457e-06
vn 0.0 0.0 5.292923930275065e-06
vn 0.0 0.0 5.145898003133621e-06
vn 0.0 0.0 5.07238561475378e-06
vn 0.0 0.0 5.219409524186794e-06
vn 0.0 0.0 5.145895465646194e-06
vn 0.0 0.0 5.219406718828293e-06
vn 0.0 0.0 5.14589331366905e-06
vn 0.0 0.0 5.219408254867065e-06
vn 0.0 0.0 5.1826532039678776e-06
vn 0.0 0.0 5.182651188401007e-06
vn 0.0 0.0 5.292919897750706e-06
vn 0.0 0.0 5.0723802753358905e-06
vn 0.0 0.0 5.182653603641725e-06
vn 0.0 0.0 5.182654436854455e-06
vn 0.0 0.0 5.292922789955956e-06
vn 0.0 0.0 5.07238533355891e-06
vn 0.0 0.0 5.219411082683725e-06
vn 0.0 0.0 5.182654057887532e-06
vn 0.0 0.0 5.1458987118246935e-06
vn 0.0 0.0 5.182656484942586e-06
vn 0.0 0.0 5.0723843224699165e-06
vn 0.0 0.0 5.182659873093526e-06
vn 0.0 0.0 5.2929242062248785e-06
vn 0.0 0.0 5.14590136995721e-06
vn 0.0 0.0 5.072394007432532e-06
vn 0.0 0.0 5.182654057887532e-06
vn 0.0 0.0 5.219410644112605e-06
vn 0.0 0.0 5.182654593275737e-06
vn 0.0 0.0 5.292923202380919e-06
vn 0.0 0.0 5.182654436854456e-06
vn 0.0 0.0 5.072385780305479e-06
vn 0.0 0.0 5.182653603641725e-06
vn 0.0 0.0 5.292922789955956e-06
vn 0.0 0.0 5.145895465646194e-06
vn 0.0 0.0 5.07238533355891e-06
vn 0.0 0.0 5.182651539813653e-06
vn 0.0 0.0 5.219406718828293e-06
vn 0.0 0.0 5.292918651346764e-06
vn 0.0 0.0 5.182653203967878e-06
vn 0.0 0.0 5.182651539813646e-06
vn 0.0 0.0 5.072387461907681e-06
vn 0.0 0.0 5.21941055913972e-06
vn 0.0 0.0 5.145897932746607e-06
vn 0.0 0.0 5.1458982665942525e-06
vn 0.0 0.0 5.145897852618297e-06
vn 0.0 0.0 5.219410995200634e-06
vn 0.0 0.0 5.145897024094617e-06
vn 0.0 0.0 5.21941104028611e-06
vn 0.0 0.0 5.219410256148806e-06
vn 0.0 0.0 5.2929242062248785e-06
vn 0.0 0.0 5.182656484942586e-06
vn 0.0 0.0 5.219417541169319e-06
vn 0.0 0.0 5.182651539813651e-06
vn 0.0 0.0 5.072380275335889e-06
vn 0.0 0.0 5.292926218247447e-06
vn 0.0 0.0 5.145893681675805e-06
vn 0.0 0.0 5.2194081308735205e-06
vn 0.0 0.0 5.07238533355891e-06
vn 0.0 0.0 5.1458982665942525e-06
vn 0.0 0.0 5.182653603641725e-06
vn 0.0 0.0 5.145897932746607e-06
vn 0.0 0.0 5.219410559139718e-06
vn 0.0 0.0 5.145895465646194e-06
vn 0.0 0.0 5.219406718828293e-06
vn 0.0 0.0 5.292918651346758e-06
vn 0.0 0.0 5.145904584539861e-06
vn 0.0 0.0 5.2194141399607625e-06
vn 0.0 0.0 5.145897687483148e-06
vn 0.0 0.0 5.219410256148806e-06
vn 0.0 0.0 5.145897852618297e-06
vn 0.0 0.0 5.219410995200634e-06
vn 2.2807157069984685e-06 1.982327507783577e-05 0.0
vn 4.212757730345482e-06 1.9504269904086414e-05 0.0
vn 3.571879655082429e-06 1.9631748749443505e-05 0.0
vn 1.6304298341775602e-06 1.9887322560870952e-05 0.0
vn 6.1042276889453764e-06 1.8997431375108958e-05 0.0
vn 7.936910166155029e-06 1.830763406543546e-05 0.0
vn 7.333216898384413e-06 1.8557692799367115e-05 0.0
vn 9.693148661533921e-06 1.7441525889428733e-05 0.0
vn 1.135603689773227e-05 1.640744276340574e-05 0.0
vn 1.0812729086535164e-05 1.677047196589847e-05 0.0
vn 9.116876047729783e-06 1.7749550610466268e-05 0.0
vn 5.478931747276955e-06 1.9187111216919142e-05 0.0
vn 1.2909572616224624e-05 1.52153495255692e-05 0.0
vn 1.4338773861888948e-05 1.3876730215880598e-05 0.0
vn 1.3876730215880598e-05 1.4338773861888948e-05 0.0
vn 1.5629881543241103e-05 1.2404458662577e-05 0.0
vn 1.677047196589847e-05 1.0812729086535164e-05 0.0
vn 1.6407442763405736e-05 1.135603689773227e-05 0.0
vn 1.52153495255692e-05 1.2909572616224624e-05 0.0
vn 1.7749550610466268e-05 9.116876047729783e-06 0.0
vn 1.8557692799367115e-05 7.333216898384413e-06 0.0
vn 1.830763406543546e-05 7.936910166155029e-06 0.0
vn 1.9187111216919142e-05 5.478931747276955e-06 0.0
vn 1.96317487494435e-05 3.57187965508243e-06 0.0
vn 1.9504269904086414e-05 4.212757730345482e-06 0.0
vn 1.8997431375108958e-05 6.1042276889453764e-06 0.0
vn 1.7441525889428733e-05 9.693148661533923e-06 0.0
vn 1.2404458662577e-05 1.5629881543241103e-05 0.0
vn 1.9823275077835764e-05 2.2807157069984685e-06 0.0
vn 1.988732256087094e-05 1.6304298341775602e-06 0.0
vn 1.9555727705880146e-06 -1.985529881935337e-05 0.0
vn 1.9951370043906127e-05 -3.267146537855506e-07 0.0
vn 1.9823275077835774e-05 -2.2807157069984685e-06 0.0
vn 1.988732256087096e-05 -1.6304298341775602e-06 0.0
vn 1.9504269904086414e-05 -4.212757730345482e-06 0.0
vn 1.8997431375108958e-05 -6.1042276889453764e-06 0.0
vn 1.9187111216919142e-05 -5.478931747276955e-06 0.0
vn 1.9631748749443505e-05 -3.571879655082429e-06 0.0
vn 1.830763406543546e-05 -7.936910166155029e-06 0.0
vn 1.7441525889428733e-05 -9.693148661533921e-06 0.0
vn 1.7749550610466268e-05 -9.116876047729783e-06 0.0
vn 1.640744276340574e-05 -1.135603689773227e-05 0.0
vn 1.52153495255692e-05 -1.2909572616224624e-05 0.0
vn 1.5629881543241103e-05 -1.2404458662577e-05 0.0
vn 1.677047196589847e-05 -1.0812729086535164e-05 0.0
vn 1.8557692799367115e-05 -7.333216898384413e-06 0.0
vn 1.3876730215880598e-05 -1.4338773861888948e-05 0.0
vn 1.2404458662577e-05 -1.5629881543241103e-05 0.0
vn 1.2909572616224624e-05 -1.52153495255692e-05 0.0
vn 1.0812729086535164e-05 -1.677047196589847e-05 0.0
vn 9.116876047729783e-06 -1.7749550610466268e-05 0.0
vn 9.693148661533921e-06 -1.7441525889428733e-05 0.0
vn 1.135603689773227e-05 -1.6407442763405736e-05 0.0
vn 7.333216898384413e-06 -1.8557692799367115e-05 0.0
vn 5.478931747276955e-06 -1.9187111216919142e-05 0.0
vn 6.1042276889453764e-06 -1.8997431375108958e-05 0.0
vn 3.57187965508243e-06 -1.96317487494435e-05 0.0
vn 1.9555727705880146e-06 -1.985529881935337e-05 0.0
vn 4.212757730345482e-06 -1.9504269904086414e-05 0.0
vn 7.936910166155029e-06 -1.830763406543546e-05 0.0
vn 1.4338773861888948e-05 -1.3876730215880598e-05 0.0
vn 1.995137004390612e-05 3.267146537855506e-07 0.0
vn 0.0 0.0 2.9403559439985886e-05
vn 0.0 0.0 1.1235417000931876e-06
vn 0.0 0.0 1.141286173959497e-05
vn 0.0 0.0 0.00020861412635658134
vn 0.0 0.0 3.456759381847386e-05
vn 0.0 0.0 2.2416819635574772e-06
vn 0.0 0.0 3.7235550551102743e-06
vn 0.0 0.0 1.1235497427374097e-06
vn 0.0 0.0 2.2416869605492168e-06
vn 0.0 0.0 1.1235409462202324e-06
vn 0.0 0.0 0.0005082778188445094
vn 0.0 0.0 6.193427000524815e-05
vn 0.0 0.0 0.0004546806327110504
vn 0.0 0.0 0.00029819911999075287
vn 0.0 0.0 0.0004903252078887649
vn 0.0 0.0 2.2416806610663524e-06
vn 0.0 0.0 1.1235417000931876e-06
vn 0.0 0.0 2.2416795755206582e-06
vn 0.0 0.0 2.2416869605492164e-06
vn 0.0 0.0 1.1235474494208352e-06
vn 0.0 0.0 3.449962846312459e-05
vn 0.0 0.0 1.4271083570743056e-05
vn 0.0 0.0 5.5611356622257105e-06
vn 0.0 0.0 2.2416806610663524e-06
vn 0.0 0.0 1.1235417000931876e-06
vn 0.0 0.0 1.123551474320898e-06
vn 0.0 0.0 5.8486267887080976e-05
vn 0.0 0.0 1.123551474320898e-06
vn 0.0 0.0 1.1235417000931876e-06
vn 0.0 0.0 2.2416806610663524e-06
vn 0.0 0.0 1.1235497427374097e-06
vn 0.0 0.0 3.723549257254409e-06
vn 0.0 0.0 0.000522344872769767
vn 0.0 0.0 1.1235422850474937e-06
vn 0.0 0.0 2.2416867858234442e-06
vn 0.0 0.0 1.1235497427374097e-06
vn 0.0 0.0 3.293962578649461e-05
vn 0.0 0.0 0.00012812771185250036
vn 0.0 0.0 1.4830154099653848e-05
vn 0.0 0.0 2.24167842391563e-06
vn 0.0 0.0 1.1235417000931876e-06
vn 0.0 0.0 2.2416819635574764e-06
vn 0.0 0.0 3.7235509578774826e-06
vn 0.0 0.0 0.00030672407909792154
vn 0.0 0.0 1.1235491131596518e-06
vn 0.0 0.0 2.241685817460242e-06
vn 0.0 0.0 2.6463734572897573e-05
vn 0.0 0.0 7.040327414615663e-06
vn 0.0 0.0 1.123551474320898e-06
vn 0.0 0.0 1.1235422850474934e-06
vn 0.0 0.0 3.723549257254409e-06
vn 0.0 0.0 3.723550505281955e-06
vn 0.0 0.0 4.616051989764512e-05
vn 0.0 0.0 1.1235417000931876e-06
vn 0.0 0.0 1.123551474320898e-06
vn 0.0 0.0 2.486030125320864e-05
vn 0.0 0.0 2.2416867858234447e-06
vn 0.0 0.0 1.1235470914782477e-06
vn 0.0 0.0 1.1235422850474937e-06
vn 0.0 0.0 1.1235497427374097e-06
vn 0.0 0.0 5.561135662225713e-06
vn 0.0 0.0 2.2416806610663533e-06
vn 0.0 0.0 1.123551474320898e-06
vn 0.0 0.0 1.1235417000931876e-06
vn 2.823593407875399e-06 2.4541736073099917e-05 0.0
vn 5.215508002770858e-06 2.4146802335021703e-05 0.0
vn 4.422089043122763e-06 2.4304623051612984e-05 0.0
vn 2.0185167322761306e-06 2.4621028377995565e-05 0.0
vn 7.5571906593007885e-06 2.3519319861168466e-05 0.0
vn 9.826104143878958e-06 2.2665329225234142e-05 0.0
vn 9.078713325810333e-06 2.2974909103885817e-05 0.0
vn 1.2000374980306402e-05 2.1593069220420816e-05 0.0
vn 1.4059075737395905e-05 2.031284906706815e-05 0.0
vn 1.3386445363440856e-05 2.076228911220407e-05 0.0
vn 1.1286934971126992e-05 2.197440928350164e-05 0.0
vn 6.783058810859871e-06 2.3754150739799444e-05 0.0
vn 1.5982385246272363e-05 1.8837003589956304e-05 0.0
vn 1.775177552055658e-05 1.7179750167144826e-05 0.0
vn 1.7179750167144826e-05 1.775177552055658e-05 0.0
vn 1.9350206305944268e-05 1.5357045678811657e-05 0.0
vn 2.076228911220407e-05 1.3386445363440856e-05 0.0
vn 2.031284906706815e-05 1.4059075737395905e-05 0.0
vn 1.8837003589956304e-05 1.5982385246272363e-05 0.0
vn 2.178373925196123e-05 1.1643654975716699e-05 0.0
vn 2.2665329225234142e-05 9.826104143878958e-06 0.0
vn 2.1783739251961232e-05 1.1643654975716697e-05 0.0
vn 2.3636735300483955e-05 7.17012473508033e-06 0.0
vn 2.4304623051612984e-05 4.422089043122763e-06 0.0
vn 2.41468023350217e-05 5.215508002770858e-06 0.0
vn 2.2974909103885817e-05 9.078713325810333e-06 0.0
vn 1.5357045678811657e-05 1.9350206305944268e-05 0.0
vn 2.3636735300483955e-05 7.17012473508033e-06 0.0
vn 2.4541736073099907e-05 2.823593407875399e-06 0.0
vn 2.4621028377995558e-05 2.0185167322761306e-06 3.4674160960485856e-22
vn 2.0185167322761306e-06 -2.4621028377995575e-05 0.0
vn 2.4700320682891216e-05 -4.0448001889228726e-07 0.0
vn 2.4541736073099907e-05 -2.823593407875399e-06 0.0
vn 2.462102837799556e-05 -2.0185167322761306e-06 -3.4674160960485856e-22
vn 2.4146802335021703e-05 -5.215508002770858e-06 0.0
vn 2.3519319861168466e-05 -7.5571906593007885e-06 0.0
vn 2.3754150739799444e-05 -6.783058810859871e-06 0.0
vn 2.4304623051612984e-05 -4.422089043122763e-06 0.0
vn 2.2665329225234142e-05 -9.826104143878958e-06 0.0
vn 2.1593069220420816e-05 -1.2000374980306402e-05 0.0
vn 2.197440928350164e-05 -1.1286934971126992e-05 0.0
vn 2.053756908963611e-05 -1.3722760550418381e-05 0.0
vn 1.9350206305944268e-05 -1.5357045678811657e-05 0.0
vn 2.053756908963611e-05 -1.3722760550418381e-05 0.0
vn 2.2974909103885817e-05 -9.078713325810333e-06 0.0
vn 1.775177552055658e-05 -1.7179750167144826e-05 0.0
vn 1.5982385246272363e-05 -1.8837003589956304e-05 0.0
vn 1.7179750167144826e-05 -1.775177552055658e-05 0.0
vn 1.3722760550418381e-05 -2.053756908963611e-05 0.0
vn 1.1643654975716699e-05 -2.178373925196123e-05 0.0
vn 1.1643654975716699e-05 -2.178373925196123e-05 0.0
vn 1.5357045678811657e-05 -1.9350206305944268e-05 0.0
vn 9.826104143878958e-06 -2.2665329225234142e-05 0.0
vn 7.17012473508033e-06 -2.3636735300483955e-05 0.0
vn 9.078713325810333e-06 -2.2974909103885817e-05 0.0
vn 4.818798522946811e-06 -2.4225712693317345e-05 0.0
vn 2.823593407875399e-06 -2.454173607309992e-05 0.0
vn 4.818798522946811e-06 -2.4225712693317345e-05 0.0
vn 1.8837003589956304e-05 -1.5982385246272367e-05 0.0
vn 2.470032068289121e-05 4.0448001889228726e-07 0.0
vn 1.3722760550418381e-05 -2.053756908963611e-05 0.0
vn 7.17012473508033e-06 -2.3636735300483955e-05 0.0
vn 0.0 0.0 -0.00010929169709361942
vn 0.0 0.0 -1.6651517651460014e-06
vn 0.0 0.0 -3.3222764809680568e-06
vn 0.0 0.0 -2.1978915998426746e-05
vn 0.0 0.0 -0.0005730363807364892
vn 0.0 0.0 -2.1150339931175536e-05
vn 0.0 0.0 -8.241838509863998e-06
vn 0.0 0.0 -1.6651555518657532e-06
vn 0.0 0.0 -5.518464768889226e-06
vn 0.0 0.0 -3.3222686708289026e-06
vn 0.0 0.0 -1.6651437746158312e-06
vn 0.0 0.0 -0.0007101340456758025
vn 0.0 0.0 -1.6651428652119923e-06
vn 0.0 0.0 -0.0007343704710689111
vn 0.0 0.0 -0.0009200748953376584
vn 0.0 0.0 -1.6651317797219886e-06
vn 0.0 0.0 -7.4451138831147515e-06
vn 0.0 0.0 -5.518456424285459e-06
vn 0.0 0.0 -6.841180841091126e-05
vn 0.0 0.0 -1.6651517651460014e-06
vn 0.0 0.0 -3.3222656218494886e-06
vn 0.0 0.0 -0.00013870375044985057
vn 0.0 0.0 -1.6651437746158312e-06
vn 0.0 0.0 -3.322268670828901e-06
vn 0.0 0.0 -2.6510245723221622e-05
vn 0.0 0.0 -1.6651555518657473e-06
vn 0.0 0.0 -3.3222590803882597e-06
vn 0.0 0.0 -1.6651457499912168e-06
vn 0.0 0.0 -1.0434060671282494e-05
vn 0.0 0.0 -1.6651428652119923e-06
vn 0.0 0.0 -1.6651555518657515e-06
vn 0.0 0.0 -5.518464768889225e-06
vn 0.0 0.0 -5.518464768889225e-06
vn 0.0 0.0 -1.6651555518657523e-06
vn 0.0 0.0 -1.0434069081124322e-05
vn 0.0 0.0 -1.6651555518657481e-06
vn 0.0 0.0 -0.00025484104262079503
vn 0.0 0.0 -0.0005306190715108834
vn 0.0 0.0 -8.476095629030364e-05
vn 0.0 0.0 -3.3222716389505905e-06
vn 0.0 0.0 -1.6651457499912168e-06
vn 0.0 0.0 -1.6651517651460014e-06
vn 0.0 0.0 -8.443482750226658e-05
vn 0.0 0.0 -3.1892955908232776e-05
vn 0.0 0.0 -8.241831940959675e-06
vn 0.0 0.0 -1.6651457499912168e-06
vn 0.0 0.0 -2.197890304442062e-05
vn 0.0 0.0 -3.3222764809680568e-06
vn 0.0 0.0 -1.6651517651460014e-06
vn 0.0 0.0 -1.6651555518657507e-06
vn 0.0 0.0 -9.346120901992483e-05
vn 0.0 0.0 -3.3222686708288992e-06
vn 0.0 0.0 -3.189295462984599e-05
vn 0.0 0.0 -1.6651437746158312e-06
vn 0.0 0.0 -5.5184564242854595e-06
vn 0.0 0.0 -1.6651317797219886e-06
vn 0.0 0.0 -1.6651428652119923e-06
vn 0.0 0.0 -1.665155551865749e-06
vn 0.0 0.0 -5.0467026892823976e-05
vn 0.0 0.0 -1.6651555518657507e-06
vn 0.0 0.0 -8.241831940959675e-06
vn 0.0 0.0 -3.3222764809680568e-06
vn 0.0 0.0 -1.6651457499912168e-06
vn 0.0 0.0 -1.6651517651460014e-06
usemtl Diffuse_14
f 1 2 3
f 4 5 6
f 2 4 6
f 7 8 9
f 10 11 12
f 8 10 12
f 5 7 13
f 14 15 16
f 17 18 19
f 15 17 20
f 21 22 23
f 24 25 26
f 22 24 23
f 18 21 27
f 11 14 28
f 3 2 29
f 6 5 13
f 2 6 29
f 9 8 30
f 12 11 28
f 8 12 30
f 7 9 13
f 16 15 20
f 18 31 19
f 19 20 17
f 28 14 16
f 31 18 27
f 23 24 26
f 26 25 32
f 21 23 27
f 33 34 32
f 32 25 33
f 35 36 37
f 38 39 40
f 36 38 41
f 42 43 44
f 45 46 47
f 43 45 48
f 39 42 44
f 49 50 51
f 52 53 54
f 50 52 55
f 56 57 58
f 59 60 61
f 57 59 62
f 53 56 58
f 46 49 63
f 37 34 35
f 40 41 38
f 37 36 41
f 44 64 39
f 48 65 43
f 44 43 65
f 40 39 64
f 63 47 46
f 55 51 50
f 63 49 51
f 58 54 53
f 62 66 57
f 61 62 59
f 58 57 66
f 55 52 54
f 48 45 47
f 35 34 33
f 67 68 69
f 70 71 72
f 68 70 73
f 74 75 76
f 77 78 79
f 75 77 80
f 71 74 81
f 82 83 84
f 85 86 87
f 83 85 88
f 89 90 91
f 92 93 94
f 90 92 95
f 86 89 96
f 78 82 97
f 98 67 69
f 73 70 72
f 68 73 69
f 81 74 76
f 80 77 79
f 75 80 76
f 71 81 72
f 97 82 84
f 85 87 88
f 88 84 83
f 79 78 97
f 87 86 96
f 91 90 95
f 95 92 94
f 89 91 96
f 99 94 93
f 93 100 99
f 101 102 103
f 104 105 106
f 102 104 107
f 108 109 110
f 111 112 113
f 109 111 114
f 105 108 115
f 116 117 118
f 119 120 121
f 117 119 122
f 123 124 125
f 126 127 128
f 124 126 129
f 120 123 130
f 112 116 131
f 99 100 132
f 107 103 102
f 132 101 103
f 115 106 105
f 114 110 109
f 115 108 110
f 107 104 106
f 131 113 112
f 122 118 117
f 131 116 118
f 130 121 120
f 129 125 124
f 128 129 126
f 130 123 125
f 122 119 121
f 114 111 113
f 132 100 101
f 133 134 135
f 136 137 138
f 134 136 139
f 140 141 142
f 143 144 145
f 141 143 146
f 137 140 147
f 148 149 150
f 151 152 153
f 149 151 154
f 155 156 157
f 158 159 160
f 156 158 161
f 152 155 162
f 144 148 163
f 164 133 135
f 139 136 138
f 134 139 135
f 147 140 142
f 146 143 145
f 141 146 142
f 137 147 138
f 163 148 150
f 151 153 154
f 154 150 149
f 145 144 163
f 153 152 162
f 157 156 161
f 161 158 160
f 155 157 162
f 165 160 159
f 159 166 165
f 167 168 169
f 170 171 172
f 168 170 173
f 174 175 176
f 177 178 179
f 175 177 180
f 171 174 181
f 182 183 184
f 185 186 187
f 183 185 188
f 189 190 191
f 192 193 194
f 190 192 195
f 186 189 196
f 178 182 197
f 165 166 198
f 173 169 168
f 198 167 169
f 181 172 171
f 180 176 175
f 181 174 176
f 173 170 172
f 197 179 178
f 188 184 183
f 197 182 184
f 196 187 186
f 195 191 190
f 194 195 192
f 196 189 191
f 188 185 187
f 180 177 179
f 198 166 167
f 199 200 201
f 202 203 204
f 200 202 205
f 206 207 208
f 209 210 211
f 207 209 212
f 203 206 213
f 214 215 216
f 217 218 219
f 215 217 220
f 221 222 223
f 224 225 226
f 222 224 227
f 218 221 228
f 210 214 229
f 201 200 205
f 204 203 213
f 202 204 205
f 208 207 212
f 211 210 230
f 209 211 212
f 206 208 213
f 229 214 216
f 217 219 220
f 220 216 215
f 230 210 229
f 219 218 228
f 223 222 227
f 227 224 226
f 221 223 228
f 231 226 225
f 225 232 231
f 233 234 235
f 236 237 238
f 234 236 239
f 240 241 242
f 243 244 245
f 241 243 246
f 237 240 247
f 248 249 250
f 251 252 253
f 249 251 254
f 255 256 257
f 258 259 260
f 256 258 261
f 252 255 262
f 244 248 263
f 231 232 235
f 264 239 236
f 235 234 239
f 247 238 237
f 246 242 241
f 247 240 242
f 264 236 238
f 263 245 244
f 254 250 249
f 263 248 250
f 262 253 252
f 261 257 256
f 260 261 258
f 262 255 257
f 254 251 253
f 246 243 245
f 235 232 233
f 265 266 267
f 268 269 270
f 266 268 271
f 272 273 274
f 275 276 277
f 273 275 278
f 269 272 279
f 280 281 282
f 283 284 285
f 281 283 286
f 287 288 289
f 290 291 292
f 288 290 293
f 284 287 294
f 276 280 295
f 296 265 267
f 271 268 270
f 266 271 267
f 279 272 274
f 278 275 277
f 273 278 274
f 269 279 270
f 295 280 282
f 283 285 286
f 286 282 281
f 277 276 295
f 285 284 294
f 289 288 293
f 293 290 292
f 287 289 294
f 297 292 291
f 291 298 297
f 299 300 301
f 302 303 304
f 300 302 305
f 306 307 308
f 309 310 311
f 307 309 312
f 303 306 313
f 314 315 316
f 317 318 319
f 315 317 320
f 321 322 323
f 324 325 326
f 322 324 327
f 318 321 328
f 310 314 329
f 297 298 330
f 305 301 300
f 330 299 301
f 313 304 303
f 312 308 307
f 313 306 308
f 305 302 304
f 329 311 310
f 320 316 315
f 329 314 316
f 328 319 318
f 327 323 322
f 326 327 324
f 328 321 323
f 320 317 319
f 312 309 311
f 330 298 299
f 331 332 333
f 334 335 336
f 337 336 332
f 331 333 338
f 337 334 336
f 332 331 337
f 334 339 335
f 339 340 335
f 341 342 343
f 344 345 346
f 347 346 342
f 348 340 339
f 342 341 347
f 346 347 344
f 341 343 348
f 343 340 348
f 349 350 351
f 352 353 354
f 355 354 350
f 349 351 356
f 355 352 354
f 350 349 355
f 352 357 353
f 357 358 353
f 359 360 361
f 362 363 364
f 365 364 360
f 366 358 357
f 360 359 365
f 364 365 362
f 359 361 366
f 361 358 366
f 367 368 369
f 370 369 368
f 370 371 369
f 369 371 372
f 373 369 372
f 374 375 376
f 367 376 375
f 377 374 376
f 372 378 379
f 367 369 376
f 379 373 372
f 380 381 382
f 383 382 381
f 384 380 382
f 382 383 385
f 385 386 387
f 387 382 385
f 373 388 389
f 389 384 373
f 373 379 388
f 390 391 378
f 379 378 392
f 390 393 394
f 392 378 391
f 382 373 384
f 395 396 397
f 398 399 396
f 396 400 401
f 395 398 396
f 402 395 397
f 397 403 404
f 397 404 402
f 398 405 406
f 405 407 406
f 408 401 409
f 410 403 397
f 411 408 409
f 408 411 412
f 394 413 414
f 414 413 415
f 399 398 406
f 396 399 400
f 411 409 416
f 400 409 401
f 415 416 409
f 409 414 415
f 393 413 394
f 377 408 412
f 377 376 408
f 417 406 407
f 418 419 420
f 421 422 418
f 423 422 424
f 420 421 418
f 418 425 419
f 426 427 425
f 427 419 425
f 428 426 425
f 423 424 429
f 423 429 430
f 423 418 422
f 431 432 433
f 432 434 435
f 435 436 437
f 437 438 439
f 439 435 437
f 435 440 436
f 432 441 434
f 440 435 434
f 441 432 431
f 442 443 441
f 444 433 430
f 433 423 430
f 445 443 442
f 446 447 448
f 387 447 446
f 449 448 450
f 428 387 446
f 450 451 452
f 428 425 387
f 453 451 454
f 453 454 455
f 391 390 394
f 455 391 453
f 452 451 453
f 455 392 391
f 446 448 449
f 387 386 447
f 456 457 458
f 458 457 449
f 459 460 461
f 442 441 431
f 461 460 456
f 433 444 431
f 449 452 458
f 456 458 461
f 430 459 462
f 444 430 462
f 462 459 461
f 450 452 449
f 463 464 410
f 403 410 464
f 465 466 410
f 410 466 463
f 467 466 465
f 468 469 470
f 465 469 471
f 472 473 474
f 473 472 470
f 475 471 469
f 471 467 465
f 476 477 478
f 478 475 468
f 477 476 417
f 479 477 417
f 476 478 468
f 480 481 474
f 481 482 474
f 483 481 480
f 474 482 484
f 484 472 474
f 470 472 468
f 485 484 482
f 475 469 468
f 479 417 407
f 486 487 488
f 487 480 488
f 489 486 488
f 487 483 480
f 490 489 488
f 491 492 490
f 489 490 492
f 493 491 490
f 494 493 495
f 490 495 493
f 496 494 495
f 497 498 499
f 500 496 501
f 498 502 503
f 501 496 495
f 503 502 500
f 495 504 505
f 506 507 504
f 508 504 507
f 509 507 506
f 506 510 509
f 508 505 504
f 511 510 506
f 495 505 501
f 499 485 497
f 499 484 485
f 500 501 512
f 513 514 515
f 514 513 516
f 515 517 512
f 503 499 498
f 518 519 511
f 520 519 518
f 506 518 511
f 521 520 518
f 520 521 522
f 500 517 503
f 514 516 523
f 517 515 514
f 523 524 525
f 524 523 526
f 516 526 523
f 527 526 528
f 525 529 530
f 531 530 532
f 533 534 535
f 536 535 531
f 528 522 537
f 500 512 517
f 538 534 539
f 540 521 541
f 537 521 540
f 542 540 541
f 522 521 537
f 527 528 537
f 527 524 526
f 543 544 541
f 542 541 544
f 545 544 543
f 543 546 547
f 543 547 545
f 548 546 543
f 549 530 529
f 532 530 549
f 535 536 550
f 531 532 536
f 539 534 551
f 529 525 524
f 533 552 548
f 553 552 533
f 552 546 548
f 533 551 534
f 550 553 533
f 550 533 535
f 554 555 539
f 538 539 555
f 556 445 442
f 557 439 558
f 559 557 560
f 439 557 559
f 561 559 562
f 563 564 565
f 559 566 562
f 561 562 567
f 566 559 560
f 565 564 567
f 567 568 561
f 445 556 563
f 569 570 571
f 572 569 573
f 573 569 574
f 575 572 576
f 573 576 572
f 577 572 575
f 569 571 574
f 578 579 580
f 577 580 579
f 581 579 578
f 579 572 577
f 561 568 570
f 570 582 571
f 564 563 556
f 571 582 583
f 583 584 585
f 586 587 588
f 587 585 588
f 589 586 590
f 568 567 564
f 582 570 568
f 585 584 588
f 586 588 590
f 584 583 582
f 590 591 589
f 592 581 593
f 594 593 595
f 596 594 595
f 593 594 597
f 592 579 581
f 589 591 596
f 598 591 599
f 599 600 601
f 602 600 603
f 598 599 604
f 599 601 604
f 598 596 591
f 592 593 597
f 595 589 596
f 558 439 438
f 592 597 605
f 606 607 608
f 606 608 609
f 605 607 592
f 602 610 611
f 611 600 602
f 612 613 614
f 612 614 610
f 615 606 609
f 601 600 611
f 612 606 616
f 615 616 606
f 617 612 610
f 618 619 620
f 612 620 619
f 621 619 618
f 620 612 617
f 617 610 602
f 622 623 624
f 619 621 624
f 624 623 619
f 623 622 625
f 612 616 613
f 607 606 592
f 626 602 603
f 627 628 629
f 603 627 629
f 630 631 632
f 627 633 628
f 634 633 627
f 634 635 636
f 637 638 635
f 631 630 634
f 639 637 640
f 634 630 633
f 641 632 631
f 629 626 603
f 642 623 625
f 631 623 642
f 634 636 631
f 637 643 638
f 635 638 636
f 644 638 643
f 639 640 645
f 643 637 639
f 644 646 647
f 644 647 648
f 646 644 643
f 648 649 644
f 631 642 641
f 650 645 640
f 651 652 653
f 654 655 656
f 657 655 658
f 658 655 651
f 659 660 661
f 662 663 659
f 652 664 665
f 658 651 666
f 664 661 667
f 653 666 651
f 654 668 669
f 657 656 655
f 656 668 654
f 669 668 670
f 671 670 672
f 673 674 675
f 676 677 678
f 679 680 677
f 681 682 683
f 682 681 684
f 676 681 683
f 653 679 666
f 654 685 675
f 676 678 681
f 660 659 686
f 660 667 661
f 662 687 663
f 688 664 667
f 664 688 665
f 663 686 659
f 554 687 662
f 554 662 689
f 690 691 692
f 693 691 690
f 663 690 692
f 663 692 686
f 689 555 554
f 653 652 694
f 680 679 653
f 695 696 697
f 680 696 678
f 678 696 695
f 677 680 678
f 698 699 700
f 698 700 693
f 698 695 701
f 697 701 695
f 699 698 701
f 690 698 693
f 665 694 652
f 702 703 650
f 703 645 650
f 704 702 705
f 705 702 650
f 706 704 705
f 707 708 709
f 708 710 709
f 711 709 710
f 712 707 713
f 714 709 711
f 706 705 712
f 715 710 708
f 716 706 712
f 717 718 719
f 719 718 720
f 721 649 722
f 648 722 649
f 717 649 721
f 649 717 719
f 707 709 723
f 723 713 707
f 706 716 724
f 712 713 716
f 716 720 724
f 716 719 720
f 669 685 654
f 669 670 725
f 715 674 673
f 726 673 675
f 725 670 671
f 684 727 728
f 684 729 730
f 731 730 729
f 727 684 730
f 729 672 731
f 682 684 728
f 672 729 671
f 685 726 675
f 714 711 732
f 733 714 732
f 734 735 736
f 733 735 734
f 737 734 736
f 733 734 714
f 671 738 739
f 740 738 671
f 725 671 739
f 740 737 741
f 734 737 740
f 738 740 741
f 715 708 674
f 742 743 744
f 325 742 745
f 746 747 748
f 749 750 751
f 747 749 752
f 743 746 753
f 754 755 756
f 757 758 759
f 755 757 760
f 761 762 763
f 764 765 766
f 762 764 767
f 758 761 768
f 750 754 769
f 745 742 744
f 325 745 326
f 753 746 748
f 752 749 751
f 747 752 748
f 743 753 744
f 769 754 756
f 757 759 760
f 760 756 755
f 751 750 769
f 759 758 768
f 763 762 767
f 767 764 766
f 761 763 768
f 770 766 765
f 765 771 770
f 265 296 772
f 773 774 775
f 776 777 778
f 774 776 779
f 780 781 782
f 783 784 785
f 781 783 786
f 777 780 787
f 788 789 790
f 791 792 793
f 789 791 794
f 795 796 797
f 798 799 772
f 796 798 800
f 792 795 801
f 784 788 802
f 770 771 803
f 779 775 774
f 803 773 775
f 787 778 777
f 786 782 781
f 787 780 782
f 779 776 778
f 802 785 784
f 794 790 789
f 802 788 790
f 801 793 792
f 800 797 796
f 772 800 798
f 801 795 797
f 794 791 793
f 786 783 785
f 799 265 772
f 803 771 773
f 804 805 806
f 807 806 805
f 808 809 804
f 805 804 809
f 807 810 811
f 812 811 810
f 806 807 813
f 811 813 807
f 814 815 816
f 817 816 815
f 818 819 814
f 815 814 819
f 817 808 820
f 804 820 808
f 815 821 817
f 808 817 821
f 822 823 824
f 825 824 823
f 826 827 822
f 823 822 827
f 828 829 825
f 829 828 830
f 830 831 829
f 823 828 825
f 832 833 834
f 835 834 833
f 810 832 812
f 834 812 832
f 835 826 836
f 822 836 826
f 833 837 835
f 826 835 837
f 838 839 818
f 819 818 839
f 838 840 841
f 842 839 838
f 841 840 843
f 844 843 845
f 843 840 845
f 842 838 841
f 846 844 847
f 845 847 844
f 848 846 849
f 847 849 846
f 850 851 848
f 846 848 851
f 852 853 850
f 851 850 853
f 854 852 855
f 850 855 852
f 856 854 857
f 855 857 854
f 858 856 859
f 857 859 856
f 860 861 858
f 856 858 861
f 862 863 860
f 861 860 863
f 864 865 862
f 863 862 865
f 866 867 864
f 867 866 868
f 868 869 867
f 862 866 864
f 870 871 872
f 872 831 870
f 870 873 871
f 829 831 872
f 874 875 873
f 871 873 875
f 876 874 877
f 873 877 874
f 878 876 879
f 877 879 876
f 880 878 881
f 879 881 878
f 882 883 880
f 878 880 883
f 884 885 882
f 883 882 885
f 886 884 887
f 882 887 884
f 888 886 889
f 887 889 886
f 890 888 891
f 889 891 888
f 892 890 893
f 891 893 890
f 894 895 896
f 893 895 892
f 896 897 894
f 892 895 894
f 898 897 899
f 900 899 901
f 899 897 901
f 894 897 898
f 902 903 904
f 905 904 903
f 906 902 907
f 904 907 902
f 908 909 910
f 911 910 909
f 904 905 908
f 909 908 905
f 869 912 913
f 912 869 914
f 914 915 912
f 867 869 913
f 916 906 917
f 907 917 906
f 914 916 915
f 917 915 916
f 918 919 920
f 921 920 919
f 922 918 923
f 920 923 918
f 924 900 925
f 901 925 900
f 920 921 924
f 900 924 921
f 926 927 928
f 929 928 927
f 910 911 926
f 927 926 911
f 929 922 930
f 923 930 922
f 928 929 931
f 930 931 929
f 932 933 934
f 259 932 935
f 936 937 938
f 939 940 941
f 937 939 941
f 933 936 942
f 943 944 945
f 946 947 948
f 944 946 949
f 950 951 952
f 953 954 955
f 951 953 956
f 947 950 957
f 940 943 958
f 935 932 934
f 259 935 260
f 942 936 938
f 941 940 959
f 937 941 938
f 933 942 934
f 958 943 945
f 946 948 949
f 949 945 944
f 959 940 958
f 948 947 957
f 952 951 956
f 956 953 955
f 950 952 957
f 960 955 954
f 954 961 960
f 199 201 962
f 963 964 965
f 966 967 968
f 964 966 969
f 970 971 972
f 973 974 975
f 971 973 976
f 967 970 977
f 978 979 980
f 981 982 983
f 979 981 984
f 985 986 987
f 988 989 962
f 986 988 990
f 982 985 991
f 974 978 992
f 960 961 993
f 969 965 964
f 993 963 965
f 977 968 967
f 976 972 971
f 977 970 972
f 969 966 968
f 992 975 974
f 984 980 979
f 992 978 980
f 991 983 982
f 990 987 986
f 962 990 988
f 991 985 987
f 984 981 983
f 976 973 975
f 989 199 962
f 993 961 963
f 994 995 996
f 997 996 995
f 997 998 996
f 999 996 998
f 1000 998 1001
f 1002 994 1003
f 996 1003 994
f 1002 1003 1004
f 1001 1005 1006
f 1005 1007 1006
f 998 1000 999
f 1008 1009 1010
f 1011 1010 1009
f 1008 999 1012
f 1010 1011 1013
f 1010 1013 1014
f 1014 1015 1010
f 999 1000 1016
f 1016 1012 999
f 1006 1000 1001
f 1000 1017 1018
f 1019 1017 1000
f 1016 1000 1018
f 1010 999 1008
f 1020 1006 1007
f 1021 1022 1023
f 1024 1025 1026
f 1027 1024 1028
f 1021 1025 1022
f 1029 1023 1022
f 1022 1030 1031
f 1022 1031 1032
f 1023 1029 1033
f 1023 1033 1034
f 1029 1022 1032
f 1035 1023 1034
f 1036 1030 1022
f 1037 1038 1027
f 1038 1039 1027
f 1040 1020 1041
f 1040 1041 1042
f 1025 1021 1026
f 1027 1028 1037
f 1024 1026 1028
f 1028 1040 1043
f 1042 1043 1040
f 1037 1028 1043
f 1040 1006 1020
f 1039 1003 1027
f 1039 1004 1003
f 1044 1045 1046
f 1046 1045 1047
f 1048 1049 1050
f 1047 1050 1046
f 1051 1052 1050
f 1053 1054 1055
f 1054 1046 1055
f 1056 1053 1055
f 1050 1047 1048
f 1054 1044 1046
f 1057 1058 1052
f 1059 1060 1061
f 1062 1061 1060
f 1063 1059 1061
f 1061 1062 1064
f 1064 1065 1066
f 1066 1061 1064
f 1058 1057 1063
f 1067 1059 1063
f 1068 1067 1063
f 1069 1070 1068
f 1070 1069 1071
f 1063 1069 1068
f 1061 1058 1063
f 1051 1057 1052
f 1072 1015 1073
f 1014 1073 1015
f 1015 1072 1074
f 1074 1072 1075
f 1076 1055 1015
f 1074 1077 1015
f 1076 1056 1055
f 1019 1078 1079
f 1019 1079 1080
f 1078 1019 1074
f 1075 1081 1074
f 1081 1078 1074
f 1017 1019 1080
f 1077 1076 1015
f 1082 1049 1083
f 1049 1048 1083
f 1084 1082 1085
f 1049 1051 1050
f 1049 1082 1084
f 1086 1087 1088
f 1089 1087 1086
f 1077 1086 1088
f 1084 1090 1089
f 1085 1090 1084
f 1086 1084 1089
f 1074 1086 1077
f 1091 1092 1036
f 1093 1036 1092
f 1094 1091 1036
f 1093 1030 1036
f 1095 1091 1094
f 1096 1097 1098
f 1094 1097 1099
f 1100 1101 1102
f 1101 1100 1098
f 1103 1099 1097
f 1099 1095 1094
f 1104 1105 1106
f 1106 1105 1103
f 1035 1107 1108
f 1034 1107 1035
f 1104 1035 1108
f 1035 1104 1106
f 1096 1098 1100
f 1096 1106 1097
f 1102 1109 1100
f 1110 1109 1111
f 1102 1111 1109
f 1112 1109 1113
f 1106 1103 1097
f 1114 1115 1116
f 1115 1111 1116
f 1117 1114 1116
f 1111 1118 1110
f 1109 1110 1113
f 1115 1118 1111
f 1119 1120 1116
f 1117 1116 1120
f 1121 1120 1119
f 1119 1122 1123
f 1123 1122 1124
f 1121 1119 1123
f 1125 1112 1126
f 1127 1128 1129
f 1112 1125 1129
f 1130 1128 1127
f 1112 1129 1128
f 1131 1128 1130
f 1122 1132 1131
f 1133 1132 1122
f 1124 1122 1131
f 1134 1135 1133
f 1136 1133 1135
f 1137 1135 1134
f 1133 1136 1138
f 1128 1131 1132
f 1126 1112 1113
f 1132 1138 1139
f 1140 1141 1142
f 1132 1142 1141
f 1139 1142 1132
f 1132 1133 1138
f 1134 1143 1144
f 1145 1134 1144
f 1146 1147 1143
f 1144 1143 1147
f 1146 1143 1148
f 1137 1134 1145
f 1141 1149 1150
f 1151 1152 1150
f 1141 1150 1152
f 1153 1152 1151
f 1141 1140 1149
f 1154 1152 1153
f 1148 1152 1154
f 1152 1155 1156
f 1157 1156 1158
f 1154 1146 1148
f 1157 1159 1156
f 1160 1156 1159
f 1161 1160 1159
f 1155 1158 1156
f 1162 1163 1164
f 1148 1164 1163
f 1165 1162 1164
f 1148 1163 1155
f 1155 1152 1148
f 1166 1165 1164
f 1167 1168 1166
f 1165 1166 1168
f 1169 1167 1166
f 1170 1171 1169
f 1172 1171 1170
f 1166 1170 1169
f 1173 1160 1161
f 1174 1175 1176
f 1160 1173 1177
f 1177 1176 1175
f 1160 1177 1175
f 1178 1175 1174
f 1172 1174 1176
f 1179 1178 1174
f 1180 1179 1174
f 1170 1174 1172
f 1180 1181 1182
f 1179 1180 1182
f 1181 1183 1182
f 1184 1066 1185
f 1186 1187 1184
f 1066 1184 1187
f 1188 1187 1186
f 1189 1190 1191
f 1069 1189 1191
f 1192 1187 1188
f 1189 1187 1192
f 1190 1189 1192
f 1189 1193 1187
f 1191 1071 1069
f 1194 1193 1195
f 1189 1195 1193
f 1194 1195 1196
f 1197 1198 1199
f 1200 1197 1201
f 1198 1194 1196
f 1197 1199 1201
f 1202 1198 1196
f 1199 1198 1203
f 1198 1204 1203
f 1200 1205 1197
f 1206 1197 1205
f 1205 1207 1206
f 1208 1204 1202
f 1198 1202 1204
f 1208 1202 1209
f 1210 1208 1209
f 1211 1210 1209
f 1212 1209 1213
f 1211 1209 1212
f 1214 1212 1213
f 1215 1216 1213
f 1214 1213 1216
f 1217 1215 1213
f 1217 1218 1219
f 1206 1220 1221
f 1222 1218 1217
f 1218 1223 1219
f 1224 1219 1223
f 1215 1217 1219
f 1220 1206 1207
f 1225 1217 1226
f 1222 1217 1227
f 1227 1217 1225
f 1226 1228 1229
f 1226 1229 1225
f 1230 1228 1226
f 1221 1215 1219
f 1206 1221 1219
f 1231 1224 1232
f 1233 1231 1234
f 1232 1234 1231
f 1235 1231 1233
f 1231 1219 1224
f 1236 1237 1230
f 1238 1237 1236
f 1226 1236 1230
f 1235 1239 1240
f 1240 1238 1236
f 1239 1238 1240
f 1240 1231 1235
f 1241 1242 1243
f 1240 1243 1242
f 1236 1244 1243
f 1245 1242 1246
f 1241 1246 1242
f 1247 1242 1245
f 1248 1249 1244
f 1243 1244 1249
f 1250 1248 1244
f 1251 1252 1247
f 1242 1247 1252
f 1252 1251 1253
f 1240 1236 1243
f 1254 1255 1256
f 1254 1256 1250
f 1257 1258 1259
f 1260 1258 1257
f 1261 1262 1254
f 1255 1254 1262
f 1260 1262 1261
f 1261 1263 1264
f 1265 1263 1266
f 1261 1258 1260
f 1259 1252 1253
f 1244 1254 1250
f 1267 1268 1269
f 1258 1261 1264
f 1265 1264 1263
f 1270 1269 1268
f 1266 1268 1267
f 1267 1265 1266
f 1271 1267 1269
f 1272 1273 1268
f 1268 1273 1270
f 1267 1271 1274
f 1267 1274 1275
f 1275 1276 1267
f 1259 1258 1252
f 1273 1272 1277
f 1278 1279 1280
f 1280 1281 1278
f 1280 1282 1281
f 1278 1283 1279
f 1284 1285 1280
f 1286 1287 1288
f 1284 1288 1287
f 1289 1286 1288
f 1290 1284 1291
f 1287 1291 1284
f 1284 1290 1285
f 1292 1282 1280
f 1293 1279 1283
f 1294 1279 1293
f 1295 1296 1297
f 1298 1297 1296
f 1294 1295 1297
f 1279 1294 1297
f 1299 1300 1301
f 1301 1292 1302
f 1303 1299 1304
f 1300 1299 1303
f 1305 1303 1304
f 1292 1280 1302
f 1301 1302 1299
f 1306 1307 1308
f 1309 1288 1308
f 1309 1308 1310
f 1308 1311 1310
f 1309 1289 1288
f 1311 1308 1307
f 1312 1183 1313
f 1312 1313 1314
f 1183 1181 1313
f 1314 1307 1315
f 1306 1315 1307
f 1312 1314 1315
f 1307 1316 1311
f 1302 1285 1317
f 1318 1319 1317
f 1302 1317 1319
f 1320 1319 1318
f 1302 1280 1285
f 1321 1319 1320
f 1322 1316 1323
f 1307 1323 1316
f 1321 1322 1323
f 1321 1324 1325
f 1320 1324 1321
f 1322 1321 1325
f 1326 1272 1327
f 1327 1328 1326
f 1272 1326 1329
f 1272 1329 1277
f 1330 1327 1331
f 1332 1333 1334
f 1333 1332 1335
f 1336 1332 1334
f 1337 1333 1338
f 1337 1339 1331
f 1340 1338 1333
f 1340 1333 1335
f 1328 1327 1341
f 1342 1343 1344
f 1276 1345 1346
f 1275 1345 1276
f 1342 1276 1346
f 1276 1342 1344
f 1347 1337 1338
f 1337 1347 1339
f 1348 1327 1330
f 1330 1331 1339
f 1344 1348 1330
f 1344 1343 1348
f 1341 1327 1348
f 1349 1350 1351
f 1350 1334 1351
f 1352 1349 1351
f 1353 1334 1350
f 1353 1336 1334
f 1354 1352 1351
f 1298 1355 1356
f 1304 1356 1357
f 1304 1298 1356
f 1298 1296 1355
f 1354 1297 1358
f 1298 1358 1297
f 1305 1304 1357
f 1354 1351 1297
f 1359 1340 1335
f 1360 1340 1359
f 1361 1362 1363
f 1360 1362 1361
f 1364 1361 1363
f 1340 1360 1361
f 1358 1365 1366
f 1364 1365 1358
f 1354 1358 1366
f 1364 1367 1368
f 1363 1367 1364
f 1365 1364 1368
f 1185 1066 1065
f 1369 1370 1371
f 1372 1373 1374
f 1375 1374 1370
f 1369 1371 1376
f 1375 1372 1374
f 1370 1369 1375
f 1372 1377 1373
f 1377 1378 1373
f 1379 1380 1381
f 1382 1383 1384
f 1385 1384 1380
f 1386 1378 1377
f 1380 1379 1385
f 1384 1385 1382
f 1379 1381 1386
f 1381 1378 1386
f 1387 1388 1389
f 1390 1391 1392
f 1393 1392 1388
f 1387 1389 1394
f 1393 1390 1392
f 1388 1387 1393
f 1390 1395 1391
f 1395 1396 1391
f 1397 1398 1399
f 1400 1401 1402
f 1403 1402 1398
f 1404 1396 1395
f 1398 1397 1403
f 1402 1403 1400
f 1397 1399 1404
f 1399 1396 1404
f 1405 1406 1407
f 1408 1409 1410
f 1411 1410 1406
f 1405 1407 1412
f 1411 1408 1410
f 1406 1405 1411
f 1408 1413 1409
f 1413 1414 1409
f 1415 1416 1417
f 1418 1419 1420
f 1421 1420 1416
f 1422 1414 1413
f 1416 1415 1421
f 1420 1421 1418
f 1415 1417 1422
f 1417 1414 1422
f 1423 1424 1425
f 1426 1427 1428
f 1429 1428 1424
f 1423 1425 1430
f 1429 1426 1428
f 1424 1423 1429
f 1426 1431 1427
f 1431 1432 1427
f 1433 1434 1435
f 1436 1437 1438
f 1439 1438 1434
f 1440 1432 1431
f 1434 1433 1439
f 1438 1439 1436
f 1433 1435 1440
f 1435 1432 1440
f 1441 1442 1443
f 1444 1445 1446
f 1447 1446 1442
f 1441 1443 1448
f 1447 1444 1446
f 1442 1441 1447
f 1444 1449 1445
f 1449 1450 1445
f 1451 1452 1453
f 1454 1455 1456
f 1457 1456 1452
f 1458 1450 1449
f 1452 1451 1457
f 1456 1457 1454
f 1451 1453 1458
f 1453 1450 1458
f 1459 1460 1455
f 1461 1462 1463
f 1464 1463 1460
f 1459 1455 1454
f 1464 1461 1463
f 1460 1459 1464
f 1461 1465 1462
f 1465 1466 1462
f 1467 1468 1469
f 1448 1443 1470
f 1471 1470 1468
f 1472 1466 1465
f 1468 1467 1471
f 1470 1471 1448
f 1467 1469 1472
f 1469 1466 1472
f 1473 1474 1475
f 1476 1477 1478
f 1479 1478 1474
f 1473 1475 1480
f 1479 1476 1478
f 1474 1473 1479
f 1476 1481 1477
f 1481 1482 1477
f 1483 1484 1485
f 1486 1487 1488
f 1489 1488 1484
f 1490 1482 1481
f 1484 1483 1489
f 1488 1489 1486
f 1483 1485 1490
f 1485 1482 1490
f 1491 1492 1487
f 1493 1494 1495
f 1496 1495 1492
f 1491 1487 1486
f 1496 1493 1495
f 1492 1491 1496
f 1493 1497 1494
f 1497 1498 1494
f 1499 1500 1501
f 1480 1475 1502
f 1503 1502 1500
f 1504 1498 1497
f 1500 1499 1503
f 1502 1503 1480
f 1499 1501 1504
f 1501 1498 1504
f 1505 1506 1507
f 1508 1509 1510
f 1511 1510 1506
f 1505 1507 1512
f 1511 1508 1510
f 1506 1505 1511
f 1508 1513 1509
f 1513 1514 1509
f 1515 1516 1517
f 1518 1519 1520
f 1521 1520 1516
f 1522 1514 1513
f 1516 1515 1521
f 1520 1521 1518
f 1515 1517 1522
f 1517 1514 1522
f 1523 1524 1525
f 1526 1527 1528
f 1529 1528 1524
f 1523 1525 1530
f 1529 1526 1528
f 1524 1523 1529
f 1526 1531 1527
f 1531 1532 1527
f 1533 1534 1535
f 1536 1537 1538
f 1539 1538 1534
f 1540 1532 1531
f 1534 1533 1539
f 1538 1539 1536
f 1533 1535 1540
f 1535 1532 1540
f 1541 1542 1543
f 1544 1545 1546
f 1547 1546 1542
f 1541 1543 1548
f 1547 1544 1546
f 1542 1541 1547
f 1544 1549 1545
f 1549 1550 1545
f 1551 1552 1553
f 1554 1555 1556
f 1557 1556 1552
f 1558 1550 1549
f 1552 1551 1557
f 1556 1557 1554
f 1551 1553 1558
f 1553 1550 1558
f 1559 1560 1555
f 1561 1562 1563
f 1564 1563 1560
f 1559 1555 1554
f 1564 1561 1563
f 1560 1559 1564
f 1561 1565 1562
f 1565 1566 1562
f 1567 1568 1569
f 1548 1543 1570
f 1571 1570 1568
f 1572 1566 1565
f 1568 1567 1571
f 1570 1571 1548
f 1567 1569 1572
f 1569 1566 1572
f 1573 1574 1575
f 1576 1577 1578
f 1579 1578 1574
f 1573 1575 1580
f 1579 1576 1578
f 1574 1573 1579
f 1576 1581 1577
f 1581 1582 1577
f 1583 1584 1585
f 1586 1587 1588
f 1589 1588 1584
f 1590 1582 1581
f 1584 1583 1589
f 1588 1589 1586
f 1583 1585 1590
f 1585 1582 1590
f 1591 1592 1587
f 1593 1594 1595
f 1596 1595 1592
f 1591 1587 1586
f 1596 1593 1595
f 1592 1591 1596
f 1593 1597 1594
f 1597 1598 1594
f 1599 1600 1601
f 1580 1575 1602
f 1603 1602 1600
f 1604 1598 1597
f 1600 1599 1603
f 1602 1603 1580
f 1599 1601 1604
f 1601 1598 1604
f 1605 1606 1607
f 1608 1609 1610
f 1611 1610 1606
f 1605 1607 1612
f 1611 1608 1610
f 1606 1605 1611
f 1608 1613 1609
f 1613 1614 1609
f 1615 1616 1617
f 1618 1619 1620
f 1621 1620 1616
f 1622 1614 1613
f 1616 1615 1621
f 1620 1621 1618
f 1615 1617 1622
f 1617 1614 1622
f 1623 1624 1625
f 1626 1627 1628
f 1629 1628 1624
f 1623 1625 1630
f 1629 1626 1628
f 1624 1623 1629
f 1626 1631 1627
f 1631 1632 1627
f 1633 1634 1635
f 1636 1637 1638
f 1639 1638 1634
f 1640 1632 1631
f 1634 1633 1639
f 1638 1639 1636
f 1633 1635 1640
f 1635 1632 1640
f 1641 1642 1643
f 1644 1645 1646
f 1647 1646 1642
f 1641 1643 1648
f 1647 1644 1646
f 1642 1641 1647
f 1644 1649 1645
f 1649 1650 1645
f 1651 1652 1653
f 1654 1655 1656
f 1657 1656 1652
f 1658 1650 1649
f 1652 1651 1657
f 1656 1657 1654
f 1651 1653 1658
f 1653 1650 1658
f 1659 1660 1655
f 1661 1662 1663
f 1664 1663 1660
f 1659 1655 1654
f 1664 1661 1663
f 1660 1659 1664
f 1661 1665 1662
f 1665 1666 1662
f 1667 1668 1669
f 1648 1643 1670
f 1671 1670 1668
f 1672 1666 1665
f 1668 1667 1671
f 1670 1671 1648
f 1667 1669 1672
f 1669 1666 1672
f 1673 1674 1675
f 1676 1677 1678
f 1679 1678 1674
f 1673 1675 1680
f 1679 1676 1678
f 1674 1673 1679
f 1676 1681 1677
f 1681 1682 1677
f 1683 1684 1685
f 1686 1687 1688
f 1689 1688 1684
f 1690 1682 1681
f 1684 1683 1689
f 1688 1689 1686
f 1683 1685 1690
f 1685 1682 1690
f 1691 1692 1687
f 1693 1694 1695
f 1696 1695 1692
f 1691 1687 1686
f 1696 1693 1695
f 1692 1691 1696
f 1693 1697 1694
f 1697 1698 1694
f 1699 1700 1701
f 1680 1675 1702
f 1703 1702 1700
f 1704 1698 1697
f 1700 1699 1703
f 1702 1703 1680
f 1699 1701 1704
f 1701 1698 1704
f 1705 1706 1707
f 1708 1709 1710
f 1711 1710 1706
f 1705 1707 1712
f 1711 1708 1710
f 1706 1705 1711
f 1708 1713 1709
f 1713 1714 1709
f 1715 1716 1717
f 1718 1719 1720
f 1721 1720 1716
f 1722 1714 1713
f 1716 1715 1721
f 1720 1721 1718
f 1715 1717 1722
f 1717 1714 1722
f 1723 1724 1719
f 1725 1726 1727
f 1728 1727 1724
f 1723 1719 1718
f 1728 1725 1727
f 1724 1723 1728
f 1725 1729 1726
f 1729 1730 1726
f 1731 1732 1733
f 1712 1707 1734
f 1735 1734 1732
f 1736 1730 1729
f 1732 1731 1735
f 1734 1735 1712
f 1731 1733 1736
f 1733 1730 1736
f 1737 1738 1739
f 1739 1740 1737
f 1741 1742 1743
f 1743 1744 1741
f 1745 1746 1747
f 1747 1748 1745
f 1749 1750 1751
f 1751 1752 1749
f 1753 1754 1755
f 1756 1755 1754
f 1757 1758 1759
f 1758 1757 1760
f 1761 1762 1763
f 1764 1763 1765
f 1766 1762 1761
f 1765 1763 1762
f 1767 1768 1769
f 1769 1770 1767
f 1771 1772 1773
f 1774 1773 1775
f 1772 1775 1773
f 1776 1774 1775
f 1777 1778 1779
f 1778 1777 1780
f 1781 1782 1783
f 1783 1784 1781
f 1785 1786 1787
f 1787 1788 1785
f 1789 1790 1791
f 1791 1792 1789
f 1793 1794 1795
f 1794 1796 1797
f 1787 1797 1798
f 1795 1799 1800
f 1801 1802 1803
f 1804 1799 1802
f 1805 1803 1806
f 1798 1797 1796
f 1798 1788 1787
f 1796 1794 1793
f 1799 1804 1800
f 1800 1793 1795
f 1801 1804 1802
f 1803 1805 1801
f 1807 1808 1805
f 1806 1807 1805
f 1809 1810 1811
f 1810 1812 1813
f 1814 1813 1812
f 1815 1816 1817
f 1816 1818 1819
f 1811 1820 1821
f 1822 1820 1819
f 1808 1807 1823
f 1809 1812 1810
f 1823 1814 1812
f 1820 1822 1821
f 1822 1819 1818
f 1824 1815 1817
f 1818 1816 1815
f 1809 1811 1821
f 1823 1807 1814
f 1825 1826 1827
f 1828 1829 1830
f 1826 1828 1831
f 1832 1833 1834
f 1835 1836 1837
f 1833 1835 1838
f 1829 1832 1839
f 1827 1840 1825
f 1830 1831 1828
f 1827 1826 1831
f 1834 1839 1832
f 1837 1838 1835
f 1841 1837 1836
f 1834 1833 1838
f 1830 1829 1839
f 1836 1842 1841
f 1842 1843 1844
f 1845 1846 1847
f 1843 1845 1844
f 1848 1849 1850
f 1851 1852 1853
f 1849 1851 1850
f 1846 1848 1854
f 1844 1845 1847
f 1855 1846 1854
f 1846 1855 1847
f 1851 1853 1850
f 1850 1854 1848
f 1853 1852 1856
f 1856 1852 1784
f 1852 1781 1784
f 1842 1844 1841
f 1857 1858 1859
f 1860 1859 1861
f 1862 1863 1864
f 1865 1866 1867
f 1868 1864 1866
f 1869 1865 1867
f 1859 1860 1857
f 1857 1870 1858
f 1861 1871 1860
f 1862 1872 1863
f 1864 1868 1862
f 1863 1872 1873
f 1866 1865 1868
f 1873 1872 1871
f 1871 1861 1873
f 1867 1874 1869
f 1875 1876 1877
f 1878 1879 1880
f 1876 1878 1881
f 1882 1883 1884
f 1885 1886 1887
f 1883 1885 1887
f 1879 1882 1888
f 1869 1874 1889
f 1881 1877 1876
f 1889 1875 1877
f 1888 1880 1879
f 1887 1884 1883
f 1890 1887 1886
f 1888 1882 1884
f 1881 1878 1880
f 1889 1874 1875
f 1890 1886 1891
f 1892 1891 1886
f 1893 1894 1895
f 1894 1893 1896
f 1897 1898 1899
f 1900 1901 1902
f 1903 1904 1905
f 1901 1905 1906
f 1907 1903 1908
f 1909 1910 1908
f 1911 1899 1900
f 1912 1909 1913
f 1914 1915 1916
f 1917 1913 1915
f 1918 1919 1920
f 1921 1920 1922
f 1914 1916 1919
f 1923 1924 1925
f 1926 1898 1897
f 1911 1900 1902
f 1899 1911 1897
f 1906 1905 1904
f 1907 1908 1910
f 1903 1907 1904
f 1901 1906 1902
f 1912 1913 1917
f 1919 1918 1914
f 1914 1917 1915
f 1910 1909 1912
f 1918 1920 1921
f 1927 1922 1928
f 1923 1928 1929
f 1922 1927 1921
f 1929 1924 1923
f 1929 1928 1922
f 1925 1930 1923
f 1931 1932 1933
f 1934 1932 1935
f 1936 1937 1938
f 1933 1938 1939
f 1940 1936 1941
f 1942 1943 1941
f 1944 1934 1945
f 1946 1947 1948
f 1949 1950 1951
f 1952 1948 1950
f 1951 1953 1954
f 1955 1956 1957
f 1957 1956 1958
f 1942 1947 1959
f 1953 1955 1960
f 1925 1961 1930
f 1945 1934 1935
f 1944 1945 1961
f 1931 1933 1939
f 1937 1936 1940
f 1938 1937 1939
f 1932 1931 1935
f 1943 1942 1959
f 1948 1952 1946
f 1946 1959 1947
f 1940 1941 1943
f 1952 1950 1949
f 1954 1953 1960
f 1951 1954 1949
f 1957 1958 1962
f 1957 1960 1955
f 1961 1925 1944
f 1963 1964 1965
f 1966 1967 1968
f 1964 1966 1965
f 1969 1970 1971
f 1972 1973 1974
f 1970 1972 1975
f 1967 1969 1976
f 1977 1978 1979
f 1980 1981 1982
f 1978 1980 1983
f 1984 1985 1986
f 1987 1988 1989
f 1985 1987 1986
f 1981 1984 1990
f 1973 1977 1974
f 1991 1963 1965
f 1968 1967 1976
f 1966 1968 1965
f 1971 1970 1975
f 1992 1972 1974
f 1972 1992 1975
f 1969 1971 1976
f 1979 1978 1983
f 1981 1993 1982
f 1982 1983 1980
f 1974 1977 1979
f 1993 1981 1990
f 1986 1987 1989
f 1989 1988 1994
f 1984 1986 1990
f 1995 1996 1994
f 1994 1988 1995
f 1997 1998 1999
f 2000 2001 2002
f 1998 2000 2003
f 2004 2005 2006
f 2007 2008 2009
f 2005 2007 2010
f 2001 2004 2006
f 2011 2012 2013
f 2014 2015 2016
f 2012 2014 2017
f 2018 2019 2020
f 2021 2022 2023
f 2019 2021 2024
f 2015 2018 2025
f 2008 2011 2026
f 1999 1996 1997
f 2027 2003 2000
f 1999 1998 2003
f 2006 2002 2001
f 2009 2010 2007
f 2006 2005 2010
f 2027 2000 2002
f 2028 2026 2011
f 2017 2013 2012
f 2028 2011 2013
f 2025 2016 2015
f 2024 2020 2019
f 2023 2024 2021
f 2025 2018 2020
f 2017 2014 2016
f 2009 2008 2026
f 1997 1996 1995
f 2029 2030 2031
f 2032 2033 2034
f 2033 2035 2036
f 2037 2038 2039
f 2040 2034 2041
f 2042 2041 2037
f 2030 2036 2043
f 2044 2045 2046
f 2047 2046 2048
f 2049 2050 2051
f 2052 2053 2054
f 2052 2054 2055
f 2045 2056 2038
f 2049 2057 2048
f 2030 2043 2031
f 2031 2058 2029
f 2035 2033 2032
f 2036 2035 2043
f 2042 2037 2039
f 2041 2042 2040
f 2034 2040 2032
f 2056 2045 2044
f 2046 2047 2044
f 2059 2053 2052
f 2039 2038 2056
f 2060 2053 2059
f 2047 2048 2057
f 2057 2049 2051
f 2059 2061 2060
f 2061 2051 2050
f 2050 2060 2061
f 2055 2062 2052
f 2063 2064 2065
f 2066 2067 2068
f 2069 2063 2065
f 2064 2066 2068
f 2070 2071 2072
f 2069 2071 2073
f 2074 2067 2075
f 2076 2077 2078
f 2079 2080 2081
f 2082 2079 2083
f 2084 2085 2086
f 2087 2080 2085
f 2084 2086 2088
f 2089 2072 2077
f 2082 2076 2078
f 2062 2055 2090
f 2075 2090 2074
f 2066 2075 2067
f 2066 2064 2091
f 2063 2069 2073
f 2064 2063 2091
f 2070 2073 2071
f 2092 2072 2089
f 2082 2083 2076
f 2076 2089 2077
f 2072 2092 2070
f 2079 2081 2083
f 2093 2080 2087
f 2093 2081 2080
f 2084 2088 2094
f 2085 2084 2087
f 2090 2055 2074
f 2095 2096 2097
f 2098 2099 2100
f 2101 2102 2103
f 2104 2105 2106
f 2102 2105 2104
f 2099 2101 2107
f 2095 2097 2108
f 2096 2109 2110
f 2097 2096 2110
f 2109 2111 2110
f 2111 2109 2098
f 2107 2100 2099
f 2101 2103 2107
f 2098 2100 2111
f 2102 2104 2103
f 2105 2112 2106
f 2113 2114 2115
f 2116 2117 2118
f 2114 2116 2119
f 2120 2121 2122
f 2123 1754 1753
f 2121 2123 2124
f 2117 2120 2125
f 2106 2112 2126
f 2115 2114 2119
f 2126 2113 2115
f 2125 2118 2117
f 2122 2125 2120
f 2122 2121 2124
f 2123 1753 2124
f 2116 2118 2119
f 2126 2112 2113
f 1751 2127 1752
f 2128 2129 2130
f 2127 2128 2131
f 2132 2133 2134
f 2135 2136 2137
f 2133 2135 2138
f 2129 2132 2134
f 1752 2127 2131
f 2130 2129 2139
f 2128 2130 2131
f 2133 2138 2134
f 2134 2139 2129
f 2138 2135 2137
f 2137 2136 2140
f 2141 2140 2136
f 2142 2141 2136
f 2143 2144 2145
f 2146 2147 2148
f 2144 2146 2149
f 2150 2151 2152
f 2153 2154 2155
f 2151 2153 2156
f 2147 2150 2157
f 2141 2142 2158
f 2149 2145 2144
f 2158 2143 2145
f 2157 2148 2147
f 2156 2152 2151
f 2155 2156 2153
f 2157 2150 2152
f 2149 2146 2148
f 2158 2142 2143
f 2159 1739 2160
f 2161 2162 2163
f 2164 2160 2162
f 2165 2163 2166
f 2167 2166 2168
f 2169 2170 2171
f 1740 1739 2159
f 2164 2162 2161
f 2160 2164 2159
f 2166 2167 2165
f 2165 2161 2163
f 2167 2168 2172
f 2170 2172 2173
f 2173 2171 2170
f 2172 2168 2173
f 2171 2174 2169
f 2175 2176 2177
f 2178 2179 2180
f 2176 2178 2180
f 2181 2182 2183
f 2184 2185 2186
f 2182 2184 2187
f 2179 2181 2188
f 2169 2174 2189
f 2180 2177 2176
f 2189 2175 2177
f 2183 2188 2181
f 2186 2187 2184
f 2190 2186 2185
f 2183 2182 2187
f 2180 2179 2188
f 2189 2174 2175
f 2191 2192 2193
f 2194 2195 2196
f 2197 2196 2192
f 2191 2193 2198
f 2197 2194 2196
f 2192 2191 2197
f 2194 2199 2195
f 2199 2200 2195
f 2201 2202 2203
f 2204 2205 2206
f 2207 2206 2202
f 2208 2200 2199
f 2202 2201 2207
f 2206 2207 2204
f 2201 2203 2208
f 2203 2200 2208
f 2209 2210 2211
f 2212 2213 2214
f 2215 2214 2210
f 2209 2211 2216
f 2215 2212 2214
f 2210 2209 2215
f 2212 2217 2213
f 2217 2218 2213
f 2219 2220 2221
f 2222 2223 2224
f 2225 2224 2220
f 2226 2218 2217
f 2220 2219 2225
f 2224 2225 2222
f 2219 2221 2226
f 2221 2218 2226
f 2227 2228 2229
f 2230 2231 2232
f 2233 2232 2228
f 2227 2229 2234
f 2233 2230 2232
f 2228 2227 2233
f 2230 2235 2231
f 2235 2236 2231
f 2237 2238 2239
f 2240 2241 2242
f 2243 2242 2238
f 2244 2236 2235
f 2238 2237 2243
f 2242 2243 2240
f 2237 2239 2244
f 2239 2236 2244
f 2245 2246 2247
f 2248 2249 2250
f 2251 2250 2246
f 2245 2247 2252
f 2251 2248 2250
f 2246 2245 2251
f 2248 2253 2249
f 2253 2254 2249
f 2255 2256 2257
f 2258 2259 2260
f 2261 2260 2256
f 2262 2254 2253
f 2256 2255 2261
f 2260 2261 2258
f 2255 2257 2262
f 2257 2254 2262
f 2263 2264 2265
f 2266 2267 2268
f 2269 2268 2264
f 2263 2265 2270
f 2269 2266 2268
f 2264 2263 2269
f 2266 2271 2267
f 2271 2272 2267
f 2273 2274 2275
f 2276 2277 2278
f 2279 2278 2274
f 2280 2272 2271
f 2274 2273 2279
f 2278 2279 2276
f 2273 2275 2280
f 2275 2272 2280
f 2281 2282 2283
f 2284 2285 2286
f 2287 2286 2282
f 2281 2283 2288
f 2287 2284 2286
f 2282 2281 2287
f 2284 2289 2285
f 2289 2290 2285
f 2291 2292 2293
f 2294 2295 2296
f 2297 2296 2292
f 2298 2290 2289
f 2292 2291 2297
f 2296 2297 2294
f 2291 2293 2298
f 2293 2290 2298
f 2299 2300 2301
f 2302 2303 2301
f 2304 2300 2299
f 2305 2304 2306
f 2307 2304 2299
f 2308 2309 2305
f 2304 2307 2306
f 2299 2301 2310
f 2311 2312 2313
f 2314 2315 2312
f 2312 2315 2313
f 2313 2316 2311
f 2302 2316 2303
f 2316 2313 2317
f 2316 2317 2303
f 2303 2310 2301
f 2318 2319 2320
f 2321 2322 2319
f 2318 2323 2324
f 2325 2326 2327
f 2323 2328 2324
f 2328 2327 2326
f 2329 2330 2325
f 2327 2329 2325
f 2319 2322 2331
f 2308 2305 2306
f 2321 2308 2322
f 2328 2332 2327
f 2318 2320 2323
f 2328 2323 2332
f 2320 2319 2331
f 2321 2309 2308
f 2333 2314 2334
f 2315 2314 2335
f 2334 2336 2337
f 2335 2314 2333
f 2334 2337 2333
f 2338 2339 2336
f 2336 2339 2337
f 2340 2339 2341
f 2342 2341 2343
f 2344 2345 2343
f 2339 2338 2341
f 2346 2347 2348
f 2347 2349 2344
f 2348 2350 2351
f 2345 2342 2343
f 2341 2342 2340
f 2349 2347 2346
f 2351 2350 2352
f 2346 2348 2351
f 2353 2354 2352
f 2355 2356 2357
f 2358 2357 2354
f 2350 2353 2352
f 2355 2357 2358
f 2356 2355 2359
f 2354 2353 2358
f 2360 2361 2362
f 2361 2360 2363
f 2363 2364 2361
f 2359 2360 2362
f 2362 2356 2359
f 2345 2344 2349
f 2365 2366 2367
f 2367 2330 2365
f 2365 2368 2366
f 2325 2330 2367
f 2369 2370 2368
f 2371 2372 2370
f 2365 2369 2368
f 2373 2372 2374
f 2370 2369 2371
f 2373 2374 2375
f 2374 2372 2371
f 2376 2377 2378
f 2379 2380 2381
f 2378 2377 2379
f 2382 2375 2376
f 2382 2373 2375
f 2378 2379 2383
f 2380 2384 2381
f 2381 2383 2379
f 2382 2376 2378
f 2385 2384 2386
f 2385 2387 2384
f 2386 2384 2380
f 2388 2387 2389
f 2389 2387 2385
f 2390 2391 2392
f 2391 2390 2389
f 2392 2393 2394
f 2395 2396 2393
f 2394 2393 2396
f 2390 2392 2394
f 2389 2390 2388
f 2397 2398 2399
f 2400 2401 2402
f 2401 2403 2399
f 2404 2405 2406
f 2407 2405 2408
f 2407 2406 2405
f 2409 2408 2398
f 2402 2364 2400
f 2400 2410 2401
f 2402 2411 2364
f 2361 2364 2411
f 2403 2397 2399
f 2410 2403 2401
f 2397 2409 2398
f 2409 2407 2408
f 2412 2413 2404
f 2414 2415 2416
f 2417 2418 2419
f 2419 2416 2417
f 2415 2414 2420
f 2396 2395 2420
f 2414 2416 2421
f 2420 2395 2415
f 2416 2419 2421
f 2422 2423 2412
f 2412 2404 2406
f 2424 2425 2423
f 2423 2413 2412
f 2418 2425 2424
f 2424 2423 2422
f 2418 2424 2426
f 2426 2419 2418
f 2427 2428 2429
f 193 2427 2430
f 2431 2432 2433
f 2434 2435 2436
f 2432 2434 2437
f 2428 2431 2438
f 2439 2440 2441
f 2442 2443 2444
f 2440 2442 2445
f 2446 2447 2448
f 2449 2450 2451
f 2447 2449 2452
f 2443 2446 2453
f 2435 2439 2454
f 2430 2427 2429
f 193 2430 194
f 2438 2431 2433
f 2437 2434 2436
f 2432 2437 2433
f 2428 2438 2429
f 2454 2439 2441
f 2442 2444 2445
f 2445 2441 2440
f 2436 2435 2454
f 2444 2443 2453
f 2448 2447 2452
f 2452 2449 2451
f 2446 2448 2453
f 2455 2451 2450
f 2450 2456 2455
f 133 164 2457
f 2458 2459 2460
f 2461 2462 2463
f 2459 2461 2464
f 2465 2466 2467
f 2468 2469 2470
f 2466 2468 2471
f 2462 2465 2472
f 2473 2474 2475
f 2476 2477 2478
f 2474 2476 2479
f 2480 2481 2482
f 2483 2484 2457
f 2481 2483 2485
f 2477 2480 2486
f 2469 2473 2487
f 2455 2456 2488
f 2464 2460 2459
f 2488 2458 2460
f 2472 2463 2462
f 2471 2467 2466
f 2472 2465 2467
f 2464 2461 2463
f 2487 2470 2469
f 2479 2475 2474
f 2487 2473 2475
f 2486 2478 2477
f 2485 2482 2481
f 2457 2485 2483
f 2486 2480 2482
f 2479 2476 2478
f 2471 2468 2470
f 2484 133 2457
f 2488 2456 2458
f 2489 2490 2491
f 2492 2491 2490
f 2493 2489 2494
f 2491 2494 2489
f 2492 2495 2496
f 2497 2496 2495
f 2490 2498 2492
f 2495 2492 2498
f 2499 2500 2501
f 2502 2503 2500
f 2500 2503 2501
f 2501 2504 2499
f 2504 2505 2493
f 2494 2506 2493
f 2505 2504 2501
f 2493 2506 2504
f 2507 2508 2509
f 2507 2509 2510
f 2511 2512 2508
f 2510 2513 2507
f 2514 2515 2516
f 2516 2513 2514
f 2514 2517 2515
f 2507 2513 2516
f 2518 2519 2520
f 2521 2520 2519
f 2495 2518 2497
f 2520 2497 2518
f 2512 2511 2521
f 2520 2521 2522
f 2521 2511 2522
f 2509 2508 2512
f 2523 2502 2524
f 2503 2502 2525
f 2524 2526 2523
f 2525 2502 2523
f 2526 2527 2528
f 2529 2530 2527
f 2528 2527 2530
f 2523 2526 2528
f 2531 2532 2529
f 2530 2529 2532
f 2533 2531 2534
f 2529 2534 2531
f 2535 2536 2533
f 2531 2533 2536
f 2537 2538 2535
f 2536 2535 2538
f 2539 2540 2537
f 2538 2537 2540
f 2541 2539 2542
f 2537 2542 2539
f 2543 2544 2541
f 2539 2541 2544
f 2545 2543 2546
f 2541 2546 2543
f 2545 2547 2548
f 2547 2545 2549
f 2549 2550 2547
f 2543 2545 2548
f 2551 2552 2550
f 2552 2551 2553
f 2553 2554 2552
f 2549 2551 2550
f 2555 2556 2517
f 2517 2557 2555
f 2555 2558 2556
f 2514 2557 2517
f 2559 2560 2558
f 2558 2561 2559
f 2559 2562 2560
f 2555 2561 2558
f 2563 2562 2564
f 2559 2564 2562
f 2565 2563 2566
f 2564 2566 2563
f 2567 2568 2565
f 2563 2565 2568
f 2569 2567 2570
f 2565 2570 2567
f 2571 2572 2569
f 2567 2569 2572
f 2573 2574 2571
f 2572 2571 2574
f 2575 2573 2576
f 2571 2576 2573
f 2577 2578 2575
f 2573 2575 2578
f 2579 2577 2580
f 2575 2580 2577
f 2579 2581 2582
f 2582 2577 2579
f 2583 2581 2584
f 2585 2584 2586
f 2584 2581 2586
f 2582 2581 2583
f 2587 2588 2589
f 2590 2588 2591
f 2589 2592 2593
f 2591 2588 2587
f 2594 2595 2596
f 2597 2596 2595
f 2591 2594 2590
f 2596 2590 2594
f 2598 2599 2554
f 2554 2600 2598
f 2598 2601 2599
f 2553 2600 2554
f 2592 2602 2593
f 2587 2589 2593
f 2592 2601 2602
f 2598 2602 2601
f 2603 2604 2605
f 2606 2607 2604
f 2604 2607 2605
f 2605 2608 2603
f 2609 2610 2585
f 2584 2585 2610
f 2609 2608 2605
f 2585 2608 2609
f 2611 2612 2613
f 2614 2613 2612
f 2596 2597 2611
f 2612 2611 2597
f 2615 2616 2606
f 2607 2606 2616
f 2613 2614 2615
f 2616 2615 2614
f 2617 2618 2619
f 127 2617 2620
f 2621 2622 2623
f 2624 2625 2626
f 2622 2624 2627
f 2618 2621 2628
f 2629 2630 2631
f 2632 2633 2634
f 2630 2632 2635
f 2636 2637 2638
f 2639 2640 2641
f 2637 2639 2642
f 2633 2636 2643
f 2625 2629 2644
f 2620 2617 2619
f 127 2620 128
f 2628 2621 2623
f 2627 2624 2626
f 2622 2627 2623
f 2618 2628 2619
f 2644 2629 2631
f 2632 2634 2635
f 2635 2631 2630
f 2626 2625 2644
f 2634 2633 2643
f 2638 2637 2642
f 2642 2639 2641
f 2636 2638 2643
f 2645 2641 2640
f 2640 2646 2645
f 67 98 2647
f 2648 2649 2650
f 2651 2652 2653
f 2649 2651 2654
f 2655 2656 2657
f 2658 2659 2660
f 2656 2658 2661
f 2652 2655 2662
f 2663 2664 2665
f 2666 2667 2668
f 2664 2666 2669
f 2670 2671 2672
f 2673 2674 2647
f 2671 2673 2675
f 2667 2670 2676
f 2659 2663 2677
f 2645 2646 2678
f 2654 2650 2649
f 2678 2648 2650
f 2662 2653 2652
f 2661 2657 2656
f 2662 2655 2657
f 2654 2651 2653
f 2677 2660 2659
f 2669 2665 2664
f 2677 2663 2665
f 2676 2668 2667
f 2675 2672 2671
f 2647 2675 2673
f 2676 2670 2672
f 2669 2666 2668
f 2661 2658 2660
f 2674 67 2647
f 2678 2646 2648
f 2679 2680 2681
f 2682 2679 2681
f 2683 2684 2679
f 2685 2686 2687
f 2682 2681 2685
f 2685 2687 2682
f 2683 2688 2684
f 2689 2690 2682
f 2691 2692 2689
f 2693 2692 2691
f 2689 2694 2690
f 2690 2694 2695
f 2682 2690 2683
f 2682 2683 2679
f 2692 2693 2696
f 2697 2682 2698
f 2682 2697 2699
f 2700 2699 2701
f 2701 2702 2703
f 2699 2702 2701
f 2704 2700 2701
f 2705 2682 2699
f 2705 2700 2706
f 2705 2707 2708
f 2705 2699 2700
f 2691 2705 2708
f 2691 2709 2710
f 2682 2705 2691
f 2682 2691 2689
f 2710 2711 2691
f 2693 2712 2696
f 2713 2714 2693
f 2693 2715 2713
f 2715 2693 2716
f 2715 2717 2718
f 2716 2717 2715
f 2718 2719 2715
f 2720 2717 2721
f 2717 2716 2721
f 2693 2722 2716
f 2723 2716 2724
f 2716 2722 2725
f 2725 2722 2726
f 2724 2716 2725
f 2727 2720 2721
f 2728 2726 2729
f 2730 2731 2732
f 2733 2734 2730
f 2731 2730 2734
f 2711 2731 2722
f 2731 2711 2735
f 2731 2735 2736
f 2711 2710 2737
f 2731 2734 2722
f 2722 2738 2729
f 2739 2740 2722
f 2739 2734 2741
f 2722 2734 2739
f 2739 2742 2740
f 2722 2693 2711
f 2726 2722 2729
f 2693 2691 2711
f 2743 2744 2745
f 60 2743 2746
f 2747 2748 2749
f 2750 2751 2752
f 2748 2750 2753
f 2744 2747 2754
f 2755 2756 2757
f 2758 2759 2760
f 2756 2758 2761
f 2762 2763 2764
f 2765 2766 2767
f 2763 2765 2768
f 2759 2762 2764
f 2751 2755 2769
f 2746 2743 2745
f 60 2746 61
f 2754 2747 2749
f 2753 2750 2752
f 2748 2753 2749
f 2744 2754 2745
f 2769 2755 2757
f 2758 2760 2761
f 2761 2757 2756
f 2752 2751 2769
f 2760 2759 2764
f 2768 2765 2770
f 2770 2765 2767
f 2763 2768 2764
f 2771 2767 2766
f 2766 2772 2771
f 1 3 2773
f 2774 2775 2776
f 2777 2778 2779
f 2775 2777 2780
f 2781 2782 2783
f 2784 2785 2786
f 2782 2784 2786
f 2778 2781 2787
f 2788 2789 2790
f 2791 2792 2793
f 2789 2791 2794
f 2795 2796 2797
f 2798 2799 2800
f 2796 2798 2800
f 2792 2795 2793
f 2785 2788 2801
f 2771 2772 2802
f 2780 2776 2775
f 2802 2774 2776
f 2787 2779 2778
f 2786 2783 2782
f 2787 2781 2783
f 2780 2777 2779
f 2790 2801 2788
f 2803 2794 2791
f 2790 2789 2794
f 2797 2793 2795
f 2800 2804 2796
f 2773 2800 2799
f 2797 2796 2804
f 2803 2791 2793
f 2786 2785 2801
f 2799 1 2773
f 2802 2772 2774
f 2805 2806 2807
f 2808 2809 2805
f 2810 2811 2805
f 2808 2812 2813
f 2808 2805 2807
f 2808 2813 2809
f 2814 2815 2811
f 2816 2817 2818
f 2809 2818 2805
f 2818 2809 2819
f 2818 2810 2805
f 2810 2818 2820
f 2811 2810 2821
f 2821 2814 2811
f 2818 2819 2816
f 2809 2822 2823
f 2822 2824 2825
f 2809 2823 2826
f 2823 2822 2825
f 2823 2827 2828
f 2828 2829 2823
f 2809 2813 2830
f 2831 2829 2832
f 2829 2831 2833
f 2833 2826 2829
f 2826 2833 2834
f 2826 2835 2836
f 2829 2826 2823
f 2826 2819 2809
f 2826 2836 2819
f 2837 2838 2816
f 2839 2840 2837
f 2839 2816 2841
f 2842 2841 2816
f 2843 2841 2842
f 2843 2844 2845
f 2846 2841 2843
f 2843 2847 2844
f 2847 2842 2848
f 2848 2849 2850
f 2849 2848 2851
f 2849 2851 2852
f 2851 2848 2842
f 2852 2853 2849
f 2847 2843 2842
f 2854 2851 2842
f 2855 2856 2857
f 2855 2858 2856
f 2859 2860 2855
f 2842 2819 2855
f 2819 2861 2859
f 2819 2859 2855
f 2819 2836 2862
f 2855 2857 2863
f 2863 2864 2842
f 2865 2866 2863
f 2865 2857 2867
f 2863 2857 2865
f 2865 2868 2866
f 2842 2855 2863
f 2816 2819 2842
f 2816 2839 2837
