mtllib LINK1_Mesh.mtl
v -0.00877906459544997 0.03100000147242099 0.13036467599179424
v -0.00877906459544997 0.02300000109244138 0.13036467599179424
v -0.00441077157943448 0.02300000109244138 0.12971669622468873
v -0.00441077157943448 0.03100000147242099 0.12971669622468873
v 1.2117825765030171e-15 0.02300000109244138 0.12950000615091994
v -0.013062811518277373 0.03100000147242099 0.1314376893484237
v -0.01722075544135504 0.02300000109244138 0.13292542135268093
v -0.013062811518277373 0.02300000109244138 0.1314376893484237
v -0.02500066113009458 0.03100000147242099 0.13708386881582157
v -0.02500066113009458 0.02300000109244138 0.13708386881582157
v -0.02121285348558377 0.02300000109244138 0.1348135440009557
v -0.02121285348558377 0.03100000147242099 0.1348135440009557
v -0.03181980665662332 0.03100000147242099 0.1426801978169845
v -0.03181980665662332 0.02300000109244138 0.1426801978169845
v -0.028547698423203594 0.02300000109244138 0.13971452995151346
v -0.03741613565778623 0.03100000147242099 0.14949935097290812
v -0.03741613565778623 0.02300000109244138 0.14949935097290812
v -0.034785470707396904 0.02300000109244138 0.14595230795775294
v -0.034785470707396904 0.03100000147242099 0.14595230795775294
v -0.04157457930622943 0.03100000147242099 0.15727925856899638
v -0.04157457930622943 0.02300000109244138 0.15727925856899638
v -0.03968646047265212 0.02300000109244138 0.1532871471733266
v -0.04306231893988155 0.03100000147242099 0.16143720249207405
v -0.0441353399259059 0.02300000109244138 0.16572093987815784
v -0.04306231893988155 0.02300000109244138 0.16143720249207405
v -0.03968646047265212 0.03100000147242099 0.1532871471733266
v -0.028547698423203594 0.03100000147242099 0.13971452995151346
v 1.2117825765030171e-15 0.03100000147242099 0.12950000615091994
v -0.01722075544135504 0.03100000147242099 0.13292542135268093
v -0.0441353399259059 0.03100000147242099 0.16572093987815784
v -0.04478331587831397 0.03100000147242099 0.17008924147724258
v -0.04478331587831397 0.02300000109244138 0.17008924147724258
v -0.00441077157943448 0.03100000147242099 0.21928332035192177
v 1.2062715765985149e-15 0.03100000147242099 0.21950001042569056
v 1.2062715765985149e-15 0.02300000109244138 0.21950001042569056
v -0.04478331587831397 0.03100000147242099 0.17891077509936792
v -0.04478331587831397 0.02300000109244138 0.17891077509936792
v -0.04500000213738531 0.02300000109244138 0.17450000828830525
v -0.0441353399259059 0.03100000147242099 0.18327907669845267
v -0.04306231893988155 0.02300000109244138 0.18756281408453646
v -0.0441353399259059 0.02300000109244138 0.18327907669845267
v -0.03968646047265212 0.03100000147242099 0.19571286940328392
v -0.03968646047265212 0.02300000109244138 0.19571286940328392
v -0.04157457930622943 0.02300000109244138 0.19172075800761412
v -0.034785470707396904 0.03100000147242099 0.20304770861885757
v -0.034785470707396904 0.02300000109244138 0.20304770861885757
v -0.03741613565778623 0.02300000109244138 0.1995006656037024
v -0.03741613565778623 0.03100000147242099 0.1995006656037024
v -0.04157457930622943 0.03100000147242099 0.19172075800761412
v -0.028547698423203594 0.03100000147242099 0.20928548662509705
v -0.028547698423203594 0.02300000109244138 0.20928548662509705
v -0.03181980665662332 0.02300000109244138 0.20631981875962602
v -0.02121285348558377 0.03100000147242099 0.21418647257565482
v -0.02121285348558377 0.02300000109244138 0.21418647257565482
v -0.02500066113009458 0.02300000109244138 0.21191614776078893
v -0.02500066113009458 0.03100000147242099 0.21191614776078893
v -0.013062811518277373 0.03100000147242099 0.2175623272281868
v -0.013062811518277373 0.02300000109244138 0.2175623272281868
v -0.01722075544135504 0.02300000109244138 0.21607459522392958
v -0.00441077157943448 0.02300000109244138 0.21928332035192177
v -0.00877906459544997 0.02300000109244138 0.21863534058481626
v -0.00877906459544997 0.03100000147242099 0.21863534058481626
v -0.01722075544135504 0.03100000147242099 0.21607459522392958
v -0.03181980665662332 0.03100000147242099 0.20631981875962602
v -0.04500000213738531 0.03100000147242099 0.17450000828830525
v -0.04306231893988155 0.03100000147242099 0.18756281408453646
v -0.04050000192364678 -2.7755576933948015e-17 0.08300000394228846
v -0.04030498314607334 0.003969694326123596 0.08300000394228846
v -0.04030498314607334 0.003969694326123596 0.07900000375229865
v -0.03972180745919429 0.00790115823127241 0.08300000394228846
v -0.038756086282953905 0.011756530366449636 0.08300000394228846
v -0.038756086282953905 0.011756530366449636 0.07900000375229865
v -0.03972180745919429 0.00790115823127241 0.07900000375229865
v -0.037417123664424956 0.015498679897219536 0.08300000394228846
v -0.03571781328097767 0.019091568899964884 0.08300000394228846
v -0.03571781328097767 0.019091568899964884 0.07900000375229865
v -0.033674520184658885 0.022500596161494357 0.08300000394228846
v -0.0313069243995967 0.025692929534557596 0.08300000394228846
v -0.0313069243995967 0.025692929534557596 0.07900000375229865
v -0.033674520184658885 0.022500596161494357 0.07900000375229865
v -0.037417123664424956 0.015498679897219536 0.07900000375229865
v -0.02863782637243073 0.02863782637243073 0.08300000394228846
v -0.025692929534557596 0.0313069243995967 0.08300000394228846
v -0.025692929534557596 0.0313069243995967 0.07900000375229865
v -0.022500596161494357 0.033674520184658885 0.08300000394228846
v -0.019091568899964884 0.03571781328097767 0.08300000394228846
v -0.019091568899964884 0.03571781328097767 0.07900000375229865
v -0.022500596161494357 0.033674520184658885 0.07900000375229865
v -0.015498679897219536 0.037417123664424956 0.08300000394228846
v -0.011756530366449636 0.038756086282953905 0.08300000394228846
v -0.011756530366449636 0.038756086282953905 0.07900000375229865
v -0.00790115823127241 0.03972180745919429 0.08300000394228846
v -0.003969694326123596 0.04030498314607334 0.08300000394228846
v -0.003969694326123596 0.04030498314607334 0.07900000375229865
v -0.00790115823127241 0.03972180745919429 0.07900000375229865
v -0.015498679897219536 0.037417123664424956 0.07900000375229865
v -0.02863782637243073 0.02863782637243073 0.07900000375229865
v -0.04050000192364678 -2.7755576933948015e-17 0.07900000375229865
v 1.2037916808516e-15 0.04050000192364678 0.07900000375229865
v 1.2037916808516e-15 0.04050000192364678 0.08300000394228846
v 0.003969694326123596 0.04030498314607334 0.08300000394228846
v 0.00790115823127241 0.03972180745919429 0.08300000394228846
v 0.00790115823127241 0.03972180745919429 0.07900000375229865
v 0.011756530366449636 0.038756086282953905 0.08300000394228846
v 0.015498679897219536 0.037417123664424956 0.08300000394228846
v 0.015498679897219536 0.037417123664424956 0.07900000375229865
v 0.011756530366449636 0.038756086282953905 0.07900000375229865
v 0.019091568899964884 0.03571781328097767 0.08300000394228846
v 0.022500596161494357 0.033674520184658885 0.08300000394228846
v 0.022500596161494357 0.033674520184658885 0.07900000375229865
v 0.025692929534557596 0.0313069243995967 0.08300000394228846
v 0.02863782637243073 0.02863782637243073 0.08300000394228846
v 0.02863782637243073 0.02863782637243073 0.07900000375229865
v 0.025692929534557596 0.0313069243995967 0.07900000375229865
v 0.019091568899964884 0.03571781328097767 0.07900000375229865
v 0.0313069243995967 0.025692929534557596 0.08300000394228846
v 0.033674520184658885 0.022500596161494357 0.08300000394228846
v 0.033674520184658885 0.022500596161494357 0.07900000375229865
v 0.03571781328097767 0.019091568899964884 0.08300000394228846
v 0.037417123664424956 0.015498679897219536 0.08300000394228846
v 0.037417123664424956 0.015498679897219536 0.07900000375229865
v 0.03571781328097767 0.019091568899964884 0.07900000375229865
v 0.038756086282953905 0.011756530366449636 0.08300000394228846
v 0.03972180745919429 0.00790115823127241 0.08300000394228846
v 0.03972180745919429 0.00790115823127241 0.07900000375229865
v 0.04030498314607334 0.003969694326123596 0.08300000394228846
v 0.04050000192364678 -2.2795756640996808e-17 0.08300000394228846
v 0.04050000192364678 -2.2795756640996808e-17 0.07900000375229865
v 0.04030498314607334 0.003969694326123596 0.07900000375229865
v 0.038756086282953905 0.011756530366449636 0.07900000375229865
v 0.0313069243995967 0.025692929534557596 0.07900000375229865
v 0.003969694326123596 0.04030498314607334 0.07900000375229865
v -0.04600000218488276 -2.7755576933948015e-17 0.0975000046310015
v -0.04598913029715934 0.0010000000474974513 0.0975000046310015
v -0.04598913029715934 0.0010000000474974513 0.09450000448850915
v -0.045673391604184044 0.005471878788495255 0.09450000448850915
v -0.04577849796293609 0.004508788799818808 0.08300000394228846
v -0.04600000218488276 -2.7755576933948015e-17 0.08300000394228846
v -0.044923856961649467 0.009891786091477672 0.09450000448850915
v -0.04374764078029392 0.014217743595228427 0.09450000448850915
v -0.04401925868259937 0.013353095688864447 0.08300000394228846
v -0.04215591630893911 0.018408663670385073 0.09450000448850915
v -0.04016380500826422 0.022424740902764473 0.09450000448850915
v -0.04056838037538091 0.02168425090787629 0.08300000394228846
v -0.04249846088087317 0.017603438259824467 0.08300000394228846
v -0.045116125342363755 0.00897415489860054 0.08300000394228846
v -0.03779022396290799 0.02622783213259594 0.09450000448850915
v -0.03505771803478108 0.0297818159897556 0.09450000448850915
v -0.03555848099801917 0.02918209214535228 0.08300000394228846
v -0.0319922405179629 0.03305293812388532 0.09450000448850915
v -0.028622907090716243 0.03601012973162954 0.09450000448850915
v -0.02918209214535228 0.03555848099801917 0.08300000394228846
v -0.032526914234154436 0.032526914234154436 0.08300000394228846
v -0.024981717342573706 0.038625303195687355 0.09450000448850915
v -0.021103257227936822 0.040873621020982576 0.09450000448850915
v -0.02168425090787629 0.04056838037538091 0.08300000394228846
v -0.017024361465352023 0.04273372471651049 0.09450000448850915
v -0.012783771168414781 0.0441879560477898 0.09450000448850915
v -0.013353095688864447 0.04401925868259937 0.08300000394228846
v -0.008421762866442917 0.0452224943659707 0.09450000448850915
v -0.00897415489860054 0.045116125342363755 0.08300000394228846
v -0.017603438259824467 0.04249846088087317 0.08300000394228846
v -0.02555623175889976 0.03824760237208347 0.08300000394228846
v -0.03824760237208347 0.02555623175889976 0.08300000394228846
v -0.004508788799818808 0.04577849796293609 0.08300000394228846
v -0.003979766081057545 0.04582752063982509 0.09450000448850915
v 1.2034549276408312e-15 0.04600000218488276 0.08300000394228846
v 0.0005000295876539385 0.04599728612030063 0.09450000448850915
v 0.0049750759580441395 0.04573017337567986 0.09450000448850915
v 0.004508788799818808 0.04577849796293609 0.08300000394228846
v 0.009402870624835025 0.045028726809159814 0.09450000448850915
v 0.013741357502349838 0.043899603067785176 0.09450000448850915
v 0.013353095688864447 0.04401925868259937 0.08300000394228846
v 0.00897415489860054 0.045116125342363755 0.08300000394228846
v 0.017949332136116825 0.04235353289547383 0.09450000448850915
v 0.02198682698731136 0.04040519143330368 0.09450000448850915
v 0.02168425090787629 0.04056838037538091 0.08300000394228846
v 0.02581549576352371 0.038073091407984094 0.09450000448850915
v 0.029398971046644684 0.03537938095289128 0.09450000448850915
v 0.02918209214535228 0.03555848099801917 0.08300000394228846
v 0.02555623175889976 0.03824760237208347 0.08300000394228846
v 0.017603438259824467 0.04249846088087317 0.08300000394228846
v 0.03270322192075126 0.03234964142910357 0.09450000448850915
v 0.035696862962599774 0.029012652821508444 0.09450000448850915
v 0.03555848099801917 0.02918209214535228 0.08300000394228846
v 0.038351465139467855 0.02540010763649403 0.09450000448850915
v 0.04064180567183717 0.021546315262896965 0.09450000448850915
v 0.04056838037538091 0.02168425090787629 0.08300000394228846
v 0.03824760237208347 0.02555623175889976 0.08300000394228846
v 0.042546144598958335 0.01748787963006815 0.09450000448850915
v 0.044046381181446215 0.01326334825570763 0.09450000448850915
v 0.04401925868259937 0.013353095688864447 0.08300000394228846
v 0.0451282789684293 0.008912843173886631 0.09450000448850915
v 0.04578155353559099 0.004477685664186215 0.09450000448850915
v 0.04577849796293609 0.004508788799818808 0.08300000394228846
v 0.04600000218488276 -2.21222010915457e-17 0.09450000448850915
v 0.04600000218488276 -2.21222010915457e-17 0.08300000394228846
v 0.045116125342363755 0.00897415489860054 0.08300000394228846
v 0.04249846088087317 0.017603438259824467 0.08300000394228846
v 0.032526914234154436 0.032526914234154436 0.08300000394228846
v 0.03383709496044718 -0.006730616412368995 0.07900000375229865
v 0.03383709496044718 -0.006730616412368995 0.08420000094752744
v 0.03433387537955079 -0.003381591480654811 0.08420000094752744
v 0.03433387537955079 -0.003381591480654811 0.07900000375229865
v 0.03450000163866207 -2.3530545899179267e-17 0.08420000094752744
v 0.031873845660654876 -0.01320257917170553 0.07900000375229865
v 0.031873845660654876 -0.01320257917170553 0.08420000094752744
v 0.03301444401194953 -0.010014821528229745 0.08420000094752744
v 0.028685702732736962 -0.019167174296012 0.07900000375229865
v 0.028685702732736962 -0.019167174296012 0.08420000094752744
v 0.03042628432786132 -0.016263188180907218 0.08420000094752744
v 0.03042628432786132 -0.016263188180907218 0.07900000375229865
v 0.03301444401194953 -0.010014821528229745 0.07900000375229865
v 0.024395184721941465 -0.024395184721941465 0.07900000375229865
v 0.024395184721941465 -0.024395184721941465 0.08420000094752744
v 0.0266688626558631 -0.02188656910901421 0.08420000094752744
v 0.019167174296012 -0.028685702732736962 0.07900000375229865
v 0.019167174296012 -0.028685702732736962 0.08420000094752744
v 0.02188656910901421 -0.0266688626558631 0.08420000094752744
v 0.02188656910901421 -0.0266688626558631 0.07900000375229865
v 0.01320257917170553 -0.031873845660654876 0.07900000375229865
v 0.01320257917170553 -0.031873845660654876 0.08420000094752744
v 0.016263188180907218 -0.03042628432786132 0.08420000094752744
v 0.006730616412368995 -0.03383709496044718 0.07900000375229865
v 0.006730616412368995 -0.03383709496044718 0.08420000094752744
v 0.010014821528229745 -0.03301444401194953 0.08420000094752744
v 0.010014821528229745 -0.03301444401194953 0.07900000375229865
v 0.016263188180907218 -0.03042628432786132 0.07900000375229865
v 0.0266688626558631 -0.02188656910901421 0.07900000375229865
v 0.03450000163866207 -2.3530545899179267e-17 0.07900000375229865
v 0.003381591480654811 -0.03433387537955079 0.07900000375229865
v 0.003381591480654811 -0.03433387537955079 0.08420000094752744
v -0.03433387537955079 -0.003381591480654811 0.07900000375229865
v -0.03450000163866207 -2.7755576933948015e-17 0.07900000375229865
v -0.03450000163866207 -2.7755576933948015e-17 0.08420000094752744
v -0.003381591480654811 -0.03433387537955079 0.07900000375229865
v -0.003381591480654811 -0.03433387537955079 0.08420000094752744
v 1.2126091722785813e-15 -0.03450000163866207 0.08420000094752744
v -0.010014821528229745 -0.03301444401194953 0.07900000375229865
v -0.010014821528229745 -0.03301444401194953 0.08420000094752744
v -0.006730616412368995 -0.03383709496044718 0.08420000094752744
v -0.006730616412368995 -0.03383709496044718 0.07900000375229865
v -0.016263188180907218 -0.03042628432786132 0.07900000375229865
v -0.016263188180907218 -0.03042628432786132 0.08420000094752744
v -0.01320257917170553 -0.031873845660654876 0.08420000094752744
v -0.02188656910901421 -0.0266688626558631 0.07900000375229865
v -0.02188656910901421 -0.0266688626558631 0.08420000094752744
v -0.019167174296012 -0.028685702732736962 0.08420000094752744
v -0.019167174296012 -0.028685702732736962 0.07900000375229865
v -0.01320257917170553 -0.031873845660654876 0.07900000375229865
v -0.0266688626558631 -0.02188656910901421 0.07900000375229865
v -0.0266688626558631 -0.02188656910901421 0.08420000094752744
v -0.024395184721941465 -0.024395184721941465 0.08420000094752744
v -0.03042628432786132 -0.016263188180907218 0.07900000375229865
v -0.03042628432786132 -0.016263188180907218 0.08420000094752744
v -0.028685702732736962 -0.019167174296012 0.08420000094752744
v -0.028685702732736962 -0.019167174296012 0.07900000375229865
v -0.03301444401194953 -0.010014821528229745 0.07900000375229865
v -0.03301444401194953 -0.010014821528229745 0.08420000094752744
v -0.031873845660654876 -0.01320257917170553 0.08420000094752744
v -0.03433387537955079 -0.003381591480654811 0.08420000094752744
v -0.03383709496044718 -0.006730616412368995 0.08420000094752744
v -0.03383709496044718 -0.006730616412368995 0.07900000375229865
v -0.031873845660654876 -0.01320257917170553 0.07900000375229865
v -0.024395184721941465 -0.024395184721941465 0.07900000375229865
v 1.2126091722785813e-15 -0.03450000163866207 0.07900000375229865
v 1.1895409268195761e-15 -0.04665587074630828 0.10987010714726075
v -0.004602491120553609 -0.04643209677938076 0.10984578463633987
v -0.004313142981352547 -0.04852448121714259 0.09450000448850915
v -0.00916695638328302 -0.04575890567684926 0.10979132601558916
v -0.008733688769320125 -0.04792653883644693 0.09450000448850915
v -0.013207381875791069 -0.046891348205002625 0.09450000448850915
v -0.013648932151585358 -0.04464288923590187 0.10969648500766649
v -0.02217493734780862 -0.041131250427750565 0.10940297455671377
v -0.022058131311987195 -0.04343591514903267 0.09450000448850915
v -0.017997353454926035 -0.04309942068724926 0.10954500337205353
v -0.02992506741562706 -0.0360006006174074 0.10884033720088837
v -0.030308528432375637 -0.038139711284195243 0.09450000448850915
v -0.026140868474900936 -0.0387675837810586 0.1092103247062548
v -0.02629441767653007 -0.041010320703989134 0.09450000448850915
v -0.017671755676399448 -0.04539764238454369 0.09450000448850915
v -0.03158264310165748 -0.03463327190866394 0.10846179714384618
v -0.0333294960593844 -0.03309252705398835 0.10781996666902494
v -0.034032144255600194 -0.034857690559459975 0.09450000448850915
v -0.03927160068121882 -0.0264277089273679 0.10529678081919958
v -0.040375196467279384 -0.02725961623922024 0.09450000448850915
v -0.03789556301820429 -0.028255893142009603 0.10575577284539506
v -0.03740440546313728 -0.031211459688641474 0.09450000448850915
v -0.036444574179754774 -0.029959872715131786 0.10639058427691417
v -0.04379101770496163 -0.018285569105822574 0.1044505130788087
v -0.04539945436583093 -0.013877289477495225 0.10432429999908344
v -0.04497915863053592 -0.018711302692328013 0.09450000448850915
v -0.04725422129963075 -0.004661876899894057 0.10424819678501951
v -0.0474842475556736 -4.996272274115937e-08 0.10424300116709695
v -0.04835385361504407 -0.0010000000474974513 0.0975000046310015
v -0.046556661909809005 -0.00932095190451343 0.10427034491839571
v -0.048421919261587565 -0.0053429076825159405 0.09450000448850915
v -0.04772376477896412 -0.009781280028489658 0.09450000448850915
v -0.041741689757281986 -0.022491726989930516 0.10473331948872566
v -0.04290757192325412 -0.023069049023577426 0.09450000448850915
v 1.208247318311278e-15 -0.04871578829410028 0.09450000448850915
v -0.046582411117574996 -0.014258791647104863 0.09450000448850915
v -0.04870552294327091 -0.0010000000474974513 0.09450000448850915
v -0.04835385361504407 0.0010000000474974513 0.0975000046310015
v -0.032506372088403346 0.03628471928324606 0.09450000448850915
v -0.03350027624938079 0.03293417896297113 0.10775041710517463
v -0.031831983170873546 0.034420461382198564 0.10838174190322736
v -0.030075643060596402 0.03587942293831192 0.10881644193608153
v -0.03659601003899837 0.029790946468094548 0.10631892900007323
v -0.036703782871265744 0.03203244552170359 0.09450000448850915
v -0.04385235803990639 0.018140005973298345 0.1044442951219704
v -0.04183416946748508 0.022323706733536897 0.10471750375311117
v -0.04333353629895509 0.022258589848119792 0.09450000448850915
v -0.038036435980217664 0.02807868327946661 0.10570210768171329
v -0.04033515740287763 0.027318826065640955 0.09450000448850915
v -0.0393981570837143 0.02624757891392937 0.10526101421593825
v -0.026342166244471832 0.03863342850124907 0.10919669860697478
v -0.027836398493178427 0.03997972678296824 0.09450000448850915
v -0.012167148214322077 0.04717195353449277 0.09450000448850915
v -0.013772947965581261 0.04460521909861459 0.109693364585155
v -0.00925745531183686 0.045740907934295194 0.10978966280750235
v -0.004651455623306544 0.04642729788999267 0.10984522006111774
v -0.006800200308496318 0.04823885193111499 0.09450000448850915
v -1.3953053647750711e-08 0.04665587074630828 0.10987011477665565
v -0.0015454037923511021 0.04869127123360961 0.09450000448850915
v 0.0034701859215083286 0.04652892142997578 0.10985542056209052
v 0.003619195871594344 0.04858116380650479 0.09450000448850915
v -0.02235684882495481 0.041033628505389164 0.1093966040119776
v -0.018154236702123683 0.043034456389730025 0.10953909822040586
v -0.02280699266042241 0.043047433990444084 0.09450000448850915
v 0.006927885861436056 0.04614631109075784 0.10982111880264878
v 0.008929871029614844 0.047890344987071565 0.09450000448850915
v 0.01034840728320996 0.04550933291108894 0.10977184054103084
v -0.017542120813064388 0.04544788957931312 0.09450000448850915
v 0.013716002162095231 0.044622499678048655 0.1096950430520316
v 0.014313279831760783 0.04656563026350646 0.09450000448850915
v -0.048314848333650406 0.006237371740961395 0.09450000448850915
v -0.0472554801497882 0.004648539287108455 0.10424850196081525
v -0.04731536708500572 0.011596914842205708 0.09450000448850915
v -0.046570452041079236 0.009251923046864619 0.10426995581925613
v -0.04543379427224714 0.013764753041791145 0.10432323188379833
v -0.045662256502336795 0.016976292462824727 0.09450000448850915
v -0.04870552294327091 0.0010000000474974513 0.09450000448850915
v -0.04016380500826422 -0.022424740902764473 0.09450000448850915
v -0.03779022396290799 -0.02622783213259594 0.09450000448850915
v -0.040375196467279384 -0.02725961623922024 0.09450000448850915
v -0.03740440546313728 -0.031211459688641474 0.09450000448850915
v -0.04215591630893911 -0.018408663670385073 0.09450000448850915
v -0.04290757192325412 -0.023069049023577426 0.09450000448850915
v -0.03505771803478108 -0.0297818159897556 0.09450000448850915
v -0.0319922405179629 -0.03305293812388532 0.09450000448850915
v -0.034032144255600194 -0.034857690559459975 0.09450000448850915
v -0.030308528432375637 -0.038139711284195243 0.09450000448850915
v -0.044923856961649467 -0.009891786091477672 0.09450000448850915
v -0.04772376477896412 -0.009781280028489658 0.09450000448850915
v -0.045673391604184044 -0.005471878788495255 0.09450000448850915
v -0.04598913029715934 -0.0010000000474974513 0.09450000448850915
v -0.048421919261587565 -0.0053429076825159405 0.09450000448850915
v -0.046582411117574996 -0.014258791647104863 0.09450000448850915
v -0.04374764078029392 -0.014217743595228427 0.09450000448850915
v -0.04497915863053592 -0.018711302692328013 0.09450000448850915
v -0.008421762866442917 -0.0452224943659707 0.09450000448850915
v -0.008733688769320125 -0.04792653883644693 0.09450000448850915
v -0.013207381875791069 -0.046891348205002625 0.09450000448850915
v -0.012783771168414781 -0.0441879560477898 0.09450000448850915
v -0.017671755676399448 -0.04539764238454369 0.09450000448850915
v -0.003979766081057545 -0.04582752063982509 0.09450000448850915
v 1.208247318311278e-15 -0.04871578829410028 0.09450000448850915
v -0.004313142981352547 -0.04852448121714259 0.09450000448850915
v 0.0005000295876539385 -0.04599728612030063 0.09450000448850915
v 0.003933799692079215 -0.048556700151778376 0.09450000448850915
v -0.024981717342573706 -0.038625303195687355 0.09450000448850915
v -0.02629441767653007 -0.041010320703989134 0.09450000448850915
v -0.021103257227936822 -0.040873621020982576 0.09450000448850915
v -0.028622907090716243 -0.03601012973162954 0.09450000448850915
v -0.022058131311987195 -0.04343591514903267 0.09450000448850915
v -0.017024361465352023 -0.04273372471651049 0.09450000448850915
v -0.04870552294327091 0.0010000000474974513 0.09450000448850915
v -0.048314848333650406 0.006237371740961395 0.09450000448850915
v -0.045673391604184044 0.005471878788495255 0.09450000448850915
v -0.04731536708500572 0.011596914842205708 0.09450000448850915
v -0.044923856961649467 0.009891786091477672 0.09450000448850915
v -0.04598913029715934 0.0010000000474974513 0.09450000448850915
v -0.04870552294327091 -0.0010000000474974513 0.09450000448850915
v -0.04374764078029392 0.014217743595228427 0.09450000448850915
v -0.04215591630893911 0.018408663670385073 0.09450000448850915
v -0.045662256502336795 0.016976292462824727 0.09450000448850915
v -0.04016380500826422 0.022424740902764473 0.09450000448850915
v -0.04333353629895509 0.022258589848119792 0.09450000448850915
v -0.04033515740287763 0.027318826065640955 0.09450000448850915
v -0.03779022396290799 0.02622783213259594 0.09450000448850915
v -0.036703782871265744 0.03203244552170359 0.09450000448850915
v -0.03505771803478108 0.0297818159897556 0.09450000448850915
v -0.032506372088403346 0.03628471928324606 0.09450000448850915
v -0.0319922405179629 0.03305293812388532 0.09450000448850915
v -0.027836398493178427 0.03997972678296824 0.09450000448850915
v -0.028622907090716243 0.03601012973162954 0.09450000448850915
v -0.024981717342573706 0.038625303195687355 0.09450000448850915
v -0.02280699266042241 0.043047433990444084 0.09450000448850915
v -0.021103257227936822 0.040873621020982576 0.09450000448850915
v -0.017024361465352023 0.04273372471651049 0.09450000448850915
v -0.017542120813064388 0.04544788957931312 0.09450000448850915
v -0.012783771168414781 0.0441879560477898 0.09450000448850915
v -0.012167148214322077 0.04717195353449277 0.09450000448850915
v -0.008421762866442917 0.0452224943659707 0.09450000448850915
v -0.006800200308496318 0.04823885193111499 0.09450000448850915
v -0.003979766081057545 0.04582752063982509 0.09450000448850915
v -0.0015454037923511021 0.04869127123360961 0.09450000448850915
v 0.0005000295876539385 0.04599728612030063 0.09450000448850915
v 0.003619195871594344 0.04858116380650479 0.09450000448850915
v 0.0049750759580441395 -0.04573017337567986 0.09450000448850915
v 0.007960854431617592 -0.04806092681280072 0.09450000448850915
v 0.009402870624835025 -0.045028726809159814 0.09450000448850915
v 0.012040719604191064 -0.047204332686421324 0.09450000448850915
v 0.013741357502349838 -0.043899603067785176 0.09450000448850915
v 0.016127039721681724 -0.04596897343585038 0.09450000448850915
v 0.020168709759231795 -0.04434468289239213 0.09450000448850915
v 0.017949332136116825 -0.04235353289547383 0.09450000448850915
v 0.02198682698731136 -0.04040519143330368 0.09450000448850915
v 0.024111499024263017 -0.04233040819955125 0.09450000448850915
v 0.02581549576352371 -0.038073091407984094 0.09450000448850915
v 0.02790009821849404 -0.039935102452235416 0.09450000448850915
v 0.029398971046644684 -0.03537938095289128 0.09450000448850915
v 0.031480443542359904 -0.03717807946361784 0.09450000448850915
v 0.03270322192075126 -0.03234964142910357 0.09450000448850915
v 0.0348021180470548 -0.03408871240403899 0.09450000448850915
v 0.035696862962599774 -0.029012652821508444 0.09450000448850915
v 0.037820657619138665 -0.030705468682552528 0.09450000448850915
v 0.038351465139467855 -0.02540010763649403 0.09450000448850915
v 0.04049949456888635 -0.027074321125438727 0.09450000448850915
v 0.04064180567183717 -0.021546315262896965 0.09450000448850915
v 0.04281143010350208 -0.023246703298372973 0.09450000448850915
v 0.042546144598958335 -0.01748787963006815 0.09450000448850915
v 0.04473945448707051 -0.019277165374844696 0.09450000448850915
v 0.04627688436966482 -0.015220967062068436 0.09450000448850915
v 0.044046381181446215 -0.01326334825570763 0.09450000448850915
v 0.04820151748720303 -0.007059866763700906 0.09450000448850915
v 0.0451282789684293 -0.008912843173886631 0.09450000448850915
v 0.04578155353559099 -0.004477685664186215 0.09450000448850915
v 0.047426897394258205 -0.011131808809677346 0.09450000448850915
v 0.04862019960547803 -0.003050264741818881 0.09450000448850915
v 0.04600000218488276 -2.21222010915457e-17 0.09450000448850915
v 0.026238768870175955 0.04104583935191641 0.09450000448850915
v 0.02581549576352371 0.038073091407984094 0.09450000448850915
v 0.02198682698731136 0.04040519143330368 0.09450000448850915
v 0.02237486564099611 0.043273504405234586 0.09450000448850915
v 0.017949332136116825 0.04235353289547383 0.09450000448850915
v 0.029918138017714924 0.03844660750848883 0.09450000448850915
v 0.03336064687873508 0.03550079514322846 0.09450000448850915
v 0.03270322192075126 0.03234964142910357 0.09450000448850915
v 0.029398971046644684 0.03537938095289128 0.09450000448850915
v 0.03651891881829572 0.032242974859095774 0.09450000448850915
v 0.008929871029614844 0.047890344987071565 0.09450000448850915
v 0.009402870624835025 0.045028726809159814 0.09450000448850915
v 0.0049750759580441395 0.04573017337567986 0.09450000448850915
v 0.014313279831760783 0.04656563026350646 0.09450000448850915
v 0.013741357502349838 0.043899603067785176 0.09450000448850915
v 0.018381337085224825 0.04511491226857567 0.09450000448850915
v 0.04870812075223219 0.0008643225245926964 0.09450000448850915
v 0.04578155353559099 0.004477685664186215 0.09450000448850915
v 0.04696296914956655 0.012950415272704463 0.09450000448850915
v 0.0451282789684293 0.008912843173886631 0.09450000448850915
v 0.044046381181446215 0.01326334825570763 0.09450000448850915
v 0.047902460466162644 0.008864828530797952 0.09450000448850915
v 0.04847654572902593 0.004822186699073305 0.09450000448850915
v 0.04564172961537549 0.017031418655628627 0.09450000448850915
v 0.035696862962599774 0.029012652821508444 0.09450000448850915
v 0.03935266681666105 0.028716004781905724 0.09450000448850915
v 0.038351465139467855 0.02540010763649403 0.09450000448850915
v 0.041830396731710184 0.02496915554388135 0.09450000448850915
v 0.043930502117104364 0.021055882500344847 0.09450000448850915
v 0.042546144598958335 0.01748787963006815 0.09450000448850915
v 0.04064180567183717 0.021546315262896965 0.09450000448850915
v -0.0506182084284057 -0.03050001480011333 0.1529872661776377
v -0.0523724428256922 -0.030500003356020988 0.15770435319367948
v -0.051190237569345154 -0.015255612144280395 0.15274416313874717
v -0.05332441964703172 -0.015250000724336132 0.15867975607203988
v -0.05119098143534728 -0.015196019894440638 0.15274384270416164
v -0.053725653339185 -0.030500001448672265 0.16272892008272422
v -0.05461596176159933 -0.030500001448672265 0.16801557194515482
v -0.05481740830437065 -0.015250000724336132 0.1650750200476736
v -0.05352308909006176 -3.1495942469541055e-17 0.15862081136709172
v -0.051381079253214335 -2.864375539583435e-17 0.15266304741223813
v -0.051285658411279744 -0.0076278060721401975 0.15270360527549265
v -0.05555765034392479 -0.015250000724336132 0.17182938438216055
v -0.055121374841025084 -0.028000001329928637 0.1735000082408078
v -0.0546963793984756 -0.030500001448672265 0.1802692651541271
v -0.05512139009981487 -0.028000001329928637 0.1755000083358027
v -0.05499106477624194 -0.030500001448672265 0.1755000083358027
v -0.05545461918058381 -0.015250000724336132 0.17880997553403333
v -0.0556160609912304 -0.015250000724336132 0.17530083535270968
v -0.054991045702754704 -0.030500001448672265 0.1735000082408078
v -0.05397839611852362 -0.030500001448672265 0.18505251428268643
v -0.05506712602863395 -0.015250000724336132 0.18233612926596976
v -0.05502163957627815 -3.1451019228016736e-17 0.16503990957237313
v -0.055823271541843855 -3.137591789521426e-17 0.1753038108167182
v -0.05576463964208633 -3.140185065715914e-17 0.17181943565121927
v -0.05481740830437065 0.015250000724336132 0.1650750200476736
v -0.0556160609912304 0.015250000724336132 0.17530083535270968
v -0.05555765034392479 0.015250000724336132 0.17182938438216055
v -0.05566122700900067 -3.1349246520504294e-17 0.17882602778088952
v -0.055272291901415915 -3.132198561083504e-17 0.18236531933083278
v -0.054449988090385926 -0.015250000724336132 0.18585756803186193
v -0.05360239283528356 -0.015250000724336132 0.1893519682222511
v -0.05380209987601914 -3.1266318602897444e-17 0.18940729659401967
v -0.05283071005937279 -0.030500001448672265 0.18979360337506357
v -0.05465285370060746 -3.129428763214424e-17 0.18589989591473177
v -0.05506712602863395 0.015250000724336132 0.18233612926596976
v -0.05360239283528356 0.015250000724336132 0.1893519682222511
v -0.054449988090385926 0.015250000724336132 0.18585756803186193
v -0.052526434532225164 -0.015250000724336132 0.19279677734583167
v -0.05272213232594414 -3.12382513178241e-17 0.19286493835981133
v -0.05545461918058381 0.015250000724336132 0.17880997553403333
v -0.05123794799031245 -0.011441709108210296 0.1527238842071199
v -0.04691942819290862 -0.030500001448672265 0.2031982823564782
v -0.047992697134267015 -0.015250000724336132 0.20261579331513957
v -0.04928095479433292 -0.030500001448672265 0.19892060270993994
v -0.05122713332305073 -0.015250000724336132 0.19616977860467344
v -0.05126028304386354 -0.030500001448672265 0.19443512886407888
v -0.039355657539459354 -0.015250000724336132 0.2138054605946671
v -0.041189405490327236 -0.030500001448672265 0.21094791651362854
v -0.037908418548600054 -0.030500001448672265 0.21434885661657077
v -0.0442082464235094 -0.030500001448672265 0.20722016365102292
v -0.046081171317156056 -0.015250000724336132 0.20564997314675537
v -0.043992967787795934 -0.015250000724336132 0.2085354408131046
v -0.03075983956526196 -0.030500001448672265 0.22009400459452877
v -0.03153340107966529 -0.015250000724336132 0.22031945321363544
v -0.03441505595591643 -0.030500001448672265 0.21740236933484702
v -0.0259695141729388 -0.015250000724336132 0.22368697656694358
v -0.02699231657442458 -0.030500001448672265 0.22242095477829515
v -0.02316020503376648 -0.030500001448672265 0.2243859359507283
v -0.019266749343466172 -0.030500001448672265 0.2260149796072053
v -0.020281888017781302 -0.015250000724336132 0.22629206397095203
v -0.015159593348521017 -0.030500001448672265 0.2273693650475117
v -0.006342555824173923 -0.030500001448672265 0.22913288441838375
v -0.007722389111148031 -0.015250000724336132 0.22958307975226688
v -0.010841504611928676 -0.030500001448672265 0.22842093980449008
v -0.03684409888745188 -0.015250000724336132 0.21616887928602502
v -0.014220674236541941 -0.015250000724336132 0.22827311264903116
v -0.04989757393372818 -3.118253009977531e-17 0.19954248994650925
v -0.04971235892859305 -0.015250000724336132 0.1994495333991253
v -0.0514179902657097 -3.121026195978561e-17 0.1962505128614378
v -0.04625285559044734 -3.112852327649319e-17 0.20576601624308744
v -0.041900556647151976 -3.107751156185482e-17 0.2113948464664972
v -0.04174502761754795 -0.015250000724336132 0.2112578835693668
v -0.04415687007829572 -3.110257018575661e-17 0.20866225661502646
v -0.0481715034476915 -3.1155228532522653e-17 0.20272054490702907
v -0.036981366960378015 -3.1030568993688333e-17 0.21632413747211032
v -0.031650884224283526 -3.098849178300197e-17 0.22049016855377523
v -0.020357451452156505 -3.521389890041716e-17 0.22648502662660164
v -0.00775116051296626 -3.529857170597823e-17 0.22978829521611566
v -0.004342168060550988 -0.015250000724336132 0.22995205254811246
v -0.014273655615706371 -3.525874082677468e-17 0.2284734605589378
v -0.0008961626120882957 -0.015250000724336132 0.23011460443571607
v -0.0008995014260286191 -3.533185671425449e-17 0.2303218035422372
v -0.026066268251631053 -3.0951767820796516e-17 0.2238702346322885
v -0.0017025259349763566 -0.030500001448672265 0.229473765782231
v -0.03950228687991997 -3.105347615380191e-17 0.21395189920025537
v -0.004358345715585743 -3.5316125617610895e-17 0.2301586413030421
v -0.05332441964703172 0.015250000724336132 0.15867975607203988
v -0.05119035963966345 0.015250000724336132 0.15274410210358802
v -0.05119035963966345 0.015250003585359218 0.15274410210358802
v -0.05458334228373163 0.030500012892764605 0.16774608645872213
v -0.05484355424067111 0.030500012892764605 0.17863922967631396
v -0.054983072985090864 0.030500012892764605 0.17312979948298945
v -0.0536877047289841 0.030500012892764605 0.16255699929819123
v -0.05122713332305073 0.015250000724336132 0.19616977860467344
v -0.04971235892859305 0.015250000724336132 0.1994495333991253
v -0.052526434532225164 0.015250000724336132 0.19279677734583167
v -0.05413949842109744 0.030500012892764605 0.18419233052600958
v -0.052856676704893246 0.030500010985415882 0.18970252365882345
v -0.047992697134267015 0.015250000724336132 0.20261579331513957
v -0.0523463426657611 0.03050001480011333 0.15762311539685214
v -0.0506182084284057 0.03050001480011333 0.1529872661776377
v -0.05120216612826134 -0.01430213614684428 0.1527390972205378
v -0.05121409087248008 -0.013348661103082526 0.15273401604353865
v -0.05119322066274856 -0.015017243144921366 0.15274289665919483
v -0.05119619994145452 -0.014778874145562337 0.15274163017964248
v -0.051004782238270874 0.030500010985415882 0.19508016368475545
v -0.04860600130158099 0.030500010985415882 0.20023716161036376
v -0.05119172911604686 -0.01513642764460088 0.1527435222695761
v -0.04570548083910664 0.030500010985415882 0.2050947057863972
v -0.046081171317156056 0.015250000724336132 0.20564997314675537
v -0.043992967787795934 0.015250000724336132 0.2085354408131046
v -0.039355657539459354 0.015250000724336132 0.2138054605946671
v -0.04174502761754795 0.015250000724336132 0.2112578835693668
v -0.04235844622578533 0.03050000907806716 0.20958149188817998
v -0.03863521759435162 0.03050000907806716 0.21364507545521327
v -0.03684409888745188 0.015250000724336132 0.21616887928602502
v -0.03153340107966529 0.015250000724336132 0.22031945321363544
v -0.0259695141729388 0.015250000724336132 0.22368697656694358
v -0.014220674236541941 0.015250000724336132 0.22827311264903116
v -0.020281888017781302 0.015250000724336132 0.22629206397095203
v -0.007722389111148031 0.015250000724336132 0.22958307975226688
v -0.004342168060550988 0.015250000724336132 0.22995205254811246
v -0.034610944484507744 0.03050000907806716 0.2172438915441166
v -0.03036465789060805 0.03050000907806716 0.2203584089039623
v -0.021512738295970113 0.030500007170718435 0.2251182052726186
v -0.025974526685383914 0.03050000907806716 0.2229798384718329
v -0.016876816597504174 0.030500007170718435 0.2268463700275536
v -0.0067537930835442905 0.030500007170718435 0.2290832780927854
v -0.011942947954954874 0.030500007170718435 0.22818767868501233
v -0.0013699991161655184 0.030500007170718435 0.22948295157368293
v -0.0008961626120882957 0.015250000724336132 0.23011460443571607
v 0.007816091431882832 -0.030500001448672265 0.2289419969581452
v 0.012588428141558361 -0.030500001448672265 0.22803980575318405
v 0.00964415500671778 -0.015250000724336132 0.22927942983550054
v 0.003034271145935935 -0.030500001448672265 0.22941604178046582
v 0.006117653183639327 -0.015250000724336132 0.2297844194835097
v 0.002597126130436944 -0.015250000724336132 0.2300611834126709
v 0.002606802348929377 -3.5345595589311515e-17 0.23026818415492478
v 0.009680086595643678 -3.5366483422782925e-17 0.22948351614890505
v 0.006140445524046856 -3.5357183000580327e-17 0.22999039788684783
v 0.013154536872060363 -0.015250000724336132 0.22854401720291406
v 0.02003702831071652 -0.015250000724336132 0.22638753821865087
v 0.01729394804126705 -0.030500001448672265 0.22671058205723682
v 0.021875331010335897 -0.030500001448672265 0.2249623519937316
v 0.023364823497464826 -0.015250000724336132 0.22497657318581332
v 0.02627831583860707 -0.030500001448672265 0.2228164168332114
v 0.016626303508823215 -0.015250000724336132 0.2275788529725009
v 0.016688248473313294 -3.537779978349574e-17 0.22777660688814372
v 0.03264936983689459 -0.015250000724336132 0.21953124516838507
v 0.030451650158533905 -0.030500001448672265 0.22030039498519116
v 0.03435251780597337 -0.030500001448672265 0.21745258601203687
v 0.02968952510707612 -0.015250000724336132 0.2215353956542021
v 0.020111680032401935 -3.537967680859601e-17 0.2265808518264656
v 0.013203546197508298 -3.537338504756496e-17 0.22874537219294666
v 0.002597126130436944 0.015250000724336132 0.2300611834126709
v 0.023451872985852384 -3.537898901781017e-17 0.22516462251115144
v 0.006117653183639327 0.015250000724336132 0.2297844194835097
v 0.013154536872060363 0.015250000724336132 0.22854401720291406
v 0.02003702831071652 0.015250000724336132 0.22638753821865087
v 0.016626303508823215 0.015250000724336132 0.2275788529725009
v 0.00964415500671778 0.015250000724336132 0.22927942983550054
v 0.026588801693198105 -0.015250000724336132 0.2233552352181789
v 0.029800137981592645 -3.536998675121917e-17 0.22171062759611893
v 0.03545287109920414 -0.015250000724336132 0.21735889704274314
v 0.0355849588129975 -3.5351243605272073e-17 0.21751858027786675
v 0.03277101290907858 -3.53617874719003e-17 0.21969901556209592
v 0.02668786366384568 -3.5375743187402124e-17 0.22353724206276127
v 0.026588801693198105 0.015250000724336132 0.2233552352181789
v 0.03264936983689459 0.015250000724336132 0.21953124516838507
v 0.02968952510707612 0.015250000724336132 0.2215353956542021
v 0.023364823497464826 0.015250000724336132 0.22497657318581332
v 0.03794339169479244 -0.030500001448672265 0.2143155466784652
v 0.04054106332696428 -0.015250000724336132 0.21258158358341106
v 0.04119837765872214 -0.030500001448672265 0.21093769312447108
v 0.03808694638911092 -0.015250000724336132 0.2150360667322193
v 0.04409778041484458 -0.030500001448672265 0.20736892159265885
v 0.04663390190371208 -0.030500001448672265 0.203659616606906
v 0.04675768502116373 -0.015250000724336132 0.20462465876700087
v 0.04280732167435186 -0.015250000724336132 0.21001499410603586
v 0.04880472415037529 -0.030500001448672265 0.19985909457580497
v 0.05061820461370825 -0.030500001448672265 0.1960127503989728
v 0.049925325857653746 -0.015250000724336132 0.19902009001935284
v 0.05235751209988537 -0.015250000724336132 0.19327401125521781
v 0.052380457505027955 -0.030500001448672265 0.19127060845010035
v 0.038228845504737485 -3.533848390034858e-17 0.21518709823353355
v 0.052495367636218315 -0.015250000724336132 0.15611499764943915
v 0.052605967159293776 -0.030500003356020988 0.15845259846847703
v 0.0506182084284057 -0.030500016707462052 0.1529872661776377
v 0.053737185169566715 -0.030500001448672265 0.1862181637521143
v 0.054625662537206576 -0.030500001448672265 0.18090143681501303
v 0.05529735064894403 -0.015250000724336132 0.18049796389545847
v 0.054992865313436834 -0.030500001448672265 0.17538596414093277
v 0.055561739699587775 -0.015250000724336132 0.1770817497439392
v 0.05479344437500977 -0.030500001448672265 0.1697462544004047
v 0.05561455418573891 -0.015250000724336132 0.17360903229383773
v 0.053577204388042254 -0.015250000724336132 0.15955826563525122
v 0.05400214261013003 -0.030500001448672265 0.1640707780566153
v 0.055053892843190955 -0.015250000724336132 0.16657277707682105
v 0.05417758436040643 -0.015250000724336132 0.18709214145475883
v 0.05119035963966345 -0.01525000453903358 0.15274410210358802
v 0.040692106272370854 -3.532365404680367e-17 0.21272347506964273
v 0.04693189080946736 -3.526847492986687e-17 0.2047369024246759
v 0.04296681035990568 -3.5306923451234845e-17 0.21014731833107092
v 0.05255258046852562 -3.046652633918932e-17 0.19334395754760259
v 0.05011133050516037 -3.5224656219358235e-17 0.19911144439380912
v 0.054379431446409665 -3.031467026519279e-17 0.18713906223335464
v 0.055503371013954084 -3.0136396926382544e-17 0.180520302763707
v 0.055821753292260023 -2.99332546990597e-17 0.1736057058776641
v 0.05525900912490611 -2.9708231915604117e-17 0.16654323605979293
v 0.05544731403497316 -0.015250000724336132 0.17009912917302472
v 0.05565389134581045 -2.9823235278381094e-17 0.1700827412327932
v 0.05377681606134166 -2.9465712818759016e-17 0.15950260157010732
v 0.05443076964464888 -0.015250000724336132 0.16305170452188378
v 0.052690950989013885 -2.933958960692232e-17 0.15604650094208417
v 0.05138107543851689 -2.7755576933948015e-17 0.15266303215344834
v 0.05463355896092148 -2.958883753382001e-17 0.1630090562044284
v 0.055768744256539104 -3.003778195784745e-17 0.17709136278150517
v 0.03545287109920414 0.015250000724336132 0.21735889704274314
v 0.004139524656455729 0.03050000526336971 0.22934334890591934
v 0.009692709429495183 0.03050000526336971 0.22863920153360695
v 0.020580672287954238 0.03050000526336971 0.2255042831718157
v 0.015202978856257987 0.03050000526336971 0.22735627300587424
v 0.04280732167435186 0.015250000724336132 0.21001499410603586
v 0.04054106332696428 0.015250000724336132 0.21258158358341106
v 0.025737696916444674 0.030500003356020988 0.223105418311782
v 0.03059522964838579 0.030500003356020988 0.22020484444354338
v 0.04675768502116373 0.015250000724336132 0.20462465876700087
v 0.03808694638911092 0.015250000724336132 0.2150360667322193
v 0.035081979510542816 0.030500003356020988 0.21685779838612973
v 0.03914548678362717 0.030500003356020988 0.2131345926428807
v 0.04585862568280641 0.030500001448672265 0.20486423702545054
v 0.04274421513448923 0.030500003356020988 0.20911039201228832
v 0.0484799408097536 0.030500001448672265 0.20047429846244746
v 0.049925325857653746 0.015250000724336132 0.19902009001935284
v 0.05235751209988537 0.015250000724336132 0.19327401125521781
v 0.05529735064894403 0.015250000724336132 0.18049796389545847
v 0.05417758436040643 0.015250000724336132 0.18709214145475883
v 0.05061820461370825 0.030500001448672265 0.1960127503989728
v 0.05373725001942331 0.03050000526336971 0.18621807219937558
v 0.05238046513442285 0.030500003356020988 0.19127060845010035
v 0.055561739699587775 0.015250000724336132 0.1770817497439392
v 0.05561455418573891 0.015250000724336132 0.17360903229383773
v 0.05544731403497316 0.015250000724336132 0.17009912917302472
v 0.05443076964464888 0.015250000724336132 0.16305170452188378
v 0.055053892843190955 0.015250000724336132 0.16657277707682105
v 0.053577204388042254 0.015250000724336132 0.15955826563525122
v 0.052495367636218315 0.015250000724336132 0.15611499764943915
v 0.05462576934873509 0.030500007170718435 0.18090133000348452
v 0.05499301408663726 0.03050000907806716 0.17538585732940426
v 0.05479363510988211 0.030500010985415882 0.16974616284766597
v 0.05400237149197684 0.030500012892764605 0.16407068650387657
v 0.05260618841174569 0.03050001480011333 0.1584525069157383
v 0.0506182084284057 0.030500016707462052 0.1529872661776377
v 0.051190237569345154 0.015255612144280395 0.15274416313874717
v -0.04512661576034249 -1.1212792365383248e-08 0.11058682013296295
v -0.047349169119081935 -4.6765805056836404e-08 0.10473692056311545
v -0.04711556086213653 -0.004633466940658915 0.10475559732181505
v -0.04641374426996414 -0.009216515025163297 0.10482206461012833
v -0.04486940597029365 -0.009978203293763421 0.10791286218124974
v -0.0452490103279235 -0.013697059328248717 0.1049497120160936
v -0.044657564376979764 -0.004855513803317391 0.11108602669964274
v -0.019647028902544106 -0.030500052947087797 0.12312890446891434
v -0.020571370148230184 -0.03050003768829801 0.12352168097682803
v -0.02018602467094288 -0.030130870342882643 0.12231697663493968
v -0.004014225673606153 -0.030500291365678223 0.11964744373226477
v -3.638112717814501e-05 -0.030902787722686398 0.11736124214662524
v 1.3827202312415265e-08 -0.030715909509464456 0.11838525189985294
v -0.04429774685500654 -6.060453248665995e-09 0.11360275808138809
v -0.04471218321502324 -8.636623034398308e-09 0.11209479292187297
v -0.043685201812484475 -0.00452642605346415 0.11450665827080542
v -0.04501526474187001 -0.00021808202110434188 0.11091927864484763
v -0.04373797815166114 -0.009364300218950294 0.11123650888452463
v -0.04225826082673967 -0.013684270555058275 0.11139838175598271
v -0.04337914482162919 -0.01446747467093279 0.10813120783371044
v -0.04363588921858952 -0.018017386338567976 0.10516325877916621
v -0.041598886558360526 -0.022115042783196204 0.10552942395769094
v -0.04137413602888662 -0.01874410909037061 0.10841934719065804
v -0.017970541853921107 -0.030357638847305912 0.12200691802646269
v -0.015844908513212852 -0.03049998237518503 0.12183182341365395
v -0.01774596870787848 -0.030500016707462052 0.12248036775598159
v -0.03887308686834512 -0.02273877633332977 0.10880157987482875
v -0.040241800312261766 -0.01774566734678018 0.11160969310635149
v -0.04281456578480336 -0.008963023611450738 0.11459482355819617
v -0.03772227657198535 -0.021473183698144105 0.11187215954948204
v -0.036022077364032956 -0.026444529835759623 0.10931464905203025
v -0.03479171155241989 -0.02482905124340351 0.11217020949039647
v -0.03936393543291894 -0.017117083408842992 0.11485199520127054
v -0.04136503797547597 -0.013186234146820297 0.11470133754030609
v -0.03914255709598802 -0.025873620308520806 0.1062191212560748
v -0.02149571139391626 -0.030500022429508222 0.12391444985534683
v -0.02273265183657891 -0.030301393040801372 0.12403597085721252
v -0.022359631646742262 -0.02974198673371342 0.12256374178337914
v -0.03684805091400678 -0.020668942479524777 0.1150341241161712
v -0.04296920980459973 -0.004365382878700752 0.11796566569828304
v -0.04346887794967058 -9.081144161658494e-10 0.11661869602981323
v -0.043218282844994516 1.605585097286232e-08 0.11816304577357606
v -0.04215468797636124 -0.008781306683874335 0.11797569072317327
v -0.04296768774031845 3.301981789666287e-08 0.119707387887944
v -0.04257401096380731 -0.004380783289130719 0.12144906430123559
v -0.04181426819090506 -0.00881951564717598 0.12136286739772739
v -0.04285707677315065 6.101708930742127e-08 0.12126790431948642
v -0.04076062205321307 -0.012980407377705672 0.11801765239508821
v -0.03881302445704504 -0.016874716606559703 0.11811313427218195
v -0.036344159898862305 -0.0203672456878512 0.11824516095081616
v -0.04050243951531529 -0.013057544374777685 0.121323949854375
v -0.04062588693939162 -0.013385565439857361 0.12459979839864133
v -0.0362835901328018 -0.020551720641681648 0.12143999295070707
v -0.03865113251209973 -0.017002531859212633 0.12135436825181589
v -0.0389111155871924 -0.01744425475006639 0.12454282970697061
v -0.03387137383170424 -0.023774539169391096 0.11519967435596801
v -0.03338768926893554 -0.023370505489311855 0.11835478772604269
v -0.041831354220769335 -0.009064362002799697 0.12473786755803129
v 2.765440280584104e-08 -0.030931861439277286 0.1172704370886013
v -0.03780397594720375 -0.02758098733297576 0.10671780902390182
v -0.03640009862222238 -0.02914885850119564 0.10738719687307885
v -0.034512647360698256 -0.028199223904088466 0.10966236635370219
v -0.032919854774058344 -0.029862050521154426 0.11005518863798525
v -0.033185010578888896 -0.03198804244342268 0.10906975310533973
v -0.03319455495190082 -0.02636348468115335 0.11233060225924518
v -0.032222264866657024 -0.025146893742020726 0.11525562070872297
v -0.03150180203336461 -0.027792266258416243 0.11248323593348708
v -0.031225843005364684 -0.03140998989521471 0.1104662070290896
v -0.02970875690425423 -0.02910804314586346 0.11261111985069405
v -0.03092632059123579 -0.026998401016852247 0.11383637015303094
v -0.03139499050485384 -0.033324224147512904 0.10983082339295347
v -0.029408843483637037 -0.032818639406702044 0.11084017707859051
v -0.028565581724834255 -0.03148335797120927 0.11167986065118818
v -0.029392875160124676 -0.0346896493222304 0.1103998846992793
v -0.02744628655143133 -0.03406285638474449 0.11107076028046059
v -0.02659970028380365 -0.032645597101119694 0.11178688580275598
v -0.029097447823704936 -0.028212401776418483 0.11387135092861822
v -0.027183076242298654 -0.02931484743119883 0.11385781638207693
v -0.027815783868175847 -0.030304511555964142 0.11268319474425414
v -0.02584879235018822 -0.03138327556899467 0.11269579087522352
v -0.025211022620799106 -0.03031049490890947 0.11379927603505813
v -0.02861559813040815 -0.027525468226334837 0.11525723051104553
v -0.026684720353149505 -0.028545987531398698 0.1151891534204097
v -0.03191066512041152 -0.024811486469009658 0.11679989415853687
v -0.03342045370530622 -0.02361009328450514 0.12152093320113355
v -0.030143880368525 -0.026002269072565865 0.1167957819146892
v -0.030467807309569883 -0.026395814242015092 0.11527824949397747
v -0.028278598221213036 -0.02706824240505723 0.11674690038160573
v -0.03173306615872895 -0.02466798327310671 0.11837663831301803
v -0.029965655796461155 -0.025825631414639894 0.11836358441835504
v -0.03398471993694141 -0.02436049195601142 0.12458003826586683
v -0.03169651182044486 -0.02471209261968421 0.11996314046356815
v -0.02993848179919878 -0.025862176216180366 0.11995004842193069
v -0.030062312600368513 -0.026095187472975345 0.12152319150202207
v -0.03180297430413925 -0.024928588143883212 0.1215358334093608
v -0.03243086396714112 -0.025767998965613437 0.12457118053839533
v -0.028096530341471526 -0.026851201379123335 0.1183073710367788
v -0.026336266814870335 -0.028024043460587178 0.11665161686877923
v -0.024705918531866544 -0.029466268031652643 0.11508369992418999
v -0.024347470486276723 -0.02888027709805785 0.11651799564661225
v -0.0261467164060869 -0.027761838324231736 0.11820475567545952
v -0.028073052786035113 -0.02687121900397549 0.11989771077296041
v -0.02820573177793273 -0.0271104749204909 0.1214750347614535
v -0.0261190350540641 -0.02775681818239173 0.11979797932291092
v -0.024144353106023697 -0.02856805364877979 0.11805724895458614
v -0.024100239944748747 -0.02852858297429761 0.1196466807927754
v -0.026249688441617458 -0.027989222902292665 0.1213799725010789
v -0.030738336115754272 -0.027018052430749506 0.12453882427465146
v -0.03669777472278701 -0.021134779980288565 0.12455635662411702
v -0.04274646580598285 8.901436071817966e-08 0.12282842075102884
v -0.04253956806056003 -0.004572616794336071 0.12493335554339069
v -0.043125520847180354 -0.0003062767829933345 0.12871744385789086
v -0.04281997502578294 5.7363907213377886e-08 0.12595641925165157
v -0.042868692526876195 -0.004926498647082056 0.1283884338324981
v -0.04318099036275447 1.9187037652976693e-09 0.1290645355491815
v -0.04382496851223827 -0.0007562802793181431 0.13220749529319065
v -0.043530752342257895 -0.00541382195437784 0.13178362137169053
v -0.04391192835523583 3.106800624891137e-09 0.13210513933129775
v -0.006011011409164935 -0.030500157851267584 0.11986676594727186
v -0.004436197491591853 -0.030610856556476662 0.11867532912310352
v -0.042214773275845996 -0.009486168358283642 0.12808031309032408
v -0.04112581066919141 -0.013912048046956227 0.12783011471418249
v -0.039582841845904326 -0.01811200418669001 0.12766180263343418
v -0.03756542765706472 -0.02198015889617433 0.12756368861510214
v -0.042921247613600944 -0.010042105198043716 0.13136926893501766
v -0.04195862397168737 -0.014572053647762817 0.1310042176481474
v -0.040604143163944784 -0.018908696119062096 0.13070935679429851
v -0.04501692413525937 -0.011359910550858277 0.13774997602519434
v -0.03880528443592546 -0.022944565909144288 0.13047069406323608
v -0.044642862533019745 4.294897484484605e-09 0.13514574311341399
v -0.04587532642822856 -0.0019224763829692182 0.13889800159241794
v -0.045534105556308546 -0.006630927400828601 0.13832897080367168
v -0.04794127501268397 -0.007916043180709875 0.14459274978770864
v -0.047500841489567236 -0.012680608398011883 0.14391670910618437
v -0.009983200547418747 -0.030500018614810775 0.12045097923185644
v -0.008917886203911318 -0.030499412077916732 0.1199910869370635
v -0.008995499084489822 -0.0305000205221595 0.12026852988237025
v -0.04829089966307931 -0.003212066087699833 0.14525185321256906
v -0.04667890770418959 1.7994089775787233e-08 0.1410631323104905
v -0.051381079253214335 -2.864375539583435e-17 0.15266304741223813
v -0.04902999347870196 8.997044887893617e-09 0.14686308986136432
v -0.04785444868409705 1.3495566877093053e-08 0.1439631110859274
v -0.051190237569345154 -0.015255612144280395 0.15274416313874717
v -0.044291990476559295 -0.01604164962668353 0.1371831882785468
v -0.0469468634969461 -0.01742476546081062 0.14322429574321838
v -0.04329849448820866 -0.02057425215215125 0.1366381595661359
v -0.041926607216016265 -0.024824866520304356 0.1361163394729914
v -0.04623463659544136 -0.022030272576533116 0.14250595769640384
v -0.049565847843753286 -0.018578858304323376 0.1492210306471886
v -0.04900727695540619 -0.023192568926905244 0.14843231906187526
v -0.04828124084914398 -0.027543355342662945 0.14755008635395583
v -0.045230856182774115 -0.026366286576428033 0.14175928407695437
v -0.0506182084284057 -0.03050001480011333 0.1529872661776377
v -0.009009109924980052 -0.030621413731660718 0.11849318494941308
v -0.011958602519602235 -0.03050001480011333 0.12081587793082882
v -0.03503607725616531 -0.0254095089583517 0.12747980341824672
v -0.03355457465283873 -0.02692008146357172 0.1274210341893811
v -0.031913568105168544 -0.028266103179726 0.12734283289172144
v -0.03647463781033311 -0.02655351001976891 0.1302470459813243
v -0.04000146674371763 -0.02864721625019606 0.1356146304647865
v -0.03348376623883098 -0.029567956421492347 0.12999786994409845
v -0.036701532199772124 -0.030500016707462052 0.13353664269518895
v -0.03506945204412748 -0.028147361184950315 0.1301269745644884
v -0.03361353080187923 -0.03049999381927737 0.1309669862010665
v -0.028907418670391927 -0.028097827338603443 0.12447621746015436
v -0.030108996867722615 -0.02942722078858706 0.127241590821483
v -0.02694877561776665 -0.029007596440042693 0.12437328166424955
v -0.0281503099460767 -0.030391406549105104 0.12711406548583604
v -0.02653002864963505 -0.028422913947672157 0.12291164981992342
v -0.028631741930003063 -0.030499997633974818 0.12758321223663494
v -0.030346332084073557 -0.03049999954132354 0.1286295379699265
v -0.031979932396650756 -0.030499997633974818 0.1297982544561016
v -0.04227459154650948 -0.03049996520904652 0.13931676381933933
v -0.04371541421626324 -0.030274375446134316 0.14101640989616193
v -0.04472978041434539 -0.030499934691466946 0.14249616155336042
v -0.04694665750328397 -0.03049997093109269 0.14584670187363535
v -0.04891301578149543 -0.030499907988584818 0.1493503336318458
v -0.04350218407307871 -0.030499949950256733 0.14090647031574477
v -0.03959358403391455 -0.030500028151554393 0.136324866094224
v -0.03814755811684334 -0.030500022429508222 0.13493076202410137
v -0.03887056916803022 -0.030500024336856946 0.1356278140591627
v -0.03876534455365732 -0.030342967520925468 0.13537576936945683
v -0.008007797621560897 -0.030500022429508222 0.12008608053288405
v -0.02421453590965017 -0.028742236548898736 0.1212290172937136
v 1.2050874109294814e-15 -0.03049995948700035 0.11950006671110458
v 6.913601610955005e-09 -0.030607934498232403 0.1189426631201762
v -0.025414153352493196 -0.03516729140424335 0.11121681741630418
v -0.025504197378376503 -0.03720473656937617 0.11086452247769607
v -0.024584325050749367 -0.033681749036320596 0.11184052807825307
v -0.023350182688663956 -0.036156072426549724 0.11132086710386346
v -0.022546971438355268 -0.03460831615796689 0.11186751324799182
v -0.02384576338542055 -0.032346917735126546 0.11267231522713583
v -0.023213580280442292 -0.03119968371762316 0.11371331564279163
v -0.022705796366553344 -0.030283008106456455 0.11494933102132343
v -0.021825572096839663 -0.03320530858400339 0.11262573014191535
v -0.0212035418091161 -0.031986447899889914 0.11360216298858639
v -0.02154784114187569 -0.039413728678692195 0.11108505013709635
v -0.021253686007054462 -0.037048738331986186 0.11138865427749334
v -0.02048623754530965 -0.03544513870747945 0.11186964184916715
v -0.016978493543251538 -0.03865237228876994 0.11145845561137513
v -0.019789340005494926 -0.0339770676538631 0.11255624924261909
v -0.019180283503787976 -0.03268461764130315 0.11346111836518791
v -0.01565519216509048 -0.03537769867131724 0.1123670860256265
v -0.015076657057655485 -0.0339319397830673 0.11310278857521894
v -0.020694518118556937 -0.030995181602196942 0.11478301021264237
v -0.014566227651087171 -0.032675141932845264 0.11405481498762526
v -0.018670775346653068 -0.03161229474491156 0.11457748957299785
v -0.02233614455456223 -0.02962998149462881 0.11634893588516437
v -0.022113608456956202 -0.029258815247751313 0.11786569010759695
v -0.020311501514060915 -0.030268010623444308 0.11613911989619474
v -0.020064337729738257 -0.029826291547287997 0.11762563882666388
v -0.022042805764994622 -0.029169995739748433 0.1194438914765028
v -0.024479861468517106 -0.029168881848093964 0.12276122104080578
v -0.022126158811556218 -0.029345071279069934 0.121025152232761
v -0.019959424013207272 -0.029672328450985885 0.11918725389107099
v -0.020000067707154345 -0.029787475093417948 0.12076688195682195
v -0.018272742185657664 -0.030800904783276906 0.11588148286003186
v -0.01799680223114497 -0.030276639469069 0.11733144173017074
v -0.0141358630218813 -0.031663957192433756 0.11522414945478676
v -0.017851441277585423 -0.03004439496646083 0.11887262527505271
v -0.017841433418833708 -0.0300845332129962 0.12044756889233899
v -0.013562618899805035 -0.030526818771723363 0.11806055248257508
v -0.01379735249249725 -0.030942794362159853 0.11657900028818169
v -0.01344455973587233 -0.03039290381785298 0.11960001941360598
v -0.012707671769048301 -0.040173963547565084 0.11157821422302039
v -0.011466392108039902 -0.03676497061831263 0.11223877486230549
v -0.017484385367206867 -0.041260873846993285 0.1112321143530659
v -0.013269850407505723 -0.0427797986322731 0.1113853431201095
v -0.008404594820583533 -0.041613554070043524 0.1116305213544111
v -0.007216272696880521 -0.03814308729143567 0.11212553938329428
v -0.010900269072422475 -0.03520009017289105 0.11278906022779811
v -0.010380536572455745 -0.033784341509455196 0.11353993001443907
v -0.0061342132620931245 -0.03500703596450272 0.11308998645058743
v -0.009917859548526642 -0.032579240439032375 0.1145136239083433
v -0.008912608569993652 -0.043881445107938344 0.11148244242892069
v -0.004118814187179798 -0.0430286771230981 0.11162553173015066
v -0.004482281897772444 -0.04454569074495707 0.11153729014881097
v -5.771559064136351e-09 -0.044773454885413955 0.11156190257673781
v -4.903920577000768e-07 -0.04023992729581538 0.11193429334149574
v -0.013415967624834102 -0.030500003356020988 0.12119685939423697
v -0.013455548925542238 -0.03049660064589843 0.1211461773239586
v -0.01293017925642348 -0.030500007170718435 0.12106986048683765
v -0.0029643241382953933 -0.0395351695719115 0.1120041251929571
v -0.0018911746446508004 -0.03631420307981248 0.11270328294100906
v -7.76602647017439e-08 -0.03799441327314357 0.1122988563470928
v -0.005653256684836072 -0.033643216777410334 0.11383135001119093
v -0.009525169824979862 -0.031639388633527554 0.11569629455777886
v -0.005227848778125155 -0.03248240434434502 0.11478075191175385
v -0.009216988047646701 -0.03099054483745034 0.11704321082048441
v -0.004872366659800231 -0.03157627446427003 0.11593900086813491
v -0.004603177766094035 -0.030958734075441363 0.11726048072826512
v -0.0014028129051844168 -0.03483949826733612 0.11323567737547613
v -0.0009600025871397272 -0.033495610874403337 0.11394701926717321
v 2.8548928631552533e-09 -0.035794965536839474 0.11287553178952248
v -1.7171828309784832e-08 -0.03372223060562618 0.11380465475845813
v -0.0005748268042841606 -0.03234240876274441 0.1148849618166059
v -0.00026179800680996637 -0.031468967025091166 0.11604756715747122
v -1.559099183780192e-08 -0.03199735602723908 0.11527316831697831
v -0.024883660544703368 -0.029752429467974073 0.12422263163267999
v -0.023344393885288417 -0.030499991911928648 0.12470000287117422
v -0.025130772830610493 -0.03049999381927737 0.1256184446872588
v -0.027774445899293454 -0.030499995726626095 0.12706004936998916
v -0.02691715177593257 -0.03049999381927737 0.12653688650334338
v -0.013901755039570363 -0.030499997633974818 0.12132385067224138
v -0.04566088321125594 1.1144493857509605e-08 0.13810443771195224
v -0.042783220415882894 7.318913760375775e-08 0.12439241618664276
v -0.04280159962818164 6.527651877058884e-08 0.12517442153384462
v -0.04279241002203227 6.92328281871733e-08 0.12478342267494114
v -0.04279700291775823 6.725467711686005e-08 0.12497891828969543
v -0.04279929936562121 6.626559794372444e-08 0.12507666609707258
v -0.043883310494989836 -3.4842839176810545e-09 0.11511072324090321
v -0.044090528674998186 -4.772368583173525e-09 0.11435674066114565
v -0.043986921492342734 -4.12832625042729e-09 0.11473373195102443
v -5.771559064136351e-09 -0.044773454885413955 0.11156190257673781
v -0.004482281897772444 -0.04454569074495707 0.11153729014881097
v -8.73216818584181e-08 -0.045419832479591804 0.11142204813894274
v -0.004544490076386354 -0.04519098496506002 0.11139900736636399
v -6.414356480475669e-08 -0.04601632146056023 0.11105165627564695
v -0.004599698285185361 -0.045787283211156105 0.11102892830825883
v -0.009149819808677573 -0.04510705399183523 0.11097455361085196
v -0.009037868929031578 -0.04451807996483703 0.11134457926319286
v -0.004636996489471579 -0.046219209958966445 0.11047430181707174
v -0.008912608569993652 -0.043881445107938344 0.11148244242892069
v -0.013454795522796492 -0.04340236488498794 0.11124793008868039
v -0.013269850407505723 -0.0427797986322731 0.1113853431201095
v -0.017484385367206867 -0.041260873846993285 0.1112321143530659
v -0.02154784114187569 -0.039413728678692195 0.11108505013709635
v -0.021840064132440107 -0.0399674434571895 0.11092815926050381
v -0.013618976286209894 -0.0439797803787223 0.11087800361847311
v -0.017947216886382567 -0.04242334948814541 0.11072519446814866
v -0.017729138262743138 -0.041863184056265546 0.11109512856775083
v -0.022100224590964057 -0.04047661782829781 0.11055435705769057
v -0.02608709459234193 -0.038135877513261196 0.11029867314662045
v -0.009226385554806926 -0.04553429629118089 0.11041962957326401
v -3.3059966632684896e-08 -0.046448038400010994 0.1104979376824522
v -0.00916695638328302 -0.04575890567684926 0.10979132601558916
v -0.004602491120553609 -0.04643209677938076 0.10984578463633987
v 1.1895409268195761e-15 -0.04665587074630828 0.10987010714726075
v -0.013648932151585358 -0.04464288923590187 0.10969648500766649
v -0.01372984188443227 -0.04440018292554582 0.11032286595782814
v -0.018095383549914246 -0.04283277715041445 0.11016967533775901
v -0.02227998839344769 -0.04084824946826382 0.11001006839658434
v -0.017997353454926035 -0.04309942068724926 0.10954500337205353
v -0.02217493734780862 -0.041131250427750565 0.10940297455671377
v -0.026140868474900936 -0.0387675837810586 0.1092103247062548
v -0.025504197378376503 -0.03720473656937617 0.11086452247769607
v -0.033185010578888896 -0.03198804244342268 0.10906975310533973
v -0.03346579519915904 -0.03255089723700255 0.10850388851547432
v -0.03139499050485384 -0.033324224147512904 0.10983082339295347
v -0.029895759095143193 -0.03544457794695477 0.10979807040067513
v -0.029392875160124676 -0.0346896493222304 0.1103998846992793
v -0.03176080091651601 -0.033990770047092056 0.10924029296939697
v -0.03640009862222238 -0.02914885850119564 0.10738719687307885
v -0.03780397594720375 -0.02758098733297576 0.10671780902390182
v -0.04725422129963075 -0.004661876899894057 0.10424819678501951
v -0.04641374426996414 -0.009216515025163297 0.10482206461012833
v -0.04711556086213653 -0.004633466940658915 0.10475559732181505
v -0.04379101770496163 -0.018285569105822574 0.1044505130788087
v -0.041598886558360526 -0.022115042783196204 0.10552942395769094
v -0.04363588921858952 -0.018017386338567976 0.10516325877916621
v -0.041741689757281986 -0.022491726989930516 0.10473331948872566
v -0.03914255709598802 -0.025873620308520806 0.1062191212560748
v -0.0452490103279235 -0.013697059328248717 0.1049497120160936
v -0.04539945436583093 -0.013877289477495225 0.10432429999908344
v -0.046556661909809005 -0.00932095190451343 0.10427034491839571
v -0.0474842475556736 -4.996272274115937e-08 0.10424300116709695
v -0.047349169119081935 -4.6765805056836404e-08 0.10473692056311545
v -0.02992506741562706 -0.0360006006174074 0.10884033720088837
v -0.03158264310165748 -0.03463327190866394 0.10846179714384618
v -0.0333294960593844 -0.03309252705398835 0.10781996666902494
v -0.036444574179754774 -0.029959872715131786 0.10639058427691417
v -0.03789556301820429 -0.028255893142009603 0.10575577284539506
v -0.03927160068121882 -0.0264277089273679 0.10529678081919958
v 0.004281416619524581 -0.044565542430470284 0.11153942637938119
v -5.771559064136351e-09 -0.044773454885413955 0.11156190257673781
v -8.73216818584181e-08 -0.045419832479591804 0.11142204813894274
v 0.008586457660337277 -0.04394540232533162 0.11148689799553857
v 0.004544490076386354 -0.04519098496506002 0.11139900736636399
v 0.004599698285185361 -0.045787283211156105 0.11102892830825883
v -6.414356480475669e-08 -0.04601632146056023 0.11105165627564695
v 0.009037868929031578 -0.04451807996483703 0.11134457926319286
v 0.009149819808677573 -0.04510705399183523 0.11097455361085196
v -3.3059966632684896e-08 -0.046448038400010994 0.1104979376824522
v 0.012856433525381683 -0.0429045392387839 0.11139770273983718
v 0.013454795522796492 -0.04340236488498794 0.11124793008868039
v 0.017036293838965655 -0.041442594589267134 0.1112496009261621
v 0.021115145732529816 -0.03962861058587119 0.11110156777704105
v 0.017729138262743138 -0.041863184056265546 0.11109512856775083
v 0.013618976286209894 -0.0439797803787223 0.11087800361847311
v 0.017947216886382567 -0.04242334948814541 0.11072519446814866
v 0.021840064132440107 -0.0399674434571895 0.11092815926050381
v 0.022100224590964057 -0.04047661782829781 0.11055435705769057
v 0.025038111922278672 -0.03748603617380164 0.11089887764290207
v 0.009226385554806926 -0.04553429629118089 0.11041962957326401
v 0.009257541142529413 -0.04574082782564881 0.10979003664785214
v 0.004636996489471579 -0.046219209958966445 0.11047430181707174
v 1.1895409268195761e-15 -0.04665587074630828 0.10987010714726075
v -3.3059966632684896e-08 -0.046448038400010994 0.1104979376824522
v 0.004651565772695321 -0.046427301704690116 0.10984512087898413
v 0.013773031888925091 -0.04460525343089161 0.10969298311541031
v 0.01372984188443227 -0.04440018292554582 0.11032286595782814
v 0.018095383549914246 -0.04283277715041445 0.11016967533775901
v 0.02227998839344769 -0.04084824946826382 0.11001006839658434
v 0.01815429582993411 -0.04303439153987343 0.10953934236104246
v 0.022356894601324173 -0.041033601802507036 0.1093966040119776
v 0.026342200576748853 -0.03863340561306439 0.10919669097757989
v 0.02608709459234193 -0.038135877513261196 0.11029867314662045
v 0.029895759095143193 -0.03544457794695477 0.10979807040067513
v 0.028830956874768 -0.035065698381839816 0.11050005102483773
v 0.030688115623866974 -0.033815862354458215 0.11007417820187548
v 0.03176080091651601 -0.033990770047092056 0.10924029296939697
v 0.03246024095217903 -0.032543603535484245 0.10939666504713674
v 0.03007566404143236 -0.03587940386482469 0.10881644956547643
v 0.0357524965101641 -0.029791656001819655 0.1077364476831244
v 0.03346579519915904 -0.03255089723700255 0.10850388851547432
v 0.03871870606267258 -0.02643481952340876 0.1063657658553252
v 0.037272096496892004 -0.028203462032951876 0.10695307667423659
v 0.04134588819429297 -0.022551982043451657 0.10558722425340505
v 0.03939814945431941 -0.026247594172719158 0.10526100658654336
v 0.045198210002024286 -0.013856960001126795 0.10495578501442893
v 0.04543377519875991 -0.013764808354904123 0.10432323188379833
v 0.04640026694388455 -0.009281848394660508 0.10482343790120918
v 0.04711397013330121 -0.004648667556310104 0.10475585672124144
v 0.04657043678228945 -0.009251992665093023 0.10426995581925613
v 0.04385233896641916 -0.018140046027621537 0.1044442951219704
v 0.043508760611477015 -0.018308625137191115 0.10518212627273815
v 0.04183415802339274 -0.0223237315290703 0.10471750375311117
v 0.047349169119081935 -4.6765805056836404e-08 0.10473692056311545
v 0.047255472520393305 -0.004648624164126647 0.10424850959021015
v 0.03183199652231461 -0.03442044993810622 0.10838172664443757
v 0.03350028387877568 -0.03293417896297113 0.10775039421698995
v 0.03659601003899837 -0.029790944560745825 0.10631893662946812
v 0.03803643216552022 -0.028078690908861503 0.10570210768171329
v 0.0474842475556736 -4.996272274115937e-08 0.10424300116709695
v 0.04711397013330121 -0.004648667556310104 0.10475585672124144
v 0.047349169119081935 -4.6765805056836404e-08 0.10473692056311545
v 0.04512661576034249 3.1243068980655114e-08 0.11058682013296295
v 0.0448679106088945 -0.009977325913350654 0.10791691338993825
v 0.04640026694388455 -0.009281848394660508 0.10482343790120918
v 0.045198210002024286 -0.013856960001126795 0.10495578501442893
v 0.04465633222970444 -0.0048550479333916985 0.11108991769103849
v 0.04279700291775823 -6.725467711686005e-08 0.12497891828969543
v 0.04253969013087833 -0.004572844722508518 0.12493619367829112
v 0.04279241002203227 -6.92328281871733e-08 0.12478342267494114
v 0.04368429009979469 -0.004526166177200586 0.11451031275095946
v 0.04471218321502324 2.3659330723225893e-08 0.11209479292187297
v 0.04429774685500654 1.6075592465796673e-08 0.11360275808138809
v 0.0450139601153432 -0.0002176974072144993 0.11092323830079742
v 0.04373679178075518 -0.00936372133861274 0.11124033121136634
v 0.04337764946023004 -0.014466348381511618 0.10813518274845002
v 0.04225709734401839 -0.013683539086822849 0.11140214304766527
v 0.043508760611477015 -0.018308625137191115 0.10518212627273815
v 0.041372621594000236 -0.018742674764130607 0.10842321529386911
v 0.04134588819429297 -0.022551982043451657 0.10558722425340505
v 0.03887153810118171 -0.022736971981437426 0.10880528013135216
v 0.04280159962818164 -6.52765260465468e-08 0.12517442153384462
v 0.04281997502578294 -5.7363910851356866e-08 0.12595641925165157
v 0.04024063301484304 -0.017744734653254435 0.11161337810408511
v 0.04281371510727272 -0.008962715574631908 0.11459840937379617
v 0.03772109783047428 -0.0214719935125407 0.11187573010629226
v 0.03479045270226244 -0.02482750629093755 0.11217357405354456
v 0.03602042941473593 -0.02644226009077877 0.10931805176215281
v 0.039363161049337236 -0.01711662373780065 0.11485545131715735
v 0.041364233074314694 -0.013185863167493594 0.11470486232074695
v 0.03871870606267258 -0.02643481952340876 0.1063657658553252
v 0.042783220415882894 -7.318913760375775e-08 0.12439241618664276
v 0.036847303233307205 -0.02066835692346669 0.11503751919689886
v 0.04346887794967058 9.081146435395357e-10 0.11661869602981323
v 0.042968652858772494 -0.004365312306797986 0.11796907603780049
v 0.043218282844994516 -1.605584915387283e-08 0.11816304577357606
v 0.042154188250995706 -0.008781239926669016 0.117979009509952
v 0.04257381259954007 -0.004380879610241251 0.12145219998253687
v 0.04296768774031845 -3.301981425868389e-08 0.119707387887944
v 0.041814115603007185 -0.008819648207912256 0.12136591152628995
v 0.04285707677315065 -6.101708566944229e-08 0.12126790431948642
v 0.04076018717770413 -0.01298035015724397 0.1180209025173129
v 0.03881266587548504 -0.01687467083019034 0.11811633098864238
v 0.03634386998185635 -0.02036720181883056 0.11824831189090723
v 0.040502374665458696 -0.013057736063324388 0.12132691005959373
v 0.040626142524120556 -0.013385925928766085 0.1246024610574592
v 0.03628374653539712 -0.020552086852636542 0.12144283871500239
v 0.0386511706590742 -0.017002802702731357 0.12135725979248058
v 0.03891150087163453 -0.01744472586520107 0.12454540844244466
v 0.03338745657239128 -0.02337044063945526 0.11835790814855418
v 0.03387060326281999 -0.023773759063763222 0.11520297025456205
v 0.04183151825275955 -0.009064641429387676 0.124740614140193
v 0.037272096496892004 -0.028203462032951876 0.10695307667423659
v 0.03451088115578038 -0.028196660427404208 0.10966549440560858
v 0.0357524965101641 -0.029791656001819655 0.1077364476831244
v 0.03291794742533494 -0.029859181868674423 0.11005795047893674
v 0.033193212178399545 -0.026361714661538027 0.11233379897570561
v 0.032221463780193194 -0.02514598393667966 0.11525885557215787
v 0.03150036198507844 -0.02779025400551305 0.11248621902689049
v 0.02970722339588061 -0.0291057810302775 0.11261385880346086
v 0.031223794512835745 -0.03140682369633385 0.11046854925332195
v 0.030925168552606852 -0.026996856064386288 0.11383946005796286
v 0.03246024095217903 -0.032543603535484245 0.10939666504713674
v 0.030688115623866974 -0.033815862354458215 0.11007417820187548
v 0.028563678190808295 -0.031480371063108414 0.11168203502873286
v 0.02940667864283597 -0.03281520617899991 0.11084205390973434
v 0.028830956874768 -0.035065698381839816 0.11050005102483773
v 0.026597794842428968 -0.03264241564344905 0.11178880841026917
v 0.027444100729794307 -0.034059220978077676 0.11107228615943932
v 0.029096230935219403 -0.028210648922941672 0.11387427298686248
v 0.027181817392141205 -0.029312900028152233 0.11386058585242331
v 0.02781418932464308 -0.030302022465880096 0.11268568192698947
v 0.025209750419200594 -0.030308370122431594 0.11380191580569132
v 0.02584719017726056 -0.03138059383668956 0.1126980949524814
v 0.028614718842646658 -0.027524251337849304 0.11526028989839787
v 0.02668381054780844 -0.02854461233296912 0.11519212888441821
v 0.03191015776565109 -0.02481100009508519 0.1168030832456024
v 0.033420720734127496 -0.023610570121685992 0.1215237484478493
v 0.030143361569672233 -0.02600168923855395 0.11679894048417516
v 0.03046696616878286 -0.0263947556634736 0.11528140043406854
v 0.028278060348873035 -0.027067555759516804 0.11675002843351212
v 0.031732850628323206 -0.024667891720367985 0.11837975110613463
v 0.029965449802799027 -0.02582549980757798 0.11836668958207675
v 0.0339853875089946 -0.024361260617546954 0.1245824720428379
v 0.031696574762952734 -0.024712348204413148 0.11996611592757667
v 0.029938569537240056 -0.025862439430304196 0.1199530315153341
v 0.030062665459882343 -0.026095769214335984 0.12152599148994803
v 0.031803289016678615 -0.024929120294177043 0.12153864102668166
v 0.032431588759656016 -0.025768853457841523 0.12457358379778682
v 0.028096324347809398 -0.02685101445894844 0.1183104762005005
v 0.0263357098690431 -0.02802324428147207 0.11665471440310604
v 0.024346888744916084 -0.028879361570670614 0.1165210474045697
v 0.02470499156038697 -0.02946474406002264 0.11508659909424956
v 0.02614649706098371 -0.0277615827395028 0.11820786083918122
v 0.02820610180358507 -0.027111087179431115 0.12147783474937945
v 0.02807315196816873 -0.0268714726813557 0.11990069386636382
v 0.026119128514151546 -0.02775704324954109 0.11980097767510411
v 0.024100300979907896 -0.028528758450380165 0.1196496791449686
v 0.024144105150689654 -0.028567714140707023 0.11806033885951805
v 0.026250056559921076 -0.027989837068581602 0.12138278011839976
v 0.03073910096259236 -0.0270189889389727 0.12454119701646338
v 0.03669830496573212 -0.02113538842453133 0.12455886669503702
v 0.04274646580598285 -8.901436071817966e-08 0.12282842075102884
v 0.042869062552528536 -0.00492681431329578 0.128390951532813
v 0.04312591757571482 -0.00030656380917388343 0.1287200378521547
v 0.044090528674998186 1.2283722427587317e-08 0.11435674066114565
v 0.043986921492342734 1.0387787863230012e-08 0.11473373195102443
v 0.04382552164336806 -0.0007566128136471395 0.13220973833528937
v 0.04318099036275447 -1.9187055842871593e-09 0.1290645355491815
v 0.043531278770505555 -0.005414178151751936 0.1317858186374199
v 0.04391192835523583 -3.106801534385882e-09 0.13210513933129775
v 0.042215181448472805 -0.00948653647658726 0.12808275449669004
v 0.04112631039455694 -0.013912495320231866 0.12783247219720462
v 0.0395834750856805 -0.0181125573178198 0.1276640685637176
v 0.037566213484738764 -0.021980845541714755 0.12756586299264683
v 0.04292180074473073 -0.01004250478760127 0.13137140516558787
v 0.04195926102616099 -0.014572517133502605 0.1310062623259789
v 0.0406049022887367 -0.018909243528145714 0.13071132517818107
v 0.045017507783968735 -0.01136024815158232 0.13775151716296286
v 0.0388061923339178 -0.022945212500361523 0.1304725708943799
v 0.044642862533019745 -4.294897484484605e-09 0.13514574311341399
v 0.04794168318531078 -0.007916249174372003 0.1445937568678346
v 0.04553466631683323 -0.006631247358576953 0.13833054245901977
v 0.04587589481814813 -0.0019227896649970377 0.13889958850655582
v 0.04750125729158894 -0.012680816299022735 0.14391770092752054
v 0.04667890770418959 -1.7994089775787233e-08 0.1410631323104905
v 0.04829130783570612 -0.003212276134477998 0.14525286029269502
v 0.05138107543851689 -2.7755576933948015e-17 0.15266303215344834
v 0.04785444868409705 -1.3495567786587798e-08 0.1439631110859274
v 0.04902999347870196 -8.997044887893617e-09 0.14686307460257453
v 0.05119035963966345 -0.01525000453903358 0.15274410210358802
v 0.043883310494989836 8.491853298872707e-09 0.11511072324090321
v 0.04694729837245504 -0.01742497717651892 0.14322528756455455
v 0.044292623716335466 -0.016042012022940977 0.13718468363994596
v 0.043299207836631215 -0.02057464888068572 0.1366395938923759
v 0.041927419746572436 -0.024825297581115846 0.13611772802286204
v 0.04623510961792476 -0.022030490014287585 0.14250691900016044
v 0.04956605765211286 -0.018578946042364652 0.1492215189284618
v 0.049007494393160655 -0.023192658572295244 0.14843280734314845
v 0.04523137879632433 -0.026366511643577395 0.1417602148631314
v 0.04828147736038568 -0.027543444988052945 0.14755057463522903
v 0.0506182084284057 -0.030500016707462052 0.1529872661776377
v 0.03503700804234233 -0.025410340562395106 0.12748187861365778
v 0.03355555503008256 -0.02692098173216917 0.12742306360842282
v 0.031914588536735566 -0.028267068298180043 0.12734482416378867
v 0.036475675408038644 -0.02655425960781721 0.13024883125972941
v 0.04000237845640742 -0.028647677828587126 0.1356159427207082
v 0.03348489157457779 -0.0295687918402332 0.12999956366976484
v 0.03507053923289982 -0.028148156549367975 0.13012871406652415
v 0.03582618883544164 -0.030500010985415882 0.13276877461672498
v 0.03732752786549165 -0.030500012892764605 0.13415802639169527
v 0.03011003637277687 -0.02942823931280536 0.12724355920536556
v 0.02890820449806597 -0.0280988344187294 0.1244785673137816
v 0.028151349451130958 -0.03039246131294915 0.1271160186109288
v 0.029435704675708774 -0.03050000907806716 0.12803987729738786
v 0.026530625649785478 -0.02842380658687471 0.12291422092600257
v 0.026949561445440695 -0.029008645481840567 0.1243756086296921
v 0.03105978541080745 -0.03050000907806716 0.12915231936682758
v 0.032683866145906126 -0.030500010985415882 0.1302647614362673
v 0.041658083033340176 -0.030500012892764605 0.13858866014706095
v 0.04371600930906494 -0.030274608142678572 0.1410172949059696
v 0.04362503258965589 -0.03050001480011333 0.14105538084527858
v 0.042969381465984835 -0.030500012892764605 0.14023313044001284
v 0.044280679898629494 -0.03050001480011333 0.14187761599175452
v 0.04666624290866617 -0.03050001480011333 0.14539177631491818
v 0.04878642886142037 -0.030500016707462052 0.14910547583212974
v 0.04772633588504327 -0.030500016707462052 0.14724863370291885
v 0.03882886689554166 -0.030500012892764605 0.13554727816666556
v 0.03876630204271647 -0.030343446265455043 0.13537706636658875
v 0.03807819547316793 -0.030500012892764605 0.13485265227918042
v 0.024214875417722936 -0.028742829734351716 0.12123182491103446
v 0.025412013307225534 -0.035163491965586324 0.11121809915464631
v 0.02458245584900043 -0.033678399731962294 0.11184224469210413
v 0.022545149920324414 -0.03460481045101327 0.11186905438576034
v 0.023348122752042677 -0.036152131844087165 0.11132196573672815
v 0.023844184100677568 -0.032344068156133776 0.11267445908710094
v 0.025038111922278672 -0.03748603617380164 0.11089887764290207
v 0.023212309986192503 -0.031197394899155073 0.11371583334310653
v 0.022704856043632704 -0.030281335361626027 0.11495214626803918
v 0.02120228295895865 -0.03198399886412906 0.11360455098918809
v 0.021824023329676256 -0.03320229497302041 0.11262771378458769
v 0.021251727159915523 -0.03704467186450788 0.11138960032246015
v 0.020484488506530285 -0.03544148804202285 0.111871015140248
v 0.021115145732529816 -0.03962861058587119 0.11110156777704105
v 0.016976734967728557 -0.03864812271581419 0.11145915751570534
v 0.019179039912420315 -0.03268199694415719 0.11346335377789174
v 0.019787833200003435 -0.0339738976402848 0.11255806503860377
v 0.015653793124801862 -0.03537421966724574 0.1123685356106563
v 0.015075443983867398 -0.033928941430874104 0.11310464251817809
v 0.020693560629497787 -0.030993348640073748 0.1147857186478296
v 0.014565216756263766 -0.03267271578526909 0.11405707328851378
v 0.018669800691455407 -0.03161028439935709 0.1145800683084719
v 0.022113314725252797 -0.029258368928150036 0.1178687418655544
v 0.022335532295622018 -0.02962893436017966 0.11635192660796267
v 0.02031084920079751 -0.030266814715794732 0.11614203432504411
v 0.020063984870224427 -0.029825713620624805 0.11762865243764686
v 0.022042811487040792 -0.02917008919983588 0.11944687456990621
v 0.024480433673134128 -0.029169768765250348 0.12276379214688493
v 0.022126441099167282 -0.029345603429363765 0.12102796747947675
v 0.020000264164072856 -0.02978790233953199 0.12076970483293259
v 0.01995935534865323 -0.02967230365545248 0.11919022172568461
v 0.022360148538246305 -0.02974282596715172 0.12256632814824808
v 0.018272044096024898 -0.030799537214242223 0.1158843057361425
v 0.017996378799728374 -0.030275903232461765 0.11733439430599457
v 0.014135065750114917 -0.03166217954342354 0.1152267434490506
v 0.017841532600967325 -0.03008482885204833 0.12045039939784452
v 0.017851286782338827 -0.030044225212424447 0.11887557022148165
v 0.013796779334205866 -0.030941682377854107 0.11658180027610765
v 0.013562275577034821 -0.030526315231660384 0.11806340587626529
v 0.013444451970669458 -0.030392892373760638 0.11960280414274216
v 0.020186459546451818 -0.030131625652977112 0.1223195858879933
v 0.017970877547296427 -0.030358279716476977 0.12200955779709588
v 0.011465042658818092 -0.03676126273239433 0.1122398353481957
v 0.012706061966725746 -0.040169614792475716 0.11157874065126805
v 0.012856433525381683 -0.0429045392387839 0.11139770273983718
v 0.017036293838965655 -0.041442594589267134 0.1112496009261621
v 0.00721495614942419 -0.03813927640868631 0.11212632521096833
v 0.008403079432022786 -0.04160916335328224 0.11163092571234046
v 0.01037948085493734 -0.03378153770683179 0.11354176106921354
v 0.010899059813331835 -0.03519678664490211 0.11279047929524832
v 0.006133132272204134 -0.035003965133058035 0.11309135974166828
v 0.009916972631370258 -0.03257703554390812 0.11451583643286245
v 0.004117351727546126 -0.04302427114754703 0.1116258521647362
v 0.008586457660337277 -0.04394540232533162 0.11148689799553857
v -5.771559064136351e-09 -0.044773454885413955 0.11156190257673781
v 0.004281416619524581 -0.044565542430470284 0.11153942637938119
v -4.903920577000768e-07 -0.04023992729581538 0.11193429334149574
v 0.0029630326247910566 -0.03953131291279277 0.11200471265636391
v 0.0018900867406226873 -0.036310964401680135 0.11270425950355545
v -7.76602647017439e-08 -0.03799441327314357 0.1122988563470928
v 0.005652317315589794 -0.0336406227831465 0.1138330742544369
v 0.009524469827998372 -0.031637832236969254 0.11569878936990907
v 0.0052270686724972815 -0.03248036348121097 0.11478282710716492
v 0.009216488322281169 -0.030989596885134807 0.1170458582205125
v 0.009008827637368988 -0.03062098457819795 0.11849584760823095
v 0.00460277150081595 -0.030957881490562 0.11726296028160554
v 0.0048717648912779965 -0.031574840138030025 0.11594135072176215
v 0.012010842893787621 -0.03050000526336971 0.12082761194017522
v 0.0009591767051424921 -0.0334931389504578 0.11394862144010087
v 0.0014018482635675539 -0.03483660672667144 0.11323692859623868
v 2.8548928631552533e-09 -0.035794965536839474 0.11287553178952248
v -1.7171828309784832e-08 -0.03372223060562618 0.11380465475845813
v 0.0005741559539753499 -0.03234048234053377 0.11488694545927824
v 0.00026129959274668116 -0.03146768147205159 0.11604981782896484
v 2.765440280584104e-08 -0.030931861439277286 0.1172704370886013
v -1.559099183780192e-08 -0.03199735602723908 0.11527316831697831
v 3.6067696138706445e-05 -0.030902057208125333 0.1173635691120678
v 0.008118842510563273 -0.030500003356020988 0.12010253713766961
v 0.015757838997663698 -0.03050000526336971 0.12180569273614328
v 0.024884421576844007 -0.029753478509771947 0.12422495859812255
v 0.022733361370304017 -0.0303024058429735 0.12403832071083976
v 0.021045769737413345 -0.030500007170718435 0.12371946541005041
v 0.022752263196152978 -0.030500007170718435 0.12442671031668961
v 0.026114867497103456 -0.03050000907806716 0.12609541156782367
v 0.027775285132731753 -0.03050000907806716 0.1270676482473032
v 0.019339278186022435 -0.030500007170718435 0.12301222050341121
v 0.017548558115005886 -0.03050000526336971 0.12240895661977724
v 0.01388434094572566 -0.03050000526336971 0.1213166561528567
v 0.013455675764232344 -0.03049695350541226 0.1211488094651969
v 0.012947592396593821 -0.03050000526336971 0.12107213404651596
v 0.010064842702175447 -0.03050000526336971 0.12046507835361986
v 0.008917828983449616 -0.030499393004429498 0.11999366567253755
v 0.0061121757549428835 -0.030500001448672265 0.119878087969294
v 0.004435997219975896 -0.030610461735290917 0.11867780104704906
v 0.004105508999322494 -0.030499997633974818 0.1196536311715235
v 6.913601610955005e-09 -0.030607934498232403 0.1189426631201762
v 1.3827202312415265e-08 -0.030715909509464456 0.11838525189985294
v 0.04279929936562121 -6.626559794372444e-08 0.12507666609707258
v 0.04566088321125594 -1.1144493857509605e-08 0.13810443771195224
v 0.02019252491539225 -0.030500007170718435 0.12336584295673081
v 0.01341596667115974 -0.03050000526336971 0.12119439509968633
v 0.009091843083206541 -0.030500003356020988 0.12028380393094729
v 1.2050874109294814e-15 -0.03049995948700035 0.11950006671110458
v 0.0536877047289841 -0.03100000147242099 0.18644301727841928
v 0.052380457505027955 -0.030500001448672265 0.19127060845010035
v 0.0523463426657611 -0.03100000147242099 0.19137690117975836
v 0.05061820461370825 -0.030500001448672265 0.1960127503989728
v 0.05061820461370825 -0.03100000147242099 0.1960127503989728
v 0.05484355424067111 -0.03100000147242099 0.17036078690029655
v 0.05413949842109744 -0.03100000147242099 0.16480768605060092
v 0.05479344437500977 -0.030500001448672265 0.1697462544004047
v 0.05458334228373163 -0.03100000147242099 0.18125393011788837
v 0.053737185169566715 -0.030500001448672265 0.1862181637521143
v 0.052856676704893246 -0.03100000147242099 0.15929749291778705
v 0.05400214261013003 -0.030500001448672265 0.1640707780566153
v 0.051004782238270874 -0.03100000147242099 0.15391985289185506
v 0.052605967159293776 -0.030500003356020988 0.15845259846847703
v 0.05498307679978831 -0.03100000147242099 0.17587021709362105
v 0.054992865313436834 -0.030500001448672265 0.17538596414093277
v 0.054625662537206576 -0.030500001448672265 0.18090143681501303
v 0.04666624290866617 -0.03050001480011333 0.14539177631491818
v 0.04860600130158099 -0.03100000147242099 0.14876285496624675
v 0.04570548083910664 -0.03100000147242099 0.1439053107902133
v 0.04878642886142037 -0.030500016707462052 0.14910547583212974
v 0.0506182084284057 -0.030500016707462052 0.1529872661776377
v 0.034610944484507744 -0.03100000147242099 0.1317561250324939
v 0.030364655983259325 -0.03100000147242099 0.1286416076726482
v 0.032683866145906126 -0.030500010985415882 0.1302647614362673
v 0.04235844622578533 -0.03100000147242099 0.13941852468843052
v 0.044280679898629494 -0.03050001480011333 0.14187761599175452
v 0.02597452477803519 -0.03100000147242099 0.1260201857341725
v 0.029435704675708774 -0.03050000907806716 0.12803987729738786
v 0.03863521759435162 -0.03100000147242099 0.13535494112139723
v 0.041658083033340176 -0.030500012892764605 0.13858866014706095
v 0.03582618883544164 -0.030500010985415882 0.13276877461672498
v 0.022752263196152978 -0.030500007170718435 0.12442671031668961
v 0.02151273638862139 -0.03100000147242099 0.123881803674597
v 0.03882886689554166 -0.030500012892764605 0.13554727816666556
v 0.026114867497103456 -0.03050000907806716 0.12609541156782367
v 0.019339278186022435 -0.030500007170718435 0.12301222050341121
v 0.01687681469015545 -0.03100000147242099 0.12215364654905692
v 0.011942946047606151 -0.03100000147242099 0.12081233789159818
v 0.006753791653032748 -0.03100000147242099 0.11991673848382511
v 0.008118842510563273 -0.030500003356020988 0.12010253713766961
v 0.004105508999322494 -0.030499997633974818 0.1196536311715235
v 0.001369997804863271 -0.03100000147242099 0.11951707263232247
v -0.009692710383169545 -0.03100000147242099 0.12036082267239845
v -0.008007797621560897 -0.030500022429508222 0.12008608053288405
v -0.004139526086967271 -0.03100000147242099 0.11965667530008606
v 1.2050874109294814e-15 -0.03049995948700035 0.11950006671110458
v -0.015202979809932349 -0.03100000147242099 0.12164374357073626
v -0.011958602519602235 -0.03050001480011333 0.12081587793082882
v -0.019647028902544106 -0.030500052947087797 0.12312890446891434
v -0.015844908513212852 -0.03049998237518503 0.12183182341365395
v -0.004014225673606153 -0.030500291365678223 0.11964744373226477
v 0.015757838997663698 -0.03050000526336971 0.12180569273614328
v -0.020580672287954238 -0.03100000147242099 0.1234957334047948
v -0.025737698823793398 -0.03100000147242099 0.12589459063543362
v -0.03059522964838579 -0.03100000147242099 0.12879517213306713
v -0.02691715177593257 -0.03049999381927737 0.12653688650334338
v -0.023344393885288417 -0.030499991911928648 0.12470000287117422
v -0.035081979510542816 -0.03100000147242099 0.13214221819048078
v -0.03361353080187923 -0.03049999381927737 0.1309669862010665
v -0.03914548678362717 -0.03100000147242099 0.1358654239337298
v -0.04274421513448923 -0.03100000147242099 0.1398896245643222
v -0.04227459154650948 -0.03049996520904652 0.13931676381933933
v -0.04585862568280641 -0.03100000147242099 0.14413577955115997
v -0.04472978041434539 -0.030499934691466946 0.14249616155336042
v -0.036701532199772124 -0.030500016707462052 0.13353664269518895
v -0.0484799408097536 -0.03100000147242099 0.14852571811416304
v -0.04694665750328397 -0.03049997093109269 0.14584670187363535
v -0.04891301578149543 -0.030499907988584818 0.1493503336318458
v -0.05061820461370825 -0.03100000147242099 0.1529872661776377
v 0.012010842893787621 -0.03050000526336971 0.12082761194017522
v -0.030346332084073557 -0.03049999954132354 0.1286295379699265
v -0.0506182084284057 -0.03050001480011333 0.1529872661776377
v -0.03959358403391455 -0.030500028151554393 0.136324866094224
v -0.05397844189489298 -0.03100000147242099 0.18505249902389664
v -0.0546963793984756 -0.030500001448672265 0.1802692651541271
v -0.054696413730752624 -0.03100000147242099 0.18026924989533732
v -0.05499106477624194 -0.030500001448672265 0.1755000083358027
v -0.05499107622033428 -0.03100000147242099 0.1755000083358027
v -0.04691951211625245 -0.03100000147242099 0.20319822132131904
v -0.04928095479433292 -0.030500001448672265 0.19892060270993994
v -0.04928103108828186 -0.03100000147242099 0.19892055693357058
v -0.05283076727983449 -0.03100000147242099 0.1897935575986942
v -0.05397839611852362 -0.030500001448672265 0.18505251428268643
v -0.051260351708417584 -0.03100000147242099 0.19443508308770951
v -0.05126028304386354 -0.030500001448672265 0.19443512886407888
v -0.05283071005937279 -0.030500001448672265 0.18979360337506357
v -0.04420833416155068 -0.03100000147242099 0.20722010261586377
v -0.04691942819290862 -0.030500001448672265 0.2031982823564782
v -0.03441512462047047 -0.03100000147242099 0.21740232355847766
v -0.037908418548600054 -0.030500001448672265 0.21434885661657077
v -0.03790849865724644 -0.03100000147242099 0.2143488108402014
v -0.041189405490327236 -0.030500001448672265 0.21094791651362854
v -0.04118949322836851 -0.03100000147242099 0.2109478554784694
v -0.03075983956526196 -0.030500001448672265 0.22009400459452877
v -0.030759889156328768 -0.03100000147242099 0.22009398933573898
v -0.026992341369957984 -0.03100000147242099 0.22242093951950537
v -0.02316019931172031 -0.03100000147242099 0.2243859359507283
v -0.02699231657442458 -0.030500001448672265 0.22242095477829515
v -0.03441505595591643 -0.030500001448672265 0.21740236933484702
v -0.0442082464235094 -0.030500001448672265 0.20722016365102292
v -0.015159549479500378 -0.03100000147242099 0.2273693650475117
v -0.015159593348521017 -0.030500001448672265 0.2273693650475117
v -0.01926672645528149 -0.03100000147242099 0.22601499486599508
v -0.019266749343466172 -0.030500001448672265 0.2260149796072053
v -0.02316020503376648 -0.030500001448672265 0.2243859359507283
v -0.010841504611928676 -0.030500001448672265 0.22842093980449008
v -0.01084142259593357 -0.03100000147242099 0.2284209092869105
v -0.0017023336503831782 -0.03100000147242099 0.2294736589707025
v -0.0017025259349763566 -0.030500001448672265 0.229473765782231
v -0.0063424232634376465 -0.03100000147242099 0.2291328233832246
v -0.006342555824173923 -0.030500001448672265 0.22913288441838375
v 0.007816410435956822 -0.03100000147242099 0.22894175281750861
v 0.007816091431882832 -0.030500001448672265 0.2289419969581452
v 0.003034527445920643 -0.03100000147242099 0.22941587393377816
v 0.01258880293558251 -0.03100000147242099 0.2280395005773883
v 0.012588428141558361 -0.030500001448672265 0.22803980575318405
v 0.003034271145935935 -0.030500001448672265 0.22941604178046582
v 0.017294367657986198 -0.03100000147242099 0.22671021584628193
v 0.01729394804126705 -0.030500001448672265 0.22671058205723682
v 0.02187578114463462 -0.03100000147242099 0.22496190948882777
v 0.021875331010335897 -0.030500001448672265 0.2249623519937316
v 0.02627877550964941 -0.03100000147242099 0.22281591329314843
v 0.030452104107530076 -0.03100000147242099 0.22029984566875882
v 0.030451650158533905 -0.030500001448672265 0.22030039498519116
v 0.041198694278610226 -0.03100000147242099 0.2109371895844081
v 0.04119837765872214 -0.030500001448672265 0.21093769312447108
v 0.03794376934983967 -0.03100000147242099 0.21431499736203286
v 0.04663390190371208 -0.030500001448672265 0.203659616606906
v 0.044098024555481175 -0.03100000147242099 0.2073684943465448
v 0.046634065935702296 -0.03100000147242099 0.20365929617232048
v 0.04880480807371912 -0.03100000147242099 0.19985891147032753
v 0.04880472415037529 -0.030500001448672265 0.19985909457580497
v 0.04409778041484458 -0.030500001448672265 0.20736892159265885
v 0.02627831583860707 -0.030500001448672265 0.2228164168332114
v 0.03435251780597337 -0.030500001448672265 0.21745258601203687
v 0.034352945052087414 -0.03100000147242099 0.21745202143681475
v 0.03794339169479244 -0.030500001448672265 0.2143155466784652
v -0.03914548678362717 -0.03100000147242099 0.1358654239337298
v -0.035081979510542816 -0.03100000147242099 0.13214221819048078
v -0.05300000251736492 -0.03100000147242099 0.1735000082408078
v -0.03059522964838579 -0.03100000147242099 0.12879517213306713
v -0.04274421513448923 -0.03100000147242099 0.1398896245643222
v -0.020580672287954238 -0.03100000147242099 0.1234957334047948
v -0.015202979809932349 -0.03100000147242099 0.12164374357073626
v -0.025737698823793398 -0.03100000147242099 0.12589459063543362
v -0.04585862568280641 -0.03100000147242099 0.14413577955115997
v -0.05461597702038912 -0.03100000147242099 0.16801557194515482
v -0.05372566096857989 -0.03100000147242099 0.16272892008272422
v -0.054991057146847044 -0.03100000147242099 0.1735000082408078
v -0.05061820461370825 -0.03100000147242099 0.1529872661776377
v -0.0484799408097536 -0.03100000147242099 0.14852571811416304
v -0.009692710383169545 -0.03100000147242099 0.12036082267239845
v -0.05237244664038965 -0.03100000147242099 0.15770435319367948
v -0.05300000251736492 -0.03100000147242099 0.1755000083358027
v -0.054696413730752624 -0.03100000147242099 0.18026924989533732
v -0.05499107622033428 -0.03100000147242099 0.1755000083358027
v 0.05484355424067111 -0.03100000147242099 0.17036078690029655
v 0.05498307679978831 -0.03100000147242099 0.17587021709362105
v 0.001369997804863271 -0.03100000147242099 0.11951707263232247
v -0.004139526086967271 -0.03100000147242099 0.11965667530008606
v 0.02151273638862139 -0.03100000147242099 0.123881803674597
v 0.02597452477803519 -0.03100000147242099 0.1260201857341725
v 0.006753791653032748 -0.03100000147242099 0.11991673848382511
v 0.011942946047606151 -0.03100000147242099 0.12081233789159818
v 0.01687681469015545 -0.03100000147242099 0.12215364654905692
v 0.030364655983259325 -0.03100000147242099 0.1286416076726482
v 0.03863521759435162 -0.03100000147242099 0.13535494112139723
v 0.034610944484507744 -0.03100000147242099 0.1317561250324939
v 0.04235844622578533 -0.03100000147242099 0.13941852468843052
v 0.04570548083910664 -0.03100000147242099 0.1439053107902133
v 0.051004782238270874 -0.03100000147242099 0.15391985289185506
v 0.04860600130158099 -0.03100000147242099 0.14876285496624675
v 0.052856676704893246 -0.03100000147242099 0.15929749291778705
v 0.05413949842109744 -0.03100000147242099 0.16480768605060092
v -0.05283076727983449 -0.03100000147242099 0.1897935575986942
v -0.05397844189489298 -0.03100000147242099 0.18505249902389664
v -0.051260351708417584 -0.03100000147242099 0.19443508308770951
v -0.04928103108828186 -0.03100000147242099 0.19892055693357058
v -0.04420833416155068 -0.03100000147242099 0.20722010261586377
v -0.04691951211625245 -0.03100000147242099 0.20319822132131904
v -0.03790849865724644 -0.03100000147242099 0.2143488108402014
v -0.04118949322836851 -0.03100000147242099 0.2109478554784694
v -0.03441512462047047 -0.03100000147242099 0.21740232355847766
v -0.030759889156328768 -0.03100000147242099 0.22009398933573898
v -0.026992341369957984 -0.03100000147242099 0.22242093951950537
v -0.02316019931172031 -0.03100000147242099 0.2243859359507283
v -0.01926672645528149 -0.03100000147242099 0.22601499486599508
v -0.01084142259593357 -0.03100000147242099 0.2284209092869105
v -0.015159549479500378 -0.03100000147242099 0.2273693650475117
v -0.0063424232634376465 -0.03100000147242099 0.2291328233832246
v -0.0017023336503831782 -0.03100000147242099 0.2294736589707025
v 0.003034527445920643 -0.03100000147242099 0.22941587393377816
v 0.046634065935702296 -0.03100000147242099 0.20365929617232048
v 0.04880480807371912 -0.03100000147242099 0.19985891147032753
v 0.044098024555481175 -0.03100000147242099 0.2073684943465448
v 0.041198694278610226 -0.03100000147242099 0.2109371895844081
v 0.0536877047289841 -0.03100000147242099 0.18644301727841928
v 0.0523463426657611 -0.03100000147242099 0.19137690117975836
v 0.05458334228373163 -0.03100000147242099 0.18125393011788837
v 0.05061820461370825 -0.03100000147242099 0.1960127503989728
v 0.017294367657986198 -0.03100000147242099 0.22671021584628193
v 0.01258880293558251 -0.03100000147242099 0.2280395005773883
v 0.007816410435956822 -0.03100000147242099 0.22894175281750861
v 0.02187578114463462 -0.03100000147242099 0.22496190948882777
v 0.034352945052087414 -0.03100000147242099 0.21745202143681475
v 0.03794376934983967 -0.03100000147242099 0.21431499736203286
v 0.030452104107530076 -0.03100000147242099 0.22029984566875882
v 0.02627877550964941 -0.03100000147242099 0.22281591329314843
v -0.05300000251736492 -0.03100000147242099 0.1735000082408078
v -0.05300000251736492 -0.03100000147242099 0.1755000083358027
v -0.05300000251736492 -0.028000001329928637 0.1755000083358027
v -0.05300000251736492 -0.028000001329928637 0.1735000082408078
v -0.05300000251736492 -0.028000001329928637 0.1735000082408078
v -0.055121374841025084 -0.028000001329928637 0.1735000082408078
v -0.054991045702754704 -0.030500001448672265 0.1735000082408078
v -0.054991057146847044 -0.03100000147242099 0.1735000082408078
v -0.05300000251736492 -0.03100000147242099 0.1735000082408078
v -0.05300000251736492 -0.028000001329928637 0.1755000083358027
v -0.055121374841025084 -0.028000001329928637 0.1735000082408078
v -0.05300000251736492 -0.028000001329928637 0.1735000082408078
v -0.05512139009981487 -0.028000001329928637 0.1755000083358027
v -0.05300000251736492 -0.03100000147242099 0.1755000083358027
v -0.05499107622033428 -0.03100000147242099 0.1755000083358027
v -0.05499106477624194 -0.030500001448672265 0.1755000083358027
v -0.05512139009981487 -0.028000001329928637 0.1755000083358027
v -0.05300000251736492 -0.028000001329928637 0.1755000083358027
v -0.05237244664038965 -0.03100000147242099 0.15770435319367948
v -0.0523724428256922 -0.030500003356020988 0.15770435319367948
v -0.053725653339185 -0.030500001448672265 0.16272892008272422
v -0.05372566096857989 -0.03100000147242099 0.16272892008272422
v -0.05461597702038912 -0.03100000147242099 0.16801557194515482
v -0.054991057146847044 -0.03100000147242099 0.1735000082408078
v -0.054991045702754704 -0.030500001448672265 0.1735000082408078
v -0.05461596176159933 -0.030500001448672265 0.16801557194515482
v 0.04512661576034249 3.1243068980655114e-08 0.11058682013296295
v 0.047349169119081935 -4.6765805056836404e-08 0.10473692056311545
v 0.04711556849153142 0.004633383970989446 0.10475558969242016
v 0.04641375571405648 0.009216447314283616 0.10482206461012833
v 0.04486940597029365 0.009978209015809592 0.10791286218124974
v 0.045249029401410734 0.013697005922484462 0.1049497120160936
v 0.044657564376979764 0.004855518094852018 0.11108602669964274
v 0.019647028902544106 0.030500052947087797 0.12312890446891434
v 0.020571370148230184 0.03050003768829801 0.12352168097682803
v 0.020186005597455647 0.03013087415758009 0.12231696900554478
v 0.004014225673606153 0.0305002894583295 0.11964744373226477
v 3.6353276906550894e-05 0.03090278963003512 0.11736123451723035
v -1.3827280528963333e-08 0.030715901880069563 0.11838525952924783
v 0.04429774685500654 1.6075592465796673e-08 0.11360275808138809
v 0.04471218321502324 2.3659330723225893e-08 0.11209479292187297
v 0.04368519799778703 0.004526430821835958 0.11450665827080542
v 0.04501526474187001 0.00021808464370883657 0.11091927864484763
v 0.04373797433696369 0.009364306894670826 0.11123650888452463
v 0.04225825701204222 0.013684278184453169 0.11139838175598271
v 0.04337914100693174 0.014467483254002045 0.10813120783371044
v 0.043635904477379306 0.01801735009894223 0.10516325877916621
v 0.04159889418775542 0.022115025617057693 0.10552942395769094
v 0.041374132214189174 0.018744118627114226 0.10841934719065804
v 0.01797052087308515 0.030357640754654636 0.12200691039706779
v 0.015844908513212852 0.03049998237518503 0.12183182341365395
v 0.01774596870787848 0.030500016707462052 0.12248036775598159
v 0.038873079238950226 0.022738785870073386 0.10880157987482875
v 0.04024179268286687 0.017745674976175074 0.11160969310635149
v 0.04281456578480336 0.008963029333496908 0.11459482355819617
v 0.03772226894259045 0.021473193234887722 0.11187215954948204
v 0.036022065919940616 0.026444541279851963 0.10931464905203025
v 0.034791703923025 0.024829060780147127 0.11217020949039647
v 0.03936393161822149 0.017117091038237886 0.11485199520127054
v 0.04136503797547597 0.01318624177621519 0.11470133754030609
v 0.039142572354777805 0.025873606957079742 0.1062191212560748
v 0.02149571139391626 0.030500022429508222 0.12391444985534683
v 0.022732632763091676 0.03030139685549882 0.12403597085721252
v 0.022359612573255028 0.029741990548410868 0.12256374178337914
v 0.03684804328461189 0.020668952016268394 0.1150341241161712
v 0.04296920598990228 0.00436538717023538 0.11796566569828304
v 0.04346887794967058 9.081146435395357e-10 0.11661869602981323
v 0.043218282844994516 -1.605584915387283e-08 0.11816304577357606
v 0.04215468416166379 0.008781312405920505 0.11797569072317327
v 0.04296768774031845 -3.301981425868389e-08 0.119707387887944
v 0.04257401096380731 0.004380788057502527 0.12144906430123559
v 0.04181426437620761 0.00881952136922215 0.12136286739772739
v 0.04285707677315065 -6.101708566944229e-08 0.12126790431948642
v 0.04076061823851562 0.012980414053426204 0.11801765239508821
v 0.038813020642347595 0.016874724235954597 0.11811313427218195
v 0.03634415226946741 0.020367255224594816 0.11824516095081616
v 0.040502435700617845 0.013057552004172579 0.121323949854375
v 0.04062588312469417 0.013385573069252255 0.12459979839864133
v 0.036283586318104355 0.02055172827107654 0.12143999295070707
v 0.038651124882704835 0.017002539488607527 0.12135436825181589
v 0.038911111772494955 0.017444264286810007 0.12454282970697061
v 0.0338713623876119 0.02377454679878599 0.11519967435596801
v 0.033387681639540645 0.02337051502605547 0.11835478772604269
v 0.04183135040607189 0.009064367724845868 0.12473786755803129
v -2.7654562876916155e-08 0.03093186334662601 0.1172704294592064
v 0.037803968317808856 0.02758099305502193 0.10671780902390182
v 0.03640009099282748 0.02914886422324181 0.10738718924368396
v 0.034512635916605916 0.028199233440832083 0.10966237398309708
v 0.032919843329966 0.029862061965246767 0.11005518863798525
v 0.03318512883450975 0.03198798140826353 0.10906970732897037
v 0.03319454350780848 0.026363494217896966 0.11233060225924518
v 0.032222253422564684 0.025146903278764343 0.11525562070872297
v 0.03150179058927227 0.02779227579515986 0.11248323593348708
v 0.031225831561272344 0.03141000133930705 0.1104662070290896
v 0.029708743552813166 0.029108052682607077 0.11261111985069405
v 0.03092630914714345 0.026998410553595864 0.11383637015303094
v 0.031395057262059156 0.03332418981523588 0.10983082339295347
v 0.029408830132195973 0.032818650850794384 0.1108401847079854
v 0.028565566466044467 0.031483367507952886 0.11167986065118818
v 0.02939284845724255 0.034689676025112526 0.11039986181109462
v 0.02744626938529282 0.03406286401413938 0.11107076028046059
v 0.02659968311766514 0.032645608545212035 0.11178688580275598
v 0.029097434472263872 0.028212409405813377 0.11387135092861822
v 0.027183060983508867 0.02931485696794245 0.11385781638207693
v 0.02781576860938606 0.030304519185359036 0.11268319474425414
v 0.02584877518404971 0.03138328510573829 0.11269579087522352
v 0.025211005454660596 0.030310502538304362 0.11379927603505813
v 0.028615584778967085 0.02752547585572973 0.11525723051104553
v 0.026684705094359717 0.02854599516079359 0.1151891534204097
v 0.03191065367631918 0.024811494098404552 0.11679989415853687
v 0.03342044226121388 0.023610100913900034 0.12152093320113355
v 0.03014386892443266 0.026002276701960758 0.1167957819146892
v 0.03046779395812882 0.026395821871409986 0.11527824949397747
v 0.028278584869771972 0.027068250034452124 0.11674690038160573
v 0.03173305471463661 0.024667990902501602 0.11837663831301803
v 0.029965644352368814 0.025825639044034787 0.11836358441835504
v 0.033984712307546516 0.024360501492755038 0.12458003826586683
v 0.03169650037635252 0.02471210215642783 0.11996314046356815
v 0.02993847035510644 0.02586218384557526 0.11995004842193069
v 0.030062301156276172 0.02609519510237024 0.12152319150202207
v 0.03180296286004691 0.024928595773278106 0.1215358334093608
v 0.03243085633774623 0.02576800659500833 0.12457118053839533
v 0.028096516990030462 0.026851207101169505 0.1183073710367788
v 0.026336251556080548 0.02802405108998207 0.11665161686877923
v 0.024705901365728034 0.029466273753698813 0.11508369992418999
v 0.024347455227486936 0.028880284727452743 0.11651799564661225
v 0.026146701147297113 0.02776184595362663 0.11820475567545952
v 0.02807303943459405 0.02687122472602166 0.11989771077296041
v 0.028205718426491666 0.02711048064253707 0.1214750347614535
v 0.026119019795274312 0.0277568239044379 0.11979797932291092
v 0.02414433784723391 0.02856805937082596 0.11805724895458614
v 0.024100222778610236 0.028528588696343782 0.1196466807927754
v 0.02624967318282767 0.027989228624338836 0.1213799725010789
v 0.030738324671661932 0.0270180600601444 0.12453882427465146
v 0.036697770908089566 0.021134789517032182 0.12455636425351191
v 0.04274646580598285 -8.901436071817966e-08 0.12282842075102884
v 0.04253956424586258 0.004572621085870698 0.12493335554339069
v 0.043125520847180354 0.000306279435400153 0.12871744385789086
v 0.04281997502578294 -5.7363910851356866e-08 0.12595641925165157
v 0.042868692526876195 0.0049265034154538645 0.1283884338324981
v 0.04318099036275447 -1.9187055842871593e-09 0.1290645355491815
v 0.04382496851223827 0.0007562829615272854 0.13220749529319065
v 0.043530752342257895 0.0054138262459124675 0.13178362137169053
v 0.04391192835523583 -3.106801534385882e-09 0.13210513933129775
v 0.006011011409164935 0.03050015594391886 0.11986676594727186
v 0.004436170788709726 0.030610856556476662 0.11867532149370863
v 0.042214773275845996 0.009486175034004174 0.12808031309032408
v 0.04112581066919141 0.01391205567635112 0.12783011471418249
v 0.03958283803120688 0.01811201372343363 0.12766180263343418
v 0.03756542002766983 0.021980168432917946 0.12756368861510214
v 0.042921247613600944 0.010042110920089886 0.13136926893501766
v 0.04195862015698992 0.01457206127715771 0.1310042176481474
v 0.04060413934924734 0.018908705655805713 0.13070935679429851
v 0.04501692413525937 0.011359917226578808 0.13774997602519434
v 0.03880528062122801 0.022944575445887905 0.13047069406323608
v 0.044642862533019745 -4.294897484484605e-09 0.13514574311341399
v 0.04587532642822856 0.001922479124783008 0.13889800159241794
v 0.045534105556308546 0.00663093216920041 0.13832897080367168
v 0.04794127501268397 0.007916047949081684 0.14459274978770864
v 0.047500841489567236 0.012680615073732415 0.14391670910618437
v 0.009983200547418747 0.030500018614810775 0.12045097923185644
v 0.008917860454703552 0.030499412077916732 0.11999107930766861
v 0.008995499084489822 0.0305000205221595 0.12026852988237025
v 0.04829089966307931 0.0032120687103043277 0.14525185321256906
v 0.04667890770418959 -1.7994089775787233e-08 0.1410631323104905
v 0.05138107543851689 -2.7755576933948015e-17 0.15266303215344834
v 0.04902999347870196 -8.997044887893617e-09 0.14686307460257453
v 0.04785444868409705 -1.3495567786587798e-08 0.1439631110859274
v 0.051190237569345154 0.015255612144280395 0.15274416313874717
v 0.04429198666186185 0.016041657256078423 0.1371831882785468
v 0.046946859682248654 0.017424773090205514 0.14322429574321838
v 0.043298490673511214 0.020574261688894868 0.1366381595661359
v 0.04192660340131882 0.024824877964396697 0.1361163394729914
v 0.04623463659544136 0.022030282113276733 0.14250595769640384
v 0.049565847843753286 0.018578867841066993 0.1492210306471886
v 0.04900727314070874 0.023192580370997584 0.14843231906187526
v 0.04828124084914398 0.027543366786755286 0.14755008635395583
v 0.04523085236807667 0.026366298020520373 0.14175928407695437
v 0.0506182084284057 0.030500016707462052 0.1529872661776377
v 0.009009085129446648 0.030621413731660718 0.11849318494941308
v 0.011958602519602235 0.03050001480011333 0.12081587793082882
v 0.035036069626770416 0.025409518495095318 0.12747980341824672
v 0.03355456320874639 0.026920089092966615 0.12742102655998622
v 0.0319135566610762 0.028266110809120892 0.12734283289172144
v 0.03647463018093822 0.026553519556512528 0.1302470459813243
v 0.04000146292902018 0.028647227694288402 0.1356146304647865
v 0.03348375479473864 0.029567965958235964 0.12999785468530867
v 0.036701532199772124 0.030500016707462052 0.13353664269518895
v 0.03506944441473259 0.028147372629042655 0.1301269745644884
v 0.03361353080187923 0.03049999381927737 0.1309669862010665
v 0.028907405318950863 0.028097834967998336 0.12447621746015436
v 0.03010898351628155 0.029427228417981954 0.127241590821483
v 0.026948760358976864 0.029007604069437587 0.12437327403485465
v 0.028150294687286914 0.030391414178499998 0.12711406548583604
v 0.026530013390845264 0.02842292157706705 0.12291164981992342
v 0.028631741930003063 0.030499997633974818 0.12758321223663494
v 0.030346332084073557 0.03049999954132354 0.1286295379699265
v 0.031979932396650756 0.030499997633974818 0.1297982544561016
v 0.04227459154650948 0.03049996520904652 0.13931676381933933
v 0.043715406586868344 0.030274386890226657 0.14101640989616193
v 0.04472978041434539 0.030499934691466946 0.14249616155336042
v 0.04694665750328397 0.03049997093109269 0.14584670187363535
v 0.04891301578149543 0.030499907988584818 0.1493503336318458
v 0.04350218407307871 0.030499949950256733 0.14090647031574477
v 0.03959358403391455 0.030500028151554393 0.136324866094224
v 0.03814755811684334 0.030500022429508222 0.13493076202410137
v 0.03887056916803022 0.030500024336856946 0.1356278140591627
v 0.03876533692426243 0.03034297896501781 0.13537576936945683
v 0.008007797621560897 0.030500022429508222 0.12008608053288405
v 0.02421451874351166 0.028742242270944907 0.1212290172937136
v 1.2062715765985149e-15 0.030499938506164392 0.11950008959928926
v -6.913639809734294e-09 0.030607919239442616 0.118942678378966
v 0.025414136186354686 0.035167299033638244 0.11121681741630418
v 0.02550416686079693 0.037204759457560854 0.11086452247769607
v 0.024584307884610856 0.03368175666571549 0.11184052807825307
v 0.023350163615176722 0.03615608005594462 0.11132086710386346
v 0.022546952364868034 0.03460832378736178 0.11186751324799182
v 0.023845746219282038 0.03234692536452144 0.11267231522713583
v 0.02321356311430378 0.031199691347018055 0.11371331564279163
v 0.022705779200414833 0.030283013828502625 0.11494933102132343
v 0.02182555302335243 0.033205316213398284 0.11262573014191535
v 0.02120352464297759 0.03198645552928481 0.11360216298858639
v 0.02154765612904952 0.039413801157943684 0.11108505013709635
v 0.021253666933567228 0.03704874596138108 0.11138865427749334
v 0.020486218471822415 0.035445146336874345 0.11186964184916715
v 0.016978470655066857 0.038652379918164836 0.11145845561137513
v 0.019789320932007692 0.033977075283257996 0.11255624924261909
v 0.019180264430300742 0.03268462527069804 0.11346111836518791
v 0.015655170230580162 0.03537770630071213 0.1123670860256265
v 0.015076636076819527 0.03393194741246219 0.11310278094582404
v 0.020694499045069703 0.030995187324243112 0.11478301021264237
v 0.014566205716576852 0.03267514574754271 0.11405481498762526
v 0.018670756273165834 0.03161230046695773 0.11457748194360295
v 0.02233612738842372 0.02962998721667498 0.11634892825576948
v 0.02211359129081769 0.029258820969797483 0.11786569010759695
v 0.02031148244057368 0.030268016345490478 0.11613911226679985
v 0.020064318656251023 0.029826297269334168 0.11762563882666388
v 0.02204278859885611 0.029170001461794604 0.1194438914765028
v 0.024479844302378595 0.029168887570140134 0.12276122104080578
v 0.022126141645417707 0.02934507509376738 0.121025152232761
v 0.019959404939720038 0.029672334173032056 0.1191872462616761
v 0.020000046726318388 0.02978747700076667 0.12076688195682195
v 0.01827272311217043 0.030800910505323076 0.11588147523063697
v 0.017996781250309013 0.030276643283766447 0.11733144173017074
v 0.014135841087370982 0.0316639610071312 0.11522414945478676
v 0.017851420296749465 0.030044396873809553 0.11887262527505271
v 0.01784141243799775 0.030084535120344924 0.12044756889233899
v 0.013562596965294715 0.030526820679072086 0.11806054485318018
v 0.013797331511661293 0.0309427981768573 0.1165789926587868
v 0.01344453684768765 0.03039290381785298 0.11960001941360598
v 0.012707647927189258 0.04017397117695998 0.11157821422302039
v 0.011466369219855221 0.036764978247707525 0.11223877486230549
v 0.0174840458591341 0.04126083951471626 0.1112318778418242
v 0.013269956265359872 0.042780012255330124 0.11138571696045929
v 0.008404569071375767 0.04161356169943842 0.1116305213544111
v 0.007216247424509936 0.03814309492083057 0.11212553938329428
v 0.010900246184237794 0.035200097802285946 0.11278906022779811
v 0.010380512730596703 0.03378434532415264 0.11353993001443907
v 0.006134187989722539 0.035007039779200166 0.11308998645058743
v 0.009917836660341961 0.03257924425372982 0.1145136239083433
v 0.008912167972438545 0.04388134211110728 0.1114820685885709
v 0.0041187865306233085 0.043028684752492996 0.11162553173015066
v 0.004482295249213508 0.0445457098184443 0.11153738933094459
v -1.3470117395139257e-08 0.04477349303238842 0.11156191020613271
v 8.700047014236801e-08 0.0402397823373124 0.11193430860028553
v 0.013415967624834102 0.030500003356020988 0.12119685939423697
v 0.013455525083683195 0.03049660064589843 0.12114616969456371
v 0.01293017925642348 0.030500007170718435 0.12106986048683765
v 0.002964297196994675 0.03953517720130639 0.1120041251929571
v 0.001891147584140787 0.03631421070920737 0.11270328294100906
v 7.766081039859088e-08 0.03799443616132825 0.1122988563470928
v 0.005653231412465487 0.03364322440680523 0.11383135001119093
v 0.00952514598312082 0.031639392448225 0.11569628692838396
v 0.005227823028917389 0.032482408159042464 0.11478075191175385
v 0.009216963252113297 0.030990546744799063 0.11704321082048441
v 0.004872340910592465 0.03157627827896747 0.11593899323874002
v 0.0046031515400490886 0.030958735982790087 0.11726047309887022
v 0.0014027858446744035 0.034839505896731016 0.11323567737547613
v 0.0009599754670250663 0.03349561850379823 0.11394701163777832
v -2.8549883601034753e-09 0.03579498461032671 0.11287552416012758
v 1.7171477244813273e-08 0.03372224586441597 0.11380464712906324
v 0.0005747995053555569 0.032342416392139306 0.11488495418721101
v 0.0002617704694627722 0.03146897083978861 0.11604755952807633
v 1.5591173736750915e-08 0.03199736174928525 0.11527316068758342
v 0.024883643378564857 0.029752435190020243 0.1242226240032851
v 0.023344393885288417 0.030499991911928648 0.12470000287117422
v 0.025130772830610493 0.03049999381927737 0.1256184446872588
v 0.027774445899293454 0.030499995726626095 0.12706004936998916
v 0.02691715177593257 0.03049999381927737 0.12653688650334338
v 0.013901755039570363 0.030499997633974818 0.12132385067224138
v 0.04566088321125594 -1.1144493857509605e-08 0.13810443771195224
v 0.042783220415882894 -7.318913760375775e-08 0.12439241618664276
v 0.04280159962818164 -6.52765260465468e-08 0.12517442153384462
v 0.04279241002203227 -6.92328281871733e-08 0.12478342267494114
v 0.04279700291775823 -6.725467711686005e-08 0.12497891828969543
v 0.04279929936562121 -6.626559794372444e-08 0.12507666609707258
v 0.043883310494989836 8.491853298872707e-09 0.11511072324090321
v 0.044090528674998186 1.2283722427587317e-08 0.11435674066114565
v 0.043986921492342734 1.0387787863230012e-08 0.11473373195102443
v -1.3655555188186263e-08 0.04541985918247393 0.11142204813894274
v -1.3470117395139257e-08 0.04477349303238842 0.11156191020613271
v 0.004482295249213508 0.0445457098184443 0.11153738933094459
v 0.00903734345445828 0.0445180608913498 0.11134426645800222
v 0.008912167972438545 0.04388134211110728 0.1114820685885709
v 0.004544524408663375 0.04519098877975747 0.11139909128970782
v -1.3814945051737283e-08 0.046016336719350015 0.11105165627564695
v 0.004599712113463605 0.04578726795236632 0.11102901986099756
v 0.009149327712706934 0.045107111212296935 0.11097424843505621
v 0.013619053533833192 0.043979837599184 0.11087830879426885
v 0.013454912824742982 0.043402506028793475 0.11124824289387103
v 0.009226044139385436 0.04553439165861706 0.11041929387988869
v 0.013269956265359872 0.042780012255330124 0.11138571696045929
v 0.0174840458591341 0.04126083951471626 0.1112318778418242
v 0.01772883690164484 0.0418631802415681 0.1110949302034836
v 0.021839902007798617 0.03996751212174354 0.1109281668898987
v 0.017946982282489587 0.04242338382042243 0.11072501136267121
v 0.01809522905466765 0.04283284200027104 0.11016946934409688
v 0.022100094891250865 0.04047667886345696 0.11055436468708546
v 0.026087056445367462 0.038135904216143324 0.11029868077601535
v 0.02227989302601152 0.04084829905933063 0.11001007602597923
v 0.02154765612904952 0.039413801157943684 0.11108505013709635
v 0.013729839023409185 0.04440017529615092 0.11032320165120346
v -1.3918366427672239e-08 0.04644804221470844 0.11049794531184709
v 0.0046369488057534936 0.046219198514874105 0.11047439336981046
v 0.006927885861436056 0.04614631109075784 0.10982111880264878
v 0.0034701859215083286 0.04652892142997578 0.10985542056209052
v -1.3953053647750711e-08 0.04665587074630828 0.10987011477665565
v 0.01034840728320996 0.04550933291108894 0.10977184054103084
v 0.013716002162095231 0.044622499678048655 0.1096950430520316
v 0.017256628856144873 0.04339674583564879 0.10957321687437016
v 0.020680268316244366 0.04189422043469282 0.10945165772553
v 0.023977069086237313 0.04012035941904246 0.1093302740527724
v 0.029895730484912342 0.0354446046498369 0.10979805514188534
v 0.02550416686079693 0.037204759457560854 0.11086452247769607
v 0.02939284845724255 0.034689676025112526 0.11039986181109462
v 0.031395057262059156 0.03332418981523588 0.10983082339295347
v 0.03318512883450975 0.03198798140826353 0.10906970732897037
v 0.0334658486049233 0.032550859090028084 0.10850387325668454
v 0.027128125525577307 0.03809639539468668 0.10913992827957131
v 0.03640009099282748 0.02914886422324181 0.10738718924368396
v 0.037803968317808856 0.02758099305502193 0.10671780902390182
v 0.04687534554921324 0.007566308380925757 0.10425941962490803
v 0.04641375571405648 0.009216447314283616 0.10482206461012833
v 0.04711556849153142 0.004633383970989446 0.10475558969242016
v 0.04204641160403089 0.02193245801195065 0.10468182870258858
v 0.04159889418775542 0.022115025617057693 0.10552942395769094
v 0.043635904477379306 0.01801735009894223 0.10516325877916621
v 0.04012014198128799 0.02518092465794375 0.1050721790629261
v 0.039142572354777805 0.025873606957079742 0.1062191212560748
v 0.045249029401410734 0.013697005922484462 0.1049497120160936
v 0.04505132889153218 0.014959203476942462 0.10434621925061283
v 0.04611256627714333 0.011304496348397142 0.10428873938948424
v 0.04733328090421596 0.0037762379055732154 0.10424622077174206
v 0.047349169119081935 -4.6765805056836404e-08 0.10473692056311545
v 0.030113482951920068 0.03584900835556848 0.10881034604956152
v 0.03176082380470069 0.03399075478830227 0.10924030059879186
v 0.03296064151915967 0.0334288536690841 0.10796764123658598
v 0.03555628754698725 0.03091321901285471 0.10682059986130366
v 0.037938859834225624 0.028201472668233363 0.1057400410331244
v 0.04369395654312491 0.01851224033546095 0.10446027107487765
v 0.0474842475556736 -4.996272274115937e-08 0.10424300116709695
v -0.004281233514047134 0.044565576762747305 0.11153942637938119
v -1.3470117395139257e-08 0.04477349303238842 0.11156191020613271
v -1.3655555188186263e-08 0.04541985918247393 0.11142204813894274
v -0.008580409457535354 0.04394642847894481 0.1114869895482773
v -0.00454454968103396 0.04519098496506002 0.11139909128970782
v -1.3814945051737283e-08 0.046016336719350015 0.11105165627564695
v -0.004599737862671371 0.04578726795236632 0.11102901223160266
v -0.009037367296317322 0.04451805707665235 0.11134426645800222
v -0.009149351554565976 0.04510710739759949 0.11097424843505621
v -1.3918366427672239e-08 0.04644804221470844 0.11049794531184709
v -0.012854150428959765 0.042905576836489434 0.11139775614560143
v -0.01345493380557894 0.04340249839939858 0.11124824289387103
v -0.017034436081309057 0.04144337660224373 0.11124967722011103
v -0.0211131887927396 0.03962949178098141 0.11110164407098999
v -0.017728855975132074 0.041863172612173205 0.1110949302034836
v -0.013619075468343511 0.04397982996978911 0.11087830879426885
v -0.01794700135597682 0.04242337619102754 0.11072501136267121
v -0.021839919173937128 0.0399675006776512 0.1109281668898987
v -0.022100112057389376 0.04047666741936462 0.11055436468708546
v -0.025036441084796968 0.03748703943923015 0.11089899208382548
v -0.009226067981244479 0.04553438784391961 0.11041929387988869
v -0.00463697503179844 0.04621919470017666 0.11047439336981046
v -0.013729860004245142 0.04440016766675603 0.11032320165120346
v -1.3953053647750711e-08 0.04665587074630828 0.10987011477665565
v -0.004651455623306544 0.04642729788999267 0.10984522006111774
v -0.00925745531183686 0.045740907934295194 0.10978966280750235
v -0.013772947965581261 0.04460521909861459 0.109693364585155
v -0.018095248128154884 0.04283283437087615 0.11016946934409688
v -0.022279910192150032 0.04084828761523829 0.11001007602597923
v -0.018154236702123683 0.043034456389730025 0.10953909822040586
v -0.026342166244471832 0.03863342850124907 0.10919669860697478
v -0.02235684882495481 0.041033628505389164 0.1093966040119776
v -0.026087069796808526 0.03813589658674843 0.11029867314662045
v -0.029895743836353406 0.035444597020442004 0.10979805514188534
v -0.028829577861640976 0.03506656431816024 0.11050027990668454
v -0.03068720581852591 0.0338164803354446 0.11007446811888144
v -0.03176083524879303 0.033990747158907375 0.10924030059879186
v -0.032459420792227967 0.03254421007237829 0.10939702362869674
v -0.030075643060596402 0.03587942293831192 0.10881644193608153
v -0.03575185182629559 0.029792264446062422 0.10773679863528951
v -0.03346586004901564 0.03255085146063319 0.10850387325668454
v -0.03871821778139939 0.026435471836672164 0.10636593370201286
v -0.037271531921669876 0.02820410290212294 0.10695333607366297
v -0.04134554105682531 0.022552567599509743 0.10558730817674888
v -0.0393981570837143 0.02624757891392937 0.10526101421593825
v -0.045198091746403435 0.013857324304732965 0.10495580027321871
v -0.04543379427224714 0.013764753041791145 0.10432323188379833
v -0.04640021735281774 0.009282075369158593 0.10482344553060408
v -0.04711396631860376 0.004648741466073136 0.10475585672124144
v -0.046570452041079236 0.009251923046864619 0.10426995581925613
v -0.04385235803990639 0.018140005973298345 0.1044442951219704
v -0.04350854317372255 0.018309111511115583 0.10518215679031773
v -0.04183416946748508 0.022323706733536897 0.10471750375311117
v -0.047349169119081935 -4.6765805056836404e-08 0.10473692056311545
v -0.0472554801497882 0.004648539287108455 0.10424850196081525
v -0.031831983170873546 0.034420461382198564 0.10838174190322736
v -0.03350027624938079 0.03293417896297113 0.10775041710517463
v -0.03659601003899837 0.029790946468094548 0.10631892900007323
v -0.038036435980217664 0.02807868327946661 0.10570210768171329
v -0.0474842475556736 -4.996272274115937e-08 0.10424300116709695
v -0.04711396631860376 0.004648741466073136 0.10475585672124144
v -0.047349169119081935 -4.6765805056836404e-08 0.10473692056311545
v -0.04512661576034249 -1.1212792365383248e-08 0.11058682013296295
v -0.044867906794197054 0.009977322098653207 0.10791692101933315
v -0.04640021735281774 0.009282075369158593 0.10482344553060408
v -0.045198091746403435 0.013857324304732965 0.10495580027321871
v -0.044656328415006996 0.004855045072368613 0.11108992532043338
v -0.04279700291775823 6.725467711686005e-08 0.12497891828969543
v -0.04253969013087833 0.004572843768834156 0.12493620130768601
v -0.04279241002203227 6.92328281871733e-08 0.12478342267494114
v -0.04368429009979469 0.004526164269851862 0.11451032038035436
v -0.04471218321502324 -8.636623034398308e-09 0.11209479292187297
v -0.04429774685500654 -6.060453248665995e-09 0.11360275808138809
v -0.04501395630064575 0.00021769538065648068 0.11092325355958721
v -0.04373678796605773 0.009363717523915294 0.11124033884076123
v -0.04337764564553259 0.01446634361313981 0.10813519037784491
v -0.04225709734401839 0.013683535272125402 0.11140215067706016
v -0.04350854317372255 0.018309111511115583 0.10518215679031773
v -0.041372621594000236 0.018742669042084437 0.1084232305526589
v -0.04134554105682531 0.022552567599509743 0.10558730817674888
v -0.038871534286484266 0.022736964352042532 0.10880528776074705
v -0.04280159962818164 6.527651877058884e-08 0.12517442153384462
v -0.04281997502578294 5.7363907213377886e-08 0.12595641925165157
v -0.04024063301484304 0.017744730838556988 0.11161338573348001
v -0.042813711292575274 0.008962712713608822 0.11459841700319107
v -0.03772109783047428 0.02147198779049453 0.11187573773568715
v -0.03479045270226244 0.02482750056889138 0.11217358168293945
v -0.03602042941473593 0.026442252461383875 0.1093180593915477
v -0.039363161049337236 0.017116619923103205 0.11485545894655225
v -0.04136422925961725 0.01318586030647051 0.11470486995014184
v -0.03871821778139939 0.026435471836672164 0.10636593370201286
v -0.042783220415882894 7.318913760375775e-08 0.12439241618664276
v -0.036847303233307205 0.020668353108769244 0.11503752682629376
v -0.04346887794967058 -9.081144161658494e-10 0.11661869602981323
v -0.042968652858772494 0.004365310876286443 0.11796908366719538
v -0.043218282844994516 1.605585097286232e-08 0.11816304577357606
v -0.042154188250995706 0.008781238019320292 0.11797902476874178
v -0.04257381259954007 0.004380878656566889 0.12145220761193176
v -0.04296768774031845 3.301981789666287e-08 0.119707387887944
v -0.041814115603007185 0.008819647254237895 0.12136591915568484
v -0.04285707677315065 6.101708930742127e-08 0.12126790431948642
v -0.04076018717770413 0.012980348249895246 0.11802091014670779
v -0.03881266587548504 0.016874667015492895 0.11811633861803728
v -0.03634386998185635 0.020367198004133114 0.11824831952030213
v -0.040502374665458696 0.013057734155975664 0.12132691768898862
v -0.040626146338818 0.013385924975091723 0.1246024686868541
v -0.03628375035009457 0.02055208494528782 0.12144283871500239
v -0.03865117447377164 0.017002800795382633 0.12135726742187547
v -0.03891150087163453 0.01744472395785235 0.12454541607183955
v -0.03338746038708873 0.023370438732106535 0.11835791577794907
v -0.03387060326281999 0.023773753341717052 0.11520297788395695
v -0.04183151825275955 0.009064640475713315 0.12474062176958789
v -0.037271531921669876 0.02820410290212294 0.10695333607366297
v -0.03451088115578038 0.028196652798009314 0.10966550203500347
v -0.03575185182629559 0.029792264446062422 0.10773679863528951
v -0.03291794742533494 0.029859172331930806 0.11005795810833163
v -0.033193212178399545 0.026361707032143133 0.1123338066051005
v -0.032221463780193194 0.025145980121982214 0.11525886320155276
v -0.03150036198507844 0.027790246376118155 0.11248622665628538
v -0.029707221488531887 0.029105773400882606 0.11261385880346086
v -0.031223792605487022 0.03140681225224151 0.11046854925332195
v -0.030925168552606852 0.026996850342340117 0.11383946768735775
v -0.032459420792227967 0.03254421007237829 0.10939702362869674
v -0.03068720581852591 0.0338164803354446 0.11007446811888144
v -0.028563678190808295 0.03148036343371352 0.11168204265812776
v -0.029406676735487247 0.03281519473490757 0.11084206153912923
v -0.028829577861640976 0.03506656431816024 0.11050027990668454
v -0.026597794842428968 0.03264240801405416 0.11178880841026917
v -0.027444098822445584 0.034059209533985335 0.11107228615943932
v -0.029096230935219403 0.028210643200895502 0.11387428061625737
v -0.027181817392141205 0.029312894306106063 0.1138605934818182
v -0.02781418932464308 0.03030201292913648 0.11268568955638436
v -0.025209750419200594 0.0303083624930367 0.11380192343508622
v -0.02584719017726056 0.03138058620729467 0.1126980949524814
v -0.02861472074999538 0.027524245615803133 0.11526029752779277
v -0.026683812455157163 0.02854460661092295 0.1151921365138131
v -0.031910159672999816 0.024810996280387743 0.1168030908749973
v -0.03342072454882494 0.02361056821433727 0.1215237560772442
v -0.030143363477020957 0.026001685423856502 0.11679894811357006
v -0.03046696616878286 0.02639474994142743 0.11528140806346343
v -0.02827806225622176 0.027067551944819357 0.11675003606290701
v -0.03173285253567193 0.02466788981301926 0.11837975873552953
v -0.02996545171014775 0.025825497900229255 0.11836669721147164
v -0.03398539132369205 0.024361260617546954 0.1245824796722328
v -0.03169657667030146 0.024712346297064425 0.11996612355697156
v -0.029938573351937503 0.025862439430304196 0.11995303914472899
v -0.03006266927457979 0.026095769214335984 0.12152599148994803
v -0.03180329283137606 0.024929120294177043 0.12153864865607655
v -0.03243159257435346 0.025768853457841523 0.12457359142718172
v -0.02809632625515812 0.026851012551599718 0.1183104838298954
v -0.026335713683740547 0.028023240466774624 0.11665472203250093
v -0.02434689255961353 0.028879357755973167 0.1165210550339646
v -0.024704993467735692 0.02946473833797647 0.11508660672364446
v -0.026146500875681156 0.027761580832154076 0.11820786846857612
v -0.02820610752563124 0.02711108527208239 0.12147784237877435
v -0.028073155782866177 0.0268714726813557 0.11990070149575871
v -0.026119132328848993 0.02775704324954109 0.11980098530449901
v -0.024100304794605343 0.02852875654303144 0.1196496867743635
v -0.0241441089653871 0.0285677122333583 0.11806034648891295
v -0.026250060374618522 0.027989837068581602 0.12138278011839976
v -0.03073910668463853 0.0270189889389727 0.12454120464585827
v -0.03669830878042957 0.02113538651718261 0.12455886669503702
v -0.04274646580598285 8.901436071817966e-08 0.12282842075102884
v -0.04286906636722598 0.004926813836458599 0.12839096679160278
v -0.04312591757571482 0.000306563421743674 0.12872005311094448
v -0.044090528674998186 -4.772368583173525e-09 0.11435674066114565
v -0.043986921492342734 -4.12832625042729e-09 0.11473373195102443
v -0.04382552164336806 0.0007566125156239015 0.13220975359407916
v -0.04318099036275447 1.9187037652976693e-09 0.1290645355491815
v -0.043531278770505555 0.005414177198077574 0.1317858186374199
v -0.04391192835523583 3.106800624891137e-09 0.13210513933129775
v -0.042215181448472805 0.009486535522912898 0.12808276975547983
v -0.04112631039455694 0.013912494366557504 0.1278324798265995
v -0.039583478900377944 0.0181125573178198 0.12766407619311249
v -0.03756621729943621 0.021980843634366032 0.12756586299264683
v -0.04292180074473073 0.010042503833926908 0.13137140516558787
v -0.04195926102616099 0.014572516179828243 0.13100627758476868
v -0.040604906103434146 0.01890924162079699 0.13071132517818107
v -0.04501751159866618 0.011360247197907958 0.13775151716296286
v -0.0388061923339178 0.022945212500361523 0.1304725708943799
v -0.044642862533019745 4.294897484484605e-09 0.13514574311341399
v -0.04794168318531078 0.007916248220697641 0.1445937568678346
v -0.04553466631683323 0.006631246881739772 0.13833054245901977
v -0.04587589481814813 0.001922789307369152 0.1388996037653456
v -0.04750125729158894 0.012680814391674011 0.14391770092752054
v -0.04667890770418959 1.7994089775787233e-08 0.1410631323104905
v -0.04829130783570612 0.003212275419222227 0.14525286029269502
v -0.051381079253214335 -2.864375539583435e-17 0.15266304741223813
v -0.04785444868409705 1.3495566877093053e-08 0.1439631110859274
v -0.04902999347870196 8.997044887893617e-09 0.14686308986136432
v -0.05119035963966345 0.015250003585359218 0.15274410210358802
v -0.043883310494989836 -3.4842839176810545e-09 0.11511072324090321
v -0.04694729837245504 0.017424975269170195 0.14322528756455455
v -0.04429262753103291 0.016042010115592253 0.13718468363994596
v -0.04329921165132866 0.020574646973336996 0.1366396091511657
v -0.04192742356126988 0.024825295673767123 0.13611772802286204
v -0.04623511343262221 0.02203048810693886 0.14250691900016044
v -0.04956605765211286 0.01857894413501593 0.1492215189284618
v -0.049007494393160655 0.02319265666494652 0.14843280734314845
v -0.045231382611021775 0.02636650973622867 0.1417602148631314
v -0.04828147736038568 0.027543443080704222 0.14755057463522903
v -0.0506182084284057 0.03050001480011333 0.1529872661776377
v -0.03503701185703978 0.025410340562395106 0.12748188624305268
v -0.03355555884478001 0.02692098173216917 0.1274230712378177
v -0.03191459425878174 0.028267068298180043 0.12734483179318357
v -0.03647567922273609 0.026554257700468487 0.13024883125972941
v -0.040002382271104864 0.028647677828587126 0.1356159427207082
v -0.033484899203972684 0.0295687918402332 0.12999957892855463
v -0.03447645732602034 0.03050000907806716 0.13164732986131078
v -0.035070546862294716 0.028148156549367975 0.13012871406652415
v -0.037549417371880445 0.03050000907806716 0.1343124300855525
v -0.030110042094823042 0.02942823931280536 0.12724355920536556
v -0.02890821022011214 0.0280988344187294 0.1244785673137816
v -0.02815135517317713 0.03039246131294915 0.1271160262403237
v -0.026949567167486865 0.02900864738918929 0.124375616259087
v -0.026530631371831648 0.028423808494223435 0.12291422855539746
v -0.029427049127201954 0.030500007170718435 0.12808084714796664
v -0.03117823367387973 0.030500007170718435 0.1291908630698302
v -0.03282734454627567 0.03050000907806716 0.13041910409496538
v -0.042954069270433326 0.030500010985415882 0.140149634342297
v -0.04411000270546417 0.030500012892764605 0.14170447450403856
v -0.04371600930906494 0.03027460623532985 0.1410172949059696
v -0.040379133235044495 0.030500010985415882 0.13715689738374337
v -0.04526593995519246 0.030500012892764605 0.14325929940699034
v -0.04909476704134885 0.030500012892764605 0.1497069468079637
v -0.047312597614659335 0.030500012892764605 0.14645506982245315
v -0.03876630585741392 0.03034344435810632 0.13537706636658875
v -0.03896427339611375 0.03050000907806716 0.13573465610525304
v -0.038256845383997096 0.03050000907806716 0.13502355072479766
v -0.024214879232420383 0.028742829734351716 0.12123183254042935
v -0.02541201139987681 0.035163480521493984 0.1112181067840412
v -0.02458245584900043 0.033678388287869954 0.11184225232149902
v -0.022545149920324414 0.03460479900692093 0.11186906201515523
v -0.023348120844693954 0.036152120399994825 0.11132196573672815
v -0.023844184100677568 0.03234406052673888 0.11267446671649584
v -0.025036441084796968 0.03748703943923015 0.11089899208382548
v -0.023212311893541226 0.03119738726976018 0.11371584097250143
v -0.022704856043632704 0.030281329639579857 0.11495215389743407
v -0.021202284866307375 0.031983991234734166 0.11360455098918809
v -0.021824023329676256 0.033202287343625514 0.11262772141398258
v -0.021251727159915523 0.03704466042041554 0.11138960032246015
v -0.020484488506530285 0.03544147659793051 0.111871015140248
v -0.0211131887927396 0.03962949178098141 0.11110164407098999
v -0.016976734967728557 0.03864811127172185 0.11145915751570534
v -0.019179041819769038 0.032681989314762294 0.11346336140728663
v -0.01978783510735216 0.03397388619619246 0.11255807266799867
v -0.015653794078476224 0.0353742082231534 0.11236854324005119
v -0.015075445891216122 0.03392893380147921 0.11310464251817809
v -0.02069356253684651 0.030993342918027578 0.1147857262772245
v -0.01456521866361249 0.0326727081558742 0.11405708091790867
v -0.01866980259880413 0.0316102767699622 0.11458007593786679
v -0.02211331663260152 0.029258367020801312 0.1178687494949493
v -0.02233553420297074 0.029628930545482213 0.11635193423735757
v -0.020310851108146233 0.030266810901097285 0.116142041954439
v -0.020063988684921874 0.02982570980592736 0.11762866006704176
v -0.02204281530173824 0.029170087292487157 0.11944688219930111
v -0.024480439395180298 0.029169768765250348 0.12276379977627982
v -0.02212644491386473 0.029345603429363765 0.12102797510887164
v -0.020000269886119026 0.029787904246880714 0.12076971246232748
v -0.019959359163350676 0.02967230365545248 0.1191902293550795
v -0.022360154260292475 0.029742827874500444 0.12256633577764298
v -0.01827204600337362 0.030799533399544776 0.1158843133655374
v -0.01799638261442582 0.030275899417764318 0.11733440193538947
v -0.014135068611138002 0.03166217382137737 0.11522675107844549
v -0.01784153641566477 0.03008482885204833 0.12045040702723941
v -0.017851290597036273 0.030044223305075723 0.11887557785087655
v -0.013796782195228952 0.030941680470505384 0.11658180790550254
v -0.013562279391732268 0.03052631332431166 0.11806341350566019
v -0.013444456739041266 0.030392892373760638 0.11960281177213705
v -0.02018646526849799 0.030131627560325835 0.12231959351738819
v -0.017970883269342597 0.0303582816238257 0.12200956542649077
v -0.011465044566166815 0.03676125128830199 0.1122398353481957
v -0.012706062920400107 0.040169603348383376 0.11157874065126805
v -0.012854150428959765 0.042905576836489434 0.11139775614560143
v -0.017034436081309057 0.04144337660224373 0.11124967722011103
v -0.007214958533610094 0.038139264964593966 0.11212633284036322
v -0.00840308133937151 0.041609148094492454 0.11163092571234046
v -0.010379482762286063 0.033781530077436894 0.11354176869860844
v -0.010899061720680558 0.03519677520080977 0.11279048692464322
v -0.006133135133227219 0.035003953688965694 0.11309135974166828
v -0.009916976446067705 0.03257703172921067 0.11451584406225734
v -0.00411735411173203 0.04302425970345469 0.1116258521647362
v -0.008580409457535354 0.04394642847894481 0.1114869895482773
v -1.3470117395139257e-08 0.04477349303238842 0.11156191020613271
v -0.004281233514047134 0.044565576762747305 0.11153942637938119
v 8.700047014236801e-08 0.0402397823373124 0.11193430860028553
v -0.0029630352473955512 0.03953130146870043 0.11200471265636391
v -0.0018900900784829533 0.03631095677228524 0.11270426713295034
v 7.766081039859088e-08 0.03799443616132825 0.1122988563470928
v -0.00565232065345006 0.03364061515375161 0.11383308188383179
v -0.009524472689021457 0.031637826514923084 0.11569879699930397
v -0.005227072487194728 0.032480359666513525 0.11478282710716492
v -0.009216493090652977 0.030989594977786084 0.1170458658499074
v -0.009008832405740796 0.03062098267084923 0.11849585523762585
v -0.004602776269187758 0.030957879583213277 0.11726296791100044
v -0.004871769182812624 0.03157483632333258 0.11594135835115704
v -0.012201456649484355 0.030500003356020988 0.12087071802132421
v -0.0009591806986538817 0.03349313132106291 0.11394862906949577
v -0.0014018519590557055 0.0348365952825791 0.11323693622563358
v -2.8549883601034753e-09 0.03579498461032671 0.11287552416012758
v 1.7171477244813273e-08 0.03372224586441597 0.11380464712906324
v -0.0005741603051146252 0.032340478525836325 0.11488695308867314
v -0.0002613044505254611 0.03146767765735414 0.11604982545835973
v -2.7654562876916155e-08 0.03093186334662601 0.1172704294592064
v 1.5591173736750915e-08 0.03199736174928525 0.11527316068758342
v -3.607307173286245e-05 0.03090205530077661 0.1173635767414627
v -0.008132538228071695 0.030500003356020988 0.1201045818155011
v -0.01622521858987036 0.03050000526336971 0.12194772155148303
v -0.024884427298890177 0.02975348041712067 0.12422496622751744
v -0.022733367092350187 0.030302407750322224 0.12403832834023465
v -0.023996112055891805 0.030500007170718435 0.12501074812519164
v -0.025835988318207992 0.030500007170718435 0.12599078967564736
v -0.027675862673175455 0.030500007170718435 0.1269708312261031
v -0.022082165813250842 0.03050000526336971 0.12417111795835822
v -0.02016821957060988 0.03050000526336971 0.12333148016212991
v -0.01819671908024012 0.03050000526336971 0.12263960085680647
v -0.014213337619677358 0.03050000526336971 0.12140921597170617
v -0.013455680532604153 0.030496955412760984 0.1211488170945918
v -0.013207397134580856 0.030500003356020988 0.12113996699651519
v -0.010166997438778025 0.030500003356020988 0.1204876461037152
v -0.008917834705495786 0.030499393004429498 0.11999367330193245
v -0.0060932724985823805 0.030499997633974818 0.11987720295948634
v -0.004436002465184885 0.030610459827942194 0.11867780867644395
v -0.004054007245930247 0.03049999381927737 0.11964982410347158
v -6.913639809734294e-09 0.030607919239442616 0.118942678378966
v -1.3827280528963333e-08 0.030715901880069563 0.11838525952924783
v -0.04279929936562121 6.626559794372444e-08 0.12507666609707258
v -0.04566088321125594 1.1144493857509605e-08 0.13810443771195224
v -0.04353203789529747 0.030500010985415882 0.14092705442316777
v -0.03200279006375206 0.030500007170718435 0.12980498358239778
v -0.013710367853966288 0.030500003356020988 0.12127459529880813
v -0.00914976735658768 0.030500003356020988 0.1202961177743056
v 1.2062715765985149e-15 0.030499938506164392 0.11950008959928926
v 0.0523463426657611 0.03100000147242099 0.19137690117975836
v 0.05061820461370825 0.030500001448672265 0.1960127503989728
v 0.05238046513442285 0.030500003356020988 0.19127060845010035
v 0.0536877047289841 0.03100000147242099 0.18644301727841928
v 0.05373725001942331 0.03050000526336971 0.18621807219937558
v 0.05458334228373163 0.03100000147242099 0.18125393011788837
v 0.05462576934873509 0.030500007170718435 0.18090133000348452
v 0.052856676704893246 0.03100000147242099 0.15929749291778705
v 0.05400237149197684 0.030500012892764605 0.16407068650387657
v 0.05260618841174569 0.03050001480011333 0.1584525069157383
v 0.05479363510988211 0.030500010985415882 0.16974616284766597
v 0.05484355424067111 0.03100000147242099 0.17036078690029655
v 0.05499301408663726 0.03050000907806716 0.17538585732940426
v 0.05413949842109744 0.03100000147242099 0.16480768605060092
v 0.0506182084284057 0.030500016707462052 0.1529872661776377
v 0.051004782238270874 0.03100000147242099 0.15391985289185506
v 0.05498307679978831 0.03100000147242099 0.17587021709362105
v 0.04891301578149543 0.030499907988584818 0.1493503336318458
v 0.04694665750328397 0.03049997093109269 0.14584670187363535
v 0.04860600130158099 0.03100000147242099 0.14876285496624675
v 0.04235844622578533 0.03100000147242099 0.13941852468843052
v 0.04472978041434539 0.030499934691466946 0.14249616155336042
v 0.04227459154650948 0.03049996520904652 0.13931676381933933
v 0.04570548083910664 0.03100000147242099 0.1439053107902133
v 0.034610944484507744 0.03100000147242099 0.1317561250324939
v 0.036701532199772124 0.030500016707462052 0.13353664269518895
v 0.03361353080187923 0.03049999381927737 0.1309669862010665
v 0.030364655983259325 0.03100000147242099 0.1286416076726482
v 0.030346332084073557 0.03049999954132354 0.1286295379699265
v 0.02691715177593257 0.03049999381927737 0.12653688650334338
v 0.02597452477803519 0.03100000147242099 0.1260201857341725
v 0.023344393885288417 0.030499991911928648 0.12470000287117422
v 0.05061820461370825 0.03100000147242099 0.1960127503989728
v 0.03863521759435162 0.03100000147242099 0.13535494112139723
v 0.03959358403391455 0.030500028151554393 0.136324866094224
v 0.019647028902544106 0.030500052947087797 0.12312890446891434
v 0.02151273638862139 0.03100000147242099 0.123881803674597
v 0.01687681469015545 0.03100000147242099 0.12215364654905692
v -0.004139526086967271 0.03100000147242099 0.11965667530008606
v 1.2062715765985149e-15 0.030499938506164392 0.11950008959928926
v -0.004054007245930247 0.03049999381927737 0.11964982410347158
v -0.008132538228071695 0.030500003356020988 0.1201045818155011
v -0.009692710383169545 0.03100000147242099 0.12036082267239845
v -0.012201456649484355 0.030500003356020988 0.12087071802132421
v -0.025737698823793398 0.03100000147242099 0.12589459063543362
v -0.023996112055891805 0.030500007170718435 0.12501074812519164
v -0.027675862673175455 0.030500007170718435 0.1269708312261031
v -0.01622521858987036 0.03050000526336971 0.12194772155148303
v -0.02016821957060988 0.03050000526336971 0.12333148016212991
v -0.020580672287954238 0.03100000147242099 0.1234957334047948
v -0.015202979809932349 0.03100000147242099 0.12164374357073626
v -0.03059522964838579 0.03100000147242099 0.12879517213306713
v -0.03117823367387973 0.030500007170718435 0.1291908630698302
v -0.03447645732602034 0.03050000907806716 0.13164732986131078
v -0.03914548678362717 0.03100000147242099 0.1358654239337298
v -0.037549417371880445 0.03050000907806716 0.1343124300855525
v -0.040379133235044495 0.030500010985415882 0.13715689738374337
v -0.035081979510542816 0.03100000147242099 0.13214221819048078
v -0.04274421513448923 0.03100000147242099 0.1398896245643222
v -0.042954069270433326 0.030500010985415882 0.140149634342297
v -0.0484799408097536 0.03100000147242099 0.14852571811416304
v -0.047312597614659335 0.030500012892764605 0.14645506982245315
v -0.04909476704134885 0.030500012892764605 0.1497069468079637
v -0.04526593995519246 0.030500012892764605 0.14325929940699034
v -0.04585862568280641 0.03100000147242099 0.14413577955115997
v -0.05061820461370825 0.03100000147242099 0.1529872661776377
v -0.0506182084284057 0.03050001480011333 0.1529872661776377
v 0.015844908513212852 0.03049998237518503 0.12183182341365395
v 0.011942946047606151 0.03100000147242099 0.12081233789159818
v 0.011958602519602235 0.03050001480011333 0.12081587793082882
v 0.008007797621560897 0.030500022429508222 0.12008608053288405
v 0.006753791653032748 0.03100000147242099 0.11991673848382511
v 0.004014225673606153 0.0305002894583295 0.11964744373226477
v 0.001369997804863271 0.03100000147242099 0.11951707263232247
v -0.05413949842109744 0.03100000147242099 0.18419233052600958
v -0.05484355424067111 0.030500012892764605 0.17863922967631396
v -0.05413949842109744 0.030500012892764605 0.18419233052600958
v -0.051004782238270874 0.03100000147242099 0.19508016368475545
v -0.052856676704893246 0.030500010985415882 0.18970252365882345
v -0.051004782238270874 0.030500010985415882 0.19508016368475545
v -0.052856676704893246 0.03100000147242099 0.18970252365882345
v -0.0536877047289841 0.03100000147242099 0.16255699929819123
v -0.0523463426657611 0.03050001480011333 0.15762311539685214
v -0.0536877047289841 0.030500012892764605 0.16255699929819123
v -0.05498307679978831 0.03100000147242099 0.17312979948298945
v -0.05458334228373163 0.030500012892764605 0.16774608645872213
v -0.054983072985090864 0.030500012892764605 0.17312979948298945
v -0.05458334228373163 0.03100000147242099 0.16774608645872213
v -0.05484355424067111 0.03100000147242099 0.17863922967631396
v -0.04860600130158099 0.030500010985415882 0.20023716161036376
v -0.04570548083910664 0.030500010985415882 0.2050947057863972
v -0.04860600130158099 0.03100000147242099 0.20023716161036376
v -0.04235844622578533 0.03100000147242099 0.20958149188817998
v -0.04235844622578533 0.03050000907806716 0.20958149188817998
v -0.034610944484507744 0.03050000907806716 0.2172438915441166
v -0.03036465789060805 0.03050000907806716 0.2203584089039623
v -0.034610944484507744 0.03100000147242099 0.2172438915441166
v -0.03863521759435162 0.03050000907806716 0.21364507545521327
v -0.025974526685383914 0.03050000907806716 0.2229798384718329
v -0.025974526685383914 0.03100000147242099 0.2229798384718329
v -0.021512738295970113 0.030500007170718435 0.2251182052726186
v -0.0506182084284057 0.03050001480011333 0.1529872661776377
v -0.0523463426657611 0.03100000147242099 0.15762311539685214
v -0.04570548083910664 0.03100000147242099 0.2050947057863972
v -0.03863521759435162 0.03100000147242099 0.21364507545521327
v -0.03036465789060805 0.03100000147242099 0.2203584089039623
v -0.021512738295970113 0.03100000147242099 0.2251182052726186
v -0.0013699991161655184 0.030500007170718435 0.22948295157368293
v -0.0067537930835442905 0.03100000147242099 0.2290832780927854
v -0.0067537930835442905 0.030500007170718435 0.2290832780927854
v -0.011942947954954874 0.030500007170718435 0.22818767868501233
v 0.020580672287954238 0.03050000526336971 0.2255042831718157
v 0.015202978856257987 0.03100000147242099 0.22735627300587424
v 0.015202978856257987 0.03050000526336971 0.22735627300587424
v 0.004139524656455729 0.03050000526336971 0.22934334890591934
v 0.004139524656455729 0.03100000147242099 0.22934334890591934
v 0.009692709429495183 0.03050000526336971 0.22863920153360695
v -0.016876816597504174 0.030500007170718435 0.2268463700275536
v -0.016876816597504174 0.03100000147242099 0.2268463700275536
v 0.03059522964838579 0.030500003356020988 0.22020484444354338
v 0.025737696916444674 0.03100000147242099 0.223105418311782
v 0.025737696916444674 0.030500003356020988 0.223105418311782
v 0.035081979510542816 0.03100000147242099 0.21685779838612973
v 0.035081979510542816 0.030500003356020988 0.21685779838612973
v 0.04585862568280641 0.030500001448672265 0.20486423702545054
v 0.04274421513448923 0.03100000147242099 0.20911039201228832
v 0.04274421513448923 0.030500003356020988 0.20911039201228832
v 0.03914548678362717 0.030500003356020988 0.2131345926428807
v 0.0484799408097536 0.030500001448672265 0.20047429846244746
v 0.0484799408097536 0.03100000147242099 0.20047429846244746
v -0.011942947954954874 0.03100000147242099 0.22818767868501233
v -0.0013699989969562232 0.03100000147242099 0.22948295157368293
v 0.009692709429495183 0.03100000147242099 0.22863920153360695
v 0.020580672287954238 0.03100000147242099 0.2255042831718157
v 0.03059522964838579 0.03100000147242099 0.22020484444354338
v 0.03914548678362717 0.03100000147242099 0.2131345926428807
v 0.04585862568280641 0.03100000147242099 0.20486423702545054
v -0.02121285348558377 0.03100000147242099 0.21418647257565482
v -0.03036465789060805 0.03100000147242099 0.2203584089039623
v -0.025974526685383914 0.03100000147242099 0.2229798384718329
v -0.021512738295970113 0.03100000147242099 0.2251182052726186
v -0.034610944484507744 0.03100000147242099 0.2172438915441166
v -0.02500066113009458 0.03100000147242099 0.21191614776078893
v -0.03863521759435162 0.03100000147242099 0.21364507545521327
v -0.028547698423203594 0.03100000147242099 0.20928548662509705
v -0.03181980665662332 0.03100000147242099 0.20631981875962602
v -0.04235844622578533 0.03100000147242099 0.20958149188817998
v -0.01722075544135504 0.03100000147242099 0.21607459522392958
v -0.00877906459544997 0.03100000147242099 0.21863534058481626
v -0.011942947954954874 0.03100000147242099 0.22818767868501233
v -0.0067537930835442905 0.03100000147242099 0.2290832780927854
v -0.0013699989969562232 0.03100000147242099 0.22948295157368293
v -0.00441077157943448 0.03100000147242099 0.21928332035192177
v -0.016876816597504174 0.03100000147242099 0.2268463700275536
v -0.013062811518277373 0.03100000147242099 0.2175623272281868
v 1.2062715765985149e-15 0.03100000147242099 0.21950001042569056
v -0.051004782238270874 0.03100000147242099 0.19508016368475545
v -0.04860600130158099 0.03100000147242099 0.20023716161036376
v -0.04157457930622943 0.03100000147242099 0.19172075800761412
v -0.04570548083910664 0.03100000147242099 0.2050947057863972
v -0.03968646047265212 0.03100000147242099 0.19571286940328392
v -0.04306231893988155 0.03100000147242099 0.18756281408453646
v -0.052856676704893246 0.03100000147242099 0.18970252365882345
v -0.04478331587831397 0.03100000147242099 0.17891077509936792
v -0.05484355424067111 0.03100000147242099 0.17863922967631396
v -0.05413949842109744 0.03100000147242099 0.18419233052600958
v -0.04500000213738531 0.03100000147242099 0.17450000828830525
v -0.05498307679978831 0.03100000147242099 0.17312979948298945
v -0.0441353399259059 0.03100000147242099 0.18327907669845267
v -0.034785470707396904 0.03100000147242099 0.20304770861885757
v -0.03741613565778623 0.03100000147242099 0.1995006656037024
v 0.00441077157943448 0.03100000147242099 0.21928332035192177
v 0.004139524656455729 0.03100000147242099 0.22934334890591934
v 0.009692709429495183 0.03100000147242099 0.22863920153360695
v 0.015202978856257987 0.03100000147242099 0.22735627300587424
v 0.00877906459544997 0.03100000147242099 0.21863534058481626
v 0.020580672287954238 0.03100000147242099 0.2255042831718157
v 0.013062811518277373 0.03100000147242099 0.2175623272281868
v 0.01722075544135504 0.03100000147242099 0.21607459522392958
v 0.025737696916444674 0.03100000147242099 0.223105418311782
v 0.03059522964838579 0.03100000147242099 0.22020484444354338
v 0.02121285348558377 0.03100000147242099 0.21418647257565482
v 0.035081979510542816 0.03100000147242099 0.21685779838612973
v 0.028547698423203594 0.03100000147242099 0.20928548662509705
v 0.02500066113009458 0.03100000147242099 0.21191614776078893
v 0.03181980665662332 0.03100000147242099 0.20631981875962602
v 0.03914548678362717 0.03100000147242099 0.2131345926428807
v 0.04274421513448923 0.03100000147242099 0.20911039201228832
v 0.034785470707396904 0.03100000147242099 0.20304770861885757
v 0.03741613565778623 0.03100000147242099 0.1995006656037024
v 0.04585862568280641 0.03100000147242099 0.20486423702545054
v 0.03968646047265212 0.03100000147242099 0.19571286940328392
v 0.04306231893988155 0.03100000147242099 0.18756281408453646
v 0.04157457930622943 0.03100000147242099 0.19172075800761412
v 0.0523463426657611 0.03100000147242099 0.19137690117975836
v 0.05061820461370825 0.03100000147242099 0.1960127503989728
v 0.0441353399259059 0.03100000147242099 0.18327907669845267
v 0.0536877047289841 0.03100000147242099 0.18644301727841928
v 0.0484799408097536 0.03100000147242099 0.20047429846244746
v 0.05458334228373163 0.03100000147242099 0.18125393011788837
v 0.04478331587831397 0.03100000147242099 0.17891077509936792
v 0.05498307679978831 0.03100000147242099 0.17587021709362105
v 0.04500000213738531 0.03100000147242099 0.17450000828830525
v -0.04478331587831397 0.03100000147242099 0.17008924147724258
v -0.05458334228373163 0.03100000147242099 0.16774608645872213
v -0.0441353399259059 0.03100000147242099 0.16572093987815784
v -0.0536877047289841 0.03100000147242099 0.16255699929819123
v -0.05061820461370825 0.03100000147242099 0.1529872661776377
v -0.0523463426657611 0.03100000147242099 0.15762311539685214
v -0.04157457930622943 0.03100000147242099 0.15727925856899638
v -0.03968646047265212 0.03100000147242099 0.1532871471733266
v -0.0484799408097536 0.03100000147242099 0.14852571811416304
v -0.04306231893988155 0.03100000147242099 0.16143720249207405
v -0.04585862568280641 0.03100000147242099 0.14413577955115997
v -0.034785470707396904 0.03100000147242099 0.14595230795775294
v -0.04274421513448923 0.03100000147242099 0.1398896245643222
v -0.03741613565778623 0.03100000147242099 0.14949935097290812
v -0.03181980665662332 0.03100000147242099 0.1426801978169845
v -0.03914548678362717 0.03100000147242099 0.1358654239337298
v -0.03059522964838579 0.03100000147242099 0.12879517213306713
v -0.028547698423203594 0.03100000147242099 0.13971452995151346
v -0.02500066113009458 0.03100000147242099 0.13708386881582157
v -0.035081979510542816 0.03100000147242099 0.13214221819048078
v -0.02121285348558377 0.03100000147242099 0.1348135440009557
v -0.025737698823793398 0.03100000147242099 0.12589459063543362
v -0.01722075544135504 0.03100000147242099 0.13292542135268093
v -0.020580672287954238 0.03100000147242099 0.1234957334047948
v -0.013062811518277373 0.03100000147242099 0.1314376893484237
v -0.009692710383169545 0.03100000147242099 0.12036082267239845
v -0.00877906459544997 0.03100000147242099 0.13036467599179424
v -0.00441077157943448 0.03100000147242099 0.12971669622468873
v -0.015202979809932349 0.03100000147242099 0.12164374357073626
v -0.004139526086967271 0.03100000147242099 0.11965667530008606
v 0.001369997804863271 0.03100000147242099 0.11951707263232247
v 1.2117825765030171e-15 0.03100000147242099 0.12950000615091994
v 0.04860600130158099 0.03100000147242099 0.14876285496624675
v 0.03968646047265212 0.03100000147242099 0.1532871471733266
v 0.04157457930622943 0.03100000147242099 0.15727925856899638
v 0.052856676704893246 0.03100000147242099 0.15929749291778705
v 0.04306231893988155 0.03100000147242099 0.16143720249207405
v 0.0441353399259059 0.03100000147242099 0.16572093987815784
v 0.051004782238270874 0.03100000147242099 0.15391985289185506
v 0.03181980665662332 0.03100000147242099 0.1426801978169845
v 0.034785470707396904 0.03100000147242099 0.14595230795775294
v 0.04235844622578533 0.03100000147242099 0.13941852468843052
v 0.04570548083910664 0.03100000147242099 0.1439053107902133
v 0.03741613565778623 0.03100000147242099 0.14949935097290812
v 0.05484355424067111 0.03100000147242099 0.17036078690029655
v 0.04478331587831397 0.03100000147242099 0.17008924147724258
v 0.05413949842109744 0.03100000147242099 0.16480768605060092
v 0.03863521759435162 0.03100000147242099 0.13535494112139723
v 0.028547698423203594 0.03100000147242099 0.13971452995151346
v 0.006753791653032748 0.03100000147242099 0.11991673848382511
v 0.00441077157943448 0.03100000147242099 0.12971669622468873
v 0.00877906459544997 0.03100000147242099 0.13036467599179424
v 0.01687681469015545 0.03100000147242099 0.12215364654905692
v 0.013062811518277373 0.03100000147242099 0.1314376893484237
v 0.01722075544135504 0.03100000147242099 0.13292542135268093
v 0.011942946047606151 0.03100000147242099 0.12081233789159818
v 0.02151273638862139 0.03100000147242099 0.123881803674597
v 0.034610944484507744 0.03100000147242099 0.1317561250324939
v 0.030364655983259325 0.03100000147242099 0.1286416076726482
v 0.02121285348558377 0.03100000147242099 0.1348135440009557
v 0.02500066113009458 0.03100000147242099 0.13708386881582157
v 0.02597452477803519 0.03100000147242099 0.1260201857341725
v 0.017256628856144873 0.04339674583564879 0.10957321687437016
v 0.014313279831760783 0.04656563026350646 0.09450000448850915
v 0.013716002162095231 0.044622499678048655 0.1096950430520316
v 0.020680268316244366 0.04189422043469282 0.10945165772553
v 0.018381337085224825 0.04511491226857567 0.09450000448850915
v 0.027128125525577307 0.03809639539468668 0.10913992827957131
v 0.026238768870175955 0.04104583935191641 0.09450000448850915
v 0.023977069086237313 0.04012035941904246 0.1093302740527724
v 0.030113482951920068 0.03584900835556848 0.10881034604956152
v 0.029918138017714924 0.03844660750848883 0.09450000448850915
v 0.02237486564099611 0.043273504405234586 0.09450000448850915
v 0.03296064151915967 0.0334288536690841 0.10796764123658598
v 0.03336064687873508 0.03550079514322846 0.09450000448850915
v 0.03555628754698725 0.03091321901285471 0.10682059986130366
v 0.03651891881829572 0.032242974859095774 0.09450000448850915
v 0.04012014198128799 0.02518092465794375 0.1050721790629261
v 0.04204641160403089 0.02193245801195065 0.10468182870258858
v 0.041830396731710184 0.02496915554388135 0.09450000448850915
v 0.037938859834225624 0.028201472668233363 0.1057400410331244
v 0.04369395654312491 0.01851224033546095 0.10446027107487765
v 0.04505132889153218 0.014959203476942462 0.10434621925061283
v 0.04564172961537549 0.017031418655628627 0.09450000448850915
v 0.04687534554921324 0.007566308380925757 0.10425941962490803
v 0.04733328090421596 0.0037762379055732154 0.10424622077174206
v 0.04847654572902593 0.004822186699073305 0.09450000448850915
v 0.04611256627714333 0.011304496348397142 0.10428873938948424
v 0.047902460466162644 0.008864828530797952 0.09450000448850915
v 0.04696296914956655 0.012950415272704463 0.09450000448850915
v 0.043930502117104364 0.021055882500344847 0.09450000448850915
v 0.03935266681666105 0.028716004781905724 0.09450000448850915
v 0.04870812075223219 0.0008643225245926964 0.09450000448850915
v 0.0474842475556736 -4.996272274115937e-08 0.10424300116709695
v 0.04862019960547803 -0.003050264741818881 0.09450000448850915
v 0.047255472520393305 -0.004648624164126647 0.10424850959021015
v 0.04049949456888635 -0.027074321125438727 0.09450000448850915
v 0.03939814945431941 -0.026247594172719158 0.10526100658654336
v 0.03803643216552022 -0.028078690908861503 0.10570210768171329
v 0.0348021180470548 -0.03408871240403899 0.09450000448850915
v 0.03659601003899837 -0.029790944560745825 0.10631893662946812
v 0.03350028387877568 -0.03293417896297113 0.10775039421698995
v 0.037820657619138665 -0.030705468682552528 0.09450000448850915
v 0.04657043678228945 -0.009251992665093023 0.10426995581925613
v 0.04543377519875991 -0.013764808354904123 0.10432323188379833
v 0.047426897394258205 -0.011131808809677346 0.09450000448850915
v 0.04385233896641916 -0.018140046027621537 0.1044442951219704
v 0.04183415802339274 -0.0223237315290703 0.10471750375311117
v 0.04473945448707051 -0.019277165374844696 0.09450000448850915
v 0.04627688436966482 -0.015220967062068436 0.09450000448850915
v 0.04281143010350208 -0.023246703298372973 0.09450000448850915
v 0.016127039721681724 -0.04596897343585038 0.09450000448850915
v 0.01815429582993411 -0.04303439153987343 0.10953934236104246
v 0.013773031888925091 -0.04460525343089161 0.10969298311541031
v 0.012040719604191064 -0.047204332686421324 0.09450000448850915
v 0.009257541142529413 -0.04574082782564881 0.10979003664785214
v 0.007960854431617592 -0.04806092681280072 0.09450000448850915
v 0.004651565772695321 -0.046427301704690116 0.10984512087898413
v 0.031480443542359904 -0.03717807946361784 0.09450000448850915
v 0.03183199652231461 -0.03442044993810622 0.10838172664443757
v 0.03007566404143236 -0.03587940386482469 0.10881644956547643
v 0.026342200576748853 -0.03863340561306439 0.10919669097757989
v 0.022356894601324173 -0.041033601802507036 0.1093966040119776
v 0.024111499024263017 -0.04233040819955125 0.09450000448850915
v 0.02790009821849404 -0.039935102452235416 0.09450000448850915
v 0.020168709759231795 -0.04434468289239213 0.09450000448850915
v 1.1895409268195761e-15 -0.04665587074630828 0.10987010714726075
v 0.003933799692079215 -0.048556700151778376 0.09450000448850915
v 0.04820151748720303 -0.007059866763700906 0.09450000448850915
v 1.208247318311278e-15 -0.04871578829410028 0.09450000448850915
v -0.03433387537955079 0.003381591480654811 0.07900000375229865
v -0.03433387537955079 0.003381591480654811 0.08420000094752744
v -0.03301444401194953 0.010014821528229745 0.07900000375229865
v -0.03301444401194953 0.010014821528229745 0.08420000094752744
v -0.03383709496044718 0.006730616412368995 0.08420000094752744
v -0.03042628432786132 0.016263188180907218 0.07900000375229865
v -0.03042628432786132 0.016263188180907218 0.08420000094752744
v -0.031873845660654876 0.01320257917170553 0.08420000094752744
v -0.028685702732736962 0.019167174296012 0.07900000375229865
v -0.0266688626558631 0.02188656910901421 0.08420000094752744
v -0.028685702732736962 0.019167174296012 0.08420000094752744
v -0.031873845660654876 0.01320257917170553 0.07900000375229865
v -0.02188656910901421 0.0266688626558631 0.07900000375229865
v -0.02188656910901421 0.0266688626558631 0.08420000094752744
v -0.024395184721941465 0.024395184721941465 0.08420000094752744
v -0.016263188180907218 0.03042628432786132 0.07900000375229865
v -0.016263188180907218 0.03042628432786132 0.08420000094752744
v -0.019167174296012 0.028685702732736962 0.08420000094752744
v -0.019167174296012 0.028685702732736962 0.07900000375229865
v -0.010014821528229745 0.03301444401194953 0.07900000375229865
v -0.010014821528229745 0.03301444401194953 0.08420000094752744
v -0.01320257917170553 0.031873845660654876 0.08420000094752744
v -0.003381591480654811 0.03433387537955079 0.07900000375229865
v -0.003381591480654811 0.03433387537955079 0.08420000094752744
v -0.006730616412368995 0.03383709496044718 0.08420000094752744
v -0.006730616412368995 0.03383709496044718 0.07900000375229865
v -0.01320257917170553 0.031873845660654876 0.07900000375229865
v -0.0266688626558631 0.02188656910901421 0.07900000375229865
v -0.03383709496044718 0.006730616412368995 0.07900000375229865
v -0.024395184721941465 0.024395184721941465 0.07900000375229865
v 1.2041591169853077e-15 0.03450000163866207 0.07900000375229865
v 1.2041591169853077e-15 0.03450000163866207 0.08420000094752744
v 0.006730616412368995 0.03383709496044718 0.07900000375229865
v 0.006730616412368995 0.03383709496044718 0.08420000094752744
v 0.003381591480654811 0.03433387537955079 0.08420000094752744
v 0.01320257917170553 0.031873845660654876 0.07900000375229865
v 0.01320257917170553 0.031873845660654876 0.08420000094752744
v 0.010014821528229745 0.03301444401194953 0.08420000094752744
v 0.010014821528229745 0.03301444401194953 0.07900000375229865
v 0.019167174296012 0.028685702732736962 0.07900000375229865
v 0.019167174296012 0.028685702732736962 0.08420000094752744
v 0.016263188180907218 0.03042628432786132 0.08420000094752744
v 0.024395184721941465 0.024395184721941465 0.07900000375229865
v 0.024395184721941465 0.024395184721941465 0.08420000094752744
v 0.02188656910901421 0.0266688626558631 0.08420000094752744
v 0.02188656910901421 0.0266688626558631 0.07900000375229865
v 0.016263188180907218 0.03042628432786132 0.07900000375229865
v 0.028685702732736962 0.019167174296012 0.07900000375229865
v 0.028685702732736962 0.019167174296012 0.08420000094752744
v 0.0266688626558631 0.02188656910901421 0.08420000094752744
v 0.031873845660654876 0.01320257917170553 0.07900000375229865
v 0.031873845660654876 0.01320257917170553 0.08420000094752744
v 0.03042628432786132 0.016263188180907218 0.08420000094752744
v 0.03042628432786132 0.016263188180907218 0.07900000375229865
v 0.03383709496044718 0.006730616412368995 0.07900000375229865
v 0.03383709496044718 0.006730616412368995 0.08420000094752744
v 0.03301444401194953 0.010014821528229745 0.08420000094752744
v 0.03433387537955079 0.003381591480654811 0.08420000094752744
v 0.03433387537955079 0.003381591480654811 0.07900000375229865
v 0.03301444401194953 0.010014821528229745 0.07900000375229865
v 0.0266688626558631 0.02188656910901421 0.07900000375229865
v 0.003381591480654811 0.03433387537955079 0.07900000375229865
v -0.03042628432786132 -0.016263188180907218 0.08420000094752744
v -0.031873845660654876 -0.01320257917170553 0.08420000094752744
v -0.03301444401194953 -0.010014821528229745 0.08420000094752744
v -0.024395184721941465 -0.024395184721941465 0.08420000094752744
v -0.028685702732736962 -0.019167174296012 0.08420000094752744
v -0.03301444401194953 0.010014821528229745 0.08420000094752744
v -0.03383709496044718 -0.006730616412368995 0.08420000094752744
v -0.03433387537955079 -0.003381591480654811 0.08420000094752744
v -0.03450000163866207 -2.7755576933948015e-17 0.08420000094752744
v -0.03433387537955079 0.003381591480654811 0.08420000094752744
v -0.0266688626558631 -0.02188656910901421 0.08420000094752744
v -0.006730616412368995 -0.03383709496044718 0.08420000094752744
v -0.010014821528229745 -0.03301444401194953 0.08420000094752744
v -0.01320257917170553 -0.031873845660654876 0.08420000094752744
v 0.010014821528229745 -0.03301444401194953 0.08420000094752744
v -0.02188656910901421 -0.0266688626558631 0.08420000094752744
v -0.019167174296012 -0.028685702732736962 0.08420000094752744
v -0.016263188180907218 -0.03042628432786132 0.08420000094752744
v -0.03383709496044718 0.006730616412368995 0.08420000094752744
v -0.031873845660654876 0.01320257917170553 0.08420000094752744
v -0.028685702732736962 0.019167174296012 0.08420000094752744
v 0.010014821528229745 0.03301444401194953 0.08420000094752744
v -0.024395184721941465 0.024395184721941465 0.08420000094752744
v -0.003381591480654811 0.03433387537955079 0.08420000094752744
v -0.03042628432786132 0.016263188180907218 0.08420000094752744
v -0.0266688626558631 0.02188656910901421 0.08420000094752744
v -0.01320257917170553 0.031873845660654876 0.08420000094752744
v -0.019167174296012 0.028685702732736962 0.08420000094752744
v -0.016263188180907218 0.03042628432786132 0.08420000094752744
v -0.02188656910901421 0.0266688626558631 0.08420000094752744
v -0.006730616412368995 0.03383709496044718 0.08420000094752744
v -0.010014821528229745 0.03301444401194953 0.08420000094752744
v 1.2041591169853077e-15 0.03450000163866207 0.08420000094752744
v 0.003381591480654811 0.03433387537955079 0.08420000094752744
v -0.003381591480654811 -0.03433387537955079 0.08420000094752744
v 0.003381591480654811 -0.03433387537955079 0.08420000094752744
v 0.006730616412368995 -0.03383709496044718 0.08420000094752744
v 0.019167174296012 -0.028685702732736962 0.08420000094752744
v 0.016263188180907218 -0.03042628432786132 0.08420000094752744
v 0.01320257917170553 -0.031873845660654876 0.08420000094752744
v 0.02188656910901421 -0.0266688626558631 0.08420000094752744
v 0.0266688626558631 -0.02188656910901421 0.08420000094752744
v 0.031873845660654876 -0.01320257917170553 0.08420000094752744
v 0.028685702732736962 -0.019167174296012 0.08420000094752744
v 0.03042628432786132 -0.016263188180907218 0.08420000094752744
v 0.03301444401194953 -0.010014821528229745 0.08420000094752744
v 0.03433387537955079 -0.003381591480654811 0.08420000094752744
v 0.03383709496044718 -0.006730616412368995 0.08420000094752744
v 0.024395184721941465 -0.024395184721941465 0.08420000094752744
v 0.03301444401194953 0.010014821528229745 0.08420000094752744
v 0.019167174296012 0.028685702732736962 0.08420000094752744
v 0.024395184721941465 0.024395184721941465 0.08420000094752744
v 0.02188656910901421 0.0266688626558631 0.08420000094752744
v 0.01320257917170553 0.031873845660654876 0.08420000094752744
v 0.016263188180907218 0.03042628432786132 0.08420000094752744
v 0.006730616412368995 0.03383709496044718 0.08420000094752744
v 0.03433387537955079 0.003381591480654811 0.08420000094752744
v 0.03383709496044718 0.006730616412368995 0.08420000094752744
v 0.028685702732736962 0.019167174296012 0.08420000094752744
v 0.0266688626558631 0.02188656910901421 0.08420000094752744
v 0.03042628432786132 0.016263188180907218 0.08420000094752744
v 0.031873845660654876 0.01320257917170553 0.08420000094752744
v 0.03450000163866207 -2.3530545899179267e-17 0.08420000094752744
v 1.2126091722785813e-15 -0.03450000163866207 0.08420000094752744
v 0.04578155353559099 -0.004477685664186215 0.09450000448850915
v 0.0451282789684293 -0.008912843173886631 0.09450000448850915
v 0.04577849796293609 -0.004508788799818808 0.08300000394228846
v 0.044046381181446215 -0.01326334825570763 0.09450000448850915
v 0.042546144598958335 -0.01748787963006815 0.09450000448850915
v 0.04401925868259937 -0.013353095688864447 0.08300000394228846
v 0.04064180567183717 -0.021546315262896965 0.09450000448850915
v 0.038351465139467855 -0.02540010763649403 0.09450000448850915
v 0.04056838037538091 -0.02168425090787629 0.08300000394228846
v 0.04249846088087317 -0.017603438259824467 0.08300000394228846
v 0.045116125342363755 -0.00897415489860054 0.08300000394228846
v 0.035696862962599774 -0.029012652821508444 0.09450000448850915
v 0.03270322192075126 -0.03234964142910357 0.09450000448850915
v 0.03555848099801917 -0.02918209214535228 0.08300000394228846
v 0.029398971046644684 -0.03537938095289128 0.09450000448850915
v 0.02581549576352371 -0.038073091407984094 0.09450000448850915
v 0.02918209214535228 -0.03555848099801917 0.08300000394228846
v 0.032526914234154436 -0.032526914234154436 0.08300000394228846
v 0.02198682698731136 -0.04040519143330368 0.09450000448850915
v 0.017949332136116825 -0.04235353289547383 0.09450000448850915
v 0.02168425090787629 -0.04056838037538091 0.08300000394228846
v 0.013741357502349838 -0.043899603067785176 0.09450000448850915
v 0.009402870624835025 -0.045028726809159814 0.09450000448850915
v 0.013353095688864447 -0.04401925868259937 0.08300000394228846
v 0.0049750759580441395 -0.04573017337567986 0.09450000448850915
v 0.00897415489860054 -0.045116125342363755 0.08300000394228846
v 0.017603438259824467 -0.04249846088087317 0.08300000394228846
v 0.02555623175889976 -0.03824760237208347 0.08300000394228846
v 0.03824760237208347 -0.02555623175889976 0.08300000394228846
v 0.004508788799818808 -0.04577849796293609 0.08300000394228846
v 0.0005000295876539385 -0.04599728612030063 0.09450000448850915
v -0.04598913029715934 -0.0010000000474974513 0.09450000448850915
v -0.003979766081057545 -0.04582752063982509 0.09450000448850915
v 1.2147216318917885e-15 -0.04600000218488276 0.08300000394228846
v -0.008421762866442917 -0.0452224943659707 0.09450000448850915
v -0.012783771168414781 -0.0441879560477898 0.09450000448850915
v -0.00897415489860054 -0.045116125342363755 0.08300000394228846
v -0.004508788799818808 -0.04577849796293609 0.08300000394228846
v -0.017024361465352023 -0.04273372471651049 0.09450000448850915
v -0.021103257227936822 -0.040873621020982576 0.09450000448850915
v -0.017603438259824467 -0.04249846088087317 0.08300000394228846
v -0.024981717342573706 -0.038625303195687355 0.09450000448850915
v -0.028622907090716243 -0.03601012973162954 0.09450000448850915
v -0.02555623175889976 -0.03824760237208347 0.08300000394228846
v -0.02168425090787629 -0.04056838037538091 0.08300000394228846
v -0.013353095688864447 -0.04401925868259937 0.08300000394228846
v -0.0319922405179629 -0.03305293812388532 0.09450000448850915
v -0.03505771803478108 -0.0297818159897556 0.09450000448850915
v -0.032526914234154436 -0.032526914234154436 0.08300000394228846
v -0.03779022396290799 -0.02622783213259594 0.09450000448850915
v -0.03555848099801917 -0.02918209214535228 0.08300000394228846
v -0.04016380500826422 -0.022424740902764473 0.09450000448850915
v -0.04215591630893911 -0.018408663670385073 0.09450000448850915
v -0.04056838037538091 -0.02168425090787629 0.08300000394228846
v -0.04374764078029392 -0.014217743595228427 0.09450000448850915
v -0.044923856961649467 -0.009891786091477672 0.09450000448850915
v -0.04401925868259937 -0.013353095688864447 0.08300000394228846
v -0.045673391604184044 -0.005471878788495255 0.09450000448850915
v -0.045116125342363755 -0.00897415489860054 0.08300000394228846
v -0.04249846088087317 -0.017603438259824467 0.08300000394228846
v -0.03824760237208347 -0.02555623175889976 0.08300000394228846
v -0.02918209214535228 -0.03555848099801917 0.08300000394228846
v -0.04577849796293609 -0.004508788799818808 0.08300000394228846
v -0.04598913029715934 -0.0010000000474974513 0.0975000046310015
v -0.04056838037538091 -0.02168425090787629 0.08300000394228846
v -0.04249846088087317 -0.017603438259824467 0.08300000394228846
v -0.03571781328097767 -0.019091568899964884 0.08300000394228846
v -0.038756086282953905 -0.011756530366449636 0.08300000394228846
v -0.037417123664424956 -0.015498679897219536 0.08300000394228846
v -0.033674520184658885 -0.022500596161494357 0.08300000394228846
v -0.03824760237208347 -0.02555623175889976 0.08300000394228846
v -0.03555848099801917 -0.02918209214535228 0.08300000394228846
v -0.0313069243995967 -0.025692929534557596 0.08300000394228846
v -0.032526914234154436 -0.032526914234154436 0.08300000394228846
v -0.04030498314607334 -0.003969694326123596 0.08300000394228846
v -0.045116125342363755 -0.00897415489860054 0.08300000394228846
v -0.04577849796293609 -0.004508788799818808 0.08300000394228846
v -0.04600000218488276 -2.7755576933948015e-17 0.08300000394228846
v -0.04050000192364678 -2.7755576933948015e-17 0.08300000394228846
v -0.04401925868259937 -0.013353095688864447 0.08300000394228846
v -0.03972180745919429 -0.00790115823127241 0.08300000394228846
v -0.04577849796293609 0.004508788799818808 0.08300000394228846
v -0.013353095688864447 -0.04401925868259937 0.08300000394228846
v -0.017603438259824467 -0.04249846088087317 0.08300000394228846
v -0.015498679897219536 -0.037417123664424956 0.08300000394228846
v -0.011756530366449636 -0.038756086282953905 0.08300000394228846
v -0.02168425090787629 -0.04056838037538091 0.08300000394228846
v -0.019091568899964884 -0.03571781328097767 0.08300000394228846
v -0.00790115823127241 -0.03972180745919429 0.08300000394228846
v -0.003969694326123596 -0.04030498314607334 0.08300000394228846
v -0.004508788799818808 -0.04577849796293609 0.08300000394228846
v -0.00897415489860054 -0.045116125342363755 0.08300000394228846
v 1.2147216318917885e-15 -0.04600000218488276 0.08300000394228846
v -0.02863782637243073 -0.02863782637243073 0.08300000394228846
v -0.025692929534557596 -0.0313069243995967 0.08300000394228846
v -0.022500596161494357 -0.033674520184658885 0.08300000394228846
v -0.02918209214535228 -0.03555848099801917 0.08300000394228846
v -0.02555623175889976 -0.03824760237208347 0.08300000394228846
v -0.045116125342363755 0.00897415489860054 0.08300000394228846
v -0.04401925868259937 0.013353095688864447 0.08300000394228846
v -0.038756086282953905 0.011756530366449636 0.08300000394228846
v -0.04249846088087317 0.017603438259824467 0.08300000394228846
v -0.037417123664424956 0.015498679897219536 0.08300000394228846
v -0.04030498314607334 0.003969694326123596 0.08300000394228846
v -0.03972180745919429 0.00790115823127241 0.08300000394228846
v -0.03571781328097767 0.019091568899964884 0.08300000394228846
v -0.03824760237208347 0.02555623175889976 0.08300000394228846
v -0.04056838037538091 0.02168425090787629 0.08300000394228846
v -0.03555848099801917 0.02918209214535228 0.08300000394228846
v -0.0313069243995967 0.025692929534557596 0.08300000394228846
v -0.033674520184658885 0.022500596161494357 0.08300000394228846
v -0.032526914234154436 0.032526914234154436 0.08300000394228846
v -0.02918209214535228 0.03555848099801917 0.08300000394228846
v -0.025692929534557596 0.0313069243995967 0.08300000394228846
v -0.02863782637243073 0.02863782637243073 0.08300000394228846
v -0.02555623175889976 0.03824760237208347 0.08300000394228846
v -0.022500596161494357 0.033674520184658885 0.08300000394228846
v -0.02168425090787629 0.04056838037538091 0.08300000394228846
v -0.019091568899964884 0.03571781328097767 0.08300000394228846
v -0.011756530366449636 0.038756086282953905 0.08300000394228846
v -0.015498679897219536 0.037417123664424956 0.08300000394228846
v -0.017603438259824467 0.04249846088087317 0.08300000394228846
v -0.00790115823127241 0.03972180745919429 0.08300000394228846
v -0.00897415489860054 0.045116125342363755 0.08300000394228846
v -0.013353095688864447 0.04401925868259937 0.08300000394228846
v 1.2034549276408312e-15 0.04600000218488276 0.08300000394228846
v 1.2037916808516e-15 0.04050000192364678 0.08300000394228846
v -0.003969694326123596 0.04030498314607334 0.08300000394228846
v -0.004508788799818808 0.04577849796293609 0.08300000394228846
v 0.003969694326123596 0.04030498314607334 0.08300000394228846
v 0.003969694326123596 -0.04030498314607334 0.08300000394228846
v 0.004508788799818808 -0.04577849796293609 0.08300000394228846
v 1.2137113722594817e-15 -0.04050000192364678 0.08300000394228846
v 0.00790115823127241 -0.03972180745919429 0.08300000394228846
v 0.013353095688864447 -0.04401925868259937 0.08300000394228846
v 0.00897415489860054 -0.045116125342363755 0.08300000394228846
v 0.015498679897219536 -0.037417123664424956 0.08300000394228846
v 0.017603438259824467 -0.04249846088087317 0.08300000394228846
v 0.02168425090787629 -0.04056838037538091 0.08300000394228846
v 0.011756530366449636 -0.038756086282953905 0.08300000394228846
v 0.019091568899964884 -0.03571781328097767 0.08300000394228846
v 0.025692929534557596 -0.0313069243995967 0.08300000394228846
v 0.02555623175889976 -0.03824760237208347 0.08300000394228846
v 0.022500596161494357 -0.033674520184658885 0.08300000394228846
v 0.02863782637243073 -0.02863782637243073 0.08300000394228846
v 0.02918209214535228 -0.03555848099801917 0.08300000394228846
v 0.032526914234154436 -0.032526914234154436 0.08300000394228846
v 0.03555848099801917 -0.02918209214535228 0.08300000394228846
v 0.0313069243995967 -0.025692929534557596 0.08300000394228846
v 0.033674520184658885 -0.022500596161494357 0.08300000394228846
v 0.03824760237208347 -0.02555623175889976 0.08300000394228846
v 0.04056838037538091 -0.02168425090787629 0.08300000394228846
v 0.037417123664424956 -0.015498679897219536 0.08300000394228846
v 0.03571781328097767 -0.019091568899964884 0.08300000394228846
v 0.04401925868259937 -0.013353095688864447 0.08300000394228846
v 0.038756086282953905 -0.011756530366449636 0.08300000394228846
v 0.045116125342363755 -0.00897415489860054 0.08300000394228846
v 0.03972180745919429 -0.00790115823127241 0.08300000394228846
v 0.04030498314607334 -0.003969694326123596 0.08300000394228846
v 0.04577849796293609 -0.004508788799818808 0.08300000394228846
v 0.04249846088087317 -0.017603438259824467 0.08300000394228846
v 0.04600000218488276 -2.21222010915457e-17 0.08300000394228846
v 0.02555623175889976 0.03824760237208347 0.08300000394228846
v 0.022500596161494357 0.033674520184658885 0.08300000394228846
v 0.019091568899964884 0.03571781328097767 0.08300000394228846
v 0.02168425090787629 0.04056838037538091 0.08300000394228846
v 0.015498679897219536 0.037417123664424956 0.08300000394228846
v 0.017603438259824467 0.04249846088087317 0.08300000394228846
v 0.025692929534557596 0.0313069243995967 0.08300000394228846
v 0.02863782637243073 0.02863782637243073 0.08300000394228846
v 0.032526914234154436 0.032526914234154436 0.08300000394228846
v 0.02918209214535228 0.03555848099801917 0.08300000394228846
v 0.0313069243995967 0.025692929534557596 0.08300000394228846
v 0.00897415489860054 0.045116125342363755 0.08300000394228846
v 0.00790115823127241 0.03972180745919429 0.08300000394228846
v 0.004508788799818808 0.04577849796293609 0.08300000394228846
v 0.011756530366449636 0.038756086282953905 0.08300000394228846
v 0.013353095688864447 0.04401925868259937 0.08300000394228846
v 0.04577849796293609 0.004508788799818808 0.08300000394228846
v 0.04050000192364678 -2.2795756640996808e-17 0.08300000394228846
v 0.04030498314607334 0.003969694326123596 0.08300000394228846
v 0.045116125342363755 0.00897415489860054 0.08300000394228846
v 0.03972180745919429 0.00790115823127241 0.08300000394228846
v 0.038756086282953905 0.011756530366449636 0.08300000394228846
v 0.04401925868259937 0.013353095688864447 0.08300000394228846
v 0.04249846088087317 0.017603438259824467 0.08300000394228846
v 0.03824760237208347 0.02555623175889976 0.08300000394228846
v 0.033674520184658885 0.022500596161494357 0.08300000394228846
v 0.03555848099801917 0.02918209214535228 0.08300000394228846
v 0.04056838037538091 0.02168425090787629 0.08300000394228846
v 0.03571781328097767 0.019091568899964884 0.08300000394228846
v 0.037417123664424956 0.015498679897219536 0.08300000394228846
v 0.04030498314607334 -0.003969694326123596 0.08300000394228846
v 0.03972180745919429 -0.00790115823127241 0.08300000394228846
v 0.03972180745919429 -0.00790115823127241 0.07900000375229865
v 0.04030498314607334 -0.003969694326123596 0.07900000375229865
v 0.038756086282953905 -0.011756530366449636 0.08300000394228846
v 0.037417123664424956 -0.015498679897219536 0.08300000394228846
v 0.037417123664424956 -0.015498679897219536 0.07900000375229865
v 0.03571781328097767 -0.019091568899964884 0.08300000394228846
v 0.033674520184658885 -0.022500596161494357 0.08300000394228846
v 0.033674520184658885 -0.022500596161494357 0.07900000375229865
v 0.03571781328097767 -0.019091568899964884 0.07900000375229865
v 0.038756086282953905 -0.011756530366449636 0.07900000375229865
v 0.0313069243995967 -0.025692929534557596 0.08300000394228846
v 0.02863782637243073 -0.02863782637243073 0.08300000394228846
v 0.02863782637243073 -0.02863782637243073 0.07900000375229865
v 0.025692929534557596 -0.0313069243995967 0.08300000394228846
v 0.022500596161494357 -0.033674520184658885 0.08300000394228846
v 0.022500596161494357 -0.033674520184658885 0.07900000375229865
v 0.025692929534557596 -0.0313069243995967 0.07900000375229865
v 0.019091568899964884 -0.03571781328097767 0.08300000394228846
v 0.015498679897219536 -0.037417123664424956 0.08300000394228846
v 0.015498679897219536 -0.037417123664424956 0.07900000375229865
v 0.011756530366449636 -0.038756086282953905 0.08300000394228846
v 0.00790115823127241 -0.03972180745919429 0.08300000394228846
v 0.00790115823127241 -0.03972180745919429 0.07900000375229865
v 0.011756530366449636 -0.038756086282953905 0.07900000375229865
v 0.019091568899964884 -0.03571781328097767 0.07900000375229865
v 0.0313069243995967 -0.025692929534557596 0.07900000375229865
v 0.003969694326123596 -0.04030498314607334 0.07900000375229865
v 0.003969694326123596 -0.04030498314607334 0.08300000394228846
v -0.04030498314607334 -0.003969694326123596 0.07900000375229865
v 1.2137113722594817e-15 -0.04050000192364678 0.08300000394228846
v -0.003969694326123596 -0.04030498314607334 0.08300000394228846
v -0.003969694326123596 -0.04030498314607334 0.07900000375229865
v -0.00790115823127241 -0.03972180745919429 0.08300000394228846
v -0.011756530366449636 -0.038756086282953905 0.08300000394228846
v -0.011756530366449636 -0.038756086282953905 0.07900000375229865
v -0.00790115823127241 -0.03972180745919429 0.07900000375229865
v -0.015498679897219536 -0.037417123664424956 0.08300000394228846
v -0.019091568899964884 -0.03571781328097767 0.08300000394228846
v -0.019091568899964884 -0.03571781328097767 0.07900000375229865
v -0.022500596161494357 -0.033674520184658885 0.08300000394228846
v -0.025692929534557596 -0.0313069243995967 0.08300000394228846
v -0.025692929534557596 -0.0313069243995967 0.07900000375229865
v -0.022500596161494357 -0.033674520184658885 0.07900000375229865
v -0.015498679897219536 -0.037417123664424956 0.07900000375229865
v -0.02863782637243073 -0.02863782637243073 0.08300000394228846
v -0.0313069243995967 -0.025692929534557596 0.08300000394228846
v -0.0313069243995967 -0.025692929534557596 0.07900000375229865
v -0.033674520184658885 -0.022500596161494357 0.08300000394228846
v -0.03571781328097767 -0.019091568899964884 0.08300000394228846
v -0.03571781328097767 -0.019091568899964884 0.07900000375229865
v -0.033674520184658885 -0.022500596161494357 0.07900000375229865
v -0.037417123664424956 -0.015498679897219536 0.08300000394228846
v -0.038756086282953905 -0.011756530366449636 0.08300000394228846
v -0.038756086282953905 -0.011756530366449636 0.07900000375229865
v -0.03972180745919429 -0.00790115823127241 0.08300000394228846
v -0.04030498314607334 -0.003969694326123596 0.08300000394228846
v -0.03972180745919429 -0.00790115823127241 0.07900000375229865
v -0.037417123664424956 -0.015498679897219536 0.07900000375229865
v -0.02863782637243073 -0.02863782637243073 0.07900000375229865
v 1.2137113722594817e-15 -0.04050000192364678 0.07900000375229865
v -0.03042628432786132 -0.016263188180907218 0.07900000375229865
v -0.03571781328097767 -0.019091568899964884 0.07900000375229865
v -0.031873845660654876 -0.01320257917170553 0.07900000375229865
v -0.038756086282953905 -0.011756530366449636 0.07900000375229865
v -0.037417123664424956 -0.015498679897219536 0.07900000375229865
v -0.033674520184658885 -0.022500596161494357 0.07900000375229865
v -0.0313069243995967 -0.025692929534557596 0.07900000375229865
v -0.0266688626558631 -0.02188656910901421 0.07900000375229865
v -0.028685702732736962 -0.019167174296012 0.07900000375229865
v -0.02863782637243073 -0.02863782637243073 0.07900000375229865
v -0.03972180745919429 -0.00790115823127241 0.07900000375229865
v -0.04030498314607334 -0.003969694326123596 0.07900000375229865
v -0.03383709496044718 -0.006730616412368995 0.07900000375229865
v -0.04050000192364678 -2.7755576933948015e-17 0.07900000375229865
v -0.03433387537955079 -0.003381591480654811 0.07900000375229865
v -0.03301444401194953 -0.010014821528229745 0.07900000375229865
v -0.03450000163866207 -2.7755576933948015e-17 0.07900000375229865
v -0.03433387537955079 0.003381591480654811 0.07900000375229865
v -0.015498679897219536 -0.037417123664424956 0.07900000375229865
v -0.019091568899964884 -0.03571781328097767 0.07900000375229865
v -0.016263188180907218 -0.03042628432786132 0.07900000375229865
v -0.022500596161494357 -0.033674520184658885 0.07900000375229865
v -0.019167174296012 -0.028685702732736962 0.07900000375229865
v -0.01320257917170553 -0.031873845660654876 0.07900000375229865
v -0.011756530366449636 -0.038756086282953905 0.07900000375229865
v -0.006730616412368995 -0.03383709496044718 0.07900000375229865
v -0.003969694326123596 -0.04030498314607334 0.07900000375229865
v -0.00790115823127241 -0.03972180745919429 0.07900000375229865
v -0.003381591480654811 -0.03433387537955079 0.07900000375229865
v 1.2126091722785813e-15 -0.03450000163866207 0.07900000375229865
v -0.010014821528229745 -0.03301444401194953 0.07900000375229865
v -0.024395184721941465 -0.024395184721941465 0.07900000375229865
v -0.02188656910901421 -0.0266688626558631 0.07900000375229865
v -0.025692929534557596 -0.0313069243995967 0.07900000375229865
v -0.03972180745919429 0.00790115823127241 0.07900000375229865
v -0.038756086282953905 0.011756530366449636 0.07900000375229865
v -0.03301444401194953 0.010014821528229745 0.07900000375229865
v -0.037417123664424956 0.015498679897219536 0.07900000375229865
v -0.03383709496044718 0.006730616412368995 0.07900000375229865
v -0.04030498314607334 0.003969694326123596 0.07900000375229865
v -0.031873845660654876 0.01320257917170553 0.07900000375229865
v -0.03042628432786132 0.016263188180907218 0.07900000375229865
v -0.033674520184658885 0.022500596161494357 0.07900000375229865
v -0.03571781328097767 0.019091568899964884 0.07900000375229865
v -0.0313069243995967 0.025692929534557596 0.07900000375229865
v -0.0266688626558631 0.02188656910901421 0.07900000375229865
v -0.028685702732736962 0.019167174296012 0.07900000375229865
v -0.02863782637243073 0.02863782637243073 0.07900000375229865
v -0.025692929534557596 0.0313069243995967 0.07900000375229865
v -0.02188656910901421 0.0266688626558631 0.07900000375229865
v -0.024395184721941465 0.024395184721941465 0.07900000375229865
v -0.019167174296012 0.028685702732736962 0.07900000375229865
v -0.022500596161494357 0.033674520184658885 0.07900000375229865
v -0.019091568899964884 0.03571781328097767 0.07900000375229865
v -0.016263188180907218 0.03042628432786132 0.07900000375229865
v -0.010014821528229745 0.03301444401194953 0.07900000375229865
v -0.01320257917170553 0.031873845660654876 0.07900000375229865
v -0.015498679897219536 0.037417123664424956 0.07900000375229865
v -0.006730616412368995 0.03383709496044718 0.07900000375229865
v -0.00790115823127241 0.03972180745919429 0.07900000375229865
v -0.011756530366449636 0.038756086282953905 0.07900000375229865
v -0.003969694326123596 0.04030498314607334 0.07900000375229865
v 1.2041591169853077e-15 0.03450000163866207 0.07900000375229865
v -0.003381591480654811 0.03433387537955079 0.07900000375229865
v 1.2037916808516e-15 0.04050000192364678 0.07900000375229865
v 0.003969694326123596 0.04030498314607334 0.07900000375229865
v 0.003969694326123596 -0.04030498314607334 0.07900000375229865
v 1.2137113722594817e-15 -0.04050000192364678 0.07900000375229865
v 0.003381591480654811 -0.03433387537955079 0.07900000375229865
v 0.006730616412368995 -0.03383709496044718 0.07900000375229865
v 0.010014821528229745 -0.03301444401194953 0.07900000375229865
v 0.011756530366449636 -0.038756086282953905 0.07900000375229865
v 0.00790115823127241 -0.03972180745919429 0.07900000375229865
v 0.015498679897219536 -0.037417123664424956 0.07900000375229865
v 0.019091568899964884 -0.03571781328097767 0.07900000375229865
v 0.01320257917170553 -0.031873845660654876 0.07900000375229865
v 0.016263188180907218 -0.03042628432786132 0.07900000375229865
v 0.02188656910901421 -0.0266688626558631 0.07900000375229865
v 0.022500596161494357 -0.033674520184658885 0.07900000375229865
v 0.019167174296012 -0.028685702732736962 0.07900000375229865
v 0.024395184721941465 -0.024395184721941465 0.07900000375229865
v 0.025692929534557596 -0.0313069243995967 0.07900000375229865
v 0.02863782637243073 -0.02863782637243073 0.07900000375229865
v 0.0313069243995967 -0.025692929534557596 0.07900000375229865
v 0.0266688626558631 -0.02188656910901421 0.07900000375229865
v 0.028685702732736962 -0.019167174296012 0.07900000375229865
v 0.03042628432786132 -0.016263188180907218 0.07900000375229865
v 0.033674520184658885 -0.022500596161494357 0.07900000375229865
v 0.031873845660654876 -0.01320257917170553 0.07900000375229865
v 0.03571781328097767 -0.019091568899964884 0.07900000375229865
v 0.038756086282953905 -0.011756530366449636 0.07900000375229865
v 0.03301444401194953 -0.010014821528229745 0.07900000375229865
v 0.03972180745919429 -0.00790115823127241 0.07900000375229865
v 0.03383709496044718 -0.006730616412368995 0.07900000375229865
v 0.03433387537955079 -0.003381591480654811 0.07900000375229865
v 0.04030498314607334 -0.003969694326123596 0.07900000375229865
v 0.037417123664424956 -0.015498679897219536 0.07900000375229865
v 0.03450000163866207 -2.3530545899179267e-17 0.07900000375229865
v 0.019167174296012 0.028685702732736962 0.07900000375229865
v 0.016263188180907218 0.03042628432786132 0.07900000375229865
v 0.022500596161494357 0.033674520184658885 0.07900000375229865
v 0.01320257917170553 0.031873845660654876 0.07900000375229865
v 0.010014821528229745 0.03301444401194953 0.07900000375229865
v 0.015498679897219536 0.037417123664424956 0.07900000375229865
v 0.024395184721941465 0.024395184721941465 0.07900000375229865
v 0.02188656910901421 0.0266688626558631 0.07900000375229865
v 0.02863782637243073 0.02863782637243073 0.07900000375229865
v 0.025692929534557596 0.0313069243995967 0.07900000375229865
v 0.0266688626558631 0.02188656910901421 0.07900000375229865
v 0.00790115823127241 0.03972180745919429 0.07900000375229865
v 0.006730616412368995 0.03383709496044718 0.07900000375229865
v 0.003381591480654811 0.03433387537955079 0.07900000375229865
v 0.011756530366449636 0.038756086282953905 0.07900000375229865
v 0.019091568899964884 0.03571781328097767 0.07900000375229865
v 0.04030498314607334 0.003969694326123596 0.07900000375229865
v 0.03433387537955079 0.003381591480654811 0.07900000375229865
v 0.03972180745919429 0.00790115823127241 0.07900000375229865
v 0.03383709496044718 0.006730616412368995 0.07900000375229865
v 0.03301444401194953 0.010014821528229745 0.07900000375229865
v 0.038756086282953905 0.011756530366449636 0.07900000375229865
v 0.04050000192364678 -2.2795756640996808e-17 0.07900000375229865
v 0.037417123664424956 0.015498679897219536 0.07900000375229865
v 0.033674520184658885 0.022500596161494357 0.07900000375229865
v 0.028685702732736962 0.019167174296012 0.07900000375229865
v 0.0313069243995967 0.025692929534557596 0.07900000375229865
v 0.03571781328097767 0.019091568899964884 0.07900000375229865
v 0.03042628432786132 0.016263188180907218 0.07900000375229865
v 0.031873845660654876 0.01320257917170553 0.07900000375229865
v -0.04598913029715934 -0.0010000000474974513 0.0975000046310015
v -0.04835385361504407 -0.0010000000474974513 0.0975000046310015
v -0.04600000218488276 -2.7755576933948015e-17 0.0975000046310015
v -0.04835385361504407 0.0010000000474974513 0.0975000046310015
v -0.04598913029715934 0.0010000000474974513 0.0975000046310015
v -0.04598913029715934 -0.0010000000474974513 0.09450000448850915
v -0.04870552294327091 -0.0010000000474974513 0.09450000448850915
v -0.04835385361504407 -0.0010000000474974513 0.0975000046310015
v -0.04598913029715934 -0.0010000000474974513 0.0975000046310015
v -0.04598913029715934 0.0010000000474974513 0.0975000046310015
v -0.04835385361504407 0.0010000000474974513 0.0975000046310015
v -0.04598913029715934 0.0010000000474974513 0.09450000448850915
v -0.04870552294327091 0.0010000000474974513 0.09450000448850915
v 0.00441077157943448 0.02300000109244138 0.21928332035192177
v 0.013062811518277373 0.03100000147242099 0.2175623272281868
v 0.013062811518277373 0.02300000109244138 0.2175623272281868
v 0.00877906459544997 0.02300000109244138 0.21863534058481626
v 0.00441077157943448 0.03100000147242099 0.21928332035192177
v 0.01722075544135504 0.03100000147242099 0.21607459522392958
v 0.02121285348558377 0.02300000109244138 0.21418647257565482
v 0.01722075544135504 0.02300000109244138 0.21607459522392958
v 0.028547698423203594 0.03100000147242099 0.20928548662509705
v 0.028547698423203594 0.02300000109244138 0.20928548662509705
v 0.02500066113009458 0.02300000109244138 0.21191614776078893
v 0.02121285348558377 0.03100000147242099 0.21418647257565482
v 0.03181980665662332 0.03100000147242099 0.20631981875962602
v 0.034785470707396904 0.02300000109244138 0.20304770861885757
v 0.03181980665662332 0.02300000109244138 0.20631981875962602
v 0.03968646047265212 0.03100000147242099 0.19571286940328392
v 0.03968646047265212 0.02300000109244138 0.19571286940328392
v 0.03741613565778623 0.02300000109244138 0.1995006656037024
v 0.034785470707396904 0.03100000147242099 0.20304770861885757
v 0.04306231893988155 0.03100000147242099 0.18756281408453646
v 0.04306231893988155 0.02300000109244138 0.18756281408453646
v 0.04157457930622943 0.02300000109244138 0.19172075800761412
v 0.04478331587831397 0.03100000147242099 0.17891077509936792
v 0.04478331587831397 0.02300000109244138 0.17891077509936792
v 0.0441353399259059 0.02300000109244138 0.18327907669845267
v 0.0441353399259059 0.03100000147242099 0.18327907669845267
v 0.04157457930622943 0.03100000147242099 0.19172075800761412
v 0.00877906459544997 0.03100000147242099 0.21863534058481626
v 0.02500066113009458 0.03100000147242099 0.21191614776078893
v 0.03741613565778623 0.03100000147242099 0.1995006656037024
v 0.04500000213738531 0.03100000147242099 0.17450000828830525
v 0.04500000213738531 0.02300000109244138 0.17450000828830525
v 0.0441353399259059 0.03100000147242099 0.16572093987815784
v 0.0441353399259059 0.02300000109244138 0.16572093987815784
v 0.04478331587831397 0.02300000109244138 0.17008924147724258
v 0.04157457930622943 0.03100000147242099 0.15727925856899638
v 0.04157457930622943 0.02300000109244138 0.15727925856899638
v 0.04306231893988155 0.02300000109244138 0.16143720249207405
v 0.04306231893988155 0.03100000147242099 0.16143720249207405
v 0.03741613565778623 0.03100000147242099 0.14949935097290812
v 0.03741613565778623 0.02300000109244138 0.14949935097290812
v 0.03968646047265212 0.02300000109244138 0.1532871471733266
v 0.034785470707396904 0.03100000147242099 0.14595230795775294
v 0.03181980665662332 0.02300000109244138 0.1426801978169845
v 0.034785470707396904 0.02300000109244138 0.14595230795775294
v 0.03968646047265212 0.03100000147242099 0.1532871471733266
v 0.02500066113009458 0.03100000147242099 0.13708386881582157
v 0.02500066113009458 0.02300000109244138 0.13708386881582157
v 0.028547698423203594 0.02300000109244138 0.13971452995151346
v 0.02121285348558377 0.03100000147242099 0.1348135440009557
v 0.01722075544135504 0.02300000109244138 0.13292542135268093
v 0.02121285348558377 0.02300000109244138 0.1348135440009557
v 0.00877906459544997 0.03100000147242099 0.13036467599179424
v 0.00877906459544997 0.02300000109244138 0.13036467599179424
v 0.013062811518277373 0.02300000109244138 0.1314376893484237
v 0.00441077157943448 0.02300000109244138 0.12971669622468873
v 0.00441077157943448 0.03100000147242099 0.12971669622468873
v 0.013062811518277373 0.03100000147242099 0.1314376893484237
v 0.028547698423203594 0.03100000147242099 0.13971452995151346
v 0.04478331587831397 0.03100000147242099 0.17008924147724258
v 0.03181980665662332 0.03100000147242099 0.1426801978169845
v 0.01722075544135504 0.03100000147242099 0.13292542135268093
v -0.03181980665662332 0.02300000109244138 0.20631981875962602
v -0.02500066113009458 0.02300000109244138 0.21191614776078893
v -0.02121285348558377 0.02300000109244138 0.21418647257565482
v -0.028547698423203594 0.02300000109244138 0.20928548662509705
v -0.00877906459544997 0.02300000109244138 0.21863534058481626
v 1.2062715765985149e-15 0.02300000109244138 0.21950001042569056
v -0.01722075544135504 0.02300000109244138 0.21607459522392958
v -0.013062811518277373 0.02300000109244138 0.2175623272281868
v -0.00441077157943448 0.02300000109244138 0.21928332035192177
v -0.04157457930622943 0.02300000109244138 0.19172075800761412
v -0.0441353399259059 0.02300000109244138 0.18327907669845267
v -0.04306231893988155 0.02300000109244138 0.18756281408453646
v -0.04500000213738531 0.02300000109244138 0.17450000828830525
v -0.04478331587831397 0.02300000109244138 0.17891077509936792
v -0.03968646047265212 0.02300000109244138 0.19571286940328392
v -0.03741613565778623 0.02300000109244138 0.1995006656037024
v -0.034785470707396904 0.02300000109244138 0.20304770861885757
v -0.04157457930622943 0.02300000109244138 0.15727925856899638
v 0.00877906459544997 0.02300000109244138 0.21863534058481626
v 0.00441077157943448 0.02300000109244138 0.21928332035192177
v 0.013062811518277373 0.02300000109244138 0.2175623272281868
v 0.01722075544135504 0.02300000109244138 0.21607459522392958
v 0.03181980665662332 0.02300000109244138 0.20631981875962602
v 0.02500066113009458 0.02300000109244138 0.21191614776078893
v 0.02121285348558377 0.02300000109244138 0.21418647257565482
v 0.028547698423203594 0.02300000109244138 0.20928548662509705
v 0.04306231893988155 0.02300000109244138 0.16143720249207405
v 0.03741613565778623 0.02300000109244138 0.1995006656037024
v 0.034785470707396904 0.02300000109244138 0.20304770861885757
v 0.03968646047265212 0.02300000109244138 0.19571286940328392
v 0.04157457930622943 0.02300000109244138 0.19172075800761412
v 0.04306231893988155 0.02300000109244138 0.18756281408453646
v 0.0441353399259059 0.02300000109244138 0.18327907669845267
v 0.04478331587831397 0.02300000109244138 0.17891077509936792
v 0.04500000213738531 0.02300000109244138 0.17450000828830525
v -0.0441353399259059 0.02300000109244138 0.16572093987815784
v -0.04306231893988155 0.02300000109244138 0.16143720249207405
v -0.00877906459544997 0.02300000109244138 0.13036467599179424
v -0.034785470707396904 0.02300000109244138 0.14595230795775294
v -0.03741613565778623 0.02300000109244138 0.14949935097290812
v -0.03968646047265212 0.02300000109244138 0.1532871471733266
v -0.03181980665662332 0.02300000109244138 0.1426801978169845
v -0.02500066113009458 0.02300000109244138 0.13708386881582157
v -0.01722075544135504 0.02300000109244138 0.13292542135268093
v -0.02121285348558377 0.02300000109244138 0.1348135440009557
v 0.00877906459544997 0.02300000109244138 0.13036467599179424
v -0.00441077157943448 0.02300000109244138 0.12971669622468873
v -0.013062811518277373 0.02300000109244138 0.1314376893484237
v -0.028547698423203594 0.02300000109244138 0.13971452995151346
v 1.2117825765030171e-15 0.02300000109244138 0.12950000615091994
v 0.00441077157943448 0.02300000109244138 0.12971669622468873
v 0.03968646047265212 0.02300000109244138 0.1532871471733266
v 0.03741613565778623 0.02300000109244138 0.14949935097290812
v 0.034785470707396904 0.02300000109244138 0.14595230795775294
v 0.04157457930622943 0.02300000109244138 0.15727925856899638
v 0.0441353399259059 0.02300000109244138 0.16572093987815784
v 0.04478331587831397 0.02300000109244138 0.17008924147724258
v 0.02121285348558377 0.02300000109244138 0.1348135440009557
v 0.013062811518277373 0.02300000109244138 0.1314376893484237
v 0.01722075544135504 0.02300000109244138 0.13292542135268093
v 0.02500066113009458 0.02300000109244138 0.13708386881582157
v 0.03181980665662332 0.02300000109244138 0.1426801978169845
v 0.028547698423203594 0.02300000109244138 0.13971452995151346
v -0.04478331587831397 0.02300000109244138 0.17008924147724258
vn 6.8839728219110314e-06 0.0 3.4608161399170956e-05
vn 6.8839728219110314e-06 0.0 3.4608161399170956e-05
vn 4.033732479538163e-06 0.0 3.5059621962487065e-05
vn 2.8836265760131397e-06 0.0 3.517289813698793e-05
vn 5.778402241627052e-07 0.0 3.5286174311482336e-05
vn 1.0795940153163376e-05 0.0 3.359902764648874e-05
vn 1.3503419251505905e-05 0.0 3.260016941765048e-05
vn 9.690023706961125e-06 0.0 3.3934502328422216e-05
vn 1.9123496282780367e-05 0.0 2.966040829447542e-05
vn 2.0084393183956503e-05 0.0 2.901835399357468e-05
vn 1.7143393555618218e-05 0.0 3.0847237020499335e-05
vn 1.61241877296322e-05 0.0 3.139201144562252e-05
vn 2.454252349026863e-05 0.0 2.535968258482165e-05
vn 2.5359702929875672e-05 0.0 2.4542498058951107e-05
vn 2.2831992728818602e-05 0.0 2.6910011304686115e-05
vn 2.901835399357468e-05 0.0 2.008441352901052e-05
vn 2.9660362518103878e-05 0.0 1.912350645530738e-05
vn 2.7643191102524558e-05 0.0 2.193865157950263e-05
vn 2.6910036736003635e-05 0.0 2.2831982556291594e-05
vn 3.237911277637128e-05 0.0 1.4037273468886e-05
vn 3.2821332870463266e-05 0.0 1.2969595551706838e-05
vn 3.1392052135730554e-05 0.0 1.6124167384578183e-05
vn 3.3766726840479204e-05 0.0 1.0243042965224301e-05
vn 3.460815758447332e-05 0.0 6.883988080701544e-06
vn 3.3766726840479204e-05 0.0 1.0243042965224301e-05
vn 3.0847211589181815e-05 0.0 1.714338338309121e-05
vn 2.193864140697562e-05 0.0 2.7643155498680033e-05
vn -5.778402241627052e-07 0.0 3.528617431147587e-05
vn 1.3503419251505905e-05 0.0 3.260016941765048e-05
vn 3.460815758447332e-05 0.0 6.883988080701544e-06
vn 3.50596550231966e-05 0.0 4.0337019619571394e-06
vn 3.517289559384972e-05 0.0 2.8835960584321157e-06
vn 3.4586795277756518e-06 0.0 -3.5116260049737475e-05
vn -5.778402241627052e-07 0.0 -3.528617431147589e-05
vn 5.778402241627052e-07 0.0 -3.528617431148232e-05
vn 3.5116275308523165e-05 0.0 -3.4586490101946278e-06
vn 3.5116275308523165e-05 0.0 -3.4586490101946278e-06
vn 3.5286136164502824e-05 0.0 -5.778300516356972e-07
vn 3.4495405295116594e-05 0.0 -7.450714819108004e-06
vn 3.3766726840479204e-05 0.0 -1.0243042965224301e-05
vn 3.472090987383004e-05 0.0 -6.317261342295084e-06
vn 3.1392052135730554e-05 0.0 -1.6124167384578183e-05
vn 3.0847211589181815e-05 0.0 -1.714338338309121e-05
vn 3.237911277637128e-05 0.0 -1.4037273468886e-05
vn 2.7643191102524558e-05 0.0 -2.193865157950263e-05
vn 2.6910036736003635e-05 0.0 -2.2831982556291594e-05
vn 2.901835399357468e-05 0.0 -2.008441352901052e-05
vn 2.9660362518103878e-05 0.0 -1.912350645530738e-05
vn 3.2821332870463266e-05 0.0 -1.2969595551706838e-05
vn 2.2831992728818602e-05 0.0 -2.6910011304686115e-05
vn 2.193864140697562e-05 0.0 -2.7643155498680033e-05
vn 2.454252349026863e-05 0.0 -2.535968258482165e-05
vn 1.7143393555618218e-05 0.0 -3.0847237020499335e-05
vn 1.61241877296322e-05 0.0 -3.139201144562252e-05
vn 1.9123496282780367e-05 0.0 -2.966040829447542e-05
vn 2.0084393183956503e-05 0.0 -2.901835399357468e-05
vn 1.0795940153163376e-05 0.0 -3.359902764648874e-05
vn 9.690023706961125e-06 0.0 -3.3934502328422216e-05
vn 1.2969565034125812e-05 0.0 -3.282129726661873e-05
vn 3.4586795277756513e-06 0.0 -3.5116260049737475e-05
vn 6.317261342295083e-06 0.0 -3.472088952877603e-05
vn 7.450684301526978e-06 0.0 -3.449543326956587e-05
vn 1.4037273468885996e-05 0.0 -3.237904156868222e-05
vn 2.5359702929875672e-05 0.0 -2.4542498058951107e-05
vn 3.5286136164502824e-05 0.0 5.778300516356972e-07
vn 3.3766726840479204e-05 0.0 -1.0243042965224301e-05
vn -1.5878778058695837e-05 0.0 0.0
vn -1.5776830264587522e-05 1.8151602879908581e-06 0.0
vn -1.5827804161641736e-05 1.2976177176681016e-06 0.0
vn -1.552294497130464e-05 3.352824211730353e-06 0.0
vn -1.5119562313763344e-05 4.8581954484829375e-06 0.0
vn -1.5270525793476823e-05 4.36054016846083e-06 0.0
vn -1.5624400669418977e-05 2.8427635350219836e-06 0.0
vn -1.4570570740412401e-05 6.316778147262202e-06 0.0
vn -1.3881258693730105e-05 7.7145291345336e-06 0.0
vn -1.4126407693661887e-05 7.255885495587192e-06 0.0
vn -1.3058259297108605e-05 9.037979984538529e-06 0.0
vn -1.2109503306916527e-05 1.0274389607199466e-05 0.0
vn -1.2439418702840137e-05 9.872386598633628e-06 0.0
vn -1.3347184495453462e-05 8.605576379009268e-06 0.0
vn -1.4769584787231132e-05 5.836314437883623e-06 0.0
vn -1.1044124380841172e-05 1.1411856145917044e-05 0.0
vn -9.872386598633628e-06 1.2439418702840137e-05 0.0
vn -1.0274389607199466e-05 1.2109503306916527e-05 0.0
vn -8.605576379009268e-06 1.3347184495453462e-05 0.0
vn -7.255885495587192e-06 1.4126407693661887e-05 0.0
vn -7.7145291345336e-06 1.3881258693730105e-05 0.0
vn -9.037979984538529e-06 1.3058259297108605e-05 0.0
vn -5.836314437883623e-06 1.4769584787231132e-05 0.0
vn -4.36054016846083e-06 1.5270525793476823e-05 0.0
vn -4.8581954484829375e-06 1.5119562313763344e-05 0.0
vn -2.8427635350219836e-06 1.5624400669418977e-05 0.0
vn -1.2976177176681016e-06 1.582780416164487e-05 0.0
vn -1.8151602879908581e-06 1.577683026458909e-05 0.0
vn -3.352824211730353e-06 1.552294497130464e-05 0.0
vn -6.316778147262202e-06 1.4570570740412401e-05 0.0
vn -1.1411856145917044e-05 1.1044124380841172e-05 0.0
vn -1.5878778058695837e-05 0.0 0.0
vn -2.600250491151149e-07 1.587877805869744e-05 0.0
vn 2.600250491151149e-07 1.587877805869423e-05 0.0
vn 1.8151602879908581e-06 1.5776830264585882e-05 0.0
vn 3.352824211730353e-06 1.552294497130464e-05 0.0
vn 2.8427635350219836e-06 1.5624400669418977e-05 0.0
vn 4.8581954484829375e-06 1.5119562313763344e-05 0.0
vn 6.316778147262202e-06 1.4570570740412401e-05 0.0
vn 5.836314437883623e-06 1.4769584787231132e-05 0.0
vn 4.36054016846083e-06 1.5270525793476823e-05 0.0
vn 7.7145291345336e-06 1.3881258693730105e-05 0.0
vn 9.037979984538529e-06 1.3058259297108605e-05 0.0
vn 8.605576379009268e-06 1.3347184495453462e-05 0.0
vn 1.0274389607199466e-05 1.2109503306916527e-05 0.0
vn 1.1411856145917044e-05 1.1044124380841172e-05 0.0
vn 1.1044124380841172e-05 1.1411856145917044e-05 0.0
vn 9.872386598633628e-06 1.2439418702840137e-05 0.0
vn 7.255885495587192e-06 1.4126407693661887e-05 0.0
vn 1.2439418702840137e-05 9.872386598633628e-06 0.0
vn 1.3347184495453462e-05 8.605576379009268e-06 0.0
vn 1.3058259297108605e-05 9.037979984538529e-06 0.0
vn 1.4126407693661887e-05 7.255885495587192e-06 0.0
vn 1.4769584787231132e-05 5.836314437883623e-06 0.0
vn 1.4570570740412401e-05 6.316778147262202e-06 0.0
vn 1.3881258693730105e-05 7.7145291345336e-06 0.0
vn 1.5270525793476823e-05 4.36054016846083e-06 0.0
vn 1.5624400669418977e-05 2.8427635350219836e-06 0.0
vn 1.552294497130464e-05 3.352824211730353e-06 0.0
vn 1.5827804161641722e-05 1.2976177176681016e-06 0.0
vn 1.5878778058695806e-05 -2.600250491151149e-07 0.0
vn 1.5878778058695867e-05 2.600250491151149e-07 0.0
vn 1.5776830264587516e-05 1.8151602879908581e-06 0.0
vn 1.5119562313763344e-05 4.8581954484829375e-06 0.0
vn 1.2109503306916527e-05 1.0274389607199466e-05 0.0
vn 1.2976177176681016e-06 1.5827804161638452e-05 0.0
vn -8.750000831205418e-06 0.0 0.0
vn -3.000000284984798e-06 3.261566471941542e-08 0.0
vn -3.0194420821807274e-05 1.5921379648130956e-06 -1.6367674656600737e-09
vn -5.120241897923844e-05 6.622643146207139e-06 5.312136680527452e-08
vn -5.154313139996101e-05 4.598526437813102e-06 -5.837771279048298e-08
vn -3.3175537519068074e-05 0.0 -8.624259343365861e-08
vn -5.0311757178168926e-05 1.1586700904347693e-05 5.1806496490599994e-08
vn -4.894101289906504e-05 1.644016485620603e-05 5.046302471245755e-08
vn -4.9661759007876485e-05 1.4543209821675559e-05 -5.56926881699741e-08
vn -4.7103273733705515e-05 2.1136680067772552e-05 4.9085906744576964e-08
vn -4.4816074496047514e-05 2.563147088985565e-05 4.7672171956275994e-08
vn -4.588067331645794e-05 2.3931385406294036e-05 -5.287567650044212e-08
vn -4.800129090758474e-05 1.9329978235988854e-05 -5.429840521115662e-08
vn -5.084615681783696e-05 9.616967161121387e-06 -5.705374100927238e-08
vn -4.210125464790283e-05 2.9881633418233186e-05 4.6227920947555e-08
vn -3.898472615869261e-05 3.384661074139865e-05 4.4761098111733206e-08
vn -4.0344556190518445e-05 3.2403912125650917e-05 -4.9936663414989936e-08
vn -3.549621029131101e-05 3.748859507326946e-05 4.3257845806566666e-08
vn -3.16690328800192e-05 4.0772805590330814e-05 4.171263181051566e-08
vn -3.3265207271759923e-05 3.963672950889864e-05 -4.686461739424768e-08
vn -3.698212720594372e-05 3.619382280214037e-05 -4.8409497098820584e-08
vn -2.7539700263225683e-05 4.3667919810359214e-05 4.014644358650537e-08
vn -2.314759220032726e-05 4.6146314872047355e-05 3.855189632546909e-08
vn -2.4913510463987056e-05 4.5353141006721854e-05 -4.366682352299795e-08
vn -1.8534676723061335e-05 4.818434537214805e-05 3.692872950929558e-08
vn -1.3744939838210521e-05 4.976257002209168e-05 3.526620555399059e-08
vn -1.5608934613669182e-05 4.9334518032881564e-05 -4.032757438969137e-08
vn -8.824093067451158e-06 5.086592529620108e-05 3.35716523306094e-08
vn -1.0709481302990591e-05 5.062421063675463e-05 -3.861393424917693e-08
vn -2.035876531085053e-05 4.757186435566267e-05 -4.2010756211862666e-08
vn -2.922944728043248e-05 4.2699620806327405e-05 -4.528473873679061e-08
vn -4.3320243182279623e-05 2.8303342964755476e-05 -5.142519407484104e-08
vn -5.707462217187916e-06 5.142858389801048e-05 -3.68751112233012e-08
vn -3.819134757126107e-06 5.14838972520351e-05 3.18390393107868e-08
vn -6.507677060660295e-07 5.173993331951973e-05 -3.510315214266826e-08
vn 1.222264088073368e-06 5.1610587333895185e-05 3.008206684720159e-08
vn 6.251906035183341e-06 5.1244796455187906e-05 2.8298745983569373e-08
vn 4.412126960267236e-06 5.155527397987056e-05 -3.329261675685351e-08
vn 1.1221842242368645e-05 5.0390021342580966e-05 2.6486427891651338e-08
vn 1.60846356730592e-05 4.905441797855336e-05 2.463846854525855e-08
vn 1.4362688793174443e-05 4.970978827625331e-05 -2.9564220098039385e-08
vn 9.432629527643455e-06 5.0876391713872166e-05 -3.144609093440595e-08
vn 2.0793887524222686e-05 4.725075042084126e-05 2.2750334006765453e-08
vn 2.5304675916591744e-05 4.4996222637855486e-05 2.084020977846923e-08
vn 2.3763601017389878e-05 4.5962774192482195e-05 -2.5724509999120988e-08
vn 2.9573906846845785e-05 4.2312352385241196e-05 1.8888907999015683e-08
vn 3.356089910791392e-05 3.922477013952372e-05 1.6917997914531582e-08
vn 3.225519613862327e-05 4.04576066620731e-05 -2.175781516709908e-08
vn 2.8144332380395722e-05 4.341829044806334e-05 -2.3757449226424265e-08
vn 1.9154970081343135e-05 4.806666671869624e-05 -2.7664116435936894e-08
vn 3.722761094559236e-05 3.576292663795711e-05 1.4915142883051896e-08
vn 4.053901294523759e-05 3.1959899123673765e-05 1.2863064475387433e-08
vn 3.9512741027678635e-05 3.340493010912956e-05 -1.7650934060782855e-08
vn 4.3463555968008685e-05 2.7851930720945878e-05 1.0789009547404016e-08
vn 4.5973324692446854e-05 2.3478247647590705e-05 8.695756130316895e-09
vn 4.525858132824454e-05 2.5074597515422317e-05 -1.3426481806499554e-08
vn 4.258981664245419e-05 2.9380590686717414e-05 -1.5565832872337925e-08
vn 4.804435566489019e-05 1.8880598590232044e-05 6.557734896228615e-09
vn 4.965691513661759e-05 1.4102837948584342e-05 4.398097698296764e-09
vn 4.9272958826746894e-05 1.5785288085011706e-05 -9.065047014542822e-09
vn 5.079561239215741e-05 9.190589506278494e-06 2.1887889148407682e-09
vn 5.144959167626205e-05 4.190705379581624e-06 -4.017148136190158e-11
vn 5.140236667330171e-05 5.892414016983956e-06 -4.593232161296748e-09
vn 5.149338758394603e-05 0.0 0.0
vn 5.167223062232803e-05 1.0587911840678754e-22 -3.443727952517722e-09
vn 5.058011495741522e-05 1.0891025942021888e-05 -6.842474673869958e-09
vn 4.749343385453948e-05 2.0528333706678715e-05 -1.1265769822196678e-08
vn 3.605682715568329e-05 3.710912071522018e-05 -1.971370930101119e-08
vn -1.7302565964787342e-05 3.148098732268948e-06 0.0
vn -1.719021167790964e-05 3.712940678554514e-06 0.0
vn -1.7471368906048185e-05 2.0101232177997506e-06 0.0
vn -1.7527817560431325e-05 1.4369896496161201e-06 0.0
vn -1.7584266214814546e-05 2.879520271441632e-07 0.0
vn -1.635593995794239e-05 6.46317710855923e-06 0.0
vn -1.6135549110741564e-05 6.995245989503687e-06 0.0
vn -1.6743506333772794e-05 5.379999693356544e-06 0.0
vn -1.4780761569129216e-05 9.52986718946537e-06 0.0
vn -1.4460803484730203e-05 1.000871496621723e-05 0.0
vn -1.5372199190199062e-05 8.543117898625054e-06 0.0
vn -1.56436787268699e-05 8.035216384536598e-06 0.0
vn -1.691068186240237e-05 4.828891159098313e-06 0.0
vn -1.2637569060501288e-05 1.2230343969873692e-05 0.0
vn -1.2230343969873692e-05 1.2637569060501288e-05 0.0
vn -1.3410144567529655e-05 1.1377933500487093e-05 0.0
vn -1.000871496621723e-05 1.4460803484730203e-05 0.0
vn -9.529867189465371e-06 1.4780761569129216e-05 0.0
vn -1.0932748121728092e-05 1.3775494983930423e-05 0.0
vn -1.1377933500487093e-05 1.3410144567529655e-05 0.0
vn -6.995245989503687e-06 1.6135549110741564e-05 0.0
vn -6.46317710855923e-06 1.635593995794239e-05 0.0
vn -8.035216384536598e-06 1.56436787268699e-05 0.0
vn -3.712940678554514e-06 1.719021167790964e-05 0.0
vn -3.148098732268948e-06 1.7302565964787342e-05 0.0
vn -4.828891159098313e-06 1.691068186240237e-05 0.0
vn -5.379999693356544e-06 1.6743506333772794e-05 0.0
vn -8.543117898625054e-06 1.5372199190199062e-05 0.0
vn -1.3775494983930423e-05 1.0932748121728092e-05 0.0
vn -1.7584266214814627e-05 -2.879520271441632e-07 0.0
vn -2.0101232177997506e-06 1.747136890604612e-05 0.0
vn -1.4369896496161201e-06 1.75278175604272e-05 0.0
vn 1.7499593233239743e-05 1.7235564337079355e-06 0.0
vn 1.7584266214814583e-05 0.0 0.0
vn 1.7584266214814586e-05 0.0 0.0
vn 1.4369896496161201e-06 1.7527817560435607e-05 0.0
vn 2.0101232177997506e-06 1.7471368906050326e-05 0.0
vn 2.879520271441632e-07 1.7584266214816687e-05 0.0
vn 4.828891159098313e-06 1.691068186240237e-05 0.0
vn 5.379999693356544e-06 1.6743506333772794e-05 0.0
vn 3.712940678554514e-06 1.719021167790964e-05 0.0
vn 3.148098732268948e-06 1.7302565964787342e-05 0.0
vn 8.035216384536598e-06 1.56436787268699e-05 0.0
vn 8.543117898625054e-06 1.5372199190199062e-05 0.0
vn 6.995245989503687e-06 1.6135549110741564e-05 0.0
vn 1.0932748121728092e-05 1.3775494983930423e-05 0.0
vn 1.1377933500487093e-05 1.3410144567529655e-05 0.0
vn 1.000871496621723e-05 1.4460803484730203e-05 0.0
vn 9.52986718946537e-06 1.4780761569129216e-05 0.0
vn 6.46317710855923e-06 1.635593995794239e-05 0.0
vn 1.3410144567529655e-05 1.1377933500487093e-05 0.0
vn 1.3775494983930423e-05 1.0932748121728092e-05 0.0
vn 1.2637569060501288e-05 1.2230343969873692e-05 0.0
vn 1.5372199190199062e-05 8.543117898625054e-06 0.0
vn 1.56436787268699e-05 8.035216384536598e-06 0.0
vn 1.4780761569129216e-05 9.529867189465371e-06 0.0
vn 1.4460803484730203e-05 1.000871496621723e-05 0.0
vn 1.6743506333772794e-05 5.379999693356544e-06 0.0
vn 1.691068186240237e-05 4.828891159098313e-06 0.0
vn 1.635593995794239e-05 6.46317710855923e-06 0.0
vn 1.7499593233239743e-05 1.7235564337079355e-06 0.0
vn 1.7302565964787342e-05 3.148098732268948e-06 0.0
vn 1.719021167790964e-05 3.712940678554514e-06 0.0
vn 1.6135549110741564e-05 6.995245989503687e-06 0.0
vn 1.2230343969873692e-05 1.2637569060501288e-05 0.0
vn -2.879520271441632e-07 1.7584266214812482e-05 0.0
vn -3.2126437774006206e-06 -6.846465247346691e-05 9.225075564040125e-06
vn -7.69093278932859e-06 -6.94309598084926e-05 9.414771423065351e-06
vn -5.20039329000911e-06 -6.82553429141678e-05 9.175539608677824e-06
vn -1.447140963873276e-05 -6.879370510544359e-05 9.478662184465586e-06
vn -1.1805784337535268e-05 -6.868856819611791e-05 9.309231001036542e-06
vn -1.8567090802670186e-05 -6.813452790641895e-05 9.403995764408271e-06
vn -2.114715353124884e-05 -6.715540658423749e-05 9.484754200768478e-06
vn -3.366994295743699e-05 -6.123959401246065e-05 9.378470337769976e-06
vn -3.1773885582242564e-05 -6.380042098909498e-05 9.440020447499154e-06
vn -2.7580905435870777e-05 -6.457977660471445e-05 9.443750646057012e-06
vn -3.0444295540005942e-05 -3.887491377666329e-05 6.612952792247273e-06
vn -3.723476692863247e-05 -4.719675855332633e-05 7.88606054139854e-06
vn -3.930028112484263e-05 -5.7161395431053275e-05 9.285567995042222e-06
vn -3.7859500463665875e-05 -6.016421303647736e-05 9.393583050162207e-06
vn -2.526095881433664e-05 -6.64357005897966e-05 9.437210327433006e-06
vn -2.9298726486208125e-05 -3.281013927896722e-05 5.7037000542950585e-06
vn -3.295276493853648e-05 -3.165270204980078e-05 5.932929409353679e-06
vn -3.877105545568967e-05 -3.8847974276789436e-05 7.115316466303303e-06
vn -3.154249955018782e-05 -2.0198697462722886e-05 4.780465216068474e-06
vn -3.7612356974247794e-05 -2.493763151114904e-05 5.68700672615381e-06
vn -2.8552398706389244e-05 -2.1477517089407115e-05 4.4844255201192724e-06
vn -3.629755344537376e-05 -3.0060154339851677e-05 6.0038030088543e-06
vn -3.6220518946291574e-05 -3.241009914445912e-05 6.290597473215661e-06
vn -4.34954529003584e-05 -1.90366148965115e-05 6.022996795624983e-06
vn -4.404783631636754e-05 -1.3515491567772153e-05 5.845934145472789e-06
vn -4.3674311344340346e-05 -1.740632380755376e-05 5.95358534985526e-06
vn -3.9054975728180675e-05 -3.7200686292869254e-06 5.074756375015756e-06
vn -2.5425598079567477e-05 -2.91793499076362e-09 3.4314667178838784e-06
vn -2.4561750447917124e-05 -1.3092340583269735e-06 3.143824233070243e-06
vn -4.444628588228201e-05 -8.279542743706423e-06 5.755759626435554e-06
vn -3.552954530884534e-05 -4.3214189585810665e-06 4.492246512917637e-06
vn -4.396487077021674e-05 -9.759181047555893e-06 5.69465285766612e-06
vn -4.301808916953062e-05 -2.4201153646210434e-05 6.277776205468206e-06
vn -4.3150465197039735e-05 -2.2389878847924196e-05 6.164757057003801e-06
vn -2.940409412185418e-06 -6.629345040528117e-05 8.884718913426502e-06
vn -4.38655907828369e-05 -1.3481910931148861e-05 5.805451901882222e-06
vn -1.3028723523886599e-05 -8.508110854613823e-07 1.5272674105581383e-06
vn -2.6709759736220113e-05 1.5670414440122233e-06 3.365633302075339e-06
vn -3.802904358480852e-05 4.232393824726968e-05 7.270541519229906e-06
vn -3.9503941074087084e-05 3.826148041132439e-05 7.075847285447444e-06
vn -2.1436224350846355e-05 2.3410471668329385e-05 4.185319688386007e-06
vn -3.831645806357586e-05 4.8415618393193785e-05 8.091320332107746e-06
vn -3.098901029187611e-05 2.6695888661615738e-05 5.345544132781791e-06
vn -4.278121351087963e-05 3.742205858852221e-05 7.1510754092646225e-06
vn -4.620859105919945e-05 1.9625273381812565e-05 6.356789198528717e-06
vn -4.5746396504926405e-05 2.551727264712211e-05 6.606543353550347e-06
vn -4.898694306296832e-05 2.466820165568316e-05 6.794616000192037e-06
vn -3.153307244677197e-05 2.395901014737911e-05 4.887901984636194e-06
vn -4.1872381034374613e-05 2.781495980131941e-05 6.232150794605004e-06
vn -3.1492056372977524e-05 1.9972436401659148e-05 4.730363020754267e-06
vn -4.074308652464993e-05 6.249830183096082e-05 9.867511377404683e-06
vn -4.632373815768138e-05 6.502486632134189e-05 1.0456910011325143e-05
vn -2.0002979282592025e-05 7.749427848726599e-05 1.0526233769878052e-05
vn -2.2563861692181842e-05 7.213635887808705e-05 1.013548875601869e-05
vn -1.4816020050478574e-05 7.37932070179792e-05 1.0123323212453629e-05
vn -7.046593085641843e-06 7.421712151836659e-05 1.0043718788741528e-05
vn -1.1296143491925412e-05 7.775182160692961e-05 1.0365023144564954e-05
vn 3.600607797436932e-08 6.803977973579963e-05 9.101086178166531e-06
vn -2.93798971814291e-06 7.715705039654324e-05 1.0218044007139542e-05
vn 3.962526069712013e-06 5.318674163996772e-05 7.146829519241335e-06
vn 5.0503823851161535e-06 6.677985272254873e-05 8.82013383260441e-06
vn -3.312493808296248e-05 6.090908912174207e-05 9.234996498672306e-06
vn -3.006277436713247e-05 6.923480964133056e-05 1.0071140656246301e-05
vn -3.685892680986664e-05 6.872817964099194e-05 1.0265499978860013e-05
vn 8.791603014963236e-06 6.225410549370251e-05 8.346261259561803e-06
vn 1.3553366214158716e-05 7.19625143931524e-05 9.608179398635653e-06
vn 1.4566892421600645e-05 6.188231554129345e-05 8.417631324336397e-06
vn -2.8763386758384513e-05 7.56092787565043e-05 1.0625714692322226e-05
vn 1.3624692725221215e-05 5.112486462571676e-05 7.073362295405325e-06
vn 1.692775939993452e-05 6.666970062789586e-05 9.006083901108817e-06
vn -3.98186899351924e-05 5.287630470137072e-06 4.938338394412796e-06
vn -4.0850363646017057e-05 3.917136380891284e-06 5.282190401983178e-06
vn -4.9806795405091595e-05 1.2356389752538327e-05 6.3004407065179445e-06
vn -4.7162566045131225e-05 9.16185178188458e-06 6.109460297465251e-06
vn -4.680860492700183e-05 1.4270478482140029e-05 6.21452245038235e-06
vn -4.957981794804842e-05 1.830116700453814e-05 6.488966002726381e-06
vn -1.571211582667725e-05 1.172023884529646e-06 1.8418229851146984e-06
vn 0.0 0.0 -1.2570730846167498e-05
vn 0.0 0.0 -1.2602376726705447e-05
vn 0.0 0.0 -1.2896700270725997e-05
vn 0.0 0.0 -1.2968305617596485e-05
vn 0.0 0.0 -1.251544367692953e-05
vn 0.0 0.0 -1.2787399974505744e-05
vn 0.0 0.0 -1.2609832511545111e-05
vn 0.0 0.0 -1.2593462982784267e-05
vn 0.0 0.0 -1.299936982788078e-05
vn 0.0 0.0 -1.2769890940791333e-05
vn 0.0 0.0 -1.2338125188429702e-05
vn 0.0 0.0 -1.2270648520494377e-05
vn 0.0 0.0 -1.2217271169918709e-05
vn 0.0 0.0 -1.2023701797129902e-05
vn 0.0 0.0 -1.205211699508505e-05
vn 0.0 0.0 -1.2469842435652034e-05
vn 0.0 0.0 -1.2437578294433556e-05
vn 0.0 0.0 -1.264375811087589e-05
vn 0.0 0.0 -1.22835028778917e-05
vn 0.0 0.0 -1.224714199648715e-05
vn 0.0 0.0 -1.2450710440063974e-05
vn 0.0 0.0 -1.2390069266987845e-05
vn 0.0 0.0 -1.2631567223046512e-05
vn 0.0 0.0 -1.2070208520518363e-05
vn 0.0 0.0 -1.152462340271216e-05
vn 0.0 0.0 -1.1908765921586097e-05
vn 0.0 0.0 -1.1749472163883703e-05
vn 0.0 0.0 -1.128384516794162e-05
vn 0.0 0.0 -1.2568646645310986e-05
vn 0.0 0.0 -1.290476205544518e-05
vn 0.0 0.0 -1.2533269087755006e-05
vn 0.0 0.0 -1.2161189158345037e-05
vn 0.0 0.0 -1.2784399611565768e-05
vn 0.0 0.0 -1.2473498081465702e-05
vn 0.0 0.0 -1.3140363945569002e-05
vn 0.0 0.0 -1.3634584178808787e-05
vn 0.0 0.0 -1.2843161755569292e-05
vn 0.0 0.0 -1.391081476015765e-05
vn 0.0 0.0 -1.3040524787655738e-05
vn 0.0 0.0 -1.2147378526349077e-05
vn 0.0 0.0 -1.1797042362505992e-05
vn 0.0 0.0 -1.3208549896035512e-05
vn 0.0 0.0 -1.3333228448393384e-05
vn 0.0 0.0 -1.4153472787509434e-05
vn 0.0 0.0 -1.3402825367670512e-05
vn 0.0 0.0 -1.4375413134211803e-05
vn 0.0 0.0 -1.394179589542054e-05
vn 0.0 0.0 -1.2146988159460787e-05
vn 0.0 0.0 -1.4655625541477396e-05
vn 0.0 0.0 -1.3413778368036422e-05
vn 0.0 0.0 -1.459747779173866e-05
vn 0.0 0.0 -1.3481469492663647e-05
vn 0.0 0.0 -1.4532743250547228e-05
vn 0.0 0.0 -1.3479430592052085e-05
vn 0.0 0.0 -1.3409352381962228e-05
vn 0.0 0.0 -1.3849831762737381e-05
vn 0.0 0.0 -1.2148733362568975e-05
vn 0.0 0.0 -1.3277024208704938e-05
vn 0.0 0.0 -1.4256999619604955e-05
vn 0.0 0.0 -1.320557069994479e-05
vn 0.0 0.0 -1.3937566825738827e-05
vn 0.0 0.0 -1.3084818605415755e-05
vn 0.0 0.0 -1.360774274490548e-05
vn 0.0 0.0 -1.2926794544350506e-05
vn 0.0 0.0 -1.3350319393815631e-05
vn 0.0 0.0 -1.283334185166901e-05
vn 0.0 0.0 -1.3429431769472273e-05
vn 0.0 0.0 -1.1883834321663294e-05
vn 0.0 0.0 -1.147218244199584e-05
vn 0.0 0.0 -1.1989167248312804e-05
vn 0.0 0.0 -1.1652108137303585e-05
vn 0.0 0.0 -1.207228998621436e-05
vn 0.0 0.0 -1.1817353289716413e-05
vn 0.0 0.0 -1.1962081928559906e-05
vn 0.0 0.0 -1.213737960295075e-05
vn 0.0 0.0 -1.2186575149607333e-05
vn 0.0 0.0 -1.2081345309379925e-05
vn 0.0 0.0 -1.222047493211364e-05
vn 0.0 0.0 -1.2171363029194648e-05
vn 0.0 0.0 -1.2238695306230955e-05
vn 0.0 0.0 -1.2229729403477316e-05
vn 0.0 0.0 -1.2240235198300065e-05
vn 0.0 0.0 -1.2255393860968937e-05
vn 0.0 0.0 -1.2239026727731264e-05
vn 0.0 0.0 -1.2270868029430431e-05
vn 0.0 0.0 -1.2184161088754837e-05
vn 0.0 0.0 -1.2181107665374756e-05
vn 0.0 0.0 -1.2151786427076966e-05
vn 0.0 0.0 -1.2079685058896018e-05
vn 0.0 0.0 -1.2105312262152042e-05
vn 0.0 0.0 -1.1949003598193277e-05
vn 0.0 0.0 -1.1793096976925856e-05
vn 0.0 0.0 -1.2044244948063843e-05
vn 0.0 0.0 -1.1427565440640383e-05
vn 0.0 0.0 -1.1966445356543646e-05
vn 0.0 0.0 -1.1867582193154805e-05
vn 0.0 0.0 -1.1617236393302864e-05
vn 0.0 0.0 -1.1236042092766881e-05
vn 0.0 0.0 -1.1746278215502583e-05
vn 0.0 0.0 -1.2118036121169291e-05
vn 0.0 0.0 -1.2265540169480768e-05
vn 0.0 0.0 -1.2217639003866861e-05
vn 0.0 0.0 -1.2035759748822127e-05
vn 0.0 0.0 -1.214923322203354e-05
vn 0.0 0.0 -1.2172053710877578e-05
vn 0.0 0.0 -1.2195441529620487e-05
vn 0.0 0.0 -1.2303872388273494e-05
vn 0.0 0.0 -1.2294055973503538e-05
vn 0.0 0.0 -1.2186957794752692e-05
vn 0.0 0.0 -1.3773853766653737e-05
vn 0.0 0.0 -1.3109946602644659e-05
vn 0.0 0.0 -1.297967728961694e-05
vn 0.0 0.0 -1.2888738443294208e-05
vn 0.0 0.0 -1.205842289762895e-05
vn 0.0 0.0 -1.1928706099627324e-05
vn 0.0 0.0 -1.119542629806255e-05
vn 0.0 0.0 -1.1606582741080136e-05
vn 0.0 0.0 -1.170942167247654e-05
vn 0.0 0.0 -1.1970561413131184e-05
vn 0.0 0.0 -1.2077270594140526e-05
vn 0.0 0.0 -1.155142536960483e-05
vn 0.0 0.0 -1.0919426016285459e-05
vn 0.0 0.0 -1.1852901304262934e-05
vn 0.0 0.0 -1.2295391582311185e-05
vn 0.0 0.0 -1.2146602795090934e-05
vn 0.0 0.0 -1.2268858788531669e-05
vn 0.0 0.0 -1.2075636316256932e-05
vn 0.0 0.0 -1.1976526901820936e-05
vn 0.0 0.0 -1.2160856871718735e-05
vn 0.0 0.0 -1.2224224097741476e-05
vn -7.19091766172361e-05 -3.1247709464296824e-06 -2.6742248958593537e-05
vn -7.968205583198999e-05 -3.385658761354165e-06 -2.6639883798107845e-05
vn -5.425840940350518e-05 -2.2329098832817983e-06 -1.980345528517302e-05
vn -4.257475824424597e-05 -1.0852927656161042e-06 -1.217503274736789e-05
vn -3.5371713512090056e-07 -5.110473391849779e-09 -1.2717664039277658e-07
vn -8.492462713756336e-05 -3.5418940698555697e-06 -1.899391475626083e-05
vn -6.78599307627533e-05 -2.7930503868706235e-06 -7.789233470802901e-06
vn -9.751215080877012e-05 -2.4790593767339563e-06 -1.5503582519819294e-05
vn -8.671631224673251e-05 1.1759921622706471e-07 -2.5013960799680707e-05
vn -7.560643333881696e-05 6.53178932008718e-07 -2.7182967953896687e-05
vn -5.29231912450762e-05 -7.630971647861774e-07 -1.9027846303560156e-05
vn -7.174143391874835e-05 -1.8721566370043876e-06 -5.076724375746378e-06
vn -3.939380543135839e-05 -1.638324579049107e-06 -1.758992123806089e-06
vn -5.193112199099182e-05 -2.245783539161114e-06 5.545260956153811e-06
vn -3.781190754549047e-05 -1.577660251859421e-06 1.845179017827144e-06
vn -1.1923142612129878e-05 -6.215549380505449e-07 7.367134794078483e-07
vn -5.481012801450298e-05 -1.5012999702373852e-06 4.475997873164475e-06
vn -4.5778395868896184e-05 -1.0803713735367223e-06 8.926429007043142e-07
vn -1.3711091390374323e-05 -7.147818563112469e-07 -9.377098974272634e-07
vn -6.63160361662214e-05 -2.8582224502821165e-06 1.2620937592662446e-05
vn -5.6966404922219144e-05 -1.623596398463073e-06 8.506154709459322e-06
vn -0.00010051498350674373 7.816382339786573e-09 -1.7070677471541774e-05
vn -5.335918170459209e-05 1.4121707434531292e-09 7.87551795750495e-07
vn -7.816544893838019e-05 -1.1438253342478334e-07 -6.104871694026698e-06
vn -9.634812126916704e-05 2.459676791575751e-06 -1.743749077606868e-05
vn -5.8343953569710315e-05 1.7002211814451792e-06 7.293296411017009e-07
vn -8.289616089784888e-05 2.1295352885345157e-06 -6.964261141273805e-06
vn -5.377737619723998e-05 1.1910207944308979e-09 4.1960230680750585e-06
vn -5.38714631711029e-05 9.583109192684867e-10 7.679335370000595e-06
vn -5.662876222046708e-05 -1.6453925833987211e-06 1.2525095698944906e-05
vn -5.287498671230692e-05 -1.349572005652669e-06 1.5027578446281026e-05
vn -5.304279195489151e-05 4.515690905755173e-10 1.470353297991081e-05
vn -6.222695655669004e-05 -2.7422827190256842e-06 1.7696354878161167e-05
vn -5.362864431563888e-05 7.098387087728767e-10 1.1196340193996782e-05
vn -5.8935119379560664e-05 1.7331671766895235e-06 7.884896948607699e-06
vn -5.302676464117103e-05 1.348029158216868e-06 1.4328480219228561e-05
vn -5.865266276156606e-05 1.7508902296706795e-06 1.2280643341708026e-05
vn -5.505941786870996e-05 -1.6461133531580058e-06 1.9380433175219867e-05
vn -5.211495322335963e-05 1.9586138580413195e-10 1.8156342641711377e-05
vn -5.365807326274053e-05 1.317086186963396e-06 3.842740535942848e-06
vn -1.697843322454288e-05 -2.448491481827683e-07 -6.1044759661292666e-06
vn -5.761318499769809e-05 -2.8780650669360685e-06 3.550319214164466e-05
vn -5.013191317902386e-05 -1.6447768029141131e-06 2.933731516736798e-05
vn -5.798495652756201e-05 -2.747979081625907e-06 2.888079846076782e-05
vn -5.358586693222136e-05 -1.6484751858114794e-06 2.3200069565084048e-05
vn -6.354167270280125e-05 -2.9102434684474136e-06 2.4649371581371616e-05
vn -3.963772514497951e-05 -1.5842803347746369e-06 3.9659569534109063e-05
vn -4.7270094593567123e-05 -2.6681894652711284e-06 4.169784107541617e-05
vn -4.4824182317964365e-05 -2.767614687254352e-06 4.7203368856332524e-05
vn -5.406177017058571e-05 -2.8563678601208773e-06 3.97426519000439e-05
vn -4.7675102948080846e-05 -1.6275001002696796e-06 3.255017589788666e-05
vn -4.492691784713286e-05 -1.6176666436095124e-06 3.54497494994422e-05
vn -3.826671582386339e-05 -2.77781544967115e-06 5.659839047215452e-05
vn -5.1054488536090436e-05 -2.396674368456555e-06 7.571957544553657e-05
vn -5.030325540924912e-05 -3.1818412625540067e-06 6.333466002978526e-05
vn -4.200103014344789e-05 -2.2872487643494805e-06 8.1445054797513e-05
vn -3.893556328933733e-05 -3.0302874298220307e-06 6.691457048923307e-05
vn -3.151215534741644e-05 -2.9724487784475432e-06 6.818373628464273e-05
vn -2.2748647943476145e-05 -2.62271932830642e-06 6.100466699756271e-05
vn -3.0814010277550336e-05 -2.3063050125657094e-06 8.187526571257504e-05
vn -2.2300629508989593e-05 -3.0152664664588236e-06 7.363950093763747e-05
vn -7.227477442351461e-06 -2.719240338552961e-06 6.363926830441217e-05
vn -1.1285433887610363e-05 -1.881177625835844e-06 7.027397551134065e-05
vn -1.5623556985460252e-05 -3.129622456416457e-06 7.785289383399728e-05
vn -5.146247208227563e-05 -2.033840287014635e-06 6.219041350181678e-05
vn -2.2743955229610738e-05 -2.344306349490663e-06 9.139727437482639e-05
vn -4.9272952627863236e-05 -3.2893070816161764e-10 2.4723834479070212e-05
vn -4.901375969145733e-05 -1.347051109815206e-06 2.4994576921171167e-05
vn -5.085331128323827e-05 -6.37655963693367e-11 2.151061500802876e-05
vn -4.5249474055549156e-05 -8.356529014681581e-10 3.0573699835548636e-05
vn -4.0283651999755645e-05 -1.3072295677108018e-09 3.544729648992169e-05
vn -3.994613340283304e-05 -1.3092943502571564e-06 3.560231699592996e-05
vn -4.28666613291941e-05 -1.067957399038841e-09 3.314521977256875e-05
vn -4.739571195067428e-05 -5.920559516857269e-10 2.7756588075780418e-05
vn -4.979260281862548e-05 1.1331739813714019e-07 5.979286817480387e-05
vn -5.746782721614895e-05 -8.136970536019074e-09 8.312465853372702e-05
vn -3.5056162667518166e-05 4.159001073033015e-09 8.980742000324917e-05
vn -1.2833641635593661e-05 -1.1117282230023014e-07 7.551069877615574e-05
vn -3.9830281544496975e-06 -1.5605404449326213e-06 5.5284625867100456e-05
vn -2.515628163573072e-05 8.659239442847036e-09 9.600404322185712e-05
vn -2.71750793840654e-07 -1.592357716712498e-06 5.6225962816782056e-05
vn -8.342171507795734e-07 1.515765443235632e-09 5.3043544582812575e-05
vn -4.565424971350762e-05 -8.519880094552466e-09 8.600588304232755e-05
vn -2.2656887935166313e-06 -2.7594654964783616e-06 6.518273455709075e-05
vn -3.753934517472945e-05 -1.5192101600511506e-09 3.746240987613071e-05
vn -4.0629594211980354e-06 1.7104141862994966e-09 5.2179261855425e-05
vn -7.745584044425645e-05 2.0568289891169125e-06 -2.339235406524769e-05
vn -4.525937215017135e-05 6.525106031271413e-07 -1.6272211381868917e-05
vn -5.37385243699109e-05 2.207739605298505e-06 -1.9632838319494614e-05
vn -8.807982325448701e-05 3.5927582171695723e-06 -1.0347693926335699e-05
vn -6.89980127013404e-05 3.0068484028118105e-06 5.308946806287019e-06
vn -7.302007872122882e-05 3.1580180333239488e-06 -1.6196661972913256e-06
vn -8.396776423938269e-05 3.493551029424505e-06 -1.896078909315871e-05
vn -5.0907829262169105e-05 1.3587728754569065e-06 2.1143500837556575e-05
vn -5.424174061585015e-05 1.7650138271760485e-06 2.6403020558690683e-05
vn -5.7113566094839726e-05 1.7596836202993363e-06 1.9526059459274377e-05
vn -7.413911623673798e-05 3.2708176112485793e-06 1.3237089419294306e-05
vn -6.796564699182217e-05 3.0754341985511275e-06 1.9284667123091612e-05
vn -5.194273656586539e-05 1.7513538918405159e-06 3.021780083607579e-05
vn -7.881911768532635e-05 3.34386645730059e-06 -2.6451432444073075e-05
vn -7.069675258292945e-05 3.0726269076419268e-06 -2.6354066500270475e-05
vn -4.244595300220188e-06 -6.122152244867277e-08 -1.5261164208857702e-06
vn -8.489215218521611e-06 -1.2242705472750469e-07 -3.0522374795874176e-06
vn -1.0611522290448376e-06 -1.5287541024693353e-08 -3.8152913623885285e-07
vn -2.1223026822901873e-06 -3.060267030049315e-08 -7.630596257331909e-07
vn -6.552698373373452e-05 3.0789876232975773e-06 2.693438133696878e-05
vn -6.700245533950507e-05 3.2949386532227992e-06 3.567975357428923e-05
vn -5.305765691752254e-07 -7.655099266739627e-09 -1.9076489840609674e-07
vn -5.8193952785718964e-05 3.0493929182475487e-06 3.906779733035274e-05
vn -4.539855075971169e-05 1.3341713262004457e-06 3.0250234043755578e-05
vn -4.7272086600154515e-05 1.7306781818508126e-06 3.5876419282378877e-05
vn -3.775609399648045e-05 1.2976129520745125e-06 3.72103972892664e-05
vn -4.4062888622805655e-05 1.709122171797432e-06 3.877100897726095e-05
vn -5.7303495215890244e-05 3.22664078510584e-06 4.7367561012721124e-05
vn -4.793609611670855e-05 2.945898605609905e-06 4.8222167587508554e-05
vn -4.828924079940011e-05 2.033587746830403e-06 5.6398853696085196e-05
vn -5.67217380143821e-05 2.4821097216609304e-06 7.962011735477806e-05
vn -4.375680293286391e-05 2.4878540290082407e-06 8.047549786635421e-05
vn -2.5192431585050997e-05 2.4027082714159304e-06 9.184737103833396e-05
vn -3.435121447499912e-05 2.347242767868734e-06 8.601616640355772e-05
vn -1.415280086290749e-05 2.083121062074933e-06 7.998286824754402e-05
vn -4.659051318438799e-06 1.664275976600297e-06 5.700721299939703e-05
vn -5.522489274788057e-05 3.581676732018978e-06 6.903809683500242e-05
vn -4.627599927785489e-05 3.4283226410541383e-06 7.218492179658112e-05
vn -3.289741119475053e-05 3.3097279242051064e-06 7.515882717295786e-05
vn -3.62934665176542e-05 3.1178355108455984e-06 6.749592387761164e-05
vn -2.5673498145769077e-05 3.3924345348905053e-06 7.945763787593699e-05
vn -8.45991913907853e-06 3.0737626745422015e-06 7.092864358687e-05
vn -1.8029956394547677e-05 3.492198979422488e-06 8.44916879658184e-05
vn -1.4075817154835793e-06 2.9461395709225724e-06 6.798685983417724e-05
vn -1.1633432834977362e-06 1.2973785380970949e-06 5.2879180101193826e-05
vn 9.56289763694209e-06 -2.8652980962833387e-06 6.64933521533274e-05
vn 1.4990719311920238e-05 -2.7352534879025698e-06 6.27537724681984e-05
vn 1.0474563957880038e-05 -1.6308931086079409e-06 5.685597707515196e-05
vn 3.286198928199957e-06 -2.6714530772361842e-06 6.30299044261219e-05
vn 6.467102665122987e-06 -1.616083302045193e-06 5.697278044424621e-05
vn 2.8613764620017023e-06 -1.3139622920479485e-06 5.3561890582099905e-05
vn 2.523865621630981e-06 1.3054492663755857e-09 5.361318135684739e-05
vn 9.481570190861906e-06 8.30311951532236e-10 5.378951035303032e-05
vn 5.975686323071485e-06 1.07101589055566e-09 5.386706253989288e-05
vn 1.3328253677004723e-05 -1.3443097693562385e-06 5.321945033183644e-05
vn 2.127125751382493e-05 -1.646478098825051e-06 5.43881513286298e-05
vn 2.1699574306628746e-05 -2.8932744513483233e-06 6.454627705836028e-05
vn 2.6967746753285924e-05 -2.9078216254360673e-06 6.258683147516383e-05
vn 2.500471861270668e-05 -1.6491098679745984e-06 5.2720579943463244e-05
vn 3.089320190167647e-05 -2.7429549606387254e-06 5.6810144337484896e-05
vn 1.7379756671129756e-05 -1.6511419353893208e-06 5.5647085747373236e-05
vn 1.6484030064230422e-05 3.189382902254324e-10 5.260934856610357e-05
vn 3.4010657044518797e-05 -1.6210556715511098e-06 4.636382877185023e-05
vn 3.745390675617215e-05 -2.8742928367289854e-06 5.60897400414755e-05
vn 4.1465750500720845e-05 -2.833817914232525e-06 5.2334153378459866e-05
vn 3.094635367318473e-05 -1.6380694551672296e-06 4.8966088893395525e-05
vn 1.9891715985680825e-05 5.5548182416533475e-11 5.150883202307593e-05
vn 1.2999088886417732e-05 5.828454421835992e-10 5.337111952266389e-05
vn 2.1695468772736465e-06 1.708853586622954e-06 5.856880432317493e-05
vn 2.3178787525963188e-05 -2.066716651094373e-10 5.0081359852383227e-05
vn 6.4696632719418154e-06 1.7298785279517746e-06 5.891809529878583e-05
vn 1.378149416774378e-05 1.7516431732349518e-06 5.845332688564673e-05
vn 1.952096254949045e-05 1.3570196664691867e-06 5.1546445775341686e-05
vn 1.813152422432782e-05 1.7646815886741475e-06 5.751126442952183e-05
vn 9.112444591528545e-06 1.333265797964974e-06 5.372090368806077e-05
vn 2.656235832773179e-05 -1.343149642635839e-06 4.8073118771107585e-05
vn 2.92302941433059e-05 -7.107400156826163e-10 4.6326621562225487e-05
vn 3.674965063153213e-05 -1.6111116496031573e-06 4.3487699348241995e-05
vn 3.436082657749832e-05 -1.193282996581981e-09 4.156449140568992e-05
vn 3.192484268825537e-05 -9.552562100374803e-10 4.405467904878495e-05
vn 2.6304134960306413e-05 -4.6001578452677987e-10 4.834563261573591e-05
vn 2.5954695855905374e-05 1.3502074669137613e-06 4.845045610046378e-05
vn 3.485046130429639e-05 1.7341144734668362e-06 4.8251810683915644e-05
vn 3.145355673591945e-05 1.7525113524082305e-06 5.10644868779514e-05
vn 2.511090857732538e-05 1.7603994671597839e-06 5.4901950857070864e-05
vn 4.30515387423864e-05 -2.6494763543564537e-06 4.549857571800649e-05
vn 4.065689727446981e-05 -1.571598543844611e-06 3.8049871721385595e-05
vn 4.835884299309455e-05 -2.7452102560501163e-06 4.280495795927823e-05
vn 3.665566449284317e-05 -1.3039905614401476e-06 3.855091976168889e-05
vn 6.439776332977978e-05 -3.1567445113793174e-06 4.771159752450504e-05
vn 5.726243372333033e-05 -2.7359944748251386e-06 3.589044768812638e-05
vn 7.652252815199224e-05 -2.3775570714930246e-06 4.819521299155951e-05
vn 6.326980556068285e-05 -2.0135457492980503e-06 4.904839075630105e-05
vn 6.73614642237023e-05 -2.9923003822584798e-06 3.635571475477514e-05
vn 7.286737498436594e-05 -3.18115588040747e-06 3.0540259401412896e-05
vn 8.213428260295601e-05 -2.2772087265080212e-06 3.927989601705446e-05
vn 8.845746244862094e-05 -2.370268503239568e-06 3.073795451652672e-05
vn 8.12136574646388e-05 -3.445675555597725e-06 2.510685300910736e-05
vn 3.6517458252093894e-05 -1.4140575255583488e-09 3.889382334472894e-05
vn 5.712938688891796e-05 -1.780649243011102e-06 -2.0514619632869185e-05
vn 7.384448675646526e-05 -3.36769393046131e-06 -2.2701006037762614e-05
vn 6.737628102450007e-05 -3.144058161624856e-06 -2.510735649931756e-05
vn 8.623036250052633e-05 -3.502089744457629e-06 1.710527169276425e-05
vn 7.242944006727607e-05 -3.0536568810678828e-06 7.727018772459147e-06
vn 7.31147314226584e-05 -2.0148343037508902e-06 9.968827081987276e-06
vn 7.43584945107803e-05 -3.228637523743638e-06 1.1213647000297821e-06
vn 5.789660940206331e-05 -1.6940841943672786e-06 2.6804897947329444e-06
vn 6.996487328448945e-05 -3.0632000236156214e-06 -5.914651955752128e-06
vn 5.8783454757101736e-05 -1.723216238826787e-06 -1.5151745328193435e-06
vn 5.832539411705233e-05 -1.7784834253728663e-06 -1.6146814451820626e-05
vn 6.979989357850969e-05 -3.103422626782288e-06 -1.3969632486319887e-05
vn 5.923228762953187e-05 -1.7532447360453197e-06 -8.768345553152734e-06
vn 9.460922249854223e-05 -2.483918350437566e-06 2.1249209515209492e-05
vn 5.14061858522117e-05 -1.4973365003914219e-06 -1.990138139409402e-05
vn 3.838077591872358e-05 -1.6191820017900267e-09 3.60822769109085e-05
vn 8.404441105996194e-05 -8.428764156361974e-09 5.44095739552529e-05
vn 6.0822264409193035e-05 1.1220047479017083e-07 4.75194871267186e-05
vn 9.117648291463707e-05 7.033900841643566e-09 3.2504005023037635e-05
vn 8.676370300529251e-05 -6.815881640466908e-09 4.2804734958412725e-05
vn 9.765937016276182e-05 8.392435946528167e-09 2.2471942652145387e-05
vn 7.651888811302e-05 -1.1230705871237678e-07 1.0580402107786013e-05
vn 5.3374656025520075e-05 1.405170796200713e-09 -8.746675686439686e-07
vn 5.387010577453026e-05 9.498926452103864e-10 -7.770406984334305e-06
vn 5.3716650152856355e-05 -1.320668938135004e-06 -4.624425182949126e-06
vn 5.378470613873219e-05 1.188198527814447e-09 -4.28563063324829e-06
vn 5.302378840287467e-05 4.5215789022559803e-10 -1.4794071331305274e-05
vn 5.3483208968571264e-05 -1.3489057376406858e-06 -1.1620865972087003e-05
vn 5.222334327882213e-05 -1.4950718313896258e-07 -1.7913620743145402e-05
vn 5.1506643699181534e-05 1.223483821186361e-10 -1.994051763944575e-05
vn 5.3618444449964544e-05 7.011817735810515e-10 -1.1287731766094042e-05
vn 5.2658571159318595e-05 1.6087385471984782e-09 2.4246690192410916e-06
vn 3.407091941056641e-05 1.3182730987447747e-06 4.1751756032845114e-05
vn 5.695948162026086e-06 3.2273730916464413e-06 7.413147067278333e-05
vn 1.2304764226100744e-05 3.0510028435920705e-06 6.900755873836167e-05
vn 2.6127582732993298e-05 3.081864193429763e-06 6.585423833452296e-05
vn 2.084209271384323e-05 3.298741077856494e-06 7.299531332714281e-05
vn 5.778774865021697e-05 2.0001039674778844e-06 4.52984971536084e-05
vn 4.2013676198368125e-05 1.676007674099586e-06 3.94028012255884e-05
vn 3.332360613367906e-05 3.075585566059761e-06 6.229343670470772e-05
vn 4.194650683032198e-05 3.270740096312605e-06 6.254599135677128e-05
vn 8.08000005548195e-05 2.4691446992788223e-06 5.29236125358146e-05
vn 3.96736794650171e-05 1.701954752784414e-06 4.291294176587811e-05
vn 4.4093210387050296e-05 3.0076266641741017e-06 5.3328625136325025e-05
vn 5.1859614022855184e-05 3.1599036497624114e-06 5.142480106349943e-05
vn 7.130102017983191e-05 3.4346259170741014e-06 4.923762347418256e-05
vn 5.508781431353263e-05 2.9744145680205873e-06 4.564527717357387e-05
vn 7.348495164215366e-05 3.3841095165815005e-06 4.029670239823251e-05
vn 8.333693596630694e-05 2.3543831213039602e-06 4.198161937245937e-05
vn 8.734571870866277e-05 2.363197312219092e-06 3.229957253500611e-05
vn 8.122224110351465e-05 2.127370096279449e-06 1.215112527241277e-05
vn 9.355755950891342e-05 2.475413032431414e-06 2.3035923829806683e-05
vn 7.59946632979136e-05 3.364639616964742e-06 3.219128134990513e-05
vn 8.623093011033496e-05 3.5017837811170646e-06 1.7105781419385066e-05
vn 8.121413439823419e-05 3.4456151660751135e-06 2.5107186930751845e-05
vn 5.7752468033971495e-05 1.6922097128225755e-06 3.2203564658045895e-06
vn 5.868860985876461e-05 1.721449706814352e-06 -9.53687695155864e-07
vn 5.366621496025808e-05 1.3189578888320317e-06 -3.932014382351021e-06
vn 5.3567786951713684e-05 1.3477126388616668e-06 -1.091542647488677e-05
vn 5.9245845163117625e-05 1.7518175469575235e-06 -8.18222470187625e-06
vn 5.845340116898945e-05 1.7775098165281318e-06 -1.5564487981039632e-05
vn 5.649721343366818e-05 1.6332122021938048e-06 -1.9950002027556468e-05
vn 7.242954749439453e-05 3.053148051630934e-06 7.727449304326516e-06
vn 7.435845419735348e-05 3.2279156713217576e-06 1.1217926283506932e-06
vn 6.996485853479046e-05 3.0622965780882896e-06 -5.914349724574964e-06
vn 6.979994476546573e-05 3.1023236274481636e-06 -1.3969526119922159e-05
vn 7.384406786086097e-05 3.3666592471643523e-06 -2.270218613550038e-05
vn 6.736636589587732e-05 3.1433780350194194e-06 -2.5104721895464358e-05
vn 5.140616415373252e-05 1.4973330092120041e-06 -1.9901104038943582e-05
vn -1.489146220767269e-05 -7.994522658966018e-07 5.664360865494314e-06
vn -2.710504335181532e-05 -1.3250747490395929e-06 1.0298031877549862e-05
vn -2.6244918536756382e-05 -2.8981068616098523e-06 1.0327622883758842e-05
vn -1.3932937225901081e-05 -2.7346755503089043e-06 6.287761606048732e-06
vn -1.7069619225744023e-05 -4.0723064350731384e-06 7.1602143284105534e-06
vn -1.3815397266333557e-05 -4.156214335076199e-06 6.704727611409307e-06
vn -1.656441377797419e-05 -2.320832618077755e-06 5.741164457313e-06
vn -1.7864222000706642e-07 -1.3246120229411948e-06 -4.3586998549812504e-07
vn -1.4501723483659505e-07 -9.622047311316715e-07 -3.4124248383349584e-07
vn -4.613809204919402e-07 -2.4214682485293037e-06 -7.512468202771814e-07
vn -1.342047206721087e-08 -3.099391965657306e-06 4.910756085478192e-07
vn -1.0408614067721073e-08 -3.5863583780145458e-06 9.258437930456661e-07
vn 6.125331482609847e-09 -2.1449063402304185e-06 3.9977317566311696e-07
vn -5.11926448154501e-06 -4.118156088273406e-07 1.4069359528726483e-06
vn -7.2297959797942075e-06 -5.292203051030797e-07 2.0472753028897474e-06
vn -9.756769868043552e-06 -1.2166898937102968e-06 2.455231707855831e-06
vn -2.4406556896781607e-06 -1.6680975821413482e-07 6.70759835250436e-07
vn -1.466252672714862e-05 -4.016559894384425e-06 5.014318831397701e-06
vn -1.39065507932555e-05 -5.546781681857173e-06 5.343865248687504e-06
vn -1.3935888155941522e-05 -5.33141296162107e-06 6.9121221977232274e-06
vn -1.3457505351942704e-05 -5.471368539133855e-06 7.612938195883039e-06
vn -1.259248604984037e-05 -6.367978291986112e-06 8.609753391149562e-06
vn -1.3076691433318807e-05 -6.645725173622838e-06 7.779185564960834e-06
vn -2.9357025397999406e-07 -2.341787044800751e-06 -5.444646016617917e-07
vn -2.988772127802121e-07 -3.8084180652127734e-06 -5.72172844183392e-07
vn -9.23211064243826e-08 -1.045701221589655e-06 -2.706768068216198e-07
vn -1.1786965451518165e-05 -7.3215169344649245e-06 8.746038047314974e-06
vn -1.274161562674772e-05 -7.041609878326213e-06 5.7549812152922045e-06
vn -1.4646685672009198e-05 -3.820802312783718e-06 3.7625614464116765e-06
vn -1.1336092912917121e-05 -8.207437707472363e-06 6.440413545505725e-06
vn -6.672200781845906e-06 -4.355027837606733e-06 6.050175607128153e-06
vn -7.685659501810464e-06 -6.432144426052436e-06 5.636669291774031e-06
vn -1.2287920073410155e-05 -7.205516991461794e-06 3.626981989503888e-06
vn -1.3575123906690753e-05 -5.595695257585069e-06 3.640158072956671e-06
vn -9.349102573245238e-06 -5.32311452743727e-06 7.737563343085299e-06
vn -3.434446575484845e-07 -1.6585146349466635e-06 -6.965399290776962e-07
vn -5.566874474062263e-07 -1.9905685076727287e-06 -9.545917215229466e-07
vn -7.823370054164689e-07 -2.9368476767375282e-06 -1.07623900587381e-06
vn -1.0763853468659564e-05 -8.623097100701229e-06 3.7920525653137498e-06
vn -1.281859165569426e-05 -1.5087890630480252e-06 1.9466782587115607e-06
vn -9.628076272887445e-06 -5.823804532960542e-07 2.058631970611657e-06
vn -6.741682724972397e-06 -4.34117416602651e-07 1.093951828223403e-06
vn -1.461498865223338e-05 -3.698595174929179e-06 2.207385180233618e-06
vn -9.603785848983044e-06 -5.129438887015198e-07 1.101253307367482e-06
vn -1.2941142352970712e-05 -1.4131950290577523e-06 6.159519085968061e-07
vn -1.4715395521714697e-05 -3.4690020769772995e-06 5.038140557947979e-07
vn -6.836384595870601e-06 -4.216905658947627e-07 4.845773507928438e-07
vn -1.3449568761298414e-05 -5.472992135498354e-06 1.8106073217007182e-06
vn -1.2074708212817343e-05 -7.109875968899e-06 1.3895403538142093e-06
vn -1.0488434570380622e-05 -8.631608765254175e-06 1.0138220769449743e-06
vn -1.3508813727674174e-05 -5.163616743318382e-06 -1.0258057402855713e-07
vn -1.3702073420686001e-05 -4.66735806596278e-06 -1.9940471650087513e-06
vn -1.045450314125131e-05 -8.227402219570328e-06 -1.6595727160569114e-06
vn -1.2080115208804681e-05 -6.74252705853064e-06 -8.502941324042531e-07
vn -1.2259138704802439e-05 -6.131016113435476e-06 -2.9556847937086275e-06
vn -6.7619812010944125e-06 -6.6781271707413696e-06 3.2115241000779667e-06
vn -5.844500362505682e-06 -6.308964570554807e-06 7.986100509495263e-07
vn -1.4888993148439817e-05 -3.1273675338712502e-06 -1.2640291495499457e-06
vn -7.660027735565734e-08 -2.1058980840879255e-07 1.0466011577842077e-07
vn -4.9163689663263266e-06 -2.52016682658938e-06 4.476414894194522e-06
vn -5.737370161687184e-06 -3.1233001665421085e-06 5.8488403208256966e-06
vn -4.852811909886861e-06 -3.262912645042896e-06 5.452276613845255e-06
vn -3.489847764400832e-06 -2.7036666612305955e-06 5.063745085466152e-06
vn -3.8090636862335078e-06 -2.043383604304213e-06 4.97589560857369e-06
vn -4.080080721237731e-06 -4.022856413966968e-06 3.920077748733927e-06
vn -2.897585948688207e-06 -3.5805936644003386e-06 2.0690196045687127e-06
vn -2.9833604117090294e-06 -3.106133711298841e-06 3.824888288659989e-06
vn -2.5359361476937675e-06 -1.957554373151613e-06 4.579649321065376e-06
vn -2.369859693461956e-06 -2.810355354961085e-06 4.088268371064515e-06
vn -2.091850194438745e-06 -2.924204973548215e-06 2.1331037118468284e-06
vn -1.860886525001838e-06 -9.96818358450591e-07 3.6977119688841342e-06
vn -1.3791426869193114e-06 -1.1384443857619442e-06 3.6911056057159876e-06
vn -1.5543714410417214e-06 -2.0252351817820597e-06 3.844134520500545e-06
vn -1.5412302176577232e-06 -1.1542481108083224e-06 4.9031684955802486e-06
vn -1.0976881359971735e-06 -1.171539679630133e-06 4.454790135171806e-06
vn -1.020970876894679e-06 -1.5583192338847909e-06 3.5391995570519506e-06
vn -1.5586287579896134e-06 -2.4731343772090636e-06 2.10500100526084e-06
vn -1.2993954618013179e-06 -2.4595251624964163e-06 2.294946795708334e-06
vn -1.2349693536304313e-06 -2.100648186586192e-06 2.8532939853605323e-06
vn -1.0340038423282375e-06 -2.0050347069414023e-06 3.0248713355228924e-06
vn -1.0649574508527936e-06 -2.4144757819671952e-06 2.44017959310852e-06
vn -1.5334337549175665e-06 -2.7410291977760885e-06 1.5157755954554749e-06
vn -1.311094079772809e-06 -2.771640089984652e-06 1.6681180966633472e-06
vn -2.2720587643634438e-06 -3.1393317641058285e-06 7.815907071831864e-07
vn -6.109759175323697e-06 -6.418689336863478e-06 -1.4442006950629214e-06
vn -1.7428446027230348e-06 -2.810335822013502e-06 7.95699495471625e-07
vn -1.7212766675001085e-06 -2.693496014540735e-06 1.3331792751173444e-06
vn -1.5271573689065202e-06 -2.925661067442669e-06 8.99250286063962e-07
vn -1.918417404359613e-06 -2.7224516011652704e-06 1.6658158167330084e-07
vn -1.7265809674784116e-06 -2.8732038391527018e-06 2.3487532960909755e-07
vn -6.9064170402259406e-06 -6.427006972931828e-06 -3.5839754563412876e-06
vn -2.2441818713247122e-06 -3.1444414636485804e-06 -3.423085186096654e-07
vn -1.714962347334562e-06 -2.861483367476643e-06 -2.9999451768449813e-07
vn -2.5327407590312043e-06 -4.112124093327208e-06 -1.4952716140700901e-06
vn -3.049718342985724e-06 -4.111655207730412e-06 -1.5555713874596302e-06
vn -3.936073875287864e-06 -4.749894850263731e-06 -2.784636549500371e-06
vn -1.5237310164387167e-06 -3.0190757181047935e-06 2.8403077645190123e-07
vn -1.3281508742414727e-06 -2.998214541211828e-06 1.0121959541997987e-06
vn -1.0998160119987988e-06 -2.7594790964000994e-06 1.798955743322327e-06
vn -1.1284857052512355e-06 -3.019662517094143e-06 1.1259614597078455e-06
vn -1.3377525537194457e-06 -3.1255045388964765e-06 3.5639849415181195e-07
vn -1.5137277484432082e-06 -3.0218285902543324e-06 -3.0117036594732794e-07
vn -1.93725970014586e-06 -3.911252840632952e-06 -1.3231198770910987e-06
vn -1.3322699406837764e-06 -3.14916856888552e-06 -2.687589437391569e-07
vn -1.1422337455515133e-06 -3.1796267465824383e-06 4.5007414537031556e-07
vn -1.1361032306907586e-06 -3.230595974297646e-06 -1.9878213036984363e-07
vn -1.3120886575801337e-06 -3.0827342051234754e-06 -8.311319158456718e-07
vn -3.443680399422651e-06 -5.078937484763469e-06 -2.9916658424131057e-06
vn -1.0601786284476438e-05 -7.505475073151627e-06 -4.021645820348718e-06
vn -9.838961360253804e-06 -4.903452298454567e-07 1.447711341423991e-07
vn -8.421832594706563e-06 -8.188105043837943e-07 -5.051594850303775e-07
vn -9.465416386824681e-06 -3.982017764335762e-07 -1.6828506334686258e-06
vn -8.386530516594207e-06 -3.7206827002026685e-07 -8.222939889940797e-07
vn -1.5301982246644926e-05 -1.296811904994744e-06 -2.492793162656603e-06
vn -1.492216070593169e-06 -1.1238185323544922e-07 -3.0085264653523336e-07
vn -7.126896901891906e-06 -3.7548383847982513e-07 -1.6643492237004372e-06
vn -2.3262236565971184e-05 -1.355273960379822e-06 -6.618208541397436e-06
vn -2.2995582457931964e-06 -3.3922609358658934e-07 -5.527947141837917e-07
vn 1.2739710636837e-07 -3.118719236311606e-06 5.675487414224881e-07
vn 4.689412829065764e-08 -3.934213732711875e-06 7.440388503942944e-07
vn -1.5056774490217504e-05 -2.6805470290313883e-06 -2.9390478987264206e-06
vn -1.3948786397796907e-05 -4.0168683590180415e-06 -3.7153590919659093e-06
vn -1.2540949383272457e-05 -5.324714991007985e-06 -4.757345202178072e-06
vn -1.0872263063644566e-05 -6.591284129650735e-06 -5.903859906388166e-06
vn -2.256829677397517e-05 -3.031824832293463e-06 -7.322587830602302e-06
vn -2.1135254454679153e-05 -4.568197002263642e-06 -8.434507022833707e-06
vn -1.914819100015736e-05 -6.199483725216513e-06 -9.87281641740312e-06
vn -3.0253219532420234e-05 -2.500974031257753e-06 -1.1624979741177834e-05
vn -1.6688726210692598e-05 -7.985647391377073e-06 -1.135948380215566e-05
vn -1.5928155342196596e-05 -4.3061716803158445e-07 -4.951027827185137e-06
vn -1.7684513414711944e-05 -3.6642674496446276e-07 -6.606616369711796e-06
vn -3.0135042844071876e-05 -1.166338407267514e-06 -1.0833125226945739e-05
vn -4.8663254037675707e-05 -1.0492745657926405e-06 -1.97854260526477e-05
vn -3.371111308587759e-05 -1.470378981000491e-06 -1.4200096925658683e-05
vn 3.373135523285996e-08 -1.8031820760929027e-06 1.2303803639564882e-07
vn 1.1072362951823456e-08 -8.779970382393259e-07 5.995013828730553e-08
vn -1.1153943673895833e-10 -2.598703833854778e-07 -6.011093035200793e-10
vn -1.9291758504080246e-05 -3.4277441515050613e-07 -7.668457918851346e-06
vn -1.0003463337911962e-05 -9.949015525448571e-08 -3.804428726134678e-06
vn -5.837812122277593e-05 -9.57372276719627e-07 -2.3976865181995676e-05
vn -1.3972435228580089e-05 -3.7391635768182184e-07 -5.663906079325381e-06
vn -9.314956819052303e-06 -2.4927306491378746e-07 -3.775935344025473e-06
vn -5.745234650321492e-05 -1.6475639500785723e-06 -2.409952622179946e-05
vn -2.8871184591775034e-05 -3.816764810411244e-06 -1.2697804168385866e-05
vn -2.9001329645691538e-05 -1.9980618365712395e-06 -1.3091546300201173e-05
vn -2.663174862190803e-05 -5.462492921872054e-06 -1.4136933766616209e-05
vn -2.31314668558073e-05 -7.676067449822314e-06 -1.5316442128291145e-05
vn -2.7277060005740614e-05 -2.9905745774905687e-06 -1.3845336748993118e-05
vn -2.7466880153410323e-05 -1.2050890830843268e-06 -1.196846756131291e-05
vn -3.1845850315605096e-05 -1.82326770000932e-06 -1.4320398538822895e-05
vn -1.9883276063032344e-05 -1.9847217493748174e-06 -1.0179028292228154e-05
vn -1.872509482367838e-05 -3.837545513008013e-06 -1.1540571015509593e-05
vn -3.4892681886996104e-05 -1.885023354146662e-06 -1.5364490893267635e-05
vn -1.5372009984981182e-07 -5.238813633635861e-06 6.544779415681043e-07
vn -1.2643799904695864e-07 -4.036093812646167e-06 7.1935036897651e-11
vn -7.074736221354515e-06 -5.695732739585326e-06 -5.054546241398573e-06
vn -4.037848591497562e-06 -4.248408063047185e-06 -3.7286193466317297e-06
vn -3.084961937229903e-06 -4.08075967999296e-06 -3.4476082606034175e-06
vn -1.078216095244388e-05 -7.298786334588762e-06 -9.234698503063907e-06
vn -1.0278658662789224e-05 -5.436567611911027e-06 -8.61952904926648e-06
vn -2.599773863978372e-06 -2.9920162856270466e-06 -2.9908150296125548e-06
vn -7.1603061128549595e-06 -5.727518489573239e-06 -7.323749308891741e-06
vn -4.328259082368554e-06 -4.030194863746537e-06 -4.489913631765192e-06
vn -2.8772653882157048e-06 -3.095540692811796e-06 -3.4832676267945413e-06
vn -2.6942782965441588e-06 -5.052829011335225e-06 -2.90915672180109e-06
vn -2.0993433593929384e-06 -3.4436385492819077e-06 -2.6397289760877594e-06
vn -1.4703131909172299e-06 -3.407545084567188e-06 -2.1799614250539234e-06
vn -1.1913203208547953e-06 -2.39205040446498e-06 -1.7109867098459235e-06
vn -1.4766776306702751e-06 -3.469167285558395e-06 -1.5519055827851441e-06
vn -5.484920091678055e-07 -1.046425903687503e-06 -8.697850077763159e-07
vn -1.8178158480931259e-06 -2.84855605295703e-06 -2.566715339933821e-06
vn -2.144857791736974e-06 -3.0148006353646216e-06 -2.8643754806031227e-06
vn -1.090966112324186e-05 -3.886377976576821e-06 -8.200862210902048e-06
vn -3.285633484536285e-06 -8.50579333892987e-07 -2.5372178859791485e-06
vn -6.7196944104046065e-06 -1.668460442292305e-06 -4.582258111971587e-06
vn -1.4444963327541781e-05 -2.390398719821267e-06 -8.522400240727556e-06
vn -1.0555687655644202e-05 -1.0492350142362657e-06 -5.427552943478994e-06
vn -3.5859385608492484e-07 -2.0401050004555798e-07 -2.7691075206055045e-07
vn -2.4332972932591937e-06 -1.402913589431447e-06 -2.2265217489776296e-06
vn -1.1365401922472982e-06 -7.023602451616028e-07 -1.2154143511127184e-06
vn -1.094760520596118e-07 -1.0888454520024619e-07 -1.1355381209474919e-07
vn -6.457518048332347e-07 -3.989131830764392e-07 -6.698037459297272e-07
vn -7.501804262163562e-08 -3.690593982363801e-06 4.746449410444813e-07
vn -1.1110467073388144e-06 -3.1830352363300707e-06 -7.833947012538107e-07
vn 1.6098025881916773e-08 -2.237542786359778e-06 4.334360644902275e-07
vn 1.609761525593384e-08 -2.237558099442475e-06 4.334360644902116e-07
vn -6.944769221408209e-07 -9.719581338481257e-07 4.050714063281478e-06
vn -1.1162179447371487e-06 -1.113829620925815e-06 6.193598734959737e-06
vn -7.779224944622695e-07 -1.4448741304994374e-06 3.629527339223852e-06
vn -6.55225707227458e-07 -9.651000857533592e-07 5.053254491809295e-06
vn -5.976776562646574e-07 -1.325090993164632e-06 3.6991292895787667e-06
vn -8.134342992479224e-07 -1.9089974182682287e-06 3.1241486607429785e-06
vn -8.53938067989278e-07 -2.3391263063237725e-06 2.5502045718316507e-06
vn -8.89972150494157e-07 -2.711891111710049e-06 1.91504872652664e-06
vn -6.299359671085893e-07 -1.797300449879692e-06 3.211572462390568e-06
vn -6.591190741416213e-07 -2.247105394935395e-06 2.6564101174402554e-06
vn -7.810764978402151e-07 -1.0174425096136725e-06 9.061089869081705e-06
vn -6.261521384515926e-07 -1.2132775102403687e-06 6.984175638502279e-06
vn -7.852379620991956e-07 -2.0331759142607633e-06 7.063289115956986e-06
vn -9.73584528432268e-07 -2.201614444543139e-06 1.2834944069588344e-05
vn -6.300657191420816e-07 -2.4908490946535075e-06 5.003314659348239e-06
vn -6.292075402714524e-07 -3.191396424395513e-06 4.221314246097911e-06
vn -8.151635467810253e-07 -3.2433822701381663e-06 9.871376173121545e-06
vn -5.926635152122931e-07 -3.6621421436873136e-06 6.3025142656584925e-06
vn -6.81627452909457e-07 -2.645054759643238e-06 2.0380176028564595e-06
vn -5.49617986474758e-07 -4.627041416173464e-06 5.23135004753083e-06
vn -6.205893446997936e-07 -3.845801060658717e-06 3.3306869975957885e-06
vn -9.148873844613421e-07 -3.0028738453367125e-06 1.24428058590451e-06
vn -9.236323452031481e-07 -3.194119765853184e-06 5.665942574823622e-07
vn -6.948328429818766e-07 -2.9668035581556454e-06 1.378740681194082e-06
vn -6.957385270887479e-07 -3.1914623955749515e-06 7.079626834741075e-07
vn -9.120298022350489e-07 -3.276850286671501e-06 -8.728189976174616e-08
vn -1.0719517723147973e-06 -3.07063231811606e-06 -1.2662198973540637e-06
vn -8.785211550855558e-07 -3.2596462645568337e-06 -6.78901243757117e-07
vn -6.799105212915392e-07 -3.3094818786795e-06 5.956912536191844e-08
vn -6.427828301639627e-07 -3.3277966764099033e-06 -5.288745601482206e-07
vn -6.116028573021055e-07 -4.398591790510863e-06 2.3585522815483735e-06
vn -6.005190413249466e-07 -4.8042438290931e-06 1.3568295036173225e-06
vn -5.125538835023303e-07 -5.516757281131707e-06 3.980513329600362e-06
vn -5.775759185453159e-07 -5.03946248898538e-06 3.9206873015499855e-07
vn -5.372483810495835e-07 -4.674776164930323e-06 -4.921188040645161e-07
vn -4.378403583767793e-07 -6.66218751673427e-06 1.306449289848393e-06
vn -4.795324880307868e-07 -6.218786421446346e-06 2.6306878470556794e-06
vn -2.9339270870681044e-07 -4.620252096637515e-06 -7.562250870509294e-08
vn -7.658029723024051e-07 -1.6869626426364702e-06 1.4176745246422112e-05
vn -7.843543622215642e-07 -2.87538515949728e-06 1.2594271780351122e-05
vn -7.169124663827472e-07 -8.26042482293341e-07 1.176016077328421e-05
vn -4.965153481062147e-07 -7.07713738941747e-07 1.1433369108552552e-05
vn -4.4595913493764757e-07 -1.3298220087186314e-06 1.3760571065098723e-05
vn -5.221540708576103e-07 -3.078943529681613e-06 1.447615056651181e-05
vn -5.283048938839652e-07 -3.171149031612746e-06 8.249980771188586e-06
vn -3.606906246023558e-07 -3.852555939885618e-06 6.1023279823289834e-06
vn -2.632570719852138e-07 -3.5756346382212177e-06 9.292132627576558e-06
vn -2.9908081974377445e-07 -4.844728474622416e-06 4.990776691972715e-06
vn -2.4113135974192706e-07 -5.346867168351498e-07 9.280761492934204e-06
vn -2.1665777889345016e-07 -9.599270327570754e-07 1.1788198655622296e-05
vn -9.962723998420664e-08 -3.787904833879746e-07 6.9223783015444575e-06
vn -2.0935512954995195e-07 -9.601763451699127e-07 1.277717244225205e-05
vn -1.6141778727957338e-07 -1.2723388663380136e-06 1.2165106166482133e-05
vn -4.3236915840688256e-10 -2.9647367013792947e-08 -1.6528066377143981e-09
vn -6.804365052359818e-09 -3.8967829258137083e-07 -2.601376124865523e-08
vn -1.3608923451185003e-08 -7.999401380828278e-07 -5.340821695400735e-08
vn -2.272245432685068e-07 -1.8366507073105813e-06 1.2320607718169665e-05
vn -1.1415429600358075e-07 -2.3051702859678707e-06 8.565808218534277e-06
vn -1.720948666251964e-08 -1.3091000054972564e-06 6.236467371999506e-06
vn -1.406362929809303e-07 -3.883852157160977e-06 5.902182969710259e-06
vn -2.4053978787187397e-07 -5.719601909874597e-06 3.698351603781309e-06
vn -6.946406855123843e-08 -4.861125347637305e-06 4.805024617508317e-06
vn -1.8748339617583434e-07 -6.348562316143751e-06 2.356720400537489e-06
vn -2.316895193381896e-08 -5.7126141994827636e-06 3.502004403405045e-06
vn -2.5633684524461157e-09 -5.8428686772496394e-06 1.7327804725518204e-06
vn -5.655206927387257e-08 -2.0241264887620893e-06 4.390516743074106e-06
vn -1.0342384809556586e-08 -2.743831891370108e-06 3.904759587531946e-06
vn -6.608602591939964e-08 -1.1055651706740027e-06 3.200834389020523e-06
vn -8.060415730409876e-08 -9.621658554044798e-07 1.6209825723943638e-06
vn -6.734185839412809e-09 -2.8914752270107126e-06 2.675295993135202e-06
vn -5.6295728851767085e-09 -3.0840582916252923e-06 1.680830752136855e-06
vn -1.1034186334259428e-07 -6.379198508183144e-07 5.548266544922429e-07
vn -9.177247412625004e-07 -2.5641350834388766e-06 -1.3866866789667013e-06
vn -4.147406370334408e-07 -1.4425572472054004e-06 -8.218698909283013e-07
vn -1.0698467048150697e-06 -3.00194756315195e-06 -1.909761268181134e-06
vn -5.6809928426157947e-08 -1.5033036198811217e-07 -9.309368421186122e-08
vn -8.412701439201352e-07 -2.2435709346419995e-06 -1.5320029705398773e-06
vn -2.267711003809863e-08 -1.2783419216650577e-06 -8.533076428341431e-08
vn -5.688058898854271e-06 -1.7339396566844826e-07 -1.957137192312155e-06
vn -4.469803507268008e-06 -2.505969290490122e-07 -1.0504673817236445e-07
vn -2.011416811308135e-06 -1.1276944985960896e-07 -4.7272776524300256e-08
vn -1.3409445408803475e-06 -7.517939609200494e-08 -3.151227711267379e-08
vn -6.704548270268164e-07 -3.7588590543284975e-08 -1.5751777702917024e-08
vn -4.469873280870486e-07 -2.5059777815334644e-08 -1.0509906837099285e-08
vn -4.266071001553237e-06 -3.431798536661943e-07 1.17244231066062e-06
vn -2.5596322407724027e-06 -2.0590794738625098e-07 7.034636597043284e-07
vn -1.7064214938482684e-06 -1.3727258866296898e-07 4.6897865095873143e-07
vn -4.776274776370258e-08 -6.268642005273293e-07 2.8972614330962373e-06
vn -8.723569724642716e-08 -6.18930801458797e-07 2.9222725205853847e-06
vn -6.426110682509134e-08 -9.790179571449636e-07 2.8515517718652124e-06
vn -1.5611996196798823e-07 -1.3277681922722932e-06 2.8044672512057323e-06
vn -1.1764494863726097e-07 -2.125497168055704e-06 2.365793926370066e-06
vn -2.647033828482899e-07 -2.199254727259324e-06 2.3010685195893085e-06
vn -4.628289100706302e-07 -2.0771895946851297e-06 2.3736373945621325e-06
vn -2.8226437564136544e-07 -1.1227068042236522e-06 2.835108806749082e-06
vn -2.839028988283534e-07 -2.7223152857087417e-06 1.4871294348536266e-06
vn -1.845568525331383e-07 -5.938391848527718e-07 2.923948064269861e-06
vn -4.031001060878067e-07 -1.002648942181971e-06 2.8489136902846194e-06
vn -2.579732265883519e-07 -5.65788439794657e-07 2.910580406866102e-06
vn -3.3462090417604644e-07 -5.539336189606316e-07 2.896439653023032e-06
vn -4.199559934564245e-07 -5.754082697060209e-07 2.8129924983799533e-06
vn -7.702515938271058e-07 -1.1043931081460958e-06 3.1355965321103483e-06
vn -6.891042082881703e-07 -2.015928584538742e-06 2.3770526339628385e-06
vn -8.921505281220243e-07 -1.9225852465310732e-06 2.3565049950492565e-06
vn -5.855268774309543e-07 -1.122123533928562e-06 2.791705618668536e-06
vn -1.0213601838017175e-06 -1.753973900301801e-06 2.3544070437618664e-06
vn -2.122357667151974e-06 -2.7625761120178277e-06 3.137923306598497e-06
vn -5.623109472667992e-07 -2.68216635938633e-06 1.4910927024420496e-06
vn -1.4377069023905883e-07 -2.7907952050752727e-06 1.3125467562881603e-06
vn -5.332728568445837e-07 -2.8597267333007494e-06 9.596572291504992e-07
vn -2.430357337561216e-07 -2.8918453223120303e-06 9.61425836957901e-07
vn -1.4554713393054585e-07 -2.8895852675332096e-06 9.565391304371898e-07
vn -8.199787577830664e-07 -2.7954702075196575e-06 9.573780046886992e-07
vn -8.381661011160455e-07 -2.6125391953863143e-06 1.4943221284941315e-06
vn -1.0944611255687057e-06 -2.502009664996167e-06 1.487708246287614e-06
vn -1.528177524498831e-06 -2.63314537913546e-06 1.7006261580502923e-06
vn -1.0969528102564426e-06 -2.7005386771553978e-06 9.539613408239168e-07
vn -1.3355942840390906e-06 -2.5362292547434247e-06 9.236043220874162e-07
vn -2.50144838248943e-06 -3.561846422386566e-06 1.9880592991862337e-06
vn -1.4861490975611468e-06 -1.6406149803360145e-06 4.293508863819062e-06
vn -1.869049234710874e-06 -1.073040353800853e-06 1.9947637768683047e-06
vn -2.1768525673308255e-06 -1.4509142266901822e-06 1.4573028632530247e-06
vn -1.2370788761033859e-06 -8.369400648644323e-07 1.626622194580786e-06
vn -1.8359088204569987e-06 -1.928763007885292e-06 2.592047727380167e-06
vn -1.4486729814613241e-06 -1.307552005082333e-06 2.7245099183361087e-06
vn -1.3847312332537187e-06 -1.1409230400014358e-06 1.3584340811324904e-06
vn -1.540041630045613e-06 -8.716787728527359e-07 1.3911311030723027e-06
vn 2.2302594175436055e-08 -8.453715873268848e-08 -2.894018712863224e-07
vn -2.4219023320306e-06 -2.815242146770946e-07 6.823623205903535e-07
vn -2.4618271722861868e-06 -4.5098040345085887e-07 7.187103192601929e-07
vn -2.3271422142742097e-06 -1.9191385775746662e-07 6.447493108447295e-07
vn -3.216562174746403e-06 -1.370994261871236e-06 1.2232530888319734e-06
vn -3.2419581482609106e-06 -1.6143865323496654e-06 1.338850644868455e-06
vn -2.9783629073317815e-06 -1.166209265817891e-06 1.0792858306557765e-06
vn -3.549870350522571e-06 -1.884549775524745e-06 1.5703870491825987e-06
vn -3.512041839637932e-06 -2.194053418618273e-06 1.647852185233981e-06
vn -2.6950400723394753e-06 -7.72238786262088e-07 8.655760016357292e-07
vn -2.925205040879332e-06 -9.397266145465968e-07 9.833142502076948e-07
vn -2.6391549098708302e-06 -5.738899206677616e-07 7.982474784870161e-07
vn -2.3270486258169332e-06 -1.1442792047434213e-07 6.394109496527996e-07
vn -2.288536153971834e-06 -1.1286082180966903e-07 6.25875900117894e-07
vn -2.540357203486453e-06 -3.102688286114149e-06 1.899199554157877e-06
vn -1.5406700281333162e-06 -1.5339951411527907e-06 9.162899705242866e-07
vn -1.970715552061498e-06 -1.6886708507611552e-06 9.451079857244307e-07
vn -2.4364510658146383e-06 -1.750355741959669e-06 1.2882359875162945e-06
vn -2.5044521622194237e-06 -1.4618502355290936e-06 1.752287539095884e-06
vn -4.806632640185062e-06 -2.9649690047369655e-06 2.69066486078604e-06
vn 7.002791940577384e-08 -6.071840673198255e-07 2.8418908146756314e-06
vn 4.360558987038196e-08 -5.987777544048937e-07 2.7673985495215903e-06
vn 7.1743135541898e-08 -1.1537890861554414e-06 2.7840612420823676e-06
vn 1.4869471160169642e-07 -5.910157074344208e-07 2.882629900482764e-06
vn 1.5950945562912457e-07 -1.142625463175696e-06 2.8050742745504267e-06
vn 2.2270490063388136e-07 -2.178182137781094e-06 2.3168802099110656e-06
vn 1.1751283591909651e-07 -2.1253436622609408e-06 2.3647576948854678e-06
vn 2.941571576170262e-07 -1.117265987498761e-06 2.812077544662183e-06
vn 4.6282891007063025e-07 -2.0771895946851297e-06 2.3736373945621325e-06
vn 1.368790317871936e-07 -2.5589555639054768e-06 1.998597230001713e-06
vn 2.3570689793794277e-07 -5.695158950348971e-07 2.9124172157742564e-06
vn 4.329103476101864e-07 -1.07292149318209e-06 2.817423748819166e-06
vn 3.12395793463214e-07 -5.397721050874492e-07 2.9307003389431893e-06
vn 3.893341852464564e-07 -5.508927676646426e-07 2.8739754720102634e-06
vn 5.490515285910047e-07 -1.035659397579255e-06 2.778491588231071e-06
vn 6.891042082881703e-07 -2.0159285845387426e-06 2.3770526339628385e-06
vn 8.921505281220243e-07 -1.9225852465310736e-06 2.3565049950492565e-06
vn 8.265442568063813e-07 -1.186191081224458e-06 3.1112254809570507e-06
vn 1.0213601838017175e-06 -1.753973900301801e-06 2.354407043761866e-06
vn 1.2201568645519743e-06 -1.4267430255050488e-06 4.189079417815206e-06
vn 5.6443085635844e-07 -2.685990833290225e-06 1.4874142428696042e-06
vn 5.402938051222646e-07 -2.8749433922318825e-06 9.685433540105283e-07
vn 2.873474403236559e-07 -2.7894681308782312e-06 1.3153153488249848e-06
vn 1.4879425008735843e-07 -2.918790223371042e-06 9.675074126312037e-07
vn 1.4857777996680927e-07 -2.9112679623213774e-06 9.637322961704953e-07
vn 2.961947866069303e-07 -2.911750925328422e-06 9.698747084651862e-07
vn 8.772588138707961e-07 -2.7920338063561995e-06 9.698220387790254e-07
vn 8.048993350818999e-07 -2.588817510068468e-06 1.591845328007411e-06
vn 1.0866158955697163e-06 -2.5400682846353486e-06 1.4073336989838488e-06
vn 1.5436380239242615e-06 -2.6513395999758646e-06 1.7067852245232856e-06
vn 1.1555420473505793e-06 -2.6966156832496333e-06 9.70522190412425e-07
vn 1.3488172180913511e-06 -2.5416425155976488e-06 9.388999990353299e-07
vn 2.5263091301663587e-06 -3.571888325696423e-06 2.023141897721061e-06
vn 2.0752911660274513e-06 -2.6712600059379342e-06 3.2276731555184428e-06
vn 1.7913253943227955e-06 -1.8653433194465518e-06 2.288336598203172e-06
vn 1.6098317111849219e-06 -1.6163017611138226e-06 3.7822781414706932e-06
vn 1.1760012634273496e-06 -8.527070202613109e-07 1.8649492887399987e-06
vn 1.4069689137981293e-06 -1.1847337756520556e-06 1.2978080191279412e-06
vn 1.6464197252328042e-06 -9.341616259510434e-07 1.9754142912595157e-06
vn 2.2981442501809884e-06 -2.718301595142425e-06 1.657849266031033e-06
vn 1.7058239965498545e-06 -9.474711557426964e-07 1.6762314864636334e-06
vn 2.189744040990599e-06 -1.496466028628195e-06 1.4026236360081594e-06
vn 3.4369282438895025e-06 -2.2386534015521224e-06 1.6251329169686301e-06
vn 3.7656433595419853e-07 -3.0859756115423373e-07 5.91363935570171e-08
vn 3.6768392066355536e-06 -1.9699989263048636e-06 1.6948010379467017e-06
vn 4.236641589916608e-06 -2.594072125453409e-06 2.239406241500079e-06
vn 2.9615466927082465e-06 -9.565916976517496e-07 1.0321924069440606e-06
vn 2.7114637678086613e-06 -7.736895008610934e-07 8.619655221299597e-07
vn 2.646780694677482e-06 -5.775886657138258e-07 8.226981002018556e-07
vn 2.4187777873741544e-06 -2.815619638524809e-07 6.92086048082614e-07
vn 2.4646805967267397e-06 -4.4936457097042934e-07 7.174955557805367e-07
vn 3.0145437110153325e-06 -1.1785982601852286e-06 1.0756041056902386e-06
vn 3.295095897195538e-06 -1.4157559951231982e-06 1.3067056519346644e-06
vn 3.3091586231387812e-06 -1.6439253701277006e-06 1.345103526340029e-06
vn 2.3272422895742425e-06 -1.1445018857383952e-07 6.428517998129013e-07
vn 2.329996483531624e-06 -1.911388669748136e-07 6.456871686602288e-07
vn 1.4513065963905262e-06 -1.374556888473648e-06 7.947766043430306e-07
vn 2.1394678119460137e-06 -1.7592570593905004e-06 9.928124254777367e-07
vn 2.47791693826498e-06 -1.7498444226800874e-06 1.339583078869294e-06
vn 2.5982048858871033e-06 -1.5077831726784335e-06 1.8318113213763489e-06
vn 2.296020979514597e-06 -1.1225235806753831e-07 6.279228668809313e-07
vn 2.6306950328370263e-05 -2.9095967276348687e-06 1.0350621260806401e-05
vn 2.719396623994797e-05 -1.333803823902719e-06 1.0331826099051053e-05
vn 1.4923657177684818e-05 -8.02042726387074e-07 5.675396569460318e-06
vn 1.7136327779259027e-05 -4.094748436896586e-06 7.189972089329273e-06
vn 1.4173290668913758e-05 -2.8099978108899725e-06 6.389008579874935e-06
vn 1.4072004178891125e-05 -4.2719515620357e-06 6.838027362461524e-06
vn 1.6562249898215407e-05 -2.320668909739842e-06 5.74005115779911e-06
vn 6.704683932693298e-07 -3.75804688275862e-08 -1.575133581269657e-08
vn 8.421178914216554e-06 -8.187003794237769e-07 -5.057491531169442e-07
vn 1.3409716740493413e-06 -7.51631571425977e-08 -3.151139350290251e-08
vn 9.756072407645715e-06 -1.2165407541815873e-06 2.4543611457974092e-06
vn 7.224655350650458e-06 -5.289752189513817e-07 2.045263430966161e-06
vn 5.118988695127482e-06 -4.117108199665097e-07 1.4068573839929315e-06
vn 2.4404411569153866e-06 -1.668915885791873e-07 6.706997514399683e-07
vn 1.4661033055254186e-05 -4.016258108693453e-06 5.0123610456345426e-06
vn 1.401484249560432e-05 -5.3714477998700555e-06 6.961940503488867e-06
vn 1.3904913581897115e-05 -5.546483394230614e-06 5.341554236832311e-06
vn 1.3775961079413548e-05 -5.662425429652074e-06 7.821715796978587e-06
vn 1.3154162800030977e-05 -6.6970249475151015e-06 7.857498985988055e-06
vn 1.2903874651633005e-05 -6.5920050426784895e-06 8.88923923951054e-06
vn 1.1817573379484336e-05 -7.345225128048713e-06 8.834430628855029e-06
vn 2.011457511083631e-06 -1.1274509414215459e-07 -4.727145119163981e-08
vn 8.389297823999024e-06 -3.721722147098633e-07 -8.230790937369702e-07
vn 1.273991076114129e-05 -7.041346298325593e-06 5.752180037725027e-06
vn 1.4645362344350389e-05 -3.820410786239855e-06 3.7607063923586784e-06
vn 1.1334321528458953e-05 -8.20744041927053e-06 6.4370234168935365e-06
vn 7.684215238306499e-06 -6.432543814322604e-06 5.633731421950206e-06
vn 6.656237424817775e-06 -4.3226245740175746e-06 6.099647567931711e-06
vn 1.228656537363024e-05 -7.204986410610551e-06 3.624360219899684e-06
vn 1.3573779892726388e-05 -5.595213867179024e-06 3.6379936019697758e-06
vn 9.501196198778601e-06 -5.41593355286573e-06 7.953232906543427e-06
vn 4.469893951051819e-06 -2.505428031369709e-07 -1.0504379293578915e-07
vn 1.0762523627232428e-05 -8.622636928842547e-06 3.7888363309566707e-06
vn 9.627566387780455e-06 -5.822829385939415e-07 2.058051354277542e-06
vn 1.2817719058079468e-05 -1.5086102666089047e-06 1.9454751879465137e-06
vn 6.741530784812909e-06 -4.3412291923529434e-07 1.0939176362343476e-06
vn 1.4613835885363936e-05 -3.6981231041235044e-06 2.2056106796001355e-06
vn 1.2940156529611697e-05 -1.4130231317737663e-06 6.148283411106285e-07
vn 9.603239336327896e-06 -5.129230390549447e-07 1.1006931055907548e-06
vn 1.471432948513227e-05 -3.4684669046422684e-06 5.021985657079301e-07
vn 6.836334238449819e-06 -4.21653275851748e-07 4.845586509511605e-07
vn 1.3448427283191661e-05 -5.472333108308589e-06 1.8086278612889895e-06
vn 1.2073624653824655e-05 -7.109077076341081e-06 1.3872228711370346e-06
vn 1.0487439418344964e-05 -8.630718764320212e-06 1.0110367266456006e-06
vn 1.3507842593758784e-05 -5.16284089275514e-06 -1.043020813614412e-07
vn 1.370114770887816e-05 -4.666505266756249e-06 -1.995392480177002e-06
vn 1.0453708079230779e-05 -8.226220255898497e-06 -1.6617323506427732e-06
vn 1.2079217042447124e-05 -6.741536977546884e-06 -8.522027284169455e-07
vn 1.2258336757417659e-05 -6.12993521893146e-06 -2.9570735619312443e-06
vn 5.843889761542269e-06 -6.308465751839332e-06 7.96409799743331e-07
vn 6.761022596660561e-06 -6.6780569960201136e-06 3.2087956317278398e-06
vn 1.4887923078178888e-05 -3.1267927376907737e-06 -1.2653684117017508e-06
vn 5.176441071435764e-06 -2.6496871866279505e-06 4.712867872488994e-06
vn 4.406164439573178e-06 -3.2528429653402043e-06 4.982733421986362e-06
vn 4.795949231381446e-06 -2.654118096413465e-06 5.358344524602516e-06
vn 4.13462751099985e-06 -2.887937021050576e-06 5.582535333055854e-06
vn 4.079131818166506e-06 -4.023453338126538e-06 3.918079383825467e-06
vn 2.8971212185504374e-06 -3.5807848418969923e-06 2.0673819121451005e-06
vn 2.9826048008851563e-06 -3.106909383673866e-06 3.8231186885081155e-06
vn 2.369246101851006e-06 -2.8113922666761872e-06 4.086411881027563e-06
vn 2.435230905930117e-06 -1.8960745527424605e-06 4.523489681068364e-06
vn 2.0914969904691395e-06 -2.92456572884932e-06 2.1316239930097377e-06
vn 3.512032315521287e-06 -1.7690232176030413e-06 5.001756429152693e-06
vn 1.6583269535363685e-06 -9.529462610492592e-07 3.5568737742278173e-06
vn 1.5539992413663953e-06 -2.0262652951660214e-06 3.842562417172846e-06
vn 1.3004061198111917e-06 -1.0974914224875124e-06 3.638924043809594e-06
vn 1.2017600025514365e-06 -1.0011461565552112e-06 4.660330217644638e-06
vn 1.0208777401415292e-06 -1.5592814118522071e-06 3.537778079254305e-06
vn 9.327194508571432e-07 -1.1043841726586015e-06 3.7553357655215977e-06
vn 1.5584072370564542e-06 -2.4736006954456507e-06 2.1035840662975407e-06
vn 1.2992944504021856e-06 -2.4600991121967553e-06 2.293432958440888e-06
vn 1.2348575919277177e-06 -2.101416636957537e-06 2.8518068054719117e-06
vn 1.0649485113509104e-06 -2.4151213957022705e-06 2.4386223763381577e-06
vn 1.03397673706737e-06 -2.005854710913049e-06 3.0233702791771273e-06
vn 1.5332794400710184e-06 -2.7412949883729125e-06 1.5143618300760137e-06
vn 1.3110230514725047e-06 -2.771994902916021e-06 1.6666104815777714e-06
vn 2.2718138761202367e-06 -3.1392183997641587e-06 7.803504884171844e-07
vn 6.109265996966443e-06 -6.417801211381911e-06 -1.4459178939274805e-06
vn 1.742659082108648e-06 -2.8103154420179083e-06 7.944811013585024e-07
vn 1.7210775456506734e-06 -2.6936494888525724e-06 1.3318733619827062e-06
vn 1.5270289416261596e-06 -2.925714579263829e-06 8.97911129554221e-07
vn 1.918243992385337e-06 -2.7222385612254158e-06 1.655842108846068e-07
vn 1.7264171682358884e-06 -2.873023325760658e-06 2.337752199218986e-07
vn 6.905954832338271e-06 -6.4259187142800415e-06 -3.5851302550869674e-06
vn 2.2440074592093345e-06 -3.144066623836001e-06 -3.4327490330273686e-07
vn 1.7148026003739589e-06 -2.861167137756484e-06 -3.009376917352751e-07
vn 2.532520687262788e-06 -4.111497024171461e-06 -1.496250184555715e-06
vn 3.0494841423268527e-06 -4.111014288074503e-06 -1.5565266593651225e-06
vn 3.935814227591037e-06 -4.7490952750099195e-06 -2.785382755317463e-06
vn 1.5235940252026352e-06 -3.0189218031764433e-06 2.8282253892779996e-07
vn 1.3280767250983274e-06 -2.998344948986212e-06 1.010765398741948e-06
vn 1.128440450163307e-06 -3.019858964165487e-06 1.1244827579896991e-06
vn 1.0997966207137772e-06 -2.759900064502915e-06 1.7974039095484505e-06
vn 1.3376481757150032e-06 -3.1253978471494193e-06 3.551035409520276e-07
vn 1.937085038770702e-06 -3.910666390491848e-06 -1.3240907867656987e-06
vn 1.5135774845834597e-06 -3.0215103399399196e-06 -3.022006892905865e-07
vn 1.3321340271262594e-06 -3.1488619159344786e-06 -2.698642731133516e-07
vn 1.1359795708268566e-06 -3.2303274205974485e-06 -1.999392504985008e-07
vn 1.1421496848263284e-06 -3.1795794410081936e-06 4.487287231599849e-07
vn 1.3119363939620501e-06 -3.082303103424879e-06 -8.320021688908034e-07
vn 3.443444010495551e-06 -5.0781056785204875e-06 -2.992407314640881e-06
vn 1.0601098025447518e-05 -7.504183090082909e-06 -4.023087672619505e-06
vn 9.838323280980788e-06 -4.903341974845012e-07 1.4427735622138867e-07
vn 1.530283897612834e-05 -1.2967126449551558e-06 -2.4938706814355988e-06
vn 9.467390422414622e-06 -3.982905899762524e-07 -1.6835697725489185e-06
vn 2.559494347563363e-06 -2.0585555644101955e-07 7.034243754959246e-07
vn 1.7063295650422886e-06 -1.37237659042692e-07 4.689524613273599e-07
vn 7.124827185561984e-06 -3.754396384883117e-07 -1.6640783157642362e-06
vn 1.49273704734523e-06 -1.1238772569050124e-07 -3.0098759069366995e-07
vn 2.3258830688865154e-05 -1.3549796418876116e-06 -6.618228382587093e-06
vn 2.30055021194695e-06 -3.391837613917805e-07 -5.530334397545444e-07
vn 1.5055649887547654e-05 -2.6799703462482797e-06 -2.939970546987772e-06
vn 1.3947808036561778e-05 -4.016019831643046e-06 -3.71622945302628e-06
vn 1.2540145060712933e-05 -5.323639107010195e-06 -4.75814537455523e-06
vn 1.0871599991812635e-05 -6.590036304503941e-06 -5.90457058888861e-06
vn 2.256653221961914e-05 -3.0311087749977497e-06 -7.322971510676938e-06
vn 2.1133722177700767e-05 -4.567127393430645e-06 -8.434723572554452e-06
vn 1.914688898872505e-05 -6.19814233289998e-06 -9.872818505318786e-06
vn 3.0250673194927083e-05 -2.500395320713571e-06 -1.162458359190934e-05
vn 1.668769677779264e-05 -7.984104486835669e-06 -1.1359249287503296e-05
vn 1.5927172177980934e-05 -4.30593235716696e-07 -4.951200623294891e-06
vn 4.8649374158588614e-05 -1.0488915106858368e-06 -1.9779938480839687e-05
vn 3.0133883499354647e-05 -1.1661868012093118e-06 -1.0833257618937274e-05
vn 1.7684895746407632e-05 -3.664278292374711e-07 -6.606850463108867e-06
vn 3.371204561469326e-05 -1.47021412599459e-06 -1.420055144666375e-05
vn 1.0003386573845406e-05 -9.95024426988466e-08 -3.804448155390636e-06
vn 1.9290541692583326e-05 -3.4276928627899e-07 -7.668055687390314e-06
vn 5.835642655410735e-05 -9.568905117715004e-07 -2.3968127647101278e-05
vn 9.315474768314142e-06 -2.492765718092755e-07 -3.7761544623903866e-06
vn 1.3973224406351574e-05 -3.7394096110200073e-07 -5.664228630116541e-06
vn 5.744543600886503e-05 -1.6473326978184498e-06 -2.4096482085120045e-05
vn 4.265841178592795e-06 -3.43092536578594e-07 1.1723768368306617e-06
vn 2.899894382513e-05 -1.9976688510522168e-06 -1.3090456386424703e-05
vn 2.8868955675008512e-05 -3.815849637377901e-06 -1.2697213836324557e-05
vn 2.662976794285999e-05 -5.461310935450726e-06 -1.4136080678779079e-05
vn 2.285235630756513e-05 -7.671247750606587e-06 -1.5080444765573866e-05
vn 2.727494182120147e-05 -2.9899916746944305e-06 -1.384407864390798e-05
vn 2.747012749304456e-05 -1.2050703819506292e-06 -1.1969603819552586e-05
vn 3.1846129877117165e-05 -1.8230949687494498e-06 -1.4320102004758073e-05
vn 1.699156355081791e-05 -3.6172690134356026e-06 -1.0582763000517458e-05
vn 1.7310395363060875e-05 -1.7648939718504576e-06 -8.889812599240493e-06
vn 3.513924173721103e-05 -1.9237391297089656e-06 -1.549108310811595e-05
vn 7.074317726206832e-06 -5.69471193969478e-06 -5.055037510334404e-06
vn 4.037605323811571e-06 -4.24769844420817e-06 -3.728860138645016e-06
vn 3.404717125088187e-06 -4.487434561055912e-06 -3.751408182400204e-06
vn 9.663364597710725e-06 -6.6181905918322555e-06 -8.37459854625429e-06
vn 9.468023269309947e-06 -4.993020902357793e-06 -7.885927897250748e-06
vn 3.1124371631641646e-06 -3.6141911369234934e-06 -3.7013915173758936e-06
vn 4.25082126453867e-06 -3.887273149857607e-06 -4.28339481844304e-06
vn 4.089552755818272e-06 -3.808049084239503e-06 -4.540480285739297e-06
vn 6.5873448488057685e-06 -4.887927630999513e-06 -6.482205466132062e-06
vn 2.2847089435489843e-06 -3.7045556079174854e-06 -2.889710775855889e-06
vn 2.6940786067646013e-06 -5.052017079034197e-06 -2.909858561691336e-06
vn 1.3820086584079916e-06 -2.8461367183226083e-06 -2.053348693964668e-06
vn 7.337881378504771e-07 -1.3248292922093484e-06 -1.1227570012516008e-06
vn 1.4765324156950068e-06 -3.4685913349573957e-06 -1.5525951214786894e-06
vn 1.6829650200640736e-06 -3.809886805523118e-06 -2.451157612991021e-06
vn 2.032038840445582e-06 -2.9552781523497016e-06 -2.727253444005462e-06
vn 1.683855930288129e-06 -2.080456079641827e-06 -2.219283825259245e-06
vn 1.3233670127183611e-05 -4.9168842584828695e-06 -9.929899114127719e-06
vn 1.69937189084156e-06 -4.2934134626906755e-07 -1.3550648185899263e-06
vn 1.8533895938733827e-07 -9.977596656735788e-08 -1.4778778506309889e-07
vn 3.2932977899324e-06 -8.169049715810775e-07 -2.7147880634191367e-06
vn 6.08026899736908e-06 -1.5349835358652992e-06 -4.185627008532724e-06
vn 1.3225363344979983e-05 -2.3666500528171854e-06 -7.971275609512669e-06
vn 8.48333924141821e-06 -7.994224984814312e-07 -4.2750142889205206e-06
vn 5.48990977143881e-06 -7.107288528588487e-07 -3.1342414433249605e-06
vn 2.0228178605168658e-06 -1.2181978485759704e-06 -1.8859367222888107e-06
vn 4.2889329595804494e-07 -2.545356636635361e-07 -4.634983324462795e-07
vn 7.49106637495683e-07 -4.43922455411796e-07 -8.271197035710363e-07
vn 1.1108960628251805e-06 -3.1826200325421634e-06 -7.843022785074317e-07
vn 8.766327512856736e-07 -1.0767643551873412e-06 4.603327554403516e-06
vn 7.779274628212944e-07 -1.4458757325387382e-06 3.6281072908743134e-06
vn 5.977062622525584e-07 -1.3260923343875055e-06 3.6977487734254913e-06
vn 5.450286006314339e-07 -9.19839108303266e-07 4.124396779819803e-06
vn 8.134575286155018e-07 -1.9098768715752813e-06 3.1226628989830144e-06
vn 9.66114339081017e-07 -9.969593972513464e-07 6.61918703865267e-06
vn 8.539571388726249e-07 -2.3398315656122973e-06 2.5486600250403687e-06
vn 8.899653763805239e-07 -2.7123796917378785e-06 1.913496418185053e-06
vn 6.591235710500774e-07 -2.247867179894954e-06 2.6548961358808557e-06
vn 6.299565076918582e-07 -1.798224412573833e-06 3.210120957580047e-06
vn 7.343678713652935e-07 -1.226628539921229e-06 7.421137049047382e-06
vn 7.852731892091544e-07 -2.0348815575761913e-06 7.0609666087497815e-06
vn 8.587514585417005e-07 -1.081465451121611e-06 1.0725886784647937e-05
vn 9.704171800532334e-07 -2.195478121553733e-06 1.2880178328105802e-05
vn 6.291433218970483e-07 -3.1926517355526796e-06 4.219128468041919e-06
vn 6.30031654138482e-07 -2.4922519326537845e-06 5.001249751038961e-06
vn 8.150156715480542e-07 -3.2457517377178368e-06 9.868274295741478e-06
vn 5.925215543729976e-07 -3.6639717134747334e-06 6.299865625056236e-06
vn 6.816084905712812e-07 -2.645610133855978e-06 2.0364870371252586e-06
vn 5.494864517344681e-07 -4.6286754905448676e-06 5.2284465622458334e-06
vn 6.205189684466197e-07 -3.846779170842967e-06 3.3284309883395225e-06
vn 9.23556699196503e-07 -3.1941328077004316e-06 5.652317656113063e-07
vn 9.148491576095919e-07 -3.003129401272269e-06 1.2427926006056248e-06
vn 6.947919664322635e-07 -2.9671328013953202e-06 1.3772598851368125e-06
vn 6.956710419788371e-07 -3.1915469978012063e-06 7.066004639803698e-07
vn 9.11913000708848e-07 -3.276642601533308e-06 -8.84594509577668e-08
vn 1.0717880272199555e-06 -3.070160053127184e-06 -1.266843620045565e-06
vn 8.783710562857719e-07 -3.2592775869667713e-06 -6.798288166883945e-07
vn 6.42642707988435e-07 -3.327481270602286e-06 -5.298132494644327e-07
vn 6.798048248616239e-07 -3.3093320318510026e-06 5.839088671092294e-08
vn 7.875148847121475e-07 -2.9817478983340292e-06 -1.0892398846877642e-06
vn 6.115361864325621e-07 -4.3992246927029445e-06 2.3563300861732816e-06
vn 6.004415244729702e-07 -4.8044945415384156e-06 1.3547738647203706e-06
vn 5.124439528648589e-07 -5.517959913326045e-06 3.97749683517446e-06
vn 5.367268251466516e-07 -4.687754779266993e-06 -4.925082310047971e-07
vn 5.774671319358725e-07 -5.039339924805614e-06 3.903035363810772e-07
vn 4.794258841918579e-07 -6.219419486423443e-06 2.6278127853466717e-06
vn 4.377100975549253e-07 -6.6622356068532715e-06 1.3039528368853304e-06
vn 2.920152025220902e-07 -4.586006191055504e-06 -7.31172259188525e-08
vn 4.4216558213977045e-07 -2.3312716395735147e-06 -7.08410292843607e-07
vn 2.878387172557658e-07 -2.310329486902092e-06 -5.312825773805634e-07
vn 7.842341142863724e-07 -2.8777589062382877e-06 1.2591192883860297e-05
vn 7.596391385148155e-07 -1.6814349095746674e-06 1.4157074200695796e-05
vn 4.771147690665626e-07 -7.014123697976604e-07 1.1267597330264157e-05
vn 7.055106163350814e-07 -8.227339726844656e-07 1.1727535571439948e-05
vn 5.220343354508998e-07 -3.0811199767072235e-06 1.447305526869656e-05
vn 4.389763947154914e-07 -1.323020362522118e-06 1.3679253635806387e-05
vn 3.605371614431073e-07 -3.854370412536736e-06 6.099732769131311e-06
vn 5.281612413649613e-07 -3.1731208254193616e-06 8.247475327945638e-06
vn 2.630490766341136e-07 -3.577668819870868e-06 9.289473434124998e-06
vn 2.9893312373705884e-07 -4.846284023273835e-06 4.98788143836255e-06
vn 2.1358214762485043e-07 -9.524791043224913e-07 1.1680282083336629e-05
vn 2.282709588396544e-07 -5.267602834250169e-07 9.058506349568054e-06
vn 2.070367815254724e-07 -9.498173184246407e-07 1.2649973012316174e-05
vn 9.358374995520974e-08 -3.6489311350566183e-07 6.684961931637423e-06
vn 1.6138798212158152e-07 -1.272568946837263e-06 1.2163590258761526e-05
vn 2.2716870851519669e-07 -1.8378314018029234e-06 1.2319036849018428e-05
vn 1.1402765995258978e-07 -2.306313343177671e-06 8.563751687739433e-06
vn 1.7153165797584498e-08 -1.3091915801352727e-06 6.2349199815944365e-06
vn 1.4047011243124377e-07 -3.885518661909789e-06 5.89971968925007e-06
vn 2.4041222437873113e-07 -5.720642268994441e-06 3.6954178482094985e-06
vn 6.933456237965329e-08 -4.862582324114218e-06 4.802248811589567e-06
vn 1.8737165066697901e-07 -6.348959532629498e-06 2.354065561020666e-06
vn 1.5453386360491263e-07 -5.213649782781208e-06 6.459624709429893e-07
vn 2.4425753246051518e-09 -5.853275525884559e-06 1.7309807399569568e-06
vn 2.310983930793524e-08 -5.713508345492469e-06 3.4991825612102997e-06
vn 1.2675694269714e-07 -3.988966630293564e-06 -4.343220387127687e-09
vn 1.0333492086749617e-08 -2.74496215159951e-06 3.9031154234424516e-06
vn 5.645238649625611e-08 -2.024895806251e-06 4.389007089990676e-06
vn 6.605130928582486e-08 -1.105213435060628e-06 3.1991948641776467e-06
vn 8.057502313740714e-08 -9.61879875526256e-07 1.619983052998697e-06
vn 6.740856210007111e-09 -2.8920526344056175e-06 2.673575984668038e-06
vn 5.64524276975827e-09 -3.084236966144899e-06 1.6793154240414025e-06
vn 7.665945642074166e-08 -2.10128760983871e-07 1.0442944076699356e-07
vn 1.1025682616682766e-07 -6.373061086641401e-07 5.541898751000443e-07
vn 1.0498355322729793e-08 -3.582983550208649e-06 9.228359188811236e-07
vn 7.590485708361479e-08 -3.630727959156726e-06 4.620776315292287e-07
vn 2.9600441859389984e-07 -3.7788323483905086e-06 -5.654023476746627e-07
vn 1.0444740882933018e-06 -2.950510612190777e-06 -1.6498537180849859e-06
vn 5.448344335699066e-07 -1.9922929167410946e-06 -9.3368382449171e-07
vn 3.436203024416052e-07 -1.683995172041173e-06 -7.011152613650498e-07
vn 5.451876744092183e-07 -1.9058947615851276e-06 -1.0943060026045094e-06
vn 1.140747990761918e-06 -3.1383193818175274e-06 -2.0235977852096096e-06
vn 1.0456147178159501e-07 -2.853070386843205e-07 -1.785743084399001e-07
vn 1.6232072895649338e-07 -1.2192636420128471e-06 -3.9742475791555814e-07
vn 8.549752293224141e-08 -9.699813585253702e-07 -2.5379111657182207e-07
vn 2.1834504973021658e-08 -1.2276057968213485e-06 -8.222609550801637e-08
vn 6.547867345863415e-09 -3.7447145129116627e-07 -2.5084460983654563e-08
vn 1.3087181802738881e-08 -7.695774073334317e-07 -5.1557764505352385e-08
vn -3.399527981801421e-08 -1.8203194585664395e-06 1.247479061103165e-07
vn -1.0966022412848392e-08 -8.623167064808957e-07 5.885740996931265e-08
vn -1.294311986119545e-07 -3.1709847234405867e-06 5.804127958138313e-07
vn -4.754364788990514e-08 -3.944087649293954e-06 7.455197609227997e-07
vn 1.31715337394237e-08 -3.115479248492828e-06 4.925328410954445e-07
vn -1.660197585264818e-08 -2.288442181742185e-06 4.4329238005129467e-07
vn -6.333280519810097e-09 -2.189626945261236e-06 4.076962151126731e-07
vn 4.469963726129316e-07 -2.5054368285853773e-08 -1.0509612425270263e-08
vn 5.688908976336326e-06 -1.7332778791727792e-07 -1.957430488207123e-06
vn 1.302679760612851e-07 -8.905695735467854e-07 -3.1431997385706407e-07
vn 3.7311114189898017e-10 -2.6206014024106076e-08 -1.4293649194717514e-09
vn 1.1036210664960934e-10 -2.507609115704998e-07 -5.937062042097943e-10
vn -1.6602387599128684e-08 -2.288426520493756e-06 4.4329238005127874e-07
vn 2.5292360801082676e-06 -8.681622537652621e-09 5.989545755336951e-07
vn 2.4547452079604004e-06 1.8287816211758487e-08 7.433904718227276e-07
vn 2.385312624867264e-06 -6.812043203824336e-11 8.052922060152509e-07
vn 2.133812153384857e-06 6.38199991461705e-09 8.896585355933422e-07
vn 2.1205026733607587e-06 0.0 8.853836900639627e-07
vn 2.7837069294770123e-06 -3.8612979833834804e-08 -1.738332277762902e-07
vn 2.789795186891303e-06 -4.880717227856134e-08 -4.6302990543567294e-07
vn 2.8113812892022893e-06 6.736582133109976e-08 -2.8246310056302155e-07
vn 2.648254646101924e-06 -1.804344207321389e-08 3.639749236952261e-07
vn 2.5930432557659777e-06 2.929128123234072e-08 5.234737893513615e-07
vn 2.7509958013615585e-06 -5.866127882629338e-08 -7.551467358076121e-07
vn 2.8006386090404828e-06 7.896296380403277e-08 -5.783824545241134e-07
vn 2.6666085372022054e-06 -6.698120740358663e-08 -1.0397173036924128e-06
vn 2.743495346350678e-06 9.049254568626381e-08 -8.726278540103166e-07
vn 2.734769445173253e-06 -2.8199651590266985e-08 1.0456912716172344e-07
vn 2.777435566576577e-06 5.413061828630905e-08 4.7098800047062245e-09
vn 2.70265223427723e-06 4.169049310180963e-08 2.7590245642579647e-07
vn 2.01417816927842e-06 -4.308969756369357e-08 -1.234344101452216e-06
vn 2.2011894027871804e-06 -1.5383531852038707e-07 -1.1563745981156948e-06
vn 2.1430246421610916e-06 -1.9320763864757244e-07 -1.4388146611248004e-06
vn 1.8988149336286443e-06 -8.204926701171765e-09 -9.87961447825537e-07
vn 2.4172839204940098e-06 -1.9096670817764196e-08 -1.0363566807500696e-06
vn 1.5361952100106516e-06 -1.63339896063788e-07 -1.902111193201286e-06
vn 1.3267813610712585e-06 -1.416838336868683e-07 -1.980730109142875e-06
vn 1.3072119403826307e-06 -2.648854934160198e-08 -1.7727631888230673e-06
vn 1.973172468960823e-06 -1.7023840287558907e-07 -1.6154372131433538e-06
vn 1.8816017856068925e-06 -3.23796403930113e-08 -1.3924965184106734e-06
vn 1.0466065074105686e-06 -1.0753498507966795e-07 -1.941892789626585e-06
vn 1.1317777025141449e-06 -3.9096404340739125e-08 -1.8264932679717776e-06
vn 1.6852489629644617e-06 -1.3684523976299764e-07 -1.6973877333173198e-06
vn 1.732280137022083e-06 -5.384200441981698e-08 -1.5291382330985944e-06
vn 1.4801923296185584e-06 -3.9902527513191694e-08 -1.694844943897338e-06
vn 8.702512562012968e-07 -3.136631962007949e-08 -1.8728728901167542e-06
vn 8.801614687743179e-07 -1.2936860392585414e-07 -2.085092086447745e-06
vn 1.4549383334646228e-06 -2.6637338071138073e-09 -1.4579404330351748e-06
vn 9.032780766807099e-07 -2.157110780268248e-09 -1.670835087784663e-06
vn 7.248547359173446e-07 -2.1627410203660857e-08 -1.9383704573613034e-06
vn 7.126588683978493e-07 -1.2906967073989545e-07 -2.1918513108180097e-06
vn 4.925046581566883e-07 -1.1830698787882957e-07 -2.220238113559084e-06
vn 2.9069522581497293e-07 -1.6119857875510326e-07 -2.4310506731575172e-06
vn 3.4492863308736247e-07 -3.843067937426952e-08 -2.182406665575395e-06
vn 1.6702522982097126e-07 -2.820996223563354e-08 -2.250486402129566e-06
vn 6.89384312140471e-08 -1.6749075137589726e-07 -2.499928488330889e-06
vn -4.5279592691103266e-07 -1.9818592649740426e-07 -2.5022898500872706e-06
vn -3.120460517001602e-07 -5.899334671788594e-08 -2.249156746088896e-06
vn -1.7867564320323458e-07 -1.5617836784347114e-07 -2.383259638162463e-06
vn -2.2220629806634113e-08 -5.432535381639981e-08 -2.2712584769391362e-06
vn -6.809768883492043e-07 -1.704596369601557e-07 -2.322003801272454e-06
vn -5.047716320475202e-07 -5.8839894694491686e-08 -2.224533393581363e-06
vn -7.866562922469444e-07 -8.352711204883138e-08 -2.146098895560852e-06
vn -5.782823080666515e-07 -1.9380049929356633e-08 -1.922192253400792e-06
vn -1.4641822418806405e-07 -2.4837636915301967e-10 -2.0007847587615126e-06
vn 5.876481933689085e-07 -4.0381200343959215e-08 -2.0437011157832593e-06
vn -9.70280618290292e-07 -1.841246415637662e-07 -2.371893717176321e-06
vn -1.1894071986867197e-06 -1.974005229125594e-07 -2.264591232362977e-06
vn -1.3347299988325803e-06 -1.664105126740147e-07 -2.0051035752076523e-06
vn -1.138366291041233e-06 -7.333706117658591e-08 -1.976602159135043e-06
vn -9.67799789167425e-07 -6.017632213233451e-08 -2.0711734217419744e-06
vn -1.6066386022159138e-06 -1.924631762337648e-07 -1.939697239800337e-06
vn -1.3756997451307538e-06 -5.769677510608069e-08 -1.8070023609814318e-06
vn -1.6909187719330214e-06 -1.41235594448312e-07 -1.654386079745841e-06
vn -1.9084796490383585e-06 -1.3275447970888578e-07 -1.5282019113525363e-06
vn -1.6993060047641552e-06 -6.46550258301626e-08 -1.4558655005223306e-06
vn -1.9979663016767842e-06 -1.5243596322303704e-07 -1.3255655200306661e-06
vn -1.7962090646661615e-06 -2.6380920184329726e-08 -1.2978855790996718e-06
vn -1.5134699108495873e-06 -4.6682572798606596e-08 -1.6738787794274185e-06
vn -2.0594619930319255e-06 -1.1877041485664888e-07 -1.1211350399986598e-06
vn -1.8742097860014077e-06 -1.332064776638452e-08 -1.1342063352072498e-06
vn -1.9339001413390976e-06 -2.1599612271562568e-08 -9.68413698552043e-07
vn -2.1360298518266334e-06 -5.6323718643609705e-08 -9.330010086675875e-07
vn 4.257856858971174e-07 5.19754865569987e-10 -1.9097347070046057e-06
vn -1.107529201907893e-06 -3.2540558057738383e-09 -1.6741012221668932e-06
vn -2.178477688010045e-06 -4.624599098888295e-12 -8.689283751110978e-07
vn -1.4449413464546733e-06 -1.4778977616183037e-08 -1.3931789563382566e-06
vn -2.3845929185814474e-06 1.869283328451562e-10 4.3060497559765766e-07
vn -2.3892926260591456e-06 1.7350385992853004e-10 2.884400959631624e-07
vn -2.3869580311108085e-06 1.2236233255609805e-10 2.1788662755033104e-07
vn -2.3846247077283475e-06 1.0691127242060268e-10 1.4733697383512766e-07
vn -2.3846208930307196e-06 5.457964080127381e-11 1.4733125178868566e-07
vn -2.096204321036263e-06 2.017239067479589e-10 1.2390373135436919e-06
vn -2.1734697499255634e-06 2.282424076592359e-10 1.1170623568883342e-06
vn -2.208102118124316e-06 2.2908438155395734e-10 1.05336135698127e-06
vn -2.353945637838081e-06 2.0398967896907194e-10 6.442960715401247e-07
vn -2.377566245550668e-06 2.087569838634788e-10 5.022240162145775e-07
vn -2.294754246310253e-06 2.1930302946732075e-10 8.533605750427635e-07
vn -2.2687456378825366e-06 2.386049438930072e-10 9.215126912987677e-07
vn -2.3373567894197774e-06 2.197575149269069e-10 7.147548082951939e-07
vn -1.9619193351353433e-06 1.6741914091950082e-10 1.4068668430364454e-06
vn -2.0535738034774666e-06 1.9143605095043644e-10 1.2973144492066753e-06
vn -1.4664486052882052e-06 5.065068152461409e-11 1.7736620998446406e-06
vn -1.5846609985164773e-06 8.55688203393781e-11 1.711287343146245e-06
vn -1.6425681085095446e-06 1.0169632146780664e-10 1.6758926712048305e-06
vn -1.7549414712352216e-06 1.2106682392665297e-10 1.596803816849345e-06
vn -1.8094102670995834e-06 1.2791924384842128e-10 1.5531128133499642e-06
vn -1.2242559960181228e-06 4.527491248945145e-11 1.865047949895459e-06
vn -1.2850419311544558e-06 5.103774310323976e-11 1.846333361223951e-06
vn -1.1031495188560737e-06 1.612237885387261e-11 1.8945355625599128e-06
vn -8.985100646019169e-07 -2.0481022273223695e-12 1.931397859940834e-06
vn -1.042821347435101e-06 -6.928099589458752e-12 1.905296188785568e-06
vn -1.4061356926577446e-06 4.8320046559735687e-11 1.8006358267722413e-06
vn -1.912897927483768e-06 1.5767172390212339e-10 1.4581440085520453e-06
vn -5.762482236859525e-07 -1.0785622537873986e-10 2.1238988668698215e-06
vn -6.267217595679203e-07 -2.4625214099360938e-11 2.0887370504294495e-06
vn -7.229691238541579e-07 -1.8735350104364522e-12 2.017967733709167e-06
vn -7.687480385219316e-07 1.4824275132649843e-11 1.9823475177704967e-06
vn -8.98506249904289e-07 -1.0282588003970592e-11 1.9313918994757905e-06
vn -4.691772906631979e-07 -1.5328055209747597e-10 2.189194171966789e-06
vn -4.1256717786365107e-07 -2.608930328730585e-10 2.2193459393828517e-06
vn -3.7554426581801756e-08 -6.120845791256266e-10 2.352291410106271e-06
vn -1.0399882986633718e-07 -4.6146334795192796e-10 2.336152874822023e-06
vn -2.322718523055258e-07 -4.195046468792057e-10 2.2965199148701637e-06
vn -2.941233596459471e-07 -2.9768310598750406e-10 2.272996442869573e-06
vn 3.7976077826283556e-07 -1.0039279909732886e-09 2.3877688133024933e-06
vn 3.083928719064258e-07 -8.58213019126767e-10 2.389340111097328e-06
vn 1.6765850388243128e-07 -8.258588485896012e-10 2.383427508587876e-06
vn 5.934601393834965e-07 -1.073841621740804e-09 2.3639129659028463e-06
vn 5.22277881644983e-07 -9.77801421682727e-10 2.375041630976736e-06
vn 9.825898150207047e-08 -6.520720854565482e-10 2.3759131900436503e-06
vn 8.043035635466602e-07 -1.1166435330149581e-09 2.3113936394721276e-06
vn 7.344564499779472e-07 -1.0158103342285047e-09 2.3320780426312948e-06
vn 1.006706333424932e-06 -1.1511134630969107e-09 2.231232219300236e-06
vn 9.404119749137647e-07 -1.0556249019442759e-09 2.260963654721413e-06
vn 1.1963476681716616e-06 -1.1086139988572243e-09 2.1249429813997527e-06
vn 1.368616869920471e-06 -9.953195282154298e-10 1.9958396264435357e-06
vn 1.3133164699732048e-06 -9.8175363977297e-10 2.041255191162242e-06
vn 1.7525458411248365e-06 -4.2232981781568546e-10 1.5089430652982694e-06
vn 1.7207388923025576e-06 -4.706264066856573e-10 1.5682190159568515e-06
vn 1.6487809793796835e-06 -6.232145446363836e-10 1.6834559450352817e-06
vn 1.8698376206588842e-06 -1.514545048416515e-10 1.2071642432958606e-06
vn 1.83119981995073e-06 -2.4987608239742804e-10 1.32858225409753e-06
vn 1.8850175740865792e-06 -1.1831377592683234e-10 1.1462676819283158e-06
vn 1.9154817493438017e-06 -2.9264641601275566e-11 9.662699027851748e-07
vn 1.907875242273566e-06 -5.3331086355979e-11 1.025840856726989e-06
vn 1.807795378437063e-06 -2.9181381355198434e-10 1.389142486290873e-06
vn 1.1346589212633685e-06 -1.0526379173333383e-09 2.163219021616185e-06
vn 1.4721121596999122e-06 -8.408925130693523e-10 1.8987638369890838e-06
vn 1.5203146789273429e-06 -8.201375606662402e-10 1.8470899429201715e-06
vn 1.6086529034648566e-06 -6.623900697850031e-10 1.7394474410361544e-06
vn 0.0 -9.051424453403081e-05 0.0
vn 0.0 -0.00011346740252366216 0.0
vn 0.0 -0.0002951447228773109 0.0
vn 0.0 -0.00013887893015252612 0.0
vn 0.0 -7.04060826409095e-05 0.0
vn 0.0 -0.00019448568507206745 0.0
vn 0.0 -0.0002230593710570061 0.0
vn 0.0 -0.00016613613863034163 0.0
vn 0.0 -5.3375781005817015e-05 0.0
vn 0.0 -1.2172894280878946e-05 0.0
vn 0.0 -1.5823843268823714e-05 0.0
vn 0.0 -1.091981227655967e-05 0.0
vn 0.0 -2.8992157146200603e-05 0.0
vn 0.0 -3.942891967261632e-05 0.0
vn 0.0 -0.0002509241871622559 0.0
vn 0.0 -2.1485438247981523e-05 0.0
vn 0.0 -0.00025534085944418667 0.0
vn 0.0 -1.0517225014285068e-05 0.0
vn 0.0 -9.495911452297959e-06 0.0
vn 0.0 -0.0005978354368371285 0.0
vn 0.0 -0.0004640195348614455 0.0
vn 0.0 -0.0003010964527524419 0.0
vn 0.0 -0.00027721352562401014 0.0
vn 0.0 -0.0003697592324973898 0.0
vn 0.0 -0.00039809542098063284 0.0
vn 0.0 -0.0003219650757581672 0.0
vn 0.0 -0.0003393149530711467 0.0
vn 0.0 -0.0003529292078036698 0.0
vn 0.0 -0.000432795297726283 0.0
vn 0.0 -0.0004988373264922385 0.0
vn 0.0 -0.00046670342947242557 0.0
vn 0.0 -0.0005281575241429391 0.0
vn 0.0 -0.0005536155694942308 0.0
vn 0.0 -0.0005894408186816638 0.0
vn 0.0 -0.0005743136169918148 0.0
vn 0.0 -0.0005985353583653711 0.0
vn 0.0 -0.0006012931878575131 0.0
vn 0.0 -1.8631646069339722e-05 0.0
vn 0.0 -1.3570264025164613e-05 0.0
vn 0.0 -2.566836418020931e-05 0.0
vn 0.0 -3.45374919517596e-05 0.0
vn 0.0 -5.6812262980826586e-05 0.0
vn 0.0 -4.50196660163981e-05 0.0
vn 0.0 -8.288423909788654e-05 0.0
vn 0.0 -6.956096563921822e-05 0.0
vn 0.0 -9.638492393791587e-05 0.0
vn 0.0 -0.00010969843367561878 0.0
vn 0.0 -0.00012248051549547742 0.0
vn 0.0 -0.00013521397362510845 0.0
vn 0.0 -0.0001517559405869646 0.0
vn 0.0 -0.0001961326819847026 0.0
vn 0.0 -0.0001729870998136424 0.0
vn 0.0 -0.00022051815765628533 0.0
vn 0.0 -0.00024579421409633346 0.0
vn 0.0 -0.00027150821904971457 0.0
vn 0.0 -0.000440374983108627 0.0
vn 0.0 -0.0004377521961318872 0.0
vn 0.0 -0.00043994307858869744 0.0
vn 0.0 -0.00043622049426038844 0.0
vn 0.0 -0.0005522380399680648 0.0
vn 0.0 -0.0005284352665214853 0.0
vn 0.0 -0.0005724553386841752 0.0
vn 0.0 -0.00047576864238522065 0.0
vn 0.0 -0.00034596270422924686 0.0
vn 0.0 -0.00032216545209986993 0.0
vn 0.0 -0.00029715161992324495 0.0
vn 0.0 -0.0003679874242801123 0.0
vn 0.0 -0.0004185422893711639 0.0
vn 0.0 -0.0004291005314211371 0.0
vn 0.0 -0.0004046747786095478 0.0
vn 0.0 -0.0003876996024674419 0.0
vn -6.000000569969429e-06 0.0 0.0
vn -6.000000569969429e-06 0.0 0.0
vn -6.000000569969429e-06 0.0 0.0
vn -6.000000569969429e-06 0.0 0.0
vn 0.0 0.0 5.638280450463822e-06
vn 0.0 0.0 5.303431061049858e-06
vn 0.0 0.0 4.090696087651238e-06
vn 0.0 0.0 9.955273620260727e-07
vn 0.0 0.0 3.484328600951929e-06
vn 0.0 -4.242760107630399e-06 0.0
vn 0.0 -4.242760107630399e-06 0.0
vn 0.0 -4.242744848839887e-06 0.0
vn 0.0 -4.242775366420911e-06 0.0
vn 0.0 0.0 -3.484361979556173e-06
vn 0.0 0.0 -9.955368987701427e-07
vn 0.0 0.0 -4.0907310557128275e-06
vn 0.0 0.0 -5.303469208026137e-06
vn 0.0 0.0 -5.638328134184171e-06
vn -2.4353932017874567e-06 1.4375401862235458e-11 -7.768553579580681e-07
vn -2.4354043015819936e-06 1.858073113973666e-11 -7.768583011286774e-07
vn -2.555961200288053e-06 3.261185405751749e-11 -5.994547121431496e-07
vn -2.5996452257941727e-06 5.311208971226387e-11 -5.223064918771929e-07
vn -2.709254204305425e-06 7.570605512900822e-11 -2.734133662235253e-07
vn -2.742218278074865e-06 6.276439540285074e-11 -1.875400721366387e-07
vn -2.742218278074865e-06 7.322512796990171e-11 -1.875410258110457e-07
vn -2.676290130535985e-06 6.822924156926151e-11 -3.5928475296159786e-07
vn 1.4891445304683595e-05 7.994452897659866e-07 5.664349398145011e-06
vn 2.7105103017734563e-05 1.3250470745829335e-06 1.0298028823627266e-05
vn 2.6244997291278414e-05 2.8980994503623786e-06 1.0327633594433353e-05
vn 1.39329728808289e-05 2.7346508626622316e-06 6.2877721225497e-06
vn 1.7069678120288477e-05 4.072307050382223e-06 7.160234332016145e-06
vn 1.3815421194506001e-05 4.156210783719755e-06 6.7047391050005356e-06
vn 1.6564439422912255e-05 2.3208374075573444e-06 5.741171208653023e-06
vn 1.7864097441151092e-07 1.32461635466842e-06 -4.3586680333229436e-07
vn 1.4501573664402038e-07 9.622042917511015e-07 -3.412389580423443e-07
vn 4.6138005449490955e-07 2.42146637633792e-06 -7.512467847388026e-07
vn 1.3414196131166901e-08 3.0994111749493965e-06 4.910938083282999e-07
vn 1.0406644572521852e-08 3.5863521643793215e-06 9.258489767676566e-07
vn -6.13331602224135e-09 2.1449149923771183e-06 3.9979218520042996e-07
vn 5.119261942345253e-06 4.118199231504735e-07 1.4069366225772357e-06
vn 7.229779903968875e-06 5.292227052452737e-07 2.0472748949243603e-06
vn 9.756767918130346e-06 1.2166906619321687e-06 2.455236619838898e-06
vn 2.4406486117503744e-06 1.6680975821413482e-07 6.707584439705128e-07
vn 1.4662532447816993e-05 4.016565073580349e-06 5.0143180963542e-06
vn 1.3906553446998795e-05 5.546790227780643e-06 5.343863058009236e-06
vn 1.393589485734893e-05 5.331418414825703e-06 6.912133284553219e-06
vn 1.3457530896944645e-05 5.471375076087627e-06 7.612952362205388e-06
vn 1.2592495783811416e-05 6.367974631752229e-06 8.60976046166391e-06
vn 1.3076697304928637e-05 6.645729944444446e-06 7.77919447667462e-06
vn 2.9356759042628145e-07 2.3417762741851198e-06 -5.444628241391142e-07
vn 2.988743032991088e-07 3.8083996101519864e-06 -5.721711145180274e-07
vn 9.231986916222469e-08 1.0457021186061747e-06 -2.7067318009655564e-07
vn 1.1786962695892051e-05 7.321515906643652e-06 8.74604394416389e-06
vn 1.274161939250483e-05 7.0416159784168975e-06 5.754985616783743e-06
vn 1.4646690797506488e-05 3.820800080553664e-06 3.7625685760116553e-06
vn 1.133609410528419e-05 8.207441313650726e-06 6.440421457462822e-06
vn 6.672209063670105e-06 4.355038805103559e-06 6.050188010525997e-06
vn 7.68566169922991e-06 6.4321501198730115e-06 5.636675347516536e-06
vn 1.228792316155969e-05 7.205529748428596e-06 3.6269768802641194e-06
vn 1.357512712963954e-05 5.595699568920209e-06 3.6401572679792044e-06
vn 9.349113881607545e-06 5.323121245494496e-06 7.73759594487428e-06
vn 3.434433403126308e-07 1.658504230268079e-06 -6.965340429656703e-07
vn 5.566821789372044e-07 1.9905588227057465e-06 -9.545883277482376e-07
vn 7.823359369128879e-07 2.9368441121703704e-06 -1.076236565750225e-06
vn 1.0763854464510276e-05 8.623105440962461e-06 3.7920490315020677e-06
vn 1.281859989612914e-05 1.5087954317275913e-06 1.946674827936384e-06
vn 9.628082515808097e-06 5.823887328806457e-07 2.058633935191496e-06
vn 6.741689352583957e-06 4.341233078151236e-07 1.093952903724804e-06
vn 1.461499295564318e-05 3.6985929426991254e-06 2.207391009174498e-06
vn 9.603795798430728e-06 5.129480670903491e-07 1.1012488367548347e-06
vn 1.2941150651744557e-05 1.4132005269755747e-06 6.159522790321526e-07
vn 1.4715400617246561e-05 3.4690063826274903e-06 5.038112126883212e-07
vn 6.836392036987814e-06 4.216905658947627e-07 4.845778782271738e-07
vn 1.3449571941319047e-05 5.4729940217759925e-06 1.8106180632749677e-06
vn 1.2074711364556328e-05 7.109879994240472e-06 1.3895470244503762e-06
vn 1.0488437745989602e-05 8.631619039513632e-06 1.0138228048670105e-06
vn 1.350881739150481e-05 5.1636208919145886e-06 -1.0258444565328251e-07
vn 1.370207962157296e-05 4.667359924950725e-06 -1.9940535326436973e-06
vn 1.0454513520216657e-05 8.227416208434478e-06 -1.6595786047252237e-06
vn 1.2080119629305873e-05 6.742530399602187e-06 -8.502964456678668e-07
vn 1.2259134394308886e-05 6.131018762388766e-06 -2.9556895521447348e-06
vn 6.761980215895704e-06 6.678132084613168e-06 3.2115256111223085e-06
vn 5.844498621913516e-06 6.308969765243947e-06 7.986095850350955e-07
vn 1.4888997998847678e-05 3.127369432784804e-06 -1.2640354070505303e-06
vn 7.6600363968665e-08 2.1054912515639687e-07 1.0464354934202775e-07
vn 4.9163860546128974e-06 2.5202011145574464e-06 4.4764432941842785e-06
vn 5.737325043838383e-06 3.1232490251311515e-06 5.848756422160357e-06
vn 4.852792688478488e-06 3.262885287318402e-06 5.452252332925864e-06
vn 3.4898607629323592e-06 2.7036792392495675e-06 5.06378468753223e-06
vn 3.8090619165603775e-06 2.043344082055398e-06 4.975909954533386e-06
vn 4.080078210282692e-06 4.022854443307615e-06 3.92007866246211e-06
vn 2.897586424091007e-06 3.580596034296374e-06 2.069023267491929e-06
vn 2.983356510936815e-06 3.1061349646214647e-06 3.824891397876455e-06
vn 2.5359540589033504e-06 1.9575453808311237e-06 4.579692696336717e-06
vn 2.3698593676507793e-06 2.8103580229656055e-06 4.088273771923652e-06
vn 2.091848865880288e-06 2.924206302106672e-06 2.133105794920343e-06
vn 1.8609204052397527e-06 9.9683356452436e-07 3.697826132487398e-06
vn 1.3791487020607563e-06 1.1384645308968794e-06 3.6911474203221632e-06
vn 1.5543703435507226e-06 2.025231585006659e-06 3.844142749061265e-06
vn 1.541276268740341e-06 1.1543232623820714e-06 4.903252459947492e-06
vn 1.0977029056298594e-06 1.1715608648317786e-06 4.454801088147206e-06
vn 1.0209663042628993e-06 1.558318787764258e-06 3.5391997328712397e-06
vn 1.5586287431660608e-06 2.473136912931464e-06 2.1050043119686426e-06
vn 1.299394642266478e-06 2.4595275646661774e-06 2.294949342744244e-06
vn 1.234968910352858e-06 2.100650269180827e-06 2.8532965580258843e-06
vn 1.034004188384941e-06 2.0050356656143928e-06 3.02487583994135e-06
vn 1.0649569265690657e-06 2.414476914465255e-06 2.4401828892073694e-06
vn 1.533433307676536e-06 2.7410310240343476e-06 1.5157771381987421e-06
vn 1.3110936195199396e-06 2.7716422643174797e-06 1.6681193581314056e-06
vn 2.2720582618227044e-06 3.139333783965211e-06 7.815906443352777e-07
vn 6.10975881636949e-06 6.418697033812888e-06 -1.4442028582484615e-06
vn 1.742843605075161e-06 2.8103377729404554e-06 7.957001299176056e-07
vn 1.72127553918815e-06 2.6934977117307696e-06 1.3331809068870546e-06
vn 1.5271578168072377e-06 2.9256634937176802e-06 8.992517096621994e-07
vn 1.9184155891331623e-06 2.7224540145307915e-06 1.66580260042041e-07
vn 1.7265794592086344e-06 2.8732053474224787e-06 2.3487529502222342e-07
vn 6.906419930724069e-06 6.4270148564181e-06 -3.58398145535072e-06
vn 2.2441808717802387e-06 3.1444434627375275e-06 -3.423073096152117e-07
vn 1.7149598412422887e-06 2.861484873306548e-06 -2.9999513764586466e-07
vn 2.532738816093253e-06 4.112126506110167e-06 -1.4952720304446867e-06
vn 3.0497183438471976e-06 4.111657510198687e-06 -1.5555727064970113e-06
vn 3.936067033456887e-06 4.749895967836375e-06 -2.7846386112983775e-06
vn 1.523730934244641e-06 3.0190787261993854e-06 2.8403279463902607e-07
vn 1.3281503380348748e-06 2.9982159733993343e-06 1.0121969207872126e-06
vn 1.0998124773261273e-06 2.7594786650643135e-06 1.7989561742500527e-06
vn 1.1284840312909106e-06 3.0196676095009812e-06 1.125961229354037e-06
vn 1.3377524439179591e-06 3.1255065885218046e-06 3.564007797958881e-07
vn 1.5137262371466324e-06 3.0218316114262465e-06 -3.0117059020994645e-07
vn 1.9372582874797498e-06 3.911256738565117e-06 -1.323122532038565e-06
vn 1.3322703664389022e-06 3.149171596200769e-06 -2.687578922006854e-07
vn 1.142232643183197e-06 3.179627848950755e-06 4.5007593654511604e-07
vn 1.1361021098512094e-06 3.2305970951371954e-06 -1.9878041839506203e-07
vn 1.3120882487125074e-06 3.0827371732342506e-06 -8.311337354458224e-07
vn 3.443680399422651e-06 5.078943905857306e-06 -2.991669077066486e-06
vn 1.0601786245428795e-05 7.505476970105522e-06 -4.021646625654208e-06
vn 9.83897139682907e-06 4.903489725110974e-07 1.4477691008600772e-07
vn 8.421838166699918e-06 8.188128040390513e-07 -5.051615638619893e-07
vn 9.46542376337624e-06 3.982017764335762e-07 -1.6828519444706676e-06
vn 8.386538924171339e-06 3.7207133514139425e-07 -8.222996649156155e-07
vn 1.5301989985499605e-05 1.296813255330145e-06 -2.492800272543009e-06
vn 1.4922246262330995e-06 1.1238185323544922e-07 -3.008542381898192e-07
vn 7.12690386177237e-06 3.7548383847982513e-07 -1.6643507115880786e-06
vn 2.3262246977884147e-05 1.355273960379822e-06 -6.618211451542244e-06
vn 2.299566401331131e-06 3.3922609358658934e-07 -5.527966747079853e-07
vn -1.27399923697036e-07 3.1187387305987303e-06 5.675576641702647e-07
vn -4.689434781359571e-08 3.93422644365247e-06 7.44045662007293e-07
vn 1.5056779500627328e-05 2.6805487999074777e-06 -2.9390549261170724e-06
vn 1.3948791504933924e-05 4.016872343056323e-06 -3.715363867314376e-06
vn 1.2540952370448665e-05 5.324722644195624e-06 -4.75735290781567e-06
vn 1.08722529352996e-05 6.591284721879787e-06 -5.903861784355448e-06
vn 2.256830419024063e-05 3.031834908583796e-06 -7.322592044477193e-06
vn 2.1135262768916713e-05 4.568203368348808e-06 -8.434505548287995e-06
vn 1.9148196823269295e-05 6.199485850266851e-06 -9.872817041033388e-06
vn 3.025322825129445e-05 2.500985849538621e-06 -1.1624985627261059e-05
vn 1.6688726517146262e-05 7.985654153681824e-06 -1.1359495332643276e-05
vn 1.5928167085502705e-05 4.3061716803158445e-07 -4.9510313951510295e-06
vn 1.7684524881533103e-05 3.6642674496446276e-07 -6.606620630176163e-06
vn 3.0135057514189763e-05 1.166338407267514e-06 -1.0833130366272429e-05
vn 4.866323425624842e-05 1.0492771757079886e-06 -1.9785422314200098e-05
vn 3.371113135582345e-05 1.4703862741009542e-06 -1.4200108796969158e-05
vn -3.3731663951770857e-08 1.8031905315083026e-06 1.2303908330357923e-07
vn -1.1072362951823454e-08 8.779947762748561e-07 5.995013826365866e-08
vn 1.1153945129087494e-10 2.598732210237688e-07 -6.011093526327979e-10
vn 1.929175092487369e-05 3.4278205851560203e-07 -7.668457838400096e-06
vn 1.0003474298133668e-05 9.949015525448571e-08 -3.8044328599586e-06
vn 5.837806989006955e-05 9.573915035655657e-07 -2.3976849440083775e-05
vn 1.397242213051461e-05 3.7394069806155607e-07 -5.663904577251972e-06
vn 9.314939918308731e-06 2.492763947706578e-07 -3.775938427010602e-06
vn 5.745234082081526e-05 1.6475705195005806e-06 -2.4099534300520464e-05
vn 2.8871194370481097e-05 3.816772449119726e-06 -1.2697812953476149e-05
vn 2.900133894908834e-05 1.9980691296717028e-06 -1.3091555260945217e-05
vn 2.663175988007108e-05 5.462495831275547e-06 -1.41369457027676e-05
vn 2.313145904972752e-05 7.676063543156574e-06 -1.5316436694929262e-05
vn 2.7277069890396764e-05 2.9905703348889814e-06 -1.3845343785800375e-05
vn 2.7466900114820035e-05 1.205102468359231e-06 -1.1968483449425613e-05
vn 3.184585516384775e-05 1.8232634306807135e-06 -1.43204011593381e-05
vn 1.9883251545153182e-05 1.984717209526081e-06 -1.0179015316776453e-05
vn 1.8725077799594865e-05 3.837546775568678e-06 -1.154056703444081e-05
vn 3.489266773285129e-05 1.8850167495361789e-06 -1.536449650925486e-05
vn 1.537201271364744e-07 5.2388107112913185e-06 6.544799279528111e-07
vn 1.2643799904695864e-07 4.03608118750518e-06 7.012345545952483e-11
vn 7.0747371449016025e-06 5.6957322307727115e-06 -5.054547719087498e-06
vn 4.037844885691926e-06 4.248405257515273e-06 -3.728622504248477e-06
vn 3.0849450663739105e-06 4.080753663590348e-06 -3.4476038962481963e-06
vn 1.0782153180827895e-05 7.298786424602067e-06 -9.234700268860165e-06
vn 1.0278644660818645e-05 5.436564848516614e-06 -8.61952157484277e-06
vn 2.5997653082051946e-06 2.9920147590669653e-06 -2.9908106794917074e-06
vn 7.16028168880898e-06 5.727504929136915e-06 -7.323727388321117e-06
vn 4.328268193391453e-06 4.030196958722914e-06 -4.4899132160727174e-06
vn 2.877262809965327e-06 3.0955461533505957e-06 -3.483252134896878e-06
vn 2.6942800637060447e-06 5.052832354654697e-06 -2.909159734631984e-06
vn 2.099341738028091e-06 3.443638911255983e-06 -2.639728663948542e-06
vn 1.470310127076671e-06 3.407539371157309e-06 -2.179955105650092e-06
vn 1.191318397641967e-06 2.39204487926959e-06 -1.7109803410547058e-06
vn 1.476674480939454e-06 3.4691623514060757e-06 -1.5519084083210913e-06
vn 5.484876934379875e-07 1.0464182357393692e-06 -8.697784590524686e-07
vn 1.8178099574772817e-06 2.8485473698623423e-06 -2.5667080853619824e-06
vn 2.144831428897915e-06 3.0147902370597768e-06 -2.8643571314972656e-06
vn 1.0909638273088984e-05 3.8863710105044905e-06 -8.20084036918389e-06
vn 3.2856243882059716e-06 8.505763017828825e-07 -2.537210861656223e-06
vn 6.719672731075655e-06 1.6684521314404956e-06 -4.582249416971007e-06
vn 1.4444915090790391e-05 2.390392293423256e-06 -8.522376406126361e-06
vn 1.05556450801559e-05 1.0492350142362657e-06 -5.4275313321875296e-06
vn 3.585756634242973e-07 2.0399837160513963e-07 -2.7689670347290744e-07
vn 2.433282309849151e-06 1.4029086117252406e-06 -2.2265085605173977e-06
vn 1.1365331262440456e-06 7.023578730633773e-07 -1.2154062801031728e-06
vn 1.0946807493175645e-07 1.0887922711500935e-07 -1.135455378458605e-07
vn 6.45747816269307e-07 3.9891185355513e-07 -6.697996088107398e-07
vn 7.501735050337781e-08 3.6905803255810557e-06 4.746451603866573e-07
vn 1.1110452281486174e-06 3.1830372811993474e-06 -7.833947277728597e-07
vn -1.6107032004899484e-08 2.237573412623545e-06 4.3345903420648986e-07
vn -1.6107293546496728e-08 2.2375887257064514e-06 4.334628624772062e-07
vn 6.944776854063093e-07 9.719593825510004e-07 4.050722908450077e-06
vn 1.116244951559151e-06 1.1138617408183771e-06 6.193695613778867e-06
vn 7.779214762210086e-07 1.4448748342204233e-06 3.6295263926495673e-06
vn 6.55231037104598e-07 9.651146489501307e-07 5.053307305812696e-06
vn 5.976776562646574e-07 1.3250916062417293e-06 3.699130699842598e-06
vn 8.134331430908717e-07 1.908997978276911e-06 3.1241489271728074e-06
vn 8.539375942055516e-07 2.339126734576977e-06 2.5502074606575205e-06
vn 8.899692721711324e-07 2.7118847054155113e-06 1.915051366843367e-06
vn 6.299359671085893e-07 1.7973015164818225e-06 3.2115736128396298e-06
vn 6.591167804054669e-07 2.247104486192456e-06 2.6564131101983395e-06
vn 7.810326194897145e-07 1.0177573126518003e-06 9.061066258182274e-06
vn 6.261543691003379e-07 1.2132839663218644e-06 6.98417916550124e-06
vn 7.852379620991956e-07 2.0331770597997657e-06 7.0632924077345214e-06
vn 9.736058060285363e-07 2.2019329538795887e-06 1.2834797564422827e-05
vn 6.300622947123052e-07 2.4908455480579663e-06 5.003316237005193e-06
vn 6.29204215371935e-07 3.1913964261635705e-06 4.22132066749461e-06
vn 8.151619916273985e-07 3.243372523075246e-06 9.871379718877925e-06
vn 5.926627605741508e-07 3.662143968725637e-06 6.3025251520291625e-06
vn 6.816234239857885e-07 2.645051687818528e-06 2.0380204933752025e-06
vn 5.49619234747866e-07 4.6270484388568734e-06 5.231358858379522e-06
vn 6.205870768514988e-07 3.845794852813517e-06 3.3306910810482176e-06
vn 9.148859193452739e-07 3.002879488135842e-06 1.2442802937796344e-06
vn 9.236321705389181e-07 3.1941256498479065e-06 5.665952729448135e-07
vn 6.948319555987257e-07 2.9668055327124863e-06 1.378742139719951e-06
vn 6.95737584849722e-07 3.1914676952520136e-06 7.079637197876363e-07
vn 9.120296620540109e-07 3.2768556311126838e-06 -8.727894663398797e-08
vn 1.071947060399348e-06 3.0706303477016647e-06 -1.2662209582748834e-06
vn 8.785190452346956e-07 3.2596453162254054e-06 -6.789005485647668e-07
vn 6.799081609415612e-07 3.309484559125563e-06 5.9572080177092604e-08
vn 6.427810086253757e-07 3.3277967414836487e-06 -5.288728567087444e-07
vn 6.116016909829664e-07 4.398593274961577e-06 2.3585550052481894e-06
vn 6.005177732951863e-07 4.8042568727290185e-06 1.356835455723806e-06
vn 5.125527540528972e-07 5.516742454633768e-06 3.9805147231664746e-06
vn 5.775721434264756e-07 5.03946805729931e-06 3.9207222384401566e-07
vn 5.372448915703144e-07 4.674766739932846e-06 -4.92116823555335e-07
vn 4.378395119936535e-07 6.662201644052633e-06 1.3064582921775695e-06
vn 4.795309749370496e-07 6.218789478265604e-06 2.6306945985920144e-06
vn 2.933919844174988e-07 4.620253644815922e-06 -7.562145461639803e-08
vn 7.659578901197442e-07 1.6865313020166244e-06 1.4176824930719921e-05
vn 7.843543622215642e-07 2.8753861179025153e-06 1.259427490768788e-05
vn 7.173279588467254e-07 8.261044998843832e-07 1.1759820476234056e-05
vn 4.962597408290703e-07 7.072105335101276e-07 1.143378961930682e-05
vn 4.457359181750585e-07 1.330174946222332e-06 1.3760600637054672e-05
vn 5.221540241126963e-07 3.078944918477036e-06 1.4476161223455144e-05
vn 5.283060125625547e-07 3.1711437370112712e-06 8.249992026675292e-06
vn 3.6069392748482333e-07 3.852562207884805e-06 6.102336193990382e-06
vn 2.6325773465524306e-07 3.5756361157879663e-06 9.292139847298755e-06
vn 2.990805679277081e-07 4.8447190933874025e-06 4.990781918679797e-06
vn 2.410817578849422e-07 5.357122606905282e-07 9.280266922883357e-06
vn 2.1683716435188508e-07 9.600463132428637e-07 1.1788369358424859e-05
vn 9.987902890149059e-08 3.782589652083187e-07 6.922153639423699e-06
vn 2.0929917946785202e-07 9.599980033031677e-07 1.2777924088549243e-05
vn 1.6142537255341822e-07 1.2724193428759913e-06 1.2165968913825906e-05
vn 4.323691947866741e-10 2.9648045482353003e-08 -1.6528067514012466e-09
vn 6.804365052359818e-09 3.896768392378031e-07 -2.6013761303224918e-08
vn 1.36086510829618e-08 7.999248548984529e-07 -5.3407391851240575e-08
vn 2.272221781357988e-07 1.8366794559382597e-06 1.2320799000916676e-05
vn 1.141549930549383e-07 2.3051609980227676e-06 8.565788011003868e-06
vn 1.720438959179226e-08 1.3091049838919817e-06 6.2364475738939296e-06
vn 1.406348229948207e-07 3.883848902116873e-06 5.902186172818609e-06
vn 2.405385437121076e-07 5.7195934512377676e-06 3.6983563061411514e-06
vn 6.94619314155346e-08 4.861111176389283e-06 4.805033194242856e-06
vn 1.874832332622773e-07 6.348577083888326e-06 2.356730231109767e-06
vn 2.3168178647395593e-08 5.712611159293238e-06 3.502013266758406e-06
vn 2.561864691944374e-09 5.842874004944625e-06 1.73278852101218e-06
vn 5.65499295163984e-08 2.0241112765204734e-06 4.3904959246904206e-06
vn 1.0340003161393335e-08 2.7438171272245563e-06 3.9047524543798985e-06
vn 6.608026743495847e-08 1.1055432185642958e-06 3.2007886029152486e-06
vn 8.060545746691627e-08 9.62136543008692e-07 1.620944149133641e-06
vn 6.73436711748866e-09 2.891454910849877e-06 2.675284807113062e-06
vn 5.629699384987786e-09 3.08403880472596e-06 1.6808261222946173e-06
vn 1.103422033578272e-07 6.378775444395107e-07 5.547958948316826e-07
vn 9.177189132999333e-07 2.5641317007245943e-06 -1.386685709179078e-06
vn 4.1473672177236766e-07 1.4425523316358782e-06 -8.218646255258531e-07
vn 1.0698433367303145e-06 3.0019519996141686e-06 -1.9097539591645127e-06
vn 5.680593701005462e-08 1.503223791559055e-07 -9.308714354007432e-08
vn 8.412597836879549e-07 2.243557340954546e-06 -1.5319861532390964e-06
vn 2.2677382406321832e-08 1.2783494538001537e-06 -8.533158963356368e-08
vn 5.688067011043921e-06 1.7339396566844826e-07 -1.957139983540519e-06
vn 4.469807702247235e-06 2.5060065791943603e-07 -1.050468367956918e-07
vn 2.0114186990564608e-06 1.1277112785566524e-07 -4.727282090603325e-08
vn 1.3409457993773898e-06 7.518051475604247e-08 -3.1512306698034905e-08
vn 6.704554562589667e-07 3.758914986075183e-08 -1.5751792491504855e-08
vn 4.4698774759099833e-07 2.506015070819779e-08 -1.050991670339839e-08
vn 4.266068885553144e-06 3.431834489500237e-07 1.1724428687481461e-06
vn 2.5596309711730033e-06 2.0591010454781742e-07 7.034639945594941e-07
vn 1.7064206474486233e-06 1.3727402677067997e-07 4.689788741960296e-07
vn 6.421285829635127e-08 9.790790066919556e-07 2.8515548789950604e-06
vn 4.7707694865469395e-08 6.269049678163281e-07 2.8972125881690075e-06
vn 8.73476388908653e-08 6.188586410697734e-07 2.922173212937587e-06
vn 2.821861473413355e-07 1.1226760334404917e-06 2.8352711560046796e-06
vn 1.8434115570143783e-07 5.938379287943882e-07 2.924176487658494e-06
vn 1.562163160771409e-07 1.3276984758729673e-06 2.8043405148576617e-06
vn 1.176100356134449e-07 2.125515466929264e-06 2.3657929053878296e-06
vn 2.647860098589874e-07 2.1991470059144157e-06 2.3009686570567705e-06
vn 4.6278681478102395e-07 2.0772142663295446e-06 2.3737631307902063e-06
vn 6.890365430982914e-07 2.0159776572419584e-06 2.3769780928274394e-06
vn 4.031046577152803e-07 1.0026480335093662e-06 2.8488404118628537e-06
vn 5.102401242646828e-07 2.5658360268708643e-06 1.50648667703794e-06
vn 2.579966652294695e-07 5.660682458371338e-07 2.910309877719578e-06
vn 3.3472233728487134e-07 5.538574474187941e-07 2.8963891553912916e-06
vn 5.855512032645927e-07 1.121987339116936e-06 2.7918501625404546e-06
vn 7.701709759374466e-07 1.1044136106372974e-06 3.135730833731447e-06
vn 8.922519764254755e-07 1.9225155290892456e-06 2.3565552398238627e-06
vn 1.0484050591668503e-06 2.4259709003355276e-06 1.5065421492308542e-06
vn 1.021293404858485e-06 1.754025576733375e-06 2.3545376279263376e-06
vn 2.0398269750341257e-06 2.67527166018416e-06 3.3339680006801536e-06
vn 1.4919978454632732e-06 2.544715725730143e-06 1.6330214407364474e-06
vn 4.1986985149429815e-07 5.754322672280478e-07 2.813100805101141e-06
vn 7.707997671063715e-07 2.4644219755255753e-06 1.405389139827161e-06
vn 1.2285996873634794e-07 2.5479559716503007e-06 1.297392027621412e-06
vn 2.528432991369376e-07 2.6017656001847387e-06 1.5054679019926423e-06
vn 3.673263590885661e-07 2.4037579916376036e-06 8.293607588879237e-07
vn 1.5971619155549787e-07 2.4188583577632485e-06 8.38295726256726e-07
vn 8.27565342513061e-08 2.178697444977224e-06 7.212065398846481e-07
vn 5.72422964432095e-07 2.361304295913966e-06 8.419258314905131e-07
vn 6.855993109288391e-07 2.1711035570764654e-06 7.533172584194064e-07
vn 9.275671612581644e-07 2.3669494456181547e-06 8.626955156021856e-07
vn 1.1189547859035711e-06 2.256739216051344e-06 8.278577922356675e-07
vn 1.1774243676660368e-06 1.9271031504559285e-06 8.759634406165994e-07
vn 1.921199412403433e-06 2.0393938506045683e-06 2.6725213791568616e-06
vn 1.4861492826178704e-06 1.6406050747881697e-06 4.293578032300144e-06
vn 1.5578608597529087e-06 1.5126742196623907e-06 3.1993352596365594e-06
vn 1.2518271538127312e-06 8.382185682878542e-07 1.7547614161842897e-06
vn 1.8690043039293847e-06 1.073021100225469e-06 1.9946591125573287e-06
vn 2.312361253837199e-06 1.53805996800154e-06 1.5237367604743171e-06
vn 2.460887770804027e-06 3.3250209267751065e-06 2.040658620592418e-06
vn 1.5399662607509386e-06 8.7162774457808e-07 1.3910480918058792e-06
vn -2.233921902851457e-08 8.448544669257472e-08 -2.893465693575019e-07
vn 2.1476888493929944e-06 3.3673733460534274e-07 6.189508526905901e-07
vn 2.3933215789914366e-06 4.798171628244193e-07 8.355777954200282e-07
vn 2.2440996540746397e-06 2.3649872506498504e-07 7.328534302377073e-07
vn 2.8674858969308347e-06 1.3886817751721146e-06 1.192621548302601e-06
vn 3.307191475449912e-06 1.7212451296163014e-06 1.5122614469977078e-06
vn 2.8378392803575626e-06 1.1678398926037811e-06 1.1339383039790659e-06
vn 4.508641768907711e-06 2.729938512362966e-06 2.4234785754483448e-06
vn 3.1126198366815143e-06 2.064312097119231e-06 1.2713248552881797e-06
vn 2.6037012867424942e-06 7.75721458648952e-07 9.60470195174988e-07
vn 2.5697197559584948e-06 8.717118450033185e-07 8.923044365044375e-07
vn 2.3297200773000307e-06 5.756923591657851e-07 7.220934304009847e-07
vn 2.0428453392608137e-06 1.3981311327903827e-07 5.837493347833027e-07
vn 2.104652627758704e-06 9.452742824323662e-08 6.593100523360241e-07
vn 2.2070344536844625e-06 2.403328458675635e-06 1.357138867117492e-06
vn 1.651646178732997e-06 1.4508585888398258e-06 1.316492188508861e-06
vn 2.1270910328018742e-06 1.956689997119316e-06 1.027175529778489e-06
vn 2.575551998571642e-06 1.8615201167413391e-06 1.3874954917565619e-06
vn 4.119271086493969e-06 2.396511042234822e-06 2.895325255793897e-06
vn 2.534101019025697e-06 1.0464685417733002e-06 9.459580289289235e-07
vn 1.8651818128079359e-06 7.413045814498905e-08 5.100945787415217e-07
vn -6.992384121689445e-08 6.066703395194607e-07 2.8404879316137653e-06
vn -4.361238381100151e-08 5.987802812697809e-07 2.767235756019313e-06
vn -6.285175406028993e-08 9.712508016718098e-07 2.7934686116377804e-06
vn -1.4887545713561482e-07 5.916265231021825e-07 2.882037411114369e-06
vn -1.5084872328523025e-07 1.2226651922513394e-06 2.7954700825199243e-06
vn -1.1111855016082957e-07 1.977062885160456e-06 2.483939649370468e-06
vn -2.4346940956265013e-07 2.260544389106011e-06 2.2511068682428124e-06
vn -2.940812674850028e-07 1.1176704727765996e-06 2.812371105451211e-06
vn -4.6278794206949734e-07 2.0772192890951538e-06 2.373765182065358e-06
vn -1.4076051027054994e-07 2.676337499095497e-06 1.653589388835072e-06
vn -2.354236118191605e-07 5.693419107555682e-07 2.9132502374199906e-06
vn -4.3283272821570445e-07 1.0726075352586458e-06 2.816991248674107e-06
vn -3.125350138710214e-07 5.397785723326903e-07 2.93023180526097e-06
vn -3.8940835483261947e-07 5.512275769930182e-07 2.874046509306076e-06
vn -5.491960271923949e-07 1.0358760842383868e-06 2.7783245626861476e-06
vn -6.89037366474837e-07 2.0159765690447833e-06 2.3769771348978097e-06
vn -8.922529108670993e-07 1.9225144786070008e-06 2.356554759469946e-06
vn -8.264155620889565e-07 1.1861448293806882e-06 3.1111925577928715e-06
vn -1.021295031058449e-06 1.7540237135758217e-06 2.3545365726766423e-06
vn -1.2199757338288234e-06 1.4265985057403214e-06 4.1891446129554835e-06
vn -5.644245843611146e-07 2.686015687977742e-06 1.4874981471204552e-06
vn -2.8737352426068147e-07 2.789386121661928e-06 1.3152801141554017e-06
vn -8.048017136657321e-07 2.58883520586991e-06 1.5917379899469214e-06
vn -1.4878241652697828e-07 2.918714116174387e-06 9.67491273106556e-07
vn -2.9620624558642496e-07 2.91168500881657e-06 9.698761395116619e-07
vn -5.403090683947668e-07 2.8749818629664795e-06 9.686276339221378e-07
vn -8.772462097136717e-07 2.7920459652592364e-06 9.698125111226273e-07
vn -1.086688633175218e-06 2.5400397730370687e-06 1.4073414564084267e-06
vn -1.5436230301629558e-06 2.6514068451125443e-06 1.7068723067805445e-06
vn -1.1556305207480256e-06 2.696768873676861e-06 9.706932284015776e-07
vn -2.5263131983777764e-06 3.571902525999923e-06 2.023158670606967e-06
vn -1.3488354208413073e-06 2.5417365372431463e-06 9.38984271733433e-07
vn -2.075261249789829e-06 2.671244529181539e-06 3.2276933467247458e-06
vn -1.7914103145351066e-06 1.8654618687743526e-06 2.2885890960476323e-06
vn -1.6099073972651201e-06 1.616494347125132e-06 3.7828136856629757e-06
vn -1.1760352624089035e-06 8.528210429632169e-07 1.865248583456199e-06
vn -1.4069938169829396e-06 1.18476189589698e-06 1.297896310979314e-06
vn -1.6464014555828365e-06 9.341314566070851e-07 1.9756029278054728e-06
vn -2.298143998076309e-06 2.7183075084374307e-06 1.6578491875834692e-06
vn -1.705969346273445e-06 9.475006671605502e-07 1.676588985316224e-06
vn -2.1897203633924586e-06 1.4964398262317775e-06 1.4026614978636442e-06
vn -3.4367529701430145e-06 2.2385487766768405e-06 1.6250800115161348e-06
vn -3.769867080404816e-07 3.088007029706332e-07 5.9597861735599835e-08
vn -3.676955004564572e-06 1.9700875374070967e-06 1.6949126462770649e-06
vn -4.236397711577626e-06 2.5939444225480547e-06 2.2392132828675424e-06
vn -2.9616234408988833e-06 9.566301213278733e-07 1.0322855551131887e-06
vn -2.711514634071979e-06 7.737069723869415e-07 8.619817995764624e-07
vn -2.646856287971021e-06 5.77612002292651e-07 8.227719148691977e-07
vn -2.4188633410865953e-06 2.8157151187913695e-07 6.921190725769419e-07
vn -2.4647358620938688e-06 4.4937398318889836e-07 7.175014245703248e-07
vn -3.0145853494378157e-06 1.178623616841715e-06 1.0756242911800636e-06
vn -3.2951899683418047e-06 1.4158198408909267e-06 1.3068189740903275e-06
vn -3.3092193384885073e-06 1.6439702745095884e-06 1.3451286143826868e-06
vn -2.3273046940964627e-06 1.1445057626600186e-07 6.428718584364782e-07
vn -2.3300512384183003e-06 1.9113913560319423e-07 6.45682563618157e-07
vn -1.451313994303594e-06 1.374573181662899e-06 7.947667388638884e-07
vn -2.139434704247524e-06 1.7592455837781652e-06 9.927564166531873e-07
vn -2.477924001299641e-06 1.7498702148172298e-06 1.3395299384967194e-06
vn -2.598256198367966e-06 1.5078396381312115e-06 1.8317788030705e-06
vn -2.2960283770291553e-06 1.1224962032815484e-07 6.279234368734413e-07
vn -2.6307245253414352e-05 2.9096374058151795e-06 1.0350736573540441e-05
vn -2.7194943604738865e-05 1.3338261394996722e-06 1.0332171536661124e-05
vn -1.4923894852875702e-05 8.020518326927266e-07 5.675481920311241e-06
vn -1.713643636316668e-05 4.09479699985621e-06 7.190026225425578e-06
vn -1.4173757598364798e-05 2.8101677063790483e-06 6.389201591583769e-06
vn -1.4072311422106708e-05 4.272125216420654e-06 6.83820773772556e-06
vn -1.6562206217427657e-05 2.3206721260080887e-06 5.740039526673036e-06
vn -6.704682534512821e-07 3.7580495108347596e-08 -1.5751332527601397e-08
vn -8.421187020215538e-06 8.187025116817223e-07 -5.057524371856993e-07
vn -1.3409713944059701e-06 7.516320971867241e-08 -3.1511386930893174e-08
vn -9.756064847517285e-06 1.2165422192656415e-06 2.4543534037799228e-06
vn -7.224610612350884e-06 5.289741055624139e-07 2.0452461338862543e-06
vn -5.118978619572547e-06 4.1170844854252297e-07 1.4068559821039314e-06
vn -2.440430490188384e-06 1.6689245210932157e-07 6.706973741292241e-07
vn -1.466103170100335e-05 4.016252929899162e-06 5.012362367663798e-06
vn -1.4014927433226787e-05 5.37149498220897e-06 6.961994028850586e-06
vn -1.3904912419751952e-05 5.546477156085898e-06 5.341551592724809e-06
vn -1.3776271539107172e-05 5.662647205003668e-06 7.821925673772452e-06
vn -1.315421951533895e-05 6.697075427289216e-06 7.857570241874272e-06
vn -1.2904112983311306e-05 6.592220477789119e-06 8.889495442759005e-06
vn -1.1817574889594932e-05 7.345238367683187e-06 8.834513350380668e-06
vn -2.011457091621341e-06 1.1274517301354261e-07 -4.7271441332315144e-08
vn -8.389322212652044e-06 3.7217216101329093e-07 -8.230830461994111e-07
vn -1.2739899034772751e-05 7.041337211701409e-06 5.752173443901153e-06
vn -1.4645371387248489e-05 3.820419034722149e-06 3.7606942094392195e-06
vn -1.1334310744567123e-05 8.207441062785386e-06 6.437013992308363e-06
vn -7.684213953238869e-06 6.4325421881944305e-06 5.6337244932260966e-06
vn -6.65618204538077e-06 4.3225738553453375e-06 6.099662340724588e-06
vn -1.2286564306438756e-05 7.204982141844619e-06 3.624361701289039e-06
vn -1.3573777696666333e-05 5.595207524076182e-06 3.6379911549255415e-06
vn -9.501256031607942e-06 5.415976547114537e-06 7.953398418417993e-06
vn -4.469893018909674e-06 2.505429784002546e-07 -1.050437710278787e-07
vn -1.0762521393590838e-05 8.622634992666386e-06 3.7888299762911197e-06
vn -9.627559718458445e-06 5.822794273813851e-07 2.058050190980149e-06
vn -1.2817712050976027e-05 1.5086064717018834e-06 1.94547453447039e-06
vn -6.741528575476329e-06 4.341210073462824e-07 1.0939172777542764e-06
vn -1.4613834248823255e-05 3.6981253360964735e-06 2.2056042991682937e-06
vn -1.2940154815974957e-05 1.413022423128689e-06 6.148281739489514e-07
vn -9.603236679555367e-06 5.129211163296054e-07 1.1006927628133796e-06
vn -1.4714317121685677e-05 3.4684615982325196e-06 5.021953587377512e-07
vn -6.8363327500063634e-06 4.216524319569999e-07 4.845585454644299e-07
vn -1.3448430336793734e-05 5.472334161081548e-06 1.8086159799104052e-06
vn -1.2073617658400623e-05 7.109072328904402e-06 1.387210491457776e-06
vn -1.0487432812604283e-05 8.6307079893099e-06 1.0110309773458442e-06
vn -1.350783574501686e-05 5.162837425916227e-06 -1.0430543089856608e-07
vn -1.3701146718711185e-05 4.6665031768972965e-06 -1.9953956853560824e-06
vn -1.0453699592422045e-05 8.226214512809981e-06 -1.6617422616803288e-06
vn -1.207921742121411e-05 6.741530256118465e-06 -8.522034181535396e-07
vn -1.2258337294296074e-05 6.129930866598721e-06 -2.957076980259524e-06
vn -5.843890530929125e-06 6.308464103834775e-06 7.96404347216574e-07
vn -6.761021870359849e-06 6.678057133373229e-06 3.2087884618584633e-06
vn -1.4887934954159316e-05 3.1267904235673837e-06 -1.2653651737566047e-06
vn -5.176572371807736e-06 2.64977109436156e-06 4.7129924071292374e-06
vn -4.406019172818794e-06 3.252725334951385e-06 4.9826735047745805e-06
vn -4.795836248056247e-06 2.654086126201917e-06 5.358379224908234e-06
vn -4.134525344920687e-06 2.8879041672781803e-06 5.582522114455571e-06
vn -4.07912975189136e-06 4.023453338126538e-06 3.918075489453063e-06
vn -2.8971207443907876e-06 3.580784862138708e-06 2.0673784115053776e-06
vn -2.9826016673166635e-06 3.1069154564142224e-06 3.823115995950009e-06
vn -2.36924688929679e-06 2.8113974549811947e-06 4.086407088474922e-06
vn -2.435136994178268e-06 1.8960162935792099e-06 4.523455073371044e-06
vn -2.091496445145766e-06 2.9245652815355303e-06 2.1316210174750597e-06
vn -3.5119192985847993e-06 1.7690783759590142e-06 5.001821058464734e-06
vn -1.6582557088563403e-06 9.530185697411766e-07 3.557159383608593e-06
vn -1.5540008766622773e-06 2.0262634728392047e-06 3.842558588846742e-06
vn -1.3003704005069065e-06 1.0974919787369502e-06 3.639035078593141e-06
vn -1.201700252178106e-06 1.0011998818056943e-06 4.660712293254658e-06
vn -1.0208764726307872e-06 1.5592816691373692e-06 3.537770917327244e-06
vn -9.326794447920254e-07 1.1043037802314874e-06 3.7553849945754556e-06
vn -1.5584091259122076e-06 2.473606608706703e-06 2.103580761643377e-06
vn -1.2992959689819953e-06 2.4601003080053535e-06 2.2934270789093603e-06
vn -1.234858657683897e-06 2.10141881504185e-06 2.851804262998149e-06
vn -1.0649493449501774e-06 2.415126877746377e-06 2.438618408684121e-06
vn -1.0339785092070507e-06 2.0058603536515456e-06 3.0233706982310955e-06
vn -1.533279498749197e-06 2.741293550573217e-06 1.5143584936434955e-06
vn -1.3110231491789237e-06 2.7719947456437567e-06 1.6666067501989617e-06
vn -2.271814351145726e-06 3.1392189318186096e-06 7.803462881647071e-07
vn -6.109263716113585e-06 6.417797826371197e-06 -1.4459224881718012e-06
vn -1.742658642812964e-06 2.810315432319056e-06 7.944769846795008e-07
vn -1.721076434809746e-06 2.6936483604474816e-06 1.3318696894653071e-06
vn -1.527029072654042e-06 2.9257126267798205e-06 8.97906718864052e-07
vn -1.918244599168245e-06 2.7222391576939254e-06 1.655818581190876e-07
vn -1.7264172302343293e-06 2.8730232871010664e-06 2.3377073847182232e-07
vn -6.905953691463159e-06 6.425921296634059e-06 -3.5851321252435086e-06
vn -2.244007775934225e-06 3.1440647597985414e-06 -3.4327682482633025e-07
vn -1.714800058663444e-06 2.8611611576148234e-06 -3.0093908908549297e-07
vn -2.5325196355787967e-06 4.111491821376209e-06 -1.4962517275433334e-06
vn -3.049489418738311e-06 4.11101458734922e-06 -1.556529293484673e-06
vn -3.935815195198904e-06 4.749092513153161e-06 -2.7853824190384344e-06
vn -1.5235941734308832e-06 3.018920751116528e-06 2.82818218976107e-07
vn -1.3280769392443323e-06 2.9983439175196845e-06 1.010760824132927e-06
vn -1.128440737124677e-06 3.0198602618738808e-06 1.1244785401433481e-06
vn -1.0997964037665282e-06 2.759901148880212e-06 1.7973995848401003e-06
vn -1.3376478598098708e-06 3.125396350926204e-06 3.551002433591816e-07
vn -1.937082192813565e-06 3.9106620077019485e-06 -1.3240923371826768e-06
vn -1.5135771839166092e-06 3.0215080745120933e-06 -3.0220292965273617e-07
vn -1.3321307986962476e-06 3.1488564717447577e-06 -2.698670528859462e-07
vn -1.1359787869054076e-06 3.2303274205974485e-06 -1.9994182426628156e-07
vn -1.1421498351209483e-06 3.179580371103645e-06 4.487267163961145e-07
vn -1.3119369431416817e-06 3.0823039353749286e-06 -8.320041122192311e-07
vn -3.443452492371186e-06 5.078103596793632e-06 -2.992407365084493e-06
vn -1.0601100121561368e-05 7.504180148941685e-06 -4.023085249651417e-06
vn -9.838320691968176e-06 4.903339228801335e-07 1.4427732189605208e-07
vn -1.5302825620633435e-05 1.2967110387388537e-06 -2.493870521129009e-06
vn -9.467389300477025e-06 3.9828724422868906e-07 -1.6835654125171894e-06
vn -2.5594893097863764e-06 2.0585437073630219e-07 7.034236745606632e-07
vn -1.706326206524251e-06 1.3723686856802982e-07 4.6895199403346204e-07
vn -7.1248092263443004e-06 3.754407074837475e-07 -1.6640779992880232e-06
vn -1.4927336147035808e-06 1.1239683802307276e-07 -3.009873827517228e-07
vn -2.3258797966077336e-05 1.3549685680536935e-06 -6.618224444176721e-06
vn -2.300549305760907e-06 3.391949145918515e-07 -5.530332219193488e-07
vn -1.5055648986958033e-05 2.679975077973738e-06 -2.9399739941367278e-06
vn -1.394782296013434e-05 4.016010828314031e-06 -3.716222058585663e-06
vn -1.2540136169979372e-05 5.32363242684131e-06 -4.758145991869966e-06
vn -1.0871595354791052e-05 6.590028869056628e-06 -5.904568094310541e-06
vn -2.2566479294927796e-05 3.031109895786367e-06 -7.322977130152073e-06
vn -2.113370605455066e-05 4.567123792408509e-06 -8.434726984431988e-06
vn -1.914691761406215e-05 6.1981285671118574e-06 -9.872820072758473e-06
vn -3.0250670054462195e-05 2.50038778421775e-06 -1.162457765745221e-05
vn -1.6687693737805098e-05 7.984100622942863e-06 -1.1359250054593027e-05
vn -1.5927174081491513e-05 4.3059245924970856e-07 -4.951200087362275e-06
vn -4.8649391759769984e-05 1.048881890316753e-06 -1.9779944411049582e-05
vn -3.0133900474581003e-05 1.1661706986307657e-06 -1.0833251833773256e-05
vn -1.7684894316157352e-05 3.664278292374709e-07 -6.606849913320329e-06
vn -3.371204173483821e-05 1.4702110139993135e-06 -1.4200542954414117e-05
vn -1.0003368176028573e-05 9.95158217309785e-08 -3.804447370096036e-06
vn -1.929053929449056e-05 3.427648539204113e-07 -7.66805977010803e-06
vn -5.835648337560837e-05 9.568712863031443e-07 -2.396814528300934e-05
vn -9.315497201710396e-06 2.4927323883829496e-07 -3.776153621577621e-06
vn -1.3973245802563962e-05 3.739166195290093e-07 -5.664233495809047e-06
vn -5.7445453550718924e-05 1.6473290018644614e-06 -2.40964858465486e-05
vn -4.265832782271254e-06 3.430905603992144e-07 1.1723756685965651e-06
vn -2.899894275494567e-05 1.9976629570215233e-06 -1.3090442409219665e-05
vn -2.8868907804880532e-05 3.815857508742426e-06 -1.2697214724886411e-05
vn -2.6629759622200193e-05 5.461297441439051e-06 -1.4136081915568299e-05
vn -2.088838098492413e-05 7.009606239732953e-06 -1.4029814739749766e-05
vn -2.72749155646399e-05 2.9899884030840313e-06 -1.3844065646618702e-05
vn -2.747012641655925e-05 1.2050703819506292e-06 -1.1969603460437659e-05
vn -2.8682180682963966e-05 1.6508300047224839e-06 -1.2917818812919215e-05
vn -1.722266689015758e-05 3.5405749385299216e-06 -1.0473177376950257e-05
vn -1.7669481441747725e-05 2.110608999414465e-06 -9.480743594698624e-06
vn -4.5824560536700444e-05 2.3261507805016472e-06 -1.993832482517246e-05
vn -7.074309126048369e-06 5.694707526753309e-06 -5.055038017679702e-06
vn -4.0376001872711954e-06 4.247698589475103e-06 -3.728861650151382e-06
vn -3.40382250253099e-06 4.454705862679855e-06 -3.7486325040758613e-06
vn -1.0716508176396414e-05 7.159562768559491e-06 -9.163394551808626e-06
vn -8.375936916434328e-06 4.4427787192246954e-06 -6.870122151002277e-06
vn -2.2787203717835417e-06 2.666483245803745e-06 -2.681354442802411e-06
vn -3.2909245664363555e-06 3.4113770395265266e-06 -3.88268533192121e-06
vn -4.731536029236036e-06 4.340738840862097e-06 -4.912211560023301e-06
vn -6.801634905395178e-06 5.30533006774483e-06 -6.865245293161105e-06
vn -2.298320036693361e-06 3.7578603484140663e-06 -2.933943469571361e-06
vn -2.694076586565674e-06 5.052016184658849e-06 -2.9098596484222316e-06
vn -1.406074406911693e-06 2.727084086716112e-06 -1.996558942257046e-06
vn -1.4311776374946004e-06 3.285460683558182e-06 -2.1053077259268005e-06
vn -1.4765341976984621e-06 3.4685948834107325e-06 -1.5525986849599114e-06
vn -7.51024729582264e-07 1.408336179834702e-06 -1.1686323335755343e-06
vn -1.9140292586603336e-06 2.8084084091539084e-06 -2.5710124577727492e-06
vn -8.578119064011221e-07 1.1246045233189623e-06 -1.1517614247378957e-06
vn -1.1546770923928347e-05 3.919368720113375e-06 -8.636303720406965e-06
vn -3.1517104270416538e-06 8.395374508957818e-07 -2.263228692965968e-06
vn -1.6067338349931774e-06 4.197828508381246e-07 -1.1945138847300561e-06
vn -8.812327712874266e-06 3.910392555374818e-06 -7.412907997089884e-06
vn -1.2681846596811207e-05 2.3018537991617225e-06 -7.79868703522989e-06
vn -1.5191719473594824e-05 1.233716455623417e-06 -7.362135602016028e-06
vn -9.531459832263721e-06 1.0262482371086375e-06 -5.660097289264558e-06
vn -4.390675726302954e-07 2.740619933816182e-07 -4.3679700453373725e-07
vn -1.1298613574627634e-06 7.171052625431351e-07 -1.0869273418496766e-06
vn -6.635484601668437e-07 4.165600390693057e-07 -6.971831145280795e-07
vn -1.1108944282059621e-06 3.182617773272223e-06 -7.843049092198937e-07
vn -8.765987671131203e-07 1.0767646659896013e-06 4.6035169695558324e-06
vn -7.779318095224417e-07 1.445872734674144e-06 3.6281001662571537e-06
vn -5.977033908683728e-07 1.326102928810956e-06 3.6977441385163593e-06
vn -5.450163748503349e-07 9.198121471844681e-07 4.124611347547921e-06
vn -8.134592051369638e-07 1.9098723518542703e-06 3.1226590347427806e-06
vn -9.66053426897216e-07 9.970362181360829e-07 6.6195821575220794e-06
vn -8.539581255168244e-07 2.339836208702031e-06 2.548657141083933e-06
vn -8.899656617630111e-07 2.712379255983161e-06 1.9134920383928468e-06
vn -6.591232963171677e-07 2.247867084773926e-06 2.654893947090698e-06
vn -6.299551213210613e-07 1.7982178918381721e-06 3.210113591981936e-06
vn -7.343258616700607e-07 1.2265996711422063e-06 7.421412159532704e-06
vn -7.852773413802805e-07 2.03489825372499e-06 7.060964845601972e-06
vn -8.586787086793271e-07 1.0814412705995313e-06 1.0725995784207705e-05
vn -9.704010248605005e-07 2.1954375570405216e-06 1.2880293873609306e-05
vn -6.291433884866187e-07 3.1926540329850206e-06 4.219123544839918e-06
vn -6.300285883746448e-07 2.4922558203802056e-06 5.001239751760403e-06
vn -8.150172019634229e-07 3.2457629744459095e-06 9.868266738969987e-06
vn -5.925213567579699e-07 3.6639717504159857e-06 6.29985418474382e-06
vn -6.816086447391366e-07 2.645615138686956e-06 2.036481957296733e-06
vn -5.494889415746761e-07 4.628686133912478e-06 5.228440564673098e-06
vn -6.205206914226503e-07 3.8467808062249484e-06 3.328424410960828e-06
vn -9.235565659154986e-07 3.194133159798605e-06 5.652281439272686e-07
vn -9.148489687378407e-07 3.00313007229995e-06 1.2427888103145927e-06
vn -6.947921679908606e-07 2.9671320613163703e-06 1.3772570050439114e-06
vn -6.956700895364923e-07 3.191545858943959e-06 7.065958624224119e-07
vn -9.119147352609285e-07 3.2766423765097454e-06 -8.846191539517909e-08
vn -1.0717885914559704e-06 3.0701628391789305e-06 -1.2668462514462115e-06
vn -8.783724062112936e-07 3.2592764484151143e-06 -6.798324013541751e-07
vn -6.426435743513422e-07 3.3274809884430486e-06 -5.29816311857682e-07
vn -6.798044689047663e-07 3.3093317728656925e-06 5.8385678400494344e-08
vn -7.746595559677209e-07 2.8765835384183834e-06 -1.0597411638250413e-06
vn -6.115364362428892e-07 4.399224179331941e-06 2.3563220770005897e-06
vn -6.004428081557422e-07 4.8044944731819995e-06 1.3547715255061417e-06
vn -5.124445576473638e-07 5.5179590335753745e-06 3.9774866439615785e-06
vn -5.37544711707717e-07 4.607420556352579e-06 -4.95208692473977e-07
vn -5.774673143223193e-07 5.039339545403193e-06 3.902966374877909e-07
vn -4.794262082994206e-07 6.2194187002270436e-06 2.6278037226631178e-06
vn -4.3771094743536177e-07 6.662234789991135e-06 1.3039483861206987e-06
vn -2.9913712135733234e-07 4.658436092522068e-06 -9.721847788735468e-08
vn -4.985632991537711e-07 2.6788556223867794e-06 -8.43644738751728e-07
vn -3.0615864104188904e-07 2.36523624434283e-06 -5.145501132469929e-07
vn -7.842406550411052e-07 2.877777755888119e-06 1.259119001908086e-05
vn -7.596477716721753e-07 1.6814353650381372e-06 1.4157740346400615e-05
vn -4.771558377281532e-07 7.01668540699639e-07 1.127106987714732e-05
vn -7.055099539415384e-07 8.227455006861261e-07 1.1728332275474498e-05
vn -5.220377146055059e-07 3.0811288167200783e-06 1.4473045952761326e-05
vn -4.389635514994811e-07 1.3230576114899228e-06 1.367992552643751e-05
vn -3.6053788019622324e-07 3.854381169328046e-06 6.099716947646378e-06
vn -5.2816050389323e-07 3.1731203953113944e-06 8.24746500677353e-06
vn -2.630493136799845e-07 3.5776681528437525e-06 9.289466340143412e-06
vn -2.9893138247897037e-07 4.846278400974717e-06 4.987873629877916e-06
vn -2.1353435648225197e-07 9.522976157417128e-07 1.1677795531686389e-05
vn -2.2817975563361938e-07 5.266864836746019e-07 9.056415779320664e-06
vn -2.0707068686544293e-07 9.498103179439947e-07 1.264989886547724e-05
vn -9.347809580831331e-08 3.6464475461956257e-07 6.680324777793765e-06
vn -1.6140265002666887e-07 1.2724583434880355e-06 1.2162703575944872e-05
vn -2.2716421718255008e-07 1.8377937004554602e-06 1.2318592882006234e-05
vn -1.14028647726988e-07 2.3063160813135306e-06 8.56376433538763e-06
vn -1.7147896926929604e-08 1.3091413278569286e-06 6.234566047469584e-06
vn -1.404695094871309e-07 3.885518156811474e-06 5.8997007414832514e-06
vn -2.4041123208596266e-07 5.720647785144603e-06 3.6954116281441744e-06
vn -6.93347061307615e-08 4.862581778365352e-06 4.8022409933987114e-06
vn -1.8737156061729367e-07 6.348958397424175e-06 2.3540577705316004e-06
vn -1.5522600546232266e-07 5.246887683842838e-06 6.426316515557673e-07
vn -2.3986732108247656e-09 5.859337925239545e-06 1.7314456285630348e-06
vn -2.311127157062636e-08 5.71351893066594e-06 3.499176345897512e-06
vn -1.3008668629053613e-07 4.072858127871333e-06 -1.773587055547623e-08
vn -1.033537550057119e-08 2.7449579345506807e-06 3.903108581964577e-06
vn -5.6453053143809244e-08 2.0249040738863058e-06 4.389011950295267e-06
vn -6.604269478402197e-08 1.1052135104781375e-06 3.199212500900094e-06
vn -8.057189651988014e-08 9.618871123748835e-07 1.6199949110237673e-06
vn -6.742158963065735e-09 2.89206166753942e-06 2.6735777236332993e-06
vn -5.6442024993208235e-09 3.084241655471898e-06 1.6793151551060015e-06
vn -7.665842610624049e-08 2.1013765934579546e-07 1.0443327160760951e-07
vn -1.1025314855795538e-07 6.373148156576453e-07 5.54198578017416e-07
vn -1.042852186574677e-08 3.582679193603685e-06 9.237460828278014e-07
vn -7.580248734795318e-08 3.64752373165041e-06 4.642331402751275e-07
vn -3.0169676642946945e-07 3.743412661402488e-06 -5.795575400003341e-07
vn -9.992323952899987e-07 2.7721866121816306e-06 -1.5395677803451363e-06
vn -5.636368256618289e-07 1.9560211040269474e-06 -9.624483216228283e-07
vn -4.894010514274584e-07 1.6577683965041745e-06 -9.566375294163687e-07
vn -1.2069765647632078e-06 3.294238901640686e-06 -2.1226225687675346e-06
vn -6.922049304807073e-07 1.8217203866737422e-06 -1.2398293098173621e-06
vn -3.756336404823557e-07 1.8294869839394257e-06 -7.647946932068139e-07
vn -2.820883760210241e-07 1.9797876281671447e-06 -7.156559714029114e-07
vn -1.798889874623549e-07 1.4731008619574771e-06 -4.5695066530083413e-07
vn -2.6824592740414593e-08 1.472539756826477e-06 -9.861359663469453e-08
vn -7.209083382780853e-09 4.0252960915259765e-07 -2.6936691567228407e-08
vn -1.1627655411895768e-08 6.74279160984744e-07 -4.505054469528261e-08
vn 3.5734354110034677e-08 1.9292532038695065e-06 1.3244545093675222e-07
vn 1.1585713780827565e-08 9.021433882017535e-07 6.153187033931347e-08
vn 1.2988527614251295e-07 3.2020227622301865e-06 5.844033605008836e-07
vn 4.7824957338180646e-08 3.959266041376935e-06 7.485355449947839e-07
vn -1.3184690915945337e-08 3.1109820557587227e-06 4.92133211358405e-07
vn 1.6199536392386164e-08 2.2597656261492404e-06 4.3775854094465754e-07
vn 5.966196219097178e-09 2.1624871448640846e-06 4.0266582146953045e-07
vn -4.4699627939675084e-07 2.5054385820913284e-08 -1.0509610232443394e-08
vn -5.688907918120115e-06 1.7334332170991e-07 -1.957430124133858e-06
vn -1.7523426510057762e-07 9.086707573704521e-08 -1.3027661896842922e-07
vn -5.71878621648988e-07 7.497389743409538e-07 -7.678400764719797e-07
vn -4.102078481495357e-10 2.897554374652588e-08 -1.5327818719888363e-09
vn -1.1690194897725986e-10 2.6323291332132554e-07 -6.208677085381949e-10
vn 1.6199273708463462e-08 2.2597501613646285e-06 4.3775467474849435e-07
vn 2.3853065405945136e-06 9.245752303922482e-11 8.05291526045418e-07
vn 2.2876338099911294e-06 -6.3754727688368185e-09 9.708649946577678e-07
vn 2.4547481008620203e-06 -1.819844487859672e-08 7.433976348557347e-07
vn 2.5292353221377367e-06 8.844042125088694e-09 5.989604268593644e-07
vn 2.593038261101939e-06 -2.89884625609557e-08 5.234858193626159e-07
vn 2.6482304056453506e-06 1.8458675289946997e-08 3.639783482705217e-07
vn 2.7026208734611446e-06 -4.110642821871555e-08 2.759130858417556e-07
vn 2.7509328359750836e-06 6.00330446598773e-08 -7.551307232181183e-07
vn 2.8005749760702815e-06 -7.759653697164067e-08 -5.783642172739881e-07
vn 2.74343458482287e-06 -8.949974653060255e-08 -8.726521346204788e-07
vn 2.8113223742447905e-06 -6.618719094069021e-08 -2.824439776686993e-07
vn 2.7836551849667214e-06 3.9622014601663874e-08 -1.7382303913545985e-07
vn 2.777387756273955e-06 -5.324245676311063e-08 4.723896490821225e-09
vn 2.7897353326851967e-06 5.008903970856376e-08 -4.630134846479411e-07
vn 2.376609805901162e-06 3.3194112058231446e-08 -1.0153678248459962e-06
vn 2.66656920727152e-06 6.751490441680549e-08 -1.0397456388982494e-06
vn 2.734731446723535e-06 2.890895593325914e-08 1.0457478553140369e-07
vn 1.7854882859925666e-06 1.7649398959696895e-08 -9.180663736171388e-07
vn 1.9521565746352602e-06 5.776170082004699e-08 -1.1807478950541557e-06
vn 2.1445793528955695e-06 1.6920890189933745e-07 -1.1214588717595033e-06
vn 1.8403142713806403e-06 1.5675841441143492e-07 -1.5258870227806588e-06
vn 1.8363175987733667e-06 5.891132861976946e-08 -1.336659360612175e-06
vn 1.5429405160730673e-06 2.5859030266407343e-09 -1.284146141546886e-06
vn 2.1160186573305516e-06 1.971750411781037e-07 -1.4108802908094253e-06
vn 1.547155194389465e-06 1.588838457808065e-07 -1.8930844986372983e-06
vn 1.4927438264804513e-06 3.30896853509493e-08 -1.6673454917001643e-06
vn 1.3369470217671116e-06 3.830104516279544e-08 -1.7669280079960572e-06
vn 1.2707679877359308e-06 1.1168361044576964e-07 -1.9166195983326084e-06
vn 1.1075292019078932e-06 -1.7669804442971883e-10 -1.6741012221668934e-06
vn 1.0918391987486263e-06 3.037730916747221e-08 -1.898701319429354e-06
vn 1.0994664548922909e-06 1.1808004325080818e-07 -2.0708147128623504e-06
vn 9.243942053354832e-07 1.378105443964469e-09 -1.9553169940551026e-06
vn 2.2743494286980717e-06 0.0 9.666005099129351e-07
vn 1.7416949996712719e-06 1.695224913997821e-07 -1.7731833184759775e-06
vn 1.6405985155408613e-06 5.73843837279891e-08 -1.549360322390908e-06
vn 7.660154919219898e-07 1.2745127555297798e-09 -2.0224627474255377e-06
vn 9.062384543056281e-07 1.2827701365156516e-07 -2.132421704267926e-06
vn 7.27737379032419e-07 1.183396058310497e-07 -2.2286035807699923e-06
vn -1.8103319350898677e-07 1.5330187461770865e-07 -2.399504088942127e-06
vn -2.3665919538438588e-08 5.536411420083478e-08 -2.263007857477649e-06
vn -1.5112514503627429e-07 2.011072314468999e-09 -2.033162903817461e-06
vn -3.208404302147806e-07 5.357760399426591e-08 -2.283443041232544e-06
vn -4.5886568410023713e-07 1.9351420281979696e-07 -2.52205252295091e-06
vn -5.210076514942586e-07 4.4666924757654826e-08 -2.2671478489377246e-06
vn -1.2099065158923986e-06 2.0425895166994209e-07 -2.2823586515391487e-06
vn -1.0063575431534977e-06 5.1657205576846464e-08 -2.110756388860804e-06
vn -1.1801026244071939e-06 4.7008875537342426e-08 -2.0065858719231372e-06
vn -7.187867392675179e-07 7.107039023366526e-08 -2.2240596870644694e-06
vn -7.657506808947086e-07 6.520408286672563e-09 -1.9427082436304555e-06
vn -9.142260509843943e-07 1.6292445307693186e-07 -2.2881815553409706e-06
vn -7.019813969653852e-07 1.8171924484723626e-07 -2.4852726175920322e-06
vn -1.3654988042359118e-06 1.5578593004059056e-07 -2.0180845564226556e-06
vn -1.1691117121221134e-06 1.774193040647249e-08 -1.7001298433016466e-06
vn -1.4114158557842707e-06 7.592569220252665e-08 -1.809630533777584e-06
vn -1.7652818801059905e-06 1.7981659522788417e-07 -1.7486286790645761e-06
vn -1.5387711498444555e-06 4.322194328637599e-08 -1.661004249176791e-06
vn -1.643537031821455e-06 4.329082356129188e-08 -1.5005356095303783e-06
vn -1.6225339896031238e-06 1.5627708397868847e-07 -1.9371733961578432e-06
vn -1.7965586223498955e-06 1.3496475767242185e-07 -1.4499642298595545e-06
vn -1.5255717277167647e-06 4.99838673028674e-09 -1.2216786360858179e-06
vn -2.0171811938075974e-06 1.382482042121539e-07 -1.0902664899271981e-06
vn -1.8062230710108517e-06 3.2404558765172556e-08 -1.0749991479037844e-06
vn -1.8322468000925862e-06 3.716678160647378e-08 -9.072907440683565e-07
vn -1.7585603859510551e-06 5.477264223090283e-08 -1.2454629708500826e-06
vn -1.971932286233249e-06 1.387025387198583e-07 -1.297034263291266e-06
vn -2.062900623170052e-06 7.244280686291473e-08 -8.982846219272312e-07
vn -1.6401159657496648e-06 1.2513425924227903e-11 -7.617003895775966e-07
vn 6.0906053901922e-07 3.034039522359316e-08 -2.1037297397521626e-06
vn 4.978272276539924e-07 1.1191546165113809e-07 -2.244986840091877e-06
vn 4.3642401593352803e-07 -2.057527431047317e-10 -1.9592251840569017e-06
vn 3.4397795624421663e-07 3.851950738373361e-08 -2.188728515596843e-06
vn 2.889209169672629e-07 1.5767831027962194e-07 -2.4270607798845287e-06
vn 1.642207335879532e-07 3.166295154841404e-08 -2.2311995619328877e-06
vn 6.786269602415726e-08 1.6867970667491981e-07 -2.484113373734333e-06
vn -2.769335883721312e-06 0.0 4.4847864876406784e-07
vn -2.769208730044095e-06 0.0 2.5793250577092515e-07
vn -2.762188264201255e-06 0.0 5.449382438968063e-07
vn -2.6519958717723464e-06 0.0 1.017075627083772e-06
vn -2.710860619658539e-06 0.0 8.310859623742791e-07
vn -2.6152228880407897e-06 0.0 1.1082216379189582e-06
vn -2.7329488805265623e-06 0.0 7.362414929038513e-07
vn -2.50941537216998e-06 0.0 -5.963791386771881e-07
vn -2.417208207279338e-06 0.0 -7.351243179275655e-07
vn -2.5519514140780325e-06 0.0 -5.220942701886983e-07
vn -2.7127474112127743e-06 -1.3851348539973408e-11 -1.0998793079247836e-07
vn -2.6593581252230106e-06 -6.8457454426828635e-12 -2.825106758085346e-07
vn -2.7336997941445488e-06 -1.3851348539973408e-11 -2.011444019891579e-08
vn -2.626921222165021e-06 0.0 -3.651599302310281e-07
vn -2.761930453560209e-06 -7.005603097290543e-12 1.6384577808278594e-07
vn -2.503587891266515e-06 0.0 1.3248001436774898e-06
vn -2.3360402626373943e-06 0.0 1.5618606484597053e-06
vn -2.503587891266515e-06 0.0 1.3248001436774898e-06
vn -2.137557762194426e-06 0.0 1.7675373282379274e-06
vn -2.1375599016608617e-06 0.0 1.7675389242284767e-06
vn -1.6783078325678472e-06 0.0 2.0676084744605347e-06
vn -1.433964919137686e-06 0.0 2.1590716070119883e-06
vn -1.6783078325678472e-06 0.0 2.0676084744605347e-06
vn -1.915570775233866e-06 0.0 1.9368459729409313e-06
vn -1.1899309915005718e-06 0.0 2.212946236375312e-06
vn -1.1899320111533687e-06 0.0 2.212948363921909e-06
vn -9.66620852953936e-07 0.0 2.274399473694265e-06
vn -2.317862824435105e-06 8.842181090174622e-12 -8.640450402852092e-07
vn -2.3675339474176946e-06 5.894787393449748e-12 -7.995844116403411e-07
vn -2.3360381231709584e-06 0.0 1.5618590524691558e-06
vn -1.915570775233866e-06 0.0 1.9368459729409313e-06
vn -1.433964919137686e-06 0.0 2.1590716070119883e-06
vn -9.666218726067328e-07 0.0 2.2744016012408623e-06
vn -6.501689573532007e-08 7.750714579813424e-15 2.723301025463468e-06
vn -3.2381453174255314e-07 1.1911198485768323e-14 2.6432071006946563e-06
vn -3.238145317425531e-07 0.0 2.6432070857936645e-06
vn -5.592206430241945e-07 0.0 2.5307270364904605e-06
vn 1.0627067600049375e-06 0.0 2.6336620058197784e-06
vn 7.837236482904353e-07 0.0 2.7219700767603267e-06
vn 7.837236482904353e-07 0.0 2.7219700767603267e-06
vn 2.109359107124259e-07 0.0 2.7656561673347686e-06
vn 2.1093584414468336e-07 -4.160483905954899e-15 2.7656535252879932e-06
vn 4.967652085598537e-07 0.0 2.7658425794567894e-06
vn -7.673596077121789e-07 0.0 2.3924203194978867e-06
vn -7.673596077121789e-07 0.0 2.3924203194978867e-06
vn 1.5618990974046258e-06 0.0 2.3360618480791985e-06
vn 1.324853547188735e-06 0.0 2.5036274493366918e-06
vn 1.324854691056692e-06 0.0 2.5036299083977774e-06
vn 1.7675562914025308e-06 0.0 2.137556231178184e-06
vn 1.7675562914025308e-06 0.0 2.137556231178184e-06
vn 2.1590214652837474e-06 0.0 1.4339300018574343e-06
vn 2.0675831400612042e-06 0.0 1.6782798874273477e-06
vn 2.067581115336631e-06 0.0 1.678278402360602e-06
vn 1.9368442969530395e-06 0.0 1.915551689693101e-06
vn 2.2128717617251944e-06 0.0 1.1898947892424277e-06
vn 2.2128717617251944e-06 0.0 1.1898947892424277e-06
vn -5.592206430241945e-07 0.0 2.5307270364904605e-06
vn -6.50169623030626e-08 1.5501429159626848e-14 2.7232983983176845e-06
vn 4.967652085598537e-07 0.0 2.7658425794567894e-06
vn 1.0627056161369805e-06 0.0 2.633659546758693e-06
vn 1.5618990974046258e-06 0.0 2.3360618480791985e-06
vn 1.9368442969530395e-06 0.0 1.915551689693101e-06
vn 2.1590234900083207e-06 0.0 1.43393148692418e-06
vn 0.0 4.7216301738400884e-05 0.0
vn 0.0 4.9265539509604455e-05 0.0
vn 0.0 5.025138134216823e-05 0.0
vn 0.0 4.7655277107778635e-05 0.0
vn 0.0 5.019364284784257e-05 0.0
vn 0.0 4.696310080052984e-05 0.0
vn 0.0 5.099905923118303e-05 0.0
vn 0.0 4.7402561717946575e-05 0.0
vn 0.0 4.776883048372455e-05 0.0
vn 0.0 5.16574445203457e-05 0.0
vn 0.0 4.594207877908099e-05 0.0
vn 0.0 4.7014713126778346e-05 0.0
vn 0.0 4.921294252378573e-05 0.0
vn 0.0 5.014228314289553e-05 0.0
vn 0.0 5.094557708119073e-05 0.0
vn 0.0 4.7451351286038415e-05 0.0
vn 0.0 4.818049133051281e-05 0.0
vn 0.0 4.6504480160771224e-05 0.0
vn 0.0 4.781768155588074e-05 0.0
vn 0.0 5.251041262261108e-05 0.0
vn 0.0 5.2430027632981784e-05 0.0
vn 0.0 4.834946437123699e-05 0.0
vn 0.0 5.012858339597543e-05 0.0
vn 0.0 4.823290202243314e-05 0.0
vn 0.0 4.8364544140054514e-05 0.0
vn 0.0 5.23939479187587e-05 0.0
vn 0.0 4.809393615056168e-05 0.0
vn 0.0 5.1599579436384824e-05 0.0
vn 0.0 5.2087890138564235e-05 0.0
vn 0.0 4.781810768661552e-05 0.0
vn 0.0 5.094565582535216e-05 0.0
vn 0.0 4.8280581720264764e-05 0.0
vn 0.0 4.8040815191863686e-05 0.0
vn 0.0 4.410867389459458e-05 0.0
vn 0.0 4.8093243458474065e-05 0.0
vn 0.0 5.1599301987840894e-05 0.0
vn 0.0 5.208737633814407e-05 0.0
vn 0.0 5.2393243138761794e-05 0.0
vn 0.0 4.827971422222547e-05 0.0
vn 0.0 5.250943166603798e-05 0.0
vn 0.0 4.836346292750866e-05 0.0
vn 0.0 4.834821805247064e-05 0.0
vn 0.0 5.242886603157404e-05 0.0
vn 0.0 5.0127382143262756e-05 0.0
vn 0.0 4.823165168202152e-05 0.0
vn 0.0 5.165614572216817e-05 0.0
vn 0.0 4.803975660748026e-05 0.0
vn 0.0 4.410760330527284e-05 0.0
vn 0.0 4.7767863605461386e-05 0.0
vn 0.0 5.099773155495982e-05 0.0
vn 0.0 5.019230567466994e-05 0.0
vn 0.0 4.7401731547237164e-05 0.0
vn 0.0 4.696228766849466e-05 0.0
vn 0.0 4.926400330702586e-05 0.0
vn 0.0 4.721505082120464e-05 0.0
vn 0.0 4.650466079330466e-05 0.0
vn 0.0 4.594193619250443e-05 0.0
vn 0.0 4.8180408065930265e-05 0.0
vn 0.0 4.7654238862841874e-05 0.0
vn 0.0 4.7014791184229176e-05 0.0
vn 0.0 4.921298712206321e-05 0.0
vn 0.0 5.0248885517513575e-05 0.0
vn 0.0 5.0142248804592375e-05 0.0
vn 0.0 4.745162289015578e-05 0.0
vn 0.0 5.094565582535216e-05 0.0
vn 0.0 4.781810768661552e-05 0.0
vn 0.0 4.745162289015578e-05 0.0
vn 0.0 5.014224880459239e-05 0.0
vn 0.0 4.701479118422918e-05 0.0
vn 0.0 4.921298712206321e-05 0.0
vn 0.0 4.765423886284187e-05 0.0
vn 0.0 4.8180408065930265e-05 0.0
vn 0.0 4.594193619250444e-05 0.0
vn 0.0 4.721505082120464e-05 0.0
vn 0.0 5.0248885517513575e-05 0.0
vn 0.0 4.650466079330466e-05 0.0
vn 0.0 4.926400330702586e-05 0.0
vn 0.0 4.7401731547237164e-05 0.0
vn 0.0 5.019230567466994e-05 0.0
vn 0.0 4.696228766849466e-05 0.0
vn 0.0 4.7767863605461386e-05 0.0
vn 0.0 5.099773155495982e-05 0.0
vn 0.0 5.0127397168942486e-05 0.0
vn 0.0 4.803975660748025e-05 0.0
vn 0.0 4.410760330527284e-05 0.0
vn 0.0 5.1656145722168166e-05 0.0
vn 0.0 4.823168306912807e-05 0.0
vn 0.0 5.2428894869204196e-05 0.0
vn 0.0 4.8348226855861175e-05 0.0
vn 0.0 5.2509426591881674e-05 0.0
vn 0.0 4.8363460743930514e-05 0.0
vn 0.0 5.208733412024366e-05 0.0
vn 0.0 4.8279687731140364e-05 0.0
vn 0.0 4.809320605576488e-05 0.0
vn 0.0 5.2393225026153694e-05 0.0
vn 0.0 5.1599262325690296e-05 0.0
vn 0.0 5.094554568728821e-05 0.0
vn 0.0 4.781764597615784e-05 0.0
vn 0.0 5.2430027632981784e-05 0.0
vn 0.0 4.823290202243314e-05 0.0
vn 0.0 4.834946437123699e-05 0.0
vn 0.0 5.23939479187587e-05 0.0
vn 0.0 4.8364544140054514e-05 0.0
vn 0.0 4.8280581720264764e-05 0.0
vn 0.0 5.251041262261107e-05 0.0
vn 0.0 4.776883048372455e-05 0.0
vn 0.0 4.8040815191863686e-05 0.0
vn 0.0 5.16574445203457e-05 0.0
vn 0.0 5.012858339597542e-05 0.0
vn 0.0 4.410867389459458e-05 0.0
vn 0.0 5.1599579436384824e-05 0.0
vn 0.0 4.809393615056168e-05 0.0
vn 0.0 5.2087890138564235e-05 0.0
vn 0.0 5.099905923118303e-05 0.0
vn 0.0 4.7402561717946575e-05 0.0
vn 0.0 5.014227381818622e-05 0.0
vn 0.0 4.7451332745753386e-05 0.0
vn 0.0 4.701471004788383e-05 0.0
vn 0.0 4.81804893078061e-05 0.0
vn 0.0 4.650447767991197e-05 0.0
vn 0.0 4.594208656115011e-05 0.0
vn 0.0 4.9212938901090944e-05 0.0
vn 0.0 4.7655297348383834e-05 0.0
vn 0.0 5.0193646235131006e-05 0.0
vn 0.0 4.926551651256065e-05 0.0
vn 0.0 4.721629729864387e-05 0.0
vn 0.0 4.696310274438456e-05 0.0
vn 0.0 5.025136119981271e-05 0.0
vn 2.119527495302335e-05 5.550480407286768e-05 7.935178129403925e-06
vn 2.0364540763078735e-05 5.752294303946467e-05 8.116624653284044e-06
vn 1.886210107657516e-05 5.372719509962342e-05 7.612015419468416e-06
vn 2.569280417476859e-05 5.342176858502034e-05 7.918048143746e-06
vn 2.408527187436475e-05 5.749902375900419e-05 8.274057910204712e-06
vn 3.37538826790696e-05 4.765068733482618e-05 7.78334456894425e-06
vn 3.37605075352172e-05 5.248964059720576e-05 8.216187309746847e-06
vn 2.997284795112118e-05 5.089672110993859e-05 7.887105852407063e-06
vn 3.650412634566484e-05 4.3352251735333683e-05 7.516591863900367e-06
vn 3.774171196529464e-05 4.8638342739709746e-05 8.074334595639848e-06
vn 2.9086180810330184e-05 5.5366502024783884e-05 8.265377940181497e-06
vn 3.691144703375043e-05 3.71391988940693e-05 6.862441674820962e-06
vn 4.0123506847685115e-05 4.326844925594074e-05 7.693643178515763e-06
vn 3.368330528227818e-05 2.9595127960768606e-05 5.825927663392986e-06
vn 3.7721255825288105e-05 3.339403655376016e-05 6.4858161970901e-06
vn 3.6055914343543194e-05 2.3155238837140326e-05 5.474650907422647e-06
vn 3.62449312422186e-05 1.9145914122081765e-05 5.22654763141667e-06
vn 3.790576493667539e-05 2.242505241540588e-05 5.5210669348868495e-06
vn 3.626172929856041e-05 2.791314118972959e-05 5.8719907032648804e-06
vn 3.6644959937887057e-05 1.5566501259281546e-05 5.071668258023148e-06
vn 3.709076868480557e-05 1.2215380658841835e-05 4.970829073822143e-06
vn 3.8495824133919884e-05 1.4450377884496412e-05 5.120840871248416e-06
vn 3.764235744237825e-05 5.821649479675762e-06 4.846594359782149e-06
vn 3.744066508868235e-05 2.7239848956354954e-06 4.777107540931004e-06
vn 3.832689068458191e-05 4.102587964992451e-06 4.8256175696982615e-06
vn 3.746096416074321e-05 8.98329554722706e-06 4.901812750879345e-06
vn 3.865571531752345e-05 7.404444216637181e-06 4.916157709106122e-06
vn 3.868157589927882e-05 1.0848310013831787e-05 5.007575114305383e-06
vn 3.8186278052201255e-05 1.8261588089337434e-05 5.278860440408343e-06
vn 3.78501077531277e-05 2.7206629133446582e-05 5.9068936300032095e-06
vn 3.783638469823713e-05 9.557640056867046e-07 4.7447510811162245e-06
vn 4.008093290286695e-05 -5.374617830852649e-07 5.148507040538352e-06
vn 4.0845093792944744e-05 -2.3869457703837675e-06 5.165380056024131e-06
vn 4.3107714673966815e-05 -4.320669053684962e-06 5.595986437361898e-06
vn 3.397819969855004e-05 -2.3018329717621172e-05 5.174168528309428e-06
vn 3.395060363292856e-05 -2.1135048940839713e-05 5.117451329941878e-06
vn 2.7182236766534274e-05 -2.01483664346043e-05 4.269948680965991e-06
vn 3.664909341840779e-05 -3.555652554455057e-05 6.6261852953373375e-06
vn 3.469639637459078e-05 -3.0366941791484453e-05 5.99470195986328e-06
vn 3.1862155277152994e-05 -3.0219812622169015e-05 5.763530600595187e-06
vn 3.3821310758864774e-05 -2.7317791868523142e-05 5.5237389004852095e-06
vn 4.296682928296686e-05 -8.428428466122963e-06 5.6507153236457616e-06
vn 4.2504704028271294e-05 -1.25963590476559e-05 5.705199044112232e-06
vn 4.1380515279901755e-05 -9.974779851929025e-06 5.355857773089088e-06
vn 4.180190403694204e-05 -1.6849466002487647e-05 5.781502609092368e-06
vn 4.1022302542612864e-05 -2.129512119034976e-05 5.916068048462661e-06
vn 4.09364070231218e-05 -1.8271749177879298e-05 5.6705711137108395e-06
vn 4.1219996037894666e-05 -1.4006075741427132e-05 5.486797063963972e-06
vn 4.078048524322107e-05 -2.297903215942076e-05 5.956248940233834e-06
vn 2.2424211694353196e-05 -6.302339778235732e-05 8.907013039299544e-06
vn 2.6260476696397812e-05 -6.330119596212914e-05 9.259148273234542e-06
vn 2.0116462709492665e-05 -6.568601116984914e-05 9.30740972507337e-06
vn 1.6457048587320685e-05 -6.441217510954301e-05 8.868182510169565e-06
vn 1.37421225424803e-05 -6.721669654710393e-05 9.306694307188872e-06
vn 1.0443019961899885e-05 -6.489127730128558e-05 8.790162963553673e-06
vn 7.2641108045370785e-06 -6.78964382284054e-05 9.252169961376528e-06
vn 3.4602700387570245e-05 -4.063404246789787e-05 6.975667561004052e-06
vn 2.82532990109397e-05 -3.0642625914867884e-05 5.421752692918608e-06
vn 3.396400844414938e-05 -4.3356243232243804e-05 7.334473870259661e-06
vn 3.7395575618666776e-05 -5.6324586083344255e-05 9.064368108042847e-06
vn 3.209914501328414e-05 -6.0222553411219276e-05 9.187967434664419e-06
vn 3.3740970319006566e-05 -5.781024869232996e-05 8.896701176735629e-06
vn 3.8547828378246134e-05 -5.373827887856837e-05 8.778751892151994e-06
vn 2.8237226470780074e-05 -6.081165423254594e-05 8.917365322290522e-06
vn 3.0029126735173137e-06 -6.592982879099785e-05 8.922140421480796e-06
vn 4.537841645647056e-06 -6.455176042367532e-05 8.687878555094026e-06
vn 4.1265991584891994e-05 -6.102436888197143e-06 5.251063419622702e-06
vn 2.445201079277782e-06 -6.046290510620443e-05 8.10330301521026e-06
vn 1.7499593233239885e-05 -1.7235564337079355e-06 0.0
vn 1.7499593233239885e-05 -1.7235564337079355e-06 0.0
vn 1.691068186240237e-05 -4.828891159098313e-06 0.0
vn 1.6743506333772794e-05 -5.379999693356544e-06 0.0
vn 1.7246388821348495e-05 -3.430519705411731e-06 0.0
vn 1.56436787268699e-05 -8.035216384536598e-06 0.0
vn 1.5372199190199062e-05 -8.543117898625054e-06 0.0
vn 1.6135549110741564e-05 -6.995245989503687e-06 0.0
vn 1.462078252692971e-05 -9.769291077841301e-06 0.0
vn 1.3775494983930423e-05 -1.0932748121728092e-05 0.0
vn 1.4620782526929711e-05 -9.769291077841301e-06 0.0
vn 1.635593995794239e-05 -6.46317710855923e-06 0.0
vn 1.1377933500487093e-05 -1.3410144567529655e-05 0.0
vn 1.0932748121728092e-05 -1.3775494983930423e-05 0.0
vn 1.243395651518749e-05 -1.2433956515187491e-05 0.0
vn 8.543117898625054e-06 -1.5372199190199062e-05 0.0
vn 8.035216384536598e-06 -1.56436787268699e-05 0.0
vn 9.529867189465371e-06 -1.4780761569129216e-05 0.0
vn 1.000871496621723e-05 -1.4460803484730203e-05 0.0
vn 5.379999693356544e-06 -1.6743506333772794e-05 0.0
vn 4.828891159098313e-06 -1.691068186240237e-05 0.0
vn 6.46317710855923e-06 -1.635593995794239e-05 0.0
vn 2.0101232177997506e-06 -1.747136890605031e-05 0.0
vn 1.4369896496161201e-06 -1.752781756043558e-05 0.0
vn 3.148098732268948e-06 -1.7302565964787342e-05 0.0
vn 3.712940678554514e-06 -1.719021167790964e-05 0.0
vn 6.995245989503687e-06 -1.6135549110741564e-05 0.0
vn 1.3410144567529655e-05 -1.1377933500487093e-05 0.0
vn 1.7246388821348495e-05 -3.430519705411731e-06 0.0
vn 1.243395651518749e-05 -1.243395651518749e-05 0.0
vn 2.879520271441632e-07 -1.758426621481667e-05 0.0
vn -2.879520271441632e-07 -1.7584266214812496e-05 0.0
vn -3.148098732268948e-06 -1.7302565964787342e-05 0.0
vn -3.712940678554514e-06 -1.719021167790964e-05 0.0
vn -2.0101232177997506e-06 -1.7471368906046135e-05 0.0
vn -6.46317710855923e-06 -1.635593995794239e-05 0.0
vn -6.995245989503687e-06 -1.6135549110741564e-05 0.0
vn -5.379999693356544e-06 -1.6743506333772794e-05 0.0
vn -4.828891159098313e-06 -1.691068186240237e-05 0.0
vn -9.529867189465371e-06 -1.4780761569129216e-05 0.0
vn -1.000871496621723e-05 -1.4460803484730203e-05 0.0
vn -8.543117898625054e-06 -1.5372199190199062e-05 0.0
vn -1.2230343969873692e-05 -1.2637569060501288e-05 0.0
vn -1.2637569060501288e-05 -1.2230343969873692e-05 0.0
vn -1.1377933500487093e-05 -1.3410144567529655e-05 0.0
vn -1.0932748121728092e-05 -1.3775494983930423e-05 0.0
vn -8.035216384536598e-06 -1.56436787268699e-05 0.0
vn -1.4460803484730203e-05 -1.000871496621723e-05 0.0
vn -1.4780761569129216e-05 -9.529867189465371e-06 0.0
vn -1.3775494983930423e-05 -1.0932748121728092e-05 0.0
vn -1.6135549110741564e-05 -6.995245989503687e-06 0.0
vn -1.635593995794239e-05 -6.46317710855923e-06 0.0
vn -1.56436787268699e-05 -8.035216384536598e-06 0.0
vn -1.5372199190199062e-05 -8.543117898625054e-06 0.0
vn -1.719021167790964e-05 -3.712940678554514e-06 0.0
vn -1.7302565964787342e-05 -3.148098732268948e-06 0.0
vn -1.691068186240237e-05 -4.828891159098313e-06 0.0
vn -1.7527817560431487e-05 -1.4369896496161201e-06 0.0
vn -1.7471368906048263e-05 -2.0101232177997506e-06 0.0
vn -1.6743506333772794e-05 -5.379999693356544e-06 0.0
vn -1.3410144567529655e-05 -1.1377933500487093e-05 0.0
vn -1.4369896496161201e-06 -1.752781756042723e-05 0.0
vn 0.0 0.0 -8.685434699983733e-05
vn 0.0 0.0 -1.1235491131596522e-06
vn 0.0 0.0 -2.314695620567707e-05
vn 0.0 0.0 -3.7235509578774843e-06
vn 0.0 0.0 -2.241688738893471e-06
vn 0.0 0.0 -0.0004302997708161152
vn 0.0 0.0 -1.3775644536643464e-05
vn 0.0 0.0 -7.040327414615663e-06
vn 0.0 0.0 -1.1235422850474937e-06
vn 0.0 0.0 -3.72354925725441e-06
vn 0.0 0.0 -1.123551474320898e-06
vn 0.0 0.0 -1.6799022306835005e-05
vn 0.0 0.0 -1.1235470914782477e-06
vn 0.0 0.0 -0.00020741009241891044
vn 0.0 0.0 -0.0004304605070226543
vn 0.0 0.0 -1.8653596798383118e-05
vn 0.0 0.0 -2.2416784239156293e-06
vn 0.0 0.0 -1.1235417000931876e-06
vn 0.0 0.0 -1.1235497427374097e-06
vn 0.0 0.0 -2.2416806610663524e-06
vn 0.0 0.0 -5.561135662225711e-06
vn 0.0 0.0 -0.0005670852643400978
vn 0.0 0.0 -9.358964877630225e-05
vn 0.0 0.0 -4.403788362676509e-05
vn 0.0 0.0 -1.1235417000931876e-06
vn 0.0 0.0 -1.123551474320898e-06
vn 0.0 0.0 -1.2088833670471659e-05
vn 0.0 0.0 -3.723550505281955e-06
vn 0.0 0.0 -1.1235417000931876e-06
vn 0.0 0.0 -1.123551474320898e-06
vn 0.0 0.0 -2.2416867858234442e-06
vn 0.0 0.0 -1.1235470914782477e-06
vn 0.0 0.0 -1.1235422850474934e-06
vn 0.0 0.0 -3.72354925725441e-06
vn 0.0 0.0 -7.0403274146156615e-06
vn 0.0 0.0 -3.723549257254409e-06
vn 0.0 0.0 -1.1235497427374092e-06
vn 0.0 0.0 -3.723545533454722e-06
vn 0.0 0.0 -1.1235417000931876e-06
vn 0.0 0.0 -2.2416806610663524e-06
vn 0.0 0.0 -1.1412855099879807e-05
vn 0.0 0.0 -2.9403557746952928e-05
vn 0.0 0.0 -3.4567593387675506e-05
vn 0.0 0.0 -2.24167842391563e-06
vn 0.0 0.0 -1.1235417000931876e-06
vn 0.0 0.0 -5.6807601406941785e-05
vn 0.0 0.0 -9.965452317690805e-05
vn 0.0 0.0 -1.1235497427374097e-06
vn 0.0 0.0 -1.123540946220234e-06
vn 0.0 0.0 -0.00029229626741775026
vn 0.0 0.0 -5.561135662225712e-06
vn 0.0 0.0 -3.360511550564175e-05
vn 0.0 0.0 -1.123551474320898e-06
vn 0.0 0.0 -2.2416806610663524e-06
vn 0.0 0.0 -1.1235417000931876e-06
vn 0.0 0.0 -1.1235497427374097e-06
vn 0.0 0.0 -3.723549257254409e-06
vn 0.0 0.0 -1.1235497427374092e-06
vn 0.0 0.0 -5.561135662225712e-06
vn 0.0 0.0 -1.123551474320898e-06
vn 0.0 0.0 -1.1235417000931876e-06
vn 0.0 0.0 -2.2416806610663533e-06
vn 0.0 0.0 -1.1235422850474937e-06
vn 0.0 0.0 -1.1235422850474937e-06
vn 5.144959167626171e-05 -4.190705379581624e-06 -4.0171481361993116e-11
vn 5.079561239215741e-05 -9.190589506278494e-06 2.188788914840743e-09
vn 5.1402366673301524e-05 -5.892414016983956e-06 -4.593232161296824e-09
vn 4.965691513661759e-05 -1.4102837948584342e-05 4.398097698297035e-09
vn 4.804435566489019e-05 -1.8880598590232044e-05 6.557734896228417e-09
vn 4.9272958826746894e-05 -1.5785288085011706e-05 -9.065047014542856e-09
vn 4.5973324692446854e-05 -2.3478247647590705e-05 8.695756130316797e-09
vn 4.3463555968008685e-05 -2.7851930720945878e-05 1.078900954740407e-08
vn 4.525858132824454e-05 -2.5074597515422317e-05 -1.3426481806499342e-08
vn 4.749343385453948e-05 -2.0528333706678715e-05 -1.1265769822196996e-08
vn 5.058011495741522e-05 -1.0891025942021888e-05 -6.842474673869914e-09
vn 4.053901294523759e-05 -3.1959899123673765e-05 1.2863064475388157e-08
vn 3.722761094559236e-05 -3.576292663795711e-05 1.4915142883052547e-08
vn 3.9512741027678635e-05 -3.340493010912956e-05 -1.7650934060782273e-08
vn 3.356089910791392e-05 -3.922477013952372e-05 1.6917997914531582e-08
vn 2.9573906846845785e-05 -4.2312352385241196e-05 1.8888907999015366e-08
vn 3.225519613862327e-05 -4.04576066620731e-05 -2.1757815167099397e-08
vn 3.605682715568329e-05 -3.710912071522018e-05 -1.9713709301010873e-08
vn 2.5304675916591744e-05 -4.4996222637855486e-05 2.084020977846916e-08
vn 2.0793887524222686e-05 -4.725075042084126e-05 2.275033400676577e-08
vn 2.3763601017389878e-05 -4.5962774192482195e-05 -2.5724509999121057e-08
vn 1.60846356730592e-05 -4.905441797855336e-05 2.463846854525869e-08
vn 1.1221842242368645e-05 -5.0390021342580966e-05 2.6486427891651037e-08
vn 1.4362688793174443e-05 -4.970978827625331e-05 -2.9564220098039686e-08
vn 6.251906035183341e-06 -5.12447964551879e-05 2.8298745983569337e-08
vn 9.432629527643455e-06 -5.0876391713872166e-05 -3.1446090934406214e-08
vn 1.9154970081343135e-05 -4.806666671869624e-05 -2.7664116435936683e-08
vn 2.8144332380395722e-05 -4.341829044806334e-05 -2.3757449226424228e-08
vn 4.258981664245419e-05 -2.9380590686717414e-05 -1.556583287233745e-08
vn 4.412126960267236e-06 -5.155527397987051e-05 -3.329261675685264e-08
vn 1.2222640880733678e-06 -5.1610587333895144e-05 3.0082066847201817e-08
vn -3.019442082180687e-05 -1.5921379648130953e-06 -1.6367674656571223e-09
vn -3.819134757126108e-06 -5.148389725203514e-05 3.1839039310785964e-08
vn -6.507677060660299e-07 -5.173993331951973e-05 -3.510315214266828e-08
vn -8.824093067451158e-06 -5.0865925296201064e-05 3.357165233060949e-08
vn -1.3744939838210521e-05 -4.976257002209168e-05 3.526620555399038e-08
vn -1.0709481302990591e-05 -5.062421063675463e-05 -3.8613934249176966e-08
vn -5.707462217187916e-06 -5.1428583898010525e-05 -3.6875111223301393e-08
vn -1.8534676723061335e-05 -4.818434537214805e-05 3.6928729509295476e-08
vn -2.314759220032726e-05 -4.6146314872047355e-05 3.855189632546909e-08
vn -2.035876531085053e-05 -4.757186435566267e-05 -4.201075621186273e-08
vn -2.7539700263225683e-05 -4.3667919810359214e-05 4.0146443586505015e-08
vn -3.16690328800192e-05 -4.0772805590330814e-05 4.171263181051538e-08
vn -2.9229447280432477e-05 -4.2699620806327405e-05 -4.5284738736791034e-08
vn -2.4913510463987056e-05 -4.5353141006721854e-05 -4.366682352299802e-08
vn -1.5608934613669182e-05 -4.9334518032881564e-05 -4.0327574389691654e-08
vn -3.549621029131101e-05 -3.748859507326946e-05 4.32578458065673e-08
vn -3.898472615869261e-05 -3.384661074139865e-05 4.4761098111733556e-08
vn -3.698212720594373e-05 -3.6193822802140376e-05 -4.8409497098820234e-08
vn -4.210125464790283e-05 -2.9881633418233186e-05 4.622792094755536e-08
vn -4.0344556190518445e-05 -3.2403912125650917e-05 -4.993666341498987e-08
vn -4.4816074496047514e-05 -2.563147088985565e-05 4.7672171956276206e-08
vn -4.7103273733705515e-05 -2.1136680067772552e-05 4.908590674457746e-08
vn -4.588067331645794e-05 -2.3931385406294036e-05 -5.287567650044191e-08
vn -4.894101289906504e-05 -1.644016485620603e-05 5.046302471245776e-08
vn -5.0311757178168926e-05 -1.1586700904347693e-05 5.18064964906001e-08
vn -4.9661759007876485e-05 -1.4543209821675559e-05 -5.569268816997403e-08
vn -5.120241897923843e-05 -6.622643146207139e-06 5.3121366805274574e-08
vn -5.084615681783696e-05 -9.616967161121387e-06 -5.705374100927222e-08
vn -4.800129090758474e-05 -1.9329978235988854e-05 -5.4298405211156196e-08
vn -4.332024318227962e-05 -2.8303342964755476e-05 -5.1425194074840894e-08
vn -3.3265207271759923e-05 -3.963672950889865e-05 -4.686461739424732e-08
vn -5.1543131399960795e-05 -4.598526437813102e-06 -5.837771279047906e-08
vn -3.000000284984631e-06 -3.261566471941542e-08 0.0
vn 0.0 0.0 -2.38100012654348e-05
vn 0.0 0.0 -2.3315828520962425e-05
vn 0.0 0.0 -2.282166120010943e-05
vn 0.0 0.0 -2.331582830699014e-05
vn 0.0 0.0 -2.1833317396609503e-05
vn 0.0 0.0 -2.282165869753629e-05
vn 0.0 0.0 -2.380999459714998e-05
vn 0.0 0.0 -2.4798331116027753e-05
vn 0.0 0.0 -2.331582359080946e-05
vn 0.0 0.0 -2.331582455610175e-05
vn 0.0 0.0 -2.2821651600151176e-05
vn 0.0 0.0 -2.3315824645192223e-05
vn 0.0 0.0 -2.3809994252749056e-05
vn 0.0 0.0 -2.4798339576861315e-05
vn 0.0 0.0 -2.3315826917285734e-05
vn 0.0 0.0 -2.4798339160223573e-05
vn 0.0 0.0 -2.18333150389007e-05
vn 0.0 0.0 -2.3809994252749266e-05
vn 0.0 0.0 -2.3315828306990135e-05
vn 0.0 0.0 -2.380999822446743e-05
vn 0.0 0.0 -2.2821657844791557e-05
vn 0.0 0.0 -2.183332228189073e-05
vn 0.0 0.0 -2.479834141455738e-05
vn 0.0 0.0 -2.3315830535185977e-05
vn 0.0 0.0 -2.2821656552364295e-05
vn 0.0 0.0 -2.331582359433208e-05
vn 0.0 0.0 -2.4798331463773677e-05
vn 0.0 0.0 -2.380999114247829e-05
vn 0.0 0.0 -2.3315826917285734e-05
vn 0.0 0.0 -2.1833319285402803e-05
vn 0.0 0.0 -2.282165393984294e-05
vn 0.0 0.0 -2.282165540607465e-05
vn 0.0 0.0 -2.3809991692611678e-05
vn 0.0 0.0 -2.3809998596846125e-05
vn 0.0 0.0 -2.3315824645192226e-05
vn 0.0 0.0 -2.3809998256408883e-05
vn 0.0 0.0 -2.2821659149490934e-05
vn 0.0 0.0 -2.380999822446743e-05
vn 0.0 0.0 -2.2821657844791557e-05
vn 0.0 0.0 -2.2821651600151274e-05
vn 0.0 0.0 -2.18333150389007e-05
vn 0.0 0.0 -2.331583053518597e-05
vn 0.0 0.0 -2.331582712446592e-05
vn 0.0 0.0 -2.479834141455738e-05
vn 0.0 0.0 -2.4798331116027753e-05
vn 0.0 0.0 -2.331582359080946e-05
vn 0.0 0.0 -2.183331690648458e-05
vn 0.0 0.0 -2.331582455610175e-05
vn 0.0 0.0 -2.4798331116027753e-05
vn 0.0 0.0 -2.331582359080946e-05
vn 0.0 0.0 -2.1833319285402803e-05
vn 0.0 0.0 -2.380999459714998e-05
vn 0.0 0.0 -2.282165869753629e-05
vn 0.0 0.0 -2.38100012654348e-05
vn 0.0 0.0 -2.282166120010943e-05
vn 0.0 0.0 -2.3315828306990135e-05
vn 0.0 0.0 -2.1833317396609503e-05
vn 0.0 0.0 -2.3315828520962425e-05
vn 0.0 0.0 -2.1833315038900697e-05
vn 0.0 0.0 -2.3315824645192223e-05
vn 0.0 0.0 -2.4798339160223573e-05
vn 0.0 0.0 -2.3315826917285737e-05
vn 0.0 0.0 -2.1833319830706775e-05
vn 0.0 0.0 -2.3315823594332052e-05
vn 0.0 0.0 -2.4798331463773647e-05
vn 0.0 0.0 -2.331582359432545e-05
vn 0.0 0.0 -2.2821655520447067e-05
vn 0.0 0.0 -2.3809991515533853e-05
vn 0.0 0.0 -2.183331983070678e-05
vn 0.0 0.0 -2.3315824645192226e-05
vn 0.0 0.0 -2.3315828306990135e-05
vn 0.0 0.0 -2.479833035032591e-05
vn 0.0 0.0 -2.3315828520962428e-05
vn 0.0 0.0 -2.479833702291082e-05
vn 0.0 0.0 -2.381000039118475e-05
vn 0.0 0.0 -2.183332228189073e-05
vn 0.0 0.0 -2.2821661291469996e-05
vn 0.0 0.0 -2.2821652624900228e-05
vn 0.0 0.0 -2.331582712446592e-05
vn 0.0 0.0 -2.183331690648458e-05
vn 0.0 0.0 -2.331582455610175e-05
vn 0.0 0.0 -2.380999383915277e-05
vn 0.0 0.0 -2.4798336488537157e-05
vn 0.0 0.0 -2.331582359080946e-05
vn 0.0 0.0 -2.183331266549583e-05
vn 0.0 0.0 -2.331582712446592e-05
vn 0.0 0.0 -2.479833554206231e-05
vn 0.0 0.0 -2.331583053518597e-05
vn 0.0 0.0 -2.3315828520962425e-05
vn 0.0 0.0 -2.1833322666997195e-05
vn 0.0 0.0 -2.3809998256408883e-05
vn 0.0 0.0 -2.2821659149490934e-05
vn 0.0 0.0 -2.3315824645192223e-05
vn 0.0 0.0 -2.18333150389007e-05
vn 0.0 0.0 -2.3315823594328685e-05
vn 0.0 0.0 -2.4798331463770292e-05
vn 0.0 0.0 -2.4798337022910822e-05
vn 0.0 0.0 -2.3809997803810885e-05
vn 0.0 0.0 -2.331582712446592e-05
vn 0.0 0.0 -2.183331690648458e-05
vn 0.0 0.0 -2.3315830535185974e-05
vn 0.0 0.0 -2.479834141455738e-05
vn 0.0 0.0 -2.1833317396609503e-05
vn 0.0 0.0 -2.3315828520962425e-05
vn 0.0 0.0 -2.331582359080946e-05
vn 0.0 0.0 -2.1833319285402803e-05
vn 0.0 0.0 -2.331582455610175e-05
vn 0.0 0.0 -2.4798331116027753e-05
vn 0.0 0.0 -2.282165393984294e-05
vn 0.0 0.0 -2.3315824645192223e-05
vn 0.0 0.0 -2.18333150389007e-05
vn 0.0 0.0 -2.479833146376706e-05
vn 0.0 0.0 -2.3315828306990135e-05
vn 0.0 0.0 -2.4798339160223573e-05
vn 0.0 0.0 -2.3809994252749242e-05
vn 0.0 0.0 -2.282165788842612e-05
vn 0.0 0.0 -2.2821651600151268e-05
vn 0.0 0.0 -2.3315824645192223e-05
vn 0.0 0.0 -2.1833315038900697e-05
vn 0.0 0.0 -2.3315828306990135e-05
vn 0.0 0.0 -2.4798339160223573e-05
vn 0.0 0.0 -2.3809997818756354e-05
vn 0.0 0.0 -2.479833554206231e-05
vn 0.0 0.0 -2.3315827124465923e-05
vn 0.0 0.0 -2.3809991692611678e-05
vn 0.0 0.0 -2.3315830535185974e-05
vn 0.0 0.0 -2.1833322666997195e-05
vn 0.0 0.0 -2.282165844756468e-05
vn 1.5776830264587455e-05 -1.8151602879908581e-06 0.0
vn 1.552294497130464e-05 -3.352824211730353e-06 0.0
vn 1.5624400669418977e-05 -2.8427635350219836e-06 0.0
vn 1.58278041616416e-05 -1.2976177176681016e-06 0.0
vn 1.5119562313763344e-05 -4.8581954484829375e-06 0.0
vn 1.4570570740412401e-05 -6.316778147262202e-06 0.0
vn 1.4769584787231132e-05 -5.836314437883623e-06 0.0
vn 1.3881258693730105e-05 -7.7145291345336e-06 0.0
vn 1.3058259297108605e-05 -9.037979984538529e-06 0.0
vn 1.3347184495453462e-05 -8.605576379009268e-06 0.0
vn 1.4126407693661887e-05 -7.255885495587192e-06 0.0
vn 1.5270525793476823e-05 -4.36054016846083e-06 0.0
vn 1.2109503306916527e-05 -1.0274389607199466e-05 0.0
vn 1.1044124380841172e-05 -1.1411856145917044e-05 0.0
vn 1.1411856145917044e-05 -1.1044124380841175e-05 0.0
vn 9.872386598633628e-06 -1.2439418702840137e-05 0.0
vn 8.605576379009268e-06 -1.3347184495453462e-05 0.0
vn 9.037979984538529e-06 -1.3058259297108605e-05 0.0
vn 1.0274389607199466e-05 -1.2109503306916527e-05 0.0
vn 7.255885495587192e-06 -1.4126407693661887e-05 0.0
vn 5.836314437883623e-06 -1.4769584787231132e-05 0.0
vn 6.316778147262202e-06 -1.4570570740412401e-05 0.0
vn 4.36054016846083e-06 -1.5270525793476823e-05 0.0
vn 2.8427635350219836e-06 -1.5624400669418977e-05 0.0
vn 3.352824211730353e-06 -1.552294497130464e-05 0.0
vn 4.8581954484829375e-06 -1.5119562313763344e-05 0.0
vn 7.7145291345336e-06 -1.3881258693730105e-05 0.0
vn 1.2439418702840137e-05 -9.872386598633628e-06 0.0
vn 1.8151602879908581e-06 -1.577683026458587e-05 0.0
vn 1.2976177176681016e-06 -1.5827804161638425e-05 0.0
vn -1.580231721311452e-05 -1.5563890028294798e-06 0.0
vn -2.600250491151149e-07 -1.5878778058697453e-05 0.0
vn -1.8151602879908581e-06 -1.5776830264589105e-05 0.0
vn -1.2976177176681016e-06 -1.5827804161644897e-05 0.0
vn -3.352824211730353e-06 -1.552294497130464e-05 0.0
vn -4.8581954484829375e-06 -1.5119562313763344e-05 0.0
vn -4.36054016846083e-06 -1.5270525793476823e-05 0.0
vn -2.8427635350219836e-06 -1.5624400669418977e-05 0.0
vn -6.316778147262202e-06 -1.4570570740412401e-05 0.0
vn -7.7145291345336e-06 -1.3881258693730105e-05 0.0
vn -7.255885495587192e-06 -1.4126407693661887e-05 0.0
vn -9.037979984538529e-06 -1.3058259297108605e-05 0.0
vn -1.0274389607199466e-05 -1.2109503306916527e-05 0.0
vn -9.872386598633628e-06 -1.2439418702840137e-05 0.0
vn -8.605576379009268e-06 -1.3347184495453462e-05 0.0
vn -5.836314437883623e-06 -1.4769584787231132e-05 0.0
vn -1.1411856145917044e-05 -1.1044124380841172e-05 0.0
vn -1.2439418702840137e-05 -9.872386598633628e-06 0.0
vn -1.2109503306916527e-05 -1.0274389607199466e-05 0.0
vn -1.3347184495453462e-05 -8.605576379009268e-06 0.0
vn -1.4126407693661887e-05 -7.255885495587192e-06 0.0
vn -1.3881258693730105e-05 -7.7145291345336e-06 0.0
vn -1.3058259297108605e-05 -9.037979984538529e-06 0.0
vn -1.4769584787231132e-05 -5.836314437883623e-06 0.0
vn -1.5270525793476823e-05 -4.36054016846083e-06 0.0
vn -1.5119562313763344e-05 -4.8581954484829375e-06 0.0
vn -1.5624400669418977e-05 -2.8427635350219836e-06 0.0
vn -1.580231721311452e-05 -1.5563890028294798e-06 0.0
vn -1.552294497130464e-05 -3.352824211730353e-06 0.0
vn -1.4570570740412401e-05 -6.316778147262202e-06 0.0
vn -1.1044124380841175e-05 -1.1411856145917044e-05 0.0
vn 2.600250491151149e-07 -1.5878778058694214e-05 0.0
vn 0.0 0.0 -2.1465760787353812e-05
vn 0.0 0.0 -2.2641967795418846e-05
vn 0.0 0.0 -2.2053862154570315e-05
vn 0.0 0.0 -2.2641965071694172e-05
vn 0.0 0.0 -2.3818169301894133e-05
vn 0.0 0.0 -2.2053857979092934e-05
vn 0.0 0.0 -2.38181623281373e-05
vn 0.0 0.0 -2.205385638905139e-05
vn 0.0 0.0 -2.0289546236110595e-05
vn 0.0 0.0 -2.2053860126104537e-05
vn 0.0 0.0 -2.2641963090431328e-05
vn 0.0 0.0 -2.2641958929264637e-05
vn 0.0 0.0 -2.1465754433226075e-05
vn 0.0 0.0 -2.2053856783539295e-05
vn 0.0 0.0 -2.1465753441720823e-05
vn 0.0 0.0 -2.146575907527959e-05
vn 0.0 0.0 -2.0289549847630726e-05
vn 0.0 0.0 -2.146575344172104e-05
vn 0.0 0.0 -2.2641964784491483e-05
vn 0.0 0.0 -2.2641966506657458e-05
vn 0.0 0.0 -2.1465760054673304e-05
vn 0.0 0.0 -2.381816829184742e-05
vn 0.0 0.0 -2.205385797909293e-05
vn 0.0 0.0 -2.146575857022804e-05
vn 0.0 0.0 -2.2053861361603636e-05
vn 0.0 0.0 -2.2053859007344545e-05
vn 0.0 0.0 -2.2053856658859827e-05
vn 0.0 0.0 -2.381816996182537e-05
vn 0.0 0.0 -2.028954661856314e-05
vn 0.0 0.0 -2.2053856783539292e-05
vn 0.0 0.0 -2.0289551806225023e-05
vn 0.0 0.0 -2.0289557786727148e-05
vn 0.0 0.0 -2.1465753851254914e-05
vn 0.0 0.0 -2.264195592315947e-05
vn 0.0 0.0 -2.2641963090431328e-05
vn 0.0 0.0 -2.3818169843362764e-05
vn 0.0 0.0 -2.2053861361603636e-05
vn 0.0 0.0 -2.2053862154570318e-05
vn 0.0 0.0 -2.1465754433226075e-05
vn 0.0 0.0 -2.2641958929264745e-05
vn 0.0 0.0 -2.028955437682928e-05
vn 0.0 0.0 -2.2053863186318484e-05
vn 0.0 0.0 -2.2053857979092927e-05
vn 0.0 0.0 -2.3818175080477498e-05
vn 0.0 0.0 -2.3818162328137295e-05
vn 0.0 0.0 -2.2053856389051386e-05
vn 0.0 0.0 -2.0289546236110595e-05
vn 0.0 0.0 -2.2053860126104537e-05
vn 0.0 0.0 -2.2641955923159465e-05
vn 0.0 0.0 -2.1465753851254914e-05
vn 0.0 0.0 -2.0289557786727148e-05
vn 0.0 0.0 -2.205385797909293e-05
vn 0.0 0.0 -2.3818168291847415e-05
vn 0.0 0.0 -2.2641966506657458e-05
vn 0.0 0.0 -2.1465760054673304e-05
vn 0.0 0.0 -2.205386136160364e-05
vn 0.0 0.0 -2.028955437682928e-05
vn 0.0 0.0 -2.2053862154570318e-05
vn 0.0 0.0 -2.0289550680489664e-05
vn 0.0 0.0 -2.2053859007344545e-05
vn 0.0 0.0 -2.3818169843362764e-05
vn 0.0 0.0 -2.2641958501930633e-05
vn 0.0 0.0 -2.2053856783539292e-05
vn 0.0 0.0 -2.146575318246274e-05
vn 0.0 0.0 -2.3818167088043754e-05
vn 0.0 0.0 -2.2641958501921028e-05
vn 0.0 0.0 -2.2053856658852566e-05
vn 0.0 0.0 -2.3818167088043754e-05
vn 0.0 0.0 -2.0289546618555898e-05
vn 0.0 0.0 -2.1465754433226075e-05
vn 0.0 0.0 -2.205386136160364e-05
vn 0.0 0.0 -2.3818169843362764e-05
vn 0.0 0.0 -2.2641963090431328e-05
vn 0.0 0.0 -2.264196428953169e-05
vn 0.0 0.0 -2.2053863186318484e-05
vn 0.0 0.0 -2.1465760553751893e-05
vn 0.0 0.0 -2.0289554890403705e-05
vn 0.0 0.0 -2.1465752372052587e-05
vn 0.0 0.0 -2.2641959295083503e-05
vn 0.0 0.0 -2.1465756575193017e-05
vn 0.0 0.0 -2.2053860126104537e-05
vn 0.0 0.0 -2.2641960814333913e-05
vn 0.0 0.0 -2.3818168440047776e-05
vn 0.0 0.0 -2.205385638905139e-05
vn 0.0 0.0 -2.0289546556858482e-05
vn 0.0 0.0 -2.1465751554337954e-05
vn 0.0 0.0 -2.1465760787353812e-05
vn 0.0 0.0 -2.2641963538272016e-05
vn 0.0 0.0 -2.2053862154570318e-05
vn 0.0 0.0 -2.2641967795418846e-05
vn 0.0 0.0 -2.2641965071694172e-05
vn 0.0 0.0 -2.1465759075279594e-05
vn 0.0 0.0 -2.205385900734455e-05
vn 0.0 0.0 -2.0289550680489664e-05
vn 0.0 0.0 -2.14657531824603e-05
vn 0.0 0.0 -2.264195850192574e-05
vn 0.0 0.0 -2.3818169301894133e-05
vn 0.0 0.0 -2.2053856783539292e-05
vn 0.0 0.0 -2.0289546236110595e-05
vn 0.0 0.0 -2.2053863186318484e-05
vn 0.0 0.0 -2.205385797909293e-05
vn 0.0 0.0 -2.0289554376829275e-05
vn 0.0 0.0 -2.2053861361603636e-05
vn 0.0 0.0 -2.2053862154570318e-05
vn 0.0 0.0 -2.0289557786727148e-05
vn 0.0 0.0 -2.205385638905139e-05
vn 0.0 0.0 -2.2053860126104537e-05
vn 0.0 0.0 -2.38181623281373e-05
vn 0.0 0.0 -2.1465753851254914e-05
vn 0.0 0.0 -2.2053859007344545e-05
vn 0.0 0.0 -2.0289550680489664e-05
vn 0.0 0.0 -2.146575318245795e-05
vn 0.0 0.0 -2.3818169843362764e-05
vn 0.0 0.0 -2.38181750804775e-05
vn 0.0 0.0 -2.2053856658856266e-05
vn 0.0 0.0 -2.0289546618559588e-05
vn 0.0 0.0 -2.2641963090431328e-05
vn 0.0 0.0 -2.1465754433226075e-05
vn 0.0 0.0 -2.205386136160364e-05
vn 0.0 0.0 -2.3818169843362764e-05
vn 0.0 0.0 -2.3818167088043754e-05
vn 0.0 0.0 -2.2053862154570318e-05
vn 0.0 0.0 -2.381816829184742e-05
vn 0.0 0.0 -2.205385797909293e-05
vn 0.0 0.0 -2.264195592315947e-05
vn 0.0 0.0 -2.2641966506657458e-05
vn 0.0 0.0 -2.1465760054673304e-05
vn 0.0 0.0 -2.028955437682928e-05
vn 0.0 0.0 -2.3647234302029966e-06
vn 0.0 0.0 -3.5362132570647555e-06
vn 0.0 0.0 -3.1457166481108796e-06
vn 0.0 0.0 -3.536213257064821e-06
vn 0.0 0.0 -2.364723430203128e-06
vn 0.0 7.621674308004532e-06 0.0
vn 0.0 8.149178325399878e-06 0.0
vn 0.0 7.621674308004532e-06 0.0
vn 0.0 7.094170290609186e-06 0.0
vn 0.0 -7.094170290609186e-06 0.0
vn 0.0 -7.621674308004532e-06 0.0
vn 0.0 -7.621674308004532e-06 0.0
vn 0.0 -8.149178325399878e-06 0.0
vn -2.8836265760131397e-06 0.0 -3.517289813697504e-05
vn -1.0242981930062252e-05 0.0 -3.376676498745548e-05
vn -1.0242981930062252e-05 0.0 -3.376676498745548e-05
vn -6.883972821911031e-06 0.0 -3.4608161399170956e-05
vn -4.033732479538163e-06 0.0 -3.5059621962480614e-05
vn -1.4037273468885996e-05 0.0 -3.237904156868222e-05
vn -1.61241877296322e-05 0.0 -3.139201144562252e-05
vn -1.2969565034125812e-05 0.0 -3.282129726661873e-05
vn -2.193864140697562e-05 0.0 -2.7643155498680033e-05
vn -2.2831992728818602e-05 0.0 -2.6910011304686115e-05
vn -1.9603944733368435e-05 0.0 -2.933938114402505e-05
vn -1.7143393555618218e-05 0.0 -3.0847237020499335e-05
vn -2.495111321007215e-05 0.0 -2.4951090321886382e-05
vn -2.6910036736003635e-05 0.0 -2.2831982556291594e-05
vn -2.495111321007215e-05 0.0 -2.4951090321886382e-05
vn -3.0847211589181815e-05 0.0 -1.714338338309121e-05
vn -3.1392052135730554e-05 0.0 -1.6124167384578183e-05
vn -2.933935825583928e-05 0.0 -1.960395999215895e-05
vn -2.7643191102524558e-05 0.0 -2.193865157950263e-05
vn -3.359900221517122e-05 0.0 -1.0796001188325425e-05
vn -3.393445146578718e-05 0.0 -9.690084742123175e-06
vn -3.2821332870463266e-05 0.0 -1.2969595551706838e-05
vn -3.50596550231966e-05 0.0 -4.0337019619571394e-06
vn -3.517289559384972e-05 0.0 -2.8835960584321157e-06
vn -3.472090987383004e-05 0.0 -6.317261342295084e-06
vn -3.4495405295116594e-05 0.0 -7.450714819108004e-06
vn -3.237911277637128e-05 0.0 -1.4037273468885996e-05
vn -6.8839728219110314e-06 0.0 -3.4608161399170956e-05
vn -1.9603944733368435e-05 0.0 -2.933938114402505e-05
vn -2.933935825583928e-05 0.0 -1.960395999215895e-05
vn -3.5286136164502824e-05 0.0 -5.778300516356972e-07
vn -3.5286136164502824e-05 0.0 5.778300516356972e-07
vn -3.472090987383004e-05 0.0 6.317261342295084e-06
vn -3.4495405295116594e-05 0.0 7.450714819108004e-06
vn -3.50596550231966e-05 0.0 4.0337019619571394e-06
vn -3.2821332870463266e-05 0.0 1.2969595551706838e-05
vn -3.237911277637128e-05 0.0 1.4037273468886e-05
vn -3.359900221517122e-05 0.0 1.0796001188325425e-05
vn -3.393445146578718e-05 0.0 9.690084742123174e-06
vn -2.9660362518103878e-05 0.0 1.912350645530738e-05
vn -2.901835399357468e-05 0.0 2.008441352901052e-05
vn -3.0847211589181815e-05 0.0 1.714338338309121e-05
vn -2.7276613919264096e-05 0.0 2.2385317067897115e-05
vn -2.495111321007215e-05 0.0 2.4951090321886382e-05
vn -2.72766139192641e-05 0.0 2.2385317067897115e-05
vn -3.1392052135730554e-05 0.0 1.6124167384578183e-05
vn -1.9603944733368435e-05 0.0 2.933938114402505e-05
vn -1.9603944733368435e-05 0.0 2.933938114402505e-05
vn -2.193864140697562e-05 0.0 2.7643155498680033e-05
vn -1.61241877296322e-05 0.0 3.139201144562252e-05
vn -1.3503419251505905e-05 0.0 3.260016941765048e-05
vn -1.7143393555618218e-05 0.0 3.0847237020499335e-05
vn -7.450684301526978e-06 0.0 3.449543326956587e-05
vn -6.317261342295083e-06 0.0 3.472088952877603e-05
vn -9.690023706961125e-06 0.0 3.3934502328422216e-05
vn -2.8836265760131397e-06 0.0 3.517289813697501e-05
vn -4.033732479538163e-06 0.0 3.50596219624806e-05
vn -1.0795940153163376e-05 0.0 3.359902764648874e-05
vn -2.2831992728818602e-05 0.0 2.6910011304686115e-05
vn -3.517289559384972e-05 0.0 2.8835960584321157e-06
vn -2.495111321007215e-05 0.0 2.4951090321886382e-05
vn -1.3503419251505905e-05 0.0 3.260016941765048e-05
vn 0.0 2.4279755602994313e-05 0.0
vn 0.0 3.8138345115543036e-06 0.0
vn 0.0 9.724427319072736e-05 0.0
vn 0.0 1.911526556366071e-06 0.0
vn 0.0 9.461260382863972e-06 0.0
vn 0.0 0.0011509002275379078 0.0
vn 0.0 3.8138695792868205e-06 0.0
vn 0.0 1.9115380296500995e-06 0.0
vn 0.0 1.9115250049142635e-06 0.0
vn 0.0 0.0002538172095180011 0.0
vn 0.0 6.3349781757579755e-06 0.0
vn 0.0 1.9115248012594097e-06 0.0
vn 0.0 3.043270359366252e-05 0.0
vn 0.0 1.911519893247183e-06 0.0
vn 0.0 3.813865977352766e-06 0.0
vn 0.0 1.9114829269552096e-06 0.0
vn 0.0 6.334983698113315e-06 0.0
vn 0.0 0.0007029926277266804 0.0
vn 0.0 0.0002386901838324475 0.0
vn 0.0 1.9115250049127016e-06 0.0
vn 0.0 1.9115380296500995e-06 0.0
vn 0.0 6.3350074547089594e-06 0.0
vn 0.0 0.00018493049291734434 0.0
vn 0.0 1.5991812083747087e-05 0.0
vn 0.0 1.9115138522809355e-06 0.0
vn 0.0 1.911526556366073e-06 0.0
vn 0.0 0.0005317245428928004 0.0
vn 0.0 9.461286864727681e-06 0.0
vn 0.0 1.911512495460233e-06 0.0
vn 0.0 1.9115802215353305e-06 0.0
vn 0.0 3.8138394210944835e-06 0.0
vn 0.0 2.0685121757295543e-05 0.0
vn 0.0 8.799208163413669e-05 0.0
vn 0.0 1.9115198932471827e-06 0.0
vn 0.0 9.461286620662937e-06 0.0
vn 0.0 6.3349781757579755e-06 0.0
vn 0.0 1.9115248012594097e-06 0.0
vn 0.0 0.0006282027629203057 0.0
vn 0.0 5.881075718771311e-05 0.0
vn 0.0 1.911482926955206e-06 0.0
vn 0.0 3.8138659773527644e-06 0.0
vn 0.0 2.8580636468740915e-05 0.0
vn 0.0 1.5991812083747084e-05 0.0
vn 0.0 6.33500745470896e-06 0.0
vn 0.0 1.9115138522809355e-06 0.0
vn 0.0 0.000752614388859415 0.0
vn 0.0 6.335011594457602e-06 0.0
vn 0.0 1.9115380296501004e-06 0.0
vn 0.0 1.911526556366071e-06 0.0
vn 0.0 1.911540837849864e-06 0.0
vn 0.0 3.813861159722493e-06 0.0
vn 0.0 3.8138394210944835e-06 0.0
vn 0.0 8.546720779369779e-06 0.0
vn 0.0 7.605497808618912e-05 0.0
vn 0.0 1.9114698848290503e-06 0.0
vn 0.0 3.8138293467153013e-06 0.0
vn 0.0 1.911519893247183e-06 0.0
vn 0.0 2.4279810430075905e-05 0.0
vn 0.0 3.8138695792868196e-06 0.0
vn 0.0 1.9115360668875885e-06 0.0
vn 0.0 6.33497854488189e-06 0.0
vn 0.0 3.8138450250230172e-06 0.0
vn 0.0 1.911526556366071e-06 0.0
vn 0.0 1.9115198932471827e-06 0.0
usemtl Diffuse_2
f 1 2 3
f 4 3 5
f 6 7 8
f 9 10 11
f 12 11 7
f 1 8 2
f 13 14 15
f 16 17 18
f 19 18 14
f 20 21 22
f 23 24 25
f 23 25 21
f 26 22 17
f 27 15 10
f 1 3 4
f 28 4 5
f 29 7 6
f 9 11 12
f 29 12 7
f 1 6 8
f 13 15 27
f 19 16 18
f 14 13 19
f 27 10 9
f 26 17 16
f 23 21 20
f 30 24 23
f 26 20 22
f 24 30 31
f 31 32 24
f 33 34 35
f 36 37 38
f 39 40 41
f 36 41 37
f 42 43 44
f 45 46 47
f 48 47 43
f 49 44 40
f 50 51 52
f 53 54 55
f 56 55 51
f 57 58 59
f 33 60 61
f 62 61 58
f 63 59 54
f 64 52 46
f 65 32 31
f 41 36 39
f 36 38 65
f 40 66 49
f 43 42 48
f 42 44 49
f 66 40 39
f 46 45 64
f 51 50 56
f 50 52 64
f 54 53 63
f 58 57 62
f 61 62 33
f 57 59 63
f 53 55 56
f 45 47 48
f 33 35 60
f 38 32 65
f 67 68 69
f 70 71 72
f 68 70 73
f 74 75 76
f 77 78 79
f 75 77 80
f 71 74 81
f 82 83 84
f 85 86 87
f 83 85 88
f 89 90 91
f 92 93 94
f 90 92 95
f 86 89 96
f 78 82 97
f 98 67 69
f 73 70 72
f 68 73 69
f 81 74 76
f 80 77 79
f 75 80 76
f 71 81 72
f 97 82 84
f 85 87 88
f 88 84 83
f 79 78 97
f 87 86 96
f 91 90 95
f 95 92 94
f 89 91 96
f 99 94 93
f 93 100 99
f 101 102 103
f 104 105 106
f 102 104 107
f 108 109 110
f 111 112 113
f 109 111 114
f 105 108 115
f 116 117 118
f 119 120 121
f 117 119 122
f 123 124 125
f 126 127 128
f 124 126 129
f 120 123 130
f 112 116 131
f 99 100 132
f 107 103 102
f 132 101 103
f 115 106 105
f 114 110 109
f 115 108 110
f 107 104 106
f 131 113 112
f 122 118 117
f 131 116 118
f 130 121 120
f 129 125 124
f 128 129 126
f 130 123 125
f 122 119 121
f 114 111 113
f 132 100 101
f 133 134 135
f 135 136 137
f 133 135 138
f 139 140 141
f 142 143 144
f 140 142 145
f 136 139 146
f 147 148 149
f 150 151 152
f 148 150 153
f 154 155 156
f 157 158 159
f 158 160 161
f 155 157 162
f 151 154 163
f 143 147 164
f 138 135 137
f 146 139 141
f 136 146 137
f 145 142 144
f 164 147 149
f 143 164 144
f 140 145 141
f 153 150 152
f 154 156 163
f 163 152 151
f 149 148 153
f 156 155 162
f 159 158 161
f 161 160 165
f 157 159 162
f 166 167 165
f 165 160 166
f 168 169 170
f 171 172 173
f 169 171 174
f 175 176 177
f 178 179 180
f 176 178 181
f 172 175 182
f 183 184 185
f 186 187 188
f 184 186 189
f 190 191 192
f 193 194 195
f 194 196 197
f 191 193 198
f 187 190 199
f 179 183 200
f 170 167 168
f 173 174 171
f 170 169 174
f 177 182 175
f 180 181 178
f 177 176 181
f 173 172 182
f 185 200 183
f 188 189 186
f 185 184 189
f 192 199 190
f 195 198 193
f 197 195 194
f 192 191 198
f 188 187 199
f 180 179 200
f 168 167 166
f 201 202 203
f 204 203 205
f 206 207 208
f 209 210 211
f 212 211 207
f 213 208 202
f 214 215 216
f 217 218 219
f 220 219 215
f 221 222 223
f 224 225 226
f 227 226 222
f 228 223 218
f 229 216 210
f 201 203 204
f 230 204 205
f 206 208 213
f 209 211 212
f 206 212 207
f 201 213 202
f 214 216 229
f 220 217 219
f 215 214 220
f 229 210 209
f 228 218 217
f 227 222 221
f 224 226 227
f 228 221 223
f 225 224 231
f 231 232 225
f 233 234 235
f 236 237 238
f 239 240 241
f 242 241 237
f 243 244 245
f 246 247 248
f 249 248 244
f 250 245 240
f 251 252 253
f 254 255 256
f 257 256 252
f 258 259 260
f 233 261 262
f 263 262 259
f 264 260 255
f 265 253 247
f 266 232 231
f 237 236 242
f 236 238 266
f 240 239 250
f 244 243 249
f 243 245 250
f 239 241 242
f 247 246 265
f 252 251 257
f 251 253 265
f 255 254 264
f 259 258 263
f 262 263 233
f 258 260 264
f 254 256 257
f 246 248 249
f 233 235 261
f 238 232 266
f 267 268 269
f 270 271 268
f 272 270 273
f 274 275 276
f 277 278 279
f 280 274 279
f 281 273 276
f 282 278 277
f 283 284 282
f 285 286 287
f 288 289 287
f 283 289 284
f 290 291 292
f 293 294 295
f 296 293 297
f 291 296 298
f 299 290 300
f 286 285 299
f 274 280 275
f 280 279 278
f 282 284 278
f 281 272 273
f 268 271 269
f 281 276 275
f 271 270 272
f 269 301 267
f 288 287 286
f 302 291 298
f 299 300 286
f 297 295 303
f 284 289 288
f 291 302 292
f 290 292 300
f 298 296 297
f 297 293 295
f 295 294 304
f 305 306 307
f 305 307 308
f 309 306 310
f 311 312 313
f 309 310 314
f 315 316 314
f 315 312 316
f 308 317 318
f 319 320 321
f 322 323 321
f 322 324 325
f 326 327 324
f 328 329 330
f 327 326 331
f 332 331 333
f 334 329 320
f 317 328 330
f 335 336 333
f 337 304 338
f 338 304 294
f 339 340 341
f 314 310 315
f 338 340 337
f 312 315 313
f 337 340 339
f 311 342 341
f 342 339 341
f 311 313 342
f 304 337 343
f 306 305 310
f 318 317 330
f 320 319 334
f 325 323 322
f 321 323 319
f 332 327 331
f 318 305 308
f 329 334 330
f 324 327 325
f 333 336 332
f 344 345 346
f 347 346 345
f 348 344 349
f 346 349 344
f 350 351 352
f 353 352 351
f 345 350 347
f 352 347 350
f 354 355 356
f 357 356 358
f 355 358 356
f 354 359 355
f 360 348 361
f 349 361 348
f 360 359 354
f 361 359 360
f 362 363 364
f 362 364 365
f 366 365 364
f 362 367 363
f 367 368 369
f 368 367 370
f 370 371 368
f 363 367 369
f 353 372 373
f 374 373 372
f 351 375 353
f 372 353 375
f 376 377 366
f 365 366 377
f 376 374 377
f 373 374 376
f 378 379 380
f 379 381 382
f 379 382 380
f 378 380 383
f 357 358 384
f 385 382 381
f 386 385 387
f 381 387 385
f 388 386 389
f 387 389 386
f 390 391 388
f 390 392 393
f 393 391 390
f 389 390 388
f 392 394 395
f 396 397 394
f 395 394 397
f 393 392 395
f 398 396 399
f 397 396 398
f 400 398 399
f 401 400 399
f 399 402 401
f 403 401 402
f 403 402 404
f 404 405 403
f 406 407 405
f 406 408 407
f 409 407 408
f 410 409 408
f 404 406 405
f 411 412 371
f 412 411 413
f 413 414 412
f 415 416 414
f 417 416 418
f 415 418 416
f 413 415 414
f 418 419 417
f 420 417 419
f 420 419 421
f 421 422 420
f 423 424 422
f 424 423 425
f 425 426 424
f 421 423 422
f 427 428 426
f 427 429 430
f 430 428 427
f 425 427 426
f 429 431 432
f 433 434 431
f 432 431 434
f 430 429 432
f 435 433 436
f 437 438 439
f 438 440 436
f 438 437 440
f 437 439 441
f 440 435 436
f 435 434 433
f 442 441 439
f 443 444 445
f 443 445 446
f 447 446 445
f 443 448 444
f 449 450 451
f 451 448 449
f 449 452 450
f 444 448 451
f 453 454 455
f 455 410 453
f 453 456 454
f 455 409 410
f 457 458 447
f 446 447 458
f 457 456 458
f 454 456 457
f 459 442 460
f 461 462 463
f 462 464 460
f 465 460 464
f 464 462 461
f 459 460 465
f 459 441 442
f 466 461 463
f 467 468 469
f 470 469 468
f 450 452 467
f 468 467 452
f 471 466 472
f 463 472 466
f 470 471 473
f 472 473 471
f 469 470 473
f 371 370 411
f 474 475 476
f 476 477 478
f 477 475 479
f 477 476 475
f 480 481 479
f 482 483 484
f 485 480 486
f 487 488 489
f 490 488 487
f 491 486 488
f 492 486 480
f 493 494 487
f 477 481 495
f 481 477 479
f 485 491 496
f 491 485 486
f 481 480 485
f 481 485 497
f 482 495 498
f 495 482 477
f 497 496 499
f 496 497 485
f 495 481 497
f 495 497 500
f 490 501 491
f 482 484 477
f 490 494 502
f 494 490 487
f 503 504 505
f 506 504 503
f 494 493 503
f 494 503 507
f 501 502 508
f 502 501 490
f 507 505 509
f 505 507 503
f 502 494 507
f 502 507 510
f 511 512 504
f 501 496 491
f 491 488 490
f 496 501 513
f 503 493 506
f 477 484 514
f 515 516 517
f 518 519 517
f 520 521 522
f 523 524 515
f 521 525 523
f 506 519 511
f 526 527 528
f 529 530 531
f 532 533 531
f 534 533 532
f 527 526 530
f 535 536 537
f 522 528 538
f 537 539 534
f 504 512 505
f 511 519 518
f 540 518 541
f 541 517 516
f 517 541 518
f 542 511 518
f 543 516 524
f 524 523 525
f 544 525 545
f 545 521 520
f 521 545 525
f 546 524 525
f 515 524 516
f 547 541 516
f 548 520 538
f 538 528 527
f 531 533 529
f 529 527 530
f 520 522 538
f 549 538 527
f 550 529 533
f 533 534 539
f 551 539 536
f 536 535 552
f 537 536 539
f 553 533 539
f 554 555 552
f 556 527 529
f 557 552 535
f 558 545 520
f 506 511 504
f 559 536 552
f 483 560 561
f 483 482 560
f 561 560 562
f 498 500 563
f 560 482 498
f 499 513 564
f 513 499 496
f 500 497 499
f 500 499 565
f 498 495 500
f 560 498 566
f 542 567 512
f 542 512 511
f 568 542 540
f 547 540 541
f 542 518 540
f 512 567 569
f 508 510 570
f 508 502 510
f 509 569 571
f 509 505 569
f 507 509 510
f 510 509 571
f 540 547 572
f 508 513 501
f 505 512 569
f 513 508 564
f 573 574 562
f 560 573 562
f 575 477 576
f 573 560 566
f 564 565 499
f 498 563 566
f 577 477 578
f 500 565 563
f 578 477 575
f 570 510 571
f 570 564 508
f 579 567 568
f 572 568 540
f 567 542 568
f 580 568 572
f 478 477 581
f 571 569 579
f 582 580 572
f 579 568 580
f 582 572 583
f 567 579 569
f 581 477 577
f 547 543 583
f 576 477 514
f 543 546 584
f 546 543 524
f 544 558 585
f 558 544 545
f 546 525 544
f 546 544 586
f 584 587 582
f 584 583 543
f 586 585 588
f 585 586 544
f 584 546 586
f 584 586 587
f 548 589 558
f 583 572 547
f 549 590 548
f 549 548 538
f 591 549 556
f 550 556 529
f 549 527 556
f 548 590 589
f 553 592 550
f 556 550 593
f 594 553 551
f 559 551 536
f 553 539 551
f 595 551 559
f 550 533 553
f 589 585 558
f 558 520 548
f 585 589 588
f 587 586 588
f 589 596 588
f 591 590 549
f 590 596 589
f 597 590 591
f 597 596 590
f 598 599 591
f 597 591 599
f 591 593 598
f 593 592 600
f 592 593 550
f 594 595 601
f 595 594 551
f 592 553 594
f 592 594 602
f 602 600 592
f 603 601 595
f 602 594 601
f 603 595 604
f 593 600 598
f 591 556 593
f 604 559 555
f 584 582 583
f 547 516 543
f 554 552 557
f 605 606 607
f 608 605 609
f 554 610 611
f 610 554 608
f 609 607 612
f 607 609 605
f 610 608 609
f 610 609 613
f 606 614 607
f 608 554 557
f 615 616 617
f 618 617 619
f 618 615 617
f 614 620 621
f 606 620 614
f 622 623 624
f 615 620 616
f 619 623 625
f 620 615 626
f 620 606 616
f 607 614 627
f 555 611 628
f 555 554 611
f 609 612 613
f 613 611 610
f 615 618 629
f 611 613 630
f 612 627 631
f 612 607 627
f 621 626 632
f 621 620 626
f 614 621 627
f 627 621 633
f 629 626 615
f 613 612 634
f 635 625 636
f 625 635 619
f 637 638 622
f 637 622 624
f 625 623 622
f 625 622 639
f 629 640 641
f 629 618 640
f 636 639 642
f 639 636 625
f 640 635 636
f 640 636 643
f 638 639 622
f 640 618 635
f 618 619 635
f 626 629 644
f 624 645 637
f 555 559 552
f 646 645 647
f 645 646 648
f 649 650 651
f 649 652 647
f 650 653 651
f 654 655 653
f 656 654 657
f 658 637 648
f 659 660 661
f 662 663 664
f 665 666 663
f 667 668 665
f 660 669 670
f 671 667 670
f 672 657 662
f 659 661 673
f 674 648 646
f 652 646 647
f 675 652 651
f 655 651 653
f 652 649 651
f 676 646 652
f 656 677 655
f 651 655 678
f 672 679 656
f 664 672 662
f 656 657 672
f 664 680 672
f 655 654 656
f 658 638 637
f 681 666 668
f 668 666 665
f 682 683 671
f 671 683 667
f 668 667 683
f 684 668 683
f 685 686 669
f 669 686 670
f 669 659 687
f 688 659 673
f 669 660 659
f 671 686 689
f 671 670 686
f 664 666 690
f 664 663 666
f 659 688 687
f 648 637 645
f 639 638 691
f 628 692 603
f 604 555 628
f 628 611 630
f 628 630 692
f 634 631 693
f 634 612 631
f 633 632 694
f 633 621 632
f 627 633 631
f 631 633 695
f 613 634 630
f 630 634 693
f 639 691 642
f 674 658 648
f 696 674 676
f 675 676 652
f 674 646 676
f 697 658 674
f 644 641 698
f 644 629 641
f 643 642 699
f 643 636 642
f 640 643 641
f 641 643 698
f 676 675 700
f 644 632 626
f 701 638 658
f 632 644 694
f 692 630 693
f 633 694 695
f 695 693 631
f 702 642 691
f 694 644 698
f 699 642 702
f 643 699 698
f 691 701 702
f 701 697 703
f 697 701 658
f 696 700 704
f 700 696 676
f 697 674 696
f 697 696 705
f 705 703 697
f 706 704 700
f 705 696 704
f 706 700 707
f 701 703 702
f 638 701 691
f 675 678 707
f 628 603 604
f 678 677 708
f 677 678 655
f 679 680 709
f 680 679 672
f 677 656 679
f 677 679 710
f 707 708 711
f 708 707 678
f 710 709 712
f 709 710 679
f 708 677 710
f 708 710 713
f 690 714 680
f 707 700 675
f 681 715 690
f 681 690 666
f 716 681 684
f 682 684 683
f 681 668 684
f 690 715 714
f 689 717 682
f 684 682 718
f 719 689 685
f 687 685 669
f 689 686 685
f 720 685 687
f 682 671 689
f 714 709 680
f 680 664 690
f 709 714 721
f 711 708 713
f 710 712 713
f 716 715 681
f 714 715 722
f 723 715 716
f 712 709 721
f 723 722 715
f 714 722 721
f 716 718 723
f 718 717 724
f 717 718 682
f 719 720 725
f 720 719 685
f 717 689 719
f 717 719 724
f 724 719 725
f 726 725 720
f 727 726 720
f 687 688 720
f 718 724 723
f 716 684 718
f 688 727 720
f 707 711 706
f 675 651 678
f 604 595 559
f 728 729 730
f 730 731 732
f 732 731 733
f 728 730 734
f 735 736 737
f 734 730 732
f 738 739 740
f 741 742 743
f 734 744 728
f 728 744 742
f 734 732 745
f 746 732 747
f 747 733 748
f 748 749 750
f 751 752 753
f 750 749 754
f 748 750 747
f 747 750 755
f 756 734 745
f 732 746 745
f 750 757 755
f 755 746 747
f 754 758 759
f 760 746 755
f 757 750 754
f 761 745 746
f 749 762 754
f 747 732 733
f 763 764 765
f 766 755 757
f 767 768 743
f 756 743 734
f 767 769 768
f 743 756 770
f 771 767 772
f 773 767 770
f 771 772 774
f 743 770 767
f 756 775 770
f 775 756 761
f 775 761 776
f 776 761 760
f 766 760 755
f 777 760 766
f 761 746 760
f 770 775 778
f 773 778 779
f 773 770 778
f 777 780 776
f 777 776 760
f 776 780 781
f 781 778 775
f 776 781 775
f 778 781 782
f 783 784 766
f 773 772 767
f 756 745 761
f 772 773 785
f 759 783 757
f 786 740 739
f 762 787 758
f 758 788 789
f 788 758 787
f 790 789 791
f 758 789 792
f 759 757 754
f 766 757 783
f 759 792 793
f 789 794 792
f 792 759 758
f 790 795 796
f 783 759 793
f 790 794 789
f 797 792 794
f 789 788 791
f 784 777 766
f 794 790 796
f 795 791 798
f 799 800 795
f 799 798 801
f 799 802 803
f 799 795 798
f 795 800 796
f 794 804 797
f 794 796 804
f 796 805 804
f 805 796 806
f 806 807 808
f 809 797 804
f 796 800 806
f 793 792 797
f 803 807 800
f 795 790 791
f 810 804 805
f 783 811 784
f 777 784 812
f 793 813 811
f 813 793 814
f 814 809 815
f 784 811 816
f 793 797 814
f 811 813 817
f 780 812 818
f 777 812 780
f 819 812 784
f 820 816 817
f 821 819 820
f 819 822 812
f 816 819 784
f 812 822 823
f 816 811 817
f 783 793 811
f 815 824 813
f 813 814 815
f 809 825 815
f 825 809 810
f 810 826 827
f 813 824 817
f 809 804 810
f 828 815 825
f 820 829 830
f 829 817 824
f 820 817 829
f 821 822 819
f 824 831 829
f 831 824 828
f 828 832 833
f 820 830 821
f 824 815 828
f 834 829 831
f 827 832 825
f 820 819 816
f 814 797 809
f 822 821 835
f 808 826 805
f 754 762 758
f 781 780 836
f 837 772 838
f 839 840 841
f 842 839 843
f 844 839 841
f 842 843 845
f 840 839 842
f 841 840 838
f 738 846 847
f 841 838 848
f 848 838 785
f 849 785 779
f 782 779 778
f 836 782 781
f 850 779 782
f 772 785 838
f 782 836 851
f 841 852 844
f 852 841 848
f 852 848 853
f 853 848 849
f 850 849 779
f 854 849 850
f 848 785 849
f 844 852 855
f 851 856 850
f 844 843 839
f 785 773 779
f 843 844 857
f 858 859 860
f 859 858 857
f 855 859 844
f 855 861 859
f 857 844 859
f 862 863 864
f 858 865 866
f 865 858 860
f 865 860 867
f 865 868 869
f 867 860 870
f 861 860 859
f 871 872 855
f 855 852 871
f 853 873 871
f 873 853 854
f 874 854 856
f 855 872 861
f 853 849 854
f 875 871 873
f 861 876 870
f 876 861 872
f 872 877 876
f 877 872 875
f 878 875 879
f 876 877 870
f 872 871 875
f 870 877 880
f 873 874 879
f 861 870 860
f 871 852 853
f 782 851 850
f 881 862 882
f 836 883 851
f 883 836 818
f 883 818 884
f 884 818 823
f 823 822 835
f 823 835 885
f 812 823 818
f 851 883 886
f 887 856 886
f 856 851 886
f 885 888 884
f 889 890 891
f 890 889 886
f 890 886 883
f 884 890 883
f 887 886 889
f 884 823 885
f 856 854 850
f 892 893 835
f 835 821 892
f 892 894 895
f 830 896 892
f 893 895 897
f 893 885 835
f 830 829 834
f 885 893 898
f 888 891 890
f 888 899 891
f 885 898 899
f 888 890 884
f 836 780 818
f 879 875 873
f 900 879 874
f 879 901 902
f 900 901 879
f 887 900 874
f 874 856 887
f 879 902 903
f 878 880 877
f 880 878 904
f 903 904 878
f 878 879 903
f 901 905 902
f 878 877 875
f 900 887 906
f 907 908 909
f 887 909 906
f 889 907 887
f 834 896 830
f 874 873 854
f 821 830 892
f 910 864 863
f 833 911 831
f 912 738 913
f 803 800 799
f 914 802 915
f 802 916 803
f 916 802 914
f 914 917 918
f 803 916 919
f 802 801 915
f 807 806 800
f 805 806 808
f 807 919 920
f 920 921 808
f 808 807 920
f 919 922 923
f 826 808 921
f 807 803 919
f 810 805 826
f 918 922 916
f 827 825 810
f 918 916 914
f 917 915 924
f 925 926 917
f 925 917 924
f 926 925 927
f 917 926 918
f 922 919 916
f 920 919 923
f 922 928 929
f 928 922 918
f 930 928 926
f 931 928 930
f 929 923 922
f 918 926 928
f 932 920 923
f 931 933 929
f 915 917 914
f 934 923 929
f 831 828 833
f 827 935 936
f 935 827 826
f 921 932 937
f 935 937 938
f 936 832 827
f 826 921 935
f 832 936 939
f 911 940 834
f 831 911 834
f 833 941 911
f 941 833 939
f 939 942 943
f 834 940 896
f 833 832 939
f 941 765 911
f 938 942 936
f 825 832 828
f 937 935 921
f 932 934 944
f 944 945 937
f 937 932 944
f 946 934 933
f 937 945 938
f 932 923 934
f 938 936 935
f 943 941 939
f 942 947 948
f 947 942 938
f 949 945 950
f 951 947 949
f 948 943 942
f 938 945 947
f 737 941 943
f 944 946 950
f 942 939 936
f 921 920 932
f 948 751 943
f 927 925 924
f 802 799 801
f 927 930 926
f 927 952 953
f 954 955 952
f 952 956 957
f 954 952 927
f 927 924 954
f 927 953 930
f 933 934 929
f 931 958 959
f 958 931 930
f 957 958 953
f 960 959 958
f 959 933 931
f 930 953 958
f 933 959 961
f 955 956 952
f 931 929 928
f 956 962 963
f 962 956 955
f 963 964 965
f 964 963 962
f 963 965 966
f 967 968 969
f 956 963 970
f 957 960 958
f 957 970 971
f 970 966 972
f 966 970 963
f 957 971 960
f 957 956 970
f 971 970 972
f 957 953 952
f 959 960 973
f 950 945 944
f 946 961 974
f 973 975 961
f 961 959 973
f 961 975 974
f 974 950 946
f 933 961 946
f 950 974 976
f 951 948 947
f 949 976 881
f 976 977 978
f 976 949 950
f 976 974 977
f 881 951 949
f 975 977 974
f 882 951 881
f 979 980 973
f 949 947 945
f 975 973 980
f 979 971 981
f 979 982 980
f 982 979 981
f 980 982 983
f 971 972 981
f 983 975 980
f 983 984 977
f 977 975 983
f 977 984 978
f 978 881 976
f 984 985 786
f 985 984 983
f 978 984 739
f 983 982 985
f 881 978 910
f 973 960 979
f 979 960 971
f 752 948 951
f 946 944 934
f 739 984 786
f 896 986 894
f 986 896 940
f 987 986 764
f 764 940 765
f 986 940 764
f 986 988 894
f 940 911 765
f 897 895 989
f 894 988 990
f 895 894 990
f 895 893 892
f 737 736 763
f 763 765 737
f 751 735 737
f 735 751 753
f 737 943 751
f 987 764 763
f 765 941 737
f 951 991 752
f 752 751 948
f 969 968 951
f 969 951 882
f 863 862 881
f 978 846 910
f 910 863 881
f 739 738 847
f 847 978 739
f 740 913 738
f 847 846 978
f 968 991 951
f 896 894 892
f 967 991 968
f 986 987 988
f 893 897 898
f 895 990 989
f 885 899 888
f 887 907 909
f 906 909 908
f 901 900 905
f 865 867 868
f 866 865 869
f 857 858 992
f 866 992 858
f 857 845 843
f 837 838 993
f 838 840 994
f 993 838 995
f 995 838 996
f 996 838 997
f 994 997 838
f 837 774 772
f 767 771 769
f 742 734 743
f 743 768 998
f 741 743 999
f 1000 999 743
f 743 998 1000
f 734 742 744
f 1001 1002 1003
f 1003 1002 1004
f 1005 1004 1006
f 1004 1005 1003
f 1004 1007 1006
f 1007 1004 1008
f 1004 1002 1008
f 1005 1006 1009
f 1002 1010 1008
f 1011 1010 1012
f 1013 1014 1015
f 1011 1012 1013
f 1007 1008 1016
f 1008 1011 1016
f 1017 1011 1018
f 1015 1018 1013
f 1011 1013 1018
f 1019 1018 1015
f 1015 1020 1019
f 1011 1008 1010
f 1006 1007 1021
f 1006 1021 1009
f 1009 1022 1005
f 1009 1021 1023
f 1022 1009 1024
f 1024 1025 1022
f 1023 1024 1009
f 1021 1026 1023
f 1021 1027 1026
f 1027 1021 1007
f 1016 1017 1028
f 1016 1028 1027
f 1019 1017 1018
f 1016 1011 1017
f 1029 1017 1019
f 1030 1028 1031
f 1028 1030 1027
f 1031 1029 1032
f 1029 1031 1028
f 1028 1017 1029
f 1029 1019 1020
f 1027 1030 1026
f 1027 1007 1016
f 1033 1015 1014
f 1034 1035 1036
f 1020 1033 1037
f 1020 1032 1029
f 1038 1036 1039
f 1040 1035 1034
f 1037 1033 1038
f 1041 1035 1040
f 1042 1043 1044
f 1045 1046 1047
f 1046 1048 1049
f 1050 1051 1047
f 1050 1043 1052
f 1041 1049 1035
f 1053 1044 1054
f 1032 1020 1055
f 1055 1020 1037
f 1056 1037 1039
f 1035 1039 1036
f 1037 1038 1039
f 1057 1039 1035
f 1056 1055 1037
f 1058 1057 1035
f 1056 1039 1057
f 1035 1059 1058
f 1059 1035 1060
f 1048 1060 1049
f 1060 1035 1049
f 1043 1042 1052
f 1046 1045 1048
f 1050 1052 1051
f 1051 1045 1047
f 1044 1053 1042
f 1020 1015 1033
f 1061 1062 1063
f 1064 1061 1065
f 1066 1065 1063
f 1063 1067 1066
f 1068 1065 1069
f 1065 1061 1063
f 1070 1066 1067
f 1068 1064 1065
f 1071 1068 1072
f 1064 1068 1071
f 1073 1071 1072
f 1074 1073 1075
f 1076 1068 1069
f 1072 1068 1076
f 1075 1072 1077
f 1074 1075 1078
f 1075 1073 1072
f 1078 1075 1079
f 1078 1080 1074
f 1065 1066 1069
f 1081 1069 1066
f 1082 1081 1083
f 1066 1083 1081
f 1083 1066 1070
f 1084 1083 1085
f 1086 1083 1084
f 1083 1086 1082
f 1081 1082 1087
f 1087 1088 1081
f 1069 1081 1088
f 1089 1077 1076
f 1088 1089 1076
f 1075 1077 1079
f 1077 1072 1076
f 1079 1077 1090
f 1089 1087 1091
f 1092 1089 1091
f 1093 1090 1092
f 1089 1092 1090
f 1090 1077 1089
f 1090 1094 1079
f 1088 1087 1089
f 1076 1069 1088
f 1079 1094 1078
f 1095 1096 1094
f 1080 1094 1096
f 1097 1098 1099
f 1097 1096 1095
f 1098 1097 1095
f 1100 1095 1094
f 1101 1099 1102
f 1090 1093 1094
f 1102 1103 1104
f 1105 1103 1106
f 1107 1108 1109
f 1110 1109 1111
f 1112 1107 1113
f 1113 1105 1114
f 1104 1101 1102
f 1115 1110 1116
f 1098 1100 1117
f 1117 1102 1098
f 1099 1098 1102
f 1100 1094 1093
f 1118 1102 1117
f 1102 1118 1119
f 1102 1119 1120
f 1120 1106 1102
f 1098 1095 1100
f 1106 1103 1102
f 1113 1114 1112
f 1114 1105 1106
f 1116 1110 1111
f 1107 1112 1108
f 1109 1108 1111
f 1116 1121 1115
f 1080 1078 1094
f 1122 1123 1124
f 1125 1126 1122
f 1127 1126 1125
f 1128 1122 1124
f 1129 1130 1131
f 1125 1122 1128
f 1132 1128 1133
f 1132 1133 1134
f 1124 1135 1128
f 1133 1135 1124
f 1128 1136 1125
f 1137 1125 1138
f 1139 1127 1137
f 1140 1141 1139
f 1142 1141 1140
f 1137 1140 1139
f 1143 1144 1130
f 1145 1140 1137
f 1136 1128 1146
f 1136 1138 1125
f 1145 1147 1140
f 1137 1138 1145
f 1148 1149 1142
f 1145 1138 1150
f 1142 1140 1147
f 1138 1136 1151
f 1142 1152 1141
f 1127 1125 1137
f 1131 1130 1153
f 1147 1145 1154
f 1132 1155 1156
f 1128 1132 1146
f 1155 1157 1156
f 1158 1146 1132
f 1159 1156 1160
f 1158 1156 1161
f 1162 1159 1160
f 1156 1158 1132
f 1158 1163 1146
f 1151 1146 1163
f 1164 1151 1163
f 1150 1151 1164
f 1145 1150 1154
f 1154 1150 1165
f 1150 1138 1151
f 1166 1163 1158
f 1167 1166 1161
f 1166 1158 1161
f 1164 1168 1165
f 1150 1164 1165
f 1169 1168 1164
f 1163 1166 1169
f 1163 1169 1164
f 1170 1169 1166
f 1154 1171 1172
f 1156 1159 1161
f 1151 1136 1146
f 1173 1161 1159
f 1147 1172 1148
f 1149 1174 1152
f 1175 1176 1149
f 1174 1149 1176
f 1177 1176 1175
f 1178 1175 1149
f 1142 1147 1148
f 1172 1147 1154
f 1179 1178 1148
f 1178 1180 1175
f 1149 1148 1178
f 1181 1182 1177
f 1179 1148 1172
f 1175 1180 1177
f 1180 1178 1183
f 1177 1184 1176
f 1154 1165 1171
f 1181 1177 1180
f 1185 1184 1182
f 1182 1186 1187
f 1188 1185 1187
f 1189 1190 1187
f 1185 1182 1187
f 1181 1186 1182
f 1183 1191 1180
f 1191 1181 1180
f 1191 1192 1181
f 1193 1181 1192
f 1194 1195 1193
f 1191 1183 1196
f 1193 1186 1181
f 1183 1178 1179
f 1186 1195 1189
f 1184 1177 1182
f 1192 1191 1197
f 1171 1198 1172
f 1199 1171 1165
f 1198 1200 1179
f 1201 1179 1200
f 1202 1196 1201
f 1203 1198 1171
f 1201 1183 1179
f 1204 1200 1198
f 1205 1199 1168
f 1168 1199 1165
f 1171 1199 1206
f 1204 1203 1207
f 1207 1206 1208
f 1199 1209 1206
f 1171 1206 1203
f 1210 1209 1199
f 1204 1198 1203
f 1198 1179 1172
f 1200 1211 1202
f 1202 1201 1200
f 1202 1212 1196
f 1197 1196 1212
f 1213 1214 1197
f 1204 1211 1200
f 1197 1191 1196
f 1212 1202 1215
f 1216 1217 1207
f 1211 1204 1217
f 1217 1204 1207
f 1206 1209 1208
f 1217 1218 1211
f 1215 1211 1218
f 1219 1220 1215
f 1208 1216 1207
f 1215 1202 1211
f 1218 1217 1221
f 1212 1220 1213
f 1203 1206 1207
f 1196 1183 1201
f 1222 1208 1209
f 1192 1214 1194
f 1149 1152 1142
f 1223 1168 1169
f 1130 1159 1224
f 1225 1144 1226
f 1132 1227 1228
f 1229 1226 1230
f 1225 1226 1231
f 1232 1229 1230
f 1230 1226 1144
f 1130 1144 1225
f 1227 1132 1134
f 1233 1130 1225
f 1173 1130 1233
f 1167 1173 1234
f 1166 1167 1170
f 1169 1170 1223
f 1170 1167 1235
f 1130 1173 1159
f 1236 1223 1170
f 1231 1237 1225
f 1233 1225 1237
f 1238 1233 1237
f 1234 1233 1238
f 1167 1234 1235
f 1235 1234 1239
f 1234 1173 1233
f 1240 1237 1231
f 1235 1241 1236
f 1226 1229 1231
f 1167 1161 1173
f 1242 1231 1229
f 1243 1244 1245
f 1242 1245 1244
f 1231 1244 1240
f 1244 1246 1240
f 1244 1231 1242
f 1247 1248 1245
f 1243 1245 1248
f 1249 1243 1248
f 1250 1251 1248
f 1252 1243 1249
f 1244 1243 1246
f 1228 1253 1132
f 1240 1254 1255
f 1255 1237 1240
f 1255 1256 1238
f 1239 1238 1256
f 1241 1239 1257
f 1246 1254 1240
f 1239 1234 1238
f 1256 1255 1258
f 1252 1259 1246
f 1254 1246 1259
f 1259 1260 1254
f 1258 1254 1260
f 1261 1258 1262
f 1252 1260 1259
f 1258 1255 1254
f 1263 1260 1252
f 1261 1257 1256
f 1243 1252 1246
f 1238 1237 1255
f 1235 1236 1170
f 1236 1264 1223
f 1205 1223 1264
f 1265 1205 1264
f 1210 1205 1265
f 1222 1209 1210
f 1266 1222 1210
f 1205 1210 1199
f 1267 1264 1236
f 1267 1241 1268
f 1267 1236 1241
f 1265 1269 1266
f 1269 1270 1271
f 1267 1271 1270
f 1264 1267 1270
f 1264 1270 1265
f 1272 1271 1267
f 1266 1210 1265
f 1235 1239 1241
f 1222 1273 1274
f 1274 1208 1222
f 1275 1273 1276
f 1274 1277 1216
f 1274 1275 1278
f 1222 1266 1273
f 1221 1217 1216
f 1266 1279 1273
f 1280 1279 1269
f 1279 1266 1269
f 1269 1271 1280
f 1265 1270 1269
f 1205 1168 1223
f 1256 1258 1261
f 1257 1261 1281
f 1282 1283 1284
f 1281 1268 1257
f 1261 1285 1282
f 1261 1284 1281
f 1268 1241 1257
f 1286 1285 1261
f 1260 1263 1262
f 1287 1262 1263
f 1262 1288 1286
f 1286 1261 1262
f 1258 1260 1262
f 1281 1289 1268
f 1290 1268 1289
f 1291 1290 1289
f 1290 1291 1268
f 1267 1268 1272
f 1216 1277 1221
f 1239 1256 1257
f 1274 1216 1208
f 1135 1133 1128
f 1218 1292 1219
f 1253 1155 1132
f 1187 1186 1189
f 1293 1188 1190
f 1189 1294 1190
f 1293 1190 1294
f 1295 1296 1293
f 1297 1294 1189
f 1293 1298 1188
f 1186 1193 1195
f 1194 1193 1192
f 1299 1297 1195
f 1194 1300 1299
f 1299 1195 1194
f 1301 1302 1297
f 1300 1194 1214
f 1297 1189 1195
f 1214 1192 1197
f 1294 1302 1295
f 1197 1212 1213
f 1293 1294 1295
f 1303 1298 1296
f 1296 1304 1303
f 1305 1298 1303
f 1306 1303 1304
f 1295 1304 1296
f 1294 1297 1302
f 1301 1297 1299
f 1307 1308 1302
f 1295 1302 1308
f 1304 1308 1309
f 1309 1308 1310
f 1302 1301 1307
f 1308 1304 1295
f 1301 1299 1311
f 1307 1312 1310
f 1293 1296 1298
f 1307 1301 1313
f 1219 1215 1218
f 1314 1315 1213
f 1214 1213 1315
f 1316 1311 1300
f 1317 1316 1315
f 1213 1220 1314
f 1315 1300 1214
f 1318 1314 1220
f 1221 1319 1292
f 1221 1292 1218
f 1292 1320 1219
f 1318 1219 1320
f 1321 1322 1318
f 1277 1319 1221
f 1318 1220 1219
f 1292 1323 1320
f 1314 1322 1317
f 1215 1220 1212
f 1300 1315 1316
f 1324 1313 1311
f 1316 1325 1324
f 1324 1311 1316
f 1312 1313 1326
f 1317 1325 1316
f 1313 1301 1311
f 1315 1314 1317
f 1318 1320 1321
f 1327 1328 1322
f 1317 1322 1328
f 1329 1325 1330
f 1330 1328 1331
f 1322 1321 1327
f 1328 1325 1317
f 1321 1320 1332
f 1329 1326 1324
f 1314 1318 1322
f 1311 1299 1300
f 1321 1333 1327
f 1305 1303 1306
f 1188 1187 1190
f 1304 1309 1306
f 1334 1335 1306
f 1335 1336 1337
f 1338 1339 1335
f 1306 1335 1337
f 1337 1305 1306
f 1309 1334 1306
f 1307 1313 1312
f 1340 1341 1310
f 1309 1310 1341
f 1334 1341 1338
f 1341 1340 1342
f 1310 1312 1340
f 1341 1334 1309
f 1343 1340 1312
f 1335 1339 1336
f 1308 1307 1310
f 1344 1345 1339
f 1336 1339 1345
f 1346 1347 1344
f 1345 1344 1347
f 1159 1162 1224
f 1348 1346 1344
f 1349 1344 1339
f 1341 1342 1338
f 1350 1349 1338
f 1351 1348 1349
f 1344 1349 1348
f 1342 1350 1338
f 1349 1339 1338
f 1351 1349 1350
f 1335 1334 1338
f 1153 1130 1224
f 1352 1342 1340
f 1324 1325 1329
f 1353 1343 1326
f 1343 1354 1352
f 1352 1340 1343
f 1353 1354 1343
f 1326 1329 1353
f 1326 1343 1312
f 1355 1353 1329
f 1328 1327 1331
f 1356 1355 1330
f 1357 1358 1355
f 1329 1330 1355
f 1358 1353 1355
f 1330 1331 1356
f 1353 1358 1354
f 1356 1331 1359
f 1352 1360 1361
f 1325 1328 1330
f 1360 1352 1354
f 1362 1350 1361
f 1360 1363 1361
f 1362 1361 1363
f 1364 1363 1360
f 1362 1351 1350
f 1360 1354 1364
f 1358 1365 1364
f 1364 1354 1358
f 1357 1365 1358
f 1355 1356 1357
f 1366 1367 1365
f 1364 1365 1367
f 1368 1365 1357
f 1367 1363 1364
f 1369 1357 1356
f 1361 1342 1352
f 1350 1342 1361
f 1331 1327 1370
f 1313 1324 1326
f 1366 1365 1368
f 1278 1371 1277
f 1319 1277 1371
f 1371 1372 1319
f 1323 1319 1372
f 1373 1332 1323
f 1374 1371 1375
f 1323 1292 1319
f 1375 1371 1278
f 1376 1275 1276
f 1375 1278 1275
f 1371 1374 1372
f 1274 1273 1275
f 1373 1372 1374
f 1377 1378 1333
f 1332 1377 1333
f 1333 1321 1332
f 1332 1320 1323
f 1370 1379 1331
f 1327 1333 1370
f 1331 1380 1381
f 1359 1331 1381
f 1356 1382 1383
f 1369 1384 1357
f 1356 1383 1369
f 1385 1386 1368
f 1368 1357 1385
f 1386 1387 1388
f 1357 1384 1385
f 1331 1379 1380
f 1274 1278 1277
f 1157 1160 1156
f 1389 1130 1129
f 1130 1389 1143
f 1229 1232 1242
f 1390 1245 1242
f 1245 1390 1247
f 1251 1249 1248
f 1250 1248 1247
f 1288 1262 1287
f 1282 1284 1261
f 1283 1282 1285
f 1268 1291 1272
f 1279 1276 1273
f 1376 1375 1275
f 1372 1373 1323
f 1332 1373 1391
f 1391 1377 1332
f 1378 1370 1333
f 1380 1379 1392
f 1381 1380 1392
f 1359 1382 1356
f 1393 1383 1382
f 1383 1393 1369
f 1385 1384 1386
f 1388 1368 1386
f 1368 1388 1366
f 1387 1386 1394
f 1395 1396 1397
f 1397 1398 1399
f 1400 1401 1402
f 1395 1403 1404
f 1401 1405 1406
f 1405 1407 1408
f 1409 1400 1410
f 1409 1411 1403
f 1412 1413 1414
f 1413 1415 1416
f 1417 1418 1419
f 1420 1421 1414
f 1422 1423 1418
f 1424 1425 1420
f 1424 1417 1426
f 1427 1422 1428
f 1413 1416 1407
f 1416 1408 1407
f 1398 1397 1396
f 1403 1411 1404
f 1404 1396 1395
f 1411 1409 1410
f 1402 1401 1406
f 1406 1405 1408
f 1400 1402 1410
f 1412 1414 1421
f 1424 1429 1425
f 1424 1426 1429
f 1425 1421 1420
f 1419 1426 1417
f 1422 1427 1430
f 1430 1423 1422
f 1431 1427 1428
f 1419 1418 1423
f 1415 1413 1412
f 1428 1432 1431
f 1433 1434 1435
f 1436 1434 1437
f 1438 1439 1440
f 1440 1441 1437
f 1442 1443 1438
f 1444 1445 1442
f 1440 1439 1446
f 1432 1433 1447
f 1442 1448 1444
f 1441 1440 1446
f 1449 1450 1451
f 1452 1448 1449
f 1450 1453 1454
f 1455 1456 1457
f 1456 1458 1459
f 1453 1455 1460
f 1461 1462 1458
f 1452 1444 1448
f 1463 1461 1464
f 1433 1465 1447
f 1433 1435 1465
f 1434 1436 1435
f 1445 1443 1442
f 1437 1441 1436
f 1439 1438 1443
f 1451 1450 1466
f 1453 1460 1454
f 1464 1467 1463
f 1450 1454 1466
f 1452 1449 1451
f 1459 1458 1462
f 1457 1456 1459
f 1462 1461 1463
f 1468 1455 1457
f 1455 1468 1460
f 1432 1447 1431
f 1469 1470 1471
f 1471 1472 1473
f 1474 1475 1476
f 1477 1478 1469
f 1479 1476 1480
f 1477 1479 1481
f 1474 1482 1483
f 1484 1485 1486
f 1486 1487 1488
f 1489 1490 1491
f 1492 1493 1491
f 1494 1484 1490
f 1482 1488 1495
f 1496 1497 1498
f 1499 1492 1498
f 1472 1471 1470
f 1470 1469 1478
f 1481 1478 1477
f 1481 1479 1480
f 1475 1474 1483
f 1476 1475 1480
f 1495 1483 1482
f 1495 1488 1487
f 1485 1484 1494
f 1486 1485 1487
f 1489 1491 1493
f 1500 1492 1499
f 1499 1498 1497
f 1492 1500 1493
f 1490 1489 1494
f 1496 1501 1497
f 1496 1502 1501
f 1503 1504 1505
f 1505 1506 1502
f 1507 1508 1509
f 1510 1511 1507
f 1512 1503 1509
f 1510 1513 1514
f 1513 1515 1516
f 1517 1518 1519
f 1520 1521 1522
f 1523 1524 1525
f 1526 1527 1525
f 1520 1524 1528
f 1517 1529 1515
f 1398 1526 1399
f 1506 1505 1504
f 1512 1509 1508
f 1503 1512 1504
f 1511 1510 1514
f 1516 1515 1529
f 1513 1516 1514
f 1507 1511 1508
f 1519 1518 1530
f 1531 1532 1530
f 1531 1522 1532
f 1529 1517 1519
f 1532 1522 1521
f 1528 1524 1523
f 1523 1525 1527
f 1520 1528 1521
f 1526 1398 1527
f 1530 1518 1531
f 1502 1506 1501
f 1533 1534 1535
f 1536 1535 1534
f 1535 1537 1533
f 1538 1539 1535
f 1535 1536 1540
f 1540 1538 1535
f 1535 1541 1537
f 1542 1543 1535
f 1535 1544 1542
f 1535 1545 1546
f 1539 1547 1535
f 1543 1548 1535
f 1548 1545 1535
f 1546 1541 1535
f 1549 1550 1551
f 1535 1552 1553
f 1554 1535 1555
f 1556 1557 1535
f 1535 1554 1558
f 1559 1535 1558
f 1560 1556 1535
f 1535 1559 1560
f 1557 1561 1535
f 1555 1535 1547
f 1562 1535 1563
f 1535 1564 1565
f 1535 1561 1563
f 1566 1535 1567
f 1568 1569 1535
f 1535 1562 1564
f 1565 1567 1535
f 1566 1568 1535
f 1535 1569 1552
f 1553 1549 1535
f 1549 1570 1571
f 1570 1549 1572
f 1573 1572 1549
f 1549 1574 1575
f 1549 1576 1577
f 1577 1574 1549
f 1549 1575 1573
f 1578 1576 1549
f 1579 1549 1580
f 1580 1549 1581
f 1549 1582 1581
f 1583 1584 1549
f 1585 1549 1586
f 1585 1583 1549
f 1549 1584 1582
f 1579 1578 1549
f 1587 1586 1549
f 1588 1549 1589
f 1590 1591 1549
f 1588 1590 1549
f 1592 1593 1549
f 1594 1592 1549
f 1549 1595 1589
f 1595 1549 1593
f 1594 1549 1553
f 1596 1597 1549
f 1549 1597 1598
f 1549 1599 1596
f 1600 1549 1601
f 1602 1603 1549
f 1549 1600 1602
f 1603 1599 1549
f 1591 1601 1549
f 1598 1587 1549
f 1549 1571 1550
f 1604 1605 1606
f 1606 1607 1604
f 1608 1609 1610
f 1610 1611 1612
f 1610 1612 1608
f 1613 1614 1615
f 1614 1613 1616
f 1617 1618 1619
f 1619 1620 1621
f 1619 1621 1617
f 1464 1622 1467
f 1622 1623 1467
f 1623 1622 1624
f 1622 1625 1624
f 1626 1627 1628
f 1626 1629 1625
f 1629 1626 1628
f 1625 1629 1624
f 1630 1631 1632
f 1632 1633 1634
f 1634 1633 1635
f 1630 1632 1636
f 1637 1638 1639
f 1636 1632 1634
f 1640 1641 1642
f 1643 1644 1645
f 1636 1646 1630
f 1630 1646 1644
f 1636 1634 1647
f 1648 1634 1649
f 1649 1635 1650
f 1650 1651 1652
f 1653 1654 1655
f 1652 1651 1656
f 1650 1652 1649
f 1649 1652 1657
f 1658 1636 1647
f 1634 1648 1647
f 1652 1659 1657
f 1657 1648 1649
f 1656 1660 1661
f 1662 1648 1657
f 1659 1652 1656
f 1663 1647 1648
f 1651 1664 1656
f 1649 1634 1635
f 1665 1666 1667
f 1668 1657 1659
f 1669 1670 1645
f 1658 1645 1636
f 1669 1671 1670
f 1645 1658 1672
f 1673 1669 1674
f 1675 1669 1672
f 1673 1674 1676
f 1645 1672 1669
f 1658 1677 1672
f 1677 1658 1663
f 1677 1663 1678
f 1678 1663 1662
f 1668 1662 1657
f 1679 1662 1668
f 1663 1648 1662
f 1672 1677 1680
f 1675 1680 1681
f 1675 1672 1680
f 1679 1682 1678
f 1679 1678 1662
f 1678 1682 1683
f 1683 1680 1677
f 1678 1683 1677
f 1680 1683 1684
f 1685 1686 1668
f 1675 1674 1669
f 1658 1647 1663
f 1674 1675 1687
f 1661 1685 1659
f 1688 1642 1641
f 1664 1689 1660
f 1660 1690 1691
f 1690 1660 1689
f 1692 1691 1693
f 1660 1691 1694
f 1661 1659 1656
f 1668 1659 1685
f 1661 1694 1695
f 1691 1696 1694
f 1694 1661 1660
f 1692 1697 1698
f 1685 1661 1695
f 1692 1696 1691
f 1699 1694 1696
f 1691 1690 1693
f 1686 1679 1668
f 1696 1692 1698
f 1697 1693 1700
f 1701 1702 1697
f 1701 1700 1703
f 1701 1704 1705
f 1701 1697 1700
f 1697 1702 1698
f 1696 1706 1699
f 1696 1698 1706
f 1698 1707 1706
f 1707 1698 1708
f 1708 1709 1710
f 1711 1699 1706
f 1698 1702 1708
f 1695 1694 1699
f 1705 1709 1702
f 1697 1692 1693
f 1712 1706 1707
f 1685 1713 1686
f 1679 1686 1714
f 1695 1715 1713
f 1715 1695 1716
f 1716 1711 1717
f 1686 1713 1718
f 1695 1699 1716
f 1713 1715 1719
f 1682 1714 1720
f 1679 1714 1682
f 1721 1714 1686
f 1722 1718 1719
f 1723 1721 1722
f 1721 1724 1714
f 1718 1721 1686
f 1714 1724 1725
f 1718 1713 1719
f 1685 1695 1713
f 1717 1726 1715
f 1715 1716 1717
f 1711 1727 1717
f 1727 1711 1712
f 1712 1728 1729
f 1715 1726 1719
f 1711 1706 1712
f 1730 1717 1727
f 1722 1731 1732
f 1731 1719 1726
f 1722 1719 1731
f 1723 1724 1721
f 1726 1733 1731
f 1733 1726 1730
f 1730 1734 1735
f 1722 1732 1723
f 1726 1717 1730
f 1736 1731 1733
f 1729 1734 1727
f 1722 1721 1718
f 1716 1699 1711
f 1724 1723 1737
f 1710 1728 1707
f 1656 1664 1660
f 1683 1682 1738
f 1739 1674 1740
f 1741 1742 1743
f 1744 1741 1745
f 1746 1741 1743
f 1744 1745 1747
f 1742 1741 1744
f 1743 1742 1740
f 1640 1748 1749
f 1743 1740 1750
f 1750 1740 1687
f 1751 1687 1681
f 1684 1681 1680
f 1738 1684 1683
f 1752 1681 1684
f 1674 1687 1740
f 1684 1738 1753
f 1743 1754 1746
f 1754 1743 1750
f 1754 1750 1755
f 1755 1750 1751
f 1752 1751 1681
f 1756 1751 1752
f 1750 1687 1751
f 1746 1754 1757
f 1753 1758 1752
f 1746 1745 1741
f 1687 1675 1681
f 1745 1746 1759
f 1760 1761 1762
f 1761 1760 1759
f 1757 1761 1746
f 1757 1763 1761
f 1759 1746 1761
f 1764 1765 1766
f 1760 1767 1768
f 1767 1760 1762
f 1767 1762 1769
f 1767 1770 1771
f 1769 1762 1772
f 1763 1762 1761
f 1773 1774 1757
f 1757 1754 1773
f 1755 1775 1773
f 1775 1755 1756
f 1776 1756 1758
f 1757 1774 1763
f 1755 1751 1756
f 1777 1773 1775
f 1763 1778 1772
f 1778 1763 1774
f 1774 1779 1778
f 1779 1774 1777
f 1780 1777 1781
f 1778 1779 1772
f 1774 1773 1777
f 1772 1779 1782
f 1775 1776 1781
f 1763 1772 1762
f 1773 1754 1755
f 1684 1753 1752
f 1783 1764 1784
f 1738 1785 1753
f 1785 1738 1720
f 1785 1720 1786
f 1786 1720 1725
f 1725 1724 1737
f 1725 1737 1787
f 1714 1725 1720
f 1753 1785 1788
f 1789 1758 1788
f 1758 1753 1788
f 1787 1790 1786
f 1791 1792 1793
f 1792 1791 1788
f 1792 1788 1785
f 1786 1792 1785
f 1789 1788 1791
f 1786 1725 1787
f 1758 1756 1752
f 1794 1795 1737
f 1737 1723 1794
f 1794 1796 1797
f 1732 1798 1794
f 1795 1797 1799
f 1795 1787 1737
f 1732 1731 1736
f 1787 1795 1800
f 1790 1793 1792
f 1790 1801 1793
f 1787 1800 1801
f 1790 1792 1786
f 1738 1682 1720
f 1781 1777 1775
f 1802 1781 1776
f 1781 1803 1804
f 1802 1803 1781
f 1789 1802 1776
f 1776 1758 1789
f 1781 1804 1805
f 1780 1782 1779
f 1782 1780 1806
f 1805 1806 1780
f 1780 1781 1805
f 1803 1807 1804
f 1780 1779 1777
f 1802 1789 1808
f 1809 1810 1811
f 1789 1811 1808
f 1791 1809 1789
f 1736 1798 1732
f 1776 1775 1756
f 1723 1732 1794
f 1812 1766 1765
f 1735 1813 1733
f 1814 1640 1815
f 1705 1702 1701
f 1816 1704 1817
f 1704 1818 1705
f 1818 1704 1816
f 1816 1819 1820
f 1705 1818 1821
f 1704 1703 1817
f 1709 1708 1702
f 1707 1708 1710
f 1709 1821 1822
f 1822 1823 1710
f 1710 1709 1822
f 1821 1824 1825
f 1728 1710 1823
f 1709 1705 1821
f 1712 1707 1728
f 1820 1824 1818
f 1729 1727 1712
f 1820 1818 1816
f 1819 1817 1826
f 1827 1828 1819
f 1827 1819 1826
f 1828 1827 1829
f 1819 1828 1820
f 1824 1821 1818
f 1822 1821 1825
f 1824 1830 1831
f 1830 1824 1820
f 1832 1830 1828
f 1833 1830 1832
f 1831 1825 1824
f 1820 1828 1830
f 1834 1822 1825
f 1833 1835 1831
f 1817 1819 1816
f 1836 1825 1831
f 1733 1730 1735
f 1729 1837 1838
f 1837 1729 1728
f 1823 1834 1839
f 1837 1839 1840
f 1838 1734 1729
f 1728 1823 1837
f 1734 1838 1841
f 1813 1842 1736
f 1733 1813 1736
f 1735 1843 1813
f 1843 1735 1841
f 1841 1844 1845
f 1736 1842 1798
f 1735 1734 1841
f 1843 1667 1813
f 1840 1844 1838
f 1727 1734 1730
f 1839 1837 1823
f 1834 1836 1846
f 1846 1847 1839
f 1839 1834 1846
f 1848 1836 1835
f 1839 1847 1840
f 1834 1825 1836
f 1840 1838 1837
f 1845 1843 1841
f 1844 1849 1850
f 1849 1844 1840
f 1851 1847 1852
f 1853 1849 1851
f 1850 1845 1844
f 1840 1847 1849
f 1639 1843 1845
f 1846 1848 1852
f 1844 1841 1838
f 1823 1822 1834
f 1850 1653 1845
f 1829 1827 1826
f 1704 1701 1703
f 1829 1832 1828
f 1829 1854 1855
f 1856 1857 1854
f 1854 1858 1859
f 1856 1854 1829
f 1829 1826 1856
f 1829 1855 1832
f 1835 1836 1831
f 1833 1860 1861
f 1860 1833 1832
f 1859 1860 1855
f 1862 1861 1860
f 1861 1835 1833
f 1832 1855 1860
f 1835 1861 1863
f 1857 1858 1854
f 1833 1831 1830
f 1858 1864 1865
f 1864 1858 1857
f 1865 1866 1867
f 1866 1865 1864
f 1865 1867 1868
f 1869 1870 1871
f 1858 1865 1872
f 1859 1862 1860
f 1859 1872 1873
f 1872 1868 1874
f 1868 1872 1865
f 1859 1873 1862
f 1859 1858 1872
f 1873 1872 1874
f 1859 1855 1854
f 1861 1862 1875
f 1852 1847 1846
f 1848 1863 1876
f 1875 1877 1863
f 1863 1861 1875
f 1863 1877 1876
f 1876 1852 1848
f 1835 1863 1848
f 1852 1876 1878
f 1853 1850 1849
f 1851 1878 1783
f 1878 1879 1880
f 1878 1851 1852
f 1878 1876 1879
f 1783 1853 1851
f 1877 1879 1876
f 1784 1853 1783
f 1881 1882 1875
f 1851 1849 1847
f 1877 1875 1882
f 1881 1873 1883
f 1881 1884 1882
f 1884 1881 1883
f 1882 1884 1885
f 1873 1874 1883
f 1885 1877 1882
f 1885 1886 1879
f 1879 1877 1885
f 1879 1886 1880
f 1880 1783 1878
f 1886 1887 1688
f 1887 1886 1885
f 1880 1886 1641
f 1885 1884 1887
f 1783 1880 1812
f 1875 1862 1881
f 1881 1862 1873
f 1654 1850 1853
f 1848 1846 1836
f 1641 1886 1688
f 1798 1888 1796
f 1888 1798 1842
f 1889 1888 1666
f 1666 1842 1667
f 1888 1842 1666
f 1888 1890 1796
f 1842 1813 1667
f 1799 1797 1891
f 1796 1890 1892
f 1797 1796 1892
f 1797 1795 1794
f 1639 1638 1665
f 1665 1667 1639
f 1653 1637 1639
f 1637 1653 1655
f 1639 1845 1653
f 1889 1666 1665
f 1667 1843 1639
f 1853 1893 1654
f 1654 1653 1850
f 1871 1870 1853
f 1871 1853 1784
f 1765 1764 1783
f 1880 1748 1812
f 1812 1765 1783
f 1641 1640 1749
f 1749 1880 1641
f 1642 1815 1640
f 1749 1748 1880
f 1870 1893 1853
f 1798 1796 1794
f 1869 1893 1870
f 1888 1889 1890
f 1795 1799 1800
f 1797 1892 1891
f 1787 1801 1790
f 1789 1809 1811
f 1808 1811 1810
f 1803 1802 1807
f 1767 1769 1770
f 1768 1767 1771
f 1759 1760 1894
f 1768 1894 1760
f 1759 1747 1745
f 1739 1740 1895
f 1740 1742 1896
f 1895 1740 1897
f 1897 1740 1898
f 1898 1740 1899
f 1896 1899 1740
f 1739 1676 1674
f 1669 1673 1671
f 1644 1636 1645
f 1645 1670 1900
f 1643 1645 1901
f 1902 1901 1645
f 1645 1900 1902
f 1636 1644 1646
f 1903 1904 1905
f 1906 1905 1907
f 1905 1906 1908
f 1903 1905 1908
f 1909 1908 1910
f 1909 1903 1908
f 1911 1910 1908
f 1912 1906 1913
f 1906 1911 1908
f 1910 1911 1914
f 1906 1907 1913
f 1912 1911 1906
f 1913 1915 1916
f 1916 1917 1913
f 1917 1916 1918
f 1913 1917 1919
f 1912 1919 1920
f 1912 1913 1919
f 1921 1919 1917
f 1921 1918 1922
f 1918 1921 1917
f 1919 1921 1923
f 1916 1924 1918
f 1913 1907 1915
f 1911 1912 1925
f 1926 1909 1927
f 1927 1914 1928
f 1927 1909 1910
f 1914 1927 1910
f 1926 1927 1929
f 1929 1930 1926
f 1927 1928 1929
f 1914 1931 1928
f 1932 1931 1925
f 1925 1931 1914
f 1933 1925 1920
f 1925 1912 1920
f 1911 1925 1914
f 1934 1920 1923
f 1933 1932 1925
f 1920 1934 1933
f 1923 1935 1934
f 1919 1923 1920
f 1921 1922 1923
f 1936 1937 1938
f 1936 1938 1939
f 1940 1941 1939
f 1942 1923 1922
f 1918 1937 1922
f 1937 1936 1922
f 1940 1943 1941
f 1944 1941 1943
f 1945 1946 1947
f 1948 1949 1950
f 1949 1951 1952
f 1953 1954 1950
f 1953 1946 1955
f 1944 1952 1941
f 1956 1947 1957
f 1936 1958 1942
f 1958 1936 1959
f 1958 1959 1960
f 1941 1959 1939
f 1936 1939 1959
f 1960 1959 1941
f 1942 1935 1923
f 1961 1960 1941
f 1941 1962 1961
f 1942 1922 1936
f 1951 1962 1941
f 1963 1948 1950
f 1963 1950 1954
f 1956 1945 1947
f 1946 1945 1955
f 1941 1952 1951
f 1953 1955 1954
f 1948 1951 1949
f 1957 1964 1956
f 1918 1924 1937
f 1965 1966 1967
f 1968 1965 1969
f 1969 1967 1970
f 1970 1971 1969
f 1972 1969 1973
f 1969 1965 1967
f 1974 1971 1970
f 1972 1968 1969
f 1975 1972 1976
f 1968 1972 1975
f 1977 1975 1976
f 1978 1977 1979
f 1980 1972 1973
f 1976 1972 1980
f 1979 1976 1981
f 1978 1979 1982
f 1979 1977 1976
f 1982 1979 1983
f 1982 1984 1978
f 1969 1971 1973
f 1985 1973 1971
f 1974 1986 1971
f 1973 1987 1980
f 1986 1985 1971
f 1988 1986 1974
f 1989 1986 1988
f 1985 1990 1991
f 1986 1989 1990
f 1986 1990 1985
f 1985 1987 1973
f 1987 1992 1980
f 1981 1980 1992
f 1992 1993 1981
f 1983 1981 1993
f 1983 1979 1981
f 1991 1992 1987
f 1994 1992 1991
f 1995 1993 1996
f 1992 1994 1996
f 1992 1996 1993
f 1993 1997 1983
f 1985 1991 1987
f 1981 1976 1980
f 1983 1997 1982
f 1998 1999 1997
f 1984 1997 1999
f 2000 2001 2002
f 2000 1999 1998
f 2001 2000 1998
f 2003 1998 1997
f 2004 2002 2005
f 1993 1995 1997
f 2005 2006 2007
f 2008 2006 2009
f 2010 2011 2012
f 2013 2012 2014
f 2015 2010 2016
f 2016 2008 2017
f 2007 2004 2005
f 2018 2013 2019
f 2001 2003 2020
f 2020 2005 2001
f 2002 2001 2005
f 2003 1997 1995
f 2021 2005 2020
f 2005 2021 2022
f 2005 2022 2023
f 2023 2009 2005
f 2001 1998 2003
f 2009 2006 2005
f 2016 2017 2015
f 2017 2008 2009
f 2019 2013 2014
f 2010 2015 2011
f 2012 2011 2014
f 2019 2024 2018
f 1984 1982 1997
f 2025 2026 2027
f 2028 2029 2025
f 2030 2029 2028
f 2031 2025 2027
f 2032 2033 2034
f 2028 2025 2031
f 2035 2031 2036
f 2035 2036 2037
f 2027 2038 2031
f 2036 2038 2027
f 2039 2028 2031
f 2040 2028 2041
f 2042 2030 2040
f 2043 2044 2042
f 2045 2044 2043
f 2040 2043 2042
f 2046 2047 2033
f 2048 2043 2040
f 2039 2031 2049
f 2039 2041 2028
f 2048 2050 2043
f 2040 2041 2048
f 2051 2052 2045
f 2048 2041 2053
f 2045 2043 2050
f 2041 2039 2054
f 2045 2055 2044
f 2030 2028 2040
f 2034 2033 2056
f 2050 2048 2057
f 2035 2058 2059
f 2031 2035 2049
f 2058 2060 2059
f 2061 2049 2035
f 2062 2059 2063
f 2061 2059 2064
f 2065 2062 2063
f 2059 2061 2035
f 2061 2066 2049
f 2054 2049 2066
f 2067 2054 2066
f 2053 2054 2067
f 2048 2053 2057
f 2057 2053 2068
f 2053 2041 2054
f 2069 2066 2061
f 2070 2069 2064
f 2069 2061 2064
f 2067 2071 2068
f 2053 2067 2068
f 2072 2071 2067
f 2066 2069 2072
f 2066 2072 2067
f 2073 2072 2069
f 2057 2074 2075
f 2059 2062 2064
f 2054 2039 2049
f 2076 2064 2062
f 2050 2075 2051
f 2052 2077 2055
f 2078 2079 2052
f 2077 2052 2079
f 2080 2079 2078
f 2081 2078 2052
f 2045 2050 2051
f 2075 2050 2057
f 2082 2081 2051
f 2081 2083 2078
f 2052 2051 2081
f 2084 2085 2080
f 2082 2051 2075
f 2078 2083 2080
f 2083 2081 2086
f 2080 2087 2079
f 2057 2068 2074
f 2084 2080 2083
f 2088 2087 2085
f 2085 2089 2090
f 2091 2088 2090
f 2092 2093 2090
f 2088 2085 2090
f 2084 2089 2085
f 2086 2094 2083
f 2094 2084 2083
f 2094 2095 2084
f 2096 2084 2095
f 2097 2098 2096
f 2094 2086 2099
f 2096 2089 2084
f 2086 2081 2082
f 2089 2098 2092
f 2087 2080 2085
f 2095 2094 2100
f 2074 2101 2075
f 2102 2074 2068
f 2101 2103 2082
f 2104 2082 2103
f 2105 2099 2104
f 2106 2101 2074
f 2104 2086 2082
f 2107 2103 2101
f 2108 2102 2071
f 2071 2102 2068
f 2074 2102 2109
f 2107 2106 2110
f 2110 2109 2111
f 2102 2112 2109
f 2074 2109 2106
f 2113 2112 2102
f 2107 2101 2106
f 2101 2082 2075
f 2103 2114 2105
f 2105 2104 2103
f 2105 2115 2099
f 2100 2099 2115
f 2116 2117 2100
f 2107 2114 2103
f 2100 2094 2099
f 2115 2105 2118
f 2119 2120 2110
f 2114 2107 2120
f 2120 2107 2110
f 2109 2112 2111
f 2120 2121 2114
f 2118 2114 2121
f 2122 2123 2118
f 2111 2119 2110
f 2118 2105 2114
f 2121 2120 2124
f 2115 2123 2116
f 2106 2109 2110
f 2099 2086 2104
f 2125 2111 2112
f 2095 2117 2097
f 2052 2055 2045
f 2126 2071 2072
f 2033 2062 2127
f 2128 2047 2129
f 2035 2130 2131
f 2132 2129 2133
f 2128 2129 2134
f 2135 2132 2133
f 2133 2129 2047
f 2033 2047 2128
f 2130 2035 2037
f 2136 2033 2128
f 2076 2033 2136
f 2070 2076 2137
f 2069 2070 2073
f 2072 2073 2126
f 2073 2070 2138
f 2033 2076 2062
f 2139 2126 2073
f 2134 2140 2128
f 2136 2128 2140
f 2141 2136 2140
f 2137 2136 2141
f 2070 2137 2138
f 2138 2137 2142
f 2137 2076 2136
f 2143 2140 2134
f 2138 2144 2139
f 2129 2132 2134
f 2070 2064 2076
f 2145 2134 2132
f 2146 2147 2148
f 2145 2148 2147
f 2134 2147 2143
f 2147 2149 2143
f 2147 2134 2145
f 2150 2151 2148
f 2146 2148 2151
f 2152 2146 2151
f 2153 2154 2151
f 2155 2146 2152
f 2147 2146 2149
f 2131 2156 2035
f 2143 2157 2158
f 2158 2140 2143
f 2158 2159 2141
f 2142 2141 2159
f 2144 2142 2160
f 2149 2157 2143
f 2142 2137 2141
f 2159 2158 2161
f 2155 2162 2149
f 2157 2149 2162
f 2162 2163 2157
f 2161 2157 2163
f 2164 2161 2165
f 2155 2163 2162
f 2161 2158 2157
f 2166 2163 2155
f 2164 2160 2159
f 2146 2155 2149
f 2141 2140 2158
f 2138 2139 2073
f 2139 2167 2126
f 2108 2126 2167
f 2168 2108 2167
f 2113 2108 2168
f 2125 2112 2113
f 2169 2125 2113
f 2108 2113 2102
f 2170 2167 2139
f 2170 2144 2171
f 2170 2139 2144
f 2168 2172 2169
f 2173 2174 2175
f 2170 2175 2174
f 2167 2170 2174
f 2167 2174 2168
f 2175 2170 2171
f 2169 2113 2168
f 2138 2142 2144
f 2125 2176 2177
f 2177 2111 2125
f 2178 2179 2177
f 2177 2180 2119
f 2181 2178 2176
f 2125 2169 2176
f 2124 2120 2119
f 2182 2176 2169
f 2174 2173 2172
f 2183 2172 2173
f 2182 2169 2172
f 2168 2174 2172
f 2108 2071 2126
f 2159 2161 2164
f 2160 2164 2184
f 2164 2185 2186
f 2164 2186 2184
f 2160 2187 2171
f 2171 2144 2160
f 2165 2188 2164
f 2165 2163 2189
f 2166 2189 2163
f 2165 2189 2190
f 2190 2188 2165
f 2188 2185 2164
f 2161 2163 2165
f 2187 2160 2184
f 2191 2192 2193
f 2171 2192 2191
f 2171 2193 2175
f 2180 2124 2119
f 2142 2159 2160
f 2177 2119 2111
f 2038 2036 2031
f 2121 2194 2122
f 2156 2058 2035
f 2090 2089 2092
f 2195 2091 2093
f 2092 2196 2093
f 2195 2093 2196
f 2197 2198 2195
f 2199 2196 2092
f 2195 2200 2091
f 2089 2096 2098
f 2097 2096 2095
f 2201 2199 2098
f 2097 2202 2201
f 2201 2098 2097
f 2203 2204 2199
f 2202 2097 2117
f 2199 2092 2098
f 2117 2095 2100
f 2196 2204 2197
f 2100 2115 2116
f 2195 2196 2197
f 2205 2200 2198
f 2198 2206 2205
f 2207 2200 2205
f 2208 2205 2206
f 2197 2206 2198
f 2196 2199 2204
f 2203 2199 2201
f 2209 2210 2204
f 2197 2204 2210
f 2206 2210 2211
f 2211 2210 2212
f 2204 2203 2209
f 2210 2206 2197
f 2203 2201 2213
f 2209 2214 2212
f 2195 2198 2200
f 2209 2203 2215
f 2122 2118 2121
f 2216 2217 2116
f 2117 2116 2217
f 2218 2213 2202
f 2219 2218 2217
f 2116 2123 2216
f 2217 2202 2117
f 2220 2216 2123
f 2124 2221 2194
f 2124 2194 2121
f 2194 2222 2122
f 2220 2122 2222
f 2223 2224 2220
f 2180 2221 2124
f 2220 2123 2122
f 2194 2225 2222
f 2216 2224 2219
f 2118 2123 2115
f 2202 2217 2218
f 2226 2215 2213
f 2218 2227 2226
f 2226 2213 2218
f 2214 2215 2228
f 2219 2227 2218
f 2215 2203 2213
f 2217 2216 2219
f 2220 2222 2223
f 2229 2230 2224
f 2219 2224 2230
f 2231 2227 2232
f 2232 2230 2233
f 2224 2223 2229
f 2230 2227 2219
f 2223 2222 2234
f 2231 2228 2226
f 2216 2220 2224
f 2213 2201 2202
f 2223 2235 2229
f 2207 2205 2208
f 2091 2090 2093
f 2206 2211 2208
f 2236 2237 2208
f 2237 2238 2239
f 2240 2241 2237
f 2208 2237 2239
f 2239 2207 2208
f 2211 2236 2208
f 2209 2215 2214
f 2242 2243 2212
f 2211 2212 2243
f 2236 2243 2240
f 2243 2242 2244
f 2212 2214 2242
f 2243 2236 2211
f 2245 2242 2214
f 2237 2241 2238
f 2210 2209 2212
f 2246 2247 2241
f 2238 2241 2247
f 2248 2249 2246
f 2247 2246 2249
f 2062 2065 2127
f 2250 2248 2246
f 2251 2246 2241
f 2243 2244 2240
f 2252 2251 2240
f 2253 2250 2251
f 2246 2251 2250
f 2244 2252 2240
f 2251 2241 2240
f 2253 2251 2252
f 2237 2236 2240
f 2056 2033 2127
f 2254 2244 2242
f 2226 2227 2231
f 2255 2245 2228
f 2245 2256 2254
f 2254 2242 2245
f 2255 2256 2245
f 2228 2231 2255
f 2228 2245 2214
f 2257 2255 2231
f 2230 2229 2233
f 2258 2257 2232
f 2259 2260 2257
f 2231 2232 2257
f 2260 2255 2257
f 2232 2233 2258
f 2255 2260 2256
f 2258 2233 2261
f 2254 2262 2263
f 2227 2230 2232
f 2262 2254 2256
f 2264 2252 2263
f 2262 2265 2263
f 2264 2263 2265
f 2266 2265 2262
f 2264 2253 2252
f 2262 2256 2266
f 2260 2267 2266
f 2266 2256 2260
f 2259 2267 2260
f 2257 2258 2259
f 2268 2269 2267
f 2266 2267 2269
f 2270 2267 2259
f 2269 2265 2266
f 2271 2259 2258
f 2263 2244 2254
f 2252 2244 2263
f 2233 2229 2272
f 2215 2226 2228
f 2268 2267 2270
f 2179 2273 2180
f 2221 2180 2273
f 2274 2273 2275
f 2225 2221 2274
f 2179 2276 2273
f 2225 2194 2221
f 2178 2181 2277
f 2277 2179 2178
f 2274 2221 2273
f 2177 2176 2178
f 2234 2225 2278
f 2279 2234 2278
f 2235 2234 2280
f 2235 2223 2234
f 2274 2275 2278
f 2234 2222 2225
f 2272 2281 2233
f 2229 2235 2272
f 2233 2282 2283
f 2261 2233 2283
f 2258 2284 2285
f 2271 2286 2259
f 2258 2285 2271
f 2287 2288 2270
f 2270 2259 2287
f 2288 2289 2290
f 2259 2286 2287
f 2233 2281 2282
f 2177 2179 2180
f 2060 2063 2059
f 2291 2033 2032
f 2033 2291 2046
f 2132 2135 2145
f 2292 2148 2145
f 2148 2292 2150
f 2154 2152 2151
f 2153 2151 2150
f 2186 2185 2293
f 2293 2184 2186
f 2187 2192 2171
f 2191 2193 2171
f 2172 2183 2294
f 2294 2182 2172
f 2182 2181 2176
f 2277 2276 2179
f 2273 2276 2275
f 2225 2274 2278
f 2279 2280 2234
f 2235 2280 2272
f 2281 2295 2282
f 2282 2295 2283
f 2261 2284 2258
f 2296 2285 2284
f 2285 2296 2271
f 2287 2286 2288
f 2290 2270 2288
f 2270 2290 2268
f 2289 2288 2297
f 2298 2299 2300
f 2301 2300 2302
f 2303 2302 2304
f 2305 2306 2307
f 2308 2309 2310
f 2311 2308 2306
f 2312 2313 2307
f 2310 2314 2304
f 2315 2316 2317
f 2318 2319 2320
f 2321 2316 2319
f 2322 2323 2324
f 2325 2324 2326
f 2325 2326 2327
f 2328 2327 2329
f 2315 2317 2312
f 2330 2299 2298
f 2301 2302 2303
f 2300 2301 2298
f 2314 2310 2309
f 2311 2306 2305
f 2305 2307 2313
f 2308 2311 2309
f 2304 2314 2303
f 2317 2316 2321
f 2331 2318 2332
f 2318 2321 2319
f 2333 2334 2329
f 2324 2325 2322
f 2313 2312 2317
f 2331 2332 2323
f 2325 2327 2328
f 2328 2329 2334
f 2323 2322 2331
f 2333 2335 2334
f 2332 2318 2320
f 2336 2337 2338
f 2339 2336 2338
f 2340 2339 2341
f 2342 2343 2344
f 2345 2346 2347
f 2345 2348 2341
f 2346 2343 2347
f 2349 2350 2351
f 2352 2353 2354
f 2355 2351 2353
f 2356 2354 2357
f 2358 2359 2360
f 2361 2359 2362
f 2357 2361 2356
f 2349 2344 2350
f 2363 2360 2364
f 2335 2365 2366
f 2366 2365 2367
f 2366 2367 2368
f 2369 2368 2370
f 2369 2366 2368
f 2371 2370 2337
f 2371 2337 2336
f 2369 2370 2371
f 2340 2336 2339
f 2340 2341 2348
f 2347 2343 2342
f 2342 2344 2349
f 2345 2347 2348
f 2355 2353 2352
f 2356 2361 2362
f 2362 2359 2358
f 2354 2356 2352
f 2351 2355 2349
f 2360 2363 2358
f 2365 2335 2333
f 2372 2373 2374
f 2375 2376 2377
f 2376 2378 2374
f 2379 2380 2381
f 2382 2383 2384
f 2385 2381 2383
f 2386 2384 2373
f 2387 2388 2389
f 2390 2388 2391
f 2392 2393 2394
f 2394 2395 2392
f 2393 2396 2397
f 2395 2390 2391
f 2377 2387 2389
f 2398 2397 2396
f 2363 2399 2400
f 2400 2399 2380
f 2379 2400 2380
f 2379 2381 2385
f 2382 2384 2386
f 2383 2382 2385
f 2372 2386 2373
f 2372 2374 2378
f 2375 2377 2389
f 2376 2375 2378
f 2401 2388 2390
f 2402 2395 2394
f 2394 2393 2403
f 2395 2402 2390
f 2388 2401 2389
f 2393 2397 2403
f 2398 2404 2397
f 2405 2406 2407
f 2406 2408 2407
f 2409 2410 2411
f 2412 2413 2405
f 2411 2410 2414
f 2414 2413 2412
f 2415 2408 2416
f 2417 2418 2419
f 2420 2417 2421
f 2422 2423 2424
f 2423 2425 2424
f 2422 2426 2427
f 2425 2420 2421
f 2409 2419 2418
f 2299 2427 2426
f 2404 2398 2416
f 2406 2428 2408
f 2416 2408 2428
f 2413 2429 2405
f 2410 2430 2414
f 2413 2414 2430
f 2406 2405 2429
f 2418 2431 2409
f 2420 2432 2417
f 2418 2417 2432
f 2423 2433 2425
f 2427 2434 2422
f 2330 2427 2299
f 2423 2422 2434
f 2420 2425 2433
f 2410 2409 2431
f 2416 2398 2415
f 2435 2436 2437
f 2437 2438 2435
f 2439 2436 2440
f 2441 2439 2442
f 2440 2436 2435
f 2443 2444 2441
f 2439 2440 2442
f 2445 2435 2438
f 2446 2447 2448
f 2448 2449 2450
f 2451 2447 2452
f 2451 2452 2445
f 2448 2450 2446
f 2447 2446 2452
f 2445 2438 2451
f 2453 2450 2449
f 2454 2455 2456
f 2457 2458 2455
f 2454 2459 2460
f 2461 2462 2463
f 2462 2461 2464
f 2464 2465 2462
f 2466 2463 2460
f 2461 2463 2466
f 2457 2467 2468
f 2443 2441 2442
f 2467 2444 2443
f 2460 2459 2466
f 2455 2458 2456
f 2454 2456 2459
f 2458 2457 2468
f 2467 2457 2444
f 2469 2470 2471
f 2449 2470 2453
f 2471 2472 2473
f 2453 2470 2469
f 2471 2473 2469
f 2474 2475 2472
f 2472 2475 2473
f 2476 2475 2474
f 2477 2478 2479
f 2478 2480 2481
f 2477 2476 2474
f 2482 2478 2481
f 2481 2480 2483
f 2480 2484 2483
f 2479 2478 2482
f 2477 2479 2476
f 2484 2485 2486
f 2487 2485 2488
f 2486 2485 2487
f 2483 2484 2486
f 2489 2487 2488
f 2490 2491 2492
f 2491 2489 2493
f 2494 2490 2495
f 2489 2496 2493
f 2491 2493 2492
f 2496 2489 2488
f 2495 2497 2494
f 2490 2492 2495
f 2498 2497 2499
f 2500 2498 2499
f 2494 2497 2498
f 2501 2502 2465
f 2502 2503 2504
f 2501 2503 2502
f 2505 2506 2507
f 2508 2509 2505
f 2504 2510 2506
f 2511 2509 2508
f 2510 2504 2503
f 2508 2505 2507
f 2510 2507 2506
f 2512 2513 2514
f 2511 2508 2514
f 2512 2515 2516
f 2516 2513 2512
f 2514 2513 2511
f 2517 2518 2519
f 2516 2515 2520
f 2519 2521 2517
f 2520 2515 2518
f 2521 2522 2517
f 2521 2523 2522
f 2517 2520 2518
f 2524 2522 2523
f 2525 2524 2523
f 2526 2527 2528
f 2527 2529 2525
f 2526 2528 2530
f 2531 2530 2532
f 2530 2528 2532
f 2529 2527 2526
f 2525 2529 2524
f 2533 2534 2535
f 2536 2537 2538
f 2537 2539 2535
f 2540 2541 2542
f 2543 2541 2544
f 2543 2542 2541
f 2543 2544 2534
f 2545 2546 2500
f 2546 2545 2547
f 2546 2547 2538
f 2499 2545 2500
f 2536 2539 2537
f 2547 2536 2538
f 2539 2533 2535
f 2533 2543 2534
f 2548 2549 2540
f 2550 2551 2552
f 2553 2554 2555
f 2554 2556 2552
f 2550 2552 2556
f 2556 2554 2553
f 2531 2551 2550
f 2531 2532 2551
f 2557 2553 2555
f 2548 2558 2549
f 2548 2540 2542
f 2559 2560 2561
f 2558 2561 2549
f 2562 2560 2559
f 2559 2561 2558
f 2557 2560 2562
f 2557 2555 2560
f 2465 2464 2501
f 2563 2564 2565
f 2563 2566 2567
f 2568 2569 2570
f 2568 2571 2572
f 2573 2566 2570
f 2571 2574 2575
f 2574 2576 2577
f 2578 2579 2580
f 2576 2581 2577
f 2582 2583 2584
f 2585 2586 2587
f 2588 2585 2589
f 2583 2588 2590
f 2579 2582 2591
f 2592 2581 2578
f 2575 2572 2571
f 2577 2581 2592
f 2574 2577 2575
f 2573 2567 2566
f 2569 2573 2570
f 2568 2572 2569
f 2564 2563 2567
f 2590 2588 2589
f 2593 2594 2595
f 2585 2587 2589
f 2584 2583 2590
f 2586 2593 2587
f 2579 2591 2580
f 2591 2582 2584
f 2594 2596 2595
f 2580 2592 2578
f 2594 2593 2586
f 2597 2598 2599
f 2600 2601 2602
f 2603 2599 2601
f 2604 2605 2606
f 2607 2608 2609
f 2605 2607 2610
f 2608 2598 2611
f 2612 2613 2614
f 2615 2614 2616
f 2617 2616 2618
f 2619 2620 2621
f 2622 2623 2624
f 2621 2622 2625
f 2613 2626 2623
f 2600 2602 2620
f 2618 2627 2628
f 2611 2609 2608
f 2598 2597 2611
f 2597 2599 2603
f 2600 2603 2601
f 2629 2596 2604
f 2629 2604 2606
f 2605 2610 2606
f 2609 2610 2607
f 2596 2629 2595
f 2620 2619 2600
f 2613 2612 2626
f 2612 2614 2615
f 2625 2619 2621
f 2624 2625 2622
f 2623 2626 2624
f 2616 2617 2615
f 2628 2617 2618
f 2627 2630 2628
f 2631 2632 235
f 2633 2634 2635
f 2631 2635 2632
f 2636 2637 2638
f 2639 2640 2641
f 2639 2641 2637
f 2642 2638 2634
f 2643 2644 2645
f 2646 2647 2648
f 2649 2648 2644
f 2650 2651 2652
f 2653 2654 2655
f 2656 2655 2651
f 2657 2652 2647
f 2658 2645 2640
f 2631 235 234
f 2633 2635 2659
f 2631 2659 2635
f 2636 2638 2642
f 2658 2640 2639
f 2636 2639 2637
f 2633 2642 2634
f 2643 2645 2660
f 2649 2646 2648
f 2644 2643 2649
f 2660 2645 2658
f 2657 2647 2646
f 2656 2651 2650
f 2653 2655 2656
f 2657 2650 2652
f 2654 2653 2661
f 2661 2662 2654
f 2663 2664 2665
f 2666 2667 2668
f 2669 2668 2664
f 2670 2671 2672
f 2673 2674 2675
f 2676 2675 2671
f 2677 2672 2667
f 2678 2679 2680
f 2681 2682 2683
f 2684 2683 2679
f 2685 2686 2687
f 230 205 2688
f 2689 2688 2686
f 2690 2687 2682
f 2691 2680 2674
f 2692 2662 2661
f 2664 2663 2669
f 2663 2665 2692
f 2667 2666 2677
f 2671 2670 2676
f 2670 2672 2677
f 2666 2668 2669
f 2674 2673 2691
f 2679 2678 2684
f 2678 2680 2691
f 2682 2681 2690
f 2686 2685 2689
f 2688 2689 230
f 2685 2687 2690
f 2681 2683 2684
f 2673 2675 2676
f 2665 2662 2692
f 2693 2694 2695
f 2696 2697 2693
f 2693 2695 2698
f 2699 2698 2695
f 2698 2699 2700
f 2700 2701 2702
f 2703 2697 2696
f 2704 2705 2706
f 2698 2706 2693
f 2707 2706 2698
f 2708 2706 2709
f 2709 2706 2710
f 2708 2693 2706
f 2696 2693 2708
f 2707 2704 2706
f 2698 2702 2711
f 2698 2712 2713
f 2714 2715 2716
f 2713 2712 2717
f 2713 2718 2715
f 2713 2715 2698
f 2698 2700 2702
f 2719 2715 2720
f 2720 2721 2719
f 2720 2715 2722
f 2723 2719 2724
f 2716 2719 2723
f 2716 2715 2719
f 2715 2714 2698
f 2725 2726 2716
f 2707 2727 2704
f 2727 2707 2728
f 2728 2707 2729
f 2714 2707 2698
f 2730 2731 2732
f 2730 2707 2733
f 2732 2707 2730
f 2733 2707 2734
f 2734 2707 2735
f 2735 2736 2734
f 2736 2735 2737
f 2738 2707 2739
f 2738 2739 2740
f 2738 2735 2707
f 2741 2733 2734
f 2739 2707 2742
f 2714 2743 2744
f 2743 2745 2744
f 2746 2747 2743
f 2714 2726 2748
f 2742 2714 2744
f 2714 2746 2743
f 2714 2716 2726
f 2749 2742 2750
f 2739 2742 2749
f 2751 2742 2744
f 2752 2751 2744
f 2751 2753 2754
f 2751 2754 2742
f 2714 2742 2707
f 2739 2749 2755
f 2728 2756 2727
f 2757 2758 2759
f 196 2757 197
f 2760 2761 2762
f 2763 2764 2765
f 2761 2763 2766
f 2758 2760 2767
f 2768 2769 2770
f 2771 2772 2773
f 2769 2771 2774
f 2775 2776 2777
f 2778 2779 2780
f 2779 2781 2782
f 2776 2778 2783
f 2772 2775 2784
f 2764 2768 2785
f 2767 2759 2758
f 197 2757 2759
f 2766 2762 2761
f 2785 2765 2764
f 2766 2763 2765
f 2767 2760 2762
f 2774 2770 2769
f 2784 2773 2772
f 2774 2771 2773
f 2783 2777 2776
f 2782 2780 2779
f 2786 2782 2781
f 2783 2778 2780
f 2784 2775 2777
f 2785 2768 2770
f 2781 2787 2786
f 133 138 2788
f 2787 2789 2790
f 2791 2792 2793
f 2789 2791 2794
f 2795 2796 2797
f 2798 2799 2800
f 2796 2798 2801
f 2792 2795 2802
f 2803 2804 2805
f 2804 2806 2807
f 2808 2809 2810
f 2811 2812 2813
f 2812 2814 2815
f 2809 2811 2816
f 2806 2808 2817
f 2799 2803 2818
f 2790 2789 2794
f 2793 2792 2802
f 2791 2793 2794
f 2797 2796 2801
f 2800 2799 2818
f 2798 2800 2801
f 2795 2797 2802
f 2805 2804 2807
f 2808 2810 2817
f 2817 2807 2806
f 2818 2803 2805
f 2810 2809 2816
f 2813 2812 2815
f 2815 2814 2819
f 2811 2813 2816
f 2788 138 2819
f 2819 2814 2788
f 2820 133 2788
f 2787 2790 2786
f 2821 2822 2823
f 2824 2825 2822
f 2822 2825 2823
f 2826 2827 2821
f 2828 2827 2829
f 2826 2821 2823
f 2829 2830 2828
f 2827 2826 2829
f 2831 2832 2833
f 2833 2834 2835
f 2836 2832 2824
f 2832 2837 2824
f 2833 2835 2831
f 2832 2831 2837
f 2824 2822 2836
f 2838 2835 2834
f 2839 2840 2841
f 2839 2841 2842
f 2843 2844 2840
f 2842 2845 2839
f 2846 2847 2848
f 2848 2845 2846
f 2846 2849 2847
f 2839 2845 2848
f 2830 2850 2851
f 2852 2853 2851
f 2850 2830 2829
f 2851 2853 2830
f 2854 2844 2843
f 2841 2840 2844
f 2854 2852 2844
f 2853 2852 2854
f 2855 2856 2857
f 2856 2858 2859
f 2860 2838 2855
f 2855 2861 2860
f 2856 2859 2857
f 2855 2857 2861
f 2860 2835 2838
f 2862 2859 2858
f 2863 2862 2864
f 2858 2864 2862
f 2863 2865 2866
f 2867 2862 2863
f 2865 2868 2866
f 2868 2869 2870
f 2871 2866 2868
f 2867 2863 2866
f 2869 2872 2870
f 2873 2872 2874
f 2870 2872 2873
f 2871 2868 2870
f 2875 2873 2874
f 2876 2877 2878
f 2877 2875 2878
f 2879 2876 2880
f 2876 2878 2881
f 2876 2881 2880
f 2878 2875 2874
f 2882 2883 2884
f 2884 2885 2882
f 2882 2886 2883
f 2880 2885 2884
f 2884 2879 2880
f 2887 2888 2849
f 2849 2889 2887
f 2890 2888 2887
f 2846 2889 2849
f 2890 2891 2892
f 2893 2894 2891
f 2890 2892 2888
f 2895 2894 2893
f 2896 2891 2890
f 2897 2895 2893
f 2896 2893 2891
f 2898 2899 2900
f 2897 2900 2899
f 2898 2901 2902
f 2902 2899 2898
f 2899 2895 2897
f 2903 2901 2904
f 2905 2906 2904
f 2905 2904 2901
f 2902 2901 2903
f 2907 2906 2908
f 2909 2908 2910
f 2908 2906 2910
f 2904 2906 2907
f 2911 2909 2912
f 2913 2914 2915
f 2914 2913 2912
f 2911 2912 2913
f 2913 2915 2916
f 2917 2909 2911
f 2917 2908 2909
f 2918 2916 2915
f 2919 2920 2921
f 2919 2921 2922
f 2923 2924 2921
f 2919 2925 2920
f 2926 2925 2927
f 2919 2928 2925
f 2925 2928 2927
f 2927 2929 2926
f 2930 2931 2886
f 2886 2932 2930
f 2930 2933 2931
f 2882 2932 2886
f 2933 2924 2923
f 2922 2921 2924
f 2933 2934 2924
f 2930 2934 2933
f 2935 2936 2937
f 2938 2939 2940
f 2939 2938 2937
f 2937 2938 2935
f 2938 2940 2941
f 2935 2918 2936
f 2918 2915 2936
f 2942 2941 2940
f 2943 2944 2945
f 2945 2929 2927
f 2946 2947 2944
f 2944 2929 2945
f 2946 2942 2948
f 2940 2948 2942
f 2946 2944 2943
f 2948 2947 2946
f 2949 2950 2951
f 127 2949 2952
f 2953 2954 2955
f 2956 2957 2958
f 2954 2956 2959
f 2950 2953 2960
f 2961 2962 2963
f 2964 2965 2966
f 2962 2964 2967
f 2968 2969 2970
f 2971 2972 2973
f 2969 2971 2974
f 2965 2968 2975
f 2957 2961 2976
f 2952 2949 2951
f 127 2952 128
f 2960 2953 2955
f 2959 2956 2958
f 2954 2959 2955
f 2950 2960 2951
f 2976 2961 2963
f 2964 2966 2967
f 2967 2963 2962
f 2958 2957 2976
f 2966 2965 2975
f 2970 2969 2974
f 2974 2971 2973
f 2968 2970 2975
f 2977 2973 2972
f 2972 2978 2977
f 67 98 2979
f 2980 2981 2982
f 2983 2984 2985
f 2981 2983 2986
f 2987 2988 2989
f 2990 2991 2992
f 2988 2990 2993
f 2984 2987 2994
f 2995 2996 2997
f 2998 2999 3000
f 2996 2998 3001
f 3002 3003 3004
f 3005 3006 2979
f 3003 3005 3007
f 2999 3002 3008
f 2991 2995 3009
f 2977 2978 3010
f 2986 2982 2981
f 3010 2980 2982
f 2994 2985 2984
f 2993 2989 2988
f 2994 2987 2989
f 2986 2983 2985
f 3009 2992 2991
f 3001 2997 2996
f 3009 2995 2997
f 3008 3000 2999
f 3007 3004 3003
f 2979 3007 3005
f 3008 3002 3004
f 3001 2998 3000
f 2993 2990 2992
f 3006 67 2979
f 3010 2978 2980
f 3011 3012 3013
f 3014 3013 3015
f 3012 3015 3013
f 3011 3016 3012
f 3017 3016 3018
f 3019 3016 3011
f 3018 3020 3017
f 3016 3019 3018
f 3021 3022 3023
f 3022 3024 3025
f 3026 3014 3021
f 3021 3023 3026
f 3024 3027 3025
f 3022 3025 3023
f 3026 3013 3014
f 3028 3027 3024
f 3029 3030 3031
f 3032 3033 3030
f 3029 3034 3035
f 3036 3037 3038
f 3037 3036 3039
f 3039 3040 3037
f 3035 3036 3038
f 3041 3036 3035
f 3020 3042 3043
f 3033 3044 3043
f 3042 3020 3018
f 3043 3044 3020
f 3034 3029 3031
f 3032 3044 3033
f 3031 3030 3033
f 3034 3041 3035
f 3045 3046 3047
f 3046 3048 3047
f 3049 3050 3045
f 3050 3049 3028
f 3048 3051 3047
f 3045 3047 3049
f 3028 3024 3050
f 3052 3051 3048
f 3053 3052 3054
f 3048 3054 3052
f 3053 3055 3056
f 3057 3052 3053
f 3055 3058 3056
f 3058 3059 3060
f 3061 3056 3058
f 3057 3053 3056
f 3060 3059 3062
f 3062 3063 3064
f 3062 3059 3063
f 3061 3058 3060
f 3065 3062 3064
f 3066 3067 3068
f 3067 3065 3068
f 3069 3066 3070
f 3066 3068 3071
f 3066 3071 3070
f 3068 3065 3064
f 3072 3073 3074
f 3073 3072 3075
f 3075 3076 3073
f 3070 3072 3074
f 3074 3069 3070
f 3040 3077 3078
f 3077 3040 3079
f 3080 3077 3079
f 3037 3040 3078
f 3081 3082 3083
f 3081 3084 3082
f 3080 3083 3077
f 3085 3084 3086
f 3081 3083 3080
f 3087 3085 3086
f 3081 3086 3084
f 3088 3089 3090
f 3085 3087 3090
f 3088 3091 3092
f 3092 3089 3088
f 3090 3089 3085
f 3093 3091 3094
f 3095 3096 3094
f 3095 3094 3091
f 3092 3091 3093
f 3096 3097 3098
f 3099 3100 3097
f 3098 3097 3100
f 3094 3096 3098
f 3101 3099 3102
f 3103 3104 3105
f 3104 3103 3102
f 3102 3103 3101
f 3103 3105 3106
f 3101 3107 3099
f 3107 3100 3099
f 3108 3106 3105
f 3109 3110 3111
f 3112 3113 3114
f 3114 3110 3112
f 3115 3116 3117
f 3111 3116 3109
f 3116 3118 3117
f 3117 3119 3115
f 3118 3116 3111
f 3120 3121 3122
f 3122 3076 3120
f 3121 3120 3113
f 3073 3076 3122
f 3114 3113 3123
f 3120 3123 3113
f 3110 3114 3124
f 3124 3111 3110
f 3125 3108 3126
f 3127 3128 3129
f 3128 3125 3126
f 3125 3128 3127
f 3127 3129 3130
f 3131 3108 3125
f 3131 3106 3108
f 3132 3130 3129
f 3133 3134 3135
f 3135 3119 3117
f 3136 3137 3134
f 3134 3119 3135
f 3137 3136 3132
f 3129 3138 3132
f 3136 3134 3133
f 3132 3138 3137
f 3139 3140 3141
f 3141 3142 3143
f 3142 3141 3140
f 3144 3145 3146
f 3146 3147 3144
f 3148 3149 3150
f 3151 3150 3149
f 34 3152 35
f 3153 3154 3155
f 3156 3155 3152
f 3157 3158 3159
f 3160 3161 3162
f 3163 3162 3158
f 3153 3159 3154
f 3164 3165 3166
f 3167 3168 3169
f 3170 3169 3165
f 3171 3172 3173
f 3174 3175 3176
f 3177 3176 3172
f 3178 3173 3168
f 3164 3166 3161
f 3156 3152 34
f 3153 3155 3179
f 3156 3179 3155
f 3163 3158 3157
f 3160 3162 3180
f 3163 3180 3162
f 3153 3157 3159
f 3170 3165 3164
f 3181 3167 3169
f 3169 3170 3181
f 3164 3161 3160
f 3178 3168 3167
f 3177 3172 3171
f 3174 3176 3177
f 3178 3171 3173
f 3175 3174 3182
f 3182 3183 3175
f 3184 3185 3186
f 3187 3188 3189
f 3190 3189 3185
f 3191 3192 3193
f 3194 3195 3196
f 3194 3196 3192
f 3197 3193 3188
f 3198 3199 3200
f 3201 3202 3203
f 3198 3203 3199
f 3204 3205 3206
f 28 5 3207
f 3208 3207 3205
f 3209 3206 3202
f 3210 3200 3195
f 3211 3183 3182
f 3185 3184 3190
f 3184 3186 3211
f 3188 3187 3197
f 3192 3191 3194
f 3191 3193 3197
f 3187 3189 3190
f 3195 3212 3210
f 3203 3198 3201
f 3198 3200 3210
f 3202 3213 3209
f 3205 3204 3208
f 3207 3208 28
f 3204 3206 3209
f 3213 3202 3201
f 3212 3195 3194
f 3186 3183 3211
f 3214 3215 3216
f 3215 3214 3217
f 3216 3218 3219
f 3216 3220 3218
f 3218 3220 3221
f 3218 3222 3219
f 3214 3216 3223
f 3224 3225 3223
f 3224 3226 3227
f 3226 3224 3223
f 3228 3229 3230
f 3230 3223 3228
f 3223 3216 3219
f 3223 3230 3214
f 3219 3231 3223
f 3232 3219 3233
f 3232 3234 3235
f 3236 3232 3237
f 3237 3235 3238
f 3232 3235 3237
f 3239 3236 3237
f 3236 3240 3232
f 3241 3236 3242
f 3241 3243 3244
f 3245 3236 3241
f 3245 3241 3244
f 3246 3236 3245
f 3246 3240 3236
f 3240 3219 3232
f 3247 3248 3246
f 3223 3231 3226
f 3226 3231 3249
f 3249 3231 3250
f 3219 3251 3231
f 3252 3253 3254
f 3231 3251 3252
f 3254 3231 3252
f 3252 3251 3255
f 3251 3256 3255
f 3256 3257 3258
f 3257 3256 3251
f 3251 3219 3259
f 3251 3259 3260
f 3261 3257 3251
f 3255 3256 3262
f 3263 3260 3264
f 3240 3265 3266
f 3266 3267 3240
f 3268 3265 3240
f 3269 3248 3270
f 3248 3269 3240
f 3267 3259 3240
f 3240 3246 3248
f 3271 3272 3259
f 3267 3271 3259
f 3273 3272 3271
f 3274 3275 3276
f 3267 3275 3274
f 3267 3274 3271
f 3219 3240 3259
f 3259 3264 3260
f 3277 3226 3249
