mtllib LINK4_Mesh.mtl
v -0.02538832785077827 0.03778442562278883 0.1170000055572018
v -0.025510978003088214 0.03776023662627859 0.11200000531971455
v -0.021773661693983426 0.03831461516213164 0.11200000531971455
v -0.02171144970067207 0.038320688160466965 0.1170000055572018
v -0.018000000854954123 0.038500001828651875 0.11200000531971455
v -0.03250200807452419 0.03566429307579888 0.1170000055572018
v -0.03273331225421172 0.03556936432983493 0.11200000531971455
v -0.02917596192655525 0.036842202982820815 0.11200000531971455
v -0.03907660860652751 0.03221842346632808 0.1170000055572018
v -0.03938945575883812 0.03201158294136697 0.11200000531971455
v -0.03614877491033397 0.03395396966082265 0.11200000531971455
v -0.035872548853512765 0.03410017938456411 0.1170000055572018
v -0.028996383136897785 0.036896203839877906 0.1170000055572018
v -0.04486773513281195 0.027574899075850645 0.1170000055572018
v -0.045223612072322616 0.027223613124717216 0.11200000531971455
v -0.04242414294521435 0.02976090381835217 0.11200000531971455
v -0.049660109017664045 0.021906340685881043 0.1170000055572018
v -0.05001158379632109 0.021389454903883998 0.11200000531971455
v -0.04776090467330629 0.024424142090260226 0.11200000531971455
v -0.04740085445478881 0.024856387365307375 0.1170000055572018
v -0.05327558770501506 0.015423460739288908 0.1170000055572018
v -0.05356936518478905 0.014733313306606322 0.11200000531971455
v -0.05195397051577677 0.01814877596272857 0.11200000531971455
v -0.05557977177441886 0.008367247025230506 0.1170000055572018
v -0.05576023748123271 0.007510977624971271 0.11200000531971455
v -0.05484220383777494 0.011175961071601126 0.11200000531971455
v -0.056211359786595416 0.004705539450033103 0.1170000055572018
v -0.05631461601708576 0.003773660123773531 0.11200000531971455
v -0.05459813568043037 0.011951015086380523 0.1170000055572018
v -0.05162445313562358 0.018752238210629768 0.1170000055572018
v -0.042084344955442 0.030036553855858905 0.1170000055572018
v -0.018000000854954123 0.038500001828651875 0.1170000055572018
v -0.0564870136387996 0.0010000000474974513 0.11400000541470945
v -0.02171144970067207 -0.038320688160466965 0.1170000055572018
v -0.018000000854954123 -0.038500001828651875 0.1170000055572018
v -0.018000000854954123 -0.038500001828651875 0.11200000531971455
v -0.0564870136387996 -0.0010000000474974513 0.11400000541470945
v -0.056500002683606 -3.953835331200426e-16 0.11200000531971455
v -0.05576023748123271 -0.007510977624971271 0.11200000531971455
v -0.05631461601708576 -0.003773660123773531 0.11200000531971455
v -0.056211359786595416 -0.004705539450033103 0.1170000055572018
v -0.05484220383777494 -0.011175961071601126 0.11200000531971455
v -0.05459813568043037 -0.011951015086380523 0.1170000055572018
v -0.05356936518478905 -0.014733313306606322 0.11200000531971455
v -0.05557977177441886 -0.008367247025230506 0.1170000055572018
v -0.05195397051577677 -0.01814877596272857 0.11200000531971455
v -0.05327558770501506 -0.015423460739288908 0.1170000055572018
v -0.05162445313562358 -0.018752238210629768 0.1170000055572018
v -0.05001158379632109 -0.021389454903883998 0.11200000531971455
v -0.04776090467330629 -0.024424142090260226 0.11200000531971455
v -0.049660109017664045 -0.021906340685881043 0.1170000055572018
v -0.04242414294521435 -0.02976090381835217 0.11200000531971455
v -0.045223612072322616 -0.027223613124717216 0.11200000531971455
v -0.04486773513281195 -0.027574899075850645 0.1170000055572018
v -0.04740085445478881 -0.024856387365307375 0.1170000055572018
v -0.03614877491033397 -0.03395396966082265 0.11200000531971455
v -0.03938945575883812 -0.03201158294136697 0.11200000531971455
v -0.03907660860652751 -0.03221842346632808 0.1170000055572018
v -0.02917596192655525 -0.036842202982820815 0.11200000531971455
v -0.03273331225421172 -0.03556936432983493 0.11200000531971455
v -0.03250200807452419 -0.03566429307579888 0.1170000055572018
v -0.025510978003088214 -0.03776023662627859 0.11200000531971455
v -0.028996383136897785 -0.036896203839877906 0.1170000055572018
v -0.035872548853512765 -0.03410017938456411 0.1170000055572018
v -0.042084344955442 -0.030036553855858905 0.1170000055572018
v -0.021773661693983426 -0.03831461516213164 0.11200000531971455
v -0.02538832785077827 -0.03778442562278883 0.1170000055572018
v -0.0564870136387996 -0.0010000000474974513 0.1170000055572018
v -0.0564870136387996 0.0010000000474974513 0.1170000055572018
v 0.013933664983712957 -0.023500001116190106 0.045933138168035015
v 0.009874836437047119 -0.03000000142492354 0.04697326883267294
v 0.014168223100322619 -0.03000000142492354 0.0458613303032962
v 0.018368805804112043 -0.023500001116190106 0.044346220215463195
v 0.01832011691324964 -0.03000000142492354 0.044366354188587476
v 0.004704822763750283 -0.023500001116190106 0.04776886976157524
v -1.7789529375777763e-14 -0.029883998382914667 0.04800000227987766
v 0.00495873903939098 -0.02996536778680392 0.04774317777427095
v 0.009364335504901677 -0.023500001116190106 0.04707769617527946
v 0.02228966246617281 -0.03000000142492354 0.042511308781874035
v 0.02607787256126426 -0.03000000142492354 0.040298196799315456
v 0.022627043845112604 -0.023500001116190106 0.042332223995535934
v 0.02666737301651012 -0.023500001116190106 0.03991054343007283
v 0.029676829793973125 -0.03000000142492354 0.0377264612950845
v 0.03045087958964965 -0.023500001116190106 0.03710450539396115
v 0.03300585712799675 -0.03000000142492354 0.03485130475593401
v 0.042332223995535934 -0.023500001116190106 0.022627043845112604
v 0.041232057622480056 -0.03000000142492354 0.024574732994019355
v 0.0433041936461942 -0.03000000142492354 0.020706206351533973
v 0.04501212524587128 -0.03000000142492354 0.01667184718164072
v 0.044346220215463195 -0.023500001116190106 0.018368805804112043
v 0.03879425614560672 -0.03000000142492354 0.02826669255048153
v 0.03991054343007283 -0.023500001116190106 0.02666737301651012
v 0.04707769617527946 -0.023500001116190106 0.009364335504901677
v 0.04635194235662832 -0.03000000142492354 0.012469870205934486
v 0.047301584583130385 -0.03000000142492354 0.008158448606804813
v 0.045933138168035015 -0.023500001116190106 0.013933664983712957
v 0.03710450539396115 -0.023500001116190106 0.03045087958964965
v 0.036045244021627454 -0.03000000142492354 0.03169828565475763
v 0.033941125574519226 -0.023500001116190106 0.033941125574519226
v 0.04776886976157524 -0.023500001116190106 0.004704822763750283
v 0.04784850920017236 -0.03000000142492354 0.0038105761430592966
v 2.76336448413334e-16 -0.023500001116190106 0.04800000227987766
v 0.04800000227987766 -0.023500001116190106 4.1913858680662104e-17
v 0.04799658049626787 -0.03000000142492354 -0.0005732547317035402
v 0.04776886976157524 -0.023500001116190106 -0.004704822763750283
v 0.04774009168403648 -0.03000000142492354 -0.004988363502925752
v 0.04707769617527946 -0.023500001116190106 -0.009364335504901677
v 0.04708308634277181 -0.03000000142492354 -0.00933939405932005
v 0.044599142285581816 -0.03000000142492354 -0.01774589050658082
v 0.04277557576219948 -0.03000000142492354 -0.0217772856565579
v 0.044346220215463195 -0.023500001116190106 -0.018368805804112043
v 0.045933138168035015 -0.023500001116190106 -0.013933664983712957
v 0.04603547124174323 -0.03000000142492354 -0.013591744114811455
v 0.04060760309452904 -0.03000000142492354 -0.025594205164634065
v 0.042332223995535934 -0.023500001116190106 -0.022627043845112604
v 0.03810481061725435 -0.03000000142492354 -0.02918944497468101
v 0.03991054343007283 -0.023500001116190106 -0.02666737301651012
v 0.022627043845112604 -0.023500001116190106 -0.042332223995535934
v 0.025107897997370676 -0.03000000142492354 -0.04090957835911624
v 0.02123695474405274 -0.03000000142492354 -0.043046392578041104
v 0.02666737301651012 -0.023500001116190106 -0.03991054343007283
v 0.02873709815143788 -0.03000000142492354 -0.03844762221800968
v 0.03212390289299094 -0.03000000142492354 -0.035665879989936755
v 0.03045087958964965 -0.023500001116190106 -0.03710450539396115
v 0.004704822763750283 -0.023500001116190106 -0.04776886976157524
v 0.008769281803847617 -0.03000000142492354 -0.04719215998686854
v 0.00438616439671663 -0.03000000142492354 -0.04779918134748762
v 0.018368805804112043 -0.023500001116190106 -0.044346220215463195
v 0.017204140526625444 -0.03000000142492354 -0.044810911399644215
v 2.822147760313215e-16 -0.023500001116190106 -0.04800000227987766
v -5.399327075432075e-17 -0.03000000142492354 -0.04800000227987766
v 0.03710450539396115 -0.023500001116190106 -0.03045087958964965
v 0.03526610351220816 -0.03000000142492354 -0.03256228029418384
v 0.033941125574519226 -0.023500001116190106 -0.033941125574519226
v 0.013933664983712957 -0.023500001116190106 -0.045933138168035015
v 0.009364335504901677 -0.023500001116190106 -0.04707769617527946
v 0.013048268937935759 -0.03000000142492354 -0.046192896175978326
v -0.028188277629764835 0.03971400640291556 0.1170000055572018
v -0.03270214236137381 0.038273401170916266 0.1170000055572018
v -0.028996383136897785 0.036896203839877906 0.1170000055572018
v -0.02538832785077827 0.03778442562278883 0.1170000055572018
v -0.03250200807452419 0.03566429307579888 0.1170000055572018
v -0.02368221204708587 0.04060435297230436 0.1170000055572018
v -0.01927084060647788 0.04098029903508271 0.1170000055572018
v -0.02171144970067207 0.038320688160466965 0.1170000055572018
v -0.018000000854954123 0.038500001828651875 0.1170000055572018
v -0.014933876746918706 0.04088519099833876 0.1170000055572018
v -0.03907660860652751 0.03221842346632808 0.1170000055572018
v -0.04135264020877383 0.03369963233795126 0.1170000055572018
v -0.04528081346053758 0.03060668899951602 0.1170000055572018
v -0.04486773513281195 0.027574899075850645 0.1170000055572018
v -0.042084344955442 0.030036553855858905 0.1170000055572018
v -0.04881488268967615 0.027045428606976563 0.1170000055572018
v -0.03712518105412288 0.03626618748304944 0.1170000055572018
v -0.035872548853512765 0.03410017938456411 0.1170000055572018
v -0.010474165460264695 0.04030337334375078 0.1170000055572018
v -0.014288552009236177 0.038320688160466965 0.1170000055572018
v -0.01061167481280434 0.03778442562278883 0.1170000055572018
v -0.0059537113156535315 0.03919039340197106 0.1170000055572018
v -0.0029730943661442077 0.03814698591222632 0.1170000055572018
v -0.007003618573010462 0.036896203839877906 0.1170000055572018
v -0.0034979929201282844 0.03566429307579888 0.1170000055572018
v -3.5404464048917946e-05 0.03685478004030296 0.1170000055572018
v -0.00012745199212809213 0.03410017938456411 0.1170000055572018
v 0.0028289340886060443 0.0353151376331895 0.1170000055572018
v 0.005589292791722267 0.03353431860939615 0.1170000055572018
v 0.0030766080887122127 0.03221842346632808 0.1170000055572018
v 0.008215830239474142 0.03152359730722698 0.1170000055572018
v 0.0060843418150222095 0.030036553855858905 0.1170000055572018
v 0.010680506259860278 0.029299092730743492 0.1170000055572018
v 0.008867732469229339 0.027574899075850645 0.1170000055572018
v -0.049660109017664045 0.021906340685881043 0.1170000055572018
v -0.05187629183166731 0.023095622205991928 0.1170000055572018
v -0.05440848799686204 0.018852875651322876 0.1170000055572018
v -0.05327558770501506 0.015423460739288908 0.1170000055572018
v -0.05162445313562358 0.018752238210629768 0.1170000055572018
v -0.056380141075129675 0.014421191900484964 0.1170000055572018
v -0.04740085445478881 0.024856387365307375 0.1170000055572018
v -0.05557977177441886 0.008367247025230506 0.1170000055572018
v -0.0577855709819719 0.009905134671518434 0.1170000055572018
v -0.05864248554293683 0.005402734536248677 0.1170000055572018
v -0.05898780339991472 0.0010000000474974513 0.1170000055572018
v -0.056211359786595416 0.004705539450033103 0.1170000055572018
v -0.0564870136387996 0.0010000000474974513 0.1170000055572018
v -0.05459813568043037 0.011951015086380523 0.1170000055572018
v 0.012958051343318622 0.026881373728578906 0.1170000055572018
v 0.011400851791206201 0.024856387365307375 0.1170000055572018
v 0.015026819942861591 0.0242948276615107 0.1170000055572018
v 0.013660106354081436 0.021906340685881043 0.1170000055572018
v 0.01686946949022161 0.02156685550129933 0.1170000055572018
v 0.015624450472040974 0.018752238210629768 0.1170000055572018
v 0.018473425788939624 0.018726918156326544 0.1170000055572018
v 0.017275585995106812 0.015423460739288908 0.1170000055572018
v 0.01983109759109647 0.01580553606718993 0.1170000055572018
v 0.0185981320631734 0.011951015086380523 0.1170000055572018
v 0.020939852755453847 0.012833280219228249 0.1170000055572018
v 0.01957977197185934 0.008367247025230506 0.1170000055572018
v 0.020211359984035893 0.004705539450033103 0.1170000055572018
v 0.02242320548704213 0.006853193608590269 0.1170000055572018
v 0.02298780169000647 0.0010000000474974513 0.1170000055572018
v 0.020487011928891352 0.0010000000474974513 0.1170000055572018
v -0.029900948991019582 -0.03923476977736984 0.10700000508222729
v -0.025998667998176073 -0.04021220207477194 0.10700000508222729
v -0.029084475945037047 -0.039473260847047165 0.1170000055572018
v -0.02532980848459543 -0.040339506157967 0.1170000055572018
v -0.022018313500037356 -0.0408024273225327 0.1070001195231507
v -0.03368969123640486 -0.03787919796615746 0.10700000508222729
v -0.03651449376925742 -0.03658171636766516 0.1170000055572018
v -0.0373269861784542 -0.036158765602947174 0.10700000508222729
v -0.03283180011289355 -0.038223340896321734 0.1170000055572018
v -0.04077816203207352 -0.03409040231500793 0.10700000508222729
v -0.040072401042741124 -0.03455169460376384 0.1170000055572018
v -0.04344532219293651 -0.032148831940805866 0.1170000055572018
v -0.04400998515310617 -0.03169333799216911 0.10700000508222729
v -0.021619896961948548 -0.04083989146615785 0.1170000055572018
v -0.01800000466965157 -0.04100003246497508 0.1069999974528324
v -0.049413912259144155 -0.02634726077291205 0.1170000055572018
v -0.049693376994097704 -0.026009946151177576 0.10700000508222729
v -0.0469913962749402 -0.028991361087709056 0.10700000508222729
v -0.054052931491936906 -0.01952422616233629 0.1170000055572018
v -0.05415878934608598 -0.019326937639781994 0.10700000508222729
v -0.052090433687541626 -0.022778111586052585 0.10700000508222729
v -0.051916555963218425 -0.023036452433894405 0.1170000055572018
v -0.057234789705811195 -0.01190090426704482 0.10700000508222729
v -0.05587921789459882 -0.01568964079038393 0.10700000508222729
v -0.05716308865260089 -0.012134949306847886 0.1170000055572018
v -0.058212214373818405 -0.007998616121643598 0.10700000508222729
v -0.05873554890184929 -0.004649306041295265 0.1170000055572018
v -0.058802531174317885 -0.004018202495694456 0.10700001271162218
v -0.0581351841882749 -0.008376722733688391 0.1170000055572018
v -0.05580400350504 -0.015870234289562246 0.1170000055572018
v -0.04657614356966988 -0.029400960411363197 0.1170000055572018
v -0.05900000280234963 -4.294522298688506e-16 0.1069999974528324
v -0.05898780339991472 -0.0010000000474974513 0.11400000541470945
v -0.018000000854954123 -0.04099999813269806 0.1170000055572018
v -0.05898780339991472 -0.0010000000474974513 0.1170000055572018
v -0.05898780339991472 0.0010000000474974513 0.11400000541470945
v -0.05831555071295513 0.007460461017194664 0.10700000508222729
v -0.058834158830849415 0.003684025224191395 0.10700000508222729
v -0.05864248554293683 0.005402734536248677 0.1170000055572018
v -0.056121435923681684 0.015091807128565504 0.10700000508222729
v -0.057417422160774834 0.011281438409679878 0.10700000508222729
v -0.056380141075129675 0.014421191900484964 0.1170000055572018
v -0.0577855709819719 0.009905134671518434 0.1170000055572018
v -0.05231705723346192 0.02243547736872853 0.10700000508222729
v -0.054419821462976525 0.01883097547328072 0.10700000508222729
v -0.05440848799686204 0.018852875651322876 0.1170000055572018
v -0.04699174722710531 0.02899124092473948 0.10700000508222729
v -0.04983079002552682 0.025842088019425447 0.10700000508222729
v -0.04881488268967615 0.027045428606976563 0.1170000055572018
v -0.04384263819081191 0.031830354295063756 0.10700000508222729
v -0.04528081346053758 0.03060668899951602 0.1170000055572018
v -0.05187629183166731 0.023095622205991928 0.1170000055572018
v -0.03683152182996974 0.03641956883799091 0.1069999974528324
v -0.04043604089155606 0.03431670924104013 0.1069999974528324
v -0.03712518105412288 0.03626618748304944 0.1170000055572018
v -0.029281844576237726 0.03941734882656922 0.1069999974528324
v -0.03309229817214154 0.03812127866613224 0.1069999974528324
v -0.03270214236137381 0.038273401170916266 0.1170000055572018
v -0.02168418415067097 0.04083419612286976 0.1069999974528324
v -0.025460755603852192 0.040315542228606116 0.1069999974528324
v -0.02368221204708587 0.04060435297230436 0.1170000055572018
v -0.010474165460264695 0.04030337334375078 0.1170000055572018
v -0.0059537113156535315 0.03919039340197106 0.10700000508222729
v -0.011909830659070364 0.04054515268262726 0.10700000508222729
v -0.01927084060647788 0.04098029903508271 0.1170000055572018
v -0.018000008484349017 0.041000059167857206 0.1069999974528324
v -0.028188277629764835 0.03971400640291556 0.1170000055572018
v -0.04135264020877383 0.03369963233795126 0.1170000055572018
v -0.014933876746918706 0.04088519099833876 0.1170000055572018
v -0.05898780339991472 0.0010000000474974513 0.1170000055572018
v -0.0059537113156535315 0.03919039340197106 0.1170000055572018
v -0.0028779977734925966 0.03810927381326712 0.10700000508222729
v -0.0059537113156535315 0.03919039340197106 0.10700000508222729
v -0.0029730943661442077 0.03814698591222632 0.1170000055572018
v -0.0025299674282114326 0.03796944226365673 0.10700000508222729
v 0.00010240398833770599 0.03678726371019181 0.10700000508222729
v 0.01273491538453908 0.027136214591513275 0.10700000508222729
v 0.012936862606350297 0.026905482616442766 0.1069999974528324
v 0.010701356442430199 0.029278523882110274 0.10700000508222729
v 0.008284267819018698 0.03146635014264265 0.10700000508222729
v 0.010076862813830356 0.02987804936224636 0.10700000508222729
v 0.022875588549911008 -0.002763023984538593 0.10700001271162218
v 0.02298780169000647 -0.0010000000474974513 0.11400000541470945
v 0.022834149491546274 -0.0036840321383305175 0.10700000508222729
v 0.0008310508526708851 0.03641968709361176 0.10700000508222729
v 0.0015351550116137619 0.036009965699639324 0.10700000508222729
v 0.0008182720334565935 0.036395910084425775 0.1170000055572018
v -3.5404464048917946e-05 0.03685478004030296 0.1170000055572018
v 0.004067578032097285 0.0345175645057072 0.10700000508222729
v 0.004065325453254942 0.03451749202645571 0.1170000055572018
v 0.004065929605963081 0.034518636435689753 0.10700000508222729
v 0.0028289340886060443 0.0353151376331895 0.1170000055572018
v -0.0025363723052246323 0.03795488537819969 0.1170000055572018
v 0.007179591996743506 0.03235729371218188 0.10700000508222729
v 0.005701071056308793 0.03345532766936499 0.10700000508222729
v 0.007160086495023588 0.032331811533237165 0.1170000055572018
v 0.008215830239474142 0.03152359730722698 0.1170000055572018
v 0.012725945123492899 0.027127765036668583 0.1170000055572018
v 0.010680506259860278 0.029299092730743492 0.1170000055572018
v 0.010059884549168951 0.0298592371817874 0.1170000055572018
v 0.012958051343318622 0.026881373728578906 0.1170000055572018
v 0.014976881738585357 0.024362376416550147 0.10700000508222729
v 0.004334488597753372 0.03434399577187719 0.10700000508222729
v 0.005589292791722267 0.03353431860939615 0.1170000055572018
v 0.016808310353405576 0.021665055350323925 0.10700000508222729
v 0.015112392189662871 0.02416279716817904 0.10700000508222729
v 0.015114859345236598 0.0241644889864967 0.1170000055572018
v 0.02094284347825215 0.012823970450109301 0.10700000508222729
v 0.020412821785597002 0.014333919252296767 0.10700000508222729
v 0.020939852755453847 0.012833280219228249 0.1170000055572018
v 0.018946555083872996 0.017708857423767155 0.1170000055572018
v 0.01894292349190363 0.017712038881437797 0.10700000508222729
v 0.018937529509713835 0.017723576433865684 0.10700000508222729
v 0.01980064676872728 0.015877779761112043 0.10700000508222729
v 0.01983109759109647 0.01580553606718993 0.1170000055572018
v 0.022274985417746196 0.007450736876565556 0.1170000055572018
v 0.022315491782585184 0.007460784312803281 0.10700000508222729
v 0.022160409072582432 0.008092096713089303 0.10700000508222729
v 0.02150251299946393 0.010865667859231154 0.10700000508222729
v 0.021425677363490214 0.010874693433390314 0.1170000055572018
v 0.021614447666645775 0.010474007150320652 0.10700000508222729
v 0.018764906820850635 0.018092736149886157 0.10700000508222729
v 0.021838315093660743 0.009690685732499649 0.10700000508222729
v 0.02298780169000647 0.0010000000474974513 0.11400000541470945
v 0.022971594947903684 0.0007124646644440444 0.10700006611738644
v 0.022969573158256873 0.0007633549933611442 0.10700006611738644
v 0.02248250305150412 0.006493507693678957 0.10700000508222729
v 0.022773480543352154 0.004066112711440528 0.10700012715254559
v 0.022676488046069476 0.004875244372186671 0.10700008900557112
v 0.015026819942861591 0.0242948276615107 0.1170000055572018
v 0.02287047304063483 0.0032569812891129757 0.10700017292891495
v 0.004070246889798512 0.0345158288183689 0.10700000508222729
v 0.002967906139197951 0.03523266387438939 0.10700000508222729
v 0.0036511973684756616 0.034788331730482014 0.10700000508222729
v -0.0059537113156535315 0.03919039340197106 0.1170000055572018
v 0.017187188011171806 0.02100430779086393 0.1170000055572018
v 0.018473425788939624 0.018726918156326544 0.1170000055572018
v 0.017613983990916182 0.020248055466125514 0.10700000508222729
v 0.017009728285946046 0.021310805379274322 0.10700000508222729
v 0.01686946949022161 0.02156685550129933 0.1170000055572018
v 0.0203840646888942 0.014323191369401966 0.1170000055572018
v 0.01911015410592576 0.01735441671784521 0.10700000508222729
v 0.022999909539702657 4.294512811919046e-16 0.10700003559980686
v 0.02242320548704213 0.006853193608590269 0.1170000055572018
v 0.02269376290345737 0.004048313333153697 0.1170000055572018
v 0.021390580239630808 0.011257328568141656 0.10700000508222729
v 0.02298780169000647 0.0010000000474974513 0.1170000055572018
v 0.02298780169000647 -0.0010000000474974513 0.1170000055572018
v 0.022879662646784205 -0.002564395311087514 0.1170000055572018
v 0.02256717979807976 -0.005941698833393516 0.10700000508222729
v 0.022574833988506793 -0.005572259213947883 0.10700000508222729
v 0.021915249911768075 -0.009368711916547534 0.10700000508222729
v 0.02141735560100999 -0.011281488000746687 0.10700000508222729
v 0.02231551848546731 -0.007460485812728068 0.10700000508222729
v 0.016085032273397415 -0.022786191115244936 0.10700000508222729
v 0.013830478371451016 -0.025842231070579702 0.10700000508222729
v 0.016316813290265797 -0.022435605161092997 0.10700000508222729
v 0.01965345285304454 -0.016223976905851423 0.10700000508222729
v 0.018419642369637 -0.01883108228480923 0.10700000508222729
v 0.02012131786550131 -0.015091885329863164 0.10700000508222729
v 0.018030796907442248 -0.019564805006426766 0.10700000508222729
v 0.02094737915351641 -0.01281021369744173 0.10700000508222729
v 0.022135203459202613 -0.008376474778354348 0.1170000055572018
v 0.02252837288095333 -0.005935448451626912 0.1170000055572018
v 0.019804070459685796 -0.015869849005120118 0.1170000055572018
v 0.020920832673984036 -0.012800554883506399 0.1170000055572018
v 0.021880854692238882 -0.009359815088427204 0.1170000055572018
v 0.021163132719062006 -0.012134617428170014 0.1170000055572018
v 0.016073073196901655 -0.022778916487213863 0.1170000055572018
v 0.018028822801513522 -0.01956360337673102 0.1170000055572018
v 0.013414041202623461 -0.026346877395818646 0.1170000055572018
v 0.011290030062004464 -0.028689616612317392 0.10700000508222729
v 0.013830479325125378 -0.02584222344118481 0.10700000508222729
v 0.015916671555256667 -0.023036044261267596 0.1170000055572018
v 0.019637930849133456 -0.016216538245830137 0.1170000055572018
v 0.018053023242116106 -0.019523816082360756 0.1170000055572018
v 0.01099137549154472 -0.028991387790591183 0.10700000508222729
v -0.001025686074336979 -0.03732120691182228 0.10700000508222729
v -0.0029081205318813586 -0.03812133970129139 0.10700000508222729
v 0.0008310750521578134 -0.036419660390729636 0.10700000508222729
v 0.0054811766366846815 -0.033610032724320504 0.10700000508222729
v 0.004435597153581161 -0.03431683131135843 0.10700000508222729
v 0.007842220678881962 -0.031830493531520565 0.10700000508222729
v 0.0022926288740002243 -0.0356259629958533 0.10700000508222729
v -0.01130001598624586 -0.04044885827497735 0.10700000508222729
v -0.014315973008158234 -0.04083418086407997 0.1069999974528324
v -0.010539518856923502 -0.04031554604330356 0.1069999974528324
v -0.0067185171457420645 -0.03941738315884624 0.1069999974528324
v -0.007866335288791992 -0.039727933863293874 0.10700000508222729
v -0.00442722055482514 -0.038688234259467436 0.10700000508222729
v -0.014689250690072542 -0.0408661098817098 0.10700000508222729
v -0.01800000466965157 -0.04100003246497508 0.1069999974528324
v 0.011261568604353789 -0.028663169314918635 0.1170000055572018
v 0.00849445383364067 -0.031289676245090936 0.10700000508222729
v 0.004072510435896015 -0.03455147335131192 0.1170000055572018
v 0.008463794156586268 -0.031254745060570466 0.1170000055572018
v 0.005451825877691718 -0.03356883017719747 0.1170000055572018
v 0.007445446368044006 -0.0321485496531948 0.1170000055572018
v -0.0031681357934837395 -0.03822323408479322 0.1170000055572018
v 0.002267265427513543 -0.03558151032650558 0.1170000055572018
v -0.010670175105499946 -0.04033947945508487 0.1170000055572018
v -0.004440734120530476 -0.03864772217258228 0.1170000055572018
v -0.007874079124609024 -0.039694364525761916 0.1170000055572018
v -0.01438009997958789 -0.040839887651460405 0.1170000055572018
v -0.001045407940927709 -0.037276967865531585 0.1170000055572018
v -0.006915486187385189 -0.039473199811888016 0.1170000055572018
v -0.011303251803355119 -0.04042487145743179 0.1170000055572018
v 0.0005145836716925409 -0.036581556150372396 0.1170000055572018
v -0.018000000854954123 -0.04099999813269806 0.1170000055572018
v 0.010576274420497911 -0.029400618995941707 0.1170000055572018
v 0.022735551006638488 -0.00464916918902436 0.1170000055572018
v 0.013808222472871945 -0.025825398718095638 0.1170000055572018
v -0.014689804774876691 -0.04085358622999191 0.1170000055572018
v 0.022883359088610167 -0.0025903350153072546 0.10700001271162218
v 0.02288076890904378 -0.0026478980845238975 0.10700001271162218
v 0.022917029515624465 -0.0018420160691652587 0.10700002034101708
v 0.022896309986442098 -0.002302520146061221 0.10700002034101708
v 0.022885949268176553 -0.002532772184509202 0.10700001271162218
v 0.022884007587176125 -0.0025759443076077415 0.10700001271162218
v 0.02288465417839336 -0.0025615535999082284 0.10700001271162218
v 0.022935191290168744 0.0016284906445564878 0.1070001042643609
v 0.02296754946126134 0.0008142453222782439 0.10700006611738644
v 0.022983729500481997 0.00040712266113912196 0.10700005085859665
v 0.02297564043454603 0.0006106840066098448 0.10700005848799155
v 0.02149376780556711 0.010896265547452044 0.10700000508222729
v 0.021492018766787746 0.010902385275831095 0.10700000508222729
v 0.021446545665873007 0.011061498213686405 0.10700000508222729
v 0.02147453028634283 0.010963582559621599 0.10700000508222729
v 0.021488520689229018 0.010914624732589195 0.10700000508222729
v 0.021495516844346474 0.010890145819072994 0.10700000508222729
v 0.018419659535775512 0.01883105367457838 0.10700000508222729
v 0.019023840854145435 0.017538996575855448 0.10700000508222729
v 0.018980685181929635 0.017631285551186204 0.10700000508222729
v 0.018959107345821735 0.017677431946200306 0.10700000508222729
v 0.018948319381442147 0.017700503236358633 0.10700000508222729
v 0.01721114812583524 0.02095655540822472 0.10700000508222729
v 0.01718439755998946 0.021003603979184993 0.10700000508222729
v 0.01718282399729265 0.021006371542182656 0.10700000508222729
v 0.017110438205890643 0.02113367944007516 0.10700000508222729
v 0.01716079221218858 0.02104511742414994 0.10700000508222729
v 0.017185971122686272 0.02100083641618733 0.10700000508222729
v 0.017173380713763065 0.021022976920168635 0.10700000508222729
v 0.01717967687189903 0.021011906668177982 0.10700000508222729
v 0.003992842863905222 0.0345661637511796 0.10700000508222729
v 0.004163665969247887 0.034455079761528395 0.10700000508222729
v 0.004078254416576554 0.034510621756354 0.10700000508222729
v 0.004035548878659478 0.0345383927537668 0.10700000508222729
v 0.004056901647618016 0.0345245072550604 0.10700000508222729
v 0.00407291622433692 0.0345140931310306 0.10700000508222729
v 0.041232057622480056 -0.03000000142492354 0.024574732994019355
v 0.042635892985789514 -0.03000000142492354 0.02714984450549074
v 0.04524248719528945 -0.03000000142492354 0.022099906063727248
v 0.0433041936461942 -0.03000000142492354 0.020706206351533973
v 0.03879425614560672 -0.03000000142492354 0.02826669255048153
v 0.03975416753763561 -0.03000000142492354 0.032048444362795525
v 0.04501212524587128 -0.03000000142492354 0.01667184718164072
v 0.047301584583130385 -0.03000000142492354 0.008158448606804813
v 0.04914691395544679 -0.03000000142492354 0.011446275301054132
v 0.050043180935273046 -0.03000000142492354 0.006489280055233526
v 0.04747494350860082 -0.03000000142492354 0.016874600258287575
v 0.04635194235662832 -0.03000000142492354 0.012469870205934486
v 0.04784850920017236 -0.03000000142492354 0.0038105761430592966
v 0.02607787256126426 -0.03000000142492354 0.040298196799315456
v 0.02228966246617281 -0.03000000142492354 0.042511308781874035
v 0.026272164638974083 -0.029999999517574816 0.05032698679592107
v 0.01832011691324964 -0.03000000142492354 0.044366354188587476
v 0.014168223100322619 -0.03000000142492354 0.0458613303032962
v 0.009874836437047119 -0.03000000142492354 0.04697326883267294
v 0.036045244021627454 -0.03000000142492354 0.03169828565475763
v 0.03300585712799675 -0.03000000142492354 0.03485130475593401
v 0.033366506254013384 -0.03000000142492354 0.041448267044370546
v 0.029676829793973125 -0.03000000142492354 0.0377264612950845
v 0.04799658049626787 -0.03000000142492354 -0.0005732547317035402
v 0.05044095851153951 -0.03000000142492354 0.0014678207140964017
v 0.0503357491559564 -0.03000000142492354 -0.003568724801768508
v 0.04774009168403648 -0.03000000142492354 -0.004988363502925752
v 0.0497292961852569 -0.03000000142492354 -0.008569620539481404
v 0.04862690202889208 -0.03000000142492354 -0.013484877273187701
v 0.04708308634277181 -0.03000000142492354 -0.00933939405932005
v 0.04603547124174323 -0.03000000142492354 -0.013591744114811455
v 0.044599142285581816 -0.03000000142492354 -0.01774589050658082
v 0.04704042658122409 -0.03000000142492354 -0.018265675458637443
v 0.04498466705364912 -0.03000000142492354 -0.022864647997633547
v 0.04060760309452904 -0.03000000142492354 -0.025594205164634065
v 0.042480913272617826 -0.03000000142492354 -0.02723607192657851
v 0.04277557576219948 -0.03000000142492354 -0.0217772856565579
v 0.03955380436893918 -0.03000000142492354 -0.03133536487641142
v 0.03810481061725435 -0.03000000142492354 -0.02918944497468101
v 0.03526610351220816 -0.03000000142492354 -0.03256228029418384
v 0.03212390289299094 -0.03000000142492354 -0.035665879989936755
v 0.03623280125099493 -0.03000000142492354 -0.03512279677322372
v 0.032550176259185104 -0.03000000142492354 -0.03856022445724472
v 0.02854349081191976 -0.03000000142492354 -0.041613622734597566
v 0.02873709815143788 -0.03000000142492354 -0.03844762221800968
v 0.025107897997370676 -0.03000000142492354 -0.04090957835911624
v -0.03942740436903902 -0.03000000142492354 -0.03149437863213311
v -0.03991242407591411 -0.03000000142492354 -0.026664553955096926
v -0.037103090141208384 -0.03000000142492354 -0.030452601925546885
v -0.04237124453571939 -0.03000000142492354 -0.027406525959943195
v -0.04232461748882699 -0.03000000142492354 -0.02264244950075156
v -0.04489240478120049 -0.03000000142492354 -0.023045470378658672
v -0.03609090976476326 -0.03000000142492354 -0.0352686898770771
v -0.028376174367205076 -0.03000000142492354 -0.04172796447586835
v -0.030447936550569432 -0.03000000142492354 -0.03710763344586754
v -0.026673320129829703 -0.03000000142492354 -0.03990656851533325
v -0.03239474641171469 -0.03000000142492354 -0.03869098084162914
v -0.02407411689663297 -0.03000000142492354 -0.04434911175612788
v -0.033925542535448994 -0.03000000142492354 -0.03395670479889201
v -0.04776651227855311 -0.03000000142492354 -0.004728696094046803
v -0.04800000227987766 -0.03000000142492354 -0.0010000000474974513
v -0.04800000227987766 -0.03000000142492354 5.551115386789603e-17
v -0.05018572854946557 -0.03000000142492354 -0.004898430580105584
v -0.049694357371341535 -0.03000000142492354 -0.008769592701689533
v -0.05037176752924921 -0.03000000142492354 -0.0009999999878928037
v -0.04707601007900797 -0.03000000142492354 -0.009372808901605412
v -0.04857236329949499 -0.03000000142492354 -0.013680413895939547
v -0.04593490437295289 -0.03000000142492354 -0.013927837079688588
v -0.0469664939300074 -0.03000000142492354 -0.01845517818370279
v -0.044339109619422334 -0.03000000142492354 -0.018385960498530363
v 0.024252270896794048 -0.03000000142492354 -0.044251886562300946
v 0.02123695474405274 -0.03000000142492354 -0.043046392578041104
v 0.01499025892885697 -0.03000000142492354 -0.048183946990763005
v 0.013048268937935759 -0.03000000142492354 -0.046192896175978326
v 0.017204140526625444 -0.03000000142492354 -0.044810911399644215
v 0.019719773275506114 -0.03000000142492354 -0.04644947654094844
v 0.005132166629415458 -0.03000000142492354 -0.050200216770368566
v 0.008769281803847617 -0.03000000142492354 -0.04719215998686854
v 0.010111346725075188 -0.03000000142492354 -0.04943867346027142
v 0.00438616439671663 -0.03000000142492354 -0.04779918134748762
v 0.0001017424363539219 -0.03000000142492354 -0.0504619813091689
v -0.0183566769735799 -0.03000000142492354 -0.0443512403573032
v -0.013940190977370093 -0.03000000142492354 -0.04593175343286182
v -0.014796358811309807 -0.03000000142492354 -0.04824387588765244
v -0.009358808008301245 -0.03000000142492354 -0.04707879480814414
v -0.022609845281673646 -0.03000000142492354 -0.04234141360168531
v -0.01953246781617013 -0.03000000142492354 -0.04652859336599535
v -0.004930086846867965 -0.03000000142492354 -0.050220472813811146
v -5.399327075432075e-17 -0.03000000142492354 -0.04800000227987766
v -0.004686028226267014 -0.03000000142492354 -0.04777123487399226
v -0.009912740224553018 -0.03000000142492354 -0.04947889944484807
v 0.024301137171087728 -0.029910747041411723 0.05262909185521636
v 0.026272164638974083 -0.029999999517574816 0.05032698679592107
v 0.00495873903939098 -0.02996536778680392 0.04774317777427095
v 0.009874836437047119 -0.03000000142492354 0.04697326883267294
v -1.7789529375777763e-14 -0.029883998382914667 0.04800000227987766
v -0.0036757571058940175 -0.029821620450264374 0.047859053023915354
v 0.022683026437493314 -0.0296047034019975 0.05460277053782825
v 0.02140524584396508 -0.029024444051316545 0.05627407341262103
v -0.04335534492425852 -0.02904320282601125 0.04302588094986959
v 0.02045519735218493 -0.028112540626655802 0.05766905867785388
v -0.043308221966698035 -0.02813922252794754 0.0446236440872827
v 0.019820294367927094 -0.02681157048734839 0.058813784531785984
v -0.010896914999692364 -0.029776492579468572 0.04674694664785095
v 0.019445548027495763 -0.022812716613941353 0.06045667172529745
v 0.0194879407602222 -0.025064103363332535 0.05973430535797908
v -0.04442685147539649 -0.022833153855512656 0.04739004741692199
v -0.04384826486954596 -0.025094123124890233 0.046775839166313116
v -0.04520542740959366 -0.019999999042600303 0.0477361739897586
v 0.019680521946127127 -0.019999983783810515 0.06100694564669773
v -0.007312485088535325 -0.029781079753148365 0.04743972622177184
v -0.021229880387637623 -0.029931010714249195 0.04304988302620494
v -0.024441336839001737 -0.02998060750310394 0.04131151777029718
v -0.04410530681290714 -0.029913665284958535 0.038637586521466094
v -0.04361960808988652 -0.029614709353400492 0.041040487331398534
v -0.014428908079745506 -0.029808026775912655 0.045779981880242904
v -0.017891472712592282 -0.029866473662844006 0.044540941446635784
v -0.04481672499855316 -0.03000000142492354 0.03578728273618159
v -0.02752507149780037 -0.03000000142492354 0.03932391925670187
v -0.04347395912666974 -0.026842837654971197 0.045863668712831096
v -0.03203391799491806 -0.03000000142492354 0.03574672487292707
v -0.04481672499855316 -0.03000000142492354 0.03578728273618159
v -0.02752507149780037 -0.03000000142492354 0.03932391925670187
v -0.0360715845074977 -0.03000000142492354 0.03166766507835206
v -0.0396208209736848 -0.03000000142492354 0.027095954274659606
v -0.048607839985750356 -0.03000000142492354 0.018549736904014402
v -0.04691036828647244 -0.03000000142492354 0.02721203170326869
v -0.04257477390329667 -0.03000000142492354 0.022167292694125207
v -0.04491848586764435 -0.03000000142492354 0.016921278803595508
v -0.046628595659563565 -0.03000000142492354 0.011391856734626615
v -0.04982461784505787 -0.03000000142492354 0.009807585228408522
v -0.04765499722809041 -0.03000000142492354 0.005744700227845179
v -0.04800000227987766 -0.03000000142492354 0.0010000000474974513
v -0.05037415171515347 -0.03000000142492354 0.0010000001667067465
v 0.018419659535775512 0.01883105367457838 0.10700000508222729
v 0.01980064676872728 0.015877779761112043 0.10700000508222729
v 0.0202363119200355 0.01539892269796228 0.10091784384363311
v 0.02248250305150412 0.006493507693678957 0.10700000508222729
v 0.02287047304063483 0.0032569812891129757 0.10700017292891495
v 0.022868334902715892 0.0044992716065261895 0.1026243411170702
v 0.023153861191912428 6.038994902501558e-08 0.10200029476174599
v 0.022981997627841144 0.002654426462366938 0.1019558764246753
v 0.022999909539702657 4.294512811919046e-16 0.10700003559980686
v 0.022314982520476034 0.007888575451744095 0.1017500963856044
v 0.02281013406376986 0.0053087923664119074 0.1019114580876046
v 0.02181983097718221 0.010468358537076283 0.1015887270542093
v 0.02094284347825215 0.012823970450109301 0.10700000508222729
v 0.021838315093660743 0.009690685732499649 0.10700000508222729
v 0.020632191684322176 0.014166281419322191 0.10108556083157971
v 0.02203059301111865 0.009564284778925125 0.10183614070121472
v 0.021028071448608854 0.012933640140682101 0.1012532854489212
v 0.012936862606350297 0.026905482616442766 0.1069999974528324
v 0.014976881738585357 0.024362376416550147 0.10700000508222729
v 0.014709412319753312 0.024738410217369777 0.1056169788934902
v 0.008284267819018698 0.03146635014264265 0.10700000508222729
v 0.010701356442430199 0.029278523882110274 0.10700000508222729
v 0.011459560938587021 0.028576499388927035 0.10418214148403049
v 0.01721114812583524 0.02095655540822472 0.10700000508222729
v 0.0181562508623756 0.01999989032372307 0.09971494003893966
v 0.016808310353405576 0.021665055350323925 0.10700000508222729
v 0.016514443228241582 0.022940806524810453 0.09841175546776437
v 0.018676266603627756 0.01884964841728287 0.10001566789746175
v 0.017503844138883062 0.020505608578944567 0.10691051990951994
v 0.017613983990916182 0.020248055466125514 0.10700000508222729
v 0.01568826845297744 0.02426068611936172 0.09749885259237256
v 0.01324233022645005 0.027368090975817827 0.09736834416332218
v 0.009908713811397907 0.030920619525901527 0.0958782851936224
v 0.014862093677713295 0.025580565713912984 0.09658594971698076
v 0.016168173604250713 0.02339784161121572 0.0987047776374439
v 0.00781615723541379 0.031969943611386276 0.10260696135550251
v 0.005701071056308793 0.03345532766936499 0.10700000508222729
v 0.02206740674882912 0.00917846723282878 0.1016694079052094
v 0.013416726749626018 0.0278215249878333 0.09415633839552573
v 0.012405759446968978 0.029605742907051757 0.0911881528297398
v 0.012187217337589762 0.030280141361325175 0.0895288433637198
v 0.006221953687555737 0.03398993081365376 0.09423601979579477
v 0.00010240398833770599 0.03678726371019181 0.10700000508222729
v 0.002967906139197951 0.03523266387438939 0.10700000508222729
v 0.003847036544418758 0.0348674790731085 0.1008963060618484
v -0.0003779404640895899 0.03722300897014641 0.099055996831372
v -0.004794193018697046 0.03901101488392955 0.0970910690647031
v -0.011909830659070364 0.04054515268262726 0.10700000508222729
v -0.0059537113156535315 0.03919039340197106 0.10700000508222729
v -0.0028779977734925966 0.03810927381326712 0.10700000508222729
v 0.002238764630795448 0.03652425558002381 0.09244311962518736
v -0.001979260061813759 0.038499761502712726 0.09050228548759254
v 0.008866544190974657 0.03344976584048753 0.0877123531041013
v 0.005098742250386479 0.03614127140045609 0.08597257641013822
v 0.0043260900644870315 0.03849983779666166 0.07779516971069711
v 0.008209885033503284 0.03617038517137017 0.07968341442929017
v 0.011968675228210546 0.030954539815598592 0.0878695338976998
v 0.0010597808864422353 0.038289934069650755 0.08405570620190428
v -0.00934342524084697 0.040226755145531534 0.09500672600915916
v -0.006366988484483582 0.03992759131296264 0.08841955986376604
v -0.0031824518761644494 0.039904325473234525 0.08196908195728714
v -0.01086282686330764 0.04084372142239445 0.08620399121605171
v 0.00020715061814028865 0.0403020954201061 0.07570499779745443
v -0.017972737212301748 0.041006708185507 0.09891800396593098
v -0.018000008484349017 0.041000059167857206 0.1069999974528324
v -0.013969542213200237 0.0409012470598924 0.0928083158705606
v -0.017675230865773495 0.04108246426210327 0.09084279301109
v -0.01720046506563544 0.04121106915712769 0.08683282883136911
v -0.015422984855782418 0.041279966407714586 0.08386440675434148
v -0.009459335776442757 0.04776057279462842 0.05376532237793441
v -0.010651901751055348 0.04839300004024327 0.05208026370414842
v -0.011405026977561739 0.04691205056804648 0.05576251104091101
v -0.00756448495554618 0.04101715664181382 0.07972653576922895
v -0.012035726165233185 0.041682458950025314 0.07734615693302249
v -0.015299848329548005 0.04199848374530912 0.07489645741481255
v -0.0084679769723367 0.04250202380828849 0.0710055652011965
v -0.004078016474823309 0.04161205870864437 0.0734328037808396
v -0.016725699265497385 0.04133967023745466 0.08282286465164823
v -0.01450994179025944 0.0426528493159406 0.07098887208516924
v 0.011787739359936378 0.03331017461681629 0.08136023335659104
v 0.01211032734217743 0.03196004256416307 0.08440485782981622
v 0.012746727595183138 0.03273694384618109 0.08093523028464666
v 0.013763295827366462 0.03338914648336022 0.07753039156091379
v 0.011555612159274697 0.03662920553618054 0.07358945814619045
v 0.007809549702598728 0.039173566771533164 0.07174531895947744
v 0.015061612844599614 0.033988832180789075 0.07421214646922358
v 0.016597939325957434 0.03455169460376384 0.0709904742580969
v 0.0151314666305713 0.03749513422721229 0.0676771272379284
v 0.011516044210007625 0.04029894448001503 0.06590458992229209
v 0.018950226730165554 0.038699716498782344 0.06191089542718187
v 0.015462770242803958 0.04179141052380375 0.06023844814315504
v 0.011654135303907909 0.04435414715675767 0.0582434643753027
v 0.007611066702906399 0.04258271991807838 0.06385341947574563
v 0.003800884188939896 0.041199029971985546 0.06966282221749776
v -0.00039385594808184765 0.042737142685422835 0.0673679231216795
v 0.003498504328004748 0.044375379762746636 0.06155635744647503
v -0.004708115801321244 0.04385700434139661 0.06489933322171293
v -0.012918991702486338 0.0430534573977126 0.06845347920351408
v -0.009094539120627076 0.044668672775944884 0.062305522063357266
v -0.013720036204645236 0.04330721870126952 0.06708128675552594
v -0.0007491588352314185 0.04576040485294586 0.05907015890309397
v -0.005079752209659061 0.04685628732076896 0.05645662957363573
v 0.007612105254286294 0.04641560965701563 0.05596637991656106
v 0.0034172686769447236 0.048078997034606274 0.053484701789654476
v -0.012158152204068129 0.04543110491054714 0.0594447583776736
v -0.005216930637195194 0.050659788630575964 0.048201952362711964
v -0.0008729042825457792 0.04946333547926507 0.050879526647604756
v 0.02023917294312061 0.03557737137977579 0.06483470461756902
v 0.022348389733366503 0.03602871875228786 0.06193585499257637
v 0.024457606523612396 0.036480066124799926 0.05903700536758372
v 0.02723914657272064 0.04158178526970646 0.05048564006273404
v 0.03546475006705352 0.03879702180125566 0.04368268029747213
v 0.034123948764355205 0.03867016403766188 0.045537649410236636
v 0.033767572099479004 0.03844345656839776 0.0460718367525037
v 0.0380771578754624 0.039690965630336805 0.03928794284508097
v 0.0385846690384839 0.0394815425552042 0.03871721070127343
v 0.03207039413190449 0.03808989133553986 0.048460993207535275
v 0.031483937805221185 0.04294210637924012 0.044578218670086045
v 0.03559065034158815 0.04411830730180588 0.03842759124171646
v 0.041443765701383306 0.04011607551380969 0.03359097831057367
v 0.03257314073781492 0.04811423720961994 0.03719099602917275
v 0.02834485188646929 0.046750856712733935 0.04322954001716006
v 0.023987656779000943 0.04518808579500044 0.0490330604954492
v 0.03941831013032582 0.04506006836338283 0.03200591811565845
v 0.04172723586865601 0.04048983956964847 0.03276702655024666
v 0.0427123433373211 0.040402788173912185 0.03094121317006815
v 0.0439809209732589 0.04068950083401468 0.028291446122213904
v 0.04492185424548989 0.04100900844806743 0.025959225933924746
v 0.042838968404370625 0.04572183063236368 0.02530507398635029
v 0.045064146274953476 0.040944215811933304 0.025557500145800827
v 0.04010640525578202 0.0500333580893475 0.024306924067114544
v 0.04572441699723262 0.046059385580037304 0.018323555862997942
v 0.047905104051493286 0.041645082544441436 0.017205843789035447
v 0.04868165056664875 0.044000005904585304 0.011337916912728674
v 0.047026239721419394 0.04142200666714668 0.020014698979211598
v 0.04785357511838173 0.04619728689273961 0.011145060114933214
v 0.04927657170696653 0.042030096143050866 0.011476472446043107
v 0.04310470785791054 0.05045907450971443 0.017421946399397426
v 0.046147371576648055 0.04119892697515448 0.022823556076736473
v 0.03654195196147958 0.04923188634107456 0.030892480410185108
v 0.04677838356951014 0.0482762474101861 0.01089464525471151
v 0.020326701176037743 0.048232252504532 0.04717510828928129
v 0.020623021151660037 0.05200000246986747 0.040752164868973484
v 0.016356388868927763 0.05075864651491013 0.04497871231093464
v 0.012526387809632111 0.05200000246986747 0.044136152456462074
v 0.01666010172820198 0.051999994840472574 0.042648641704656765
v 0.024741952163949144 0.05000836800637343 0.04146262556556035
v 0.029044705816805294 0.05158733612946609 0.035549951334528096
v 0.031166299392917374 0.052000006284564915 0.03290770877738769
v 0.027903556241729577 0.051999994840472574 0.03585039309074167
v 0.024380671705505064 0.05199999865517002 0.03847551910043823
v 0.003911585278334878 0.051999994840472574 0.04580148532975059
v 0.008262043391693563 0.05200000246986747 0.045191843271985555
v -0.00047895088086509496 0.05199998721107768 0.04596133641156186
v -0.009202964266157854 0.05200000246986747 0.044995901337629984
v -0.004863251440251071 0.052000040616841936 0.04568309619448874
v 0.034143617344390975 0.05200000246986747 0.029676997640660785
v 0.036813711007590566 0.05199997576698534 0.026187140754930782
v 0.039154005003025905 0.05200001391395981 0.02246925079257389
v 0.0443480054938683 0.05050443126235704 0.013870986643638727
v 0.04276567280762755 0.051999994840472574 0.01446890804349843
v 0.045478021874445496 0.0502202897083337 0.010591795470734633
v 0.04397883433375549 0.05200000246986747 0.010242630491381632
v 0.04114646344116846 0.05199999865517002 0.018553360866588875
v 0.01919628234487991 0.017699406510842675 0.10031639575598383
v 0.018416258733001678 0.01942476937050297 0.09986530015350326
v 0.018418557088213383 0.03506453108442109 0.06791258562313551
v 0.028676040104104183 0.03738276086982406 0.05323930611759842
v 0.030373218071678698 0.03773632610268196 0.050850149662566846
v -0.04462654325734228 0.052000006284564915 0.007071360923945336
v -0.04321593299136728 0.05353015009503581 0.005234771023479579
v -0.04510312866816246 0.051999994840472574 0.0022363289464756575
v -0.04506436752740539 0.05199999102577513 -0.0028281554134897136
v -0.04351616112452383 0.05353293100947454 0.000963033423865868
v -0.0444687368533625 0.051999994840472574 -0.007847422018850692
v -0.0433999005904373 0.05353367106077922 -0.003317094960409994
v -0.04109177975326839 0.05199994143470832 0.01918256469286117
v -0.03987605475045619 0.05350814692016259 0.01759585845599765
v -0.04251685916665915 0.0520000215433547 0.015580084587060172
v -0.041386232434490466 0.05351761499922558 0.01359001701054241
v -0.04372828119075134 0.052000078763816404 0.011541873526419999
v -0.03954633900603577 0.052000006284564915 0.022353417504601403
v -0.03798966778951973 0.05349606195865109 0.021437743251514485
v -0.04250374042213956 0.05352498880939027 0.00945706984615935
v -0.04286546910753364 0.05353382364867709 -0.007564483048197457
v -0.041969366159697596 0.05415410489762129 -0.007406338566656456
v -0.04231311999072229 0.05415252561287831 0.005105180506002338
v -0.04260740482525671 0.05415377301894342 0.0009297325456667296
v -0.040515447633608925 0.05414679212261575 0.013271415387133279
v -0.03717168984539443 0.05413672132135616 0.020936404268961928
v -0.039029767936578086 0.054142393776459574 0.017185284477145846
v -0.04161371047263884 0.054150175759251074 0.009232191524320976
v -0.03747664820338503 0.05200006350502662 0.025867041862773776
v -0.02492910694273598 0.05199997195228789 0.03856266204891323
v -0.02705236944898104 0.05344483057194038 0.03444186183487519
v -0.028534417554042513 0.051999983396380234 0.03590157488638557
v -0.031915858830985355 0.052000006284564915 0.032804834016642026
v -0.030254487520995355 0.05345455805042976 0.0316163802858771
v -0.02358412091693851 0.05343827692172676 0.0369317644494771
v -0.021127306987990258 0.05200000246986747 0.040801725418202484
v -0.017206263405754596 0.05199999865517002 0.04260690128519373
v -0.019883896818457814 0.05343488565569654 0.03906121248763217
v -0.009202964266157854 0.05200000246986747 0.044995901337629984
v -0.011937645525503804 0.05343496576434292 0.042167871570737425
v -0.013214226396685014 0.05199994143470832 0.04399672907947849
v -0.01598852328901612 0.05343413034560207 0.04081090358025952
v -0.03574643114122367 0.05348120371209575 0.025080489396215322
v -0.034964269391426495 0.05199997958168279 0.029357467138423354
v -0.033161153461056525 0.053466852820300836 0.02848479406230564
v -0.029546836349078065 0.05411690015342252 0.03086380914417486
v -0.032410005201501946 0.05412283963734721 0.027810389885986053
v -0.022987698693175407 0.054109003729707617 0.036049035830889586
v -0.015533946775115326 0.054107042975219954 0.039838953003088484
v -0.011562134338234387 0.054107485480123785 0.0411648502828621
v -0.019355235065442455 0.05410737485389783 0.038128694437968846
v -0.026396172823575093 0.05411218137268081 0.03361928336562903
v -0.007771331202553466 0.05343561426290888 0.04312669577399397
v -0.03495921110261202 0.054129690833961686 0.024490195483900523
v -0.04249286853441614 0.054154078194739164 -0.0032541901226748604
v -0.04157261855174177 0.054500002588611096 -0.0032573663351365134
v -0.041425703108972645 0.054500002588611096 0.004775560605855267
v -0.041693124844086604 0.054500002588611096 0.0007626153592889956
v -0.03974104497841857 0.054500002588611096 0.01263125861081682
v -0.03658124334518176 0.054500002588611096 0.0200179586381799
v -0.03833939162204869 0.054500002588611096 0.016401196305138033
v -0.04077313426083862 0.054500002588611096 0.008744152484416734
v -0.041065481229070055 0.054500002588611096 -0.007246822701383326
v -0.03448276302089992 0.054500002588611096 0.023448834579335998
v -0.03206335220041767 0.054500002588611096 0.026661750152473518
v -0.02635545665037653 0.054500002588611096 0.03231566010424736
v -0.029345834218559297 0.054500002588611096 0.029626624560875614
v -0.016035391615522032 0.054500002588611096 0.03849390212743442
v -0.019669198016756262 0.054500002588611096 0.03677004416591689
v -0.02311972155711217 0.054500002588611096 0.03470433590740063
v -0.01225242577574559 0.054500002588611096 0.039859662995527234
v -0.008355851570282513 0.054500002588611096 0.040854551348445955
v -0.007479084846967188 0.054107783026524636 0.042097086044914356
v -0.004863251440251071 0.052000040616841936 0.04568309619448874
v 0.004995166062147782 0.05343557993063186 0.043552812737592816
v 0.003911585278334878 0.051999994840472574 0.04580148532975059
v 0.008262043391693563 0.05200000246986747 0.045191843271985555
v 0.000735482012396288 0.05343410745741739 0.043832914527019984
v -0.00047895088086509496 0.05199998721107768 0.04596133641156186
v -0.0035331362971942337 0.05343476740007569 0.04368696801740235
v 0.02112356286244621 0.053473547614319994 0.03825800505202093
v 0.020623021151660037 0.05200000246986747 0.040752164868973484
v 0.024380671705505064 0.05199999865517002 0.03847551910043823
v 0.017307623731613875 0.053459742224259976 0.040182043076757434
v 0.01666010172820198 0.051999994840472574 0.042648641704656765
v 0.012526387809632111 0.05200000246986747 0.044136152456462074
v 0.009204773386422005 0.053440268193793994 0.04284531987561957
v 0.013322160399919514 0.05344838586996081 0.04171732146999174
v 0.0008600181153611483 0.05410661572910591 0.04275640690752924
v 0.009162821251250675 0.05410925168504166 0.041765020446866696
v 0.005036168337654856 0.05410712308386634 0.042467470278815256
v 0.017105528690276595 0.05411850232635018 0.039152330350846754
v 0.024735089523242326 0.05348848215482427 0.03596844653262821
v 0.0243824836867923 0.054132132240327646 0.035030816788386154
v 0.020845149076639258 0.05412506742065615 0.03727033410667158
v 0.013199008614895313 0.054113089270673154 0.04065598108754953
v 0.027903556241729577 0.051999994840472574 0.03585039309074167
v -0.003324944892499765 0.054107184119025487 0.04263090717622653
v 0.03402958840831083 0.05352607218346517 0.027166699746159484
v 0.034143617344390975 0.05200000246986747 0.029676997640660785
v 0.036813711007590566 0.05199997576698534 0.026187140754930782
v 0.039154005003025905 0.05200001391395981 0.02246925079257389
v 0.036519704645969764 0.053533125559044326 0.023682387523168424
v 0.04397883433375549 0.05200000246986747 0.010242630491381632
v 0.041830789645547206 0.05353653208386433 0.012028566931799878
v 0.04276567280762755 0.051999994840472574 0.01446890804349843
v 0.040441587461643724 0.05353730646744603 0.016078211594362513
v 0.04114646344116846 0.05199999865517002 0.018553360866588875
v 0.03866419403615762 0.053536787668593266 0.019974364275757717
v 0.02810976734161197 0.05350301233739918 0.03333867803613888
v 0.031166299392917374 0.052000006284564915 0.03290770877738769
v 0.031217500262048503 0.053515886941282176 0.030395656122060855
v 0.03346272055301691 0.05414973706904469 0.02641118175067958
v 0.03072056344034957 0.054144980141328514 0.029574761841737462
v 0.03796494855006438 0.054154722878607675 0.0193631105083214
v 0.03968167302735637 0.0541549365016647 0.015545634054418
v 0.04281574834101187 0.05353652063977199 0.007841530695481269
v 0.04436591549838109 0.05199999865517002 0.00840940801508705
v 0.035885164057969376 0.054153021523546396 0.022996745248170525
v 0.027684264544302062 0.05413896436345489 0.03245703660632371
v -0.004240655623631018 0.054500002588611096 0.04148410612688336
v 0.004073887541674315 0.054500002588611096 0.041500810687002954
v -8.391009669696421e-05 0.054500002588611096 0.04170023925482491
v 0.01222692356963928 0.054500002588611096 0.03986746023710852
v 0.019893797865681018 0.054500002588611096 0.03664893515137546
v 0.016140667728310465 0.054500002588611096 0.03844985000131862
v 0.008191194923362621 0.054500002588611096 0.04088786128655153
v 0.02344886318956685 0.054500002588611096 0.03448286220303354
v 0.026769715626961954 0.054500002588611096 0.031973207085052024
v 0.02982405422723544 0.054500002588611096 0.029145139171184997
v 0.035013684982152515 0.054500002588611096 0.02264832222747093
v 0.032581132528965995 0.054500002588611096 0.026026322647316746
v 0.04101729397092191 0.054154543587827675 0.011578852249795046
v 0.04195704468694439 0.05415452832903789 0.007493712304326994
v 0.03881104844376759 0.054500002588611096 0.015251166114406134
v 0.03709735665094582 0.054500002588611096 0.01904427428101929
v 0.040138193129606314 0.054500002588611096 0.011305686534000547
v 0.04106535915875176 0.054500002588611096 0.007247551785432849
v -0.0444687368533625 0.051999994840472574 -0.007847422018850692
v -0.044986719360875504 0.050195765018448135 -0.01258575117762506
v -0.04600326756589723 0.05019576883314558 -0.008118222622228166
v -0.04345868126339525 0.05199998721107768 -0.012263832674785924
v -0.04351227394782553 0.050195765018448135 -0.016996727797047306
v -0.04600327900998957 0.05019575738905324 -0.00811822452957689
v -0.04022347832042472 0.05199998721107768 -0.02052136518674863
v -0.03803751553959511 0.05199998721107768 -0.024334769451127558
v -0.041584974356772 0.050195765018448135 -0.021281378803169604
v -0.03922399325708259 0.050195765018448135 -0.025370959533302928
v -0.03549216248290632 0.05199998721107768 -0.027917025938414275
v -0.04203623017654534 0.05199998721107768 -0.016491881200192404
v -0.036462194267261605 0.050195765018448135 -0.02920129151760209
v -0.032596265433737504 0.05199998721107768 -0.03124922137866748
v -0.046287767701480576 0.04821875610496518 -0.012949740071256377
v -0.044770677785672675 0.04821875610496518 -0.01748828398799751
v -0.047333715779724894 0.048218759919662624 -0.008353006759661552
v -0.04733371959442234 0.04821875229026773 -0.008353007713335914
v -0.04579479435042888 0.04613083486321612 -0.017888323679849938
v -0.04278764165022375 0.04821875610496518 -0.021896851625982094
v -0.04035838128093383 0.04821875610496518 -0.026104705143105145
v -0.03751670634127402 0.04821875610496518 -0.03004581212656232
v -0.0412815647659448 0.04613083486321612 -0.026701842622639527
v -0.038374891196488736 0.04613083486321612 -0.030733102350857244
v -0.03334462896415591 0.050195765018448135 -0.03271608508054191
v -0.03430898066401289 0.04821875610496518 -0.03366225974706483
v -0.04376639383294245 0.04613083486321612 -0.02239773665953848
v -0.02192890271393022 0.05199999102577513 -0.03947371861074078
v -0.026268275554927056 0.050195765018448135 -0.03862879364385119
v -0.025776446613109405 0.05199998721107768 -0.03707573113111984
v -0.029926135530912168 0.050195765018448135 -0.03586966112754553
v -0.02935756632055697 0.05199998721107768 -0.03431018610840608
v -0.017919512646175084 0.05199999102577513 -0.04144795423917991
v -0.022357773889085664 0.050195765018448135 -0.0410162907054934
v -0.013780510603269569 0.05199999102577513 -0.0430017453591236
v -0.018168423561928382 0.050195765018448135 -0.04303620733585811
v -0.005198783644603522 0.05199999102577513 -0.04485561583902342
v -0.0007967198869518119 0.05199999102577513 -0.0451485769735438
v -0.004505246853239442 0.050195765018448135 -0.04649634391377999
v 0.003651826316717205 0.05199999102577513 -0.04500799774323383
v 0.008132298855806908 0.05199999102577513 -0.044417410099215626
v 0.004832106342946563 0.050195765018448135 -0.04646349936876293
v -0.009176387269045905 0.050195765018448135 -0.04580394199490634
v -0.009533088183205085 0.05199999102577513 -0.04413792629077484
v -0.013753749547005811 0.050195765018448135 -0.04464349195809847
v 0.00018791284559625636 0.050195765018448135 -0.04671371681839176
v -0.030791619809691362 0.04821875610496518 -0.036907037580626856
v -0.027027972551459944 0.04821875610496518 -0.03974596593812496
v -0.023004376550412875 0.04821875610496518 -0.04220250902355449
v -0.018693867617647353 0.04821875610496518 -0.04428084393061971
v -0.014151517586528661 0.04821875610496518 -0.04593461445594693
v -0.0046355416592328 0.04821875610496518 -0.047841047651966395
v 0.0001933474185510705 0.04821875610496518 -0.04806471099266796
v -0.009441774816746351 0.04821875610496518 -0.047128626200891865
v 0.004971853969213125 0.04821875610496518 -0.04780725706198252
v 0.009360586610985822 0.050195765018448135 -0.04576663806857395
v 0.009631301383670743 0.04821875610496518 -0.04709024271518203
v -0.03509378981383815 0.04613083486321612 -0.0344322716854939
v -0.04841645661484373 0.04613083486321612 -0.008544080186400627
v -0.04734658656891044 0.04613083486321612 -0.013245961818419416
v -0.048136217496308475 0.044000005904585304 -0.013466871901238742
v -0.046558542555650284 0.044000005904585304 -0.018186659723072873
v -0.04841645661484373 0.04613083104851867 -0.008544080186400627
v -0.031495969360968434 0.04613083486321612 -0.03775127590197602
v -0.04197004517584313 0.04400000208988786 -0.027147166587883076
v -0.03901489443123296 0.04400000208988786 -0.031245658451252156
v -0.02764623010340861 0.04613083486321612 -0.04065514185411123
v -0.044496313301205515 0.04400000208988786 -0.02277127755557662
v -0.04922392888220051 0.044000005904585304 -0.008686574394828894
v -0.035679071213707836 0.04400000208988786 -0.0350065209803474
v -0.03202124938469719 0.04400000208988786 -0.038380876456782786
v -0.028107303047061327 0.04400000208988786 -0.04133317380770274
v -0.019121485664691518 0.04613083486321612 -0.04529375672897462
v -0.02353059498971355 0.04613083486321612 -0.04316788306232722
v -0.023923030082205754 0.04400000208988786 -0.04388781946737197
v -0.019440386741850224 0.04400000208988786 -0.04604914693209006
v -0.0144752289971678 0.04613083486321612 -0.046985357608881895
v -0.009657753449441309 0.04613083486321612 -0.048206678772848566
v 0.0001977701877116031 0.04613083486321612 -0.04916417546139362
v -0.004741578327324691 0.04613083486321612 -0.04893540042611333
v 0.005085583928380877 0.04613083486321612 -0.04890083545254775
v -0.014716642125089385 0.04400000208988786 -0.04776896131431396
v -0.00981882141973811 0.04400000208988786 -0.04901065296264662
v -0.004820657005397133 0.04400000208988786 -0.04975152824197693
v 0.00020106853009620174 0.04400000208988786 -0.04998412178940148
v 0.005170399434576145 0.04400000208988786 -0.04971638724909688
v 0.009851614466339642 0.04613083486321612 -0.04816741790672596
v 0.012548118233637884 0.05199999102577513 -0.04337732521094706
v 0.016780686221844476 0.05199999102577513 -0.04192205628196222
v 0.01379895943379672 0.050195765018448135 -0.04462953016544313
v 0.014198034960869466 0.04821875610496518 -0.04592024830536223
v 0.018168404488441148 0.050195765018448135 -0.043036214965253006
v 0.01869384854416012 0.04821875610496518 -0.0442808515600146
v 0.020802691494056225 0.051999994840472574 -0.04007866477594879
v 0.024603219247203434 0.051999994840472574 -0.037864484678105104
v 0.028166055109788424 0.051999994840472574 -0.03529485488686479
v 0.026423480335248106 0.050195765018448135 -0.03852280990468637
v 0.022399314036932738 0.050195765018448135 -0.040993631402659325
v 0.0314739242244233 0.051999994840472574 -0.032379300701752545
v 0.03017764616297547 0.050195765018448135 -0.03565833451838696
v 0.03360675589921369 0.050195765018448135 -0.03244676362609944
v 0.03450522395946676 0.051999994840472574 -0.029128089380946465
v 0.023047116420606972 0.04821875610496518 -0.042179197407457014
v 0.01912146468385556 0.04613083486321612 -0.045293764358369515
v 0.023574313329802754 0.04613083486321612 -0.04314403357388974
v 0.027187667230675894 0.04821875610496518 -0.03963691899691035
v 0.014522810672096265 0.04613083486321612 -0.04697065957961932
v 0.031050403162437012 0.04821875610496518 -0.03668959982615849
v 0.03457868740289749 0.04821875610496518 -0.03338514868043596
v 0.03176067312415154 0.04613083486321612 -0.037528863782037014
v 0.03536966491849425 0.04613083486321612 -0.034148824406405875
v 0.036666635347528675 0.050195765018448135 -0.028944152299456016
v 0.03772706020258365 0.04821875610496518 -0.029781238063092408
v 0.027809577355429882 0.04613083486321612 -0.04054360010076641
v 0.03932573505268655 0.050195765018448135 -0.025212941413614853
v 0.037240194182144304 0.051999994840472574 -0.025538508674561866
v 0.039616147969312454 0.051999994840472574 -0.021670340613636485
v 0.04351226631843064 0.050195765018448135 -0.016996720167652413
v 0.041569761343354106 0.051999994840472574 -0.01763564384301919
v 0.04309693731921138 0.051999994840472574 -0.01347975413451663
v 0.04420427532346727 0.051999994840472574 -0.009220847567788515
v 0.044999456635650414 0.050195765018448135 -0.01254012644248681
v 0.041606500694464366 0.050195765018448135 -0.02123923402577721
v 0.0449824163821555 0.05199999865517002 0.0039536964387060225
v 0.04669150002046152 0.050195765018448135 0.0014524987433826853
v 0.045153188942756994 0.05199999865517002 -0.0004843050769526118
v 0.046601255722962254 0.050195765018448135 -0.0032448205104897154
v 0.04489112304285836 0.05199999865517002 -0.004882441752594446
v 0.0460355666091794 0.050195765018448135 -0.007933005709744312
v 0.04397883433375549 0.05200000246986747 0.010242630491381632
v 0.045478021874445496 0.0502202897083337 0.010591795470734633
v 0.04436591549838109 0.05199999865517002 0.00840940801508705
v 0.04631565313981678 0.050195765018448135 0.00608818846056014
v 0.040463064208269284 0.04821875610496518 -0.025942117015875787
v 0.04477067397097523 0.04821875610496518 -0.017488276358602617
v 0.04630087118721038 0.04821875610496518 -0.01290279545080153
v 0.04280978978359995 0.04821875610496518 -0.021853488052755443
v 0.04794899596031632 0.04821875610496518 -0.0033386630213556867
v 0.0476551345571985 0.04821875610496518 0.006264262973775525
v 0.04677838356951014 0.0482762474101861 0.01089464525471151
v 0.048041849510869206 0.04821875610496518 0.001494505953248404
v 0.047366945609184086 0.04821875610496518 -0.008162434011962372
v 0.014765017257086788 0.04400000208988786 -0.047754019144414794
v 0.0239674770295073 0.04400000208988786 -0.04386357706509747
v 0.028273373993059625 0.04400000208988786 -0.04121977429670132
v 0.019440365761014267 0.04400000208988786 -0.0460491583761824
v 0.04138864332327685 0.04613083486321612 -0.026535535165399526
v 0.03229036484547754 0.04400000208988786 -0.038154756450925476
v 0.0385900553912788 0.04613083486321612 -0.03046247626988796
v 0.03595955065818224 0.04400000208988786 -0.03471834347642533
v 0.01001591634639698 0.04400000208988786 -0.04897073978326061
v 0.04378904932107908 0.04613083486321612 -0.022353379357626935
v 0.04451935025908682 0.04400000208988786 -0.022726182109709114
v 0.04207890901158029 0.04400000208988786 -0.026978085845599242
v 0.039233648256320475 0.04400000208988786 -0.03097051767585457
v 0.04579479053573143 0.04613083486321612 -0.017888316050455044
v 0.047359991415738545 0.04613083486321612 -0.01319794336063329
v 0.04655853874095284 0.04400000208988786 -0.018186650186329256
v 0.04845045319848973 0.04613083486321612 -0.008349147239519739
v 0.04904581684371134 0.04613083486321612 -0.003415033979496662
v 0.0491407951807421 0.04613083486321612 0.0015286924373016791
v 0.048745233943692234 0.04613083486321612 0.0064075563613189
v 0.04785357511838173 0.04619728689273961 0.011145060114933214
v 0.04814984359558849 0.04400000208988786 -0.013418054264337509
v 0.04925849004106864 0.04400000208988786 -0.008488391325723321
v 0.049863783343744306 0.04400000208988786 -0.0034719886044705384
v 0.049558187931280084 0.04400000208988786 0.006514419388245207
v 0.04868165056664875 0.044000005904585304 0.011337916912728674
v 0.04996034478021549 0.04400000208988786 0.0015541874908502756
v 0.04338102165277302 0.05353636423717667 0.003574176242838595
v 0.04436591549838109 0.05199999865517002 0.00840940801508705
v 0.0449824163821555 0.05199999865517002 0.0039536964387060225
v 0.043522337119690224 0.053536204019883904 -0.0006997440789704643
v 0.045153188942756994 0.05199999865517002 -0.0004843050769526118
v 0.04489112304285836 0.05199999865517002 -0.004882441752594446
v 0.04420427532346727 0.051999994840472574 -0.009220847567788515
v 0.04255591022442218 0.053535902658785606 -0.00914618440201076
v 0.041569761343354106 0.051999994840472574 -0.01763564384301919
v 0.03996058463118013 0.05353562037117454 -0.01725685583064296
v 0.04309693731921138 0.051999994840472574 -0.01347975413451663
v 0.04281574834101187 0.05353652063977199 0.007841530695481269
v 0.043245447305513274 0.05353605143198603 -0.004949948069124799
v 0.04232411013406656 0.0541544558497864 -0.005016227006751639
v 0.042612238046921824 0.05415447873797108 -0.0008473056361196427
v 0.041458971085406304 0.05353575770028263 -0.013258739147517518
v 0.040535032290300865 0.054154410073417036 -0.013166506438974102
v 0.03806430615976408 0.0535354868567639 -0.021112742473138324
v 0.0371836336631004 0.05415436811174512 -0.020827740704840725
v 0.039049531884050026 0.054154387185232356 -0.017075610018201237
v 0.039616147969312454 0.051999994840472574 -0.021670340613636485
v 0.04162973983131035 0.05415443296160172 -0.009134799437480745
v 0.028166055109788424 0.051999994840472574 -0.03529485488686479
v 0.030224765305838508 0.05353511683111156 -0.03132299762728885
v 0.0314739242244233 0.051999994840472574 -0.032379300701752545
v 0.03450522395946676 0.051999994840472574 -0.029128089380946465
v 0.037240194182144304 0.051999994840472574 -0.025538508674561866
v 0.03578147676666754 0.05353536097174816 -0.024786177858798775
v 0.023558133290582095 0.05353489557865965 -0.03660147268574221
v 0.024603219247203434 0.051999994840472574 -0.037864484678105104
v 0.020802691494056225 0.051999994840472574 -0.04007866477594879
v 0.016780686221844476 0.05199999102577513 -0.04192205628196222
v 0.015983089252503135 0.05353469721439241 -0.040486860290942506
v 0.012548118233637884 0.05199999102577513 -0.04337732521094706
v 0.03315386738893311 0.05353523508673241 -0.028204553036421665
v 0.029513915510112065 0.05415430707658597 -0.030746238261515346
v 0.03238684998799979 0.054154326150073206 -0.02770379770257847
v 0.02701749929961972 0.053535006204885605 -0.034127984714253934
v 0.02295602144557707 0.05415427274430895 -0.03590811709250685
v 0.019871390332878436 0.05353479639652603 -0.03872687332990621
v 0.01551508691093828 0.05415424222672938 -0.03969418142028447
v 0.011916700929172075 0.05353460566165369 -0.04186447342400257
v 0.011543081831836277 0.05415422696793959 -0.04102541164708873
v 0.019330067599037104 0.054154257485519164 -0.03798282422230015
v 0.026360581696396324 0.054154291817796185 -0.03348878638067099
v 0.007704728015643647 0.05353452173830986 -0.04284036458363616
v 0.03495357679448308 0.05415434522356044 -0.02438594933942273
v 0.04249021350499316 0.05415450544085321 0.0033346194420620645
v 0.04157256133128007 0.054500002588611096 0.0032575339434055828
v 0.041425596297444134 0.054500002588611096 -0.004775001275842128
v 0.04169303329134788 0.054500002588611096 -0.0007619423036082235
v 0.03974096486977219 0.054500002588611096 -0.012630587224066181
v 0.03658115942183793 0.054500002588611096 -0.020017268177942027
v 0.038339540395249117 0.054500002588611096 -0.016400227371986542
v 0.040773035078705 0.054500002588611096 -0.008743662295794818
v 0.04106535915875176 0.054500002588611096 0.007247551785432849
v 0.03448263332118673 0.054500002588611096 -0.023448487441868338
v 0.03206336745920746 0.054500002588611096 -0.026661013915866283
v 0.026355475723863764 0.054500002588611096 -0.0323149467558248
v 0.029346061193057382 0.054500002588611096 -0.029625794864180932
v 0.016035380171429692 0.054500002588611096 -0.03849339095797655
v 0.019668965320212006 0.054500002588611096 -0.036769513922971786
v 0.02311988368175366 0.054500002588611096 -0.034703706482321905
v 0.01225270043396176 0.054500002588611096 -0.03985894583240723
v 0.008355749527125811 0.054500002588611096 -0.04085397151443404
v 0.007450178500226778 0.05415421552384725 -0.04196226319305163
v 0.008132298855806908 0.05199999102577513 -0.044417410099215626
v -0.005198783644603522 0.05199999102577513 -0.04485561583902342
v -0.0008536104369295111 0.053534357706319646 -0.04351933876749703
v -0.0007967198869518119 0.05199999102577513 -0.0451485769735438
v 0.003651826316717205 0.05199999102577513 -0.04500799774323383
v 0.0034254752832457713 0.05353443781496603 -0.043392786179698994
v -0.009299869025399254 0.05353422037721156 -0.04252256976873703
v -0.009533088183205085 0.05199999102577513 -0.04413792629077484
v -0.013780510603269569 0.05199999102577513 -0.0430017453591236
v -0.017919512646175084 0.05199999102577513 -0.04144795423917991
v -0.01739649664538101 0.05353410212159071 -0.03990003775330431
v -0.02192890271393022 0.05199999102577513 -0.03947371861074078
v -0.0008953948446224769 0.05415418882096512 -0.04260894214832778
v -0.005105707411087179 0.053534289041765604 -0.04322723593990219
v -0.00918245931370687 0.05415416593278044 -0.041617193291407784
v -0.005064723732230159 0.05415417737687278 -0.042316133601705275
v -0.01340672842761792 0.05353415934205241 -0.04141147810219348
v -0.017118597843729377 0.054154146859293206 -0.03902881426221638
v -0.02123989969048168 0.053534048715826454 -0.037993661777746546
v -0.024903165092748925 0.05353400293945709 -0.03570003679087552
v -0.024421677795709584 0.05415413160050342 -0.034926690806877936
v -0.020866725005398434 0.05415413922989831 -0.03715993294786335
v -0.013212233217269054 0.05415415830338555 -0.04051822091865276
v -0.025776446613109405 0.05199998721107768 -0.03707573113111984
v 0.00328796187759009 0.05415420026505746 -0.04249132739664763
v -0.03549216248290632 0.05199998721107768 -0.027917025938414275
v -0.031429641309111966 0.053533926645508156 -0.030113776683623472
v -0.032596265433737504 0.05199998721107768 -0.03124922137866748
v -0.02935756632055697 0.05199998721107768 -0.03431018610840608
v -0.028317363176667554 0.053533964792482625 -0.033057424208082775
v -0.04022347832042472 0.05199998721107768 -0.02052136518674863
v -0.04203623017654534 0.05199998721107768 -0.016491881200192404
v -0.04054290582583109 0.05353383890746688 -0.015840754307693272
v -0.03803751553959511 0.05199998721107768 -0.024334769451127558
v -0.03668649084773934 0.0535338732397439 -0.023425711790762138
v -0.030778644116326026 0.05415412015641108 -0.02947817560973287
v -0.034224950508654484 0.05353389612792858 -0.026894587840534667
v -0.03593377474753412 0.054154112527016185 -0.022913939610692546
v -0.0335181633657089 0.05415411634171363 -0.026321296034740316
v -0.04345868126339525 0.05199998721107768 -0.012263832674785924
v -0.0444687368533625 0.051999994840472574 -0.007847422018850692
v -0.04286546910753364 0.05353382364867709 -0.007564483048197457
v -0.03879801743728928 0.05353385035155922 -0.019732672674922513
v -0.04190440567687581 0.05353382364867709 -0.01177668245938679
v -0.039710851648127043 0.05415410489762129 -0.015470239420404819
v -0.038004197972094644 0.05415410871231874 -0.0192861699681679
v -0.02773816240452809 0.054154123971108525 -0.0323554702868023
v 0.00424090882417405 0.054500002588611096 -0.04148348433119953
v -0.004073745921031602 0.054500002588611096 -0.041500234667688485
v 8.427747739306757e-05 0.054500002588611096 -0.04169972427066959
v -0.012226860627131408 0.054500002588611096 -0.039866903291281286
v -0.019893702498244847 0.054500002588611096 -0.03664845449949716
v -0.0161407440222594 0.054500002588611096 -0.03844939605232245
v -0.008191378028840068 0.054500002588611096 -0.040887388264068125
v -0.023448828857289827 0.054500002588611096 -0.03448239299524758
v -0.026769688924079826 0.054500002588611096 -0.03197273406256862
v -0.029824065671327782 0.054500002588611096 -0.029144660426655422
v -0.03501381468186571 0.054500002588611096 -0.02264781296536178
v -0.032581155417150676 0.054500002588611096 -0.026025836273392278
v -0.041037157100527466 0.05415410489762129 -0.011499151776038774
v -0.038811284955009295 0.054500002588611096 -0.01525047565416826
v -0.03709735665094582 0.054500002588611096 -0.019043806980582056
v -0.04013826942355525 0.054500002588611096 -0.011305110514686079
v -0.041065481229070055 0.054500002588611096 -0.007246822701383326
v 0.01225270043396176 0.054500002588611096 -0.03985894583240723
v 0.008355749527125811 0.054500002588611096 -0.04085397151443404
v 0.00916089864373748 0.05603125266134157 -0.030506967086210146
v 0.011954580874818932 0.05603125266134157 -0.029524339170885483
v 0.016035380171429692 0.054500002588611096 -0.03849339095797655
v 0.014723081334379606 0.05603125266134157 -0.02824591389348874
v 0.019668965320212006 0.054500002588611096 -0.036769513922971786
v 0.026355475723863764 0.054500002588611096 -0.0323149467558248
v 0.022418917767111912 0.05603125266134157 -0.022627434851600903
v 0.029346061193057382 0.054500002588611096 -0.029625794864180932
v 0.017421570651698914 0.05603125266134157 -0.02666631443796863
v 0.02311988368175366 0.054500002588611096 -0.034703706482321905
v 0.02000271892187988 0.05603125266134157 -0.024789056048022395
v 0.008114335445529863 0.057125002713291906 -0.020039975164494184
v 0.011825132931658766 0.057125002713291906 -0.018100047017542975
v 0.009993494508478973 0.057125002713291906 -0.019172224955431583
v 0.016714423019844604 0.057125002713291906 -0.01371414249708991
v 0.024624793268613887 0.05603125266134157 -0.020204714781083544
v 0.03206336745920746 0.054500002588611096 -0.026661013915866283
v 0.03448263332118673 0.054500002588611096 -0.023448487441868338
v 0.015217153318295984 0.057125002713291906 -0.01535859943860074
v 0.013577124286846542 0.057125002713291906 -0.01682583125877879
v 0.02657978947048001 0.05603125266134157 -0.017553559183358658
v 0.006382635419736049 0.05603125266134157 -0.031206706575622745
v 0.03974096486977219 0.054500002588611096 -0.012630587224066181
v 0.038339540395249117 0.054500002588611096 -0.016400227371986542
v 0.029612691378451128 0.05603125266134157 -0.011734683594171735
v 0.03658115942183793 0.054500002588611096 -0.020017268177942027
v 0.028250531584748106 0.05603125266134157 -0.014714659436091404
v 0.0306521411195948 0.05603125266134157 -0.008663752967353333
v 0.040773035078705 0.054500002588611096 -0.008743662295794818
v 0.03175859602139175 0.05603125266134157 -0.0024506384106190437
v 0.04169303329134788 0.054500002588611096 -0.0007619423036082235
v 0.041425596297444134 0.054500002588611096 -0.004775001275842128
v 0.03136528927053295 0.05603125266134157 -0.0055527351155779114
v 0.03184740027060484 0.05603125266134157 0.0005976223633426606
v 0.04157256133128007 0.054500002588611096 0.0032575339434055828
v 0.03165424688008289 0.05603125266134157 0.0035529200334091793
v 0.04106535915875176 0.054500002588611096 0.007247551785432849
v 0.019175444560076693 0.057125002713291906 -0.009987687585290561
v 0.020805569683279845 0.057125002713291906 -0.005880546372298012
v 0.020100028039050644 0.057125002713291906 -0.00796498527211531
v 0.021556590150469956 0.057125002713291906 -0.0016633048847583543
v 0.02148576075562625 0.057125002713291906 0.002411697025407611
v 0.031206946901561894 0.05603125266134157 0.006382976835157539
v 0.021182147078485647 0.057125002713291906 0.0043326384694916675
v 0.021616866184827055 0.057125002713291906 0.0004057460918026508
v 0.021289628086398338 0.057125002713291906 -0.0037688979508483655
v 0.040138193129606314 0.054500002588611096 0.011305686534000547
v 0.018041403673693113 0.057125002713291906 -0.011914631455807179
v 0.004332297530907359 0.057125002713291906 -0.02118190865989522
v 0.006218083676995945 0.057125002713291906 -0.020706950217536102
v 0.0050857841999968345 0.05778125274446211 -0.009756824003158138
v 0.004129458146730769 0.05778125274446211 -0.01019843245308849
v 0.0069095343056937986 0.05778125274446211 -0.008562715937102672
v 0.008506141112943344 0.05778125274446211 -0.006979140613168622
v 0.007744163881011623 0.05778125274446211 -0.007816024197840332
v 0.006017925548287284 0.05778125274446211 -0.009211180170783928
v 0.0022047353838025585 0.05778125274446211 -0.010779575859902746
v 0.003164433629611607 0.05778125274446211 -0.010537863278231585
v -5.1139448870077514e-08 0.058000002754852176 2.9002556325057803e-07
v -5.1139448870077514e-08 0.058000002754852176 2.9002556325057803e-07
v -5.1139448870077514e-08 0.058000002754852176 2.9002556325057803e-07
v -5.1139448870077514e-08 0.058000002754852176 2.9002556325057803e-07
v -5.1139448870077514e-08 0.058000002754852176 2.9002556325057803e-07
v -5.1139448870077514e-08 0.058000002754852176 2.9002556325057803e-07
v -5.1139448870077514e-08 0.058000002754852176 2.9002556325057803e-07
v 0.009758582578681119 0.05778125274446211 -0.005082703831808533
v 0.01058817150816016 0.05778125274446211 -0.0029925321569844454
v 0.01022911406465321 0.05778125274446211 -0.004053327276110352
v 0.010970373674751288 0.05778125274446211 -0.0008463287755500204
v 0.010934327644901987 0.05778125274446211 0.0012274870263429688
v 0.011001048610595476 0.05778125274446211 0.000206635306159407
v 0.01083451417885739 0.05778125274446211 -0.0019178895669173107
v -5.1139448870077514e-08 0.058000002754852176 2.9002556325057803e-07
v 0.00918145700195272 0.05778125274446211 -0.006063348581298034
v -5.1139448870077514e-08 0.058000002754852176 2.9002556325057803e-07
v -5.1139448870077514e-08 0.058000002754852176 2.9002556325057803e-07
v -5.1139448870077514e-08 0.058000002754852176 2.9002556325057803e-07
v -5.1139448870077514e-08 0.058000002754852176 2.9002556325057803e-07
v -5.1139448870077514e-08 0.058000002754852176 2.9002556325057803e-07
v -5.1139448870077514e-08 0.058000002754852176 2.9002556325057803e-07
v -5.1139448870077514e-08 0.058000002754852176 2.9002556325057803e-07
v 0.010779814278493172 0.05778125274446211 0.002205076560805458
v -5.1139448870077514e-08 0.058000002754852176 2.9002556325057803e-07
v 0.03881104844376759 0.054500002588611096 0.015251166114406134
v 0.03050719787540568 0.05603125266134157 0.009161244827530779
v 0.035013684982152515 0.054500002588611096 0.02264832222747093
v 0.03709735665094582 0.054500002588611096 0.01904427428101929
v 0.028246074110781505 0.05603125266134157 0.014723459943101203
v 0.029524543257198888 0.05603125266134157 0.011954940410053294
v 0.026769715626961954 0.054500002588611096 0.031973207085052024
v 0.02982405422723544 0.054500002588611096 0.029145139171184997
v 0.022627396704626435 0.05603125266134157 0.022419343105877232
v 0.032581132528965995 0.054500002588611096 0.026026322647316746
v 0.02478909228764814 0.05603125266134157 0.02000313281655286
v 0.02020460606220631 0.05603125266134157 0.02462522051472793
v 0.02344886318956685 0.054500002588611096 0.03448286220303354
v 0.026666417434799694 0.05603125266134157 0.017421967380233383
v 0.020707182914080358 0.057125002713291906 0.0062184284302777
v 0.019172409968257753 0.057125002713291906 0.009993861673108229
v 0.02004019069489993 0.057125002713291906 0.008114689258718055
v 0.018100193883394677 0.057125002713291906 0.011825512494054724
v 0.01535864998334191 0.057125002713291906 0.015217551954179176
v 0.01682593234826113 0.057125002713291906 0.01357751529333484
v 0.013714144404438633 0.057125002713291906 0.016714821655727796
v 0.01755338752197355 0.05603125266134157 0.02658021099454788
v 0.014714441998336936 0.05603125266134157 0.028250937850026192
v 0.016140667728310465 0.054500002588611096 0.03844985000131862
v 0.019893797865681018 0.054500002588611096 0.03664893515137546
v 0.01222692356963928 0.054500002588611096 0.03986746023710852
v 0.008663515502437269 0.05603125266134157 0.0306524997011548
v 0.008191194923362621 0.054500002588611096 0.04088786128655153
v 0.011734442314558224 0.05603125266134157 0.029613074755544533
v 0.005552531982938869 0.05603125266134157 0.031365623056559544
v 0.004073887541674315 0.054500002588611096 0.041500810687002954
v 0.0024505022736039106 0.05603125266134157 0.031758912641279835
v -8.391009669696421e-05 0.054500002588611096 0.04170023925482491
v -0.004240655623631018 0.054500002588611096 0.04148410612688336
v -0.003552832056949312 0.05603125266134157 0.0316545654073197
v -0.008355851570282513 0.054500002588611096 0.040854551348445955
v -0.0005976606891310715 0.05603125266134157 0.03184771116844676
v 0.009987616059713433 0.057125002713291906 0.019175827937170098
v 0.0058804619721170015 0.057125002713291906 0.020805922542793676
v 0.007964898010911214 0.057125002713291906 0.020100398064702985
v 0.0016632892683406814 0.057125002713291906 0.021556914399752936
v -0.002411560411555297 0.057125002713291906 0.021486085004909228
v -0.006382737939729932 0.05603125266134157 0.03120728640963466
v -0.0004056953682475377 0.057125002713291906 0.021617186619412587
v 0.0037688369156892165 0.057125002713291906 0.021289963779773657
v 0.011914591401483987 0.057125002713291906 0.018041798494878858
v 0.010198659427586576 0.05778125274446211 0.00412980576103561
v 0.00921137185933063 0.05778125274446211 0.006018286037196008
v 0.009757035718866436 0.05778125274446211 0.0050861380131850265
v 0.007816167725831769 0.05778125274446211 0.007744533906663964
v 0.006063445856082927 0.05778125274446211 0.009181826073930699
v 0.006979259345626654 0.05778125274446211 0.008506512092270047
v 0.008562884737464693 0.05778125274446211 0.006909900516648693
v -5.1139448870077514e-08 0.058000002754852176 2.9002556325057803e-07
v 0.010538098835798926 0.05778125274446211 0.00316477671396323
v -5.1139448870077514e-08 0.058000002754852176 2.9002556325057803e-07
v -5.1139448870077514e-08 0.058000002754852176 2.9002556325057803e-07
v -5.1139448870077514e-08 0.058000002754852176 2.9002556325057803e-07
v -5.1139448870077514e-08 0.058000002754852176 2.9002556325057803e-07
v -5.1139448870077514e-08 0.058000002754852176 2.9002556325057803e-07
v -5.1139448870077514e-08 0.058000002754852176 2.9002556325057803e-07
v -5.1139448870077514e-08 0.058000002754852176 2.9002556325057803e-07
v 0.0050827848941292775 0.05778125274446211 0.009758945928612928
v 0.004053400232199023 0.05778125274446211 0.010229469785190126
v 0.0019179758744470449 0.05778125274446211 0.010834853686930157
v 0.0029926065435846583 0.05778125274446211 0.01058851864562782
v -0.000206492180499342 0.05778125274446211 0.011001379535598987
v -0.0012273002253773702 0.05778125274446211 0.010934660477254221
v -0.004332399574064061 0.057125002713291906 0.021182488493907137
v 0.0008464381500783782 0.05778125274446211 0.010970706507103523
v -5.1139448870077514e-08 0.058000002754852176 2.9002556325057803e-07
v -5.1139448870077514e-08 0.058000002754852176 2.9002556325057803e-07
v -5.1139448870077514e-08 0.058000002754852176 2.9002556325057803e-07
v -5.1139448870077514e-08 0.058000002754852176 2.9002556325057803e-07
v -5.1139448870077514e-08 0.058000002754852176 2.9002556325057803e-07
v -0.002204837665377851 0.05778125274446211 0.010780155693914661
v -5.1139448870077514e-08 0.058000002754852176 2.9002556325057803e-07
v -5.1139448870077514e-08 0.058000002754852176 2.9002556325057803e-07
v -5.1139448870077514e-08 0.058000002754852176 2.9002556325057803e-07
v -0.01225242577574559 0.054500002588611096 0.039859662995527234
v -0.009161000686894183 0.05603125266134157 0.030507548827570785
v -0.016035391615522032 0.054500002588611096 0.03849390212743442
v -0.011954682917975634 0.05603125266134157 0.0295249190048974
v -0.014723183377536309 0.05603125266134157 0.028246493727500654
v -0.019669198016756262 0.054500002588611096 0.03677004416591689
v -0.02635545665037653 0.054500002588611096 0.03231566010424736
v -0.022419020763942976 0.05603125266134157 0.02262801468561282
v -0.029345834218559297 0.054500002588611096 0.029626624560875614
v -0.02311972155711217 0.054500002588611096 0.03470433590740063
v -0.017421671741181255 0.05603125266134157 0.026666894271980546
v -0.020002821918710945 0.05603125266134157 0.024789637789383034
v -0.008114437488686566 0.057125002713291906 0.0200405549985061
v -0.011825234974815468 0.057125002713291906 0.01810062685155489
v -0.009993597505310037 0.057125002713291906 0.0191728047894435
v -0.016714526016675668 0.057125002713291906 0.013714722331101825
v -0.02462489626544495 0.05603125266134157 0.02020529461509546
v -0.03206335220041767 0.054500002588611096 0.026661750152473518
v -0.03448276302089992 0.054500002588611096 0.023448834579335998
v -0.015217256315127048 0.057125002713291906 0.015359179272612655
v -0.013577226330003245 0.057125002713291906 0.01682641300013943
v -0.026579892467311073 0.05603125266134157 0.017554139017370574
v -0.03974104497841857 0.054500002588611096 0.01263125861081682
v -0.03833939162204869 0.054500002588611096 0.016401196305138033
v -0.029612794375282192 0.05603125266134157 0.011735263428183651
v -0.03658124334518176 0.054500002588611096 0.0200179586381799
v -0.02825063458157917 0.05603125266134157 0.01471523927010332
v -0.030652244116425864 0.05603125266134157 0.008664332801365249
v -0.04077313426083862 0.054500002588611096 0.008744152484416734
v -0.041693124844086604 0.054500002588611096 0.0007626153592889956
v -0.031847503267435906 0.05603125266134157 -0.0005970422909121545
v -0.04157261855174177 0.054500002588611096 -0.0032573663351365134
v -0.041425703108972645 0.054500002588611096 0.004775560605855267
v -0.03175869711087409 0.05603125266134157 0.00245121848304955
v -0.03136539036001529 0.05603125266134157 0.005553314949589827
v -0.031654349876913956 0.05603125266134157 -0.003552339960978673
v -0.041065481229070055 0.054500002588611096 -0.007246822701383326
v -0.019175545649559034 0.057125002713291906 0.009988267419302477
v -0.020805670772762186 0.057125002713291906 0.005881126683147109
v -0.020100131035881708 0.057125002713291906 0.007965565106127226
v -0.021556691239952297 0.057125002713291906 0.0016638849571888603
v -0.02148586184510859 0.057125002713291906 -0.002411116952977105
v -0.031207047991044234 0.05603125266134157 -0.006382396524308442
v -0.02118225007531671 0.057125002713291906 -0.004332058635479752
v -0.02161696918165812 0.057125002713291906 -0.0004051660193721447
v -0.02128972917588068 0.057125002713291906 0.0037694780232788716
v -0.04013826942355525 0.054500002588611096 -0.011305110514686079
v -0.018041506670524177 0.057125002713291906 0.011915211289819094
v -0.006218186196989828 0.057125002713291906 0.020707530051548018
v -0.005085886243153537 0.05778125274446211 0.009757403837170053
v -0.004129560189887471 0.05778125274446211 0.010199012287100406
v -0.006909636348850501 0.05778125274446211 0.008563296724788949
v -0.008506243156100046 0.05778125274446211 0.006979720924017718
v -0.007744266401005506 0.05778125274446211 0.007816604508689429
v -0.006018027591443986 0.05778125274446211 0.009211760004795844
v -0.0031645359111869 0.05778125274446211 0.0105384431122435
v -5.1139448870077514e-08 0.058000002754852176 2.9002556325057803e-07
v -5.1139448870077514e-08 0.058000002754852176 2.9002556325057803e-07
v -5.1139448870077514e-08 0.058000002754852176 2.9002556325057803e-07
v -5.1139448870077514e-08 0.058000002754852176 2.9002556325057803e-07
v -5.1139448870077514e-08 0.058000002754852176 2.9002556325057803e-07
v -5.1139448870077514e-08 0.058000002754852176 2.9002556325057803e-07
v -5.1139448870077514e-08 0.058000002754852176 2.9002556325057803e-07
v -0.009758684621837821 0.05778125274446211 0.005083284142657629
v -0.010588273551316862 0.05778125274446211 0.0029931122294149515
v -0.010229216107809913 0.05778125274446211 0.004053907586959449
v -0.01097047571790799 0.05778125274446211 0.0008469088479805265
v -0.010934429688058689 0.05778125274446211 -0.0012269069539124627
v -0.01100115160742654 0.05778125274446211 -0.00020605526353122475
v -0.010834616222014093 0.05778125274446211 0.0019184696393478168
v -5.1139448870077514e-08 0.058000002754852176 2.9002556325057803e-07
v -0.009181559045109422 0.05778125274446211 0.00606392889214713
v -5.1139448870077514e-08 0.058000002754852176 2.9002556325057803e-07
v -5.1139448870077514e-08 0.058000002754852176 2.9002556325057803e-07
v -5.1139448870077514e-08 0.058000002754852176 2.9002556325057803e-07
v -5.1139448870077514e-08 0.058000002754852176 2.9002556325057803e-07
v -5.1139448870077514e-08 0.058000002754852176 2.9002556325057803e-07
v -5.1139448870077514e-08 0.058000002754852176 2.9002556325057803e-07
v -5.1139448870077514e-08 0.058000002754852176 2.9002556325057803e-07
v -0.010779917275324236 0.05778125274446211 -0.002204496488374952
v -5.1139448870077514e-08 0.058000002754852176 2.9002556325057803e-07
v -0.03709735665094582 0.054500002588611096 -0.019043806980582056
v -0.038811284955009295 0.054500002588611096 -0.01525047565416826
v -0.02952464625402995 0.05603125266134157 -0.011954360576041378
v -0.030507300872236742 0.05603125266134157 -0.009160664993518863
v -0.02824617710761257 0.05603125266134157 -0.014722880109089287
v -0.03501381468186571 0.054500002588611096 -0.02264781296536178
v -0.026769688924079826 0.054500002588611096 -0.03197273406256862
v -0.029824065671327782 0.054500002588611096 -0.029144660426655422
v -0.0226274997014575 0.05603125266134157 -0.022418763271865316
v -0.032581155417150676 0.054500002588611096 -0.026025836273392278
v -0.02478919337713048 0.05603125266134157 -0.020002552982540944
v -0.02020470715168865 0.05603125266134157 -0.024624640680716015
v -0.023448828857289827 0.054500002588611096 -0.03448239299524758
v -0.026666518524282035 0.05603125266134157 -0.017421387546221467
v -0.020707284003562698 0.057125002713291906 -0.006217848596265785
v -0.019172512965088817 0.057125002713291906 -0.009993280885421951
v -0.020040293691730993 0.057125002713291906 -0.00811410942470614
v -0.01810029688022574 0.057125002713291906 -0.011824931706368447
v -0.015358752980172974 0.057125002713291906 -0.01521697212016726
v -0.016826035345092194 0.057125002713291906 -0.013576935459322925
v -0.013714247401269697 0.057125002713291906 -0.01671424182171588
v -0.017553488611455892 0.05603125266134157 -0.026579631160535966
v -0.012226860627131408 0.054500002588611096 -0.039866903291281286
v -0.0161407440222594 0.054500002588611096 -0.03844939605232245
v -0.011734544357714927 0.05603125266134157 -0.029612494921532617
v -0.019893702498244847 0.054500002588611096 -0.03664845449949716
v -0.014714544041493638 0.05603125266134157 -0.028250356108665553
v -0.008663617545593971 0.05603125266134157 -0.030651919867142885
v -0.008191378028840068 0.054500002588611096 -0.040887388264068125
v 0.00424090882417405 0.054500002588611096 -0.04148348433119953
v 8.427747739306757e-05 0.054500002588611096 -0.04169972427066959
v 0.0005975584075557788 0.05603125266134157 -0.03184713133443484
v -0.004073745921031602 0.054500002588611096 -0.041500234667688485
v -0.0024506045551792033 0.05603125266134157 -0.03175833280726792
v 0.0035527297753740195 0.05603125266134157 -0.031653985573307786
v -0.005552634502932752 0.05603125266134157 -0.03136504322254763
v -0.009987718102870136 0.057125002713291906 -0.019175248103158182
v -0.005880564015273704 0.057125002713291906 -0.02080534270878176
v -0.007965000054067917 0.057125002713291906 -0.02009981823069107
v -0.001663391549915974 0.057125002713291906 -0.02155633456574102
v 0.002411458129980004 0.057125002713291906 -0.021485505170897312
v 0.000405593086672245 0.057125002713291906 -0.02161660678540067
v -0.003768939197264509 0.057125002713291906 -0.021289383945761742
v -0.011914694398315051 0.057125002713291906 -0.018041218660866942
v -0.010198761470743278 0.05778125274446211 -0.004129225450186513
v -0.009211473902487333 0.05778125274446211 -0.006017706203184092
v -0.009757137762023138 0.05778125274446211 -0.005085558179173111
v -0.00781626976898847 0.05778125274446211 -0.007743954072652048
v -0.00606354789923963 0.05778125274446211 -0.009181245286244422
v -0.006979361388783356 0.05778125274446211 -0.008505932258258131
v -0.008562986780621396 0.05778125274446211 -0.006909320682636777
v -5.1139448870077514e-08 0.058000002754852176 2.9002556325057803e-07
v -0.01053820183262999 0.05778125274446211 -0.003164196641532724
v -5.1139448870077514e-08 0.058000002754852176 2.9002556325057803e-07
v -5.1139448870077514e-08 0.058000002754852176 2.9002556325057803e-07
v -5.1139448870077514e-08 0.058000002754852176 2.9002556325057803e-07
v -5.1139448870077514e-08 0.058000002754852176 2.9002556325057803e-07
v -5.1139448870077514e-08 0.058000002754852176 2.9002556325057803e-07
v -5.1139448870077514e-08 0.058000002754852176 2.9002556325057803e-07
v -5.1139448870077514e-08 0.058000002754852176 2.9002556325057803e-07
v -0.005082887414123161 0.05778125274446211 -0.009758366094601012
v -0.004053502752192906 0.05778125274446211 -0.01022888995117821
v -0.0019180781560223376 0.05778125274446211 -0.01083427289924388
v -0.002992708825159951 0.05778125274446211 -0.010587938811615905
v 0.0002063898989240493 0.05778125274446211 -0.011000799701587072
v 0.0012271979438020775 0.05778125274446211 -0.010934079689567944
v -0.0008465404316536709 0.05778125274446211 -0.010970126673091607
v -5.1139448870077514e-08 0.058000002754852176 2.9002556325057803e-07
v -5.1139448870077514e-08 0.058000002754852176 2.9002556325057803e-07
v -5.1139448870077514e-08 0.058000002754852176 2.9002556325057803e-07
v -5.1139448870077514e-08 0.058000002754852176 2.9002556325057803e-07
v -5.1139448870077514e-08 0.058000002754852176 2.9002556325057803e-07
v -5.1139448870077514e-08 0.058000002754852176 2.9002556325057803e-07
v -5.1139448870077514e-08 0.058000002754852176 2.9002556325057803e-07
v -5.1139448870077514e-08 0.058000002754852176 2.9002556325057803e-07
v -0.058595530432064 0.004497444366449166 0.09579044034081718
v -0.05900000280234963 -4.294522298688506e-16 0.1069999974528324
v -0.058834158830849415 0.003684025224191395 0.10700000508222729
v -0.05874865238757909 2.1105198449911615e-09 0.09274177228829839
v -0.05831555071295513 0.007460461017194664 0.10700000508222729
v -0.0562058094018103 0.014516257975557001 0.09529241633034591
v -0.057417422160774834 0.011281438409679878 0.10700000508222729
v -0.056121435923681684 0.015091807128565504 0.10700000508222729
v -0.05771262252269649 0.009592661359557608 0.09554020381770112
v -0.054419821462976525 0.01883097547328072 0.10700000508222729
v -0.05816477098167239 0.0036697077109991427 0.08068612291197486
v -0.05823160448094056 -1.2781598040879675e-08 0.07848994055668523
v -0.05707313808680503 0.008316600240903527 0.06553220678692906
v -0.057681063530719 0.003198436412140959 0.06557706762890358
v -0.0574271000481974 0.008772650181693153 0.08052296067277975
v -0.05609176520694037 0.013712448771423524 0.08035732650963912
v -0.05592288855096994 0.013276386891580838 0.06548072363018687
v -0.05410095090339739 0.01920547576572673 0.09504389642108091
v -0.054243860913847364 0.01804121103147205 0.06541829229177232
v -0.05417829770882898 0.018436821859588726 0.08018512343749506
v -0.05231705723346192 0.02243547736872853 0.10700000508222729
v -0.04983079002552682 0.025842088019425447 0.10700000508222729
v -0.04873831789722116 0.02698508390806542 0.07979563519878052
v -0.04699174722710531 0.02899124092473948 0.10700000508222729
v -0.04043604089155606 0.03431670924104013 0.1069999974528324
v -0.03683152182996974 0.03641956883799091 0.1069999974528324
v -0.041421403944950086 0.033886933982589795 0.07928165812358667
v -0.04384263819081191 0.031830354295063756 0.10700000508222729
v -0.04529018235746696 0.030674003150662488 0.07956017681357341
v -0.051715262008344975 0.02288342775316421 0.08000055311622845
v -0.052056307404182434 0.022563275455242948 0.0653381149808352
v -0.04938423772770539 0.02678596623808538 0.06523022007824952
v -0.04625584631324564 0.030646359945614154 0.06507944797636167
v -0.04199680909312997 0.033868032156740835 0.07204050024791187
v -0.03719096551159318 0.03657179815430345 0.07894543069062454
v -0.03790292538427664 0.03666034491143888 0.0717146106450306
v -0.03135426479491166 0.038817594464586325 0.09321966995504027
v -0.057260023929421866 0.005218275794882377 0.049929743277297156
v -0.05747633634814342 -2.3435874230849584e-09 0.04997916649741807
v -0.05739950452686715 0.003203343781987694 0.05046734477377912
v -0.05690998729170227 0.00836474076900795 0.05055000926745157
v -0.05555010868707244 0.015235756644069731 0.04939261098860115
v -0.05661338312112019 0.01030140544229341 0.04974812553185437
v -0.05277846396314123 0.02290584100801296 0.05072646954194626
v -0.05459820434498441 0.01823821726641528 0.050678976558733435
v -0.055976057803983625 0.013382456461438208 0.050619635125250806
v -0.0569367016179223 0.007759840380169303 0.04983893440457576
v -0.054101198858731436 0.02000000285729775 0.048792890958895274
v -0.05608174399674759 0.01276858104318157 0.04957036826022776
v -0.057368182046131366 0.002609136705348236 0.04995445488735761
v -0.04694407113841503 0.030959889928767748 0.05790272415526099
v -0.049869112476077504 0.02695948538084858 0.05798946274580663
v -0.04270451557816024 0.034079774567921106 0.0648654892259648
v -0.038771554881100734 0.03702942833351042 0.06456541749540357
v -0.04359678856975968 0.034579053613852384 0.05774985015507994
v -0.04472230742204708 0.035381700288938944 0.05067252972004832
v -0.04783252943256766 0.03152775532744401 0.05074340298391267
v -0.039855688080787655 0.03775416744264071 0.05750143705734345
v -0.050521101490199616 0.027350531923470145 0.05075314572119183
v -0.0522256189356618 0.024814030872206683 0.04775359189830075
v -0.051202578115585595 0.027121512747553256 0.04699371942568531
v -0.05017896509089237 0.02933668275938439 0.045998045245092545
v -0.0445711500357171 0.041621477196640555 0.036445936026743286
v -0.0476127532685644 0.037608842728706904 0.03644084722034924
v -0.048483152785003814 0.03328964772985499 0.04299688161987891
v -0.04120386319365066 0.03884247392133444 0.05050408412488938
v -0.017025313232365002 0.0412736034923733 0.08421914309931555
v -0.016963082165566412 0.041275369697291175 0.08482784674150867
v -0.016725699265497385 0.04133967023745466 0.08282286465164823
v -0.033498487156278234 0.03891096299929453 0.07130002932651092
v -0.03309229817214154 0.03812127866613224 0.1069999974528324
v -0.029281844576237726 0.03941734882656922 0.1069999974528324
v -0.032664773585184825 0.038693406989205315 0.07853707495833806
v -0.026447774235938137 0.04017588615507828 0.09277774488522184
v -0.018000008484349017 0.041000059167857206 0.1069999974528324
v -0.017972737212301748 0.041006708185507 0.09891800396593098
v -0.02168418415067097 0.04083419612286976 0.1069999974528324
v -0.025460755603852192 0.040315542228606116 0.1069999974528324
v -0.02139520556028507 0.040910970723684326 0.09227264079628927
v -0.02790939845086937 0.04023762703325495 0.07804539097502339
v -0.028846621929833338 0.040615045569247776 0.07078499176542685
v -0.022986125130478596 0.04121599774622897 0.07746183381839966
v -0.024010510631404802 0.0418021221942344 0.07016673612082691
v -0.025239062554381908 0.042781255846697785 0.06298536981293346
v -0.029978610508990533 0.0413627911186798 0.06363109127915045
v -0.01720046506563544 0.04121106915712769 0.08683282883136911
v -0.03450986644625953 0.03945896336101651 0.0641582443193256
v -0.01904639525279972 0.04254017459745407 0.06945202966598174
v -0.017675230865773495 0.04108246426210327 0.09084279301109
v -0.01794746484171661 0.04171563537372025 0.07678942472884476
v -0.015299848329548005 0.04199848374530912 0.07489645741481255
v -0.020353102697067138 0.043823564703577844 0.062244578456946975
v -0.04883551638816597 0.03866227524334187 0.030176995757060787
v -0.0483845848176756 0.03804198636500278 0.03306690754593555
v -0.04626505499288225 0.042950803889418854 0.029226703124644038
v -0.035759530812256024 0.04043562127483691 0.05712923702745787
v -0.031359515725947196 0.0426082593174848 0.056616820163519765
v -0.026719668703808486 0.04431433315950528 0.05596873739958319
v -0.021908585635328492 0.0456575224628053 0.05521217608435158
v -0.013917512601048787 0.04314362540126293 0.06805818499528549
v -0.015370354428783095 0.04458766004626691 0.06143031221343742
v -0.03729160104493756 0.0418353443942987 0.05019690942768218
v -0.03302547993166316 0.04432348461868019 0.049724955059562426
v -0.041013444941198074 0.045168009042337864 0.03628889256225287
v -0.023730740720655508 0.04796744765186656 0.04834585800919555
v -0.028476663034697758 0.04634078436659639 0.049095468945679066
v -0.028534417554042513 0.051999983396380234 0.03590157488638557
v -0.032521001453111875 0.05063431789572359 0.03537166000525893
v -0.03695831474370692 0.04815342559649105 0.03592180422694602
v -0.01699034771556751 0.0467473662645701 0.05438888045198542
v -0.014114988997452338 0.042980035915953785 0.06903508323504504
v -0.012158152204068129 0.04543110491054714 0.0594447583776736
v -0.012005588148054636 0.047651476262347 0.05352180353702218
v -0.011405026977561739 0.04691205056804648 0.05576251104091101
v -0.013720036204645236 0.04330721870126952 0.06708128675552594
v -0.013931569761140294 0.05054098369329241 0.04667959816442746
v -0.01886558813056438 0.04933817907073257 0.047531164519571956
v -0.017206263405754596 0.05199999865517002 0.04260690128519373
v -0.021127306987990258 0.05200000246986747 0.040801725418202484
v -0.013214226396685014 0.05199994143470832 0.04399672907947849
v -0.010651901751055348 0.04839300004024327 0.05208026370414842
v -0.009202964266157854 0.05200000246986747 0.044995901337629984
v -0.0492341141243835 0.031417283596733014 0.04468789503637938
v -0.01450994179025944 0.0426528493159406 0.07098887208516924
v -0.04789977491916009 0.03612715701990288 0.03863116257096566
v -0.04803182448597898 0.034869806038551054 0.04094114116579117
v -0.04804593505183474 0.03720704827602894 0.035891221797514916
v -0.04772088849708922 0.04408464259683775 0.021838814819026275
v -0.04928644795865633 0.03928256412168096 0.027287085875534745
v -0.050771135834351 0.041063100857863244 0.015431607025686578
v -0.05014426278821871 0.04024285316875709 0.021399071756147414
v -0.04449071714005104 0.048013121024397254 0.021811829649287517
v -0.042864252219048105 0.04669418938216152 0.029132634592954343
v -0.04881072466945913 0.04499158310012019 0.014314539635592594
v -0.05109717039573525 0.041718202665101956 0.009403267353369493
v -0.0505141167791745 0.04259868824159074 -0.0027145906784051266
v -0.05102997068551218 0.042219934561491534 0.0033442436853017843
v -0.04933954473241853 0.04589177158892177 -0.0009899507635156499
v -0.04922392888220051 0.044000005904585304 -0.008686574394828894
v -0.04956835791467329 0.042883154044897065 -0.008747357783946419
v -0.04938509221993348 0.04561121585049843 0.006691607793115062
v -0.038910036027814954 0.049899744496575416 0.028841195522715246
v -0.034964269391426495 0.05199997958168279 0.029357467138423354
v -0.031915858830985355 0.052000006284564915 0.032804834016642026
v -0.03747664820338503 0.05200006350502662 0.025867041862773776
v -0.04067396357131381 0.05145107132196847 0.021621327473491103
v -0.04578782489819355 0.04912454075492123 0.014361575808786164
v -0.04251685916665915 0.0520000215433547 0.015580084587060172
v -0.04109177975326839 0.05199994143470832 0.01918256469286117
v -0.03954633900603577 0.052000006284564915 0.022353417504601403
v -0.02492910694273598 0.05199997195228789 0.03856266204891323
v -0.046560026472957095 0.04989998863721201 0.006796722734936367
v -0.04665802986506318 0.05026375437104269 -0.000833109477989917
v -0.04372828119075134 0.052000078763816404 0.011541873526419999
v -0.04462654325734228 0.052000006284564915 0.007071360923945336
v -0.04510312866816246 0.051999994840472574 0.0022363289464756575
v -0.0464170821302301 0.050277502540641006 -0.004647138339471113
v -0.04733371959442234 0.04821875229026773 -0.008353007713335914
v -0.04841645661484373 0.04613083104851867 -0.008544080186400627
v -0.0444687368533625 0.051999994840472574 -0.007847422018850692
v -0.04506436752740539 0.05199999102577513 -0.0028281554134897136
v -0.04600327900998957 0.05019575738905324 -0.00811822452957689
v -0.058802531174317885 -0.004018202495694456 0.10700001271162218
v -0.05900000280234963 -4.294522298688506e-16 0.1069999974528324
v -0.058595530432064 -0.00449745247268124 0.09579044034081718
v -0.05874865238757909 2.1105198449911615e-09 0.09274177228829839
v -0.058212214373818405 -0.007998616121643598 0.10700000508222729
v -0.05587921789459882 -0.01568964079038393 0.10700000508222729
v -0.057234789705811195 -0.01190090426704482 0.10700000508222729
v -0.056205805587112856 -0.014516264651277533 0.09529241633034591
v -0.05771261870799904 -0.00959266803527814 0.09554020381770112
v -0.05410094708869995 -0.019205481487772902 0.0950439040504758
v -0.05415878934608598 -0.019326937639781994 0.10700000508222729
v -0.05823160448094056 -1.2781598040879675e-08 0.07848994055668523
v -0.05816477098167239 -0.0036697155788126268 0.08068613054136975
v -0.057681063530719 -0.0031984442799544432 0.06557706762890358
v -0.057073134272107584 -0.00831660787029842 0.06553220678692906
v -0.05742709623349995 -0.008772656857413685 0.08052296067277975
v -0.05609176139224292 -0.013712455447144056 0.08035732650963912
v -0.05592288473627249 -0.01327639356730137 0.06548073125958176
v -0.054243860913847364 -0.01804121675351822 0.06541829992116721
v -0.054178293894131535 -0.018436827581634896 0.08018512343749506
v -0.049693376994097704 -0.026009946151177576 0.10700000508222729
v -0.052090433687541626 -0.022778111586052585 0.10700000508222729
v -0.0469913962749402 -0.028991361087709056 0.10700000508222729
v -0.048738314082523715 -0.02698508772276287 0.07979563519878052
v -0.04142140013025264 -0.03388693779728724 0.07928165812358667
v -0.0373269861784542 -0.036158765602947174 0.10700000508222729
v -0.04077816203207352 -0.03409040231500793 0.10700000508222729
v -0.04529017854276951 -0.030674006965359935 0.07956018444296831
v -0.04400998515310617 -0.03169333799216911 0.10700000508222729
v -0.05171525819364753 -0.02288343347521038 0.08000055311622845
v -0.04938423391300795 -0.026785970052782826 0.06523022007824952
v -0.05205630358948499 -0.02256328117728912 0.0653381149808352
v -0.046255842498548194 -0.0306463637603116 0.06507944797636167
v -0.041996805278432525 -0.03386803597143828 0.07204050787730676
v -0.037902921569579195 -0.03666034491143888 0.0717146106450306
v -0.03719096169689573 -0.03657179815430345 0.07894543832001943
v -0.03135426098021421 -0.03881759827928377 0.09321967758443517
v -0.057259463168897184 -0.005218687305369452 0.049930212485083114
v -0.057399500712169704 -0.0032033516498011783 0.05046734858847657
v -0.05747633634814342 -2.3435874230849584e-09 0.04997916649741807
v -0.05690998729170227 -0.008364748398402844 0.050550013082149015
v -0.05555013538995457 -0.015235816725554518 0.04939251180646753
v -0.05661338312112019 -0.010301396859224154 0.04974811408776203
v -0.05459820053028697 -0.01823822298846145 0.05067898037343088
v -0.052778460148443784 -0.022905846730059132 0.05072646954194626
v -0.05597605398928618 -0.01338246313715874 0.05061963893994825
v -0.056936423145008686 -0.007760042082296803 0.04983916328642257
v -0.054101198858731436 -0.02000000285729775 0.048792890958895274
v -0.05608175925553738 -0.012768606792389336 0.049570314854463504
v -0.0573678997585203 -0.002609344844777678 0.049954691398599316
v -0.04986910866138006 -0.026959489195546027 0.05798946656050408
v -0.046944067323717587 -0.030959893743465194 0.057902727969958434
v -0.042704511763462794 -0.03407977838261855 0.0648654892259648
v -0.03877155106640329 -0.037029432148207864 0.06456541749540357
v -0.043596784755062234 -0.034579053613852384 0.05774985015507994
v -0.047832525617870214 -0.03152776104949018 0.05074340679861011
v -0.044722303607349634 -0.03538170410363639 0.05067252972004832
v -0.03985568426609021 -0.03775416744264071 0.05750143705734345
v -0.05052109767550217 -0.027350535738167592 0.05075314572119183
v -0.05222589740857542 -0.024813372836897107 0.04775378263317309
v -0.05120565276172773 -0.027114770269816013 0.04699631341994914
v -0.050184080600168546 -0.02932567926459906 0.04600383214111936
v -0.047612749453866954 -0.03760884654340435 0.03644084722034924
v -0.04457114622101965 -0.041621481011338 0.03644593984144073
v -0.04848781053058637 -0.03327654805882263 0.04301103414740659
v -0.04120385937895321 -0.03884247773603189 0.05050408412488938
v -0.016725725968379512 -0.041338949259637214 0.08282283413406866
v -0.016963101239053646 -0.04127470975463288 0.0848278162239291
v -0.01702531132501628 -0.0412736034923733 0.08421915072871045
v -0.03349848334158079 -0.03891096299929453 0.07130002932651092
v -0.029900948991019582 -0.03923476977736984 0.10700000508222729
v -0.03368969123640486 -0.03787919796615746 0.10700000508222729
v -0.03266476977048738 -0.03869341080390276 0.07853708258773295
v -0.02644777042124069 -0.04017588615507828 0.09277775251461673
v -0.022018313500037356 -0.0408024273225327 0.1070001195231507
v -0.017972720046163237 -0.041006834070522746 0.09891799633653608
v -0.01800000466965157 -0.04100003246497508 0.1069999974528324
v -0.025998667998176073 -0.04021220207477194 0.10700000508222729
v -0.021395203652936345 -0.040910970723684326 0.09227264079628927
v -0.027909396543520648 -0.04023762703325495 0.07804539097502339
v -0.028846620022484615 -0.040615045569247776 0.07078499176542685
v -0.022986123223129873 -0.04121599774622897 0.07746184144779455
v -0.02401050872405608 -0.0418021221942344 0.07016673612082691
v -0.029978606694293086 -0.041362794933377245 0.0636310950938479
v -0.025239060647033185 -0.042781255846697785 0.0629853736276309
v -0.017200478417076503 -0.04121047024962854 0.08683279831378954
v -0.03450986263156208 -0.03945896336101651 0.0641582443193256
v -0.019046391438102273 -0.04254017459745407 0.06945202966598174
v -0.017675230865773495 -0.041081991239619864 0.09084277012290531
v -0.015299855005268537 -0.04199825104876487 0.07489641163844318
v -0.017947462934367886 -0.04171563537372025 0.07678943235823965
v -0.02035309888236969 -0.043823564703577844 0.06224458227164442
v -0.012005586240705912 -0.047651476262347 0.05352180353702218
v -0.010651896029009178 -0.04839297715205859 0.05208025607475353
v -0.011405024116538653 -0.04691192086833329 0.05576249196742378
v -0.03575952699755858 -0.04043562127483691 0.05712923702745787
v -0.02671966488911104 -0.04431433315950528 0.05596873739958319
v -0.03135951381859847 -0.0426082593174848 0.05661682397821721
v -0.02190858372797977 -0.0456575224628053 0.05521217989904903
v -0.01537035156776001 -0.04458766004626691 0.06143031221343742
v -0.013917506879002617 -0.04314333929895442 0.06805812396012634
v -0.037291597230240114 -0.0418353443942987 0.05019690942768218
v -0.03302547993166316 -0.04432348461868019 0.049724955059562426
v -0.04101344112650063 -0.045168009042337864 0.03628889256225287
v -0.02847665922000031 -0.046340788181293835 0.04909547276037651
v -0.02373073690595806 -0.04796744765186656 0.04834585800919555
v -0.028534417554042513 -0.051999983396380234 0.03590157488638557
v -0.036958310929009475 -0.04815342559649105 0.03592180422694602
v -0.032521001453111875 -0.05063432171042104 0.03537166381995638
v -0.016990345808218787 -0.0467473662645701 0.05438888045198542
v -0.014114985182754891 -0.04297975744304017 0.06903502219988589
v -0.012158151250393767 -0.045430868399305435 0.05944472786009403
v -0.013720028575250343 -0.04330692496956612 0.06708122572036679
v -0.018865586223215658 -0.04933817907073257 0.0475311683342694
v -0.013931567853791571 -0.05054098369329241 0.04667959816442746
v -0.021127306987990258 -0.05200000246986747 0.040801725418202484
v -0.017206263405754596 -0.05199999865517002 0.04260690128519373
v -0.013214226396685014 -0.05199994143470832 0.04399672907947849
v -0.009202964266157854 -0.05200000246986747 0.044995901337629984
v -0.04924036259880138 -0.031403001369492145 0.0446985800039279
v -0.04789976347506775 -0.03612716464929777 0.03863116257096566
v -0.04803360976438409 -0.034860982643356575 0.040954858817809914
v -0.04840177384437094 -0.03807349195121601 0.03294527591784391
v -0.04805225600550411 -0.037229501585200886 0.035824460777498235
v -0.0462650511781848 -0.042950803889418854 0.02922670503199276
v -0.04931566091170403 -0.03931564136324228 0.027103684759035573
v -0.04772088468239177 -0.0440846464115352 0.021838814819026275
v -0.048858717378037486 -0.038694566657229146 0.03002448033843974
v -0.05016956567638342 -0.040272928243427764 0.02119876008586652
v -0.05078648236217953 -0.04108627895955008 0.015243083724190698
v -0.04449071714005104 -0.0480131248390947 0.021811829649287517
v -0.042864252219048105 -0.04669419319685897 0.029132634592954343
v -0.05110092405802291 -0.04173326690531942 0.009243821583161949
v -0.04881072085476168 -0.04499158691481764 0.014314539635592594
v -0.04933954473241853 -0.04589177540361922 -0.0009899512999574783
v -0.05102417616009047 -0.042228624442275375 0.003222792778501682
v -0.05050550700703704 -0.042602518197827344 -0.0027849968802508285
v -0.04956835791467329 -0.042883154044897065 -0.008747357783946419
v -0.04922392888220051 -0.044000005904585304 -0.008686574394828894
v -0.04938509221993348 -0.04561121966519588 0.006691607316277881
v -0.03891003221311751 -0.049899744496575416 0.028841195522715246
v -0.031915858830985355 -0.052000006284564915 0.032804834016642026
v -0.034964269391426495 -0.05199997958168279 0.029357467138423354
v -0.03747664820338503 -0.05200006350502662 0.025867041862773776
v -0.04067395975661636 -0.05145107132196847 0.021621327473491103
v -0.04251685916665915 -0.0520000215433547 0.015580084587060172
v -0.045787821083496105 -0.04912454456961868 0.014361575808786164
v -0.04109177975326839 -0.05199994143470832 0.01918256469286117
v -0.03954633900603577 -0.052000006284564915 0.022353417504601403
v -0.02492910694273598 -0.05199997195228789 0.03856266204891323
v -0.04656002265825965 -0.04989999245190946 0.006796722734936367
v -0.04665802605036573 -0.05026375818574014 -0.0008331100144317455
v -0.04462654325734228 -0.052000006284564915 0.007071360923945336
v -0.04372828119075134 -0.052000078763816404 0.011541873526419999
v -0.04510312866816246 -0.051999994840472574 0.0022363289464756575
v -0.04729945598195506 -0.048276243595488655 -0.008346965232580161
v -0.0464170821302301 -0.05027750635533845 -0.004647139293145475
v -0.04838663331020454 -0.046197302151529396 -0.008538812089226577
v -0.04506436752740539 -0.05199999102577513 -0.0028281554134897136
v -0.0444687368533625 -0.051999994840472574 -0.007847422018850692
v -0.01450994179025944 -0.042652589916514216 0.07098881867940499
v -0.04598460606598742 -0.05022029733772859 -0.00811493244568029
v -0.044986719360875504 -0.050195765018448135 -0.01258575117762506
v -0.04664203102397124 -0.049248270466608624 -0.008230948839130225
v -0.046287767701480576 -0.04821875610496518 -0.012949740071256377
v -0.04345868126339525 -0.05199998721107768 -0.012263832674785924
v -0.0444687368533625 -0.051999994840472574 -0.007847422018850692
v -0.04598460606598742 -0.05022029733772859 -0.00811493244568029
v -0.041584974356772 -0.050195765018448135 -0.021281378803169604
v -0.04022347832042472 -0.05199998721107768 -0.02052136518674863
v -0.04203623017654534 -0.05199998721107768 -0.016491881200192404
v -0.04351227394782553 -0.050195765018448135 -0.016996727797047306
v -0.03803751553959511 -0.05199998721107768 -0.024334769451127558
v -0.03549216248290632 -0.05199998721107768 -0.027917025938414275
v -0.03922399325708259 -0.050195765018448135 -0.025370959533302928
v -0.04729945598195506 -0.048276243595488655 -0.008346965232580161
v -0.044770677785672675 -0.04821875610496518 -0.01748828398799751
v -0.04732918391915808 -0.04821939697413624 -0.008352211395243891
v -0.047330244405048294 -0.04821736755509454 -0.008352398315418785
v -0.04579479435042888 -0.04613083486321612 -0.017888323679849938
v -0.04278764165022375 -0.04821875610496518 -0.021896851625982094
v -0.04035838128093383 -0.04821875610496518 -0.026104705143105145
v -0.036462194267261605 -0.050195765018448135 -0.02920129151760209
v -0.03751670634127402 -0.04821875610496518 -0.03004581212656232
v -0.0412815647659448 -0.04613083486321612 -0.026701842622639527
v -0.038374891196488736 -0.04613083486321612 -0.030733102350857244
v -0.03430898066401289 -0.04821875610496518 -0.03366225974706483
v -0.03334462896415591 -0.050195765018448135 -0.03271608508054191
v -0.04376639383294245 -0.04613083486321612 -0.02239773665953848
v -0.032596265433737504 -0.05199998721107768 -0.03124922137866748
v -0.04631331854497933 -0.04973428580951733 -0.008172940642405258
v -0.017919512646175084 -0.05199999102577513 -0.04144795423917991
v -0.02192890271393022 -0.05199999102577513 -0.03947371861074078
v -0.022357773889085664 -0.050195765018448135 -0.0410162907054934
v -0.018168423561928382 -0.050195765018448135 -0.04303620733585811
v -0.013780510603269569 -0.05199999102577513 -0.0430017453591236
v -0.025776446613109405 -0.05199998721107768 -0.03707573113111984
v -0.026268275554927056 -0.050195765018448135 -0.03862879364385119
v -0.004505246853239442 -0.050195765018448135 -0.04649634391377999
v -0.0007967198869518119 -0.05199999102577513 -0.0451485769735438
v -0.005198783644603522 -0.05199999102577513 -0.04485561583902342
v 0.004832106342946563 -0.050195765018448135 -0.04646349936876293
v 0.008132298855806908 -0.05199999102577513 -0.044417410099215626
v 0.003651826316717205 -0.05199999102577513 -0.04500799774323383
v -0.009533088183205085 -0.05199999102577513 -0.04413792629077484
v -0.009176387269045905 -0.050195765018448135 -0.04580394199490634
v -0.047331308705635955 -0.04821533813605283 -0.00835258618926804
v -0.04733342967741638 -0.048211275483271976 -0.008352960029617829
v -0.013753749547005811 -0.050195765018448135 -0.04464349195809847
v 0.00018791284559625636 -0.050195765018448135 -0.04671371681839176
v -0.029926135530912168 -0.050195765018448135 -0.03586966112754553
v -0.02935756632055697 -0.05199998721107768 -0.03431018610840608
v -0.030791619809691362 -0.04821875610496518 -0.036907037580626856
v -0.027027972551459944 -0.04821875610496518 -0.03974596593812496
v -0.018693867617647353 -0.04821875610496518 -0.04428084393061971
v -0.014151517586528661 -0.04821875610496518 -0.04593461445594693
v -0.0046355416592328 -0.04821875610496518 -0.047841047651966395
v 0.0001933474185510705 -0.04821875610496518 -0.04806471099266796
v -0.009441774816746351 -0.04821875610496518 -0.047128626200891865
v -0.023004376550412875 -0.04821875610496518 -0.04220250902355449
v 0.009631301383670743 -0.04821875610496518 -0.04709024271518203
v 0.009360586610985822 -0.050195765018448135 -0.04576663806857395
v 0.004971853969213125 -0.04821875610496518 -0.04780725706198252
v -0.046148962305483376 -0.04997728966627424 -0.008143936544042774
v -0.04734658656891044 -0.04613083486321612 -0.013245961818419416
v -0.04838663331020454 -0.046197302151529396 -0.008538812089226577
v -0.048412546549960744 -0.04612929754014505 -0.008543384957790945
v -0.048136217496308475 -0.044000005904585304 -0.013466871901238742
v -0.046558542555650284 -0.044000005904585304 -0.018186659723072873
v -0.04784304273873108 -0.047236772873509025 -0.00844288866090337
v -0.04922392888220051 -0.044000005904585304 -0.008686574394828894
v -0.03509378981383815 -0.04613083486321612 -0.0344322716854939
v -0.031495969360968434 -0.04613083486321612 -0.03775127590197602
v -0.02764623010340861 -0.04613083486321612 -0.04065514185411123
v -0.04197004517584313 -0.04400000208988786 -0.027147166587883076
v -0.044496313301205515 -0.04400000208988786 -0.02277127755557662
v -0.046066782278386675 -0.05009879540935014 -0.008129434971698712
v -0.04602569417218705 -0.05015954446619064 -0.00812218323185232
v -0.03901489443123296 -0.04400000208988786 -0.031245658451252156
v -0.035679071213707836 -0.04400000208988786 -0.0350065209803474
v -0.03202124938469719 -0.04400000208988786 -0.038380876456782786
v -0.028107303047061327 -0.04400000208988786 -0.04133317380770274
v -0.04599487904621169 -0.05020511102719283 -0.008116745380641888
v -0.04600515202643596 -0.05018992090195962 -0.008118558315603486
v -0.019121485664691518 -0.04613083486321612 -0.04529375672897462
v -0.023923030082205754 -0.04400000208988786 -0.04388781946737197
v -0.02353059498971355 -0.04613083486321612 -0.04316788306232722
v -0.019440386741850224 -0.04400000208988786 -0.04604914693209006
v -0.0144752289971678 -0.04613083486321612 -0.046985357608881895
v -0.009657753449441309 -0.04613083486321612 -0.048206678772848566
v 0.0001977701877116031 -0.04613083486321612 -0.04916417546139362
v -0.004741578327324691 -0.04613083486321612 -0.04893540042611333
v 0.005085583928380877 -0.04613083486321612 -0.04890083545254775
v -0.014716642125089385 -0.04400000208988786 -0.04776896131431396
v -0.00981882141973811 -0.04400000208988786 -0.04901065296264662
v -0.004820657005397133 -0.04400000208988786 -0.04975152824197693
v 0.00020106853009620174 -0.04400000208988786 -0.04998412178940148
v 0.005170399434576145 -0.04400000208988786 -0.04971638724909688
v 0.009851614466339642 -0.04613083486321612 -0.04816741790672596
v 0.01379895943379672 -0.050195765018448135 -0.04462953016544313
v 0.016780686221844476 -0.05199999102577513 -0.04192205628196222
v 0.012548118233637884 -0.05199999102577513 -0.04337732521094706
v 0.014198034960869466 -0.04821875610496518 -0.04592024830536223
v 0.018168404488441148 -0.050195765018448135 -0.043036214965253006
v 0.01869384854416012 -0.04821875610496518 -0.0442808515600146
v 0.020802691494056225 -0.051999994840472574 -0.04007866477594879
v -0.04732493816089978 -0.04822751846500051 -0.008351461807195593
v -0.04731644282968572 -0.04824376144672904 -0.008349962631098995
v 0.026423480335248106 -0.050195765018448135 -0.03852280990468637
v 0.028166055109788424 -0.051999994840472574 -0.03529485488686479
v 0.024603219247203434 -0.051999994840472574 -0.037864484678105104
v 0.022399314036932738 -0.050195765018448135 -0.040993631402659325
v 0.03017764616297547 -0.050195765018448135 -0.03565833451838696
v 0.0314739242244233 -0.051999994840472574 -0.032379300701752545
v 0.03450522395946676 -0.051999994840472574 -0.029128089380946465
v 0.03360675589921369 -0.050195765018448135 -0.03244676362609944
v 0.023047116420606972 -0.04821875610496518 -0.042179197407457014
v 0.01912146468385556 -0.04613083486321612 -0.045293764358369515
v 0.023574313329802754 -0.04613083486321612 -0.04314403357388974
v 0.027187667230675894 -0.04821875610496518 -0.03963691899691035
v 0.014522810672096265 -0.04613083486321612 -0.04697065957961932
v 0.031050403162437012 -0.04821875610496518 -0.03668959982615849
v 0.03457868740289749 -0.04821875610496518 -0.03338514868043596
v 0.03176067312415154 -0.04613083486321612 -0.037528863782037014
v 0.03536966491849425 -0.04613083486321612 -0.034148824406405875
v 0.03772706020258365 -0.04821875610496518 -0.029781238063092408
v 0.036666635347528675 -0.050195765018448135 -0.028944152299456016
v 0.027809577355429882 -0.04613083486321612 -0.04054360010076641
v 0.039616147969312454 -0.051999994840472574 -0.021670340613636485
v 0.037240194182144304 -0.051999994840472574 -0.025538508674561866
v 0.03932573505268655 -0.050195765018448135 -0.025212941413614853
v 0.04309693731921138 -0.051999994840472574 -0.01347975413451663
v 0.041569761343354106 -0.051999994840472574 -0.01763564384301919
v 0.04351226631843064 -0.050195765018448135 -0.016996720167652413
v 0.044999456635650414 -0.050195765018448135 -0.01254012644248681
v 0.04420427532346727 -0.051999994840472574 -0.009220847567788515
v 0.041606500694464366 -0.050195765018448135 -0.02123923402577721
v -0.0473674033728777 -0.048146311185752744 -0.008358955780329858
v 0.045153188942756994 -0.05199999865517002 -0.0004843050769526118
v 0.04669150002046152 -0.050195765018448135 0.0014524987433826853
v 0.0449824163821555 -0.05199999865517002 0.0039536964387060225
v 0.04489112304285836 -0.05199999865517002 -0.004882441752594446
v 0.046601255722962254 -0.050195765018448135 -0.0032448205104897154
v 0.0460355666091794 -0.050195765018448135 -0.007933005709744312
v 0.04436591549838109 -0.05199999865517002 0.00840940801508705
v 0.04549647356599573 -0.050195765018448135 0.010596088912711021
v 0.04397883433375549 -0.05200000246986747 0.010242630491381632
v 0.04631565313981678 -0.050195765018448135 0.00608818846056014
v 0.040463064208269284 -0.04821875610496518 -0.025942117015875787
v 0.04477067397097523 -0.04821875610496518 -0.017488276358602617
v 0.04630087118721038 -0.04821875610496518 -0.01290279545080153
v 0.04280978978359995 -0.04821875610496518 -0.021853488052755443
v 0.04794899596031632 -0.04821875610496518 -0.0033386630213556867
v 0.0476551345571985 -0.04821875610496518 0.006264262973775525
v 0.04681226189753529 -0.04821875610496518 0.010902535956380244
v 0.048041849510869206 -0.04821875610496518 0.001494505953248404
v 0.047366945609184086 -0.04821875610496518 -0.008162434011962372
v -0.04743535457849779 -0.048016374961319386 -0.008370946328079554
v 0.014765017257086788 -0.04400000208988786 -0.047754019144414794
v 0.0239674770295073 -0.04400000208988786 -0.04386357706509747
v 0.028273373993059625 -0.04400000208988786 -0.04121977429670132
v 0.019440365761014267 -0.04400000208988786 -0.0460491583761824
v 0.04138864332327685 -0.04613083486321612 -0.026535535165399526
v 0.03229036484547754 -0.04400000208988786 -0.038154756450925476
v 0.0385900553912788 -0.04613083486321612 -0.03046247626988796
v 0.03595955065818224 -0.04400000208988786 -0.03471834347642533
v 0.01001591634639698 -0.04400000208988786 -0.04897073978326061
v 0.04451935025908682 -0.04400000208988786 -0.022726182109709114
v 0.04378904932107908 -0.04613083486321612 -0.022353379357626935
v 0.04207890901158029 -0.04400000208988786 -0.026978085845599242
v 0.039233648256320475 -0.04400000208988786 -0.03097051767585457
v -0.04600129918201468 -0.05019561624524771 -0.008117878345783591
v -0.046002580920356806 -0.05019372034061664 -0.008118104366607315
v 0.04579479053573143 -0.04613083486321612 -0.017888316050455044
v 0.047359991415738545 -0.04613083486321612 -0.01319794336063329
v 0.04655853874095284 -0.04400000208988786 -0.018186650186329256
v 0.04845045319848973 -0.04613083486321612 -0.008349147239519739
v 0.04904581684371134 -0.04613083486321612 -0.003415033979496662
v 0.0491407951807421 -0.04613083486321612 0.0015286924373016791
v 0.048745233943692234 -0.04613083486321612 0.0064075563613189
v 0.04788307417373794 -0.04613083486321612 0.011151928477686202
v 0.04814984359558849 -0.04400000208988786 -0.013418054264337509
v 0.049863783343744306 -0.04400000208988786 -0.0034719886044705384
v 0.04925849004106864 -0.04400000208988786 -0.008488391325723321
v 0.049558187931280084 -0.04400000208988786 0.006514419388245207
v 0.04868165056664875 -0.044000005904585304 0.011337916912728674
v 0.04996034478021549 -0.04400000208988786 0.0015541874908502756
v -0.04757124936034307 -0.047756510141847563 -0.008394926469904584
v -0.0460000136289751 -0.05019751596457622 -0.008117651371285506
v 0.04436591549838109 -0.05199999865517002 0.00840940801508705
v 0.04338102165277302 -0.05353636423717667 0.0035741764812571852
v 0.0449824163821555 -0.05199999865517002 0.0039536964387060225
v 0.045153188942756994 -0.05199999865517002 -0.0004843050769526118
v 0.043522337119690224 -0.053536204019883904 -0.0006997440789704643
v 0.04420427532346727 -0.051999994840472574 -0.009220847567788515
v 0.04489112304285836 -0.05199999865517002 -0.004882441752594446
v 0.043245447305513274 -0.05353605143198603 -0.004949948069124799
v 0.04255591022442218 -0.053535902658785606 -0.00914618440201076
v 0.04309693731921138 -0.051999994840472574 -0.01347975413451663
v 0.041458971085406304 -0.05353575770028263 -0.013258739147517518
v 0.041569761343354106 -0.051999994840472574 -0.01763564384301919
v 0.04278891194447354 -0.053555834452945206 0.007830661191943755
v 0.04281574834101187 -0.05353652063977199 0.007841530695481269
v 0.042612238046921824 -0.05415447873797108 -0.0008473056361196427
v 0.04162973983131035 -0.05415443296160172 -0.009134799437480745
v 0.039049531884050026 -0.054154387185232356 -0.017075610018201237
v 0.03996058463118013 -0.05353562037117454 -0.01725685583064296
v 0.040535032290300865 -0.054154410073417036 -0.013166506438974102
v 0.04232411013406656 -0.0541544558497864 -0.005016227006751639
v 0.03806430615976408 -0.0535354868567639 -0.021112742473138324
v 0.0314739242244233 -0.051999994840472574 -0.032379300701752545
v 0.030224765305838508 -0.05353511683111156 -0.031322999534637574
v 0.028166055109788424 -0.051999994840472574 -0.03529485488686479
v 0.03450522395946676 -0.051999994840472574 -0.029128089380946465
v 0.03578147676666754 -0.05353536097174816 -0.024786177858798775
v 0.037240194182144304 -0.051999994840472574 -0.025538508674561866
v 0.020802691494056225 -0.051999994840472574 -0.04007866477594879
v 0.024603219247203434 -0.051999994840472574 -0.037864484678105104
v 0.023558133290582095 -0.05353489557865965 -0.03660147268574221
v 0.011916700929172075 -0.05353460566165369 -0.04186447342400257
v 0.016780686221844476 -0.05199999102577513 -0.04192205628196222
v 0.015983089252503135 -0.05353469721439241 -0.040486860290942506
v 0.02701749929961972 -0.053535006204885605 -0.034127984714253934
v 0.01987139224022716 -0.05353479639652603 -0.03872687332990621
v 0.039616147969312454 -0.051999994840472574 -0.021670340613636485
v 0.03238684998799979 -0.054154326150073206 -0.02770379770257847
v 0.03315386738893311 -0.05353523508673241 -0.028204553036421665
v 0.03495357679448308 -0.05415434522356044 -0.02438594933942273
v 0.026360581696396324 -0.054154291817796185 -0.03348878638067099
v 0.019330067599037104 -0.054154257485519164 -0.03798282422230015
v 0.01551508691093828 -0.05415424222672938 -0.03969418142028447
v 0.02295602144557707 -0.05415427274430895 -0.03590811709250685
v 0.029513915510112065 -0.05415430707658597 -0.030746238261515346
v 0.012548118233637884 -0.05199999102577513 -0.04337732521094706
v 0.0371836336631004 -0.05415436811174512 -0.020827740704840725
v 0.04154759413649067 -0.054500002588611096 0.0035618609689687386
v 0.04249021350499316 -0.05415450544085321 0.0033346194420620645
v 0.04195704468694439 -0.05415452832903789 0.007493712304326994
v 0.04148707396149698 -0.054500002588611096 -0.004208578786475126
v 0.04169910628968321 -0.054500002588611096 -0.000270954115147385
v 0.03987842367757066 -0.054500002588611096 -0.012190252883083064
v 0.03663717825384438 -0.054500002588611096 -0.019915017120228917
v 0.03845991317318331 -0.054500002588611096 -0.016116026690152774
v 0.04238639651397813 -0.053845522577056215 0.0076676214999041314
v 0.040885686909006846 -0.054500002588611096 -0.008200658234053804
v 0.04106535915875176 -0.054500002588611096 0.007247551785432849
v 0.03443002101400028 -0.054500002588611096 -0.023525796100325458
v 0.042601072427495 -0.053691023515762826 0.0077545760976927
v 0.031870446765229765 -0.054500002588611096 -0.02689166768963913
v 0.025873116768457827 -0.054500002588611096 -0.032702626827949555
v 0.029001132435219068 -0.054500002588611096 -0.02996361493332711
v 0.01551123978856317 -0.054500002588611096 -0.038707494666876396
v 0.011543081831836277 -0.05415422696793959 -0.04102541164708873
v 0.019069514226676132 -0.054500002588611096 -0.03708403572746155
v 0.022542931673759092 -0.054500002588611096 -0.03508122420044835
v 0.011923316568219211 -0.054500002588611096 -0.03995874213231332
v 0.008355749527125811 -0.054500002588611096 -0.04085397151443404
v 0.007450178500226778 -0.05415421552384725 -0.04196226319305163
v 0.04270841038425344 -0.05361377207776741 0.007798053158168394
v 0.007704728015643647 -0.05353451792361241 -0.04284036458363616
v -0.0007967198869518119 -0.05199999102577513 -0.0451485769735438
v -0.0008536104369295111 -0.053534357706319646 -0.04351933876749703
v -0.005198783644603522 -0.05199999102577513 -0.04485561583902342
v 0.003651826316717205 -0.05199999102577513 -0.04500799774323383
v 0.008132298855806908 -0.05199999102577513 -0.044417410099215626
v -0.013780510603269569 -0.05199999102577513 -0.0430017453591236
v -0.009533088183205085 -0.05199999102577513 -0.04413792629077484
v -0.009299869025399254 -0.05353422037721156 -0.04252256976873703
v -0.01340672842761792 -0.05353415934205241 -0.04141147810219348
v -0.017919512646175084 -0.05199999102577513 -0.04144795423917991
v -0.005105707411087179 -0.053534289041765604 -0.04322723593990219
v -0.02192890271393022 -0.05199999102577513 -0.03947371861074078
v -0.01739649664538101 -0.05353410212159071 -0.03990003775330431
v 0.00328796187759009 -0.05415420026505746 -0.04249132739664763
v 0.0034254752832457713 -0.05353443781496603 -0.043392786179698994
v -0.005064723732230159 -0.05415417737687278 -0.042316133601705275
v -0.0008953948446224769 -0.05415418882096512 -0.04260894214832778
v -0.013212233217269054 -0.05415415830338555 -0.04051822091865276
v -0.020866725005398434 -0.05415413922989831 -0.03715993294786335
v -0.02123989969048168 -0.053534048715826454 -0.037993661777746546
v -0.024903165092748925 -0.05353400293945709 -0.03570003679087552
v -0.024421677795709584 -0.05415413160050342 -0.034926690806877936
v -0.017118597843729377 -0.054154146859293206 -0.03902881426221638
v -0.00918245931370687 -0.05415416593278044 -0.041617193291407784
v -0.025776446613109405 -0.05199998721107768 -0.03707573113111984
v -0.032596265433737504 -0.05199998721107768 -0.03124922137866748
v -0.031429641309111966 -0.053533926645508156 -0.030113776683623472
v -0.03549216248290632 -0.05199998721107768 -0.027917025938414275
v -0.02935756632055697 -0.05199998721107768 -0.03431018610840608
v -0.028317363176667554 -0.053533964792482625 -0.033057424208082775
v -0.034224950508654484 -0.05353389612792858 -0.026894587840534667
v -0.03803751553959511 -0.05199998721107768 -0.024334769451127558
v -0.03668649084773934 -0.0535338732397439 -0.023425711790762138
v -0.04022347832042472 -0.05199998721107768 -0.02052136518674863
v -0.030778644116326026 -0.05415412015641108 -0.02947817560973287
v -0.03593377474753412 -0.054154112527016185 -0.022913939610692546
v -0.0335181633657089 -0.05415411634171363 -0.026321296034740316
v -0.04054290582583109 -0.05353383890746688 -0.015840754307693272
v -0.04190440567687581 -0.05353382364867709 -0.01177668245938679
v -0.04203623017654534 -0.05199998721107768 -0.016491881200192404
v -0.0444687368533625 -0.051999994840472574 -0.007847422018850692
v -0.04345868126339525 -0.05199998721107768 -0.012263832674785924
v -0.03879801743728928 -0.05353385035155922 -0.019732672674922513
v -0.04286546910753364 -0.05353382364867709 -0.007564483048197457
v -0.039710851648127043 -0.05415410489762129 -0.015470239420404819
v -0.038004197972094644 -0.05415410871231874 -0.0192861699681679
v -0.02773816240452809 -0.054154123971108525 -0.0323554702868023
v 0.004578790405316557 -0.054500002588611096 -0.041447561325342885
v -0.0034386858189226766 -0.054500002588611096 -0.04155769164063239
v 0.0006323154869005906 -0.054500002588611096 -0.04169491775188661
v -0.01172775514993396 -0.054500002588611096 -0.04001659583379169
v -0.019770583138148945 -0.054500002588611096 -0.03671505148752363
v -0.015814923083932175 -0.054500002588611096 -0.038584421083149856
v -0.007579598786830455 -0.054500002588611096 -0.04100508312439466
v 0.042762079362632655 -0.053575144451420975 0.007819792165243422
v -0.023525700732889288 -0.054500002588611096 -0.03442984172322028
v -0.027016614289812058 -0.054500002588611096 -0.031764400083557076
v -0.030188582900555483 -0.054500002588611096 -0.028766751702040683
v -0.03299860157345291 -0.054500002588611096 -0.025494529027697554
v -0.041037157100527466 -0.05415410489762129 -0.011499151776038774
v -0.041969366159697596 -0.05415410489762129 -0.007406338566656456
v -0.03742887293256114 -0.054500002588611096 -0.018383763232800998
v -0.03541716553110197 -0.054500002588611096 -0.02201148519160756
v -0.03903191561124064 -0.054500002588611096 -0.014676351290656142
v -0.040236604694339206 -0.054500002588611096 -0.01095004515205722
v -0.041065481229070055 -0.054500002588611096 -0.007246822701383326
v -0.0433999005904373 -0.05353367106077922 -0.003317094960409994
v -0.0444687368533625 -0.051999994840472574 -0.007847422018850692
v -0.04286546910753364 -0.05353382364867709 -0.007564483048197457
v -0.04351616112452383 -0.05353293100947454 0.000963033423865868
v -0.04510312866816246 -0.051999994840472574 0.0022363289464756575
v -0.04506436752740539 -0.05199999102577513 -0.0028281554134897136
v -0.04109177975326839 -0.05199994143470832 0.01918256469286117
v -0.04251685916665915 -0.0520000215433547 0.015580084587060172
v -0.03987605475045619 -0.05350814692016259 0.01759585845599765
v -0.04372828119075134 -0.052000078763816404 0.011541873526419999
v -0.041386232434490466 -0.05351761499922558 0.01359001701054241
v -0.04321593299136728 -0.05353015009503581 0.005234771023479579
v -0.04462654325734228 -0.052000006284564915 0.007071360923945336
v -0.04250374042213956 -0.05352498880939027 0.00945706984615935
v -0.04231311999072229 -0.05415252561287831 0.005105180506002338
v -0.04260740482525671 -0.05415377301894342 0.0009297325456667296
v -0.040515447633608925 -0.05414679212261575 0.013271415387133279
v -0.03717168984539443 -0.05413672132135616 0.020936404268961928
v -0.03798966778951973 -0.05349606195865109 0.021437743251514485
v -0.039029767936578086 -0.054142393776459574 0.017185284477145846
v -0.04161371047263884 -0.054150175759251074 0.009232191524320976
v -0.03954633900603577 -0.052000006284564915 0.022353417504601403
v -0.028534417554042513 -0.051999983396380234 0.03590157488638557
v -0.031915858830985355 -0.052000006284564915 0.032804834016642026
v -0.030254487520995355 -0.05345455805042976 0.0316163802858771
v -0.02705236944898104 -0.05344483057194038 0.03444186183487519
v -0.02492910694273598 -0.05199997195228789 0.03856266204891323
v -0.02358412091693851 -0.05343827692172676 0.0369317644494771
v -0.021127306987990258 -0.05200000246986747 0.040801725418202484
v -0.019883896818457814 -0.05343488565569654 0.03906121248763217
v -0.017206263405754596 -0.05199999865517002 0.04260690128519373
v -0.01598852328901612 -0.05343413034560207 0.04081090358025952
v -0.011937645525503804 -0.05343496576434292 0.042167871570737425
v -0.013214226396685014 -0.05199994143470832 0.04399672907947849
v -0.03574643114122367 -0.05348120371209575 0.025080489396215322
v -0.034964269391426495 -0.05199997958168279 0.029357467138423354
v -0.03747664820338503 -0.05200006350502662 0.025867041862773776
v -0.032410005201501946 -0.05412283963734721 0.027810389885986053
v -0.033161153461056525 -0.053466852820300836 0.02848479406230564
v -0.026396172823575093 -0.05411218137268081 0.03361928336562903
v -0.019355235065442455 -0.05410737485389783 0.038128694437968846
v -0.015533946775115326 -0.054107042975219954 0.039838953003088484
v -0.022987698693175407 -0.054109003729707617 0.036049035830889586
v -0.029546836349078065 -0.05411690015342252 0.03086380914417486
v -0.009202964266157854 -0.05200000246986747 0.044995901337629984
v -0.03495921110261202 -0.054129690833961686 0.024490195483900523
v -0.041547700948019184 -0.054500002588611096 -0.003561134507523711
v -0.04249286853441614 -0.054154078194739164 -0.0032541901226748604
v -0.04148715407014336 -0.054500002588611096 0.004209292611734861
v -0.04169920165711938 -0.054500002588611096 0.0002716753313834232
v -0.03987848852742726 -0.054500002588611096 0.012190946204344022
v -0.03663723165960864 -0.054500002588611096 0.01991568469228211
v -0.038459970393645015 -0.054500002588611096 0.01611670761364703
v -0.040885759388258336 -0.054500002588611096 0.00820136204573274
v -0.041065481229070055 -0.054500002588611096 -0.007246822701383326
v -0.034430074419764534 -0.054500002588611096 0.023526448413588863
v -0.0318704982636453 -0.054500002588611096 0.026892306651461473
v -0.025873177803616976 -0.054500002588611096 0.03270324099423849
v -0.029001185840983323 -0.054500002588611096 0.029964240543708387
v -0.015511323711906999 -0.054500002588611096 0.038708082130283206
v -0.011562134338234387 -0.054107485480123785 0.0411648502828621
v -0.019069588613276345 -0.054500002588611096 0.037084630820263254
v -0.02254299843096441 -0.054500002588611096 0.03508182692264494
v -0.011923409074632296 -0.054500002588611096 0.03995932578102268
v -0.008355851570282513 -0.054500002588611096 0.040854551348445955
v -0.007479084846967188 -0.054107783026524636 0.042097086044914356
v -0.007771331202553466 -0.05343561426290888 0.04312669577399397
v 0.003911585278334878 -0.051999994840472574 0.04580148532975059
v -0.00047895076165579975 -0.05199998721107768 0.04596133641156186
v 0.000735482012396288 -0.05343410745741739 0.043832914527019984
v -0.004863251440251071 -0.052000040616841936 0.04568309619448874
v -0.0035331362971942337 -0.05343476740007569 0.04368696801740235
v 0.004995166062147782 -0.05343557993063186 0.043552812737592816
v 0.008262043391693563 -0.05200000246986747 0.045191843271985555
v 0.020623021151660037 -0.05200000246986747 0.040752164868973484
v 0.01666010172820198 -0.051999994840472574 0.042648641704656765
v 0.017307623731613875 -0.053459742224259976 0.040182043076757434
v 0.012526387809632111 -0.05200000246986747 0.044136152456462074
v 0.013322160399919514 -0.05344838586996081 0.04171732146999174
v 0.02112356286244621 -0.053473547614319994 0.03825800505202093
v 0.024380671705505064 -0.05199999865517002 0.03847551910043823
v 0.009204773386422005 -0.053440268193793994 0.04284531987561957
v -0.003324944892499765 -0.054107184119025487 0.04263090717622653
v 0.005036168337654856 -0.05410712308386634 0.042467470278815256
v 0.0008600181153611483 -0.05410661572910591 0.04275640690752924
v 0.013199008614895313 -0.054113089270673154 0.04065598108754953
v 0.020845149076639258 -0.05412506742065615 0.03727033410667158
v 0.024735089523242326 -0.05348848215482427 0.03596844653262821
v 0.0243824836867923 -0.054132132240327646 0.035030816788386154
v 0.017105528690276595 -0.05411850232635018 0.039152330350846754
v 0.009162821251250675 -0.05410925168504166 0.041765020446866696
v 0.027903556241729577 -0.051999994840472574 0.03585039309074167
v 0.039154005003025905 -0.05200001391395981 0.02246925079257389
v 0.036813711007590566 -0.05199997576698534 0.026187140754930782
v 0.036519704645969764 -0.053533125559044326 0.023682387523168424
v 0.03866419403615762 -0.053536787668593266 0.019974364275757717
v 0.04114646344116846 -0.05199999865517002 0.018553360866588875
v 0.04397883433375549 -0.05200000246986747 0.010242630491381632
v 0.04281574834101187 -0.05353652063977199 0.007841530695481269
v 0.04436591549838109 -0.05199999865517002 0.00840940801508705
v 0.041830789645547206 -0.05353653208386433 0.012028566931799878
v 0.04397883433375549 -0.05200000246986747 0.010242630491381632
v 0.04276567280762755 -0.051999994840472574 0.01446890804349843
v 0.040441587461643724 -0.05353730646744603 0.016078211594362513
v 0.031166299392917374 -0.052000006284564915 0.03290770877738769
v 0.02810976734161197 -0.05350301233739918 0.03333867803613888
v 0.031217500262048503 -0.053515886941282176 0.030395656122060855
v 0.034143617344390975 -0.05200000246986747 0.029676997640660785
v 0.03072056344034957 -0.054144980141328514 0.029574761841737462
v 0.03402958840831083 -0.05352607218346517 0.027166699746159484
v 0.03796494855006438 -0.054154722878607675 0.0193631105083214
v 0.03968167302735637 -0.0541549365016647 0.015545634054418
v 0.035885164057969376 -0.054153021523546396 0.022996745248170525
v 0.03346272055301691 -0.05414973706904469 0.02641118175067958
v 0.027684264544302062 -0.05413896436345489 0.03245703660632371
v -0.0045789024620540575 -0.054500002588611096 0.0414481411593548
v 0.0034385530197678094 -0.054500002588611096 0.04155827528934175
v -0.0006324376168235363 -0.054500002588611096 0.04169549758589852
v 0.011727601608361726 -0.054500002588611096 0.04001719092659339
v 0.019770415291461285 -0.054500002588611096 0.03671566565381257
v 0.015814760959290686 -0.054500002588611096 0.0385850276200439
v 0.0075794552588390185 -0.054500002588611096 0.04100567058780147
v 0.023525527164155458 -0.054500002588611096 0.034430471148299
v 0.02701643690638078 -0.054500002588611096 0.031765042860076864
v 0.03018840742447293 -0.054500002588611096 0.028767409737350258
v 0.032998429912067806 -0.054500002588611096 0.025495202321796917
v 0.04101729397092191 -0.054154543587827675 0.011578852249795046
v 0.037428712715268375 -0.054500002588611096 0.018384461322433765
v 0.03541699768441431 -0.054500002588611096 0.022012169929799263
v 0.04023646736523112 -0.054500002588611096 0.010950763268851582
v 0.04106535915875176 -0.054500002588611096 0.007247551785432849
v 0.03903176302334277 -0.054500002588611096 0.014677059870706888
v 0.011923316568219211 -0.054500002588611096 -0.03995874213231332
v 0.006382635419736049 -0.05603125266134157 -0.031206706575622745
v 0.008355749527125811 -0.054500002588611096 -0.04085397151443404
v 0.00916089864373748 -0.05603125266134157 -0.030506967086210146
v 0.01551123978856317 -0.054500002588611096 -0.038707494666876396
v 0.019069514226676132 -0.054500002588611096 -0.03708403572746155
v 0.011954580874818932 -0.05603125266134157 -0.029524339170885483
v 0.017421570651698914 -0.05603125266134157 -0.02666631443796863
v 0.022542931673759092 -0.054500002588611096 -0.03508122420044835
v 0.025873116768457827 -0.054500002588611096 -0.032702626827949555
v 0.02000271892187988 -0.05603125266134157 -0.024789056048022395
v 0.029001132435219068 -0.054500002588611096 -0.02996361493332711
v 0.014723081334379606 -0.05603125266134157 -0.02824591389348874
v 0.022418917767111912 -0.05603125266134157 -0.022627434851600903
v 0.031870446765229765 -0.054500002588611096 -0.02689166768963913
v 0.008114335445529863 -0.057125002713291906 -0.020039975164494184
v 0.011825132931658766 -0.057125002713291906 -0.018100047017542975
v 0.009993494508478973 -0.057125002713291906 -0.019172224955431583
v 0.024624793268613887 -0.05603125266134157 -0.020204714781083544
v 0.016714423019844604 -0.057125002713291906 -0.01371414249708991
v 0.03443002101400028 -0.054500002588611096 -0.023525796100325458
v 0.02657978947048001 -0.05603125266134157 -0.017553559183358658
v 0.015217153318295984 -0.057125002713291906 -0.01535859943860074
v 0.013577124286846542 -0.057125002713291906 -0.01682583125877879
v 0.03987842367757066 -0.054500002588611096 -0.012190252883083064
v 0.040885686909006846 -0.054500002588611096 -0.008200658234053804
v 0.0306521411195948 -0.05603125266134157 -0.008663752967353333
v 0.03663717825384438 -0.054500002588611096 -0.019915017120228917
v 0.03845991317318331 -0.054500002588611096 -0.016116026690152774
v 0.028250531584748106 -0.05603125266134157 -0.014714659436091404
v 0.029612691378451128 -0.05603125266134157 -0.011734683594171735
v 0.04169910628968321 -0.054500002588611096 -0.000270954115147385
v 0.04154759413649067 -0.054500002588611096 0.0035618609689687386
v 0.03184740027060484 -0.05603125266134157 0.0005976223633426606
v 0.03175859602139175 -0.05603125266134157 -0.0024506384106190437
v 0.04148707396149698 -0.054500002588611096 -0.004208578786475126
v 0.03136528927053295 -0.05603125266134157 -0.0055527351155779114
v 0.04106535915875176 -0.054500002588611096 0.007247551785432849
v 0.03165424688008289 -0.05603125266134157 0.0035529200334091793
v 0.019175444560076693 -0.057125002713291906 -0.009987687585290561
v 0.020805569683279845 -0.057125002713291906 -0.005880546372298012
v 0.020100028039050644 -0.057125002713291906 -0.00796498527211531
v 0.021556590150469956 -0.057125002713291906 -0.0016633048847583543
v 0.02148576075562625 -0.057125002713291906 0.002411697025407611
v 0.031206946901561894 -0.05603125266134157 0.006382976835157539
v 0.021182147078485647 -0.057125002713291906 0.0043326384694916675
v 0.021616866184827055 -0.057125002713291906 0.0004057460918026508
v 0.021289628086398338 -0.057125002713291906 -0.0037688979508483655
v 0.04023646736523112 -0.054500002588611096 0.010950763268851582
v 0.018041403673693113 -0.057125002713291906 -0.011914631455807179
v 0.006218083676995945 -0.057125002713291906 -0.020706950217536102
v 0.004332297530907359 -0.057125002713291906 -0.02118190865989522
v 0.0050857841999968345 -0.05778125274446211 -0.009756824003158138
v 0.004129458146730769 -0.05778125274446211 -0.01019843245308849
v 0.0069095343056937986 -0.05778125274446211 -0.008562715937102672
v 0.008506141112943344 -0.05778125274446211 -0.006979140613168622
v 0.007744163881011623 -0.05778125274446211 -0.007816024197840332
v 0.006017925548287284 -0.05778125274446211 -0.009211180170783928
v 0.0022047353838025585 -0.05778125274446211 -0.010779575859902746
v 0.003164433629611607 -0.05778125274446211 -0.010537863278231585
v -5.1139448870077514e-08 -0.058000002754852176 2.9002556325057803e-07
v -5.1139448870077514e-08 -0.058000002754852176 2.9002556325057803e-07
v -5.1139448870077514e-08 -0.058000002754852176 2.9002556325057803e-07
v -5.1139448870077514e-08 -0.058000002754852176 2.9002556325057803e-07
v -5.1139448870077514e-08 -0.058000002754852176 2.9002556325057803e-07
v -5.1139448870077514e-08 -0.058000002754852176 2.9002556325057803e-07
v -5.1139448870077514e-08 -0.058000002754852176 2.9002556325057803e-07
v 0.009758582578681119 -0.05778125274446211 -0.005082703831808533
v 0.01058817150816016 -0.05778125274446211 -0.0029925321569844454
v 0.01022911406465321 -0.05778125274446211 -0.004053327276110352
v 0.010970373674751288 -0.05778125274446211 -0.0008463287755500204
v 0.010934327644901987 -0.05778125274446211 0.0012274870263429688
v 0.011001048610595476 -0.05778125274446211 0.000206635306159407
v 0.01083451417885739 -0.05778125274446211 -0.0019178895669173107
v 0.00918145700195272 -0.05778125274446211 -0.006063348581298034
v -5.1139448870077514e-08 -0.058000002754852176 2.9002556325057803e-07
v -5.1139448870077514e-08 -0.058000002754852176 2.9002556325057803e-07
v -5.1139448870077514e-08 -0.058000002754852176 2.9002556325057803e-07
v -5.1139448870077514e-08 -0.058000002754852176 2.9002556325057803e-07
v -5.1139448870077514e-08 -0.058000002754852176 2.9002556325057803e-07
v -5.1139448870077514e-08 -0.058000002754852176 2.9002556325057803e-07
v -5.1139448870077514e-08 -0.058000002754852176 2.9002556325057803e-07
v -5.1139448870077514e-08 -0.058000002754852176 2.9002556325057803e-07
v 0.010779814278493172 -0.05778125274446211 0.002205076560805458
v -5.1139448870077514e-08 -0.058000002754852176 2.9002556325057803e-07
v 0.03903176302334277 -0.054500002588611096 0.014677059870706888
v 0.03050719787540568 -0.05603125266134157 0.009161244827530779
v 0.03541699768441431 -0.054500002588611096 0.022012169929799263
v 0.028246074110781505 -0.05603125266134157 0.014723459943101203
v 0.037428712715268375 -0.054500002588611096 0.018384461322433765
v 0.029524543257198888 -0.05603125266134157 0.011954940410053294
v 0.02478909228764814 -0.05603125266134157 0.02000313281655286
v 0.032998429912067806 -0.054500002588611096 0.025495202321796917
v 0.03018840742447293 -0.054500002588611096 0.028767409737350258
v 0.022627396704626435 -0.05603125266134157 0.022419343105877232
v 0.02701643690638078 -0.054500002588611096 0.031765042860076864
v 0.026666417434799694 -0.05603125266134157 0.017421967380233383
v 0.02020460606220631 -0.05603125266134157 0.02462522051472793
v 0.023525527164155458 -0.054500002588611096 0.034430471148299
v 0.020707182914080358 -0.057125002713291906 0.0062184284302777
v 0.019172409968257753 -0.057125002713291906 0.009993861673108229
v 0.02004019069489993 -0.057125002713291906 0.008114689258718055
v 0.018100193883394677 -0.057125002713291906 0.011825512494054724
v 0.01535864998334191 -0.057125002713291906 0.015217551954179176
v 0.01682593234826113 -0.057125002713291906 0.01357751529333484
v 0.013714144404438633 -0.057125002713291906 0.016714821655727796
v 0.01755338752197355 -0.05603125266134157 0.02658021099454788
v 0.015814760959290686 -0.054500002588611096 0.0385850276200439
v 0.011727601608361726 -0.054500002588611096 0.04001719092659339
v 0.011734442314558224 -0.05603125266134157 0.029613074755544533
v 0.014714441998336936 -0.05603125266134157 0.028250937850026192
v 0.019770415291461285 -0.054500002588611096 0.03671566565381257
v 0.0075794552588390185 -0.054500002588611096 0.04100567058780147
v 0.008663515502437269 -0.05603125266134157 0.0306524997011548
v 0.0024505022736039106 -0.05603125266134157 0.031758912641279835
v 0.0034385530197678094 -0.054500002588611096 0.04155827528934175
v -0.0006324376168235363 -0.054500002588611096 0.04169549758589852
v -0.0045789024620540575 -0.054500002588611096 0.0414481411593548
v -0.0005976606891310715 -0.05603125266134157 0.03184771116844676
v 0.005552531982938869 -0.05603125266134157 0.031365623056559544
v -0.008355851570282513 -0.054500002588611096 0.040854551348445955
v -0.003552832056949312 -0.05603125266134157 0.0316545654073197
v 0.009987616059713433 -0.057125002713291906 0.019175827937170098
v 0.0058804619721170015 -0.057125002713291906 0.020805922542793676
v 0.007964898010911214 -0.057125002713291906 0.020100398064702985
v 0.0016632892683406814 -0.057125002713291906 0.021556914399752936
v -0.002411560411555297 -0.057125002713291906 0.021486085004909228
v -0.006382737939729932 -0.05603125266134157 0.03120728640963466
v -0.0004056953682475377 -0.057125002713291906 0.021617186619412587
v 0.0037688369156892165 -0.057125002713291906 0.021289963779773657
v 0.011914591401483987 -0.057125002713291906 0.018041798494878858
v 0.010198659427586576 -0.05778125274446211 0.00412980576103561
v 0.00921137185933063 -0.05778125274446211 0.006018286037196008
v 0.009757035718866436 -0.05778125274446211 0.0050861380131850265
v 0.007816167725831769 -0.05778125274446211 0.007744533906663964
v 0.006063445856082927 -0.05778125274446211 0.009181826073930699
v 0.006979259345626654 -0.05778125274446211 0.008506512092270047
v 0.008562884737464693 -0.05778125274446211 0.006909900516648693
v 0.010538098835798926 -0.05778125274446211 0.00316477671396323
v -5.1139448870077514e-08 -0.058000002754852176 2.9002556325057803e-07
v -5.1139448870077514e-08 -0.058000002754852176 2.9002556325057803e-07
v -5.1139448870077514e-08 -0.058000002754852176 2.9002556325057803e-07
v -5.1139448870077514e-08 -0.058000002754852176 2.9002556325057803e-07
v -5.1139448870077514e-08 -0.058000002754852176 2.9002556325057803e-07
v -5.1139448870077514e-08 -0.058000002754852176 2.9002556325057803e-07
v -5.1139448870077514e-08 -0.058000002754852176 2.9002556325057803e-07
v -5.1139448870077514e-08 -0.058000002754852176 2.9002556325057803e-07
v 0.0050827848941292775 -0.05778125274446211 0.009758945928612928
v 0.004053400232199023 -0.05778125274446211 0.010229469785190126
v 0.0019179758744470449 -0.05778125274446211 0.010834853686930157
v 0.0029926065435846583 -0.05778125274446211 0.01058851864562782
v -0.000206492180499342 -0.05778125274446211 0.011001379535598987
v -0.0012273002253773702 -0.05778125274446211 0.010934660477254221
v -0.004332399574064061 -0.057125002713291906 0.021182488493907137
v 0.0008464381500783782 -0.05778125274446211 0.010970706507103523
v -5.1139448870077514e-08 -0.058000002754852176 2.9002556325057803e-07
v -5.1139448870077514e-08 -0.058000002754852176 2.9002556325057803e-07
v -5.1139448870077514e-08 -0.058000002754852176 2.9002556325057803e-07
v -5.1139448870077514e-08 -0.058000002754852176 2.9002556325057803e-07
v -0.002204837665377851 -0.05778125274446211 0.010780155693914661
v -5.1139448870077514e-08 -0.058000002754852176 2.9002556325057803e-07
v -5.1139448870077514e-08 -0.058000002754852176 2.9002556325057803e-07
v -5.1139448870077514e-08 -0.058000002754852176 2.9002556325057803e-07
v -5.1139448870077514e-08 -0.058000002754852176 2.9002556325057803e-07
v -0.011923409074632296 -0.054500002588611096 0.03995932578102268
v -0.009161000686894183 -0.05603125266134157 0.030507548827570785
v -0.015511323711906999 -0.054500002588611096 0.038708082130283206
v -0.019069588613276345 -0.054500002588611096 0.037084630820263254
v -0.011954682917975634 -0.05603125266134157 0.0295249190048974
v -0.017421671741181255 -0.05603125266134157 0.026666894271980546
v -0.02254299843096441 -0.054500002588611096 0.03508182692264494
v -0.025873177803616976 -0.054500002588611096 0.03270324099423849
v -0.029001185840983323 -0.054500002588611096 0.029964240543708387
v -0.020002821918710945 -0.05603125266134157 0.024789637789383034
v -0.014723183377536309 -0.05603125266134157 0.028246493727500654
v -0.022419020763942976 -0.05603125266134157 0.02262801468561282
v -0.0318704982636453 -0.054500002588611096 0.026892306651461473
v -0.008114437488686566 -0.057125002713291906 0.0200405549985061
v -0.011825234974815468 -0.057125002713291906 0.01810062685155489
v -0.009993597505310037 -0.057125002713291906 0.0191728047894435
v -0.02462489626544495 -0.05603125266134157 0.02020529461509546
v -0.016714526016675668 -0.057125002713291906 0.013714722331101825
v -0.034430074419764534 -0.054500002588611096 0.023526448413588863
v -0.026579892467311073 -0.05603125266134157 0.017554139017370574
v -0.015217256315127048 -0.057125002713291906 0.015359179272612655
v -0.013577226330003245 -0.057125002713291906 0.01682641300013943
v -0.038459970393645015 -0.054500002588611096 0.01611670761364703
v -0.03987848852742726 -0.054500002588611096 0.012190946204344022
v -0.029612794375282192 -0.05603125266134157 0.011735263428183651
v -0.040885759388258336 -0.054500002588611096 0.00820136204573274
v -0.030652244116425864 -0.05603125266134157 0.008664332801365249
v -0.03663723165960864 -0.054500002588611096 0.01991568469228211
v -0.02825063458157917 -0.05603125266134157 0.01471523927010332
v -0.041547700948019184 -0.054500002588611096 -0.003561134507523711
v -0.041065481229070055 -0.054500002588611096 -0.007246822701383326
v -0.031654349876913956 -0.05603125266134157 -0.003552339960978673
v -0.04148715407014336 -0.054500002588611096 0.004209292611734861
v -0.04169920165711938 -0.054500002588611096 0.0002716753313834232
v -0.03175869711087409 -0.05603125266134157 0.00245121848304955
v -0.031847503267435906 -0.05603125266134157 -0.0005970422909121545
v -0.03136539036001529 -0.05603125266134157 0.005553314949589827
v -0.019175545649559034 -0.057125002713291906 0.009988267419302477
v -0.020805670772762186 -0.057125002713291906 0.005881126683147109
v -0.020100131035881708 -0.057125002713291906 0.007965565106127226
v -0.021556691239952297 -0.057125002713291906 0.0016638849571888603
v -0.02148586184510859 -0.057125002713291906 -0.002411116952977105
v -0.031207047991044234 -0.05603125266134157 -0.006382396524308442
v -0.02118225007531671 -0.057125002713291906 -0.004332058635479752
v -0.02161696918165812 -0.057125002713291906 -0.0004051660193721447
v -0.02128972917588068 -0.057125002713291906 0.0037694780232788716
v -0.040236604694339206 -0.054500002588611096 -0.01095004515205722
v -0.018041506670524177 -0.057125002713291906 0.011915211289819094
v -0.006218186196989828 -0.057125002713291906 0.020707530051548018
v -0.005085886243153537 -0.05778125274446211 0.009757403837170053
v -0.004129560189887471 -0.05778125274446211 0.010199012287100406
v -0.006909636348850501 -0.05778125274446211 0.008563296724788949
v -0.008506243156100046 -0.05778125274446211 0.006979720924017718
v -0.007744266401005506 -0.05778125274446211 0.007816604508689429
v -0.006018027591443986 -0.05778125274446211 0.009211760004795844
v -0.0031645359111869 -0.05778125274446211 0.0105384431122435
v -5.1139448870077514e-08 -0.058000002754852176 2.9002556325057803e-07
v -5.1139448870077514e-08 -0.058000002754852176 2.9002556325057803e-07
v -5.1139448870077514e-08 -0.058000002754852176 2.9002556325057803e-07
v -5.1139448870077514e-08 -0.058000002754852176 2.9002556325057803e-07
v -5.1139448870077514e-08 -0.058000002754852176 2.9002556325057803e-07
v -5.1139448870077514e-08 -0.058000002754852176 2.9002556325057803e-07
v -5.1139448870077514e-08 -0.058000002754852176 2.9002556325057803e-07
v -0.009758684621837821 -0.05778125274446211 0.005083284142657629
v -0.010588273551316862 -0.05778125274446211 0.0029931122294149515
v -0.010229216107809913 -0.05778125274446211 0.004053907586959449
v -0.01097047571790799 -0.05778125274446211 0.0008469088479805265
v -0.010934429688058689 -0.05778125274446211 -0.0012269069539124627
v -0.01100115160742654 -0.05778125274446211 -0.00020605526353122475
v -0.010834616222014093 -0.05778125274446211 0.0019184696393478168
v -0.009181559045109422 -0.05778125274446211 0.00606392889214713
v -5.1139448870077514e-08 -0.058000002754852176 2.9002556325057803e-07
v -5.1139448870077514e-08 -0.058000002754852176 2.9002556325057803e-07
v -5.1139448870077514e-08 -0.058000002754852176 2.9002556325057803e-07
v -5.1139448870077514e-08 -0.058000002754852176 2.9002556325057803e-07
v -5.1139448870077514e-08 -0.058000002754852176 2.9002556325057803e-07
v -5.1139448870077514e-08 -0.058000002754852176 2.9002556325057803e-07
v -5.1139448870077514e-08 -0.058000002754852176 2.9002556325057803e-07
v -5.1139448870077514e-08 -0.058000002754852176 2.9002556325057803e-07
v -0.010779917275324236 -0.05778125274446211 -0.002204496488374952
v -5.1139448870077514e-08 -0.058000002754852176 2.9002556325057803e-07
v -0.03903191561124064 -0.054500002588611096 -0.014676351290656142
v -0.030507300872236742 -0.05603125266134157 -0.009160664993518863
v -0.03541716553110197 -0.054500002588611096 -0.02201148519160756
v -0.02824617710761257 -0.05603125266134157 -0.014722880109089287
v -0.03742887293256114 -0.054500002588611096 -0.018383763232800998
v -0.02952464625402995 -0.05603125266134157 -0.011954360576041378
v -0.02478919337713048 -0.05603125266134157 -0.020002552982540944
v -0.03299860157345291 -0.054500002588611096 -0.025494529027697554
v -0.030188582900555483 -0.054500002588611096 -0.028766751702040683
v -0.0226274997014575 -0.05603125266134157 -0.022418763271865316
v -0.027016614289812058 -0.054500002588611096 -0.031764400083557076
v -0.026666518524282035 -0.05603125266134157 -0.017421387546221467
v -0.02020470715168865 -0.05603125266134157 -0.024624640680716015
v -0.023525700732889288 -0.054500002588611096 -0.03442984172322028
v -0.020707284003562698 -0.057125002713291906 -0.006217848596265785
v -0.019172512965088817 -0.057125002713291906 -0.009993280885421951
v -0.020040293691730993 -0.057125002713291906 -0.00811410942470614
v -0.01810029688022574 -0.057125002713291906 -0.011824931706368447
v -0.015358752980172974 -0.057125002713291906 -0.01521697212016726
v -0.016826035345092194 -0.057125002713291906 -0.013576935459322925
v -0.013714247401269697 -0.057125002713291906 -0.01671424182171588
v -0.017553488611455892 -0.05603125266134157 -0.026579631160535966
v -0.015814923083932175 -0.054500002588611096 -0.038584421083149856
v -0.01172775514993396 -0.054500002588611096 -0.04001659583379169
v -0.011734544357714927 -0.05603125266134157 -0.029612494921532617
v -0.014714544041493638 -0.05603125266134157 -0.028250356108665553
v -0.019770583138148945 -0.054500002588611096 -0.03671505148752363
v -0.007579598786830455 -0.054500002588611096 -0.04100508312439466
v -0.008663617545593971 -0.05603125266134157 -0.030651919867142885
v -0.0024506045551792033 -0.05603125266134157 -0.03175833280726792
v -0.0034386858189226766 -0.054500002588611096 -0.04155769164063239
v 0.0006323154869005906 -0.054500002588611096 -0.04169491775188661
v 0.004578790405316557 -0.054500002588611096 -0.041447561325342885
v 0.0005975584075557788 -0.05603125266134157 -0.03184713133443484
v -0.005552634502932752 -0.05603125266134157 -0.03136504322254763
v 0.0035527297753740195 -0.05603125266134157 -0.031653985573307786
v -0.009987718102870136 -0.057125002713291906 -0.019175248103158182
v -0.005880564015273704 -0.057125002713291906 -0.02080534270878176
v -0.007965000054067917 -0.057125002713291906 -0.02009981823069107
v -0.001663391549915974 -0.057125002713291906 -0.02155633456574102
v 0.002411458129980004 -0.057125002713291906 -0.021485505170897312
v 0.000405593086672245 -0.057125002713291906 -0.02161660678540067
v -0.003768939197264509 -0.057125002713291906 -0.021289383945761742
v -0.011914694398315051 -0.057125002713291906 -0.018041218660866942
v -0.010198761470743278 -0.05778125274446211 -0.004129225450186513
v -0.009211473902487333 -0.05778125274446211 -0.006017706203184092
v -0.009757137762023138 -0.05778125274446211 -0.005085558179173111
v -0.00781626976898847 -0.05778125274446211 -0.007743954072652048
v -0.00606354789923963 -0.05778125274446211 -0.009181245286244422
v -0.006979361388783356 -0.05778125274446211 -0.008505932258258131
v -0.008562986780621396 -0.05778125274446211 -0.006909320682636777
v -0.01053820183262999 -0.05778125274446211 -0.003164196641532724
v -5.1139448870077514e-08 -0.058000002754852176 2.9002556325057803e-07
v -5.1139448870077514e-08 -0.058000002754852176 2.9002556325057803e-07
v -5.1139448870077514e-08 -0.058000002754852176 2.9002556325057803e-07
v -5.1139448870077514e-08 -0.058000002754852176 2.9002556325057803e-07
v -5.1139448870077514e-08 -0.058000002754852176 2.9002556325057803e-07
v -5.1139448870077514e-08 -0.058000002754852176 2.9002556325057803e-07
v -5.1139448870077514e-08 -0.058000002754852176 2.9002556325057803e-07
v -5.1139448870077514e-08 -0.058000002754852176 2.9002556325057803e-07
v -0.005082887414123161 -0.05778125274446211 -0.009758366094601012
v -0.004053502752192906 -0.05778125274446211 -0.01022888995117821
v -0.0019180781560223376 -0.05778125274446211 -0.01083427289924388
v -0.002992708825159951 -0.05778125274446211 -0.010587938811615905
v 0.0002063898989240493 -0.05778125274446211 -0.011000799701587072
v 0.0012271979438020775 -0.05778125274446211 -0.010934079689567944
v -0.0008465404316536709 -0.05778125274446211 -0.010970126673091607
v -5.1139448870077514e-08 -0.058000002754852176 2.9002556325057803e-07
v -5.1139448870077514e-08 -0.058000002754852176 2.9002556325057803e-07
v -5.1139448870077514e-08 -0.058000002754852176 2.9002556325057803e-07
v -5.1139448870077514e-08 -0.058000002754852176 2.9002556325057803e-07
v -5.1139448870077514e-08 -0.058000002754852176 2.9002556325057803e-07
v -5.1139448870077514e-08 -0.058000002754852176 2.9002556325057803e-07
v -5.1139448870077514e-08 -0.058000002754852176 2.9002556325057803e-07
v -5.1139448870077514e-08 -0.058000002754852176 2.9002556325057803e-07
v 0.02023631764208167 -0.015398904578149408 0.10091785147302801
v 0.02012131786550131 -0.015091885329863164 0.10700000508222729
v 0.018419642369637 -0.01883108228480923 0.10700000508222729
v 0.022868334902715892 -0.004499271129689009 0.1026243411170702
v 0.022834149491546274 -0.0036840321383305175 0.10700000508222729
v 0.02231551848546731 -0.007460485812728068 0.10700000508222729
v 0.02298200144253859 -0.0026543351480468047 0.1019558764246753
v 0.023153861191912428 6.038994902501558e-08 0.10200029476174599
v 0.022999909539702657 4.294512811919046e-16 0.10700003559980686
v 0.02231499205721965 -0.007888525383840106 0.1017500963856044
v 0.022810141693164754 -0.005308730854415578 0.1019114657169995
v 0.021028079078003747 -0.01293361153045125 0.1012532854489212
v 0.021819840513925826 -0.010468319436427453 0.1015887270542093
v 0.02141735560100999 -0.011281488000746687 0.10700000508222729
v 0.02063219931371707 -0.01416625853113751 0.1010855684609746
v 0.02206741628557274 -0.00917842241013378 0.1016694079052094
v 0.02203059301111865 -0.009564284778925125 0.10183614070121472
v 0.014709412319753312 -0.024738410217369777 0.1056169788934902
v 0.016316813290265797 -0.022435605161092997 0.10700000508222729
v 0.013830478371451016 -0.025842231070579702 0.10700000508222729
v 0.011459560938587021 -0.028576499388927035 0.10418214148403049
v 0.01099137549154472 -0.028991387790591183 0.10700000508222729
v 0.007842220678881962 -0.031830493531520565 0.10700000508222729
v 0.0181562508623756 -0.01999989032372307 0.09971494003893966
v 0.0173682278299514 -0.020633343722951114 0.10700000508222729
v 0.016168173604250713 -0.02339784161121572 0.0987047776374439
v 0.016461809940219174 -0.02302864374822078 0.09836320199866133
v 0.018676266603627756 -0.018849644602585425 0.10001566789746175
v 0.019196284252228635 -0.017699396974099058 0.10031639575598383
v 0.007816156758576609 -0.031969943611386276 0.1026069689848974
v 0.009908712857723545 -0.030920619525901527 0.0958782928230173
v 0.01324233022645005 -0.027368090975817827 0.09736835179271708
v 0.014773569808762543 -0.02571712425311401 0.09646635132262826
v 0.013329145110944629 -0.027962130921025397 0.09396331470471697
v 0.006221953210718556 -0.033989934628351204 0.09423601979579477
v 0.017503844138883062 -0.020505608578944567 0.10691051990951994
v 0.004435597153581161 -0.03431683131135843 0.10700000508222729
v 0.012354301085760189 -0.02971662281038956 0.09095824101462036
v 0.012157591443543447 -0.030372212898901463 0.08930476040629909
v 0.0008310750521578134 -0.036419660390729636 0.10700000508222729
v -0.0029081205318813586 -0.03812133970129139 0.10700000508222729
v -0.00037794111974071357 -0.03722300897014641 0.099055996831372
v 0.003847035829162987 -0.034867482887805945 0.1008963060618484
v -0.004794193972371408 -0.03901101488392955 0.097091076694098
v -0.0067185171457420645 -0.03941738315884624 0.1069999974528324
v -0.010539518856923502 -0.04031554604330356 0.1069999974528324
v -0.0019792608962788255 -0.038499761502712726 0.09050228548759254
v 0.0022387639155396766 -0.03652425558002381 0.09244311962518736
v -0.009343426194521331 -0.040226755145531534 0.09500673363855405
v 0.005098741773549298 -0.03614127140045609 0.08597257641013822
v 0.008866543237300295 -0.03344976584048753 0.0877123607334962
v 0.008209884079828922 -0.03617038517137017 0.07968341442929017
v 0.00432608911081267 -0.03849983779666166 0.077795177340092
v 0.0010597800519771688 -0.038289934069650755 0.08405570620190428
v -0.006366989438157944 -0.03992759131296264 0.08841955986376604
v -0.003182452829838811 -0.039904325473234525 0.08196908195728714
v 0.00020714960486127934 -0.0403020954201061 0.07570499779745443
v -0.004078017428497671 -0.04161205870864437 0.0734328037808396
v -0.007564486386057723 -0.04101715664181382 0.07972653576922895
v -0.010862827816982001 -0.04084372142239445 0.0862039988454466
v -0.014315973008158234 -0.04083418086407997 0.1069999974528324
v -0.017972720046163237 -0.041006834070522746 0.09891799633653608
v -0.01800000466965157 -0.04100003246497508 0.1069999974528324
v -0.017675230865773495 -0.041081991239619864 0.09084277012290531
v -0.013969543166874598 -0.0409012470598924 0.09280832349995549
v -0.017200478417076503 -0.04121047024962854 0.08683279831378954
v 0.046994970646447864 -0.04141419416677561 0.02011064624939385
v 0.04610442571279183 -0.041188520480519575 0.022944140570378968
v 0.04572441699723262 -0.046059385580037304 0.018323557770346666
v -0.01542298580945678 -0.041279966407714586 0.08386440675434148
v -0.012035727118907547 -0.041682458950025314 0.07734616456241739
v -0.008467978879685423 -0.04250202380828849 0.0710055652011965
v -0.015299855005268537 -0.04199825104876487 0.07489641163844318
v -0.016725725968379512 -0.041338949259637214 0.08282283413406866
v -0.01450994179025944 -0.042652589916514216 0.07098881867940499
v 0.011787738406262016 -0.03331017461681629 0.08136024098598593
v 0.012131353954504265 -0.03200308379545547 0.08423115939627301
v 0.013781310736059038 -0.03339860693302832 0.07747875581627373
v 0.012774964939358813 -0.032760171538934735 0.08082096483732482
v 0.0078095487489243665 -0.039173566771533164 0.07174531895947744
v 0.011555611205600336 -0.03662920553618054 0.07358946577558534
v 0.016564150643322284 -0.03454050991084978 0.07105575136080677
v 0.01505754542344695 -0.03398708123466099 0.07422244615232998
v 0.011516043256333264 -0.04029894448001503 0.06590458992229209
v 0.015131465676896938 -0.03749513422721229 0.0676771272379284
v 0.015462769289129596 -0.04179141052380375 0.06023844814315504
v 0.018950226730165554 -0.038699716498782344 0.06191089542718187
v 0.011654134350233547 -0.044354143342060226 0.0582434643753027
v 0.007611065749232038 -0.04258271991807838 0.06385341947574563
v 0.003800883235265534 -0.041199029971985546 0.06966282221749776
v -0.00039385705076782837 -0.042737142685422835 0.0673679231216795
v 0.0034985031359117957 -0.044375379762746636 0.06155635744647503
v -0.004708117231832787 -0.04385700434139661 0.06489933322171293
v -0.012918993609835061 -0.0430534573977126 0.06845347920351408
v -0.0090945410279758 -0.044668672775944884 0.062305522063357266
v -0.013720028575250343 -0.04330692496956612 0.06708122572036679
v -0.0007491600869290183 -0.04576040485294586 0.05907015890309397
v -0.005079753640170603 -0.04685628732076896 0.05645662957363573
v 0.0034172674848517715 -0.048078997034606274 0.05348470560435192
v 0.007612104300611933 -0.04641560965701563 0.05596638373125851
v -0.011405024116538653 -0.04691192086833329 0.05576249196742378
v -0.009459336730117118 -0.04776057279462842 0.05376532237793441
v -0.012158151250393767 -0.045430868399305435 0.05944472786009403
v -0.010651896029009178 -0.04839297715205859 0.05208025607475353
v -0.005216931590869556 -0.050659788630575964 0.048201952362711964
v -0.0008729055938480265 -0.04946333547926507 0.050879526647604756
v 0.020151583675044327 -0.03555578019222683 0.064967967258176
v 0.011960880847652344 -0.03102780489476209 0.08765127979797782
v 0.024413811889574255 -0.036469270531025444 0.05910363668788721
v 0.02228269682863493 -0.036012525361626135 0.06203580006568288
v 0.02723914657272064 -0.041581781455009015 0.050485643877431485
v 0.028676040104104183 -0.03738276086982406 0.05323930611759842
v 0.03201642760712442 -0.038078119179218994 0.048542612474107294
v 0.03148393589787246 -0.04294210637924012 0.04457822248478349
v 0.03368662040496018 -0.03842580214861391 0.046194261837664286
v 0.02398765487165222 -0.04518808579500044 0.0490330604954492
v 0.035356813202795934 -0.038773481303311375 0.043845915015918724
v 0.034123948764355205 -0.03867016403766188 0.045537649410236636
v 0.03559065034158815 -0.04411830730180588 0.03842759124171646
v 0.03807715406076495 -0.039690965630336805 0.03928794284508097
v 0.03847607986096291 -0.03945688053621055 0.03889897721991664
v 0.04135209852173638 -0.040095586773822856 0.03376700370955943
v 0.03257314073781492 -0.04811423720961994 0.0371909998438702
v 0.028344849979120568 -0.046750856712733935 0.04322954001716006
v 0.04172723586865601 -0.04048983956964847 0.032767030364944105
v 0.042632337687769084 -0.04038468361982961 0.031106170224411978
v 0.03941830631562837 -0.04506006836338283 0.032005921930355896
v 0.04391257685380179 -0.04067378046583636 0.028445336739264526
v 0.042838968404370625 -0.04572183063236368 0.025305075893699014
v 0.04492185043079244 -0.04100900844806743 0.025959225933924746
v 0.04010640144108457 -0.0500333580893475 0.024306924067114544
v 0.04868165056664875 -0.044000005904585304 0.011337916912728674
v 0.0478855155801039 -0.04163986785303164 0.01727715192840873
v 0.04788307417373794 -0.04613083486321612 0.011151928477686202
v 0.04927657170696653 -0.042030096143050866 0.011476472446043107
v 0.03034623290193994 -0.03773044002452153 0.050890959295852856
v 0.04310470785791054 -0.05045907450971443 0.017421946399397426
v 0.03654194814678213 -0.04923188634107456 0.03089248231753383
v 0.04681226189753529 -0.04821875610496518 0.010902535956380244
v 0.02032669926868902 -0.048232252504532 0.04717510828928129
v 0.01635638696157904 -0.05075864651491013 0.04497871231093464
v 0.020623021151660037 -0.05200000246986747 0.040752164868973484
v 0.012526387809632111 -0.05200000246986747 0.044136152456462074
v 0.01666010172820198 -0.051999994840472574 0.042648641704656765
v 0.02474195025660042 -0.05000836800637343 0.04146262556556035
v 0.029044705816805294 -0.05158733612946609 0.035549951334528096
v 0.031166299392917374 -0.052000006284564915 0.03290770877738769
v 0.027903556241729577 -0.051999994840472574 0.03585039309074167
v 0.024380671705505064 -0.05199999865517002 0.03847551910043823
v 0.003911585278334878 -0.051999994840472574 0.04580148532975059
v 0.008262043391693563 -0.05200000246986747 0.045191843271985555
v -0.00047895076165579975 -0.05199998721107768 0.04596133641156186
v -0.009202964266157854 -0.05200000246986747 0.044995901337629984
v -0.004863251440251071 -0.052000040616841936 0.04568309619448874
v 0.034143617344390975 -0.05200000246986747 0.029676997640660785
v 0.036813711007590566 -0.05199997576698534 0.026187140754930782
v 0.039154005003025905 -0.05200001391395981 0.02246925079257389
v 0.04276567280762755 -0.051999994840472574 0.01446890804349843
v 0.044348001679170856 -0.050504427447659594 0.013870988550987451
v 0.04549647356599573 -0.050195765018448135 0.010596088912711021
v 0.04397883433375549 -0.05200000246986747 0.010242630491381632
v 0.04114646344116846 -0.05199999865517002 0.018553360866588875
v 0.04500850128329681 -0.04093115047317797 0.025694737701147385
v 0.018357867159183305 -0.03504814314418958 0.06801185930949138
v 0.018416258733001678 -0.019424767463154247 0.09986530015350326
v 0.019669724445003922 0.015136652711750243 0.07154421573947634
v 0.018371792712212898 0.020000000949949026 0.0754890782925699
v 0.019504235240366263 0.015220127828630137 0.08137993245420638
v 0.01807205476767826 0.020000000949949026 0.08042260361234899
v 0.01807197084433443 0.020000000949949026 0.08042733383718303
v 0.018665184907544763 0.020000000949949026 0.07072583343742167
v 0.01866488736114391 0.020000000949949026 0.07073066284438934
v 0.018669842653127322 0.020000000949949026 0.07065022613402583
v 0.020199833875700346 0.014999986407346344 0.06167168719438454
v 0.018062928104036757 0.020000000949949026 0.08093383410538113
v 0.01806833734501634 0.020000000949949026 0.080630886092945
v 0.020570773148079757 0.009999989984556534 0.0621465025855894
v 0.020776534113663425 0.010246784696901212 0.08193179710444198
v 0.018052111529426318 0.020000000949949026 0.08153973775964829
v 0.018073744678647197 0.020000000949949026 0.08032793045111397
v 0.019680521946127127 0.019999983783810515 0.06100694564669773
v 0.02167263896884819 0.005147406345715477 0.08219420251241338
v 0.020793335948567915 0.004999994515441086 0.06243139182031232
v 0.018030480287554163 0.020000000949949026 0.0827515526975775
v 0.017987213989112405 0.020000000949949026 0.08517517494404103
v 0.01796457566711429 0.0199999742470669 0.09244554577276354
v 0.018028466127302245 0.019999945636836047 0.09486867973795388
v 0.019699858647485025 0.015290121804732992 0.09117437414256191
v 0.0202363119200355 0.01539892269796228 0.10091784384363311
v 0.018595330167898716 0.020000000949949026 0.0718599429883593
v 0.01852081768267011 0.020000000949949026 0.07306965221329786
v 0.017900683299577613 0.020000000949949026 0.09002241943696809
v 0.02281013406376986 0.0053087923664119074 0.1019114580876046
v 0.02181983097718221 0.010468358537076283 0.1015887270542093
v 0.01863258641051302 0.020000000949949026 0.07125508456119256
v 0.023153861191912428 6.038994902501558e-08 0.10200029476174599
v 0.02086752227716482 -1.550729126379587e-09 0.0625263548985533
v 0.021672776297956275 -0.005147374874461541 0.08219419488301849
v 0.020793335948567915 -0.004999997376464171 0.06243139182031232
v 0.020570773148079757 -0.00999999284557962 0.0621465025855894
v 0.020776680979515127 -0.010246764669739616 0.08193180473383688
v 0.023153861191912428 6.038994902501558e-08 0.10200029476174599
v 0.019669754962583497 -0.015136832956204604 0.07154420048068655
v 0.019680521946127127 -0.019999983783810515 0.06100694564669773
v 0.020199833875700346 -0.014999988314695067 0.06167168719438454
v 0.018070015811892937 -0.019999968525020728 0.0804230690054375
v 0.018663176469339016 -0.019999983783810515 0.07073054077407104
v 0.018662857942102207 0.020000000949949026 0.07076363708911959
v 0.018660529069310927 0.020000000949949026 0.07080144074081751
v 0.019504324885756263 -0.0152200963573762 0.08137995534239106
v 0.022810141693164754 -0.005308730854415578 0.1019114657169995
v 0.021819840513925826 -0.010468319436427453 0.1015887270542093
v 0.018651215485494532 0.020000000949949026 0.0709526553476092
v 0.019699992161895663 -0.015289881478793843 0.09117442754832616
v 0.01790103997378889 -0.019999938007441154 0.090084537970192
v 0.02023631764208167 -0.015398904578149408 0.10091785147302801
v 0.0181562508623756 -0.01999989032372307 0.09971494003893966
v 0.018071040058157406 0.020000000949949026 0.08047940445733204
v 0.0180723923684023 0.020000000949949026 0.080403667454223
v 0.018071717166954215 0.020000000949949026 0.08044153977047497
v 0.018071885013641875 0.020000000949949026 0.08043207169141198
v 0.0181562508623756 0.01999989032372307 0.09971494003893966
v 0.017932629483345952 0.019999987598507962 0.09123398260486582
v 0.01791665543778742 0.019999993320554132 0.09062820102091695
v 0.017908669368682517 0.01999999713525158 0.09032531404363997
v 0.017904677287804427 0.019999999042600303 0.09017386292560658
v 0.01790268029369102 0.020000000949949026 0.09009814118128734
v 0.017901680842959955 0.020000000949949026 0.09006028412382516
v 0.017902180568325488 0.020000000949949026 0.09007921265255625
v 0.017902306453341232 0.020000000949949026 0.0900839428773903
v 0.017902430431008254 0.020000000949949026 0.09008867310222435
v 0.020199833875700346 0.014999986407346344 0.06167168719438454
v -0.04730102000790826 0.010000028131531002 0.04826667633429205
v -0.04642785865051735 0.015000015971251557 0.048045633690736445
v -0.04799955214557894 3.894024306065617e-08 0.04844351044913653
v -0.04782491911116127 0.00500003600027582 0.04839930192042541
v 0.020793335948567915 0.004999994515441086 0.06243139182031232
v 0.020570773148079757 0.009999989984556534 0.0621465025855894
v 0.020793335948567915 -0.004999997376464171 0.06243139182031232
v -0.04782491911116127 -0.00499996304418715 0.04839930192042541
v 0.020199833875700346 -0.014999988314695067 0.06167168719438454
v -0.04642785865051735 -0.014999981638974536 0.048045633690736445
v -0.04730102000790826 -0.009999969957394939 0.04826667633429205
v 0.019680521946127127 -0.019999983783810515 0.06100694564669773
v -0.04520542740959366 -0.019999999042600303 0.0477361739897586
v 0.020570773148079757 -0.00999999284557962 0.0621465025855894
v -0.04520542740959366 0.019999999042600303 0.0477361739897586
v 0.019680521946127127 0.019999983783810515 0.06100694564669773
v 0.02086752227716482 -1.550729126379587e-09 0.0625263548985533
v -0.05661338312112019 0.01030140544229341 0.04974812553185437
v -0.04730102000790826 0.010000028131531002 0.04826667633429205
v -0.04782491911116127 0.00500003600027582 0.04839930192042541
v -0.05555010868707244 0.015235756644069731 0.04939261098860115
v -0.04642785865051735 0.015000015971251557 0.048045633690736445
v -0.057259463168897184 -0.005218687305369452 0.049930212485083114
v -0.04799955214557894 3.894024306065617e-08 0.04844351044913653
v -0.04782491911116127 -0.00499996304418715 0.04839930192042541
v -0.05661338312112019 -0.010301396859224154 0.04974811408776203
v -0.04730102000790826 -0.009999969957394939 0.04826667633429205
v -0.04642785865051735 -0.014999981638974536 0.048045633690736445
v -0.05555013538995457 -0.015235816725554518 0.04939251180646753
v -0.04520542740959366 -0.019999999042600303 0.0477361739897586
v -0.057260023929421866 0.005218275794882377 0.049929743277297156
v -0.054101198858731436 0.02000000285729775 0.048792890958895274
v -0.05747633634814342 -2.3435874230849584e-09 0.04997916649741807
v -0.054101198858731436 -0.02000000285729775 0.048792890958895274
v -0.04520542740959366 0.019999999042600303 0.0477361739897586
v -0.04455174466980516 0.02993544720737984 0.03691217216339027
v -0.04803182448597898 0.034869806038551054 0.04094114116579117
v -0.04789977491916009 0.03612715701990288 0.03863116257096566
v -0.0492341141243835 0.031417283596733014 0.04468789503637938
v -0.04375679605416627 0.02974178455474874 0.04028684425971374
v -0.043406564866876884 0.029232142883203194 0.04251641666175532
v -0.04481672499855316 0.03000000142492354 0.03578728655087904
v -0.044286760526359714 0.02987089298983614 0.03803706540529639
v -0.048483152785003814 0.03328964772985499 0.04299688161987891
v -0.05017896509089237 0.02933668275938439 0.045998045245092545
v -0.043305982739296756 0.02818236866341972 0.04456709501233114
v -0.04354184166773578 0.026482346838898607 0.046101713462907146
v -0.0522256189356618 0.024814030872206683 0.04775359189830075
v -0.04401610011311341 0.024410451141123612 0.04700912698867299
v -0.0445920355042384 0.022220872027114424 0.04749439846557957
v -0.054101198858731436 0.02000000285729775 0.048792890958895274
v -0.04520542740959366 0.019999999042600303 0.0477361739897586
v -0.051202578115585595 0.027121512747553256 0.04699371942568531
v -0.050268431190112484 0.03000000142492354 -0.003748879610740441
v -0.0505141167791745 0.04259868824159074 -0.0027145906784051266
v -0.04956835791467329 0.042883154044897065 -0.008747357783946419
v -0.05036181116891303 0.03000000142492354 0.001717950306474661
v -0.05102997068551218 0.042219934561491534 0.0033442436853017843
v -0.05109717039573525 0.041718202665101956 0.009403267353369493
v -0.050045732967864964 0.03000000142492354 0.00748625266346975
v -0.049694357371341535 0.03000000142492354 -0.008769592701689533
v -0.049391432247090084 0.03000000142492354 0.013411383312177394
v -0.050771135834351 0.041063100857863244 0.015431607025686578
v -0.04928644795865633 0.03928256412168096 0.027287085875534745
v -0.05014426278821871 0.04024285316875709 0.021399071756147414
v -0.047353109701544494 0.03000000142492354 0.02515354657436797
v -0.04481672499855316 0.03000000142492354 0.03578728273618159
v -0.04804593505183474 0.03720704827602894 0.035891221797514916
v -0.0483845848176756 0.03804198636500278 0.03306690754593555
v -0.04789977491916009 0.03612715701990288 0.03863116257096566
v -0.044920843350666484 0.03000000142492354 -0.022988659996932004
v 0.04972916267084626 0.03000000142492354 -0.008569441248701404
v 0.050339609629772575 0.03000000142492354 -0.0035051724191417777
v 0.04914691395544679 0.03000000142492354 0.011446275301054132
v -0.049694357371341535 0.03000000142492354 -0.008769592701689533
v 0.05003127526454154 0.03000000142492354 0.006576351001294223
v -0.04700343927477979 0.03000000142492354 -0.018360442079959904
v 0.05043776942447398 0.03000000142492354 0.0015690723210784463
v -0.04859561006573587 0.03000000142492354 -0.013595668484809864
v 0.04524248719528945 0.03000000142492354 0.022099906063727248
v 0.042635892985789514 0.03000000142492354 0.02714984450549074
v -0.05036181116891303 0.03000000142492354 0.001717950306474661
v 0.03975416753763561 0.03000000142492354 0.032048444362795525
v -0.050045732967864964 0.03000000142492354 0.00748625266346975
v 0.04860930482956993 0.03000000142492354 -0.013545924830103417
v -0.04237102328326747 0.03000000142492354 -0.027406564106917664
v 0.04747494350860082 0.03000000142492354 0.016874600258287575
v -0.050268431190112484 0.03000000142492354 -0.003748879610740441
v -0.049391432247090084 0.03000000142492354 0.013411383312177394
v 0.033366506254013384 0.03000000142492354 0.041448267044370546
v 0.04494431518405673 0.03000000142492354 -0.022942732947021094
v -0.032326997385059286 0.03000000142492354 -0.038746927194384106
v 0.04248092471671017 0.03000000142492354 -0.027235745769946806
v 0.036303136642519274 0.03000000142492354 -0.035049863572738094
v 0.039607896778735 0.03000000142492354 -0.03126612811775176
v -0.024151082232319876 0.03000000142492354 -0.04430666180293974
v -0.028375850117922097 0.03000000142492354 -0.041727983549355585
v -0.03601990680118572 0.03000000142492354 -0.035340974578996764
v 0.047003374424923194 0.03000000142492354 -0.01836033908312884
v 0.024196252064787593 0.03000000142492354 -0.04428185482544311
v 0.02854352514419678 0.03000000142492354 -0.041613397667448204
v -0.00991255616540121 0.03000000142492354 -0.04947876593043743
v 0.03259840929370261 0.03000000142492354 -0.038518663328561686
v -0.014856907596534352 0.03000000142492354 -0.048224634553730716
v 0.019626093842955994 0.03000000142492354 -0.04648894721543062
v 0.005219510803180782 0.03000000142492354 -0.05019069147084387
v 0.014906157247921437 0.03000000142492354 -0.048209494019564314
v -0.004866664163954426 0.03000000142492354 -0.050226053716175834
v -0.019626093842955994 0.03000000142492354 -0.04648899299179998
v -0.03938716694037003 0.03000000142492354 -0.03154371983625892
v 0.026272164638974083 0.029999999517574816 0.05032698679592107
v -0.047353109701544494 0.03000000142492354 0.02515354657436797
v 0.0002030650622735896 0.03000000142492354 -0.050461512101382944
v 0.010111587051014337 0.03000000142492354 -0.04943845602251695
v -0.04481672499855316 0.03000000142492354 0.03578728273618159
v 0.04972916267084626 0.03000000142492354 -0.008569441248701404
v 0.04960409018565759 0.0429419499766448 -0.008434840602964955
v 0.05025066995880012 0.04276672566412287 -0.0034663764692705046
v 0.048475225843709335 0.0430860845049752 -0.013317408240575146
v 0.05008456277317608 0.04231264315354144 0.006536742997703959
v 0.04927657170696653 0.042030096143050866 0.011476472446043107
v 0.05003127526454154 0.03000000142492354 0.006576351001294223
v 0.05041099787779224 0.042557733649801754 0.0015400083796497654
v 0.05043776942447398 0.03000000142492354 0.0015690723210784463
v 0.050339609629772575 0.03000000142492354 -0.0035051724191417777
v 0.04687412484603026 0.043202135230702154 -0.01806678094845804
v 0.04860930482956993 0.03000000142492354 -0.013545924830103417
v 0.02854352514419678 0.03000000142492354 -0.041613397667448204
v 0.02844798795399006 0.043488577047285926 -0.04129562192603631
v 0.032431649794815165 0.04347402397652633 -0.038252271561758366
v 0.024181019977882467 0.04349643532402636 -0.043927461803239254
v 0.01967340753538882 0.0434995023407736 -0.046121851250728874
v 0.024196252064787593 0.03000000142492354 -0.04428185482544311
v 0.04231504641293293 0.04336271110502832 -0.026981519073301374
v 0.04481426833339741 0.04329320731754738 -0.022636344077487935
v 0.04494431518405673 0.03000000142492354 -0.022942732947021094
v 0.036303136642519274 0.03000000142492354 -0.035049863572738094
v 0.03609384326709986 0.043450174488088855 -0.034828973517080364
v 0.039398668253172175 0.0434140302297803 -0.031059262797257237
v 0.039607896778735 0.03000000142492354 -0.03126612811775176
v 0.03259840929370261 0.03000000142492354 -0.038518663328561686
v 0.047003374424923194 0.03000000142492354 -0.01836033908312884
v 0.014969320054571411 0.043500032583718706 -0.04785556639044897
v 0.019626093842955994 0.03000000142492354 -0.04648894721543062
v 0.04914691395544679 0.03000000142492354 0.011446275301054132
v 0.04248092471671017 0.03000000142492354 -0.027235745769946806
v 0.014906157247921437 0.03000000142492354 -0.048209494019564314
v 0.010116126540976045 0.04349995628976977 -0.0491113457164527
v 0.010111587051014337 0.03000000142492354 -0.04943845602251695
v -0.004866664163954426 0.03000000142492354 -0.050226053716175834
v -0.004852472058940738 0.04350000206613913 -0.04990681313094436
v 0.00015514419219675793 0.043499998251441685 -0.05014215326053062
v -0.009811859596897676 0.043499998251441685 -0.04917301411537789
v -0.00991255616540121 0.03000000142492354 -0.04947876593043743
v -0.014672810297751138 0.04350000588083658 -0.04794732130813717
v 0.0002030650622735896 0.03000000142492354 -0.050461512101382944
v 0.005161383873997782 0.04350000588083658 -0.04987580727009666
v 0.005219510803180782 0.03000000142492354 -0.05019069147084387
v -0.014856907596534352 0.03000000142492354 -0.048224634553730716
v -0.019387398686965263 0.04349995628976977 -0.04624267034826435
v -0.019626093842955994 0.03000000142492354 -0.04648899299179998
v -0.02390820807527616 0.04349835030214466 -0.04407589549559221
v -0.03938716694037003 0.03000000142492354 -0.03154371983625892
v -0.039204137756871926 0.043422510302204564 -0.031300189551254354
v -0.03587625292473362 0.0434576589244795 -0.03504968809665554
v -0.04467273542872574 0.04329644981037717 -0.022911908284302118
v -0.042145319079431864 0.04337040153508109 -0.02724076400443809
v -0.04237102328326747 0.03000000142492354 -0.027406564106917664
v -0.024151082232319876 0.03000000142492354 -0.04430666180293974
v -0.028191142467547392 0.04349235359775827 -0.041469934525868446
v -0.048399328623307536 0.043060110230059845 -0.013619250944426065
v -0.04676362450508842 0.04319515051967704 -0.018356608309025857
v -0.04700343927477979 0.03000000142492354 -0.018360442079959904
v -0.044920843350666484 0.03000000142492354 -0.022988659996932004
v -0.03219328842485103 0.043479814687250595 -0.038450776972798195
v -0.03601990680118572 0.03000000142492354 -0.035340974578996764
v -0.032326997385059286 0.03000000142492354 -0.038746927194384106
v -0.028375850117922097 0.03000000142492354 -0.041727983549355585
v -0.04859561006573587 0.03000000142492354 -0.013595668484809864
v -0.049694357371341535 0.03000000142492354 -0.008769592701689533
v -0.04956835791467329 0.042883154044897065 -0.008747357783946419
v -0.04955759283847838 0.04291805471183796 -0.008745458064617906
v -0.048399328623307536 0.043060110230059845 -0.013619250944426065
v -0.04956835409997584 0.04288316167429196 -0.008747357783946419
v -0.048136217496308475 0.044000005904585304 -0.013466871901238742
v -0.04676362450508842 0.04319515051967704 -0.018356608309025857
v -0.044496313301205515 0.04400000208988786 -0.02277127755557662
v -0.042145319079431864 0.04337040153508109 -0.02724076400443809
v -0.04467273542872574 0.04329644981037717 -0.022911908284302118
v -0.03901489443123296 0.04400000208988786 -0.031245658451252156
v -0.03587625292473362 0.0434576589244795 -0.03504968809665554
v -0.039204137756871926 0.043422510302204564 -0.031300189551254354
v -0.04197004517584313 0.04400000208988786 -0.027147166587883076
v -0.046558542555650284 0.044000005904585304 -0.018186659723072873
v -0.03202124938469719 0.04400000208988786 -0.038380876456782786
v -0.028191142467547392 0.04349235359775827 -0.041469934525868446
v -0.03219328842485103 0.043479814687250595 -0.038450776972798195
v -0.019387398686965263 0.04349995628976977 -0.04624267034826435
v -0.02390820807527616 0.04349835030214466 -0.04407589549559221
v -0.023923030082205754 0.04400000208988786 -0.04388781946737197
v -0.009811859596897676 0.043499998251441685 -0.04917301411537789
v -0.014672810297751138 0.04350000588083658 -0.04794732130813717
v -0.00981882141973811 0.04400000208988786 -0.04901065296264662
v 0.00015514419219675793 0.043499998251441685 -0.05014215326053062
v -0.004852472058940738 0.04350000206613913 -0.04990681313094436
v 0.00020106853009620174 0.04400000208988786 -0.04998412178940148
v 0.005161383873997782 0.04350000588083658 -0.04987580727009666
v -0.035679071213707836 0.04400000208988786 -0.0350065209803474
v -0.0493961433984369 0.043441579974741185 -0.008716966089387657
v -0.04922392888220051 0.044000005904585304 -0.008686574394828894
v -0.04948224874920637 0.043162367009819125 -0.008732161936667038
v -0.04952530523928855 0.043022760527358095 -0.008739759860306728
v 0.005170399434576145 0.04400000208988786 -0.04971638724909688
v 0.010116126540976045 0.04349995628976977 -0.0491113457164527
v 0.03595955065818224 0.04400000208988786 -0.03471834347642533
v 0.03609384326709986 0.043450174488088855 -0.034828973517080364
v 0.032431649794815165 0.04347402397652633 -0.038252271561758366
v 0.04231504641293293 0.04336271110502832 -0.026981519073301374
v 0.039398668253172175 0.0434140302297803 -0.031059262797257237
v 0.039233648256320475 0.04400000208988786 -0.03097051767585457
v 0.028273373993059625 0.04400000208988786 -0.04121977429670132
v 0.02844798795399006 0.043488577047285926 -0.04129562192603631
v 0.024181019977882467 0.04349643532402636 -0.043927461803239254
v 0.0239674770295073 0.04400000208988786 -0.04386357706509747
v 0.01967340753538882 0.0434995023407736 -0.046121851250728874
v 0.049558187931280084 0.04400000208988786 0.006514419388245207
v 0.05008456277317608 0.04231264315354144 0.006536742997703959
v 0.05041099787779224 0.042557733649801754 0.0015400083796497654
v 0.04868165056664875 0.044000005904585304 0.011337916912728674
v 0.04927657170696653 0.042030096143050866 0.011476472446043107
v 0.04655853874095284 0.04400000208988786 -0.018186650186329256
v 0.04687412484603026 0.043202135230702154 -0.01806678094845804
v 0.04481426833339741 0.04329320731754738 -0.022636344077487935
v 0.049863783343744306 0.04400000208988786 -0.0034719886044705384
v 0.05025066995880012 0.04276672566412287 -0.0034663764692705046
v 0.04960409018565759 0.0429419499766448 -0.008434840602964955
v 0.04925849004106864 0.04400000208988786 -0.008488391325723321
v 0.048475225843709335 0.0430860845049752 -0.013317408240575146
v 0.04814984359558849 0.04400000208988786 -0.013418054264337509
v 0.04996034478021549 0.04400000208988786 0.0015541874908502756
v 0.04451935025908682 0.04400000208988786 -0.022726182109709114
v 0.019440365761014267 0.04400000208988786 -0.0460491583761824
v 0.014969320054571411 0.043500032583718706 -0.04785556639044897
v 0.014765017257086788 0.04400000208988786 -0.047754019144414794
v -0.04954683157698092 0.0429529591934763 -0.008743559298963755
v 0.04914691395544679 0.03000000142492354 0.011446275301054132
v 0.04927657170696653 0.042030096143050866 0.011476472446043107
v 0.047905104051493286 0.041645082544441436 0.017205843789035447
v 0.046147371576648055 0.04119892697515448 0.022823556076736473
v 0.0439809209732589 0.04068950083401468 0.028291446122213904
v 0.04524248719528945 0.03000000142492354 0.022099906063727248
v 0.04747494350860082 0.03000000142492354 0.016874600258287575
v 0.042635892985789514 0.03000000142492354 0.02714984450549074
v 0.03975416753763561 0.03000000142492354 0.032048444362795525
v 0.03546475006705352 0.03879702180125566 0.04368268029747213
v 0.028676040104104183 0.03738276086982406 0.05323930611759842
v 0.033366506254013384 0.03000000142492354 0.041448267044370546
v 0.0385846690384839 0.0394815425552042 0.03871721070127343
v 0.041443765701383306 0.04011607551380969 0.03359097831057367
v 0.026272164638974083 0.029999999517574816 0.05032698679592107
v 0.018669842653127322 0.020000000949949026 0.07065022613402583
v 0.019680521946127127 0.019999983783810515 0.06100694564669773
v 0.01836477939095693 0.02157735736337041 0.07006901883102934
v 0.018073744678647197 0.020000000949949026 0.08032793045111397
v 0.01746254050227769 0.022012805076924158 0.0794020499750081
v 0.019470429391592603 0.022302313910255167 0.060578520791143564
v 0.016913830606830604 0.023841551959439267 0.07824282445608066
v 0.016201836401870118 0.02691339048425001 0.0752576787454462
v 0.016841509665285193 0.022473199004431343 0.08884890406140489
v 0.019451191872368323 0.02456055376360955 0.05992887781595124
v 0.017900683299577613 0.020000000949949026 0.09002241943696809
v 0.0181562508623756 0.01999989032372307 0.09971494003893966
v 0.016514443228241582 0.022940806524810453 0.09841175546776437
v 0.014862093677713295 0.025580565713912984 0.09658594971698076
v 0.013416726749626018 0.0278215249878333 0.09415633839552573
v 0.012405759446968978 0.029605742907051757 0.0911881528297398
v 0.016142788700090893 0.028151841547101597 0.07348443189608478
v 0.019772191033122777 0.026652650191714145 0.05891880315249676
v 0.01632453614524687 0.029203582243418902 0.07157915836808915
v 0.016750248750916352 0.030086678980310033 0.06958665033887979
v 0.01211032734217743 0.03196004256416307 0.08440485782981622
v 0.020589005494526802 0.028287169846376026 0.0574582203499685
v 0.011968675228210546 0.030954539815598592 0.0878695338976998
v 0.0218181353441671 0.02926419397115132 0.05571710469720159
v 0.017404438845465275 0.030822911772847572 0.06754741226594696
v 0.0232406264853402 0.029746665460131938 0.053910082516646085
v 0.028676040104104183 0.03738276086982406 0.05323930611759842
v 0.026272164638974083 0.029999999517574816 0.05032698679592107
v 0.012746727595183138 0.03273694384618109 0.08093523028464666
v 0.013763295827366462 0.03338914648336022 0.07753039156091379
v 0.015061612844599614 0.033988832180789075 0.07421214646922358
v 0.02023917294312061 0.03557737137977579 0.06483470461756902
v 0.016597939325957434 0.03455169460376384 0.0709904742580969
v 0.026272164638974083 0.029999999517574816 0.05032698679592107
v 0.0232406264853402 0.029746665460131938 0.053910082516646085
v -0.04481672499855316 0.03000000142492354 0.03578728273618159
v 0.0218181353441671 0.02926419397115132 0.05571710469720159
v -0.04375679605416627 0.02974178455474874 0.04028684425971374
v 0.020589005494526802 0.028287169846376026 0.0574582203499685
v 0.019772191033122777 0.026652650191714145 0.05891880315249676
v -0.043305982739296756 0.02818236866341972 0.04456709501233114
v -0.04401610011311341 0.024410451141123612 0.04700912698867299
v 0.019451191872368323 0.02456055376360955 0.05992887781595124
v 0.019470429391592603 0.022302313910255167 0.060578520791143564
v -0.04354184166773578 0.026482346838898607 0.046101713462907146
v -0.0445920355042384 0.022220872027114424 0.04749439846557957
v 0.019680521946127127 0.019999983783810515 0.06100694564669773
v -0.043406564866876884 0.029232142883203194 0.04251641666175532
v -0.04520542740959366 0.019999999042600303 0.0477361739897586
v -0.04803360976438409 -0.034860982643356575 0.040954858817809914
v -0.04410530681290714 -0.029913665284958535 0.038637586521466094
v -0.04481672499855316 -0.03000000142492354 0.03578728273618159
v -0.04848781053058637 -0.03327654805882263 0.04301103414740659
v -0.04361960808988652 -0.029614709353400492 0.041040487331398534
v -0.04335534492425852 -0.02904320282601125 0.04302588094986959
v -0.04924036259880138 -0.031403001369492145 0.0446985800039279
v -0.04789976347506775 -0.03612716464929777 0.03863116257096566
v -0.050184080600168546 -0.02932567926459906 0.04600383214111936
v -0.043308221966698035 -0.02813922252794754 0.0446236440872827
v -0.054101198858731436 -0.02000000285729775 0.048792890958895274
v -0.04520542740959366 -0.019999999042600303 0.0477361739897586
v -0.04442685147539649 -0.022833153855512656 0.04739004741692199
v -0.04347395912666974 -0.026842837654971197 0.045863668712831096
v -0.05120565276172773 -0.027114770269816013 0.04699631341994914
v -0.04384826486954596 -0.025094123124890233 0.046775839166313116
v -0.05222589740857542 -0.024813372836897107 0.04775378263317309
v 0.01917184920773307 -0.019999983783810515 0.06586874702508183
v 0.01836477939095693 -0.02157735736337041 0.07006901883102934
v 0.019680521946127127 -0.019999983783810515 0.06100694564669773
v 0.018663176469339016 -0.019999983783810515 0.07073054077407104
v 0.01807582941080188 -0.019999968525020728 0.08032806015082716
v 0.01746254050227769 -0.022012805076924158 0.0794020499750081
v 0.018671620302137537 -0.019999983783810515 0.07064982940549136
v 0.01867112439146945 -0.019999983783810515 0.0706545748891152
v 0.016201836401870118 -0.02691339048425001 0.0752576787454462
v 0.019445548027495763 -0.022812716613941353 0.06045667172529745
v 0.016913830606830604 -0.023841551959439267 0.07824282445608066
v 0.016841509665285193 -0.022473199004431343 0.08884890406140489
v 0.0194879407602222 -0.025064103363332535 0.05973430535797908
v 0.018672118120154346 -0.019999983783810515 0.07064507629247263
v 0.01867311184883924 -0.019999983783810515 0.07063558532522496
v 0.018070015811892937 -0.019999968525020728 0.0804230690054375
v 0.018917511884861682 -0.019999983783810515 0.06829964008487899
v 0.01790212525521251 -0.019999938007441154 0.09002244232515277
v 0.0181562508623756 -0.01999989032372307 0.09971494003893966
v 0.01790103997378889 -0.019999938007441154 0.090084537970192
v 0.016461809940219174 -0.02302864374822078 0.09836320199866133
v 0.01879034513077471 -0.019999983783810515 0.06951509424417246
v 0.013329145110944629 -0.027962130921025397 0.09396331470471697
v 0.012354301085760189 -0.02971662281038956 0.09095824101462036
v 0.016142788700090893 -0.028151841547101597 0.07348443189608478
v 0.014773569808762543 -0.02571712425311401 0.09646635132262826
v 0.0187267598463825 -0.019999983783810515 0.0701228136944243
v 0.016750248750916352 -0.030086678980310033 0.06958665033887979
v 0.02045519735218493 -0.028112540626655802 0.05766905867785388
v 0.019820294367927094 -0.02681157048734839 0.058813784531785984
v 0.011960880847652344 -0.03102780489476209 0.08765127979797782
v 0.01632453614524687 -0.029203582243418902 0.07157915836808915
v 0.012131353954504265 -0.03200308379545547 0.08423115939627301
v 0.017404438845465275 -0.030822911772847572 0.06754741226594696
v 0.022683026437493314 -0.0296047034019975 0.05460277053782825
v 0.02140524584396508 -0.029024444051316545 0.05627407341262103
v 0.024301137171087728 -0.029910747041411723 0.05262909185521636
v 0.020151583675044327 -0.03555578019222683 0.064967967258176
v 0.01867509930620903 -0.019999983783810515 0.07061659576133472
v 0.018679072313599887 -0.019999983783810515 0.07057860900415935
v 0.026272164638974083 -0.029999999517574816 0.05032698679592107
v 0.028676040104104183 -0.03738276086982406 0.05323930611759842
v 0.012774964939358813 -0.032760171538934735 0.08082096483732482
v 0.013781310736059038 -0.03339860693302832 0.07747875581627373
v 0.01869496815786076 -0.019999983783810515 0.07042667723424767
v 0.01505754542344695 -0.03398708123466099 0.07422244615232998
v 0.016564150643322284 -0.03454050991084978 0.07105575136080677
v 0.0478855155801039 -0.04163986785303164 0.01727715192840873
v 0.04927657170696653 -0.042030096143050866 0.011476472446043107
v 0.04747494350860082 -0.03000000142492354 0.016874600258287575
v 0.04524248719528945 -0.03000000142492354 0.022099906063727248
v 0.04610442571279183 -0.041188520480519575 0.022944140570378968
v 0.042635892985789514 -0.03000000142492354 0.02714984450549074
v 0.04391257685380179 -0.04067378046583636 0.028445336739264526
v 0.04914691395544679 -0.03000000142492354 0.011446275301054132
v 0.03975416753763561 -0.03000000142492354 0.032048444362795525
v 0.026272164638974083 -0.029999999517574816 0.05032698679592107
v 0.028676040104104183 -0.03738276086982406 0.05323930611759842
v 0.035356813202795934 -0.038773481303311375 0.043845915015918724
v 0.033366506254013384 -0.03000000142492354 0.041448267044370546
v 0.03847607986096291 -0.03945688053621055 0.03889897721991664
v 0.04135209852173638 -0.040095586773822856 0.03376700370955943
v -0.05018572854946557 -0.03000000142492354 -0.004898430580105584
v -0.04956835791467329 -0.042883154044897065 -0.008747357783946419
v -0.05050550700703704 -0.042602518197827344 -0.0027849968802508285
v -0.05047663737675956 -0.033207002309669775 -0.0007072136738038581
v -0.05049445201383618 -0.03342362371888452 -0.00038330208095573373
v -0.050459261429889324 -0.03288284076473191 -0.0009238154134848936
v -0.05102417616009047 -0.042228624442275375 0.003222792778501682
v -0.050515333667660034 -0.033424302735030054 0.00038166810894857406
v -0.050508570209086834 -0.03350000159116462 -1.0583007745196456e-06
v -0.050512960925848116 -0.033207635549445946 0.0007065793015393826
v -0.050502249255417464 -0.03288290179989106 0.0009233615240933704
v -0.05044551326029101 -0.03250000154366717 -0.0010000000474974513
v -0.049694357371341535 -0.03000000142492354 -0.008769592701689533
v -0.05037176752924921 -0.03000000142492354 -0.0009999999878928037
v -0.04982461784505787 -0.03000000142492354 0.009807585228408522
v -0.050486315264182124 -0.03250000154366717 0.0010000000474974513
v -0.05110092405802291 -0.04173326690531942 0.009243821583161949
v -0.05078648236217953 -0.04108627895955008 0.015243083724190698
v -0.05016956567638342 -0.040272928243427764 0.02119876008586652
v -0.048607839985750356 -0.03000000142492354 0.018549736904014402
v -0.04931566091170403 -0.03931564136324228 0.027103684759035573
v -0.04840177384437094 -0.03807349195121601 0.03294527591784391
v -0.04691036828647244 -0.03000000142492354 0.02721203170326869
v -0.04805225600550411 -0.037229501585200886 0.035824460777498235
v -0.04789976347506775 -0.03612716464929777 0.03863116257096566
v -0.04481672499855316 -0.03000000142492354 0.03578728273618159
v -0.05037415171515347 -0.03000000142492354 0.0010000001667067465
v 0.05041543818562033 -0.04257298862489156 0.0012036752080427787
v 0.05044095851153951 -0.03000000142492354 0.0014678207140964017
v 0.05010281610045908 -0.04232177935392656 0.006374300305814762
v 0.05020818185863751 -0.04278553593723311 -0.003957280585375894
v 0.0503357491559564 -0.03000000142492354 -0.003568724801768508
v 0.04927657170696653 -0.042030096143050866 0.011476472446043107
v 0.050043180935273046 -0.03000000142492354 0.006489280055233526
v 0.04948525473079446 -0.04296223272296951 -0.009071135951790876
v 0.0497292961852569 -0.03000000142492354 -0.008569620539481404
v 0.048252996829247774 -0.04310622992219182 -0.014079466534827612
v 0.04862690202889208 -0.03000000142492354 -0.013484877273187701
v 0.046521875683791514 -0.04322088828335069 -0.018939719146048306
v 0.04704042658122409 -0.03000000142492354 -0.018265675458637443
v 0.0443146116324189 -0.04330976310446655 -0.023588751959638943
v 0.0416537419076457 -0.04337661567722195 -0.027983617204394573
v 0.042480913272617826 -0.03000000142492354 -0.02723607192657851
v 0.038552637024023007 -0.04342506233479648 -0.03209814224113261
v 0.03505811476331555 -0.043458326496532695 -0.035867543970462545
v 0.03623280125099493 -0.03000000142492354 -0.03512279677322372
v 0.03955380436893918 -0.03000000142492354 -0.03133536487641142
v 0.02854349081191976 -0.03000000142492354 -0.041613622734597566
v 0.031191695741169534 -0.04347954384373187 -0.03926784701893116
v 0.026996957153868628 -0.04349197212801359 -0.04225706301174137
v 0.032550176259185104 -0.03000000142492354 -0.03856022445724472
v 0.022515538331393525 -0.04349802986755913 -0.044802854758636546
v 0.024252270896794048 -0.03000000142492354 -0.044251886562300946
v 0.017813931357590906 -0.0434999181427953 -0.04687118752899622
v 0.019719773275506114 -0.03000000142492354 -0.04644947654094844
v 0.04498466705364912 -0.03000000142492354 -0.022864647997633547
v 0.01499025892885697 -0.03000000142492354 -0.048183946990763005
v 0.013299680387865442 -0.04350000206613913 -0.04834624710833513
v 0.04914691395544679 -0.03000000142492354 0.011446275301054132
v 0.010111346725075188 -0.03000000142492354 -0.04943867346027142
v 0.008876743738273074 -0.04350000206613913 -0.04935022207057216
v 0.005132166629415458 -0.03000000142492354 -0.050200216770368566
v 0.004395343035610844 -0.04350000206613913 -0.04994884346741335
v -0.004930086846867965 -0.03000000142492354 -0.050220472813811146
v -0.00015778373931252428 -0.04350000206613913 -0.05014197015505317
v -0.004731427894255902 -0.04350000206613913 -0.049918119894176716
v 0.0001017424363539219 -0.03000000142492354 -0.0504619813091689
v -0.009912740224553018 -0.03000000142492354 -0.04947889944484807
v -0.00927248235875422 -0.04350000206613913 -0.04927741475510228
v -0.013728109058117055 -0.04350000206613913 -0.04822598114192944
v -0.01953246781617013 -0.03000000142492354 -0.04652859336599535
v -0.018048430346390143 -0.04350000206613913 -0.04678136666291355
v -0.022667441491074358 -0.04349915520330594 -0.04472644636877687
v -0.014796358811309807 -0.03000000142492354 -0.04824387588765244
v -0.04237124453571939 -0.03000000142492354 -0.027406525959943195
v -0.041786413270148426 -0.043378313217585784 -0.027784188636572615
v -0.04444476147990928 -0.043304857403549946 -0.023345931208359483
v -0.038693632056354677 -0.043429178393341594 -0.03192602499968111
v -0.03942740436903902 -0.03000000142492354 -0.03149437863213311
v -0.0469664939300074 -0.03000000142492354 -0.01845517818370279
v -0.04663965065276443 -0.043202840949729815 -0.018662970475676888
v -0.04835283127612833 -0.0430652486275207 -0.013779216467160738
v -0.04489240478120049 -0.03000000142492354 -0.023045470378658672
v -0.04857236329949499 -0.03000000142492354 -0.013680413895939547
v -0.04956835791467329 -0.042883154044897065 -0.008747357783946419
v -0.02714562926481201 -0.0434944097196821 -0.042160783862881246
v -0.02407411689663297 -0.03000000142492354 -0.04434911175612788
v -0.031323945579604384 -0.04348330132071698 -0.03916090579070719
v -0.028376174367205076 -0.03000000142492354 -0.04172796447586835
v -0.03239474641171469 -0.03000000142492354 -0.03869098084162914
v -0.03518733382462891 -0.04346282402482249 -0.03573880174633004
v -0.03609090976476326 -0.03000000142492354 -0.0352686898770771
v -0.049694357371341535 -0.03000000142492354 -0.008769592701689533
v -0.04922392888220051 -0.044000005904585304 -0.008686574394828894
v -0.04835283127612833 -0.0430652486275207 -0.013779216467160738
v -0.048136217496308475 -0.044000005904585304 -0.013466871901238742
v -0.046558542555650284 -0.044000005904585304 -0.018186659723072873
v -0.04663965065276443 -0.043202840949729815 -0.018662970475676888
v -0.044496313301205515 -0.04400000208988786 -0.02277127755557662
v -0.04197004517584313 -0.04400000208988786 -0.027147166587883076
v -0.041786413270148426 -0.043378313217585784 -0.027784188636572615
v -0.03901489443123296 -0.04400000208988786 -0.031245658451252156
v -0.038693632056354677 -0.043429178393341594 -0.03192602499968111
v -0.035679071213707836 -0.04400000208988786 -0.0350065209803474
v -0.04444476147990928 -0.043304857403549946 -0.023345931208359483
v -0.03518733382462891 -0.04346282402482249 -0.03573880174633004
v -0.03202124938469719 -0.04400000208988786 -0.038380876456782786
v -0.00981882141973811 -0.04400000208988786 -0.04901065296264662
v -0.013728109058117055 -0.04350000206613913 -0.04822598114192944
v -0.00927248235875422 -0.04350000206613913 -0.04927741475510228
v -0.023923030082205754 -0.04400000208988786 -0.04388781946737197
v -0.022667441491074358 -0.04349915520330594 -0.04472644636877687
v -0.00015778373931252428 -0.04350000206613913 -0.05014197015505317
v 0.00020106853009620174 -0.04400000208988786 -0.04998412178940148
v -0.018048430346390143 -0.04350000206613913 -0.04678136666291355
v 0.005170399434576145 -0.04400000208988786 -0.04971638724909688
v 0.004395343035610844 -0.04350000206613913 -0.04994884346741335
v -0.004731427894255902 -0.04350000206613913 -0.049918119894176716
v -0.02714562926481201 -0.0434944097196821 -0.042160783862881246
v -0.031323945579604384 -0.04348330132071698 -0.03916090579070719
v -0.04956835791467329 -0.042883154044897065 -0.00874735873762078
v 0.008876743738273074 -0.04350000206613913 -0.04935022207057216
v 0.026996957153868628 -0.04349197212801359 -0.04225706301174137
v 0.028273373993059625 -0.04400000208988786 -0.04121977429670132
v 0.0239674770295073 -0.04400000208988786 -0.04386357706509747
v 0.031191695741169534 -0.04347954384373187 -0.03926784701893116
v 0.019440365761014267 -0.04400000208988786 -0.0460491583761824
v 0.014765017257086788 -0.04400000208988786 -0.047754019144414794
v 0.017813931357590906 -0.0434999181427953 -0.04687118752899622
v 0.03505811476331555 -0.043458326496532695 -0.035867543970462545
v 0.03595955065818224 -0.04400000208988786 -0.03471834347642533
v 0.022515538331393525 -0.04349802986755913 -0.044802854758636546
v 0.038552637024023007 -0.04342506233479648 -0.03209814224113261
v 0.039233648256320475 -0.04400000208988786 -0.03097051767585457
v 0.013299680387865442 -0.04350000206613913 -0.04834624710833513
v 0.049863783343744306 -0.04400000208988786 -0.0034719886044705384
v 0.04925849004106864 -0.04400000208988786 -0.008488391325723321
v 0.05020818185863751 -0.04278553593723311 -0.003957280585375894
v 0.048252996829247774 -0.04310622992219182 -0.014079466534827612
v 0.04814984359558849 -0.04400000208988786 -0.013418054264337509
v 0.04655853874095284 -0.04400000208988786 -0.018186650186329256
v 0.046521875683791514 -0.04322088828335069 -0.018939719146048306
v 0.04451935025908682 -0.04400000208988786 -0.022726182109709114
v 0.05010281610045908 -0.04232177935392656 0.006374300305814762
v 0.04868165056664875 -0.044000005904585304 0.011337916912728674
v 0.049558187931280084 -0.04400000208988786 0.006514419388245207
v 0.04948525473079446 -0.04296223272296951 -0.009071135951790876
v 0.04996034478021549 -0.04400000208988786 0.0015541874908502756
v 0.05041543818562033 -0.04257298862489156 0.0012036752080427787
v 0.0416537419076457 -0.04337661567722195 -0.027983617204394573
v 0.0443146116324189 -0.04330976310446655 -0.023588751959638943
v 0.04927657170696653 -0.042030096143050866 0.011476472446043107
v -0.02666737301651012 -0.023500001116190106 0.03991054343007283
v -0.022627043845112604 -0.023500001116190106 0.042332223995535934
v -0.018368805804112043 -0.023500001116190106 0.044346220215463195
v -0.03045087958964965 -0.023500001116190106 0.03710450539396115
v -0.033941125574519226 -0.023500001116190106 0.033941125574519226
v -0.009364335504901677 -0.023500001116190106 0.04707769617527946
v -0.004704822763750283 -0.023500001116190106 0.04776886976157524
v 2.76336448413334e-16 -0.023500001116190106 0.04800000227987766
v -0.013933664983712957 -0.023500001116190106 0.045933138168035015
v 0.018368805804112043 -0.023500001116190106 0.044346220215463195
v -0.04707769617527946 -0.023500001116190106 0.009364335504901677
v -0.045933138168035015 -0.023500001116190106 0.013933664983712957
v -0.044346220215463195 -0.023500001116190106 0.018368805804112043
v -0.04800000227987766 -0.023500001116190106 6.432861141355774e-17
v -0.04776886976157524 -0.023500001116190106 0.004704822763750283
v 0.033941125574519226 -0.023500001116190106 0.033941125574519226
v -0.02666737301651012 -0.023500001116190106 -0.03991054343007283
v -0.03991054343007283 -0.023500001116190106 0.02666737301651012
v -0.042332223995535934 -0.023500001116190106 0.022627043845112604
v -0.03710450539396115 -0.023500001116190106 0.03045087958964965
v 0.013933664983712957 -0.023500001116190106 0.045933138168035015
v 0.004704822763750283 -0.023500001116190106 0.04776886976157524
v 0.009364335504901677 -0.023500001116190106 0.04707769617527946
v 0.022627043845112604 -0.023500001116190106 0.042332223995535934
v 0.02666737301651012 -0.023500001116190106 0.03991054343007283
v 0.03045087958964965 -0.023500001116190106 0.03710450539396115
v 0.045933138168035015 -0.023500001116190106 0.013933664983712957
v 0.03710450539396115 -0.023500001116190106 0.03045087958964965
v 0.042332223995535934 -0.023500001116190106 0.022627043845112604
v 0.03991054343007283 -0.023500001116190106 0.02666737301651012
v 0.044346220215463195 -0.023500001116190106 0.018368805804112043
v 0.04707769617527946 -0.023500001116190106 0.009364335504901677
v 0.04776886976157524 -0.023500001116190106 0.004704822763750283
v 0.04800000227987766 -0.023500001116190106 4.1913858680662104e-17
v 0.033941125574519226 -0.023500001116190106 -0.033941125574519226
v -0.045933138168035015 -0.023500001116190106 -0.013933664983712957
v -0.04707769617527946 -0.023500001116190106 -0.009364335504901677
v -0.044346220215463195 -0.023500001116190106 -0.018368805804112043
v -0.042332223995535934 -0.023500001116190106 -0.022627043845112604
v -0.03710450539396115 -0.023500001116190106 -0.03045087958964965
v -0.03991054343007283 -0.023500001116190106 -0.02666737301651012
v -0.03045087958964965 -0.023500001116190106 -0.03710450539396115
v -0.033941125574519226 -0.023500001116190106 -0.033941125574519226
v -0.009364335504901677 -0.023500001116190106 -0.04707769617527946
v -0.022627043845112604 -0.023500001116190106 -0.042332223995535934
v -0.018368805804112043 -0.023500001116190106 -0.044346220215463195
v 2.822147760313215e-16 -0.023500001116190106 -0.04800000227987766
v -0.004704822763750283 -0.023500001116190106 -0.04776886976157524
v -0.013933664983712957 -0.023500001116190106 -0.045933138168035015
v 0.009364335504901677 -0.023500001116190106 -0.04707769617527946
v 0.03991054343007283 -0.023500001116190106 -0.02666737301651012
v 0.044346220215463195 -0.023500001116190106 -0.018368805804112043
v 0.042332223995535934 -0.023500001116190106 -0.022627043845112604
v 0.03710450539396115 -0.023500001116190106 -0.03045087958964965
v 0.04776886976157524 -0.023500001116190106 -0.004704822763750283
v 0.04707769617527946 -0.023500001116190106 -0.009364335504901677
v 0.045933138168035015 -0.023500001116190106 -0.013933664983712957
v 0.022627043845112604 -0.023500001116190106 -0.042332223995535934
v 0.013933664983712957 -0.023500001116190106 -0.045933138168035015
v 0.018368805804112043 -0.023500001116190106 -0.044346220215463195
v 0.03045087958964965 -0.023500001116190106 -0.03710450539396115
v 0.02666737301651012 -0.023500001116190106 -0.03991054343007283
v 0.004704822763750283 -0.023500001116190106 -0.04776886976157524
v -0.04776886976157524 -0.023500001116190106 -0.004704822763750283
v -0.03045087958964965 -0.023500001116190106 -0.03710450539396115
v -0.026673320129829703 -0.03000000142492354 -0.03990656851533325
v -0.030447936550569432 -0.03000000142492354 -0.03710763344586754
v -0.018368805804112043 -0.023500001116190106 -0.044346220215463195
v -0.0183566769735799 -0.03000000142492354 -0.0443512403573032
v -0.022609845281673646 -0.03000000142492354 -0.04234141360168531
v -0.004686028226267014 -0.03000000142492354 -0.04777123487399226
v -0.013933664983712957 -0.023500001116190106 -0.045933138168035015
v -0.009358808008301245 -0.03000000142492354 -0.04707879480814414
v -0.013940190977370093 -0.03000000142492354 -0.04593175343286182
v -0.004704822763750283 -0.023500001116190106 -0.04776886976157524
v -0.022627043845112604 -0.023500001116190106 -0.042332223995535934
v -0.042332223995535934 -0.023500001116190106 -0.022627043845112604
v -0.04232461748882699 -0.03000000142492354 -0.02264244950075156
v -0.044339109619422334 -0.03000000142492354 -0.018385960498530363
v -0.04593490437295289 -0.03000000142492354 -0.013927837079688588
v -0.044346220215463195 -0.023500001116190106 -0.018368805804112043
v -0.04707601007900797 -0.03000000142492354 -0.009372808901605412
v -0.045933138168035015 -0.023500001116190106 -0.013933664983712957
v -0.033925542535448994 -0.03000000142492354 -0.03395670479889201
v -0.037103090141208384 -0.03000000142492354 -0.030452601925546885
v -0.03991242407591411 -0.03000000142492354 -0.026664553955096926
v -0.03991054343007283 -0.023500001116190106 -0.02666737301651012
v -0.033941125574519226 -0.023500001116190106 -0.033941125574519226
v -0.04776651227855311 -0.03000000142492354 -0.004728696094046803
v -0.04707769617527946 -0.023500001116190106 -0.009364335504901677
v -0.0036757571058940175 -0.029821620450264374 0.047859053023915354
v -0.009364335504901677 -0.023500001116190106 -0.04707769617527946
v -0.02666737301651012 -0.023500001116190106 -0.03991054343007283
v -0.03710450539396115 -0.023500001116190106 -0.03045087958964965
v -0.04776886976157524 -0.023500001116190106 -0.004704822763750283
v -0.0396208209736848 -0.03000000142492354 0.027095954274659606
v -0.042332223995535934 -0.023500001116190106 0.022627043845112604
v -0.04257477390329667 -0.03000000142492354 0.022167292694125207
v -0.03710450539396115 -0.023500001116190106 0.03045087958964965
v -0.0360715845074977 -0.03000000142492354 0.03166766507835206
v -0.044346220215463195 -0.023500001116190106 0.018368805804112043
v -0.04491848586764435 -0.03000000142492354 0.016921278803595508
v -0.04765499722809041 -0.03000000142492354 0.005744700227845179
v -0.04776886976157524 -0.023500001116190106 0.004704822763750283
v -0.04800000227987766 -0.03000000142492354 5.551115386789603e-17
v -0.045933138168035015 -0.023500001116190106 0.013933664983712957
v -0.046628595659563565 -0.03000000142492354 0.011391856734626615
v -0.04707769617527946 -0.023500001116190106 0.009364335504901677
v -0.033941125574519226 -0.023500001116190106 0.033941125574519226
v -0.03203391799491806 -0.03000000142492354 0.03574672487292707
v -0.02666737301651012 -0.023500001116190106 0.03991054343007283
v -0.02752507149780037 -0.03000000142492354 0.03932391925670187
v -0.024441336839001737 -0.02998060750310394 0.04131151777029718
v -0.022627043845112604 -0.023500001116190106 0.042332223995535934
v -0.021229880387637623 -0.029931010714249195 0.04304988302620494
v -0.017891472712592282 -0.029866473662844006 0.044540941446635784
v -0.018368805804112043 -0.023500001116190106 0.044346220215463195
v -0.014428908079745506 -0.029808026775912655 0.045779981880242904
v -0.007312485088535325 -0.029781079753148365 0.04743972622177184
v -0.004704822763750283 -0.023500001116190106 0.04776886976157524
v -0.010896914999692364 -0.029776492579468572 0.04674694664785095
v -0.009364335504901677 -0.023500001116190106 0.04707769617527946
v -0.03045087958964965 -0.023500001116190106 0.03710450539396115
v -0.013933664983712957 -0.023500001116190106 0.045933138168035015
v -0.04800000227987766 -0.023500001116190106 6.432861141355774e-17
v -0.03991054343007283 -0.023500001116190106 0.02666737301651012
v -0.05037176752924921 -0.03000000142492354 -0.0009999999878928037
v -0.05044551326029101 -0.03250000154366717 -0.0010000000474974513
v -0.04800000227987766 -0.03250000154366717 -0.0010000000474974513
v -0.04800000227987766 -0.03000000142492354 -0.0010000000474974513
v -0.04800000227987766 -0.03250000154366717 0.0010000000474974513
v -0.05037415171515347 -0.03000000142492354 0.0010000001667067465
v -0.04800000227987766 -0.03000000142492354 0.0010000000474974513
v -0.050486315264182124 -0.03250000154366717 0.0010000000474974513
v -0.04800000227987766 -0.03250000154366717 -0.0010000000474974513
v -0.04800000227987766 -0.03000000142492354 5.551115386789603e-17
v -0.04800000227987766 -0.03000000142492354 -0.0010000000474974513
v -0.04800000227987766 -0.03342387930361346 -0.0003826834443182263
v -0.04800000227987766 -0.032882684362136594 -0.0009238795480857181
v -0.04800000227987766 -0.033207109121198286 -0.0007071068026706998
v -0.04800000227987766 -0.03350000159116462 5.557238757662738e-17
v -0.04800000227987766 -0.03342387930361346 0.0003826834443182263
v -0.04800000227987766 -0.03250000154366717 0.0010000000474974513
v -0.04800000227987766 -0.032882684362136594 0.0009238795480857181
v -0.04800000227987766 -0.033207109121198286 0.0007071068026706998
v -0.04800000227987766 -0.03000000142492354 0.0010000000474974513
v -0.050502249255417464 -0.03288290179989106 0.0009233615240933704
v -0.04800000227987766 -0.032882684362136594 0.0009238795480857181
v -0.04800000227987766 -0.033207109121198286 0.0007071068026706998
v -0.050512960925848116 -0.033207635549445946 0.0007065793015393826
v -0.04800000227987766 -0.03342387930361346 0.0003826834443182263
v -0.050515333667660034 -0.033424302735030054 0.00038166810894857406
v -0.04800000227987766 -0.03350000159116462 5.557238757662738e-17
v -0.050508570209086834 -0.03350000159116462 -1.0583007745196456e-06
v -0.04800000227987766 -0.03342387930361346 -0.0003826834443182263
v -0.05049445201383618 -0.03342362371888452 -0.00038330208095573373
v -0.05047663737675956 -0.033207002309669775 -0.0007072136738038581
v -0.050459261429889324 -0.03288284076473191 -0.0009238154134848936
v -0.04800000227987766 -0.033207109121198286 -0.0007071068026706998
v -0.04800000227987766 -0.03250000154366717 -0.0010000000474974513
v -0.05044551326029101 -0.03250000154366717 -0.0010000000474974513
v -0.04800000227987766 -0.032882684362136594 -0.0009238795480857181
v -0.0564870136387996 -0.0010000000474974513 0.1170000055572018
v -0.05898780339991472 -0.0010000000474974513 0.1170000055572018
v -0.05873554890184929 -0.004649306041295265 0.1170000055572018
v -0.0581351841882749 -0.008376722733688391 0.1170000055572018
v -0.056211359786595416 -0.004705539450033103 0.1170000055572018
v -0.05716308865260089 -0.012134949306847886 0.1170000055572018
v -0.05557977177441886 -0.008367247025230506 0.1170000055572018
v -0.05459813568043037 -0.011951015086380523 0.1170000055572018
v -0.05327558770501506 -0.015423460739288908 0.1170000055572018
v -0.05162445313562358 -0.018752238210629768 0.1170000055572018
v -0.05580400350504 -0.015870234289562246 0.1170000055572018
v -0.054052931491936906 -0.01952422616233629 0.1170000055572018
v -0.049660109017664045 -0.021906340685881043 0.1170000055572018
v -0.051916555963218425 -0.023036452433894405 0.1170000055572018
v -0.04740085445478881 -0.024856387365307375 0.1170000055572018
v -0.049413912259144155 -0.02634726077291205 0.1170000055572018
v -0.04486773513281195 -0.027574899075850645 0.1170000055572018
v 0.020487011928891352 -0.0010000000474974513 0.1170000055572018
v 0.020211359984035893 -0.004705539450033103 0.1170000055572018
v 0.022735551006638488 -0.00464916918902436 0.1170000055572018
v 0.01957977197185934 -0.008367247025230506 0.1170000055572018
v 0.0185981320631734 -0.011951015086380523 0.1170000055572018
v 0.021163132719062006 -0.012134617428170014 0.1170000055572018
v 0.022135203459202613 -0.008376474778354348 0.1170000055572018
v 0.02298780169000647 -0.0010000000474974513 0.1170000055572018
v 0.017275585995106812 -0.015423460739288908 0.1170000055572018
v 0.015916671555256667 -0.023036044261267596 0.1170000055572018
v 0.013660106354081436 -0.021906340685881043 0.1170000055572018
v 0.011400851791206201 -0.024856387365307375 0.1170000055572018
v 0.008867732469229339 -0.027574899075850645 0.1170000055572018
v 0.013414041202623461 -0.026346877395818646 0.1170000055572018
v 0.019804070459685796 -0.015869849005120118 0.1170000055572018
v 0.015624450472040974 -0.018752238210629768 0.1170000055572018
v 0.018053023242116106 -0.019523816082360756 0.1170000055572018
v -0.04657614356966988 -0.029400960411363197 0.1170000055572018
v -0.042084344955442 -0.030036553855858905 0.1170000055572018
v -0.04344532219293651 -0.032148831940805866 0.1170000055572018
v -0.03907660860652751 -0.03221842346632808 0.1170000055572018
v -0.040072401042741124 -0.03455169460376384 0.1170000055572018
v -0.035872548853512765 -0.03410017938456411 0.1170000055572018
v -0.03250200807452419 -0.03566429307579888 0.1170000055572018
v -0.03651449376925742 -0.03658171636766516 0.1170000055572018
v -0.03283180011289355 -0.038223340896321734 0.1170000055572018
v -0.02538832785077827 -0.03778442562278883 0.1170000055572018
v -0.028996383136897785 -0.036896203839877906 0.1170000055572018
v -0.029084475945037047 -0.039473260847047165 0.1170000055572018
v -0.02532980848459543 -0.040339506157967 0.1170000055572018
v -0.018000000854954123 -0.038500001828651875 0.1170000055572018
v -0.02171144970067207 -0.038320688160466965 0.1170000055572018
v -0.021619896961948548 -0.04083989146615785 0.1170000055572018
v -0.018000000854954123 -0.04099999813269806 0.1170000055572018
v 0.0030766080887122127 -0.03221842346632808 0.1170000055572018
v -0.00012745199212809213 -0.03410017938456411 0.1170000055572018
v 0.004072510435896015 -0.03455147335131192 0.1170000055572018
v 0.0005145836716925409 -0.036581556150372396 0.1170000055572018
v -0.0034979929201282844 -0.03566429307579888 0.1170000055572018
v 0.007445446368044006 -0.0321485496531948 0.1170000055572018
v 0.010576274420497911 -0.029400618995941707 0.1170000055572018
v 0.0060843418150222095 -0.030036553855858905 0.1170000055572018
v -0.014288552009236177 -0.038320688160466965 0.1170000055572018
v -0.010670175105499946 -0.04033947945508487 0.1170000055572018
v -0.01061167481280434 -0.03778442562278883 0.1170000055572018
v -0.01438009997958789 -0.040839887651460405 0.1170000055572018
v -0.0031681357934837395 -0.03822323408479322 0.1170000055572018
v -0.007003618573010462 -0.036896203839877906 0.1170000055572018
v -0.006915486187385189 -0.039473199811888016 0.1170000055572018
v -0.014226340969599183 -0.03831461516213164 0.11200000531971455
v -0.014288552009236177 -0.038320688160466965 0.1170000055572018
v -0.006824040260190178 -0.036842202982820815 0.11200000531971455
v -0.010489022753145671 -0.03776023662627859 0.11200000531971455
v -0.007003618573010462 -0.036896203839877906 0.1170000055572018
v -0.01061167481280434 -0.03778442562278883 0.1170000055572018
v 0.00014877437761751273 -0.03395396966082265 0.11200000531971455
v -0.003266688025184983 -0.03556936432983493 0.11200000531971455
v -0.00012745199212809213 -0.03410017938456411 0.1170000055572018
v 0.006424141712143283 -0.02976090381835217 0.11200000531971455
v 0.003389454048929874 -0.03201158294136697 0.11200000531971455
v 0.0060843418150222095 -0.030036553855858905 0.1170000055572018
v 0.0030766080887122127 -0.03221842346632808 0.1170000055572018
v -0.0034979929201282844 -0.03566429307579888 0.1170000055572018
v 0.011760902963398046 -0.024424142090260226 0.11200000531971455
v 0.009223611316088731 -0.027223613124717216 0.11200000531971455
v 0.011400851791206201 -0.024856387365307375 0.1170000055572018
v 0.015953969759542885 -0.01814877596272857 0.11200000531971455
v 0.014011581132738482 -0.021389454903883998 0.11200000531971455
v 0.015624450472040974 -0.018752238210629768 0.1170000055572018
v 0.013660106354081436 -0.021906340685881043 0.1170000055572018
v 0.018842204035215415 -0.011175961071601126 0.11200000531971455
v 0.017569363474880806 -0.014733313306606322 0.11200000531971455
v 0.0185981320631734 -0.011951015086380523 0.1170000055572018
v 0.02031461239982879 -0.003773660123773531 0.11200000531971455
v 0.01976023386397574 -0.007510977624971271 0.11200000531971455
v 0.020211359984035893 -0.004705539450033103 0.1170000055572018
v 0.020500000973697752 4.000984304365302e-16 0.11200000531971455
v 0.020487011928891352 -0.0010000000474974513 0.11400000541470945
v 0.01957977197185934 -0.008367247025230506 0.1170000055572018
v 0.017275585995106812 -0.015423460739288908 0.1170000055572018
v 0.008867732469229339 -0.027574899075850645 0.1170000055572018
v 0.020487011928891352 -0.0010000000474974513 0.1170000055572018
v 0.020487011928891352 0.0010000000474974513 0.11400000541470945
v 0.02031461239982879 0.003773660123773531 0.11200000531971455
v 0.01957977197185934 0.008367247025230506 0.1170000055572018
v 0.018842204035215415 0.011175961071601126 0.11200000531971455
v 0.01976023386397574 0.007510977624971271 0.11200000531971455
v 0.020211359984035893 0.004705539450033103 0.1170000055572018
v 0.017275585995106812 0.015423460739288908 0.1170000055572018
v 0.015953969759542885 0.01814877596272857 0.11200000531971455
v 0.017569363474880806 0.014733313306606322 0.11200000531971455
v 0.013660106354081436 0.021906340685881043 0.1170000055572018
v 0.011760902963398046 0.024424142090260226 0.11200000531971455
v 0.014011581132738482 0.021389454903883998 0.11200000531971455
v 0.015624450472040974 0.018752238210629768 0.1170000055572018
v 0.0185981320631734 0.011951015086380523 0.1170000055572018
v 0.008867732469229339 0.027574899075850645 0.1170000055572018
v 0.006424141712143283 0.02976090381835217 0.11200000531971455
v 0.009223611316088731 0.027223613124717216 0.11200000531971455
v 0.0030766080887122127 0.03221842346632808 0.1170000055572018
v 0.00014877437761751273 0.03395396966082265 0.11200000531971455
v 0.003389454048929874 0.03201158294136697 0.11200000531971455
v 0.0060843418150222095 0.030036553855858905 0.1170000055572018
v -0.0034979929201282844 0.03566429307579888 0.1170000055572018
v -0.006824040260190178 0.036842202982820815 0.11200000531971455
v -0.003266688025184983 0.03556936432983493 0.11200000531971455
v -0.01061167481280434 0.03778442562278883 0.1170000055572018
v -0.014226340969599183 0.03831461516213164 0.11200000531971455
v -0.010489022753145671 0.03776023662627859 0.11200000531971455
v -0.014288552009236177 0.038320688160466965 0.1170000055572018
v -0.007003618573010462 0.036896203839877906 0.1170000055572018
v -0.00012745199212809213 0.03410017938456411 0.1170000055572018
v 0.011400851791206201 0.024856387365307375 0.1170000055572018
v 0.020487011928891352 0.0010000000474974513 0.1170000055572018
v -0.03614877491033397 0.03395396966082265 0.11200000531971455
v -0.03938945575883812 0.03201158294136697 0.11200000531971455
v -0.04242414294521435 0.02976090381835217 0.11200000531971455
v -0.045223612072322616 0.027223613124717216 0.11200000531971455
v -0.014226340969599183 0.03831461516213164 0.11200000531971455
v -0.025510978003088214 0.03776023662627859 0.11200000531971455
v -0.02917596192655525 0.036842202982820815 0.11200000531971455
v -0.03273331225421172 0.03556936432983493 0.11200000531971455
v -0.018000000854954123 0.038500001828651875 0.11200000531971455
v -0.021773661693983426 0.03831461516213164 0.11200000531971455
v -0.05576023748123271 0.007510977624971271 0.11200000531971455
v -0.05356936518478905 0.014733313306606322 0.11200000531971455
v -0.05484220383777494 0.011175961071601126 0.11200000531971455
v -0.05631461601708576 0.003773660123773531 0.11200000531971455
v -0.056500002683606 -3.953835331200426e-16 0.11200000531971455
v -0.05001158379632109 0.021389454903883998 0.11200000531971455
v -0.05195397051577677 0.01814877596272857 0.11200000531971455
v -0.04776090467330629 0.024424142090260226 0.11200000531971455
v 0.015953969759542885 -0.01814877596272857 0.11200000531971455
v 0.014011581132738482 0.021389454903883998 0.11200000531971455
v -0.006824040260190178 0.036842202982820815 0.11200000531971455
v 0.006424141712143283 0.02976090381835217 0.11200000531971455
v -0.010489022753145671 0.03776023662627859 0.11200000531971455
v 0.00014877437761751273 0.03395396966082265 0.11200000531971455
v -0.003266688025184983 0.03556936432983493 0.11200000531971455
v 0.003389454048929874 0.03201158294136697 0.11200000531971455
v 0.009223611316088731 0.027223613124717216 0.11200000531971455
v 0.011760902963398046 0.024424142090260226 0.11200000531971455
v 0.017569363474880806 0.014733313306606322 0.11200000531971455
v 0.015953969759542885 0.01814877596272857 0.11200000531971455
v 0.018842204035215415 0.011175961071601126 0.11200000531971455
v 0.020500000973697752 4.000984304365302e-16 0.11200000531971455
v 0.01976023386397574 0.007510977624971271 0.11200000531971455
v 0.02031461239982879 0.003773660123773531 0.11200000531971455
v -0.05484220383777494 -0.011175961071601126 0.11200000531971455
v -0.05631461601708576 -0.003773660123773531 0.11200000531971455
v -0.05576023748123271 -0.007510977624971271 0.11200000531971455
v -0.05195397051577677 -0.01814877596272857 0.11200000531971455
v -0.05356936518478905 -0.014733313306606322 0.11200000531971455
v -0.05001158379632109 -0.021389454903883998 0.11200000531971455
v -0.04776090467330629 -0.024424142090260226 0.11200000531971455
v -0.03938945575883812 -0.03201158294136697 0.11200000531971455
v -0.045223612072322616 -0.027223613124717216 0.11200000531971455
v -0.006824040260190178 -0.036842202982820815 0.11200000531971455
v -0.03614877491033397 -0.03395396966082265 0.11200000531971455
v -0.025510978003088214 -0.03776023662627859 0.11200000531971455
v -0.03273331225421172 -0.03556936432983493 0.11200000531971455
v -0.02917596192655525 -0.036842202982820815 0.11200000531971455
v -0.021773661693983426 -0.03831461516213164 0.11200000531971455
v -0.018000000854954123 -0.038500001828651875 0.11200000531971455
v -0.04242414294521435 -0.02976090381835217 0.11200000531971455
v 0.009223611316088731 -0.027223613124717216 0.11200000531971455
v 0.011760902963398046 -0.024424142090260226 0.11200000531971455
v 0.014011581132738482 -0.021389454903883998 0.11200000531971455
v 0.017569363474880806 -0.014733313306606322 0.11200000531971455
v 0.01976023386397574 -0.007510977624971271 0.11200000531971455
v 0.02031461239982879 -0.003773660123773531 0.11200000531971455
v 0.018842204035215415 -0.011175961071601126 0.11200000531971455
v 0.00014877437761751273 -0.03395396966082265 0.11200000531971455
v -0.010489022753145671 -0.03776023662627859 0.11200000531971455
v -0.003266688025184983 -0.03556936432983493 0.11200000531971455
v 0.006424141712143283 -0.02976090381835217 0.11200000531971455
v 0.003389454048929874 -0.03201158294136697 0.11200000531971455
v -0.014226340969599183 -0.03831461516213164 0.11200000531971455
v -0.0564870136387996 -0.0010000000474974513 0.11400000541470945
v -0.05898780339991472 -0.0010000000474974513 0.11400000541470945
v -0.05898780339991472 -0.0010000000474974513 0.1170000055572018
v -0.0564870136387996 -0.0010000000474974513 0.1170000055572018
v -0.05898780339991472 0.0010000000474974513 0.11400000541470945
v -0.05898780339991472 -0.0010000000474974513 0.11400000541470945
v -0.0564870136387996 -0.0010000000474974513 0.11400000541470945
v -0.0564870136387996 0.0010000000474974513 0.11400000541470945
v -0.05898780339991472 0.0010000000474974513 0.1170000055572018
v -0.05898780339991472 0.0010000000474974513 0.11400000541470945
v -0.0564870136387996 0.0010000000474974513 0.11400000541470945
v -0.0564870136387996 0.0010000000474974513 0.1170000055572018
v 0.020487011928891352 0.0010000000474974513 0.1170000055572018
v 0.020487011928891352 0.0010000000474974513 0.11400000541470945
v 0.02298780169000647 0.0010000000474974513 0.11400000541470945
v 0.02298780169000647 0.0010000000474974513 0.1170000055572018
v 0.020487011928891352 0.0010000000474974513 0.11400000541470945
v 0.020487011928891352 -0.0010000000474974513 0.11400000541470945
v 0.02298780169000647 -0.0010000000474974513 0.11400000541470945
v 0.02298780169000647 0.0010000000474974513 0.11400000541470945
v 0.02298780169000647 -0.0010000000474974513 0.11400000541470945
v 0.020487011928891352 -0.0010000000474974513 0.11400000541470945
v 0.020487011928891352 -0.0010000000474974513 0.1170000055572018
v 0.02298780169000647 -0.0010000000474974513 0.1170000055572018
vn 3.2981049173884194e-06 -1.837041711476546e-05 -3.430089152606535e-09
vn 3.93439012390974e-06 -1.8350593402758604e-05 1.1264973825082614e-08
vn 2.1267130010991456e-06 -1.8646426382724837e-05 7.58639823748193e-09
vn 1.50160485862787e-06 -1.8603313941699038e-05 1.172918045245391e-10
vn 0.0 -1.8712773908584193e-05 5.692123719682874e-09
vn 6.781438835933847e-06 -1.738919423306145e-05 -1.0153737563575893e-08
vn 7.420578707846789e-06 -1.7238923756750394e-05 1.820561063523747e-08
vn 5.704638705160257e-06 -1.7879932830501052e-05 1.4805504879773495e-08
vn 1.0010020889051933e-05 -1.575412899900325e-05 -1.63870935935839e-08
vn 1.0624892926221406e-05 -1.5471841374531117e-05 2.4633146732305835e-08
vn 9.065895941780246e-06 -1.643367287662611e-05 2.1489466661052253e-08
vn 8.435440864800387e-06 -1.6650106104380173e-05 -1.3330133001520545e-08
vn 5.063610557921454e-06 -1.7964441098620052e-05 -6.843563550134081e-09
vn 1.2862429251243382e-05 -1.3526631686572295e-05 -2.2126402634716964e-08
vn 1.3425456368733617e-05 -1.3116469039780161e-05 3.0542370521976525e-08
vn 1.2082708234994503e-05 -1.4362578166943231e-05 2.7654194811862124e-08
vn 1.5231394625208784e-05 -1.0790463518935443e-05 -2.7376911353831185e-08
vn 1.5715781751097763e-05 -1.0262350421485494e-05 3.592637632673764e-08
vn 1.4640342195811492e-05 -1.1745377702664994e-05 3.329925675465396e-08
vn 1.4113383044394013e-05 -1.2216111389960416e-05 -2.481221945065014e-08
vn 1.7027810442730048e-05 -7.648462386314237e-06 -3.2130474385937165e-08
vn 1.7408768400265136e-05 -7.0179691623580986e-06 4.079451087294561e-08
vn 1.664153257146124e-05 -8.681527008782785e-06 3.84262803274528e-08
vn 1.818409933532712e-05 -4.218763116418515e-06 -3.639517983301947e-08
vn 1.844001508089534e-05 -3.5066671523700383e-06 4.51299036674098e-08
vn 1.801017376007909e-05 -5.28751423519702e-06 4.3033306982345075e-08
vn 1.596095141397503e-05 -1.956323809498003e-06 -2.8758620677108607e-08
vn 1.398865626023752e-05 -1.4037222606250958e-06 4.711303649724298e-08
vn 1.7689277421968213e-05 -5.961704820481919e-06 -3.431787030946538e-08
vn 1.6205932249319714e-05 -9.263109451318559e-06 -2.981385168519749e-08
vn 1.1490339734915554e-05 -1.4709690219773877e-05 -1.931942428128286e-08
vn 0.0 -1.8557245110011534e-05 0.0
vn 9.598999875689047e-06 -5.66558891710828e-07 -3.837890129799397e-09
vn 1.50160485862787e-06 1.8603313941699034e-05 1.1729180452451486e-10
vn 0.0 1.8557245110011534e-05 0.0
vn 0.0 1.8712773908584193e-05 5.692123719682874e-09
vn 9.598999875688651e-06 5.665588917108279e-07 -3.837890129833504e-09
vn 6.364880530676899e-06 0.0 8.225425964697837e-08
vn 1.844001508089534e-05 3.5066671523700383e-06 4.512990366740988e-08
vn 1.3988656260236992e-05 1.4037222606250956e-06 4.711303649719758e-08
vn 1.596095141397503e-05 1.956323809498003e-06 -2.8758620677108554e-08
vn 1.8010173760079088e-05 5.28751423519702e-06 4.3033306982345075e-08
vn 1.768927742196821e-05 5.961704820481919e-06 -3.4317870309465415e-08
vn 1.7408768400265136e-05 7.0179691623580986e-06 4.079451087294564e-08
vn 1.818409933532712e-05 4.2187631164185145e-06 -3.639517983301945e-08
vn 1.6641532571461238e-05 8.681527008782785e-06 3.84262803274528e-08
vn 1.7027810442730044e-05 7.648462386314235e-06 -3.213047438593713e-08
vn 1.620593224931971e-05 9.263109451318559e-06 -2.9813851685197456e-08
vn 1.5715781751097763e-05 1.0262350421485494e-05 3.592637632673747e-08
vn 1.4640342195811492e-05 1.1745377702664992e-05 3.329925675465378e-08
vn 1.5231394625208782e-05 1.0790463518935443e-05 -2.7376911353831327e-08
vn 1.2082708234994503e-05 1.4362578166943231e-05 2.7654194811862266e-08
vn 1.3425456368733618e-05 1.3116469039780161e-05 3.0542370521976565e-08
vn 1.2862429251243382e-05 1.3526631686572295e-05 -2.2126402634716964e-08
vn 1.4113383044394013e-05 1.2216111389960416e-05 -2.4812219450650103e-08
vn 9.065895941780247e-06 1.6433672876626108e-05 2.148946666105211e-08
vn 1.0624892926221406e-05 1.5471841374531117e-05 2.4633146732306047e-08
vn 1.0010020889051933e-05 1.575412899900325e-05 -1.6387093593583828e-08
vn 5.704638705160257e-06 1.7879932830501052e-05 1.4805504879773584e-08
vn 7.420578707846789e-06 1.723892375675039e-05 1.8205610635237347e-08
vn 6.781438835933847e-06 1.738919423306145e-05 -1.0153737563575813e-08
vn 3.93439012390974e-06 1.8350593402758604e-05 1.1264973825082575e-08
vn 5.063610557921454e-06 1.7964441098620055e-05 -6.8435635501341205e-09
vn 8.435440864800388e-06 1.6650106104380173e-05 -1.3330133001520757e-08
vn 1.149033973491555e-05 1.4709690219773877e-05 -1.9319424281282683e-08
vn 2.1267130010991456e-06 1.8646426382724837e-05 7.586398237481897e-09
vn 3.2981049173884194e-06 1.837041711476546e-05 -3.4300891526066076e-09
vn 1.1116618735617986e-05 8.269615958911151e-07 0.0
vn 1.1116618735617986e-05 -8.269615958911151e-07 0.0
vn 8.32739845544837e-06 3.7798922371944014e-08 2.8812024787217053e-05
vn 6.556006614661235e-06 -2.0228493934603044e-08 2.984820391925524e-05
vn 9.086637724349568e-06 5.6890540140953805e-09 2.790758080150905e-05
vn 1.1295271039118586e-05 3.431383290263603e-08 2.7324080917105127e-05
vn 1.0887570461753857e-05 2.040048396411498e-10 2.6394679192693052e-05
vn 2.5342046968646715e-06 -2.1332859431355963e-09 3.0733479713274175e-05
vn 7.447012524461427e-07 -2.0729312830159356e-08 2.8513668026313414e-05
vn 3.7092854615967435e-06 -4.224520423479375e-08 3.136727252453462e-05
vn 5.636369909395873e-06 1.4195773470467686e-08 3.05876851663012e-05
vn 1.3178000112519831e-05 1.483823692053993e-09 2.6034654229445888e-05
vn 1.5614144854846095e-05 -1.6825970031978986e-08 2.475957692427871e-05
vn 1.4405709681457172e-05 5.1171423763741115e-08 2.6188018743424727e-05
vn 1.689881803189651e-05 6.631171281162608e-08 2.4749385959565502e-05
vn 1.788134935488692e-05 -3.157880605886882e-08 2.3208231905387853e-05
vn 1.916324543206415e-05 8.143161309153791e-08 2.297269085721513e-05
vn 1.9915037775412554e-05 -3.979961136033634e-08 2.136043147503447e-05
vn 2.636203793771038e-05 1.0727309403512296e-07 1.4100261756119564e-05
vn 2.513510116293418e-05 -5.6987797865920444e-08 1.5018506523117008e-05
vn 2.6349102933836765e-05 -5.3872191958521944e-08 1.2553805590130462e-05
vn 2.745486806369977e-05 -5.091748032121236e-08 1.0041778246805049e-05
vn 2.7576767044294036e-05 1.06325993703834e-07 1.150249971938775e-05
vn 2.363196279585985e-05 -5.467081474088463e-08 1.731784603597612e-05
vn 2.495089100393532e-05 1.0448461640639085e-07 1.6608627625505032e-05
vn 2.933723966814413e-05 8.936873548590037e-08 6.0349768967376385e-06
vn 2.8345912129260753e-05 -4.767974753369396e-08 7.440371266489675e-06
vn 2.885741611271125e-05 -3.7657817640092703e-08 4.740104489795822e-06
vn 2.8613970454743236e-05 9.909767963825928e-08 8.82113540522358e-06
vn 2.3194916703317315e-05 1.0246265426941929e-07 1.8889932519544827e-05
vn 2.1828860449179638e-05 -4.647193496254362e-08 1.9395521734850242e-05
vn 2.1247731637770132e-05 9.484790782881428e-08 2.100152850972714e-05
vn 2.9709785343207847e-05 7.830343955838774e-08 3.1833333814206047e-06
vn 2.9112474604328567e-05 -2.490216334307163e-08 2.0066116967620743e-06
vn -2.9513403205009177e-07 6.21485761888586e-08 2.7747899175993385e-05
vn 2.9885866957739813e-05 6.150526759205153e-08 3.208211567784557e-07
vn 2.9258153277447623e-05 -1.2605827518035634e-08 -7.356917762264818e-07
vn 2.98554640163269e-05 4.13165532655523e-08 -2.554055774441924e-06
vn 2.908891419731301e-05 4.872285315499314e-09 -3.4767802680205197e-06
vn 2.8977363478104457e-05 3.5496819276496854e-08 -5.753072331485652e-06
vn 2.7960988316704148e-05 1.928982249845288e-09 -5.540016700589716e-06
vn 2.7344813083457514e-05 -1.6357807839577034e-08 -1.0501429601708187e-05
vn 2.6230865427182443e-05 -2.994187257660855e-08 -1.3011994008493262e-05
vn 2.7570345000837294e-05 6.447281034893912e-08 -1.1753042065982588e-05
vn 2.8510337517957718e-05 4.7823505056902723e-08 -9.03024441353188e-06
vn 2.8114290841846536e-05 2.3442767313600167e-09 -7.861754846354576e-06
vn 2.4813726239216725e-05 -3.745117485204898e-08 -1.5366966435776216e-05
vn 2.62502224745128e-05 8.131794169715174e-08 -1.4307907827887522e-05
vn 2.329509479561774e-05 -4.725683658266317e-08 -1.765299901174298e-05
vn 2.4741331543415445e-05 9.422962434906529e-08 -1.6749441466396275e-05
vn 1.42403978523989e-05 9.84963837203544e-08 -2.6367273928096284e-05
vn 1.5210977727720778e-05 -5.321262050767281e-08 -2.5004358441672326e-05
vn 1.281654733973965e-05 -4.8483686145746364e-08 -2.6350991527054096e-05
vn 1.6660962733829465e-05 1.0632455669721823e-07 -2.4814912292287568e-05
vn 1.7441096373205106e-05 -5.3109906335420925e-08 -2.3398942627036304e-05
vn 1.9605564708294462e-05 -5.5859840826495264e-08 -2.170837894664565e-05
vn 1.896084774844938e-05 1.0852775932729864e-07 -2.3097875246141516e-05
vn 3.3135429986889428e-06 4.3481773593382515e-08 -2.978614939083628e-05
vn 4.977827545011764e-06 -1.4446486555461754e-08 -2.886350548274568e-05
vn 2.2511121980970983e-06 2.795044292035734e-09 -2.919389461643048e-05
vn 1.1625105372717602e-05 9.104921478675151e-08 -2.757341964712546e-05
vn 1.025574717989142e-05 -3.746697253277487e-08 -2.735162565658392e-05
vn -4.541302158695453e-08 1.8935433628729197e-08 -3.003298842102718e-05
vn -9.082604317390896e-08 4.69791463421e-21 -2.948462742514143e-05
vn 2.3067608163595074e-05 1.0024561808779256e-07 -1.908427165442044e-05
vn 2.1594476525954076e-05 -5.489946430874533e-08 -1.9812623952410646e-05
vn 2.1140656254266808e-05 1.0451061294945572e-07 -2.1224291592411934e-05
vn 8.912498684980099e-06 8.073082013061642e-08 -2.8514075444795954e-05
vn 6.142490334685243e-06 6.358884176284863e-08 -2.9266964990549613e-05
vn 7.639247984193797e-06 -2.512553125323206e-08 -2.8175742441718954e-05
vn 0.0 0.0 1.0730590776447569e-05
vn 0.0 0.0 1.096333963734422e-05
vn 0.0 0.0 1.0132377030756991e-05
vn 0.0 0.0 1.0030119002284173e-05
vn 0.0 0.0 1.0198292707434303e-05
vn 0.0 0.0 1.0485446854678721e-05
vn 0.0 0.0 1.029482049616854e-05
vn 0.0 0.0 9.900657494297592e-06
vn 0.0 0.0 9.823924321471326e-06
vn 0.0 0.0 1.0366626249478306e-05
vn 0.0 0.0 1.0191997736159194e-05
vn 0.0 0.0 1.1419519968466013e-05
vn 0.0 0.0 1.079708025970227e-05
vn 0.0 0.0 1.0343433493594478e-05
vn 0.0 0.0 9.072302110402e-06
vn 0.0 0.0 1.1287159530071057e-05
vn 0.0 0.0 1.1191145507082198e-05
vn 0.0 0.0 1.022011861733233e-05
vn 0.0 0.0 1.0645638763469467e-05
vn 0.0 0.0 9.933129675172907e-06
vn 0.0 0.0 1.0028516941940745e-05
vn 0.0 0.0 9.561176555763904e-06
vn 0.0 0.0 8.418419977844876e-06
vn 0.0 0.0 8.831238908378668e-06
vn 0.0 0.0 8.916715197628579e-06
vn 0.0 0.0 8.47731828389283e-06
vn 0.0 0.0 8.755817935317616e-06
vn 0.0 0.0 8.325169141433606e-06
vn 0.0 0.0 8.690510695783834e-06
vn 0.0 0.0 8.85876116571102e-06
vn 0.0 0.0 8.679467726293581e-06
vn 0.0 0.0 8.930458140724348e-06
vn 0.0 0.0 8.659273428163997e-06
vn 0.0 0.0 8.978010498443692e-06
vn 0.0 0.0 1.0205915455728894e-05
vn 0.0 0.0 1.1308539066089788e-05
vn 0.0 0.0 1.0652221170092268e-05
vn 0.0 0.0 1.0223571665394232e-05
vn 0.0 0.0 9.206208147255857e-06
vn 0.0 0.0 1.0918805075960278e-05
vn 0.0 0.0 1.0300192025511672e-05
vn 0.0 0.0 1.0002119798661927e-05
vn 0.0 0.0 1.0727748817883511e-05
vn 0.0 0.0 1.0511998583851725e-05
vn 0.0 0.0 1.0105565062136507e-05
vn 0.0 0.0 9.851180593709345e-06
vn 0.0 0.0 9.266774997269792e-06
vn 0.0 0.0 1.0129620572216057e-05
vn 0.0 0.0 8.629833434491453e-06
vn 0.0 0.0 9.002620954658614e-06
vn 0.0 0.0 8.59152220935228e-06
vn 0.0 0.0 9.004454844757887e-06
vn 0.0 0.0 8.545198229563054e-06
vn 0.0 0.0 8.982630544395817e-06
vn 0.0 0.0 8.492151950357058e-06
vn 0.0 0.0 8.685938278415339e-06
vn 0.0 0.0 8.001810491397048e-06
vn 0.0 0.0 9.278292305124528e-06
vn 0.0 0.0 1.0333487577496756e-05
vn 0.0 0.0 1.1157305988328103e-05
vn 0.0 0.0 1.0960418763723347e-05
vn 0.0 0.0 1.2790861571646757e-05
vn 0.0 0.0 1.171284611839998e-05
vn 0.0 0.0 9.266774997269792e-06
vn -1.1943080765065567e-05 -3.812782649792547e-05 -4.8908425574203175e-08
vn -8.113005049357303e-06 -3.8790986165586786e-05 -4.771257752340679e-08
vn -1.0311992353284554e-05 -3.801424387605171e-05 3.187415855657059e-08
vn -6.5228292549391775e-06 -3.8149613045907695e-05 1.661581152392328e-08
vn -4.294022573866978e-06 -3.9028280579416085e-05 -4.1125942123037156e-08
vn -1.5725429757181914e-05 -3.702910457144963e-05 -4.684404998937105e-08
vn -1.7973596372927257e-05 -3.6259654628564145e-05 4.832045181105133e-08
vn -1.939605897143285e-05 -3.548792858276062e-05 -4.2743819353902635e-08
vn -1.4157054974405253e-05 -3.739586867489386e-05 4.228296393833928e-08
vn -2.2894301999874386e-05 -3.3519735341593086e-05 -3.694297113053752e-08
vn -2.1670826745304125e-05 -3.460668256805716e-05 5.0757065536775936e-08
vn -2.5159329579135495e-05 -3.245188703458654e-05 4.898428508171828e-08
vn -2.6156377098166324e-05 -3.11468535447296e-05 -3.0724039236760426e-08
vn -2.86029916513796e-06 -3.782678727270467e-05 -3.771776092696944e-09
vn -1.788550720195901e-06 -3.81908346976161e-05 -3.5844226178467075e-08
vn -3.115307785969263e-05 -2.6807978315664078e-05 3.618916381057602e-08
vn -3.174686097680863e-05 -2.533893825912058e-05 -1.8151675852919818e-08
vn -2.912363964810753e-05 -2.840386978399739e-05 -2.389637634035225e-08
vn -3.539130864967271e-05 -1.9852678277504667e-05 1.913107021470618e-08
vn -3.580821059560765e-05 -1.8466188277631132e-05 -1.2837594951810878e-08
vn -3.398411755733788e-05 -2.2005960647582848e-05 -1.3752578890273634e-08
vn -3.3516232177604707e-05 -2.345358753477449e-05 2.7515695880804245e-08
vn -3.816417261903359e-05 -1.1016973906256809e-05 -2.4210181385604448e-08
vn -3.720439628528569e-05 -1.478361905980455e-05 -1.574145720602608e-08
vn -3.760749538363664e-05 -1.228917556519541e-05 1.0617147677239324e-08
vn -3.870038819957868e-05 -7.227019619293385e-06 -3.8262964694837636e-08
vn -3.065648072380179e-05 -3.7462928981665507e-06 9.856989013808457e-09
vn -3.417708996765275e-05 -3.20235447464756e-06 -5.638191453934451e-08
vn -3.795977317283854e-05 -8.499616794562139e-06 1.103321562222594e-08
vn -3.6755247428735374e-05 -1.610195312872445e-05 1.3240472070665748e-08
vn -2.8345161587502443e-05 -2.983333871047975e-05 4.40264069291544e-08
vn -2.2638549687974835e-05 -7.379791815405444e-08 -8.165141171986857e-08
vn -2.191877309904796e-05 -1.1151656653572126e-06 -9.703265449356628e-09
vn -1.6010679629656212e-06 -3.619899040691951e-05 1.2489003442583514e-10
vn -1.094791850139164e-05 -7.567635301406258e-07 0.0
vn -2.2966909437914102e-05 1.2687553726854745e-06 3.847082794976143e-08
vn -4.0332712984895115e-05 7.578837796773823e-06 -1.5593671458246824e-08
vn -3.414125893102366e-05 3.0750497652905096e-06 -1.2670076909115147e-08
vn -3.371694652655004e-05 4.4173349762038654e-06 9.354880090789666e-08
vn -3.993740461172068e-05 1.6564180040309432e-05 2.139311013870672e-08
vn -4.0491346391026894e-05 1.1998482890282913e-05 -5.175753485003721e-09
vn -4.252703434889254e-05 1.5576898147206284e-05 1.1026151384727237e-07
vn -4.279811788853976e-05 1.0534910567006222e-05 1.3081033711042474e-07
vn -3.751286545114467e-05 2.3737426469615342e-05 1.7819968137027845e-08
vn -3.671835294484322e-05 1.9021894354590298e-05 -4.366641638697051e-11
vn -4.004525326622235e-05 2.0770570820754464e-05 9.351837362629001e-08
vn -3.183175707251981e-05 3.174073838711569e-05 -2.0933254551379003e-08
vn -3.5018568186611275e-05 2.79557318223185e-05 -9.382939260857682e-09
vn -3.55340673505713e-05 3.144840539222315e-05 1.6520228539264324e-07
vn -2.8061378269116745e-05 3.4946273283294513e-05 -1.599042293507163e-08
vn -3.164439184069112e-05 3.537117340402624e-05 1.7095426344636808e-07
vn -3.8663880524271035e-05 2.6932909662981137e-05 1.2912624587289467e-07
vn -1.902286254227857e-05 3.671874335527448e-05 4.573151518030834e-09
vn -2.3852583388443647e-05 3.7461946414466876e-05 4.88262499188481e-09
vn -2.0945862620429857e-05 3.998563382284481e-05 9.389834290004128e-08
vn -1.2116239134350375e-05 4.0484723809950196e-05 3.6730915789852808e-09
vn -1.668332577558966e-05 3.9909085498707886e-05 3.6700107054080654e-08
vn -1.5812976416420174e-05 4.249122450396962e-05 9.087400378570298e-08
vn -3.5348795382261158e-06 3.957376060571537e-05 -1.4492454685485263e-08
vn -7.690652451748256e-06 4.0345786058507985e-05 -1.2488747847866109e-08
vn -5.9498265767246655e-06 4.231339588053857e-05 1.2554230774849994e-07
vn 1.0165190072900287e-05 4.978761828039155e-05 -8.731448905063164e-08
vn 1.2338696698236255e-05 5.2382869928192674e-05 -2.5245707743818905e-07
vn 7.971612644973845e-06 5.5020038488356686e-05 -3.190597000822391e-07
vn -1.4890047768163274e-06 4.1441736807517564e-05 1.1045127800063186e-07
vn 1.2805056689317825e-06 4.703775482739887e-05 -2.0888486277933337e-07
vn -1.0763826068145157e-05 4.2803432311699524e-05 1.2237523934695515e-07
vn -2.7152857335631267e-05 3.854078459953439e-05 1.4596021274087554e-07
vn 3.772775207704517e-06 4.9622864315281937e-05 -8.189987183348162e-08
vn -1.3208204093609678e-05 1.035953620138822e-06 0.0
vn 1.1129799946434343e-05 4.520454359321214e-05 0.0
vn 3.5326293486432805e-06 9.65116532930992e-06 -1.2191504438649797e-08
vn 1.0622635896791503e-05 3.0281653896652608e-05 -6.590412168730221e-09
vn 7.72209240836405e-06 2.164350953664427e-05 -3.79414122801224e-09
vn 6.055288890040873e-06 1.3703424658392758e-05 -2.1862782303159923e-09
vn 4.017250442653444e-06 8.429389957150179e-06 -1.4053597678362226e-08
vn 7.910143397599251e-06 7.451692715798658e-06 1.2007233084779203e-09
vn 7.550583443072613e-06 6.1851898833780676e-06 -9.28127127727762e-09
vn 9.826328665246096e-06 9.406986418455243e-06 -1.6028244056467717e-08
vn 8.287209344371496e-06 9.482650703965037e-06 -2.4073648963753123e-08
vn 6.869927105244729e-06 7.594276195965816e-06 -3.2320414971572487e-10
vn 3.6264586826303727e-06 -1.6316736309318322e-07 -1.7038353379231742e-08
vn 7.93877672936861e-06 -6.706982857186537e-07 8.65879281233718e-10
vn 9.83231353117245e-06 -1.0526404287758665e-06 1.8779486264138216e-07
vn 2.5909934915738645e-06 4.7758369710935925e-06 1.4231668300236267e-09
vn 5.669489445432911e-06 1.0368793846682549e-05 -7.277559123993061e-09
vn 5.792351319286779e-06 1.0742724450079553e-05 1.2095545727738963e-08
vn 9.13717992478884e-06 1.9956720131994513e-05 1.1412511800579626e-08
vn 2.935409824747388e-08 4.513979386934885e-08 6.9394115824321575e-12
vn 1.8542959067394665e-06 2.8697084132987737e-06 4.848544890368567e-10
vn 8.678437103704104e-09 1.3344289139953811e-08 2.051442801775086e-12
vn 7.750130435929864e-06 1.340774007848407e-05 -3.5623042670754175e-10
vn 4.773458298506257e-06 1.0952401344799303e-05 1.7070861396534566e-08
vn 6.992979713979997e-06 9.097351700002149e-06 -1.2029458906865983e-09
vn 7.97302321833401e-06 1.1039743280088283e-05 -1.087292329648787e-08
vn 1.036251802336744e-05 1.3683528610554666e-05 3.736553210554866e-08
vn 1.1211726935825064e-05 1.334824688874286e-05 1.624654523243622e-08
vn 1.1976901724522889e-05 1.128262907994027e-05 1.0937797559500721e-08
vn 1.1103325944896011e-05 1.0968514530722427e-05 8.0136285399392e-09
vn 1.2709351793261051e-05 1.419090405802439e-05 3.007087926881436e-08
vn 1.7920153134076845e-05 1.4469652917045276e-05 2.0825879505738414e-09
vn 1.7764112300997902e-05 1.4147666415647734e-05 1.686531544832934e-09
vn 6.609752011356245e-06 1.020457523645206e-05 -2.706600608416005e-09
vn 1.0247829139181567e-05 1.4871145707421708e-05 6.510837890083209e-10
vn 1.8165418443151327e-05 1.2173154715754424e-05 8.385048909805715e-10
vn 9.425532918489498e-06 6.398227027883545e-06 -3.438360844602222e-09
vn 1.7419047420915255e-05 1.1795226263918905e-05 1.3104713636580255e-09
vn 1.025530276761776e-05 3.259195001582801e-06 -3.532494963560877e-08
vn 1.2052130890374317e-05 4.501903961593444e-06 -2.3819815578401057e-09
vn 1.6312722325229607e-05 5.0484280613620065e-06 4.151481852626553e-08
vn 4.066335216671173e-06 1.8921324090180947e-06 -7.803901526728948e-10
vn 1.1536599301484455e-07 5.394936120401551e-08 -2.4732459299462536e-11
vn 1.9034864326525501e-06 8.900833975416609e-07 -4.0789112481744204e-10
vn 1.006832536338125e-05 4.342225805148793e-06 -3.464682666780527e-08
vn 1.601540956047518e-05 6.85044353710971e-06 1.2139157835836785e-08
vn 1.5628503853555097e-05 3.6867622063026935e-06 1.208769827288581e-07
vn 1.588284090240454e-05 2.034242060308042e-06 2.990813286018639e-08
vn 7.433005085370004e-06 1.5905890386303923e-06 1.9921380323844493e-09
vn 2.080693442589339e-06 5.946541397410613e-07 1.54504301551846e-08
vn 6.317442280339393e-06 1.6207887281854068e-06 5.825023101618889e-08
vn 5.874910912700808e-06 1.6790105507327842e-06 4.362521964737118e-08
vn 7.08512691409907e-06 3.303331053138782e-06 -2.6132659922499343e-09
vn 1.9352890899399975e-05 4.650898421547939e-06 1.6295041794199041e-07
vn 9.609238526004421e-06 8.302484782508934e-07 3.809366715758236e-08
vn 5.343427230002589e-07 2.12353446859098e-08 -2.109427960374902e-09
vn 3.5622921324050035e-07 1.4159080462275163e-08 -1.4063281791556213e-09
vn 6.0327731368103836e-06 8.423105193544957e-07 2.1069810918227437e-07
vn 5.663693629621257e-06 6.789266800483609e-07 1.2397592444952937e-07
vn 8.49554445766131e-06 1.018390058860675e-06 1.859638483506848e-07
vn 9.721547096593056e-06 7.641061872915913e-06 3.097232675069243e-09
vn 8.531498895033958e-06 5.659754121543261e-07 3.9487608673336086e-08
vn 2.271652437475074e-08 3.493309352842652e-08 5.369692699654136e-12
vn 6.1081701359090485e-06 1.0580212286842592e-05 -2.372494592056947e-09
vn 4.880485998289227e-06 7.537760655878295e-06 3.485914019405206e-09
vn 1.0434075393039373e-05 2.980617091081032e-05 0.0
vn 3.547897675899358e-06 2.0074655532478094e-06 -5.982280407327821e-10
vn 1.3626924855584501e-05 7.275725102167492e-06 -1.8940151656579708e-11
vn 1.4676305257699482e-05 8.315831020674393e-06 1.570787186270158e-09
vn 3.6464122421425045e-06 2.066154676254617e-06 -1.6337954814965292e-09
vn 1.1714771112029657e-05 7.5791556882428236e-06 3.0324720265243266e-09
vn 1.4861279945681288e-05 5.543776085102111e-06 4.868402220376849e-08
vn 1.1881794468757027e-05 5.537828335717118e-06 7.955757310776776e-10
vn 9.914614505475202e-06 -1.5563275005315062e-07 -1.5870711256342862e-08
vn 2.4914928259938803e-05 2.7543254925632047e-06 -8.724413129506592e-08
vn 8.77979075865689e-06 8.468943446718315e-07 -8.719326528206813e-14
vn 1.2403530663338836e-05 3.2984228088574203e-06 4.4070374424696156e-08
vn 9.144940291330073e-06 8.821164015455791e-07 0.0
vn 4.693186013684552e-06 -3.244171450757854e-07 0.0
vn 5.473753972279714e-06 -3.7837604302387095e-07 -1.057388645155653e-12
vn 4.4058622730876496e-06 -6.050695358313821e-07 1.352936957887216e-07
vn 5.2678892053582955e-06 -6.229293143427485e-07 6.898754250045718e-08
vn 1.2010856815713745e-05 -2.8812792654060425e-06 -2.5181346484842926e-08
vn 1.2432608831791217e-05 -3.3711856229798026e-06 -4.4789019152925136e-08
vn 1.8008939069613494e-05 -2.4881435214764947e-06 7.758223228390775e-09
vn 7.327492456328289e-06 -5.285471464617226e-06 -2.415367331596161e-08
vn 0.0 0.0 -4.1450638914680905e-08
vn 1.2873399050055637e-05 -7.803028847937366e-06 -1.9499724857366366e-08
vn 1.0214715974313165e-05 -4.669537987832763e-06 -3.1394842145462695e-08
vn 1.3296212505748104e-05 -6.415127409941469e-06 -3.088722778821552e-08
vn 1.2966115275904224e-05 -4.82137725854334e-06 -3.977136803699938e-08
vn 9.110775859373688e-06 -5.317574052505675e-06 -3.345656487951696e-08
vn 1.1190837492668388e-05 -3.845844634134439e-06 -2.8558781865656294e-08
vn 1.777530997968107e-05 -3.492622707269612e-06 3.11800735347449e-08
vn 2.739956702796957e-05 -3.2620267787886544e-06 -2.3381137124196817e-07
vn 1.5160250514446548e-05 -5.8358897348810385e-06 3.5571153328421316e-08
vn 2.0056344983863683e-05 -7.283745503930364e-06 6.449763626428521e-08
vn 1.8903063344563348e-05 -4.899883735727616e-06 6.647121605006007e-08
vn 1.656488575937061e-05 -4.766661778899034e-06 3.360448415628913e-08
vn 1.2743423400908484e-05 -7.813107914853483e-06 4.0787102278771056e-08
vn 2.0419669501613337e-05 -1.2313112792811124e-05 4.0034729648032784e-08
vn 1.89505467932879e-05 -1.6957011244211678e-05 1.4935296981361642e-08
vn 1.0930913056203214e-05 -9.983153337874979e-06 -8.135815882787721e-09
vn 1.535709844879551e-05 -1.216272151774184e-05 -4.8750518840485645e-09
vn 2.034171615558512e-05 -1.5064679623206343e-05 1.7659248842822392e-08
vn 2.087024251194477e-05 -9.949526142501204e-06 5.6951604651792315e-08
vn 1.3602626821151471e-05 -6.65984534904129e-06 3.8110088059076766e-08
vn 6.6750189446396045e-06 -6.96174115510429e-06 -5.1605715853032486e-08
vn 5.992727848941644e-06 -1.3247968620893268e-05 -1.1233062856907431e-08
vn 4.6265882185771735e-06 -1.1048527508827938e-05 -5.625998584259158e-08
vn 5.390579735710373e-06 -1.014199389003525e-05 -6.427197872597318e-08
vn 9.766546223487373e-06 -1.3500610680377289e-05 -1.2270496068029957e-08
vn 5.997147176143684e-06 -9.135726842884042e-06 -6.698047321162994e-08
vn 6.428322449036729e-06 -8.063250353980323e-06 -6.30532342722142e-08
vn 7.832165508420043e-06 -1.3524418416889925e-05 -1.213152024284948e-08
vn 1.510068281622444e-06 -1.1023836056841489e-05 -5.189650210057649e-09
vn 1.6645373617022287e-06 -1.2932182929724283e-05 -1.6436779349158868e-08
vn 2.7320820736848767e-06 -1.2459570780665996e-05 -3.076840366529539e-08
vn 3.730358485402808e-06 -1.182774755945219e-05 -4.4543859987349404e-08
vn 2.798321263689139e-06 -1.194899630491334e-05 -7.601561122526439e-09
vn 4.301330071656859e-06 -1.270749087907044e-05 -9.672353115099996e-09
vn 6.519246926089414e-07 -1.460787691247262e-05 -2.053053691667934e-09
vn 6.696140915481443e-07 -1.6553797367133393e-05 -2.7802827948061864e-08
vn 1.1185043125917189e-05 -1.0454738338524385e-05 5.5003989574339406e-08
vn 1.1733080071186722e-05 -1.3154088316221638e-05 -1.1608722545140895e-08
vn 1.1072706638601915e-05 -1.7758429942677162e-05 3.733680685195808e-08
vn 1.0962493666299562e-05 -1.2610204622994592e-05 6.691661913462049e-08
vn 1.0365741442863101e-05 -1.4728385417065774e-05 7.359782073746036e-08
vn 1.3645415012878891e-05 -1.7910041920987406e-05 3.656881078453711e-08
vn 6.458829857533733e-06 -1.638142145323089e-05 2.655168361959117e-08
vn 9.412601093530569e-06 -1.6731602748194732e-05 7.474275212672528e-08
vn 2.879399266686481e-06 -1.3965575402832033e-05 1.0682257782179534e-08
vn 6.597051064525725e-06 -2.0128830566782757e-05 6.147724394138519e-08
vn 4.84630786278327e-06 -2.142624976904648e-05 4.851584896767515e-08
vn 1.5354804956919196e-06 -1.2532778051101719e-05 4.286111092074588e-09
vn 8.139369466232408e-06 -1.8550513956837623e-05 7.05113960465106e-08
vn 4.523979820755458e-06 -1.527055326082818e-05 1.8484887573664356e-08
vn 2.952437086266212e-06 -2.241961521793425e-05 3.2702221885315116e-08
vn 8.656680611565733e-06 -1.7231449134903356e-05 3.3403815751515255e-08
vn 1.401673007176152e-06 -3.310476450018377e-05 2.0825011141942568e-08
vn 1.6299548108025564e-05 -1.7648987857187135e-05 2.950482370614391e-08
vn 5.056579950983747e-06 -5.269346737743661e-07 -2.1578265741669875e-07
vn 1.6554166459035928e-05 -1.2513152357508847e-05 5.7897393294539616e-08
vn 8.005524442124586e-07 -1.8099505236511493e-05 2.271154630050243e-08
vn 2.5183795668633005e-07 -1.133536164703018e-08 -1.1822282790320681e-09
vn 6.044107622615145e-07 -2.7196857096584724e-08 -2.839162574714311e-09
vn 8.05879690308103e-06 -3.62597123283687e-07 -3.786093680606932e-08
vn 2.417636279764571e-06 -1.0878028509785727e-07 -1.1357903385542349e-08
vn 9.066102963303142e-07 -4.0794897108703576e-08 -4.258743398911247e-09
vn 1.0073484888885307e-07 -4.532809516097478e-09 -4.731759396893494e-10
vn 1.5110227333328032e-07 -6.795876417359659e-09 -7.105291024011772e-10
vn 8.549488717142761e-06 3.3976548390621493e-07 -3.375084917663202e-08
vn 3.0279449781683297e-06 1.2033588105336203e-07 -1.195375978140529e-08
vn 2.1373733622618414e-06 8.494136320946826e-08 -8.43771232449731e-09
vn 1.0686859385702756e-06 4.2470704796851223e-08 -4.218759036362746e-09
vn 6.119728669721894e-08 1.7490388624388303e-08 4.544254747668934e-10
vn 9.179593004582841e-08 2.6235582936582438e-08 6.816382121503401e-10
vn 1.4687301123612195e-06 4.197502534971785e-07 1.0906125280710415e-08
vn 7.343674403666273e-07 2.0987512674858924e-07 5.453160995395336e-09
vn 3.0598643348609467e-07 8.744240637787135e-08 2.2720892923781915e-09
vn 1.5298844837101232e-07 4.3725971560970675e-08 1.13603038485607e-09
vn 1.0776597093057656e-05 5.754614423001771e-06 1.984250678334312e-09
vn 1.3843442324577846e-06 6.47344650727836e-07 -2.9684007950377303e-10
vn 6.921768846009272e-07 3.2366755699188306e-07 -1.4834334751336868e-10
vn 3.460884423004636e-07 1.6182901012390652e-07 -7.413611069147735e-11
vn 1.7303468440616183e-07 8.091927343398826e-08 -3.7073008454355026e-11
vn 3.76390492908496e-06 2.140064442797152e-06 -1.2009581891449417e-09
vn 2.7675631291153087e-08 1.5735627715507438e-08 -8.830241242595522e-12
vn 4.151344693672963e-08 2.360344157326116e-08 -1.3245361863893283e-11
vn 1.3284398387194183e-06 7.553196670884271e-07 -4.2405477351318924e-10
vn 5.535126258230617e-07 3.1471255431014883e-07 -1.7671039900692116e-10
vn 2.3524286597480125e-07 1.3375283558181325e-07 -7.505705056206194e-11
vn 1.6605378774691853e-07 9.442330303711465e-08 -5.299531543210313e-11
vn 8.302689387345927e-08 4.721641989059233e-08 -2.6483476873314426e-11
vn 1.2496949429333909e-06 1.9217576421976702e-06 2.954133445703797e-10
vn 8.331299619555939e-07 1.281170966736441e-06 1.9696484612048354e-10
vn 2.9506686152593954e-07 4.537487461067446e-07 6.975321528951401e-11
vn 2.0828249048889849e-07 3.20293933777119e-07 4.924370309109319e-11
vn 1.0414124524444924e-07 1.6014577479555075e-07 2.4619359984574416e-11
vn 2.603531131111231e-08 4.003763579189643e-08 6.154434816215472e-12
vn 0.0 1.1882780856085998e-05 0.0
vn 0.0 1.3620753065638367e-05 0.0
vn 0.0 1.1927390155462452e-05 0.0
vn 0.0 1.029319587408067e-05 0.0
vn 0.0 1.3583604390249283e-05 0.0
vn 0.0 2.189451801313995e-05 0.0
vn 0.0 1.1380696587109539e-05 0.0
vn 0.0 1.139317110597511e-05 0.0
vn 0.0 1.2210968352236216e-05 0.0
vn 0.0 1.1729081525667745e-05 0.0
vn 0.0 1.2467522427599476e-05 0.0
vn 0.0 1.1719734435468187e-05 0.0
vn 0.0 1.1370383216546118e-05 0.0
vn -6.758637669851066e-13 4.472579081095719e-05 -7.04246795270438e-12
vn -3.879697401522758e-12 3.8416782949305215e-05 -7.398372665870896e-12
vn -2.107621021547661e-12 4.379479141336165e-05 -8.961361287216458e-12
vn -3.1948296361347657e-12 3.7524223661561184e-05 -7.745208503339637e-12
vn -2.4861476592133224e-12 3.463383201942836e-05 -8.0540474675482e-12
vn -2.1208545345134547e-12 3.263162898235545e-05 -8.188985571289875e-12
vn 0.0 1.3224340687105576e-05 0.0
vn 0.0 2.709538779519807e-05 0.0
vn 5.48396253433464e-13 4.107095192694986e-05 -3.475491542311024e-12
vn 0.0 2.294094107213754e-05 0.0
vn 0.0 1.1403478008759418e-05 0.0
vn 0.0 1.1733476211281598e-05 0.0
vn 0.0 1.177071260230026e-05 0.0
vn 0.0 1.1407883825513543e-05 0.0
vn 0.0 1.176195658883876e-05 0.0
vn 0.0 1.1761829478681475e-05 0.0
vn 0.0 1.1357972340238797e-05 0.0
vn 0.0 1.1338438681535225e-05 0.0
vn 0.0 1.1357528103614043e-05 0.0
vn 0.0 1.1801184271059059e-05 0.0
vn 0.0 1.156842707949089e-05 0.0
vn 0.0 1.131113654735858e-05 0.0
vn 0.0 1.178843509429472e-05 0.0
vn 0.0 1.0838946481470158e-05 0.0
vn 0.0 1.1788277185929977e-05 0.0
vn 0.0 1.1348099202068788e-05 0.0
vn 0.0 1.1396513236719568e-05 0.0
vn 0.0 1.1386110201027217e-05 0.0
vn 0.0 1.1778251158322162e-05 0.0
vn 0.0 1.173547973600759e-05 0.0
vn 0.0 1.1730871385835871e-05 0.0
vn 0.0 1.136525561732633e-05 0.0
vn 0.0 1.1402725171215102e-05 0.0
vn 0.0 1.207180763745304e-05 0.0
vn 0.0 1.1882089310521261e-05 0.0
vn 0.0 1.191214823631887e-05 0.0
vn 0.0 1.2043099600792852e-05 0.0
vn 0.0 1.1878465593983388e-05 0.0
vn 0.0 1.2053336473075249e-05 0.0
vn 0.0 1.2088320043629902e-05 0.0
vn 0.0 1.2071885554992038e-05 0.0
vn 0.0 1.185233071815081e-05 0.0
vn 0.0 1.1887978965461e-05 0.0
vn 0.0 1.2058523493174325e-05 0.0
vn 0.0 1.2110766961841936e-05 0.0
vn 0.0 1.1885636594987059e-05 0.0
vn 0.0 7.621400642816753e-06 0.0
vn 0.0 6.1799352191656744e-06 0.0
vn 0.0 2.892475402944197e-07 0.0
vn 0.0 9.251632223780381e-06 0.0
vn 0.0 1.112446316170994e-05 0.0
vn 0.0 9.246162194608433e-06 0.0
vn 0.0 1.1885390727006963e-05 0.0
vn 0.0 1.2036236493237755e-05 0.0
vn 0.0 1.1916979949042765e-05 0.0
vn 0.0 1.2074533822909403e-05 0.0
vn 0.0 1.1923108948318982e-05 0.0
vn 0.0 1.1761701968470174e-05 0.0
vn 0.0 1.1415602180847963e-05 0.0
vn 0.0 1.1740696163005377e-05 0.0
vn 0.0 1.1354353212224607e-05 0.0
vn 0.0 1.1372723418985937e-05 0.0
vn 0.0 1.1750048438921088e-05 0.0
vn 0.0 1.1819399597135237e-05 0.0
vn 0.0 1.137952477941858e-05 0.0
vn 0.0 1.1770847751500773e-05 0.0
vn 0.0 1.1356479944067457e-05 0.0
vn 0.0 1.1818755632088343e-05 0.0
vn 0.0 1.1839140092905304e-05 0.0
vn 0.0 1.1569709633006773e-05 0.0
vn 0.0 1.1968432222197152e-05 0.0
vn 0.0 1.1859606199358854e-05 0.0
vn 0.0 1.1885634580070478e-05 0.0
vn 0.0 1.2087464304274103e-05 0.0
vn 0.0 1.2093802784999502e-05 0.0
vn 0.0 1.1571931354191538e-05 0.0
vn 0.0 1.1838815708301341e-05 0.0
vn 0.0 1.2129577099559636e-05 0.0
vn 6.536508343383661e-07 3.99700276901751e-05 -3.3785530806162933e-06
vn 2.1324361077210332e-07 4.163507860486823e-05 -1.2009622127285114e-06
vn 2.7000773061120716e-07 3.748857731451289e-05 -1.4155512845865626e-06
vn 1.1614998580956385e-07 2.9111653752577507e-05 -5.679085077862542e-07
vn 3.342594022694571e-07 2.1392878215392845e-05 -1.6311312772721006e-06
vn 7.616947575590121e-07 2.999938478265759e-05 -3.897646245271584e-06
vn 1.6066132558694602e-06 3.6865849307498557e-05 -7.687448197659961e-06
vn 8.703591268056669e-06 0.00011937462697345484 -4.2291656051226316e-05
vn 9.293029706186916e-06 0.00011417178259255387 -4.5888496943973126e-05
vn 1.3582073883220513e-05 9.515493494212867e-05 -6.65613628847684e-05
vn 1.5146959993256039e-05 8.772368602501007e-05 -7.422325243746343e-05
vn 1.9731277028100774e-05 7.177462391207644e-05 -9.66033345880163e-05
vn 3.625957484759402e-06 6.700769478177246e-05 -1.7783766460488104e-05
vn 3.458102801691131e-05 3.7187085885165734e-05 -0.00016909516155770156
vn 2.7100125645162783e-05 5.19005024890181e-05 -0.00013256961271898937
vn 3.189873759300017e-05 4.179123737005543e-05 -0.00015599907729710425
vn 2.4838216665553048e-05 5.719691832973995e-05 -0.00012153392737028365
vn 3.716991119976829e-05 3.2434027271371706e-05 -0.0001817415721949768
vn 3.73271267241284e-05 3.258676057625945e-05 -0.0001825068363816251
vn 2.597011015507258e-07 9.183637192554181e-06 -1.3136375244965186e-06
vn 2.7980404223942106e-07 2.2487250556318193e-05 -1.3622352352838205e-06
vn 2.464134140840419e-07 3.440158978361522e-05 -1.0903133122031888e-06
vn 6.581792071951866e-07 3.981062427194573e-05 -3.0709164821119536e-06
vn 1.5217131024800244e-06 3.870639454424255e-05 -7.634156751226645e-06
vn 4.264620468521613e-07 1.5622083948808097e-05 -1.9893903400350854e-06
vn 8.262008812444251e-07 3.308606510473305e-05 -3.907852860335624e-06
vn 2.451259062571888e-07 3.880441045727891e-05 -1.0403440757180308e-06
vn 6.858925218330997e-08 2.3462816181800042e-05 -3.353529761252004e-07
vn 1.9683548452764738e-05 7.160759952053015e-05 -9.63770895726607e-05
vn 0.0 4.910752391928535e-05 0.0
vn 0.0 5.3892380292997524e-05 0.0
vn 0.0 4.590945460194632e-05 0.0
vn 0.0 5.345367185865391e-05 0.0
vn 0.0 5.120835745791507e-05 0.0
vn 0.0 2.962194512395736e-05 0.0
vn 0.0 4.8380940089461904e-05 0.0
vn 0.0 3.518704569990249e-05 0.0
vn 0.0 2.3177938954105407e-05 0.0
vn 0.0 2.1873193719375047e-05 0.0
vn 0.0 2.1258851329215916e-05 0.0
vn 0.0 1.2343445534595142e-05 0.0
vn 0.0 5.80481618151374e-06 0.0
vn 0.0 1.6303219174264556e-05 0.0
vn 1.2985838469413246e-05 6.288470132449294e-06 4.796071210130332e-07
vn 1.2666639511423518e-05 4.981255906999813e-06 4.264438551619649e-07
vn 1.3865295227640901e-05 6.0995032317037245e-06 5.274845819197913e-07
vn 1.2307385626478411e-05 2.0454520779234042e-06 3.232550273612229e-07
vn 1.3191420580758013e-05 9.28875405042319e-07 3.265510296039947e-07
vn 7.471397173414913e-06 7.115357565330501e-07 1.9830556779504005e-07
vn 1.485011817586872e-05 7.595061602195471e-07 3.4694766389331743e-07
vn 8.058542703036529e-06 4.9687206133842e-07 1.0478941015433927e-07
vn 1.6284062368269442e-05 6.471278082819485e-07 5.014254673387137e-07
vn 1.234021051905761e-05 2.4308695747951003e-06 2.634622536962556e-07
vn 6.712885956534709e-06 1.0740409072266176e-06 1.465056005213675e-07
vn 9.007888008505525e-06 2.6511057042759323e-06 2.58642608417814e-07
vn 1.6211651695950247e-05 5.329379722600012e-06 4.4031507399088295e-07
vn 9.465642611148515e-06 2.1719492922200007e-06 2.773950326155994e-07
vn 7.5774419991727025e-06 2.4808761765112066e-06 3.4744902788075113e-07
vn 2.3057390565110374e-06 4.4607000637835585e-07 5.62301478565066e-08
vn 1.3085776289315372e-05 4.541124213076402e-06 3.433087756535125e-07
vn 6.207208651224527e-06 5.386222972388026e-06 2.57747060102545e-08
vn 3.6238226401519568e-06 2.6771557909374206e-06 2.7070587849692315e-08
vn 1.3260118302231365e-05 9.81981987908191e-06 7.302181249259022e-07
vn 9.672319884580303e-06 1.1142465223916095e-05 1.9269034419793274e-07
vn 6.4259486111272345e-06 6.555185851870195e-06 9.591738358847451e-08
vn 1.5746199844677768e-05 1.5045567105605239e-05 1.2478974279524596e-06
vn 2.8081460143668793e-06 1.6728280074538457e-06 1.5204032702147162e-07
vn 1.2160106212528885e-05 7.65763290214853e-06 7.357877158417521e-07
vn 1.1194830261091022e-05 7.540819610097489e-06 2.9971349706023813e-07
vn 9.03428416872537e-06 5.568704416757098e-06 8.7969181009434e-07
vn 6.015813749832587e-06 3.0423916392935093e-06 2.616799160886711e-07
vn 2.7231379649899226e-06 1.3772221432286537e-06 1.5578290535123572e-07
vn 3.961397674153008e-06 2.175823303639581e-06 1.746284682348471e-07
vn 1.324734170243232e-05 1.0700930783880485e-05 1.228738810408051e-06
vn 1.3518149150178527e-05 1.2761656993261071e-05 1.6779239379928066e-06
vn 1.7394272852268343e-05 1.95522663180471e-05 2.7746896847670376e-06
vn 1.0030581163023634e-05 8.030039232788243e-06 1.4304573629806935e-06
vn 3.7170216511835406e-06 2.533530583669002e-06 2.9909621231126856e-07
vn 1.763057900045404e-05 2.2370700626038744e-05 1.6798751875687757e-06
vn 1.1618656861609196e-05 1.6361738827143902e-05 3.890294027802825e-07
vn 3.0448843967921943e-06 5.135010151299413e-07 6.339603299989453e-08
vn 9.700806829489435e-06 9.395654736923409e-06 2.1010980078700737e-06
vn 8.8079106224255e-06 8.660814078943664e-06 2.2613120532146282e-06
vn 1.173841836967122e-05 1.44153580119278e-05 3.080338138148789e-06
vn 1.793058645898942e-05 2.604268158621022e-05 4.00608099726707e-06
vn 1.2633770524862455e-05 2.461525624786564e-05 5.644939525973404e-07
vn 1.0168567374179883e-05 1.7086289349101318e-05 4.4232908054349574e-07
vn 1.5661799014376582e-05 2.5992380961574615e-05 1.565752461318746e-06
vn 1.4162668829358195e-05 3.245476805377966e-05 1.5485703926466602e-06
vn 1.3104658705088357e-05 4.508981367877579e-05 1.7106727133944044e-06
vn 1.0113497342076239e-05 6.540122146852564e-05 3.7027749492175763e-07
vn 1.336078266449015e-05 4.316367764711093e-05 5.868257321660042e-07
vn 9.545241049684834e-06 2.4054914971518673e-05 3.203199357816905e-07
vn 1.5766688567502845e-05 3.20202459329478e-05 3.8993844673770135e-06
vn 1.1820672434735424e-05 3.4014676795303214e-05 3.3921328774399534e-06
vn 1.4604769616891219e-05 2.138021959021627e-05 5.619442874393093e-06
vn 1.5790320722389242e-05 3.044249882448144e-05 6.518875378895197e-06
vn 1.1862552558718078e-05 3.140674844416434e-05 8.772739714452967e-06
vn 1.5158938039058418e-05 2.710873044336603e-05 8.921215626052725e-06
vn 1.1393410634450934e-05 1.411667553976175e-05 3.869354406356221e-06
vn 1.1966874901565517e-05 3.270056921921894e-05 5.9182997564306825e-06
vn 7.936064681289909e-06 5.0032018319036566e-05 1.434457107492713e-06
vn 7.973477907772661e-06 3.5654126502343636e-05 2.850610437083443e-06
vn 8.264767423413741e-06 3.4603547598816586e-05 5.282321912906111e-06
vn 3.3280714367559817e-06 3.223419000571397e-05 1.9655542945590247e-06
vn 8.177884341599204e-06 3.3526095534247245e-05 8.194028344547915e-06
vn 4.363163316902182e-06 5.256259221546065e-05 4.6347811602878113e-07
vn 3.676551200049646e-06 4.922077772603682e-05 5.289957836544524e-08
vn 2.8895406448634456e-06 3.388396831508041e-05 1.1815102684880693e-06
vn 1.3927582937941601e-06 2.873467189246863e-05 5.579717665838849e-07
vn 9.310526469379631e-07 1.617617233682121e-05 7.583101432816318e-07
vn 7.777687839737957e-07 1.8270445688950873e-05 1.3312860863008237e-06
vn -1.1211368031127568e-06 1.8604784307617567e-05 7.960333638044602e-06
vn -1.2011095266620747e-06 1.7442548194225135e-05 8.23415489101015e-06
vn -1.6673702203783905e-07 5.660383079302527e-06 2.242423152153239e-06
vn 4.7952600424292705e-06 3.616384773475265e-05 4.7420798770536354e-06
vn 1.4871904518326032e-06 3.0354490570850372e-05 3.2418912548385983e-06
vn 4.885275992726084e-07 2.7474908822626342e-05 3.4921669537123556e-06
vn 1.2787731554465505e-06 3.136663394450348e-05 6.234551817869416e-06
vn 4.779533123109383e-06 3.526443670014601e-05 7.711221256639757e-06
vn 3.221548064373166e-07 1.5701128364125303e-05 1.1744976636794094e-06
vn 3.492759600641628e-07 1.4394014605152972e-05 2.4859446902239736e-06
vn 8.554686807867133e-06 1.2294723274259711e-05 4.001169701363454e-06
vn 6.602463401546672e-06 8.256687961540424e-06 2.8271558336510545e-06
vn 2.2740145764075873e-06 2.94500779572277e-06 1.1590131220278583e-06
vn 9.8438163041345e-06 1.4732363542685377e-05 6.131265988562904e-06
vn 1.3071544974658334e-05 2.2468350317985384e-05 1.0320498226702544e-05
vn 1.1838638304800047e-05 3.0154448845954283e-05 1.1748161247155642e-05
vn 8.271959126640946e-06 1.2347026976089347e-05 5.780205836285764e-06
vn 1.001659018723337e-05 1.443871140684595e-05 7.978661074653973e-06
vn 1.2547530647493877e-05 2.027131709419241e-05 1.1874147862506803e-05
vn 1.2136900539265204e-05 2.8995735112647095e-05 1.4678962570090794e-05
vn 2.0768613276995863e-05 2.9503940223127797e-05 2.2222146817520213e-05
vn 1.9664857357837598e-05 4.218087201204683e-05 2.697532513046513e-05
vn 1.351461426581075e-05 4.638497283287715e-05 2.6221402388105927e-05
vn 8.199238299025317e-06 3.146618069311162e-05 1.4342480569850796e-05
vn 8.066835225969115e-06 3.2445765626068355e-05 1.1310245932444162e-05
vn 4.6037634168513665e-06 3.430131152729159e-05 1.0961788227551365e-05
vn 4.655385468439212e-06 3.3416133721195554e-05 1.4085740660548368e-05
vn 1.6528922676843153e-06 3.571846722144804e-05 1.0891753794366373e-05
vn -2.2971586571053333e-07 1.67142541551223e-05 3.736919696710866e-06
vn -4.876572087294489e-07 2.9528584505317403e-05 8.478832975322577e-06
vn -2.720671384894253e-07 1.4083424573978928e-05 3.5621933572449762e-06
vn 1.6967377611722622e-06 3.482040732694275e-05 1.4135123082279789e-05
vn -8.89589084708672e-07 3.4231704977631107e-05 1.380483619967845e-05
vn 7.610274511858033e-06 4.5595645571730215e-05 2.3554978755967033e-05
vn 2.952719088310014e-06 3.742900796033072e-05 1.8517105282509265e-05
vn -8.381724014338258e-07 2.376623529006753e-05 8.086405606056209e-06
vn -1.245400133791763e-06 2.3239561075553154e-05 1.1219304854279157e-05
vn 1.0021662005913134e-07 3.060919671971035e-05 1.4684585524755655e-05
vn 9.858035704042207e-06 1.3015683254964933e-05 8.91818033704782e-06
vn 7.7315553815219e-06 9.903408681900289e-06 7.167465236477579e-06
vn 2.107777908416366e-05 2.2984006258405604e-05 2.0149666116978104e-05
vn 2.1667751151605544e-05 2.423311382684196e-05 2.1305068236756242e-05
vn 1.0964408703629378e-05 8.192004162512595e-06 8.563200617971155e-06
vn 3.40662893646327e-06 2.663631772169227e-06 2.81414101126882e-06
vn 4.212387920553249e-06 3.2660819534064136e-06 3.6073714416113084e-06
vn 1.1602706095676113e-05 7.986595927242809e-06 7.918140097559297e-06
vn 1.4331308082906945e-06 8.54617500698698e-07 9.60789162076707e-07
vn 1.4220223754444751e-05 1.2014443799925358e-05 1.2490450596230545e-05
vn 1.687078248706108e-05 1.6155524748011093e-05 1.5063314147235292e-05
vn 2.4714217560469332e-05 2.0057466188736538e-05 1.8593627037131893e-05
vn 1.2156728983285158e-05 7.90361012417944e-06 8.05315288859388e-06
vn 1.916531668293724e-05 2.3186712666574986e-05 1.748164907337846e-05
vn 1.863908933341202e-05 2.664753631342956e-05 2.0106930842371394e-05
vn 2.3778716750088177e-05 4.038507081409708e-05 2.9402258709287314e-05
vn 2.088643510091171e-05 1.484645037722288e-05 1.3065316467522348e-05
vn 4.21532102760025e-06 2.459251160238497e-06 2.2841875053007238e-06
vn 7.270253988136361e-06 4.212439427491374e-06 3.8488693541937005e-06
vn 1.3863089701840991e-05 7.668071352800924e-06 7.507130555030667e-06
vn 4.3324813638455285e-06 2.1189834962699378e-06 1.9140064624705697e-06
vn 2.2222091097469098e-05 1.3873390309677022e-05 1.0967632394743475e-05
vn 5.070849173129939e-06 2.4135449974339853e-06 2.12802706723004e-06
vn 1.7804801165980953e-05 1.5249634150825673e-05 1.020664099440002e-05
vn 2.0669735921117114e-05 1.0998935073295412e-05 7.526060082157509e-06
vn 1.7472135020386085e-05 6.889874067014579e-06 5.286671644499535e-06
vn 1.8504836497447306e-05 7.293888008446289e-06 5.428844709116612e-06
vn 1.2648473790955628e-05 5.142921344526084e-06 4.36604348598528e-06
vn 1.531792686106447e-05 7.303194748466949e-06 4.683628673486613e-06
vn 1.1232998771527648e-05 3.5985485651046236e-06 2.9307202512680733e-06
vn 1.632945908595735e-05 1.237547476367414e-05 7.189827083930449e-06
vn 1.935343114363577e-05 9.1457521341382e-06 8.091813188730438e-06
vn 1.8408298116132685e-05 1.905472922415324e-05 1.3908585117939966e-05
vn 1.4833777174747333e-05 9.258629246893698e-06 4.7127541765588645e-06
vn 1.667174163254271e-05 4.354100271289371e-05 2.740828653426965e-05
vn 6.238787893548643e-06 1.8380754851005758e-05 1.1055060007331872e-05
vn 9.056472813843725e-06 3.679290486253078e-05 2.102256962132699e-05
vn 5.4464574573717505e-06 3.767524730130385e-05 2.0235118479529097e-05
vn 2.1003536627265235e-06 8.918983407062034e-06 5.0253711209096995e-06
vn 9.928061125489536e-06 2.0324212197847652e-05 1.337987093987517e-05
vn 9.566797119589278e-06 1.5557539741546674e-05 1.0589880278762338e-05
vn 9.586060132944782e-06 1.310254129794715e-05 8.851697050929932e-06
vn 3.118975016463094e-06 6.43464513197532e-06 3.980034485922514e-06
vn 4.881270848373734e-06 1.1759323896161526e-05 7.250067034335141e-06
vn 1.0723604871557046e-06 2.9634927402261917e-05 1.5233817109312393e-05
vn 3.264857989095492e-06 3.1686587976777904e-05 1.6889325293109435e-05
vn -2.9167257387654467e-07 1.83639786586502e-05 9.501324444092624e-06
vn -1.4953918547022816e-06 2.2029016543202994e-05 1.1067907148357047e-05
vn -6.469439203756282e-07 1.1157994614428289e-05 5.846190832283033e-06
vn 9.301674915602482e-06 1.1491251222401953e-05 7.81630899257087e-06
vn 1.0476771171600422e-05 1.1479730471098085e-05 7.21419090532535e-06
vn 7.506487810105302e-06 7.616298623764216e-06 4.260527304405991e-06
vn 1.0464664487604021e-05 7.682666596965437e-06 3.4138660621933526e-06
vn 5.984101616967323e-06 5.667922444549841e-06 2.0802145792157745e-06
vn 6.1980846049314055e-06 4.9585222524689885e-06 1.7062179721424782e-06
vn 6.1279509987509124e-06 5.63634328501643e-06 1.6997476803801265e-06
vn 8.36198449275055e-06 7.882496115818468e-06 3.955783492570521e-06
vn 1.2042123725317332e-05 5.563691921863622e-06 4.572457219877812e-07
vn 4.214372732006061e-06 1.969006830341469e-06 2.4372205002535237e-07
vn 7.36036441857076e-06 1.0545965316240569e-05 6.1109431082838826e-06
vn 1.545874320325192e-05 1.4026629359291544e-05 1.3322454533255617e-05
vn 9.05852566991309e-06 8.1064244664483e-06 7.634523625488023e-06
vn -6.888947065879642e-06 7.4355621472215775e-06 1.065315260887207e-06
vn -4.709899457300633e-06 5.6252035973274275e-06 5.612564661018446e-07
vn -7.235537175620417e-06 7.6149478922495175e-06 3.781491500590948e-07
vn -7.3418229458966406e-06 7.706093882283722e-06 -3.8333320035209597e-07
vn -4.796676201717893e-06 5.6336612302655475e-06 8.830684535448447e-08
vn -7.106378249792163e-06 7.512043869688934e-06 -8.664911444059367e-07
vn -4.462911307829686e-06 5.3527044879783284e-06 -3.8692395195305824e-07
vn -5.317387103079826e-06 6.885240165218583e-06 2.4403751931885894e-06
vn -4.1062698341832476e-06 5.6458200815540355e-06 1.779872889271686e-06
vn -5.873932866703851e-06 7.050598554590456e-06 2.0968204811318687e-06
vn -4.345262037733752e-06 5.624715127152319e-06 1.4113559108784938e-06
vn -6.4108430633602335e-06 7.238097710063911e-06 1.640439871229911e-06
vn -5.000230887497381e-06 6.857908044805962e-06 2.704124022210022e-06
vn -4.034485456194534e-06 5.963290145571823e-06 2.2463249534610864e-06
vn -4.5527677882153415e-06 5.619479672258758e-06 1.0048093651624377e-06
vn -4.574704350256694e-06 5.425763097338917e-06 -5.754214292297667e-07
vn -2.0848621211877464e-06 3.8255461740622875e-06 -3.5848816624425587e-07
vn -2.015135017734124e-06 3.8109957123559158e-06 2.312307282696432e-07
vn -2.022278900624251e-06 3.8023817790598076e-06 3.302090038866186e-08
vn -1.955988022508205e-06 3.865525160020306e-06 6.262823022558185e-07
vn -1.8363161314090274e-06 3.985579443124551e-06 1.0147071335330016e-06
vn -1.903633453616469e-06 3.915467639599291e-06 8.215194649268524e-07
vn -1.993042859592902e-06 3.831542026755904e-06 4.2918889392232666e-07
vn -5.270034748987398e-06 7.815732150977844e-06 3.3886233534372633e-06
vn -3.545301426396949e-06 9.141225310130993e-06 5.2248200677683e-06
vn -2.774052789379231e-06 6.751041136062995e-06 3.599591605190154e-06
vn -4.139126657642437e-06 9.077258064962172e-06 4.922882354666562e-06
vn -4.700552908512674e-06 8.898985460187001e-06 4.546141794393452e-06
vn -3.1461674603138284e-06 6.649163825933235e-06 3.3292021161861565e-06
vn -2.3878726675761816e-06 6.812472703153401e-06 3.839433046284351e-06
vn -2.9534407480444226e-06 9.123040561623024e-06 5.469319016556916e-06
vn -2.363744694965488e-06 9.019363469304524e-06 5.646273036689203e-06
vn -1.983848639459218e-06 6.81822473191813e-06 4.034823705799896e-06
vn -1.2660919934964423e-06 8.955853213193727e-06 5.988850231967612e-06
vn -1.1577166671448578e-06 6.750117574464544e-06 4.303096982491759e-06
vn -1.7919504611566436e-06 8.871482339905186e-06 5.764466321566581e-06
vn -1.572093011049182e-06 6.791154398150967e-06 4.190444828415715e-06
vn -3.710116161913464e-06 6.1813182912685865e-06 2.6198920896905623e-06
vn -5.069258833189368e-06 8.428679091876446e-06 4.003688389155178e-06
vn -3.477650394138378e-06 6.476099732291565e-06 3.010219126803359e-06
vn -1.5234202145167576e-06 4.260782305449683e-06 1.5620857463734136e-06
vn -1.6494344334739998e-06 4.171330982494644e-06 1.3891232826649424e-06
vn -1.207392211181613e-06 4.3839374146350215e-06 1.8585644400657883e-06
vn -8.2473984802687e-07 4.411088823284479e-06 2.0685549458288835e-06
vn -6.184750991704422e-07 4.400821349330079e-06 2.1387961993798875e-06
vn -1.0224839019663014e-06 4.408511598460657e-06 1.9752232727818765e-06
vn -1.3754334991680796e-06 4.334118428589714e-06 1.7199119392219926e-06
vn -7.576129526913235e-07 6.842781970403248e-06 4.455815404065385e-06
vn -1.7531103053838874e-06 4.075494729418924e-06 1.2050928686490177e-06
vn -1.8894529377753013e-06 3.785142460913614e-06 -1.315346568598496e-07
vn -1.4022942751154508e-06 3.735087683204326e-06 -1.3272378780075074e-07
vn -1.4062851564744155e-06 3.750968842476594e-06 1.4090204519464873e-07
vn -1.4095189272338052e-06 3.7395957864132677e-06 3.842137187624327e-09
vn -1.3719751820972791e-06 3.806294180815215e-06 4.1555646093551165e-07
vn -1.2990869171471974e-06 3.916646117745122e-06 6.898073844261761e-07
vn -1.340384305512195e-06 3.8530481229334405e-06 5.527122059153774e-07
vn -1.3938002248096096e-06 3.772803450331667e-06 2.781508720960424e-07
vn -1.3799437453893498e-06 3.686905939684879e-06 -1.7541762892689732e-07
vn -1.24828091629185e-06 4.000180650456518e-06 8.269771350873588e-07
vn -1.1841353160785335e-06 4.0928578615495285e-06 9.61574792403453e-07
vn -1.006345023368386e-06 4.258352932700062e-06 1.2075313123146358e-06
vn -1.1036136541645015e-06 4.181798260243432e-06 1.0895496130990702e-06
vn -6.283798199835267e-07 4.3604997083312875e-06 1.4715771733153342e-06
vn -7.662808645392622e-07 4.348451494925966e-06 1.4005261671768312e-06
vn -8.932753971404556e-07 4.315075772190844e-06 1.3121091530864155e-06
vn -4.827381601496184e-07 4.357042513900836e-06 1.5251115415098917e-06
vn -3.3448173771461916e-07 4.405424879305232e-06 1.5817483848184354e-06
vn -4.087580815472644e-07 4.4234860171928335e-06 2.1976003517673035e-06
vn -7.292851929248243e-07 9.140850170763723e-06 6.200736980430243e-06
vn 5.676841777774881e-07 6.874554441140308e-06 4.477585880039463e-06
vn 5.010680563908735e-07 9.182688731924436e-06 6.2185118118581244e-06
vn 1.1345425963124368e-06 9.114759795942848e-06 6.148589003348308e-06
vn 1.1715944498161557e-07 6.895558491200587e-06 4.512050212363574e-06
vn -1.2592095351058029e-07 9.178388370901976e-06 6.236468468224252e-06
vn -3.2770153189245975e-07 6.873516991759828e-06 4.504927699909585e-06
vn 2.2796165519054792e-06 6.274236207196776e-06 3.9416603842702714e-06
vn 2.974610717641054e-06 8.444682247188007e-06 5.645991454046882e-06
vn 3.544248082265401e-06 8.125753227857735e-06 5.3837437562796315e-06
vn 1.8758022190823881e-06 6.481272654655718e-06 4.132320535995481e-06
vn 2.378656555071971e-06 8.73278933607524e-06 5.8608270647803585e-06
vn 1.763039503549047e-06 8.962606886583336e-06 6.028697656582791e-06
vn 1.0149631887254154e-06 6.796125297204505e-06 4.401986117392832e-06
vn 1.4527236757937665e-06 6.66123722063899e-06 4.2862773348034015e-06
vn 2.5874704133361073e-08 4.452474173085108e-06 2.23599351020308e-06
vn 4.6214153503911407e-07 4.421422962235816e-06 2.1741179512394004e-06
vn 2.460235663826712e-07 4.451417220650123e-06 2.218908532332648e-06
vn 8.641473361298763e-07 4.276665292025219e-06 2.004280816725235e-06
vn 2.6605937152444365e-06 6.061628410017497e-06 3.7155178351565264e-06
vn 1.2051879060013174e-06 4.076241031048259e-06 1.7486455768229038e-06
vn 1.0431190871916998e-06 4.1776810738372075e-06 1.885101636020786e-06
vn 6.695162750368561e-07 4.361146485903793e-06 2.1017857488671342e-06
vn 4.082145321681205e-06 7.807981432900596e-06 5.072306020745764e-06
vn -1.934183139596716e-07 4.436173350469446e-06 2.227753136914325e-06
vn 3.6400552199500397e-06 5.571426742815983e-06 2.8345771169811597e-06
vn 5.041752857467416e-06 7.2806042763833545e-06 4.293536292712131e-06
vn 5.450041399696799e-06 7.1057180236184495e-06 3.827524474716406e-06
vn 5.802372622539684e-06 7.003477963178024e-06 3.315790527424722e-06
vn 3.901502026582167e-06 5.489426023391869e-06 2.478558436378492e-06
vn 5.248029259581733e-06 5.736028959485378e-06 1.3240738091052217e-06
vn 4.461164789188878e-06 5.487588211446781e-06 1.2597808485785031e-06
vn 6.332401507929376e-06 6.99149768261477e-06 2.1623774852050584e-06
vn 4.308514137487072e-06 5.4601166402301006e-06 1.6894206249373924e-06
vn 6.095082486439239e-06 6.973813191378323e-06 2.761312456076554e-06
vn 4.12490663992826e-06 5.455134303439227e-06 2.0964935828801993e-06
vn 3.0160075425058197e-06 5.864916773965388e-06 3.4551202905037935e-06
vn 4.583062559301668e-06 7.519378208624365e-06 4.7091698668634056e-06
vn 3.3435991165705515e-06 5.698158758505612e-06 3.160769666178912e-06
vn 1.5987359722743619e-06 3.853664571667523e-06 1.2766309588237536e-06
vn 1.4815054614909406e-06 3.90889963277373e-06 1.441539475077574e-06
vn 1.7966985188652145e-06 3.806003155523942e-06 9.304792566375519e-07
vn 1.8773796257317978e-06 3.8097959581793528e-06 7.492232634966657e-07
vn 3.945966035692949e-06 4.744831091337573e-06 9.056162159666161e-07
vn 2.8167888037732483e-06 3.0616158891404063e-06 5.94752805853874e-07
vn 1.7035968993052632e-06 3.819632774940124e-06 1.10617591655487e-06
vn 1.3508574223994213e-06 3.984155273677079e-06 1.599635739280901e-06
vn -1.8027758537964345e-07 4.468497364742817e-06 1.6260604139256961e-06
vn 1.440982250400675e-07 4.4881318572675355e-06 1.6314802297445885e-06
vn -1.840604555746526e-08 4.483394050270578e-06 1.638080769097085e-06
vn 4.577636646322352e-07 4.418743308733794e-06 1.5522098191248608e-06
vn 7.335778158031312e-07 4.252726071055229e-06 1.3910333513582745e-06
vn 6.017941175306874e-07 4.344435557381899e-06 1.480553716363705e-06
vn 3.040512244941723e-07 4.467846380175238e-06 1.6030439532472788e-06
vn 8.517818141810801e-07 4.1539032573226505e-06 1.2874795108436808e-06
vn 9.567319228596978e-07 4.059424780545762e-06 1.174231180490178e-06
vn 1.049659407093851e-06 3.977728481209628e-06 1.0549683794476212e-06
vn 1.2057779672781374e-06 3.866897091021175e-06 8.061460748507117e-07
vn 1.1322364081435383e-06 3.91302140367579e-06 9.318468904083332e-07
vn 1.943609976842854e-06 3.822921547208487e-06 5.615498557206185e-07
vn 2.078176961144096e-06 3.82742013952539e-06 3.6461248724316204e-07
vn 1.3294510815114002e-06 3.8307330635789595e-06 5.474083373480443e-07
vn 1.2714325261294182e-06 3.839910400028747e-06 6.780936961042169e-07
vn 1.377946061454198e-06 3.832886598324552e-06 4.13102446415955e-07
vn 1.4066168146549013e-06 3.847384668776254e-06 3.224719633740726e-07
vn -8.014306918130632e-06 7.102220482178992e-06 -1.8282324660933324e-06
vn -7.216095931973948e-06 5.762057393536099e-06 -2.0343904675818136e-06
vn -4.030240650951369e-06 3.565447355192935e-06 -9.170500982436731e-07
vn -7.85163485004841e-06 7.082431727379216e-06 -2.349673774694907e-06
vn -8.204049026986878e-06 6.7680539803795775e-06 -3.2249469931574875e-06
vn -5.973374379031426e-06 4.1812568868468176e-06 -1.3591969912353282e-06
vn -7.075156518325362e-06 6.858569419713428e-06 -3.6072848449890997e-06
vn -6.907309189723714e-06 7.013218324233011e-06 -4.265359843609627e-06
vn -7.733454639651125e-06 6.797088017765599e-06 -4.033174204687728e-06
vn -7.3669684338077765e-06 6.791275889233596e-06 -4.930135763685742e-06
vn -6.461992529582992e-06 7.033866877326795e-06 -4.933374408551014e-06
vn -7.542961949120489e-06 7.0400233068033235e-06 -3.1047672137974916e-06
vn -6.822564556980529e-06 6.775102385038896e-06 -5.632963188035953e-06
vn -5.958716669500665e-06 7.0654225442339045e-06 -5.56431834858863e-06
vn -7.951353330526899e-06 4.972533543330432e-06 -2.2383332769882696e-06
vn -9.084203800483784e-06 5.87463857805009e-06 -3.562983364024264e-06
vn -4.543882149576684e-06 3.1806257867083133e-06 -1.0339248794911128e-06
vn -6.471597310816542e-06 3.4907610676894535e-06 -1.4725564765324038e-06
vn -9.690372460755755e-06 4.698793541124256e-06 -3.6055430889971264e-06
vn -8.747096280156844e-06 5.919698702514003e-06 -4.489015496250422e-06
vn -8.271174274339696e-06 5.935147781049579e-06 -5.360428341795929e-06
vn -7.66951771910353e-06 5.9205031123122635e-06 -6.150195580348962e-06
vn -8.879135330074127e-06 4.754529765723197e-06 -5.533430439559229e-06
vn -8.26245006960652e-06 4.7464970138311564e-06 -6.389137658166209e-06
vn -6.192043631941361e-06 6.740158482022425e-06 -6.251922530240418e-06
vn -6.96149997635078e-06 5.876214632663948e-06 -6.835404529821014e-06
vn -9.359307624596924e-06 4.738467700746186e-06 -4.595814904840433e-06
vn -4.065353236432188e-06 7.080833748904786e-06 -7.077032284935268e-06
vn -4.773953448074451e-06 6.662542539686177e-06 -7.252374458654188e-06
vn -4.764751325288105e-06 7.116617581976018e-06 -6.667516670226843e-06
vn -5.493260318862073e-06 6.689770792724748e-06 -6.7765379093650894e-06
vn -5.400690030365299e-06 7.107532123735044e-06 -6.1573967278355305e-06
vn -3.336581243704628e-06 7.0495107667477415e-06 -7.42002525933768e-06
vn -4.056053410760769e-06 6.693209574596923e-06 -7.730533937467726e-06
vn -2.5844074170310403e-06 7.036029236147862e-06 -7.698691598722583e-06
vn -3.2980349098565594e-06 6.743191999921268e-06 -8.163633155273687e-06
vn -1.0242305985764958e-06 7.056098064955854e-06 -8.063391970587134e-06
vn -2.2237374747039653e-07 7.083948287113222e-06 -8.145340486033493e-06
vn -7.351374748101383e-07 6.761337975366047e-06 -8.816282211482597e-06
vn 5.902130401554138e-07 7.124789177707073e-06 -8.163047508857921e-06
vn 1.3997990244954033e-06 7.139920948991019e-06 -8.073774372848243e-06
vn 1.0107040972052474e-06 6.676470952659408e-06 -8.6632647515527e-06
vn -1.618234370830273e-06 6.776626928023153e-06 -8.71546535262938e-06
vn -1.8128384902211178e-06 7.039942890061171e-06 -7.913990344485747e-06
vn -2.479325665467139e-06 6.771017939077165e-06 -8.495919178382218e-06
vn 1.4780305996136987e-07 6.726569036286498e-06 -8.796676462100984e-06
vn -6.171255351756584e-06 5.8035893007496135e-06 -7.3988556327442756e-06
vn -5.371159479399308e-06 5.759087845816337e-06 -7.913223950789285e-06
vn -4.5987870099398336e-06 5.801296791669729e-06 -8.469087354798077e-06
vn -3.782678417846758e-06 5.874645847891133e-06 -8.994942381923775e-06
vn -2.8839457419802266e-06 5.919708146331352e-06 -9.399245071785977e-06
vn -9.419447198357085e-07 5.920500180939356e-06 -9.785659307788803e-06
vn 4.290690274884261e-08 5.87620797059852e-06 -9.75619681586126e-06
vn -1.927541878838273e-06 5.935150709569137e-06 -9.665974998786639e-06
vn 9.978576146145842e-07 5.803590190749229e-06 -9.582888669289412e-06
vn 1.8540509962439545e-06 6.651299302105321e-06 -8.483564531610032e-06
vn 1.92449948871894e-06 5.759087212943781e-06 -9.368286161239076e-06
vn -7.528762464465027e-06 4.714596835100421e-06 -7.137673188365596e-06
vn -4.908579267840879e-06 2.647662012080202e-06 -1.1169021974075735e-06
vn -8.169774369304406e-06 3.96750248074356e-06 -2.207332721195421e-06
vn -1.003850604163545e-05 4.012003074958254e-06 -2.8164472704559227e-06
vn -9.811633612880633e-06 4.080445535189645e-06 -4.026066159710531e-06
vn -6.7349674808870075e-06 2.6546821577105418e-06 -1.5324779717583757e-06
vn -6.702964385109687e-06 4.659786419985422e-06 -7.759600250964772e-06
vn -8.882476297619012e-06 4.115101651687024e-06 -5.957874091880502e-06
vn -8.209760389666365e-06 4.101238159252497e-06 -6.798830617812391e-06
vn -5.7875952392952355e-06 4.5279965693123115e-06 -8.38830075179797e-06
vn -9.421556771426086e-06 4.108095466547024e-06 -5.024026197907718e-06
vn -1.0185978122140084e-05 4.014950239071816e-06 -2.317722770401352e-06
vn -7.4253997767737935e-06 4.066934161964226e-06 -7.522880601236263e-06
vn -6.556230643386816e-06 4.01319801267025e-06 -8.11244078010364e-06
vn -3.6324914908459e-06 2.3997927692576355e-06 -5.341749978298196e-06
vn -4.018170420057838e-06 4.705681623764575e-06 -9.54464577412402e-06
vn -4.8839451687971955e-06 4.646741364147729e-06 -8.986085787986627e-06
vn -5.134393802979616e-06 4.0131436729250716e-06 -9.079159830052975e-06
vn -2.6379937887878943e-06 2.4324664572470628e-06 -5.980643230301375e-06
vn -3.0646135726074763e-06 4.741972662283107e-06 -9.974277379163974e-06
vn -2.1439506899872375e-06 4.877898652770384e-06 -1.0179489963392638e-05
vn -1.3613137879290893e-07 4.714602662003322e-06 -1.0373529608719622e-05
vn -1.1842673676907746e-06 4.746500039148433e-06 -1.0377219792976712e-05
vn 8.855193332492945e-07 4.659791959978785e-06 -1.0215525465856067e-05
vn -2.04135794019361e-06 2.4519970009891927e-06 -6.261766939461862e-06
vn -2.0949334322827703e-06 4.1037832280325525e-06 -1.0456867817209833e-05
vn -5.047269097620804e-07 2.213274027107861e-06 -5.981303021707897e-06
vn 2.120043668978092e-07 4.06694884715123e-06 -1.056812807033658e-05
vn 1.2407125779190556e-06 4.013208584760147e-06 -1.035647115372296e-05
vn 1.974497852833774e-06 4.528004660553439e-06 -9.998060507352607e-06
vn 2.1845939688456577e-06 7.111972445485582e-06 -7.870491028123968e-06
vn 2.9420751393462e-06 7.079646952987707e-06 -7.592195818244617e-06
vn 2.6985178690800006e-06 6.682482546435392e-06 -8.304866883998942e-06
vn 2.861546072866449e-06 5.8012937925639784e-06 -9.20249187709166e-06
vn 3.538179133587959e-06 6.731380725386653e-06 -8.06383974972281e-06
vn 3.807596254812281e-06 5.874643519673606e-06 -8.984421194327379e-06
vn 3.668690196042607e-06 7.061400693043161e-06 -7.2490568335974185e-06
vn 4.363007432107559e-06 7.060739393603145e-06 -6.848573690040005e-06
vn 5.02156814194742e-06 7.072287825945992e-06 -6.389902920480865e-06
vn 5.106185036102739e-06 6.765873606174181e-06 -7.246094802401835e-06
vn 4.347876481019711e-06 6.759704221963029e-06 -7.709557321065512e-06
vn 5.640224736873416e-06 7.095703495844633e-06 -5.874739844851123e-06
vn 5.794706787516428e-06 6.751400616809019e-06 -6.684214217826675e-06
vn 6.3964702866770915e-06 6.716608928758116e-06 -6.038323288054695e-06
vn 6.220625597405029e-06 7.134014573833612e-06 -5.30813399067114e-06
vn 4.724161285116221e-06 5.919703605886593e-06 -8.622370554153618e-06
vn 4.037272233428344e-06 4.705685040368452e-06 -9.53658081976457e-06
vn 5.010227411181582e-06 4.741974924975173e-06 -9.152906175902907e-06
vn 5.582366478595733e-06 5.935147660882277e-06 -8.123031840439915e-06
vn 3.0331444708285905e-06 4.646740185996668e-06 -9.767430614075406e-06
vn 6.355559844086021e-06 5.920503316303456e-06 -7.500215118134667e-06
vn 7.021352818831965e-06 5.876214328619841e-06 -6.773907787890254e-06
vn 6.610466069257421e-06 4.74649284200524e-06 -8.086462320449532e-06
vn 7.338867636200416e-06 4.714596990661622e-06 -7.332780808944852e-06
vn 6.903202307488411e-06 6.6664510753848224e-06 -5.3280741078900165e-06
vn 7.5632069033361205e-06 5.80358960408189e-06 -5.968703475754497e-06
vn 5.799419440107994e-06 4.877897058458034e-06 -8.63627644803213e-06
vn 7.366075917748435e-06 6.643623130665006e-06 -4.600845709418625e-06
vn 6.729151561214504e-06 7.155021662142023e-06 -4.672969501482188e-06
vn 7.142688593877651e-06 7.135923390082286e-06 -3.975519858885553e-06
vn 8.242853222456207e-06 6.723220371124812e-06 -3.1016944012812202e-06
vn 7.477390136226304e-06 7.102935721158589e-06 -3.2395277072738876e-06
vn 7.740981896540706e-06 7.0802015154508825e-06 -2.478833936938125e-06
vn 7.941278973710705e-06 7.075044777878148e-06 -1.7021702959381736e-06
vn 8.554641875073839e-06 6.752121545566183e-06 -2.2744552809523352e-06
vn 7.829512783280941e-06 6.67545491370935e-06 -3.871954536057466e-06
vn 8.13673454438303e-06 7.132309537155829e-06 6.995136046523765e-07
vn 8.787902400313547e-06 6.710593249887034e-06 3.5876419138142675e-07
vn 8.139173047908374e-06 7.100388387282825e-06 -1.0917877021302348e-07
vn 8.829892177592597e-06 6.744627118512172e-06 -5.227739555945756e-07
vn 8.073777875104814e-06 7.081200102217821e-06 -9.109005209954655e-07
vn 8.751985507006928e-06 6.758814412504395e-06 -1.4077906283330214e-06
vn 3.262610767750762e-06 2.883499482628151e-06 6.888875694866545e-07
vn 6.6979575504667275e-06 5.276673337787182e-06 1.2496176684823908e-06
vn 6.456795844663579e-06 5.658820064328873e-06 1.088221664733193e-06
vn 8.593917264875082e-06 6.636325185587954e-06 1.2082968779251888e-06
vn 8.05573320115081e-06 5.759088127980425e-06 -5.154977205888846e-06
vn 9.094092791963462e-06 5.874672606646007e-06 -3.5377889770779405e-06
vn 9.473921285734281e-06 5.919734485228265e-06 -2.6284416176732673e-06
vn 8.590504544233793e-06 5.801305824351173e-06 -4.367842752046642e-06
vn 9.807580299644156e-06 5.920505649577623e-06 -6.766861549075144e-07
vn 9.543299051510616e-06 5.805751101795414e-06 1.2535914165047024e-06
vn 9.18927941159423e-06 5.8882594633398305e-06 1.6712507156372481e-06
vn 9.751424852168308e-06 5.876192224636176e-06 3.070021679490553e-07
vn 9.714648160001462e-06 5.93516570037413e-06 -1.6651638573703368e-06
vn 2.925164425767027e-06 4.013154197346526e-06 -1.0011821216371235e-05
vn 4.9571088936500685e-06 4.101226261760697e-06 -9.436646419125078e-06
vn 6.032382470503071e-06 4.103787309137575e-06 -8.794611467764766e-06
vn 3.9543549267404465e-06 4.0669013003968544e-06 -9.802621853254254e-06
vn 8.541909708577187e-06 4.528004947452531e-06 -5.558397779175775e-06
vn 4.338820044120781e-06 2.4675563080326987e-06 -5.024279848717266e-06
vn 7.93821102155641e-06 4.659789515067732e-06 -6.490449703739713e-06
vn 7.721134285508904e-06 4.0669371257433805e-06 -7.219029802884662e-06
vn 1.1089975968837942e-06 2.0717379551017716e-06 -5.543925489410948e-06
vn 9.115034836677075e-06 4.646753421072753e-06 -4.638899844834464e-06
vn 9.214851295248736e-06 4.013170654715352e-06 -4.886735203044447e-06
vn 5.04306770960893e-06 2.185327913234063e-06 -3.2663848291610867e-06
vn 8.286949812714077e-06 4.013203901193044e-06 -6.334217405234351e-06
vn 9.649971844398824e-06 4.705697924203712e-06 -3.758317097249658e-06
vn 1.0053636177287853e-05 4.741990306345573e-06 -2.7934764955180187e-06
vn 9.782789033718176e-06 4.06691726483163e-06 -4.00329109992137e-06
vn 1.0309717482531106e-05 4.75455014216403e-06 -1.7712901717868916e-06
vn 1.0408961743654944e-05 4.743001796649892e-06 -7.222357624620982e-07
vn 1.0349965549348515e-05 4.707693388116732e-06 3.2185723491300027e-07
vn 1.019052838261585e-05 4.673442937250442e-06 1.33957152358279e-06
vn 9.988092710371559e-06 4.861730377231026e-06 1.8181294324373414e-06
vn 1.0219922556998785e-05 4.101232066033956e-06 -3.0294420162127943e-06
vn 1.0508458786591676e-05 4.115099393429049e-06 -1.9919035638761927e-06
vn 1.0637608770952629e-05 4.10810436188187e-06 -9.213851491920916e-07
vn 1.0414511617023133e-05 4.032974270301777e-06 1.189185094641285e-06
vn 1.035025483481726e-05 4.054961996431885e-06 1.8859745665342937e-06
vn 1.0604539903329535e-05 4.080453297282767e-06 1.495965889853901e-07
vn 4.343524440780111e-06 5.2231519243878715e-06 4.105330801222138e-07
vn 6.701287329680789e-06 7.152723092347576e-06 9.077415798854288e-07
vn 6.743216178209364e-06 7.180569017889921e-06 4.75456037099407e-07
vn 4.931059049565358e-06 5.689153248474759e-06 -8.732366918066917e-08
vn 6.787061446414503e-06 7.195381966121614e-06 -7.012265879545415e-08
vn 6.598507684453557e-06 7.038417735673145e-06 -7.356266925660123e-07
vn 6.602339509528163e-06 7.1527346310347395e-06 -1.3778550842345774e-06
vn 4.799952149060321e-06 5.6692778415257665e-06 -1.0403603519668588e-06
vn 6.288836854379393e-06 7.2492911502976386e-06 -2.672594496350148e-06
vn 4.54575380205019e-06 5.718068349076581e-06 -1.973435261380533e-06
vn 6.344795947720923e-06 7.0568897453094615e-06 -2.0080516373609158e-06
vn 4.597142507158247e-06 5.3985619650061015e-06 6.087606851941305e-07
vn 4.148999206542193e-06 5.075046580654341e-06 -5.024818494799734e-07
vn 1.9979993542068736e-06 3.789391494420671e-06 -2.2400029605982843e-07
vn 2.012860168892147e-06 3.796216978130164e-06 -2.7563783237366645e-08
vn 3.978497013692346e-06 5.084477992960747e-06 -1.3022662785165252e-06
vn 1.917240173197467e-06 3.7845749615492037e-06 -6.085015345374181e-07
vn 3.6846435014587924e-06 5.134974528660115e-06 -2.0768756610667823e-06
vn 1.7704646694038705e-06 3.7948544434859846e-06 -9.74920364263327e-07
vn 1.8519879764454278e-06 3.787768637522122e-06 -7.944935947809983e-07
vn 5.9239767055273424e-06 7.1692980683208505e-06 -3.2663417141619314e-06
vn 1.965989751985959e-06 3.7851845747287337e-06 -4.1802617066726055e-07
vn 4.130529759129369e-06 7.0408021265153805e-06 -5.195048010530024e-06
vn 3.4179653830014175e-06 5.692839367198694e-06 -3.5577593989278665e-06
vn 4.733368669624592e-06 7.199676837999316e-06 -4.865698751757434e-06
vn 5.1344224888072145e-06 7.130609112842473e-06 -4.345953131500283e-06
vn 5.725187436444989e-06 7.361926818377903e-06 -3.923569812120141e-06
vn 4.111772183822651e-06 5.772891309689236e-06 -2.8593611479827453e-06
vn 2.6478286629637705e-06 5.669284078638857e-06 -4.134749323947662e-06
vn 3.6713366650508256e-06 7.149754542513173e-06 -5.651016124663593e-06
vn 3.0476590848392088e-06 7.053778924670995e-06 -5.90810159800035e-06
vn 2.531234554450173e-06 7.238966008385858e-06 -6.334173854874956e-06
vn 1.806587377022226e-06 5.714131821275803e-06 -4.609447079524145e-06
vn 1.860227274993126e-06 7.163479434839743e-06 -6.494040963835271e-06
vn 3.1931932561429e-06 5.116303372739292e-06 -2.7500842445260597e-06
vn 1.4070009413078488e-06 3.782325959502808e-06 -1.443673308078462e-06
vn 1.5461537766962689e-06 3.7926967814221203e-06 -1.3023272756000879e-06
vn 2.5738936481149948e-06 5.07756381548438e-06 -3.294204605524518e-06
vn 1.0971883130324538e-06 3.772469751172041e-06 -1.686793313534668e-06
vn 1.8859960721104505e-06 5.0845545757688514e-06 -3.736497184079808e-06
vn 7.498850640343543e-07 3.775528165592737e-06 -1.8722468265669605e-06
vn 1.1300283729422473e-06 5.1335613558998175e-06 -4.074013870201243e-06
vn 5.645055672831767e-07 3.7830466830167082e-06 -1.9421162483639e-06
vn 9.277795341265209e-07 3.7721971447424505e-06 -1.7869893505971507e-06
vn 1.2572924209916916e-06 3.776049238057351e-06 -1.572165663862398e-06
vn 8.745931241229006e-07 5.774616968333384e-06 -4.931905173597074e-06
vn 1.6694589570952026e-06 3.7992007411584295e-06 -1.146071008659555e-06
vn 1.885313078094138e-06 3.795259942284231e-06 1.3458114026791913e-07
vn 1.4013741746673251e-06 3.746054087751869e-06 1.3367843870441408e-07
vn 1.399505708232159e-06 3.7501003342117977e-06 -1.391594956527084e-07
vn 1.4067592481366584e-06 3.747682986286734e-06 -2.881765721814472e-09
vn 1.3464260382420407e-06 3.7553829227553016e-06 -4.064382778048295e-07
vn 1.2443009869864364e-06 3.765496163522143e-06 -6.593255890583358e-07
vn 1.3012984631283678e-06 3.7595861266295804e-06 -5.35157810321979e-07
vn 1.3792685523001922e-06 3.7523113459010843e-06 -2.740384710378762e-07
vn 1.378448459658261e-06 3.682694316939913e-06 1.7522529500814046e-07
vn 1.1754268918620977e-06 3.7717384641229523e-06 -7.774687981191666e-07
vn 1.0940568238923992e-06 3.7744375917043387e-06 -8.876029889376547e-07
vn 9.011860731107628e-07 3.77598071467971e-06 -1.0808508450785373e-06
vn 1.0020731118061347e-06 3.774810834207602e-06 -9.887681614808112e-07
vn 5.53292650737579e-07 3.7822499487426716e-06 -1.294418717003982e-06
vn 6.758448816095925e-07 3.779518925682318e-06 -1.234343451667909e-06
vn 7.921477030536795e-07 3.7773765006041313e-06 -1.1629064822548095e-06
vn 4.2549984313755387e-07 3.7866101471128442e-06 -1.342927675687648e-06
vn 2.9522382491104743e-07 3.839230503343592e-06 -1.3951973243810181e-06
vn 3.7292667915557376e-07 3.8149181296971984e-06 -2.0004873064721167e-06
vn 1.2511585414404163e-06 7.363542648763312e-06 -6.825816587094632e-06
vn -7.700436237005403e-07 7.0426657521565975e-06 -6.590815552328891e-06
vn -1.1032902275077953e-07 5.696157436754994e-06 -4.934646090390372e-06
vn -1.1690485826918828e-07 7.2055414027323285e-06 -6.790040513572968e-06
vn 5.408899437887784e-07 7.137844997039809e-06 -6.708368969461149e-06
vn 3.0702610192625796e-07 5.119799887929567e-06 -4.2058973182239534e-06
vn -1.0624854130091053e-06 5.668371325970714e-06 -4.792376515369888e-06
vn -1.4221312520119268e-06 7.147453362516131e-06 -6.583168692999383e-06
vn -2.037610979027137e-06 7.050406325265418e-06 -6.321938616466284e-06
vn -2.7061924905141254e-06 7.229122461052001e-06 -6.250269375010329e-06
vn -1.9905752833486136e-06 5.709505233830573e-06 -4.528359954448433e-06
vn -3.2876107778068638e-06 7.157507403823984e-06 -5.892158359405686e-06
vn -2.6640807687040753e-08 3.804669779624429e-06 -2.025947272372255e-06
vn -5.161780434691177e-07 5.078582747499579e-06 -4.149513417578279e-06
vn -4.210381786063037e-07 3.7999593297497904e-06 -1.977376037659534e-06
vn -2.251410863472009e-07 3.801092681555019e-06 -2.010419965989585e-06
vn -1.314635014568001e-06 5.083143834074298e-06 -3.972708145170137e-06
vn -8.006369735821178e-07 3.808479164835568e-06 -1.860850847809587e-06
vn -2.086511475114762e-06 5.130891082676746e-06 -3.6749790892552375e-06
vn -2.878437289490125e-06 5.774901523639152e-06 -4.099745362991755e-06
vn -1.1552430748404913e-06 3.827651929997859e-06 -1.6763229096740328e-06
vn -9.82290886236701e-07 3.818575249482685e-06 -1.777849979961376e-06
vn -6.131870775917916e-07 3.802416962199294e-06 -1.9274507270835715e-06
vn -3.96047266021871e-06 7.3643939966424745e-06 -5.69784174105019e-06
vn 1.735661200442635e-07 3.8120950960072196e-06 -2.024572982939167e-06
vn -5.2162740364268315e-06 7.044784837940493e-06 -4.102468219717203e-06
vn -3.577198392473856e-06 5.698701937582341e-06 -3.404977192855538e-06
vn -4.9033602476903385e-06 7.21195477784222e-06 -4.705049483866764e-06
vn -4.3767543538262595e-06 7.1442376434881955e-06 -5.11821277066615e-06
vn -2.763639858682869e-06 5.12189240236783e-06 -3.1888966649467468e-06
vn -5.916068038537042e-06 7.0476033453378686e-06 -3.0121685320800284e-06
vn -6.332915125731481e-06 7.218851007894497e-06 -2.4811607611193363e-06
vn -4.609595653156259e-06 5.703484423681336e-06 -1.7823523884297567e-06
vn -5.672050349867525e-06 7.146379596896626e-06 -3.6286496301883468e-06
vn -4.145997053345839e-06 5.6672088727329195e-06 -2.6274806734526814e-06
vn -1.4556321941058988e-06 3.819404488060595e-06 -1.4112721350325421e-06
vn -3.3040837813322637e-06 5.078352188953152e-06 -2.5644163028003593e-06
vn -1.6991552446403942e-06 3.815556941669695e-06 -1.096907039688696e-06
vn -1.5844535923518654e-06 3.816035525333594e-06 -1.25923964831453e-06
vn -6.488417248996626e-06 7.150390097458414e-06 -1.8233755200198292e-06
vn -6.774015734281734e-06 7.3664728459237286e-06 -1.549264593742534e-06
vn -5.282529661724419e-06 6.102708333584482e-06 -1.2065027758709458e-06
vn -3.7411711520626493e-06 5.080794795081253e-06 -1.8731372574495495e-06
vn -4.073353851205714e-06 5.12644326223736e-06 -1.1162538986406424e-06
vn -1.8837048536205264e-06 3.824493673986598e-06 -7.45266956894712e-07
vn -1.7990728426662344e-06 3.81842535736256e-06 -9.25282780593924e-07
vn -1.31340905293134e-06 3.826484221488434e-06 -1.552455166656872e-06
vn 1.5846330503382653e-07 3.888077691025798e-06 -1.4331737016471411e-06
vn -1.273979677884763e-07 3.8782634182769246e-06 -1.4345768124782424e-06
vn 1.5484139178886158e-08 3.882503114714856e-06 -1.4406418844323397e-06
vn -4.077453906904225e-07 3.8700043678165335e-06 -1.3809595897338328e-06
vn -6.728029106460902e-07 3.865712339337939e-06 -1.274634186481291e-06
vn -5.427430627997547e-07 3.8671282925756295e-06 -1.3342012640908345e-06
vn -2.6886212636792096e-07 3.873746223492784e-06 -1.4145504543554324e-06
vn -7.965321925356467e-07 3.865010663172693e-06 -1.2025749026226558e-06
vn -9.118405110226171e-07 3.861467504203146e-06 -1.1173754939793925e-06
vn -1.0173745454801327e-06 3.855092945314074e-06 -1.0205726939524864e-06
vn -1.1978577981976823e-06 3.843835208662801e-06 -7.992107677843041e-07
vn -1.1130268809575592e-06 3.849373391885811e-06 -9.142035824007164e-07
vn -1.9526224608763758e-06 3.834852306185249e-06 -5.578881560440684e-07
vn -1.3322350573980146e-06 3.834609738538914e-06 -5.473874342377275e-07
vn -1.271168052369483e-06 3.83899178888925e-06 -6.765523400613654e-07
vn -1.3806783742521332e-06 3.8318413866995555e-06 -4.1282909325597756e-07
vn -1.4097235113857012e-06 3.837998285895279e-06 -3.215846918363927e-07
vn 1.706429405189852e-06 3.606159255584342e-05 -5.3457537007209266e-06
vn 1.0609867090551523e-06 3.419183815094344e-05 -5.213891368188785e-06
vn 1.1115586323467757e-06 2.9495104072615266e-05 -3.77793155736196e-06
vn 1.495895458305868e-06 3.021729060834757e-05 -3.7413815337117356e-06
vn 2.229427211671037e-06 3.634824969993653e-05 -5.198474225505255e-06
vn 1.8857827984571135e-06 3.086203748961621e-05 -3.6530218316318473e-06
vn 2.740572136707298e-06 3.6606227606473404e-05 -4.993402826283485e-06
vn 3.6951783829444717e-06 3.699985283018549e-05 -4.411213141503162e-06
vn 3.2128723335573025e-06 3.3232858056884026e-05 -3.215827740742272e-06
vn 4.328792536199845e-06 3.95557424899106e-05 -4.370104817441347e-06
vn 2.2718656035732554e-06 3.141270651060325e-05 -3.5099181588847438e-06
vn 3.2318694482718845e-06 3.6825609814143735e-05 -4.730367672782516e-06
vn 2.6441054670438838e-06 3.1853348481989665e-05 -3.3110531981979205e-06
vn 6.750540381193534e-07 2.1068992630229395e-05 -1.7150247260920486e-06
vn 1.0432384707129712e-06 2.215957416495776e-05 -1.6346572526435936e-06
vn 8.585384856638678e-07 2.165436873588064e-05 -1.6889435365847886e-06
vn 1.5462971681005318e-06 2.306863209837917e-05 -1.2997151457123477e-06
vn 3.3677201589328217e-06 3.2374344660245675e-05 -2.679695821052684e-06
vn 4.389597574626642e-06 3.711121535246633e-05 -3.747707822297548e-06
vn 4.744272782078437e-06 3.715980084942925e-05 -3.303819115884781e-06
vn 1.3931556276683977e-06 2.2877136201248005e-05 -1.438839706370271e-06
vn 1.223466904952143e-06 2.257106626195762e-05 -1.5511487829969245e-06
vn 3.6288409451722006e-06 3.244027341860459e-05 -2.3285481757595173e-06
vn 6.437446987212521e-07 2.5782696508035974e-05 -3.1474901447482145e-06
vn 5.475492858483361e-06 3.696386225886018e-05 -1.7726488009189873e-06
vn 5.291314657511243e-06 3.708424339962837e-05 -2.3080865350472517e-06
vn 3.9892911900837644e-06 3.215546656121744e-05 -1.5369738111626213e-06
vn 5.046571396369094e-06 3.715079567372658e-05 -2.821404407219864e-06
vn 3.8375789840702846e-06 3.236604712968375e-05 -1.944192018025466e-06
vn 4.081514196142324e-06 3.181465713651769e-05 -1.1183943618798795e-06
vn 5.59753762211849e-06 3.67944418133471e-05 -1.223866718046116e-06
vn 4.0921184342007315e-06 3.078871807212213e-05 -2.901635445623467e-07
vn 5.655823223504481e-06 3.631971783489988e-05 -1.2034057727214338e-07
vn 5.657365041211738e-06 3.657881650782621e-05 -6.703327736264138e-07
vn 4.114905247825172e-06 3.1355048206365305e-05 -6.992780733788622e-07
vn 4.018028982920194e-06 3.0130757274573237e-05 1.0029762942687696e-07
vn 5.596612726202661e-06 3.6029815521255646e-05 4.189640681579078e-07
vn 3.899550187482893e-06 2.940071665855369e-05 4.6498683538472913e-07
vn 5.552419641067674e-06 3.6173130682089974e-05 9.60434845925942e-07
vn 1.7820760487626092e-06 2.3087915884365322e-05 -9.564588978502906e-07
vn 1.9012029878075153e-06 2.262654786996939e-05 -5.633934625729879e-07
vn 1.8571655043377866e-06 2.2915103561389234e-05 -7.630354841205107e-07
vn 1.8982589275474318e-06 2.1739609543825858e-05 -1.7049606770643138e-07
vn 1.7909936883313054e-06 2.052418110021987e-05 1.7890323411188567e-07
vn 3.833075880048528e-06 2.9300948646854763e-05 8.250364848912837e-07
vn 1.7311597173831225e-06 2.0133112752715684e-05 3.350619048280441e-07
vn 1.8558705057627006e-06 2.1165894893681668e-05 1.17679050816161e-08
vn 1.914343448911189e-06 2.223092441847337e-05 -3.6390825092665763e-07
vn 5.5032526962444205e-06 3.6637102081537486e-05 1.5078013978237887e-06
vn 1.6774243542588675e-06 2.313963527374611e-05 -1.1373006291730848e-06
vn 2.7041471089760974e-07 1.700098485389677e-05 -1.322151000480533e-06
vn 4.977458840578263e-07 2.0417936988934976e-05 -1.715098263329525e-06
vn 2.866613779584491e-07 1.3604904517070948e-05 -5.771214496962574e-07
vn 2.2422235949959508e-07 1.3232377412988512e-05 -5.851194222291716e-07
vn 4.113931331430529e-07 1.4192205195807988e-05 -5.320405988657264e-07
vn 5.225532312881441e-07 1.4517797911672195e-05 -4.480429657738462e-07
vn 4.69699880396374e-07 1.4390869230166546e-05 -4.946600251414988e-07
vn 3.4969228251707774e-07 1.3927717629909316e-05 -5.595588381169342e-07
vn 8.66723440965439e-08 1.0687864710051063e-05 -4.2377032639884416e-07
vn 1.6403839954353468e-07 1.2819280677843062e-05 -5.843359429410305e-07
vn 5.287462975197644e-08 1.087834302290741e-05 -2.0993400124205892e-07
vn 7.425049652676118e-08 1.1243699979637262e-05 -2.1109912314648649e-07
vn 9.660185301060644e-08 1.1576930211207709e-05 -2.0919633408824398e-07
vn 1.4185155785536203e-07 1.211547013677674e-05 -1.9503942494655011e-07
vn 1.6333882572181427e-07 1.2306268403679186e-05 -1.8257522827263183e-07
vn 1.1935959400113443e-07 1.1870064111595359e-05 -2.0390592962354741e-07
vn 1.8306829284221358e-07 1.243685990264908e-05 -1.666825274020588e-07
vn 6.046651401332019e-07 1.4543068825878037e-05 -3.321828680882698e-07
vn 6.472842354541526e-07 1.4264904194811193e-05 -1.9854737022130758e-07
vn 6.31259751681695e-07 1.4440619164710824e-05 -2.66529656933642e-07
vn 6.481509734982574e-07 1.3716606160229096e-05 -6.418229951206053e-08
vn 6.130083087150408e-07 1.295850651534808e-05 5.5923598356737676e-08
vn 6.344807361411214e-07 1.3359357086792693e-05 -1.6031743618878683e-09
vn 6.527394780697508e-07 1.4021218726420688e-05 -1.304180507572742e-07
vn 2.0032951648683212e-07 1.250322349287461e-05 -1.4772535773737866e-07
vn 5.680622878878837e-07 1.4569066269238688e-05 -3.933434860045396e-07
vn 2.2517613225426892e-07 1.2437017417984931e-05 -1.0292876744524897e-07
vn 2.1451604913979337e-07 1.2503278679317977e-05 -1.2624622590571118e-07
vn 2.3507807774279477e-07 1.2115814819604775e-05 -5.3887461774535996e-08
vn 2.303359038143051e-07 1.1577433267855219e-05 -6.710142534630703e-09
vn 2.2331132439687238e-07 1.1244259160131394e-05 1.4595211938686072e-08
vn 2.3440393424518365e-07 1.1870498299073224e-05 -2.971926613837947e-08
vn 2.320489433305249e-07 1.2306529986538509e-05 -7.854381949777627e-08
vn 5.911492879476613e-07 1.2676176588496752e-05 1.0918934190395482e-07
vn 2.1384772082089072e-07 1.0878952605267346e-05 3.3799800507332575e-08
vn 5.375853204792664e-06 3.696701101879816e-05 2.0536570115694776e-06
vn 3.7903260588148273e-06 2.9731368602715913e-05 1.196337157884968e-06
vn 4.941117259357674e-06 3.753169018350826e-05 3.11143930507835e-06
vn 5.1887305241548225e-06 3.726867170236068e-05 2.5907896834058023e-06
vn 3.6455022231748947e-06 3.108804737793599e-05 1.9776565721764126e-06
vn 3.744059575622947e-06 3.044627597531453e-05 1.5847793435499209e-06
vn 3.8503795744901105e-06 3.8019231558885696e-05 4.4906366958390705e-06
vn 4.268663136353972e-06 3.7910535405680384e-05 4.069609690861304e-06
vn 3.016849799440544e-06 3.240794668769768e-05 3.084985196592101e-06
vn 4.633553726557437e-06 3.7746278705975515e-05 3.607092246341876e-06
vn 3.2812650191495272e-06 3.208205315834255e-05 2.7381744055329846e-06
vn 2.702761549206132e-06 3.260512029423689e-05 3.39543191064214e-06
vn 3.3844294186791183e-06 3.807315525854146e-05 4.862809384868656e-06
vn 3.4913264153977867e-06 3.1637432138804445e-05 2.365524576309593e-06
vn 1.7151033831206454e-06 2.0418024102347552e-05 4.977552370208915e-07
vn 1.6889552538656537e-06 2.165461275081922e-05 8.585687002545852e-07
vn 1.7150343745948376e-06 2.1069168838059013e-05 6.750744825144537e-07
vn 1.6346681354593527e-06 2.2159854531290637e-05 1.0432758825652291e-06
vn 1.438844122081458e-06 2.2877432301933866e-05 1.3932008278616462e-06
vn 1.551157892574333e-06 2.2571375054266294e-05 1.2235099320591776e-06
vn 1.2997141721697242e-06 2.3068875805742226e-05 1.5463388044323892e-06
vn 2.3457754297204407e-06 3.266771845891854e-05 3.660500794684255e-06
vn 1.9550278951222984e-06 3.2591104742729206e-05 3.8723434436249895e-06
vn 2.3380463357524722e-06 3.8004337698465665e-05 5.434342185317411e-06
vn 2.877583657869614e-06 3.806852436231773e-05 5.17927012370792e-06
vn 1.774941493798065e-06 3.788624596897686e-05 5.6249959050518225e-06
vn 1.1153914696567273e-06 3.203670964830872e-05 4.119469198260918e-06
vn 1.19767939500817e-06 3.771791751153016e-05 5.749343583763581e-06
vn 1.5410805616436579e-06 3.2378399327148883e-05 4.026075976583847e-06
vn 6.891483623780875e-07 3.157522212501239e-05 4.152788429444397e-06
vn 6.153928427367762e-07 3.7503352129909456e-05 5.807079460616592e-06
vn 2.7279651769614665e-07 3.100723801051291e-05 4.12897275348367e-06
vn 3.6797964094882194e-08 3.7249911704819714e-05 5.799714861658905e-06
vn -5.302380429744811e-07 3.696924992293543e-05 5.730505784984258e-06
vn -5.290241744001039e-07 3.156081271934993e-05 4.297444519344075e-06
vn -1.0609494710497914e-06 3.419175525763132e-05 5.213883062653276e-06
vn -1.2470962795153977e-07 3.0347580793386196e-05 4.052947541994309e-06
vn 9.56448049803911e-07 2.3087972447948417e-05 1.782099048707097e-06
vn 5.633780945072834e-07 2.262630256114373e-05 1.9011933393047256e-06
vn 7.63021472060604e-07 2.291502085779273e-05 1.857173449140984e-06
vn 1.7048827936544005e-07 2.173900370946024e-05 1.898210426979496e-06
vn -2.435310614979825e-07 2.365469675976468e-05 2.1998602049913178e-06
vn -6.43743864256146e-07 2.5782695383822808e-05 3.1474900839018e-06
vn -1.176873954672204e-08 2.1165103719702957e-05 1.8558034981060247e-06
vn 3.638946560993034e-07 2.223050243204527e-05 1.9143146055378727e-06
vn 1.1372945097623068e-06 2.3139804009518295e-05 1.677459019330151e-06
vn 5.851224888884366e-07 1.3232480155655241e-05 2.2422878488091228e-07
vn 5.595626349331669e-07 1.3927893482771758e-05 3.4970479949366976e-07
vn 5.771254551287669e-07 1.3605056573509889e-05 2.8667155843274373e-07
vn 4.946618609647326e-07 1.4391059394695534e-05 4.6971527627758187e-07
vn 3.933416501813062e-07 1.4569177191242997e-05 5.680743876319221e-07
vn 4.4804279888082524e-07 1.4517956199082726e-05 5.225677092577352e-07
vn 5.320437698331294e-07 1.4192397066130086e-05 4.11407569389389e-07
vn 2.0993441847461195e-07 1.087836944603153e-05 5.2875255600806055e-08
vn 5.843375701479874e-07 1.2819329952699407e-05 1.6404115327838477e-07
vn 2.0919769009404144e-07 1.157704789991054e-05 9.66051908710307e-08
vn 2.1110011407380015e-07 1.1243772317325558e-05 7.425237407324982e-08
vn 1.9504067664420942e-07 1.2115631035059691e-05 1.4185656464599863e-07
vn 1.6668273601833517e-07 1.243701087171194e-05 1.8307371686540334e-07
vn 1.4772494050482542e-07 1.2503338866666897e-05 2.0033421035305415e-07
vn 1.825760627377379e-07 1.2306435896882588e-05 1.6334435405314237e-07
vn 2.0390738993748303e-07 1.1870212677020234e-05 1.193639749429421e-07
vn 3.321790295487815e-07 1.454310849995e-05 6.046735265075185e-07
vn 2.6652506737555836e-07 1.444057455060166e-05 6.312629852339811e-07
vn 1.3041329430616932e-07 1.4020963076005116e-05 6.527302885227693e-07
vn 1.9854227998416042e-07 1.4264759699698395e-05 6.472815234425579e-07
vn 1.6026736828242724e-09 1.3358868961710645e-05 6.344584793921189e-07
vn -7.980692151341491e-08 1.4236107587162629e-05 7.209086899639552e-07
vn -2.7041481520574806e-07 1.700098573899754e-05 1.3221510700192918e-06
vn 6.417929543767808e-08 1.3716233997937721e-05 6.481350691148753e-07
vn 1.0292709851503642e-07 1.2437006320523216e-05 2.251779054926194e-07
vn 5.388579284432387e-08 1.2115631660915835e-05 2.3507547003933805e-07
vn 7.854194195128763e-08 1.2306436424543775e-05 2.3204863040611023e-07
vn 6.709725302077671e-09 1.1577048642582244e-05 2.3032852075389347e-07
vn -3.379792296084398e-08 1.0878372353487951e-05 2.1383632515678513e-07
vn -8.667255271282042e-08 1.0687865614461822e-05 4.237703263988441e-07
vn -1.459479470613315e-08 1.1243774226130366e-05 2.2330177042333313e-07
vn 2.9717805824443676e-08 1.1870213069235002e-05 2.3439888833899508e-07
vn 1.2624497420805177e-07 1.2503338478331577e-05 2.1451959561649449e-07
vn -1.706465426266933e-06 3.606134011081296e-05 5.3457074574462955e-06
vn -1.1115235848123182e-06 2.949447264006187e-05 3.777835124488133e-06
vn -2.2295226188481698e-06 3.634976764213897e-05 5.198733187843189e-06
vn -1.4959488640726601e-06 3.0217748355996708e-05 3.7414547232554184e-06
vn -1.8857779307439941e-06 3.086229990514457e-05 3.6530777060245784e-06
vn -2.740511777064621e-06 3.660549089784464e-05 4.993313747133408e-06
vn -3.695077134511596e-06 3.699930046002069e-05 4.411180041053952e-06
vn -3.212868042022471e-06 3.323279622619806e-05 3.215828575207378e-06
vn -4.328775012432616e-06 3.955545684431132e-05 4.370107738069219e-06
vn -3.231775014637374e-06 3.682434479180867e-05 4.730240138698797e-06
vn -2.271839109306136e-06 3.141196898045633e-05 3.509817814455732e-06
vn -2.644084396799954e-06 3.1853418813569066e-05 3.311090714358317e-06
vn -6.750543858131476e-07 2.1068995981797343e-05 1.7150248651695662e-06
vn -1.0432378100947622e-06 2.2159564781106284e-05 1.6346568006416611e-06
vn -8.585384856638678e-07 2.165436873588064e-05 1.6889435365847886e-06
vn -1.5462971681005318e-06 2.306863251322384e-05 1.2997151457123477e-06
vn -3.3678194602804505e-06 3.237492850559613e-05 2.6797328156723897e-06
vn -4.389843880910468e-06 3.711312100460932e-05 3.7478898747682013e-06
vn -4.744296147101409e-06 3.715982244883422e-05 3.3038697401012193e-06
vn -1.393156531672263e-06 2.2877145141837152e-05 1.4388399323712373e-06
vn -1.223466609412418e-06 2.257107164799655e-05 1.5511494609998232e-06
vn -3.628753326336058e-06 3.243966699238483e-05 2.3285361455542373e-06
vn -5.475737217681938e-06 3.696553347987152e-05 1.7727753614600813e-06
vn -5.29132439293748e-06 3.7084114143718226e-05 2.308084587962004e-06
vn -3.989367039484974e-06 3.215597639191357e-05 1.5370318760262556e-06
vn -5.046254021473732e-06 3.7148569897319444e-05 2.8212622699967873e-06
vn -3.837507915458747e-06 3.2365463875621325e-05 1.9441329796192074e-06
vn -4.0815604828786786e-06 3.181493795666414e-05 1.1183983951278916e-06
vn -5.597594817747639e-06 3.679476178723659e-05 1.2238793741002245e-06
vn -5.656023164820846e-06 3.6320961531899516e-05 1.2031623870654853e-07
vn -4.0181579773178485e-06 3.0131557033169184e-05 -1.0030590453917925e-07
vn -5.596584128388085e-06 3.602958010934293e-05 -4.189484914759265e-07
vn -5.657271581119851e-06 3.657821572802833e-05 6.703288794559189e-07
vn -4.092089306153121e-06 3.078852882531244e-05 2.9016083255075183e-07
vn -4.114887498056977e-06 3.135492038630581e-05 6.992791859990039e-07
vn -3.899406833331537e-06 2.9399786456617397e-05 -4.6497077193143645e-07
vn -5.552211059560522e-06 3.617178558173757e-05 -9.604260840423287e-07
vn -1.7820760487626092e-06 2.3087916474760453e-05 9.564588978502906e-07
vn -1.9012029182687565e-06 2.2626545718736083e-05 5.633929062629171e-07
vn -1.8571653913373032e-06 2.291510374315317e-05 7.630354841205107e-07
vn -1.898258887345337e-06 2.1739608995514814e-05 1.704967283246404e-07
vn -1.7909937578700642e-06 2.0524182215691224e-05 -1.7890312980374746e-07
vn -3.833115047754447e-06 2.9301184850707477e-05 -8.250485150965639e-07
vn -1.7311597434601572e-06 2.01331128862526e-05 -3.350622525218384e-07
vn -1.8558705025030713e-06 2.1165895117172026e-05 -1.176766169596016e-08
vn -1.9143435184499483e-06 2.22309244113503e-05 3.6390790323286344e-07
vn -5.503272653868208e-06 3.6637061645177896e-05 -1.5077420117237367e-06
vn -1.6774243542588675e-06 2.313963181609105e-05 1.137300072863014e-06
vn -4.977455363640321e-07 2.0417936361894215e-05 1.7150981503290422e-06
vn -2.866613779584491e-07 1.3604906453949841e-05 5.771215748660233e-07
vn -2.24222359499595e-07 1.323237539914302e-05 5.851193179210333e-07
vn -4.113927993570105e-07 1.419220380814818e-05 5.320406823122369e-07
vn -5.225532312881441e-07 1.4517796807048204e-05 4.4804288232733557e-07
vn -4.6970021418241645e-07 1.4390875271802366e-05 4.946601503112648e-07
vn -3.4969211562405655e-07 1.3927713647598209e-05 5.595587129471682e-07
vn -1.6403839954353468e-07 1.2819280604286103e-05 5.843359638026581e-07
vn -5.287462975197644e-08 1.087834281519012e-05 2.0993400124205892e-07
vn -7.425049652676118e-08 1.1243697258533606e-05 2.1109907099241736e-07
vn -9.660185301060602e-08 1.1576929899470142e-05 2.091963340882442e-07
vn -1.418513492390853e-07 1.2115464051135993e-05 1.9503942494655033e-07
vn -1.6333893002995253e-07 1.230627622031498e-05 1.8257533258076988e-07
vn -1.1935959400113485e-07 1.1870063780583232e-05 2.039059296235472e-07
vn -1.8306829284221358e-07 1.2436856575211827e-05 1.6668242309392053e-07
vn -6.046651401332019e-07 1.4543066329533276e-05 3.3218261774873786e-07
vn -6.472842145925251e-07 1.4264902607109864e-05 1.9854711988177585e-07
vn -6.312597934049503e-07 1.4440621784382678e-05 2.665299072731738e-07
vn -6.481509787136645e-07 1.3716605699733281e-05 6.418246640508174e-08
vn -6.130083034996339e-07 1.2958505986117946e-05 -5.5923848696269576e-08
vn -6.344807361411214e-07 1.3359357301422895e-05 1.6034247014196875e-09
vn -6.527395093621923e-07 1.4021218325023904e-05 1.304180507572742e-07
vn -2.0032951648683212e-07 1.2503223452379632e-05 1.4772535773737866e-07
vn -5.680622878878837e-07 1.4569066703835823e-05 3.9334348600453945e-07
vn -2.2517613225426892e-07 1.2437017297526302e-05 1.0292876744524897e-07
vn -2.1451604913979337e-07 1.2503278598032324e-05 1.2624622590571076e-07
vn -2.3507807774279471e-07 1.21158145715155e-05 5.388746177453642e-08
vn -2.3033591033356377e-07 1.1577434154624682e-05 6.710351150907643e-09
vn -2.2331131787761374e-07 1.124425976252973e-05 -1.4595420554963011e-08
vn -2.3440393424518368e-07 1.1870498049356724e-05 2.9719266138379046e-08
vn -2.3204899548459414e-07 1.2306532268543999e-05 7.854381949777627e-08
vn -5.911493192401028e-07 1.2676175742541864e-05 -1.0918892467140179e-07
vn -2.1384772082089072e-07 1.0878951201171326e-05 -3.3799591891056046e-08
vn -5.188823010704085e-06 3.726932470044643e-05 -2.5908442017927364e-06
vn -5.375908696722222e-06 3.696764004282927e-05 -2.05369595327443e-06
vn -3.744116354019543e-06 3.0446823311235894e-05 -1.5848397031925973e-06
vn -3.7902970611523895e-06 2.9731143534518883e-05 -1.1962950869358673e-06
vn -3.6454915142060327e-06 3.1087880393732454e-05 -1.9776243061923093e-06
vn -4.941107523931436e-06 3.753173941994844e-05 -3.1114285961094883e-06
vn -3.85038444220323e-06 3.801938275701972e-05 -4.490661034404666e-06
vn -4.26866995115234e-06 3.791069348617611e-05 -4.069634029426898e-06
vn -3.0168512597544795e-06 3.240800004244515e-05 -3.0849949320183386e-06
vn -4.633569303239418e-06 3.774665649827617e-05 -3.607152605984552e-06
vn -3.2812669662347747e-06 3.208206623542363e-05 -2.73817649169575e-06
vn -2.702762522748756e-06 3.260514348844582e-05 -3.395434692192494e-06
vn -3.384425524508623e-06 3.8073374748907456e-05 -4.862844432403113e-06
vn -3.491332430500427e-06 3.1637631809337835e-05 -2.3655526699681654e-06
vn -1.715103443967059e-06 2.0418023776516983e-05 -4.97754993635235e-07
vn -1.6889549757106184e-06 2.165461046331492e-05 -8.58568700254585e-07
vn -1.7150341485938714e-06 2.1069165718979908e-05 -6.750739262043827e-07
vn -1.634668413614388e-06 2.2159858632386128e-05 -1.0432762302590229e-06
vn -1.438844122081458e-06 2.2877430110966982e-05 -1.393200480167852e-06
vn -1.5511581707293684e-06 2.2571376704726113e-05 -1.2235099320591776e-06
vn -1.299714067861586e-06 2.306887696911634e-05 -1.546339152126184e-06
vn -2.3457716746274634e-06 3.266779542928784e-05 -3.6605161279805792e-06
vn -1.774931758371828e-06 3.788594173612839e-05 -5.624941386664889e-06
vn -2.3380083675901434e-06 3.800443829603072e-05 -5.4343256350928066e-06
vn -1.5410551104579216e-06 3.2378647198596386e-05 -4.026111510889615e-06
vn -2.877590472667982e-06 3.806824924964125e-05 -5.179213171464427e-06
vn -1.955034709920666e-06 3.2590936167142015e-05 -3.872299216974363e-06
vn -1.1154128875944515e-06 3.203641510855921e-05 -4.11940615268368e-06
vn -1.1976696595819325e-06 3.771846767435354e-05 -5.749383499011156e-06
vn 5.302711434236912e-07 3.6967805358030455e-05 -5.7302661832146736e-06
vn -3.677459907191075e-08 3.7250449327251585e-05 -5.799771813902398e-06
vn 1.2473688714500677e-07 3.034746277715e-05 -4.052918402266361e-06
vn -6.153714247990527e-07 3.7505183261595e-05 -5.8073605596405156e-06
vn -2.728120943781277e-07 3.1007628385905935e-05 -4.1290304736415035e-06
vn 5.2901132363747e-07 3.156010682236702e-05 -4.297335600786098e-06
vn -6.891220767272448e-07 3.1575823933622896e-05 -4.152871197952112e-06
vn -9.564477021101167e-07 2.3087970249822296e-05 -1.7820991530152352e-06
vn -5.633779901991451e-07 2.2626301593225122e-05 -1.9011932697659668e-06
vn -7.630218197543982e-07 2.291502167528143e-05 -1.8571734752180185e-06
vn -1.7048827936544005e-07 2.1739004125458916e-05 -1.8982104704412205e-06
vn 2.435310614979825e-07 2.365469777333642e-05 -2.1998602310683523e-06
vn 1.1768843854860305e-08 2.1165104070189124e-05 -1.8558034981060247e-06
vn -3.6389476040744166e-07 2.2230501663668352e-05 -1.9143144490756653e-06
vn -1.137294614070445e-06 2.3139806339941882e-05 -1.6774592453311174e-06
vn -5.851225306116919e-07 1.3232481112308058e-05 -2.2422870143440182e-07
vn -5.595626349331669e-07 1.3927893713577706e-05 -3.4970479949366934e-07
vn -5.771254134055115e-07 1.3605057091718086e-05 -2.866715584327436e-07
vn -4.946618609647326e-07 1.4391060005525481e-05 -4.6971527627758187e-07
vn -3.933416501813063e-07 1.4569175985954578e-05 -5.680743041854118e-07
vn -4.4804263198780405e-07 1.4517954151373083e-05 -5.225677092577355e-07
vn -5.320438950028953e-07 1.4192399161110526e-05 -4.1140756938938885e-07
vn -2.0993441847461195e-07 1.087837012988274e-05 -5.2875255600806055e-08
vn -5.843375284247321e-07 1.2819330552941002e-05 -1.6404157051093793e-07
vn -2.091977944021797e-07 1.1577052422888412e-05 -9.66051908710307e-08
vn -2.111000619197308e-07 1.1243773508319408e-05 -7.425258268952676e-08
vn -1.9504067664420942e-07 1.2115630965665582e-05 -1.4185656464599863e-07
vn -1.666827360183356e-07 1.2437010873787442e-05 -1.8307371686540334e-07
vn -1.4772473188854911e-07 1.2503332250314892e-05 -2.0033421035305415e-07
vn -1.825760627377379e-07 1.2306435862248394e-05 -1.6334435405314258e-07
vn -2.0390738993748303e-07 1.1870212575746278e-05 -1.193639749429417e-07
vn -3.321791964418028e-07 1.4543110887858243e-05 -6.046735682307739e-07
vn -2.6652506737555836e-07 1.444057547252445e-05 -6.312630269572364e-07
vn -1.3041329430616932e-07 1.402096265911798e-05 -6.527302572303278e-07
vn -1.9854211309113912e-07 1.4264759567068974e-05 -6.472815651658131e-07
vn -1.6025067898030477e-09 1.3358869129109612e-05 -6.344584793921189e-07
vn 7.980692151341493e-08 1.4236108084790996e-05 -7.209087160409898e-07
vn -6.417946233069932e-08 1.371623480913588e-05 -6.481350691148753e-07
vn -1.0292709851503684e-07 1.2437006657459133e-05 -2.251779054926194e-07
vn -5.388558422804735e-08 1.2115629040872493e-05 -2.350754700393381e-07
vn -7.85419419512872e-08 1.230643918024952e-05 -2.3204868256017926e-07
vn -6.709725302077671e-09 1.1577048871270906e-05 -2.3032852075389347e-07
vn 3.379771434456746e-08 1.0878370462663511e-05 -2.1383632515678524e-07
vn 1.4595003322409683e-08 1.1243774644461563e-05 -2.2330177042333313e-07
vn -2.971801444072021e-08 1.187021410952036e-05 -2.3439888833899508e-07
vn -1.2624518282432828e-07 1.2503339024469314e-05 -2.1451949130835623e-07
vn -6.070726087565027e-05 6.924884243613607e-06 -1.5135814566056407e-06
vn -5.2710938124633886e-05 2.40428592748034e-06 -9.37323016277506e-07
vn -4.1814263489455274e-05 3.836205914525641e-06 -6.117657176312218e-07
vn -6.0611019398207595e-05 2.887869256674833e-06 -1.6973054522905998e-06
vn -4.7992154269325366e-05 8.690940171050219e-06 -6.858724826006473e-07
vn -5.9356919031762935e-05 2.2835915842883354e-05 -1.1416075434575125e-06
vn -4.841325601862451e-05 1.4268724824683578e-05 -6.348062038355847e-07
vn -4.419343760386241e-05 1.7547338106087625e-05 -5.441429211792963e-07
vn -6.387649616470886e-05 1.554494266606894e-05 -1.5210710841991576e-06
vn -4.761472941387083e-05 2.338311705928903e-05 -5.775810726959361e-07
vn -6.72088607376064e-05 6.503646556474293e-06 -2.2469404380364055e-06
vn -6.596711528657927e-05 3.3679330986807913e-06 -2.0398903843268903e-06
vn -6.608910072366458e-05 1.0667543509860807e-05 -1.2724987636474376e-06
vn -6.363239220000155e-05 4.987878532246425e-06 -1.5632783709455336e-06
vn -7.545937320225043e-05 1.538792196349358e-05 -2.2220431566726017e-06
vn -7.2175379824632e-05 2.401869278425897e-05 -1.6259228692036956e-06
vn -6.383657179000723e-05 1.7567319461018057e-05 -4.774289750781834e-07
vn -6.994803447528205e-05 4.010358042172187e-05 -9.924052325502402e-07
vn -6.620695104552083e-05 2.6419083987120236e-05 8.913557115860909e-07
vn -6.811249695916459e-05 3.220294305140071e-05 -8.615978941284118e-07
vn -4.191281171861651e-05 2.7433479257782744e-05 -1.1577498044577107e-06
vn -9.539002713075102e-05 7.01208811558911e-05 -8.386797595853e-07
vn -7.788544917199531e-05 6.525456239842974e-05 9.409839516349329e-07
vn -8.81341979366747e-05 8.595366029990625e-05 -6.720817493723422e-08
vn -7.189658163584707e-05 0.00010029943107943554 5.620103491887852e-07
vn -5.5546803073462866e-05 0.00010721457654053238 8.684518839436854e-07
vn -4.760273999498892e-05 6.917690037525279e-05 1.5377076215419411e-06
vn -7.306497243585336e-05 8.994373353554184e-05 6.407603624812776e-08
vn -6.561270432520941e-05 7.355701898087717e-05 1.3418107285644064e-06
vn -8.472705769079563e-05 5.4836788952072185e-05 1.0235665595393019e-07
vn -5.8722916572431205e-05 3.2731428910484625e-05 1.865638152468964e-06
vn -4.4192707312275976e-05 3.19249014622145e-05 2.184644365323388e-06
vn -3.694855078940674e-05 3.55072537954139e-05 3.361035040153253e-06
vn -2.5914720660089383e-05 3.2762216317405295e-05 2.722801525630063e-06
vn -3.7089532616967115e-05 7.341319799907296e-05 2.092511521357629e-06
vn -1.8125752776442662e-05 3.0841828453011716e-05 3.019566890466831e-06
vn -2.8484306358226646e-05 7.736690498446704e-05 1.079203402654249e-06
vn -3.216465228687609e-05 3.4164422834020457e-06 -4.5276952387291003e-07
vn -4.698236006663424e-05 2.432240983602261e-06 -1.1544085550059762e-06
vn -2.0388065906028775e-05 8.409753845973599e-07 -4.4004386397096673e-07
vn -1.99680138955741e-05 2.5307827635871758e-06 -2.633869765852441e-07
vn -3.181625822917368e-05 9.994068233579642e-06 6.055916173703997e-07
vn -3.152012266641026e-05 6.535774918114995e-06 -5.21660112337806e-08
vn -3.760376206128398e-05 1.8227463871455004e-05 2.4837219612603296e-06
vn -3.253274550967031e-05 1.1567499222490435e-05 1.083711257764176e-06
vn -1.9671953376175255e-05 4.2433873806851745e-06 6.097789592969891e-08
vn -1.8621731809255386e-06 2.3233090989606094e-07 -1.2768044638047862e-07
vn -9.71491492534978e-06 3.6305975083408053e-06 6.628402924207009e-07
vn -2.6978464276732152e-06 5.766158053105421e-07 -6.561262282330684e-08
vn -1.3528848544508857e-06 5.46981970047608e-08 -1.4599189321776607e-07
vn -2.7361334836733018e-05 2.251915775004529e-05 4.465130370542499e-06
vn -3.5369097172592346e-05 2.2447462252074763e-05 3.608848839578377e-06
vn -2.2620323487299336e-05 2.689484036537332e-05 4.337567673641603e-06
vn -1.9022010039872927e-05 2.9452398569224806e-05 4.943703239412461e-06
vn -2.4085829958161337e-05 2.5315984889625846e-05 5.818211725099779e-06
vn -2.8720946331434757e-05 2.4362875960252435e-05 8.94162839185772e-06
vn -2.2886932611769377e-05 1.6315161714506138e-05 4.490212603791776e-06
vn -2.0397066917474777e-05 2.792613121499654e-05 7.1851994329454e-06
vn -1.881839155630516e-05 1.0696104211254908e-05 2.6549704947777523e-06
vn -1.1480531734835032e-05 5.363596805214534e-06 1.3686670212966325e-06
vn -8.702315138939726e-06 4.445304145380845e-06 1.3066792844765843e-06
vn -1.3714464263430508e-05 8.288554113896836e-06 2.665882666654178e-06
vn -3.580517454905335e-05 3.2338802097271287e-05 1.4290735213795704e-05
vn -1.8031065207012367e-05 1.3218067935771852e-05 5.7466297516627865e-06
vn -1.922805906012112e-05 1.4084207694735492e-05 5.175729517921861e-06
vn -3.418651677902961e-05 3.9253614909380554e-05 1.5133577456889225e-05
vn -7.894175700627605e-07 1.1774259596780193e-05 6.502365432409549e-07
vn -4.268118221986133e-08 2.6926801023046497e-07 3.5822243645781267e-09
vn -3.0373261526643717e-07 7.356631095840096e-06 5.126435371972442e-07
vn -1.4113787738021343e-05 3.2994330704347644e-05 3.614086413006653e-06
vn -2.065519500446831e-05 5.201851252952948e-05 2.3358933631055176e-08
vn -1.6539118503356554e-05 5.846089737752788e-05 2.0860774267869275e-07
vn -1.848951025291338e-05 4.792712072659956e-05 2.4159529859002214e-06
vn -1.3573561850476704e-05 6.754291324562705e-05 1.0168562222705774e-06
vn -1.3405040493061796e-06 2.977548373981472e-05 1.9972852807881627e-08
vn -1.512395247122168e-06 3.7237985013948475e-05 1.6195189636184034e-07
vn -5.356039757188774e-06 5.2519033281208616e-05 1.03762643666232e-07
vn -1.0075380048861208e-05 5.402792274767496e-05 1.6869762861836396e-07
vn -4.6676813751006335e-06 5.2809934146421805e-05 9.176546407572323e-07
vn -1.3883684502560731e-05 5.399531044405295e-05 2.5871827130838095e-06
vn -1.0170297266469606e-05 3.479368065024945e-05 4.2272096690899746e-06
vn -5.844552361591704e-06 4.822380446644599e-05 2.6886705791714525e-06
vn -6.537902326018812e-06 3.622514616448079e-05 5.01412522010952e-06
vn -7.923853963879059e-06 3.5121072918516404e-05 7.78674999053183e-06
vn -1.1266383845726985e-05 3.359280424752399e-05 6.789871203916013e-06
vn -9.762540474910343e-07 2.5513107419178463e-05 6.300443110420596e-07
vn -1.5086836245078691e-05 3.1689055962789654e-05 5.8775003833965896e-06
vn -2.260568693953121e-06 2.5601031223946227e-05 3.82606325117024e-06
vn -8.901621817928143e-07 2.1926157030414367e-05 3.138889799602783e-07
vn -1.5819225412500911e-06 2.3814586981613142e-05 2.283974576779801e-06
vn -9.85115410743062e-07 1.9578128671635177e-05 2.2381255697131464e-06
vn -4.7655037958205e-06 3.621297174794867e-05 8.910318360879898e-06
vn -1.1804009450309505e-05 7.856921186855875e-06 3.5282615731628887e-06
vn -1.431782802334273e-05 1.0239703368799803e-05 4.893289003323128e-06
vn -2.3773314343392835e-05 1.866881308202682e-05 8.253227466123759e-06
vn -1.6478821291208504e-05 3.030206349534307e-05 8.479666906634688e-06
vn -1.2659833824403507e-05 3.235428055427321e-05 9.691527002840793e-06
vn -9.322834183175155e-06 3.39848720693526e-05 1.088360514901558e-05
vn -6.789413459042959e-06 3.513878043176411e-05 1.2124004361776237e-05
vn -1.621021549403346e-06 2.011470310725268e-05 4.229740909829113e-06
vn -2.2117189607422966e-06 2.4120978366843127e-05 6.927217519494629e-06
vn -2.8116541593577182e-05 4.351918699849774e-05 1.7140840622156e-05
vn -2.2193651266618863e-05 4.716687339285749e-05 1.8779684706892144e-05
vn -3.307549897976435e-05 4.1313371661985065e-05 1.7916928637394964e-05
vn -9.814610999132505e-06 3.815373238000721e-05 1.609197307508345e-05
vn -1.6019527995342475e-05 4.659443085555064e-05 1.888655846344935e-05
vn -1.3299269069118927e-05 3.9466123691277426e-05 1.7187077269026958e-05
vn -1.6873873774509994e-05 3.824147958413211e-05 1.633049974636735e-05
vn -2.590180905679392e-05 4.438511511177194e-05 1.8920152143930475e-05
vn -4.274350763194044e-06 3.342588749771311e-05 1.255963776523155e-05
vn -5.422342751510601e-07 7.102698705747227e-06 1.0798147864247647e-06
vn -1.9750336055588338e-06 2.013878112143653e-05 6.546284589161845e-06
vn -1.8420026029750025e-06 1.700108394263324e-05 7.061417850574544e-06
vn -5.956220278490265e-07 3.898948117011336e-06 1.4462797464884865e-06
vn -9.487504546114731e-07 1.2078497866507727e-05 3.0139134572793507e-06
vn -3.0719305605049583e-06 2.1751969756666685e-05 9.968454900065902e-06
vn -5.738333721730158e-06 3.089404773597253e-05 1.3530928132713247e-05
vn -3.4962635918919173e-06 1.8964700090363767e-05 9.132998183315667e-06
vn -6.963364370543268e-06 3.0465505150578052e-05 1.3939463435240187e-05
vn -2.5828598409606085e-06 1.8081706847912435e-05 8.872845670907056e-06
vn -1.806244309444621e-06 1.4618887947045095e-05 6.895052906190753e-06
vn -3.604449157950038e-06 2.9864972618452558e-05 1.4468543814541004e-05
vn -1.2134377267414807e-05 7.2376949452834265e-06 2.676537934751663e-06
vn -1.0844598490708942e-06 1.420539663769265e-05 2.1596310257474446e-06
vn -1.0440466899910287e-05 6.8174290783912945e-06 3.18070502224108e-06
vn -1.4923845953858973e-05 1.0062749187594774e-05 4.546078819574911e-06
vn -1.644062845399334e-06 1.071935034423825e-06 5.121315590978277e-07
vn -2.7649394420119302e-05 1.917733247358685e-05 7.165362710356444e-06
vn -2.1382185000134054e-05 1.3748838879865271e-05 5.972354651873005e-06
vn -2.4927580471663294e-05 1.4112019346545599e-05 4.34018320799389e-06
vn -2.3164615994058876e-05 1.4038690729937176e-05 5.0093825678595324e-06
vn -2.2263987605714345e-05 2.135335024240417e-05 7.977922791586303e-06
vn -2.490398862383604e-05 2.694366578415775e-05 1.1301896368673975e-05
vn -2.9115376320143638e-05 1.829318554334517e-05 4.819433030329284e-06
vn -2.4391235508851347e-05 1.23273569768344e-05 2.1531216366552743e-06
vn -1.6481155573533545e-05 6.4603936549485575e-06 -1.6049728038235003e-06
vn -2.3274080403803337e-05 1.0328397815180323e-05 -1.1648860035014352e-07
vn -2.196418329578854e-05 1.1209178545078211e-05 -1.181484729355096e-06
vn -1.4989533320634256e-05 5.86875532393875e-06 -1.7783158250751374e-06
vn -6.754997956502825e-06 2.1353465663675363e-06 -9.582942652304265e-07
vn -2.939322930028766e-05 1.686871341317351e-05 1.7360473175855598e-06
vn -1.4466599624002554e-05 2.0682440883795475e-05 8.57081345487025e-06
vn -1.0495156500292094e-05 1.9337010195450507e-05 8.137768437505271e-06
vn -4.468610879191543e-06 1.0232214660616847e-05 4.390585843924671e-06
vn -7.355329581788656e-06 1.1833649290610003e-05 4.8119230925983245e-06
vn -1.2545629912336389e-05 1.5199275608000814e-05 5.902318703859546e-06
vn -2.42726209673885e-05 2.03175286644968e-05 6.022257775169603e-06
vn -1.62504783733801e-05 1.6837741705951873e-05 5.510213396662396e-06
vn -8.127519785677995e-06 9.274465625065795e-06 3.3538048456777535e-06
vn -4.739798535188834e-06 6.8286804697096465e-06 2.6375993283326854e-06
vn -9.880081347468753e-06 3.329651964336393e-05 1.4934688105268098e-05
vn -2.147039370726785e-05 1.611224697916853e-05 2.6625388465979036e-06
vn -1.8802847116790804e-05 1.292818980188248e-05 2.0944080166707081e-07
vn -1.3522164627498827e-05 1.2629069909713808e-05 3.062465920895572e-06
vn -9.770892393778556e-06 8.80726431805904e-06 1.4435208503026432e-06
vn -1.1103526770923656e-05 9.591377403882036e-06 5.56429427990773e-07
vn -1.1463860102904096e-05 8.012035004139734e-06 -1.0390552205007213e-06
vn -1.5481149843327277e-05 9.084440021836166e-06 -1.5306133411045184e-06
vn -1.5974349235195253e-05 7.293398518160264e-06 -1.721201124411893e-06
vn -7.443081389712833e-06 6.65583213536393e-06 -9.490011427490247e-07
vn -8.011138448547699e-06 7.154799112954595e-06 -4.965662529757673e-07
vn -6.5418448091100414e-06 5.0769074826555835e-06 -8.994442070626445e-07
vn -4.483053496911701e-05 -4.41538649089694e-06 -6.390859439699807e-07
vn -5.458402633453845e-05 -2.581553481524751e-06 -9.337850120057686e-07
vn -6.158832272465511e-05 -7.094079566759914e-06 -1.5140503362955955e-06
vn -6.0611061822169616e-05 -2.8878701821864306e-06 -1.6973047694404517e-06
vn -4.910981510379643e-05 -9.270421857848261e-06 -6.90226777305847e-07
vn -4.7678626129307405e-05 -2.038802452187056e-05 -5.703124077287179e-07
vn -4.869060216994662e-05 -1.481924956389976e-05 -6.233949543678604e-07
vn -6.180688614405502e-05 -2.3384964671573425e-05 -1.2536323580334733e-06
vn -6.407981713458102e-05 -1.570826423171396e-05 -1.518665228416346e-06
vn -6.5856803706143e-05 -3.734535914078132e-05 -9.573846188840451e-07
vn -4.237523649681715e-05 -2.264954338354013e-05 -4.3509215140920954e-07
vn -6.59668937272622e-05 -3.367935813699783e-06 -2.0398831939976753e-06
vn -6.720880935969736e-05 -6.503675296485347e-06 -2.246938898680627e-06
vn -6.363293613499319e-05 -4.98928183143332e-06 -1.563735008354004e-06
vn -6.608785800746146e-05 -1.066631551017868e-05 -1.2728639196676168e-06
vn -7.545934951467423e-05 -1.538794746142493e-05 -2.222043943221581e-06
vn -7.217535439165072e-05 -2.4018677169397612e-05 -1.6259195537398833e-06
vn -6.383678205289447e-05 -1.7567272543979985e-05 -4.773957251934365e-07
vn -6.620689434202573e-05 -2.6419165186137222e-05 8.91387466572713e-07
vn -6.81124892614311e-05 -3.220295317903505e-05 -8.615922715127905e-07
vn -9.436666649883853e-05 -6.944586882150324e-05 -8.289189439337137e-07
vn -3.995136247915035e-05 -2.6694460614401417e-05 -1.2584941988636217e-06
vn -8.535879282171895e-05 -8.317691236226303e-05 -8.876025652367748e-08
vn -7.713064099918297e-05 -6.463782197467912e-05 9.489030902214136e-07
vn -4.741823283334139e-05 -6.842485694366187e-05 1.4801536888423903e-06
vn -5.628103301679305e-05 -0.00010752728612342724 8.777281967567868e-07
vn -7.074014270259967e-05 -9.725227919635412e-05 5.607289804529647e-07
vn -6.47161137756948e-05 -7.220093322669939e-05 1.3194487326317487e-06
vn -6.995838835463402e-05 -8.524501660698194e-05 9.720821611081472e-08
vn -8.515362567799935e-05 -5.5186003260118544e-05 1.3049886427780692e-07
vn -4.419268803674176e-05 -3.192489591468919e-05 2.1846438974380385e-06
vn -5.8722896815107275e-05 -3.2731443701821495e-05 1.865640501674599e-06
vn -3.694855396192205e-05 -3.550726080731937e-05 3.3610327297787144e-06
vn -2.5914715424358294e-05 -3.2762222464716945e-05 2.7228032103588057e-06
vn -1.8125736411158365e-05 -3.084183515806438e-05 3.0195702797925337e-06
vn -3.76953982561275e-05 -7.456418752198779e-05 2.1229357485696806e-06
vn -2.915859840038053e-05 -7.809476945964048e-05 1.1081315622518974e-06
vn -3.216392133892915e-05 -3.416369820084373e-06 -4.535777611231302e-07
vn -2.0389274670351517e-05 -8.431859443199566e-07 -4.4051573398680753e-07
vn -4.698207761434563e-05 -2.4323011250535e-06 -1.1547053047843414e-06
vn -1.9966132966770154e-05 -2.528516854358267e-06 -2.6361225068173587e-07
vn -3.181641733505978e-05 -9.994114116415913e-06 6.056631176902526e-07
vn -3.152005317918909e-05 -6.535736357311309e-06 -5.224601561693945e-08
vn -3.2532580863267655e-05 -1.1567634888175457e-05 1.083724176004411e-06
vn -3.760337778243375e-05 -1.8227300382759045e-05 2.483677974013679e-06
vn -1.967231123164349e-05 -4.243302571533091e-06 6.101261194330153e-08
vn -1.8615795495536503e-06 -2.320398982520615e-07 -1.281614607180084e-07
vn -9.714339317066854e-06 -3.6303726950874445e-06 6.628538269206588e-07
vn -2.6980471651109932e-06 -5.766402434864321e-07 -6.554360003601454e-08
vn -1.3522376919110102e-06 -5.481730057868572e-08 -1.4686978294372562e-07
vn -3.536909091830834e-05 -2.2447460964409615e-05 3.608849385719083e-06
vn -2.7361314981620204e-05 -2.2519153491244992e-05 4.465132981665655e-06
vn -2.2620333808787524e-05 -2.6894851785496283e-05 4.337559109346822e-06
vn -1.9021999722990907e-05 -2.9452404674762763e-05 4.943701547931628e-06
vn -2.408581781677699e-05 -2.5315983914628033e-05 5.818212679188916e-06
vn -2.287397380610394e-05 -1.6305514806469417e-05 4.4854242769848145e-06
vn -2.8729904988596712e-05 -2.436823673810923e-05 8.94363944614317e-06
vn -2.0397062700799855e-05 -2.792613121499654e-05 7.185195958372146e-06
vn -1.8807564903779832e-05 -1.06897981321138e-05 2.6525906976413414e-06
vn -1.147153976680235e-05 -5.359033702927548e-06 1.367466915039744e-06
vn -8.682278219023402e-06 -4.4343504245107405e-06 1.3037662097847382e-06
vn -1.3693206476077886e-05 -8.275022364192537e-06 2.660649973565234e-06
vn -1.8142396417955103e-05 -1.330115334142062e-05 5.783904160726869e-06
vn -3.5865518790477716e-05 -3.237993307849541e-05 1.4309917981540876e-05
vn -1.9226562115188986e-05 -1.4081025420687036e-05 5.1727808848214224e-06
vn -3.418648786752908e-05 -3.925361255134918e-05 1.5133579195438232e-05
vn -3.0055396640114704e-07 -7.356506146455679e-06 5.130059629625759e-07
vn -4.131840614320443e-08 -2.6921282530996826e-07 3.733744770199469e-09
vn -7.886067159128183e-07 -1.177417718936374e-05 6.508754710960023e-07
vn -1.4113804130876673e-05 -3.299433963630436e-05 3.6140838598352916e-06
vn -1.716117427160698e-05 -5.865487886196965e-05 2.0464460496809946e-07
vn -2.119417245406e-05 -5.116661222681608e-05 -1.0759879756958848e-07
vn -1.8489516390737186e-05 -4.79271270296662e-05 2.4159457250366187e-06
vn -1.3866149464305159e-05 -6.805879331890984e-05 1.024025048675675e-06
vn -5.7239058092768304e-06 -5.443192480117184e-05 1.3614992210985845e-07
vn -1.667914455448211e-06 -3.8878521606252924e-05 1.874666186939479e-07
vn -1.5970441515310593e-06 -3.2475973122158575e-05 2.1939369722097742e-08
vn -1.114780869539958e-05 -5.6054390727732045e-05 2.088868223016191e-07
vn -4.698256641857497e-06 -5.315205049726347e-05 9.157008127808195e-07
vn -1.388366590208264e-05 -5.399532225102455e-05 2.5871810170421637e-06
vn -1.0170286638523392e-05 -3.4793669185589866e-05 4.227209709671631e-06
vn -5.843950397546802e-06 -4.8223774195318045e-05 2.6889972138227324e-06
vn -6.537903367213295e-06 -3.622515499027764e-05 5.014126125670441e-06
vn -1.1266383110709677e-05 -3.359279589718556e-05 6.7898703410916454e-06
vn -7.923844955233743e-06 -3.512106622251382e-05 7.786750027182044e-06
vn -9.742744699697256e-07 -2.551301757588542e-05 6.306746789020546e-07
vn -1.5086838068477498e-05 -3.1689051580415694e-05 5.877500680949332e-06
vn -2.259842984811315e-06 -2.5601050830393315e-05 3.8259981475487855e-06
vn -8.878217002449622e-07 -2.1926201056947034e-05 3.1272594146102787e-07
vn -9.832361897555344e-07 -1.957808146645703e-05 2.2386023824645764e-06
vn -1.5799388164456449e-06 -2.381453305711127e-05 2.2841088706636457e-06
vn -4.765153819080719e-06 -3.621294086309079e-05 8.910470579385654e-06
vn -1.8418171245223686e-06 -1.7001056558203554e-05 7.06171285760441e-06
vn -1.8061227200831964e-06 -1.4618884851899727e-05 6.895113404619909e-06
vn -5.95363989487463e-07 -3.898935733281188e-06 1.446444749152079e-06
vn -1.64788201517037e-05 -3.0302055769199397e-05 8.479662452869029e-06
vn -9.322824441215104e-06 -3.3984873535895974e-05 1.0883604676539102e-05
vn -1.2659846093621589e-05 -3.2354286605750785e-05 9.691529813497405e-06
vn -6.789416444312868e-06 -3.513878083522691e-05 1.2124002376885111e-05
vn -2.2108439670291905e-06 -2.4120896756914632e-05 6.92754592218504e-06
vn -1.6202598749304262e-06 -2.01146435823422e-05 4.230020946594047e-06
vn -2.811652810700396e-05 -4.351917351517445e-05 1.71408349792259e-05
vn -2.2193683159200782e-05 -4.7166860962780096e-05 1.877968780818812e-05
vn -3.3075466822577655e-05 -4.131337755259848e-05 1.791693181595313e-05
vn -1.6019514320268575e-05 -4.659444804138962e-05 1.8886569609566276e-05
vn -9.814602069205437e-06 -3.815373003137984e-05 1.6091970622504465e-05
vn -1.3299233219617429e-05 -3.9466133025911736e-05 1.7187068459796866e-05
vn -2.5901826886678905e-05 -4.438508735222417e-05 1.892014336878764e-05
vn -1.6873887443765547e-05 -3.824147827884096e-05 1.6330496891029073e-05
vn -4.274063949168885e-06 -3.342586884348336e-05 1.255975096171894e-05
vn -5.418184838925781e-07 -7.102698244997167e-06 1.0798301751293312e-06
vn -1.9739755357602755e-06 -2.0138712245365303e-05 6.546662354765195e-06
vn -9.475752879191865e-07 -1.2078426056337188e-05 3.0142151681472785e-06
vn -5.738332946023266e-06 -3.089404739627865e-05 1.3530926934596957e-05
vn -3.0718853563341854e-06 -2.1751975598754312e-05 9.968452753666689e-06
vn -6.963369498197273e-06 -3.046550569156495e-05 1.3939462614422354e-05
vn -3.4962617366535164e-06 -1.8964707750302283e-05 9.132998947999481e-06
vn -2.582843284895834e-06 -1.8081692010846167e-05 8.872882236880653e-06
vn -3.6044720267235494e-06 -2.986493629763995e-05 1.4468635625398697e-05
vn -1.2127849034795404e-05 -7.233515229816608e-06 2.6752765421217774e-06
vn -1.0489064754965896e-05 -6.850131236360955e-06 3.195764533034759e-06
vn -1.4991023508910357e-05 -1.010877173932469e-05 4.566527772960998e-06
vn -1.4461161058388136e-05 -1.0335655167359104e-05 4.935169578217533e-06
vn -1.6783010985156403e-06 -1.094776025052086e-06 5.229293516921834e-07
vn -2.3796478572361455e-05 -1.867356256163382e-05 8.254567268233178e-06
vn -2.1440032598638054e-05 -1.3766547940261833e-05 5.968585827110298e-06
vn -2.7645616140744582e-05 -1.916060140958825e-05 7.150642219439705e-06
vn -1.1936120828759028e-05 -7.940107038579518e-06 3.5557205535695848e-06
vn -2.3171286711709745e-05 -1.4050711050166284e-05 4.971041737072784e-06
vn -2.48642118626167e-05 -1.4070636490523977e-05 4.299159508177805e-06
vn -2.226398094977111e-05 -2.1353341501683723e-05 7.97791947625848e-06
vn -2.4903978676261046e-05 -2.6943673932841786e-05 1.1301901988835174e-05
vn -2.4297717303417023e-05 -1.2275289598611098e-05 2.1163938891960178e-06
vn -2.9091773598351227e-05 -1.826151419598242e-05 4.806694782706733e-06
vn -2.1943008862372983e-05 -1.1203435844456416e-05 -1.1849174759811393e-06
vn -2.3158042586865933e-05 -1.0273267285967276e-05 -1.37326344461563e-07
vn -1.6342938039183144e-05 -6.409324017850268e-06 -1.6020366484410063e-06
vn -6.676131861317636e-06 -2.110573295255694e-06 -9.499975733282003e-07
vn -1.5076240391957262e-05 -5.917837762676398e-06 -1.7913440694861721e-06
vn -2.936140011772383e-05 -1.684238863214941e-05 1.7272826887982553e-06
vn -1.4466591630813542e-05 -2.068243726693843e-05 8.570815266781359e-06
vn -4.46859839730326e-06 -1.0232226924586541e-05 4.390573579954977e-06
vn -1.0495163141252052e-05 -1.933699918740217e-05 8.13776066075185e-06
vn -7.355329581788656e-06 -1.1833635931444877e-05 4.8119230925473925e-06
vn -1.254561695805433e-05 -1.5199280780133235e-05 5.902319846441115e-06
vn -1.625045918425031e-05 -1.6837728647026737e-05 5.510203325145093e-06
vn -2.4272608853614597e-05 -2.0317512571529185e-05 6.022249457201905e-06
vn -8.127512103840055e-06 -9.27446493640119e-06 3.3538075718968694e-06
vn -4.739798535188834e-06 -6.828662789419577e-06 2.6375973558737456e-06
vn -9.880081347468753e-06 -3.329651029706807e-05 1.493468810530448e-05
vn -2.1470381204440596e-05 -1.6112242357203294e-05 2.6625398754703792e-06
vn -1.880283769059579e-05 -1.2928193358457984e-05 2.0944497906636946e-07
vn -9.77087464485998e-06 -8.807246569140463e-06 1.4435182281491336e-06
vn -1.3522144188888114e-05 -1.2629049471103098e-05 3.062461270374659e-06
vn -1.1103504856712297e-05 -9.59135538160564e-06 5.564282841179653e-07
vn -1.534199701949846e-05 -9.029783175170808e-06 -1.5145415126645766e-06
vn -1.1391218995468115e-05 -7.967970607642004e-06 -1.03167638404726e-06
vn -1.6192241356678645e-05 -7.425597733234579e-06 -1.743448896555253e-06
vn -8.011121020535795e-06 -7.154790821176028e-06 -4.965629496664435e-07
vn -7.400967764160874e-06 -6.622745279536456e-06 -9.411787525461764e-07
vn -1.0836391035990608e-06 -1.4205396489994334e-05 2.159678408761533e-06
vn -6.442310346293547e-06 -5.016194446937734e-06 -8.861879715628263e-07
vn -3.4292037389543075e-06 -2.7117791507422575e-06 -9.522469233000079e-07
vn -5.1977250230325905e-06 -3.6463914714497783e-06 -1.1846883951945148e-06
vn -3.5027020539843748e-06 -2.145651923622869e-06 -9.848947857438208e-07
vn -7.85163485004841e-06 -7.082431727379216e-06 -2.349673774694907e-06
vn -7.959162971210931e-06 -7.058860444543646e-06 -1.8177503169175647e-06
vn -4.0089965236872e-06 -3.5459296527544516e-06 -9.142652510173958e-07
vn -7.733454639651125e-06 -6.797088017765599e-06 -4.033174204687728e-06
vn -7.075156518325362e-06 -6.858569419713429e-06 -3.6072848449890997e-06
vn -7.542961949120491e-06 -7.040023306803324e-06 -3.1047672137974916e-06
vn -8.204049026986877e-06 -6.7680539803795775e-06 -3.2249469931574875e-06
vn -6.907309189723714e-06 -7.013218324233011e-06 -4.265359843609627e-06
vn -6.461992529582992e-06 -7.033866877326795e-06 -4.933374408551014e-06
vn -7.3669684338077765e-06 -6.791275889233596e-06 -4.930135763685742e-06
vn -2.308343518843546e-06 -1.612285274399219e-06 -5.275101226665113e-07
vn -9.084203800483784e-06 -5.87463857805009e-06 -3.562983364024264e-06
vn -2.333424960053483e-08 -1.268545224317688e-08 -5.287361404274893e-09
vn -9.33019311061793e-09 -5.079541817893229e-09 -2.1141468867594072e-09
vn -9.690372460755757e-06 -4.698793541124256e-06 -3.6055430889971264e-06
vn -8.747096280156844e-06 -5.919698702514002e-06 -4.489015496250422e-06
vn -8.271174274339696e-06 -5.935147781049579e-06 -5.360428341795929e-06
vn -6.822564556980528e-06 -6.775102385038896e-06 -5.632963188035952e-06
vn -7.66951771910353e-06 -5.9205031123122635e-06 -6.150195580348962e-06
vn -8.879135330074127e-06 -4.754529765723198e-06 -5.533430439559229e-06
vn -8.262450069606519e-06 -4.7464970138311564e-06 -6.389137658166208e-06
vn -6.9614999763507785e-06 -5.876214632663948e-06 -6.835404529821014e-06
vn -6.19204363194136e-06 -6.740158482022425e-06 -6.251922530240418e-06
vn -9.359307624596924e-06 -4.738467700746186e-06 -4.595814904840433e-06
vn -5.958716669500665e-06 -7.0654225442339045e-06 -5.56431834858863e-06
vn -1.6285889848830723e-06 -1.1456246376002978e-06 -3.6978765665806207e-07
vn -3.336581243704628e-06 -7.0495107667477415e-06 -7.42002525933768e-06
vn -4.065353236432188e-06 -7.080833748904786e-06 -7.077032284935268e-06
vn -4.056053410760769e-06 -6.693209574596921e-06 -7.730533937467726e-06
vn -3.298034909856559e-06 -6.7431919999212665e-06 -8.163633155273687e-06
vn -2.5844074170310403e-06 -7.036029236147862e-06 -7.698691598722583e-06
vn -4.764751325288105e-06 -7.116617581976019e-06 -6.667516670226843e-06
vn -4.773953448074451e-06 -6.662542539686177e-06 -7.252374458654188e-06
vn -7.351374748101383e-07 -6.761337975366049e-06 -8.816282211482597e-06
vn -2.223737474703965e-07 -7.083948287113222e-06 -8.145340486033493e-06
vn -1.0242305985764958e-06 -7.056098064955854e-06 -8.063391970587134e-06
vn 1.0107040972052474e-06 -6.676470952659408e-06 -8.6632647515527e-06
vn 1.3997990244954037e-06 -7.139920948991019e-06 -8.073774372848243e-06
vn 5.902130401554138e-07 -7.124789177707072e-06 -8.163047508857921e-06
vn -1.8128384902211183e-06 -7.039942890061171e-06 -7.913990344485747e-06
vn -1.618234370830273e-06 -6.776626928023153e-06 -8.715465352629383e-06
vn -1.4004055775053998e-08 -7.614679515734669e-09 -3.1732197925852575e-09
vn -1.5867467798784818e-07 -8.628984258102795e-08 -3.595442334641788e-08
vn -2.479325665467139e-06 -6.7710179390771656e-06 -8.495919178382218e-06
vn 1.478030599613699e-07 -6.726569036286498e-06 -8.796676462100985e-06
vn -5.493260318862073e-06 -6.689770792724748e-06 -6.776537909365089e-06
vn -5.400690030365299e-06 -7.107532123735044e-06 -6.1573967278355305e-06
vn -6.171255351756584e-06 -5.8035893007496135e-06 -7.3988556327442756e-06
vn -5.371159479399308e-06 -5.759087845816336e-06 -7.913223950789285e-06
vn -3.782678417846758e-06 -5.874645847891133e-06 -8.994942381923775e-06
vn -2.8839457419802266e-06 -5.919708146331352e-06 -9.399245071785977e-06
vn -9.419447198357087e-07 -5.920500180939356e-06 -9.785659307788803e-06
vn 4.290690274884264e-08 -5.87620797059852e-06 -9.75619681586126e-06
vn -1.927541878838273e-06 -5.935150709569138e-06 -9.66597499878664e-06
vn -4.5987870099398336e-06 -5.801296791669729e-06 -8.469087354798077e-06
vn 1.92449948871894e-06 -5.759087212943781e-06 -9.368286161239072e-06
vn 1.8540509962439545e-06 -6.65129930210532e-06 -8.48356453161003e-06
vn 9.978576146145842e-07 -5.803590190749229e-06 -9.582888669289412e-06
vn -8.142944956738806e-07 -5.728162777445599e-07 -1.8489330649002543e-07
vn -7.813078167827801e-06 -3.6263913267967003e-06 -2.0757245523840587e-06
vn -2.6031862495961633e-06 -1.392630278447029e-06 -5.948397427726531e-07
vn -5.1665908226132525e-06 -2.047477743427353e-06 -1.1704713359771465e-06
vn -1.0045045339221804e-05 -4.032974330755744e-06 -2.995362055823432e-06
vn -9.811633612880633e-06 -4.080445535189645e-06 -4.02606615971053e-06
vn -5.6589602823408995e-06 -3.0635664747624422e-06 -1.2887388005845853e-06
vn -1.0099687030433449e-05 -3.991589577935446e-06 -2.2931096172021137e-06
vn -7.528762464465029e-06 -4.71459683510042e-06 -7.137673188365596e-06
vn -6.702964385109688e-06 -4.659786419985422e-06 -7.759600250964772e-06
vn -5.7875952392952355e-06 -4.5279965693123115e-06 -8.38830075179797e-06
vn -8.882476297619013e-06 -4.115101651687025e-06 -5.957874091880502e-06
vn -9.421556771426086e-06 -4.108095466547025e-06 -5.024026197907718e-06
vn -4.071472143275143e-07 -2.864083629563343e-07 -9.244669411407052e-08
vn -2.0356939317245129e-07 -1.4319569440567905e-07 -4.6222404864090455e-08
vn -8.209760389666363e-06 -4.101238159252497e-06 -6.798830617812391e-06
vn -7.4253997767737935e-06 -4.0669341619642264e-06 -7.522880601236263e-06
vn -6.556230643386816e-06 -4.013198012670251e-06 -8.112440780103636e-06
vn -3.215469440296627e-06 -2.1207243572540405e-06 -4.7034068339000465e-06
vn -5.089233878934703e-08 -3.5798799745964765e-08 -1.1555630603618211e-08
vn -7.634702982640557e-08 -5.370270159904919e-08 -1.7335375176703692e-08
vn -4.018170420057838e-06 -4.705681623764576e-06 -9.54464577412402e-06
vn -5.134393802979616e-06 -4.013143672925071e-06 -9.079159830052975e-06
vn -4.8839451687971955e-06 -4.646741364147729e-06 -8.986085787986627e-06
vn -2.628404529222804e-06 -2.4721454255801536e-06 -5.98833711555907e-06
vn -3.0646135726074763e-06 -4.741972662283108e-06 -9.974277379163974e-06
vn -2.1439506899872375e-06 -4.877898652770385e-06 -1.0179489963392638e-05
vn -1.36131378792909e-07 -4.714602662003322e-06 -1.0373529608719622e-05
vn -1.1842673676907746e-06 -4.746500039148434e-06 -1.0377219792976712e-05
vn 8.855193332492945e-07 -4.659791959978785e-06 -1.0215525465856067e-05
vn -2.0196755103404202e-06 -2.487652399430134e-06 -6.2288810559707194e-06
vn -2.0949334322827703e-06 -4.103783228032553e-06 -1.0456867817209833e-05
vn -4.972561113944095e-07 -2.221387843462335e-06 -5.9204186177198766e-06
vn 2.1200436689780919e-07 -4.06694884715123e-06 -1.056812807033658e-05
vn 1.2407125779190556e-06 -4.013208584760147e-06 -1.035647115372296e-05
vn 1.974497852833774e-06 -4.528004660553439e-06 -9.998060507352609e-06
vn 2.6985178690800006e-06 -6.682482546435392e-06 -8.304866883998942e-06
vn 2.942075139346199e-06 -7.079646952987707e-06 -7.592195818244617e-06
vn 2.1845939688456577e-06 -7.111972445485582e-06 -7.870491028123968e-06
vn 2.861546072866449e-06 -5.8012937925639784e-06 -9.20249187709166e-06
vn 3.5381791335879593e-06 -6.731380725386653e-06 -8.06383974972281e-06
vn 3.807596254812281e-06 -5.874643519673606e-06 -8.984421194327379e-06
vn 3.6686901960426067e-06 -7.061400693043161e-06 -7.2490568335974185e-06
vn -5.600746012884591e-08 -3.0459713261239725e-08 -1.2690876622888559e-08
vn -1.1200615880154005e-07 -6.09189331524797e-08 -2.5379760222554075e-08
vn 5.106185036102739e-06 -6.765873606174181e-06 -7.246094802401835e-06
vn 5.02156814194742e-06 -7.072287825945992e-06 -6.389902920480865e-06
vn 4.363007432107559e-06 -7.060739393603145e-06 -6.848573690040005e-06
vn 4.347876481019711e-06 -6.759704221963029e-06 -7.709557321065512e-06
vn 5.794706787516429e-06 -6.751400616809019e-06 -6.684214217826675e-06
vn 5.640224736873416e-06 -7.095703495844633e-06 -5.874739844851123e-06
vn 6.220625597405029e-06 -7.134014573833612e-06 -5.30813399067114e-06
vn 6.3964702866770915e-06 -6.716608928758117e-06 -6.038323288054695e-06
vn 4.724161285116221e-06 -5.919703605886593e-06 -8.622370554153618e-06
vn 4.037272233428344e-06 -4.705685040368452e-06 -9.53658081976457e-06
vn 5.010227411181582e-06 -4.741974924975173e-06 -9.152906175902907e-06
vn 5.582366478595733e-06 -5.935147660882278e-06 -8.123031840439915e-06
vn 3.0331444708285905e-06 -4.646740185996669e-06 -9.767430614075406e-06
vn 6.355559844086021e-06 -5.920503316303456e-06 -7.500215118134667e-06
vn 7.021352818831965e-06 -5.876214328619841e-06 -6.773907787890254e-06
vn 6.610466069257421e-06 -4.746492842005242e-06 -8.086462320449532e-06
vn 7.338867636200416e-06 -4.714596990661622e-06 -7.332780808944852e-06
vn 7.5632069033361205e-06 -5.80358960408189e-06 -5.968703475754497e-06
vn 6.903202307488412e-06 -6.6664510753848224e-06 -5.328074107890016e-06
vn 5.799419440107994e-06 -4.877897058458034e-06 -8.63627644803213e-06
vn 7.142688593877651e-06 -7.135923390082286e-06 -3.975519858885553e-06
vn 6.729151561214504e-06 -7.155021662142023e-06 -4.672969501482188e-06
vn 7.366075917748435e-06 -6.643623130665006e-06 -4.6008457094186255e-06
vn 7.740981896540706e-06 -7.0802015154508825e-06 -2.4788339369381247e-06
vn 7.477390136226304e-06 -7.102935721158589e-06 -3.2395277072738876e-06
vn 8.242853222456209e-06 -6.723220371124812e-06 -3.1016944012812202e-06
vn 8.554641875073839e-06 -6.752121545566184e-06 -2.2744552809523352e-06
vn 7.941278973710705e-06 -7.075044777878148e-06 -1.7021702959381738e-06
vn 7.829512783280941e-06 -6.67545491370935e-06 -3.871954536057466e-06
vn -4.480246352061602e-07 -2.4366694207721863e-07 -1.0151880732467873e-07
vn 8.139173047908374e-06 -7.100388387282825e-06 -1.0917877021302353e-07
vn 8.787902400313547e-06 -6.710593249887034e-06 3.5876419138142675e-07
vn 8.13673454438303e-06 -7.132309537155831e-06 6.995136046523765e-07
vn 8.073777875104814e-06 -7.081200102217821e-06 -9.109005209954655e-07
vn 8.829892177592597e-06 -6.744627118512173e-06 -5.227739555945757e-07
vn 8.751985507006928e-06 -6.758814412504395e-06 -1.4077906283330218e-06
vn 6.4933401084178265e-06 -5.687716557285278e-06 1.0962278392666702e-06
vn 6.784344999537293e-06 -5.329730990706324e-06 1.2652990684709473e-06
vn 3.307569996851313e-06 -2.9189874488241725e-06 6.983805446220194e-07
vn 8.630530656885579e-06 -6.65770674070482e-06 1.216227211817711e-06
vn 8.05573320115081e-06 -5.759088127980425e-06 -5.154977205888846e-06
vn 9.094092791963462e-06 -5.874672606646006e-06 -3.5377889770779405e-06
vn 9.473921285734281e-06 -5.919734485228265e-06 -2.6284416176732673e-06
vn 8.590504544233793e-06 -5.801305824351173e-06 -4.367842752046642e-06
vn 9.807580299644156e-06 -5.920505649577623e-06 -6.766861549075144e-07
vn 9.552276678764087e-06 -5.80353292378522e-06 1.2568936830915438e-06
vn 9.255471696728003e-06 -5.9068975411315396e-06 1.68191460349099e-06
vn 9.751424852168308e-06 -5.876192224636176e-06 3.070021679490553e-07
vn 9.714648160001462e-06 -5.93516570037413e-06 -1.6651638573703368e-06
vn -8.960491851053472e-07 -4.873241116456713e-07 -2.0303798928117466e-07
vn 2.9251644257670273e-06 -4.013154197346527e-06 -1.0011821216371235e-05
vn 4.9571088936500685e-06 -4.101226261760696e-06 -9.436646419125078e-06
vn 6.032382470503071e-06 -4.103787309137575e-06 -8.794611467764766e-06
vn 3.9543549267404465e-06 -4.0669013003968544e-06 -9.802621853254254e-06
vn 8.541909708577187e-06 -4.528004947452531e-06 -5.558397779175775e-06
vn 4.384287996930119e-06 -2.515721231579573e-06 -5.0303200094678315e-06
vn 7.93821102155641e-06 -4.659789515067732e-06 -6.490449703739713e-06
vn 7.721134285508904e-06 -4.0669371257433805e-06 -7.219029802884662e-06
vn 1.1329299749394172e-06 -2.116744785325631e-06 -5.490660734543137e-06
vn 9.214851295248736e-06 -4.013170654715352e-06 -4.886735203044447e-06
vn 9.115034836677075e-06 -4.646753421072754e-06 -4.638899844834464e-06
vn 5.159575906660891e-06 -2.247015829182322e-06 -3.281661038113551e-06
vn 8.286949812714077e-06 -4.013203901193044e-06 -6.334217405234351e-06
vn -8.479216281227418e-09 -5.964965664160499e-09 -1.9252907669331356e-09
vn -1.2723086298957083e-08 -8.951951646862426e-09 -2.8889012444232643e-09
vn 9.649971844398825e-06 -4.7056979242037125e-06 -3.758317097249658e-06
vn 1.0053636177287853e-05 -4.741990306345574e-06 -2.793476495518018e-06
vn 9.782789033718176e-06 -4.06691726483163e-06 -4.00329109992137e-06
vn 1.0309717482531106e-05 -4.75455014216403e-06 -1.7712901717868916e-06
vn 1.0408961743654944e-05 -4.743001796649892e-06 -7.222357624620984e-07
vn 1.0349965549348515e-05 -4.707693388116732e-06 3.2185723491300027e-07
vn 1.0139165266848711e-05 -4.649673351570646e-06 1.3301990113280073e-06
vn 9.899889834004127e-06 -4.807133344320477e-06 1.7990294774848287e-06
vn 1.0219922556998785e-05 -4.1012320660339566e-06 -3.0294420162127943e-06
vn 1.0637608770952629e-05 -4.10810436188187e-06 -9.213851491920916e-07
vn 1.0508458786591676e-05 -4.115099393429049e-06 -1.9919035638761927e-06
vn 1.0414511617023133e-05 -4.032974270301777e-06 1.189185094641285e-06
vn 1.0193756255481619e-05 -3.982023150166537e-06 1.8524332236074147e-06
vn 1.0604539903329535e-05 -4.080453297282768e-06 1.495965889853901e-07
vn -1.7920986230629785e-06 -9.746401210079093e-07 -4.060763873184109e-07
vn -2.1210824804646175e-08 -1.491691731102225e-08 -4.8161247168850955e-09
vn 6.701287146513087e-06 -7.152722834060606e-06 9.077415798854289e-07
vn 2.64722573515755e-06 -3.153056944938263e-06 2.4627183194029664e-07
vn 6.743216300296003e-06 -7.180569084931511e-06 4.75456037099407e-07
vn 6.787061446414503e-06 -7.195381966121614e-06 -7.012265879545425e-08
vn 4.931059122946516e-06 -5.689153329202555e-06 -8.73236691806692e-08
vn 6.5501098444975996e-06 -7.054855158270092e-06 -1.271706783014349e-06
vn 6.649669884841202e-06 -7.061752800940996e-06 -6.27732047949411e-07
vn 4.568064526410811e-06 -5.4296319766114735e-06 -5.945583862695426e-07
vn 4.489274081087083e-06 -5.431950376902004e-06 -1.0379136398987577e-06
vn 6.41320858539023e-06 -7.075437298476774e-06 -1.9103416895577734e-06
vn 4.379062567936636e-06 -5.448071142422208e-06 -1.4760836351639587e-06
vn 6.159602793996916e-06 -7.1049039358249075e-06 -2.639626961488591e-06
vn 8.241245881328348e-08 -1.2065639035364963e-07 1.0912293629887395e-08
vn 3.3196964828908986e-06 -3.5283914475016023e-06 4.3961290325813514e-07
vn 2.0085117892442888e-06 -3.7675037249680874e-06 -2.43729161172288e-08
vn 1.971899257032042e-06 -3.7879666500628866e-06 -4.1659646024405807e-07
vn 1.8624673327142839e-06 -3.815369363790224e-06 -7.981999100129951e-07
vn 3.848514174225402e-06 -5.106240065805946e-06 -1.6937817893574063e-06
vn 1.9262305133108775e-06 -3.8008413518305885e-06 -6.094846849938389e-07
vn 1.9993438156293356e-06 -3.7767082347801023e-06 -2.2105245409858833e-07
vn 4.103166812815776e-06 -5.4845696756943885e-06 -2.2307328132721805e-06
vn 4.733368669624592e-06 -7.19967079249651e-06 -4.865698751757434e-06
vn 3.4179653830014175e-06 -5.692839367198693e-06 -3.557759398927867e-06
vn 4.241899105877122e-06 -7.0696572359479495e-06 -5.156764329091264e-06
vn 5.134423220866846e-06 -7.130608311783111e-06 -4.345953131500283e-06
vn 4.111772183822651e-06 -5.772891309689237e-06 -2.8593611479827444e-06
vn 5.725187436444989e-06 -7.361926818377903e-06 -3.923569812120141e-06
vn 3.16323860138975e-06 -7.07695705394686e-06 -5.888308208591575e-06
vn 3.7131254632105692e-06 -7.059026359383824e-06 -5.53744181575289e-06
vn 2.431731618143039e-06 -5.429375738050472e-06 -3.9123746033495446e-06
vn 1.3139244496822093e-06 -5.4838482458710805e-06 -4.477639513891329e-06
vn 2.4693831331552346e-06 -7.098718222798986e-06 -6.219152599524027e-06
vn 1.5167199292852748e-06 -5.104626399312093e-06 -3.919557876129286e-06
vn 2.802265132503605e-06 -5.428867343926834e-06 -3.656603737190611e-06
vn 2.0431732063395185e-06 -5.444237033314762e-06 -4.142514224150813e-06
vn 5.924919808019675e-06 -7.2513672434325454e-06 -3.384392791446801e-06
vn 1.552329727712025e-06 -3.8345215627257365e-06 -1.3110865864015934e-06
vn 3.1931940779478385e-06 -5.116305276772451e-06 -2.7500842445260593e-06
vn 1.6782941299835508e-06 -3.840170559800243e-06 -1.1541549271834495e-06
vn 1.2567088709335793e-06 -3.8057567635711653e-06 -1.5776190308332e-06
vn 9.219943676887797e-07 -3.768884687127053e-06 -1.782652292915785e-06
vn 7.432987004734882e-07 -3.748118547208643e-06 -1.8610260135044558e-06
vn 1.0935603850971532e-06 -3.7883814341786717e-06 -1.6880931063223547e-06
vn 1.409875927799819e-06 -3.8206127457433445e-06 -1.4515937983657975e-06
vn 1.7755997855291145e-06 -7.239691153310444e-06 -6.578455023889323e-06
vn 1.7808083106930883e-06 -3.830694134794896e-06 -9.811781647119973e-07
vn 1.3448291684353143e-06 -3.594307882327175e-06 1.3437783990547868e-07
vn 1.7801196581980584e-06 -3.440627386015647e-06 1.4303946352100393e-07
vn 1.6854807900022146e-06 -3.436135975545576e-06 3.3085566794819795e-07
vn 1.3935106571630198e-06 -3.7557477860679606e-06 -1.2688346004814717e-07
vn 1.3765697947041658e-06 -3.6815169121349232e-06 7.074265544566658e-09
vn 1.3762353991172474e-06 -3.862628044228051e-06 -4.055479844355488e-07
vn 1.285949210658279e-06 -3.910032491925186e-06 -6.792546935492184e-07
vn 1.3402440337514528e-06 -3.893962244677101e-06 -5.445390649559572e-07
vn 1.516297279139999e-06 -2.2428106618772936e-06 1.9715340603362243e-07
vn 1.3937883089751186e-06 -3.816565163892455e-06 -2.652857434991923e-07
vn 1.273311305833713e-06 -3.40518437478265e-06 1.665997718746546e-07
vn 1.213783114036423e-06 -3.910871039501182e-06 -8.061509642655891e-07
vn 4.944910822538085e-07 -7.239383653003724e-07 6.547559475329257e-08
vn 1.124074867622794e-06 -3.8927769368244625e-06 -9.212856266335022e-07
vn 9.057624262954055e-07 -3.815345372130194e-06 -1.1075902450298396e-06
vn 1.0201690071334618e-06 -3.8592447605864145e-06 -1.022121890698975e-06
vn 5.285463944215824e-07 -3.6456261846369696e-06 -1.263295585165319e-06
vn 5.58754633154846e-07 -3.7276368103462256e-06 -1.9231349342610426e-06
vn 6.570136039418551e-07 -3.7067188407521294e-06 -1.2282599326062618e-06
vn 7.837191690310288e-07 -3.7638774066109416e-06 -1.176403631238825e-06
vn 4.008236511810771e-07 -3.580208156158631e-06 -1.2825186862020644e-06
vn 2.795808788132443e-07 -3.6003991381256085e-06 -1.3182879941152363e-06
vn 3.7085670121623896e-07 -3.753054424870394e-06 -1.981019419836079e-06
vn 2.4725355608837855e-07 -3.619692500360193e-07 3.273918264634804e-08
vn 8.745931241229005e-07 -5.774616968333384e-06 -4.9319051735970746e-06
vn -1.1690485826918828e-07 -7.2055414027323285e-06 -6.790040513572968e-06
vn -1.1032902275077957e-07 -5.696157436754995e-06 -4.934646090390372e-06
vn -6.663146847670135e-07 -7.077085013164444e-06 -6.642824123286476e-06
vn 5.408909209463409e-07 -7.13784499703981e-06 -6.708364480684182e-06
vn 1.2511554311792436e-06 -7.363542648763312e-06 -6.825799618763601e-06
vn -1.9438793112394327e-06 -7.0784299384162886e-06 -6.3890122334931535e-06
vn -1.3085140747859151e-06 -7.0633942881807835e-06 -6.533808279514378e-06
vn -1.056041373514807e-06 -5.425650842413542e-06 -4.48275345888572e-06
vn -1.4928105450875573e-06 -5.4392010475466704e-06 -4.3688716142459e-06
vn -2.5770932906879236e-06 -7.122664047842859e-06 -6.20716445033807e-06
vn -6.136650979146188e-07 -5.4269566324057695e-06 -4.56623072151301e-06
vn -3.2876107778068638e-06 -7.157507403823984e-06 -5.892158359405688e-06
vn -1.9250416461849474e-06 -5.467272964382287e-06 -4.224765647651073e-06
vn 1.7536028794350395e-07 -3.7692856479247387e-06 -2.0124615403266875e-06
vn 3.0702802199344713e-07 -5.119799887929568e-06 -4.205897040617404e-06
vn -2.216687889117808e-07 -3.7947044454022896e-06 -2.011759439227703e-06
vn -2.3052111820786026e-08 -3.780785886946694e-06 -2.02092944283976e-06
vn -6.140320755570589e-07 -3.824650768989548e-06 -1.9374377155649926e-06
vn -9.891590379444785e-07 -3.859429325966914e-06 -1.7893781945697752e-06
vn -2.086511475114762e-06 -5.130891082676748e-06 -3.674979089255239e-06
vn -2.878437289490125e-06 -5.774901523639151e-06 -4.099745362991755e-06
vn -1.1642235263723798e-06 -3.873792351851537e-06 -1.6861260828474325e-06
vn -8.045810031346299e-07 -3.841417932463074e-06 -1.8725343201632472e-06
vn -4.191934352104419e-07 -3.8091716274057e-06 -1.983868689141462e-06
vn -3.96047266021871e-06 -7.364393996642474e-06 -5.69784174105019e-06
vn -4.9033602476903385e-06 -7.21195477784222e-06 -4.705049483866764e-06
vn -3.577198392473855e-06 -5.698701937582342e-06 -3.4049771928555374e-06
vn -5.181404943702253e-06 -7.0849733513295275e-06 -4.211393822083632e-06
vn -4.3767543538262595e-06 -7.1442376434881955e-06 -5.11821277066615e-06
vn -2.763639858682869e-06 -5.121892402367829e-06 -3.1888966649467468e-06
vn -3.6691986806015575e-06 -5.42422510102802e-06 -2.787727167613266e-06
vn -5.55502133522789e-06 -7.068444361136084e-06 -3.6776829771684824e-06
vn -3.921187367520799e-06 -5.4214196426477415e-06 -2.4146708273300228e-06
vn -5.898213037603011e-06 -7.080791052795646e-06 -3.124097067762402e-06
vn -1.5310075333489875e-06 -3.832841428151544e-06 -1.5027992333397954e-06
vn -1.692178280437739e-06 -3.824386061364549e-06 -1.1162181529241436e-06
vn -1.5783508758136855e-06 -3.844973413804007e-06 -1.2809907508243782e-06
vn -3.920271544349538e-06 -5.097263078795818e-06 -1.5028292312704221e-06
vn -4.803712056202983e-06 -5.748390447430587e-06 -1.3303375856487337e-06
vn -6.217284581466532e-06 -7.085400604007982e-06 -2.4317548893813333e-06
vn -6.61742033679936e-06 -7.190786906772025e-06 -1.5116893512649018e-06
vn -6.629591379510668e-06 -7.310434007897271e-06 -1.865539616894119e-06
vn -4.147747768110937e-06 -5.433605336048612e-06 -2.024363132815171e-06
vn -4.536770557179423e-06 -5.4758784699856856e-06 -1.0351182007689365e-06
vn -1.8699849512760686e-06 -3.790972737778089e-06 -7.611807275581051e-07
vn -1.789521752757799e-06 -3.8060758842199466e-06 -9.424474944893661e-07
vn -1.323184937871711e-06 -3.874168668003349e-06 -1.559234464255111e-06
vn 1.5790926991270644e-07 -3.7032619482950934e-06 -1.3700027626193379e-06
vn -1.1327663100096292e-07 -3.869384195346352e-06 -1.427226946803548e-06
vn 2.6248029574060027e-08 -3.7915156601399753e-06 -1.4063844541833834e-06
vn -4.0574724456699655e-07 -3.984209990533965e-06 -1.4139237156124729e-06
vn -6.944278239664151e-07 -4.028815313850226e-06 -1.3210589209271517e-06
vn -5.523221829677003e-07 -4.016279977672682e-06 -1.3775450110689638e-06
vn -2.582290935444481e-07 -3.934517380928606e-06 -1.4302207294013145e-06
vn 1.2362271758697234e-07 -1.8098058887886438e-07 1.6369089220205304e-08
vn -8.28228904914352e-07 -4.021778947021391e-06 -1.2452371678359872e-06
vn -9.493520399657866e-07 -3.99198999786253e-06 -1.1505391485560155e-06
vn -1.0639398980387219e-06 -3.933429835145808e-06 -1.0170648047718507e-06
vn -1.1717093153553703e-06 -3.924282962170895e-06 -8.813429405380103e-07
vn -1.9334838450878788e-06 -3.7813749883617007e-06 -5.738846143137949e-07
vn -1.971236265289163e-06 -3.7330600576286807e-06 -3.484380045280432e-07
vn -1.2857008306717677e-06 -3.8092419595532274e-06 -6.135482976568601e-07
vn -1.2381233217136732e-06 -3.875705229071443e-06 -7.495104511007066e-07
vn -1.314965322167598e-06 -3.7277969628275142e-06 -4.7665130895008796e-07
vn -1.3285171409833752e-06 -3.6375018861870284e-06 -3.419515375900588e-07
vn -1.2809360949097061e-06 -3.4795059255679086e-06 -2.867064794790315e-07
vn -4.4629113078296846e-06 -5.3527044879783284e-06 -3.869239519530584e-07
vn -7.106378249792163e-06 -7.512043869688934e-06 -8.664911444059367e-07
vn -4.5747043502566945e-06 -5.425763097338917e-06 -5.754214292297667e-07
vn -4.796676201717893e-06 -5.6336612302655475e-06 8.830684535448444e-08
vn -7.235537175620417e-06 -7.6149478922495175e-06 3.781491500590948e-07
vn -7.34182294589664e-06 -7.706093882283722e-06 -3.8333320035209597e-07
vn -5.317387103079826e-06 -6.885240165218583e-06 2.4403751931885894e-06
vn -5.87393286670385e-06 -7.050598554590456e-06 2.0968204811318687e-06
vn -4.106269834183247e-06 -5.6458200815540355e-06 1.779872889271686e-06
vn -6.4108430633602335e-06 -7.238097710063911e-06 1.640439871229911e-06
vn -4.345262037733752e-06 -5.624715127152319e-06 1.4113559108784935e-06
vn -4.709899457300633e-06 -5.625203597327426e-06 5.612564661018446e-07
vn -6.888947065879642e-06 -7.4355621472215775e-06 1.065315260887207e-06
vn -4.5527677882153415e-06 -5.619479672258758e-06 1.0048093651624377e-06
vn -2.016164362025646e-06 -3.7983435226366103e-06 2.2821020303802558e-07
vn -2.0177894075458303e-06 -3.7741239603503088e-06 2.98124543422555e-08
vn -1.9647042608498085e-06 -3.881463491551648e-06 6.271092038698929e-07
vn -1.8472020279846615e-06 -4.023103024340981e-06 1.021295987358507e-06
vn -4.034485456194534e-06 -5.963290145571825e-06 2.2463249534610864e-06
vn -1.914188482719641e-06 -3.943410568874834e-06 8.252278279748892e-07
vn -1.9985568978957014e-06 -3.833988519032637e-06 4.2762025036797856e-07
vn -5.000230887497381e-06 -6.857908044805962e-06 2.704124022210022e-06
vn -4.139126657642437e-06 -9.077258064962172e-06 4.922882354666562e-06
vn -4.700552908512674e-06 -8.898985460187001e-06 4.546141794393452e-06
vn -3.146167460313829e-06 -6.649163825933235e-06 3.3292021161861565e-06
vn -2.774052789379231e-06 -6.751041136062995e-06 3.599591605190154e-06
vn -3.545301426396949e-06 -9.141225310130993e-06 5.2248200677683e-06
vn -2.3878726675761816e-06 -6.812472703153403e-06 3.839433046284351e-06
vn -2.9534407480444226e-06 -9.123040561623024e-06 5.469319016556915e-06
vn -1.9838486394592175e-06 -6.8182247319181314e-06 4.034823705799896e-06
vn -2.363744694965488e-06 -9.019363469304524e-06 5.646273036689202e-06
vn -1.572093011049182e-06 -6.791154398150966e-06 4.190444828415715e-06
vn -1.1577166671448578e-06 -6.750117574464545e-06 4.303096982491759e-06
vn -1.7919504611566434e-06 -8.871482339905186e-06 5.764466321566581e-06
vn -3.7101161619134644e-06 -6.1813182912685865e-06 2.6198920896905623e-06
vn -5.069258833189368e-06 -8.42867909187645e-06 4.003688389155178e-06
vn -5.270034748987396e-06 -7.815732150977844e-06 3.3886233534372633e-06
vn -1.6567617207232942e-06 -4.218105405187066e-06 1.3992265415009295e-06
vn -3.477650394138378e-06 -6.476099732291565e-06 3.0102191268033596e-06
vn -1.3752860614045266e-06 -4.367707222914382e-06 1.7267012531542419e-06
vn -1.0160107466729485e-06 -4.402686577023307e-06 1.970471760823014e-06
vn -8.172442378680474e-07 -4.377854804753477e-06 2.055785127551004e-06
vn -1.203578281336985e-06 -4.400911859714211e-06 1.8605240763596806e-06
vn -1.5272495231081972e-06 -4.304402019592226e-06 1.571593974628894e-06
vn -1.2660919934964419e-06 -8.955853213193727e-06 5.988850231967612e-06
vn -1.7629039249717996e-06 -4.119764343670899e-06 1.2140256316766136e-06
vn -1.3456848979218825e-06 -3.5827650181753267e-06 -1.334244937557625e-07
vn -1.876471888741409e-06 -3.7331270340807806e-06 -1.336792396506355e-07
vn -1.400075414642348e-06 -3.7547384642223466e-06 1.2855848975930366e-07
vn -1.3791929595637183e-06 -3.6721072186841355e-06 -6.123111747801939e-09
vn -1.4017746070572173e-06 -3.911740263795538e-06 4.14492996644453e-07
vn -1.3423973555133751e-06 -4.06548947901339e-06 7.105609887833775e-07
vn -1.3800339341679387e-06 -3.98775826441974e-06 5.622204010409939e-07
vn -1.4080442237985995e-06 -3.834625408627222e-06 2.69241323155301e-07
vn -1.274871035964425e-06 -3.408359713141481e-06 -1.6679868733425615e-07
vn -1.2891249130781728e-06 -4.14772837247368e-06 8.575623302652552e-07
vn -1.21700029118914e-06 -4.2236771587012605e-06 9.984005893695854e-07
vn -1.012030863152715e-06 -4.310069795834478e-06 1.2380745894161664e-06
vn -1.1241222585634324e-06 -4.2805695481397945e-06 1.1268912266582688e-06
vn -6.002624880471059e-07 -4.208212688666543e-06 1.4361995046045393e-06
vn -6.119478575608129e-07 -4.3372813250934945e-06 2.1172478201017694e-06
vn -7.451123489167813e-07 -4.271839529304753e-06 1.3939480037119247e-06
vn -8.841723740897846e-07 -4.307317480571022e-06 1.3279120276799817e-06
vn -4.5468346311109447e-07 -4.124078247687394e-06 1.4564657012448018e-06
vn -3.167399003142964e-07 -4.135294496145926e-06 1.4944778144822892e-06
vn -4.0640346429672046e-07 -4.353500959300256e-06 2.175455417532052e-06
vn -7.576129526913234e-07 -6.842781970403249e-06 4.455815404065386e-06
vn 5.010680563908735e-07 -9.182688653700459e-06 6.218511754871605e-06
vn -1.2592095351058029e-07 -9.178388366197614e-06 6.236468468222433e-06
vn 1.1715944498161557e-07 -6.895558449188901e-06 4.512050183857203e-06
vn -7.292851929248243e-07 -9.140850250082735e-06 6.200737037441166e-06
vn -3.2770153189245975e-07 -6.873517028519636e-06 4.504927728401934e-06
vn 5.676841777774881e-07 -6.874554441140308e-06 4.477585880039463e-06
vn 1.1345425963124368e-06 -9.114759795942848e-06 6.148589003348308e-06
vn 2.9746107176410545e-06 -8.444682247188007e-06 5.645991454046884e-06
vn 2.378656555071971e-06 -8.732789336075242e-06 5.8608270647803585e-06
vn 1.8758022190823884e-06 -6.481272654655718e-06 4.132320535995481e-06
vn 1.763039503549047e-06 -8.962606886583334e-06 6.02869765658279e-06
vn 1.4527236757937665e-06 -6.66123722063899e-06 4.2862773348034015e-06
vn 2.2796165519054797e-06 -6.274236207196776e-06 3.941660384270273e-06
vn 3.544248082265401e-06 -8.125753227857735e-06 5.3837437562796315e-06
vn 1.0149631887254154e-06 -6.796125297204506e-06 4.401986117392831e-06
vn -1.9545845622079477e-07 -4.3875682148077664e-06 2.2139003883057673e-06
vn 2.421188544717506e-07 -4.44558757481558e-06 2.220724269940342e-06
vn 2.180149086033328e-08 -4.425601964720719e-06 2.2303038149810523e-06
vn 6.706724592389874e-07 -4.388717849902698e-06 2.1135819138150705e-06
vn 1.050574223813815e-06 -4.221897910367953e-06 1.897647117263446e-06
vn 2.660593715244437e-06 -6.061628410017497e-06 3.7155178351565273e-06
vn 1.2144399049046207e-06 -4.123425618982639e-06 1.758700875596432e-06
vn 8.686944042687051e-07 -4.314576570200061e-06 2.0175870172505835e-06
vn 4.602002120497263e-07 -4.43418620720863e-06 2.181975561184997e-06
vn 4.082145321681205e-06 -7.807981432900596e-06 5.072306020745765e-06
vn 5.802372622539683e-06 -7.003477963178024e-06 3.315790527424722e-06
vn 5.450041399696799e-06 -7.1057180236184495e-06 3.827524474716405e-06
vn 3.901502026582166e-06 -5.489426023391869e-06 2.478558436378492e-06
vn 4.12490663992826e-06 -5.455134303439227e-06 2.0964935828801993e-06
vn 6.095082486439238e-06 -6.973813191378323e-06 2.761312456076554e-06
vn 2.816788803773248e-06 -3.0616158891404063e-06 5.947528058538742e-07
vn 3.945966035692949e-06 -4.744831091337572e-06 9.056162159666161e-07
vn 2.816788803773248e-06 -3.0616158891404063e-06 5.947528058538742e-07
vn 4.461164789188879e-06 -5.487588211446781e-06 1.2597808485785034e-06
vn 6.463649487485976e-06 -7.073235494657864e-06 1.688734310730896e-06
vn 6.332401507929376e-06 -6.99149768261477e-06 2.162377485205059e-06
vn 4.308514137487072e-06 -5.4601166402301006e-06 1.6894206249373927e-06
vn 4.583062559301668e-06 -7.519378208624365e-06 4.7091698668634056e-06
vn 3.0160075425058193e-06 -5.864916773965388e-06 3.4551202905037935e-06
vn 3.3435991165705515e-06 -5.698158758505612e-06 3.1607696661789117e-06
vn 5.041752857467416e-06 -7.280604276383353e-06 4.293536292712129e-06
vn 1.558509942159467e-06 -3.924533237361192e-06 1.5359204633799978e-06
vn 3.6400552199500393e-06 -5.571426742815983e-06 2.8345771169811597e-06
vn 1.7881334649539748e-06 -3.7906815847379665e-06 9.481551838406682e-07
vn 1.8635782918345387e-06 -3.7698179281680934e-06 7.650676369161788e-07
vn 1.6989985303804609e-06 -3.830104588079912e-06 1.1271226678076043e-06
vn 1.5962916322206392e-06 -3.8897685255153015e-06 1.3016669207698488e-06
vn 1.3604449194109058e-06 -4.031111961824432e-06 1.6060677594091917e-06
vn -1.7965671366932816e-07 -4.258035693872243e-06 1.5542365002651261e-06
vn 1.2804816831434508e-07 -4.476677287540456e-06 1.6232947437659222e-06
vn -3.065055320747775e-08 -4.377961210778351e-06 1.5990598867982452e-06
vn 4.5567435461235164e-07 -4.547758929507494e-06 1.589856538232189e-06
vn 7.573156644370413e-07 -4.4308926143304884e-06 1.442059197372317e-06
vn 6.126191487590771e-07 -4.510713755998643e-06 1.529261660475013e-06
vn 2.920743119271497e-07 -4.536188404284172e-06 1.621210421504815e-06
vn 8.856475002079941e-07 -4.3205062728704494e-06 1.3331534805691913e-06
vn 9.957658058026385e-07 -4.193482618263116e-06 1.2086788566994802e-06
vn 1.091529598268676e-06 -4.043162683104333e-06 1.0466677366315197e-06
vn 1.1825462007957351e-06 -3.969759393471333e-06 8.911581941862865e-07
vn 1.9242737034521195e-06 -3.7625226665076656e-06 5.774549771564851e-07
vn 1.2832535961775604e-06 -3.8143515736580394e-06 6.135424538205773e-07
vn 1.2400826016153632e-06 -3.891607162158127e-06 7.520813198147007e-07
vn 1.3259682978254145e-06 -3.6508088661397084e-06 3.423900552315481e-07
vn 1.2793642452770903e-06 -3.506140521601391e-06 2.863607786328507e-07
vn 1.3119081207643552e-06 -3.735411834794165e-06 4.766521297266912e-07
vn 1.4527563243307802e-06 -3.391495255454056e-05 -5.0703535823549095e-06
vn 7.476126069729034e-07 -2.7269859696316508e-05 -3.478254022804913e-06
vn 9.882168317816931e-07 -3.398867685532277e-05 -5.193199814955092e-06
vn 1.1769485697604207e-06 -2.9135506587524565e-05 -3.699065112792528e-06
vn 1.968847819438635e-06 -3.4989559808925405e-05 -5.073480601262597e-06
vn 2.5034385714841847e-06 -3.59595945604143e-05 -5.0021817468937195e-06
vn 1.5617147280166153e-06 -3.0036111855008354e-05 -3.6841114285520024e-06
vn 2.3516922045554228e-06 -3.152673854778994e-05 -3.479106021612375e-06
vn 3.0425981590632874e-06 -3.6801892864269115e-05 -4.850026283446679e-06
vn 3.570297202874864e-06 -3.7494692993962796e-05 -4.613834620712105e-06
vn 2.733492743363206e-06 -3.2078016854885204e-05 -3.283598809435083e-06
vn 4.069338072469259e-06 -3.801893677950916e-05 -4.2944055504128345e-06
vn 1.9569692086529406e-06 -3.0839912014238104e-05 -3.612145697485812e-06
vn 3.089406783803803e-06 -3.247792788741302e-05 -3.027370387804778e-06
vn 4.522566946814889e-06 -3.835949677059558e-05 -3.8969110177378745e-06
vn 6.750540381193534e-07 -2.1068992630229395e-05 -1.715024726092048e-06
vn 1.0432384707129712e-06 -2.215957416495776e-05 -1.6346572526435936e-06
vn 8.585384856638679e-07 -2.165436873588064e-05 -1.6889435365847886e-06
vn 3.406855112096167e-06 -3.2714449077360644e-05 -2.71550369229915e-06
vn 1.546297168100532e-06 -2.306863209837917e-05 -1.2997151457123477e-06
vn 4.914192964553504e-06 -3.8506231500895636e-05 -3.4308820049743543e-06
vn 3.674666083246389e-06 -3.278025967592292e-05 -2.3562717490578393e-06
vn 1.3931556276683979e-06 -2.2877136201248005e-05 -1.438839706370271e-06
vn 1.223466904952143e-06 -2.257106626195762e-05 -1.5511487829969245e-06
vn 5.607590423251982e-06 -3.7769102373365594e-05 -1.768707900377791e-06
vn 5.661895117579581e-06 -3.715544671144636e-05 -1.1850846740839022e-06
vn 4.107716365705282e-06 -3.195919958980394e-05 -1.1120634141972227e-06
vn 5.231091797573484e-06 -3.845469555910048e-05 -2.909698881943957e-06
vn 5.46387800820996e-06 -3.820647779883249e-05 -2.3496548579988176e-06
vn 3.884014046598292e-06 -3.267324958984499e-05 -1.9606156820891903e-06
vn 4.029137802905117e-06 -3.2396747796299925e-05 -1.5413343085746791e-06
vn 5.522045324167159e-06 -3.547190159349319e-05 -7.621767847569267e-08
vn 5.346004159772506e-06 -3.444527045622149e-05 4.220638278721279e-07
vn 3.970391496376355e-06 -2.982701984918836e-05 1.082193457568429e-07
vn 4.072866971075909e-06 -3.065652044673092e-05 -2.760238114940872e-07
vn 5.630815271297268e-06 -3.638284484886574e-05 -6.159331588929931e-07
vn 4.120881825992759e-06 -3.137360360691953e-05 -6.862179990804111e-07
vn 5.215927289200834e-06 -3.399304877958294e-05 8.97530362830892e-07
vn 3.821883390811654e-06 -2.8905499309651986e-05 4.5861499891187335e-07
vn 1.7820760487626092e-06 -2.3087915884365322e-05 -9.564588978502902e-07
vn 1.9012029878075147e-06 -2.262654786996939e-05 -5.633934625729878e-07
vn 1.8571655043377861e-06 -2.2915103561389234e-05 -7.630354841205109e-07
vn 1.8982589275474322e-06 -2.1739609543825858e-05 -1.7049606770643143e-07
vn 1.7909936883313054e-06 -2.052418110021987e-05 1.789032341118855e-07
vn 3.742496500786346e-06 -2.8707736920901113e-05 7.999560798166144e-07
vn 1.7311597173831225e-06 -2.0133112752715684e-05 3.350619048280441e-07
vn 1.8558705057627006e-06 -2.1165894893681668e-05 1.1767905081615685e-08
vn 1.914343448911189e-06 -2.223092441847337e-05 -3.6390825092665763e-07
vn 5.210219287104591e-06 -3.463904694474869e-05 1.3951449924814007e-06
vn 1.6774243542588673e-06 -2.313963527374611e-05 -1.1373006291730846e-06
vn 4.977458840578264e-07 -2.0417936988934976e-05 -1.715098263329525e-06
vn 2.7041471089760943e-07 -1.7000984853896765e-05 -1.322151000480533e-06
vn 2.86661377958449e-07 -1.3604904517070953e-05 -5.771214496962574e-07
vn 2.2422235949959508e-07 -1.3232377412988512e-05 -5.851194222291716e-07
vn 4.113931331430529e-07 -1.4192205195807988e-05 -5.320405988657263e-07
vn 5.225532312881442e-07 -1.4517797911672197e-05 -4.4804296577384627e-07
vn 4.6969988039637385e-07 -1.4390869230166546e-05 -4.946600251414991e-07
vn 3.496922825170777e-07 -1.3927717629909318e-05 -5.59558838116934e-07
vn 8.66723440965437e-08 -1.0687864710051063e-05 -4.237703263988441e-07
vn 1.6403839954353458e-07 -1.2819280677843062e-05 -5.843359429410305e-07
vn 7.425049652676118e-08 -1.1243699979637262e-05 -2.1109912314648649e-07
vn 5.287462975197644e-08 -1.087834302290741e-05 -2.0993400124205892e-07
vn 9.66018530106063e-08 -1.1576930211207714e-05 -2.0919633408824406e-07
vn 1.4185155785536195e-07 -1.2115470136776743e-05 -1.9503942494655022e-07
vn 1.6333882572181432e-07 -1.2306268403679186e-05 -1.8257522827263173e-07
vn 1.193595940011346e-07 -1.1870064111595359e-05 -2.0390592962354733e-07
vn 1.8306829284221392e-07 -1.2436859902649087e-05 -1.6668252740205866e-07
vn 6.046651401332019e-07 -1.4543068825878037e-05 -3.321828680882698e-07
vn 6.472842354541526e-07 -1.4264904194811197e-05 -1.985473702213078e-07
vn 6.312597516816949e-07 -1.4440619164710826e-05 -2.665296569336421e-07
vn 6.481509734982574e-07 -1.3716606160229096e-05 -6.418229951206044e-08
vn 6.130083087150409e-07 -1.295850651534808e-05 5.592359835673741e-08
vn 6.344807361411214e-07 -1.3359357086792693e-05 -1.6031743618881085e-09
vn 6.527394780697508e-07 -1.4021218726420688e-05 -1.3041805075727426e-07
vn 5.680622878878835e-07 -1.4569066269238688e-05 -3.9334348600453945e-07
vn 2.0032951648683215e-07 -1.250322349287461e-05 -1.477253577373786e-07
vn 2.2517613225426884e-07 -1.2437017417984938e-05 -1.0292876744524905e-07
vn 2.1451604913979345e-07 -1.250327867931798e-05 -1.2624622590571094e-07
vn 2.3507807774279474e-07 -1.2115814819604775e-05 -5.3887461774536135e-08
vn 2.303359038143051e-07 -1.1577433267855217e-05 -6.710142534630829e-09
vn 2.233113243968724e-07 -1.1244259160131394e-05 1.4595211938686214e-08
vn 2.3440393424518368e-07 -1.1870498299073226e-05 -2.9719266138379397e-08
vn 2.3204894333052498e-07 -1.230652998653851e-05 -7.854381949777623e-08
vn 5.911492879476613e-07 -1.2676176588496752e-05 1.0918934190395485e-07
vn 2.1384772082089067e-07 -1.0878952605267346e-05 3.379980050733262e-08
vn 5.220232416376162e-06 -3.575198013319752e-05 1.9346881558542867e-06
vn 3.734388733507094e-06 -2.933840878500987e-05 1.1650893602884431e-06
vn 5.006804127271583e-06 -3.770718300134913e-05 3.0675734215345855e-06
vn 3.6515406212990945e-06 -3.1076460519823364e-05 1.9592926376634287e-06
vn 5.157061182602186e-06 -3.679679835313956e-05 2.4975885538576928e-06
vn 3.7221865067224294e-06 -3.0256878912707116e-05 1.55654271328885e-06
vn 3.320411654824358e-06 -3.233721821664057e-05 2.751686203608885e-06
vn 4.765457069572607e-06 -3.845860780033677e-05 3.626977827975879e-06
vn 4.433505320503231e-06 -3.902936337952147e-05 4.156674581251521e-06
vn 3.0601242558403424e-06 -3.274281969870006e-05 3.1150058437113086e-06
vn 4.0164377133765105e-06 -3.9402098975244504e-05 4.637478076874027e-06
vn 3.5181314512305413e-06 -3.1776312633798375e-05 2.3619555690506946e-06
vn 2.742516162249534e-06 -3.298079660148444e-05 3.43883195404041e-06
vn 3.524740275793537e-06 -3.956508640774747e-05 5.051716569135946e-06
vn 1.7151033831206454e-06 -2.0418024102347552e-05 4.977552370208913e-07
vn 1.6889552538656537e-06 -2.165461275081922e-05 8.585687002545854e-07
vn 1.7150343745948376e-06 -2.1069168838059013e-05 6.750744825144537e-07
vn 1.634668135459353e-06 -2.2159854531290637e-05 1.0432758825652291e-06
vn 1.4388441220814577e-06 -2.2877432301933866e-05 1.3932008278616464e-06
vn 1.5511578925743332e-06 -2.2571375054266294e-05 1.2235099320591774e-06
vn 1.299714172169724e-06 -2.3068875805742222e-05 1.5463388044323896e-06
vn 2.376176245234248e-06 -3.3043704633931405e-05 3.71155434341963e-06
vn 2.3804110165703177e-06 -3.9247611461246286e-05 5.6262279232422575e-06
vn 1.7660764146656244e-06 -3.877718303692799e-05 5.7708897857281525e-06
vn 1.5447946267535044e-06 -3.2642065968913136e-05 4.070332980876728e-06
vn 1.972496170421375e-06 -3.292957658079619e-05 3.92402930829453e-06
vn 2.9733218394953814e-06 -3.9513046218822964e-05 5.384748950517755e-06
vn 1.1505852441238425e-06 -3.8116317860145396e-05 5.818766664882027e-06
vn 1.1072448649806605e-06 -3.219017168421031e-05 4.148159134306201e-06
vn 2.5692095812962943e-07 -3.085145979858636e-05 4.106818882185497e-06
vn 5.528407820715468e-07 -3.728459401686647e-05 5.774814927048125e-06
vn -1.0890047789971698e-08 -3.630527035211369e-05 5.648076349345111e-06
vn -5.278178160116822e-07 -3.520377437915709e-05 5.450528183288097e-06
vn -1.3267807432744917e-07 -3.0001750485406648e-05 3.999282157135585e-06
vn 6.737478916119909e-07 -3.1587534878807994e-05 4.158810033958337e-06
vn -9.882148846964454e-07 -3.398861347641615e-05 5.193189957836025e-06
vn -5.18009902571334e-07 -3.0895701059712474e-05 4.193856420156848e-06
vn 9.56448049803911e-07 -2.3087972447948424e-05 1.782099048707097e-06
vn 5.633780945072833e-07 -2.262630256114373e-05 1.9011933393047254e-06
vn 7.63021472060604e-07 -2.291502085779273e-05 1.857173449140984e-06
vn 1.704882793654407e-07 -2.173900370946024e-05 1.898210426979496e-06
vn -2.4353106149798263e-07 -2.365469675976468e-05 2.1998602049913178e-06
vn -7.476110572519918e-07 -2.7269844102718874e-05 3.4782518844880783e-06
vn -1.1768739546721855e-08 -2.1165103719702957e-05 1.8558034981060247e-06
vn 3.638946560993035e-07 -2.2230502432045268e-05 1.9143146055378727e-06
vn 1.1372945097623068e-06 -2.3139804009518295e-05 1.677459019330151e-06
vn 5.851224888884366e-07 -1.3232480155655238e-05 2.2422878488091233e-07
vn 5.59562634933167e-07 -1.3927893482771758e-05 3.4970479949366955e-07
vn 5.771254551287669e-07 -1.3605056573509889e-05 2.866715584327438e-07
vn 4.946618609647324e-07 -1.4391059394695532e-05 4.6971527627758187e-07
vn 3.9334165018130614e-07 -1.4569177191242997e-05 5.680743876319224e-07
vn 4.480427988808251e-07 -1.4517956199082726e-05 5.225677092577355e-07
vn 5.320437698331295e-07 -1.4192397066130085e-05 4.11407569389389e-07
vn 5.843375701479874e-07 -1.2819329952699407e-05 1.6404115327838482e-07
vn 2.0993441847461198e-07 -1.087836944603153e-05 5.2875255600806035e-08
vn 2.0919769009404152e-07 -1.1577047899910542e-05 9.66051908710308e-08
vn 2.1110011407380002e-07 -1.1243772317325551e-05 7.425237407324986e-08
vn 1.950406766442094e-07 -1.2115631035059688e-05 1.418565646459987e-07
vn 1.6668273601833533e-07 -1.2437010871711944e-05 1.830737168654034e-07
vn 1.4772494050482555e-07 -1.250333886666689e-05 2.003342103530541e-07
vn 1.8257606273773784e-07 -1.2306435896882585e-05 1.6334435405314242e-07
vn 2.0390738993748305e-07 -1.1870212677020234e-05 1.1936397494294177e-07
vn 3.321790295487816e-07 -1.454310849995e-05 6.046735265075185e-07
vn 2.665250673755585e-07 -1.444057455060166e-05 6.312629852339811e-07
vn 1.304132943061692e-07 -1.4020963076005116e-05 6.527302885227693e-07
vn 1.9854227998416047e-07 -1.4264759699698392e-05 6.472815234425577e-07
vn 1.6026736828243835e-09 -1.3358868961710642e-05 6.34458479392119e-07
vn -7.98069215134147e-08 -1.4236107587162629e-05 7.209086899639552e-07
vn -2.704148152057477e-07 -1.700098573899754e-05 1.3221510700192918e-06
vn 6.41792954376784e-08 -1.3716233997937721e-05 6.481350691148753e-07
vn 1.029270985150368e-07 -1.243700632052322e-05 2.2517790549261936e-07
vn 5.388579284432389e-08 -1.2115631660915835e-05 2.350754700393381e-07
vn 7.854194195128746e-08 -1.2306436424543772e-05 2.3204863040611018e-07
vn 6.709725302077766e-09 -1.1577048642582244e-05 2.3032852075389347e-07
vn -8.667255271282023e-08 -1.0687865614461822e-05 4.237703263988441e-07
vn -3.379792296084379e-08 -1.0878372353487951e-05 2.138363251567852e-07
vn -1.459479470613315e-08 -1.1243774226130366e-05 2.2330177042333313e-07
vn 2.9717805824443676e-08 -1.1870213069235002e-05 2.3439888833899508e-07
vn 1.2624497420805177e-07 -1.2503338478331577e-05 2.1451959561649449e-07
vn -1.452751456617661e-06 -3.391488326801707e-05 5.070344090314327e-06
vn -1.176947596217797e-06 -2.9135490424253608e-05 3.6990626267818987e-06
vn -1.968842951725516e-06 -3.49894919951356e-05 5.07347135260767e-06
vn -2.5034307831431943e-06 -3.595952353526146e-05 5.002172985010104e-06
vn -1.5617136153964734e-06 -3.0036097746450143e-05 3.6841091685423393e-06
vn -2.3516881017686513e-06 -3.1526718428182094e-05 3.4791049785309926e-06
vn -3.0425884236370496e-06 -3.680182097294436e-05 4.850018981877e-06
vn -3.5702845468207554e-06 -3.749461151154861e-05 4.613828779456362e-06
vn -4.069326389957774e-06 -3.8018854122503086e-05 4.294400682699715e-06
vn -2.7334901704291292e-06 -3.207800409223406e-05 3.283597870661839e-06
vn -1.956967261567693e-06 -3.083989248800225e-05 3.6121431593211145e-06
vn -3.089404210869726e-06 -3.2477913302802195e-05 3.0273699010334663e-06
vn -4.522553317218155e-06 -3.8359422375284945e-05 3.8969110177378745e-06
vn -6.750543858131477e-07 -2.1068995981797343e-05 1.7150248651695658e-06
vn -1.0432378100947622e-06 -2.2159564781106284e-05 1.6346568006416611e-06
vn -8.585384856638679e-07 -2.165436873588064e-05 1.6889435365847886e-06
vn -3.4068517046969833e-06 -3.2714434061622913e-05 2.715504179070461e-06
vn -1.546297168100532e-06 -2.306863251322384e-05 1.2997151457123477e-06
vn -4.914178361414147e-06 -3.850615329078793e-05 3.4308829785169767e-06
vn -3.674662189075894e-06 -3.2780238311325854e-05 2.3562714013640443e-06
vn -1.393156531672263e-06 -2.2877145141837152e-05 1.4388399323712373e-06
vn -1.223466609412418e-06 -2.257107164799655e-05 1.551149460999823e-06
vn -5.463864865384539e-06 -3.8206400502529354e-05 2.349660699254561e-06
vn -5.6075787407404955e-06 -3.776902920279154e-05 1.7687156887187814e-06
vn -4.0291345519681415e-06 -3.239672832497724e-05 1.5413359079661324e-06
vn -5.661884651996375e-06 -3.7155370648230206e-05 1.185091488882269e-06
vn -4.10771373192479e-06 -3.1959182147698736e-05 1.1120645268173641e-06
vn -5.231077194434126e-06 -3.845461099983148e-05 2.9097008290292046e-06
vn -3.884010639199108e-06 -3.2673233718520656e-05 1.9606170033256086e-06
vn -5.3460001439091835e-06 -3.444520646415118e-05 -4.220501982753945e-07
vn -5.2159314267569855e-06 -3.399303505419321e-05 -8.975157596915347e-07
vn -3.821882660654687e-06 -2.89054823046805e-05 -4.5861159151269004e-07
vn -5.630806266027998e-06 -3.6382768543759224e-05 6.159448414044789e-07
vn -5.522038874447277e-06 -3.547183467472425e-05 7.623228161505004e-08
vn -4.072864980528937e-06 -3.065649969815551e-05 2.7602888782348284e-07
vn -3.9703901577552475e-06 -2.9827001050847225e-05 -1.0821593835765951e-07
vn -4.120879166135234e-06 -3.137358005766247e-05 6.862191117005526e-07
vn -1.7820760487626092e-06 -2.3087916474760453e-05 9.564588978502902e-07
vn -1.9012029182687565e-06 -2.262654571873608e-05 5.633929062629171e-07
vn -1.8571653913373032e-06 -2.291510374315317e-05 7.63035484120511e-07
vn -1.898258887345337e-06 -2.1739608995514817e-05 1.7049672832464043e-07
vn -1.7909937578700642e-06 -2.0524182215691224e-05 -1.7890312980374725e-07
vn -3.742499404029528e-06 -2.870774386119665e-05 -7.999525333399133e-07
vn -1.7311597434601572e-06 -2.01331128862526e-05 -3.350622525218383e-07
vn -1.8558705025030713e-06 -2.1165895117172026e-05 -1.1767661695959705e-08
vn -1.9143435184499483e-06 -2.2230924411350305e-05 3.6390790323286344e-07
vn -5.210229996073453e-06 -3.463907227183811e-05 -1.395128442256796e-06
vn -1.6774243542588673e-06 -2.313963181609105e-05 1.1373000728630139e-06
vn -4.977455363640322e-07 -2.0417936361894215e-05 1.7150981503290422e-06
vn -2.86661377958449e-07 -1.3604906453949845e-05 5.771215748660234e-07
vn -2.2422235949959508e-07 -1.323237539914302e-05 5.851193179210333e-07
vn -4.1139279935701043e-07 -1.4192203808148176e-05 5.320406823122369e-07
vn -5.225532312881441e-07 -1.4517796807048204e-05 4.480428823273358e-07
vn -4.6970021418241623e-07 -1.4390875271802362e-05 4.946601503112649e-07
vn -3.4969211562405645e-07 -1.3927713647598209e-05 5.595587129471681e-07
vn -1.6403839954353458e-07 -1.28192806042861e-05 5.843359638026581e-07
vn -7.425049652676118e-08 -1.1243697258533606e-05 2.1109907099241736e-07
vn -5.287462975197644e-08 -1.087834281519012e-05 2.0993400124205892e-07
vn -9.66018530106063e-08 -1.1576929899470145e-05 2.0919633408824406e-07
vn -1.418513492390854e-07 -1.2115464051135992e-05 1.9503942494655022e-07
vn -1.633389300299526e-07 -1.2306276220314978e-05 1.8257533258076999e-07
vn -1.193595940011346e-07 -1.1870063780583232e-05 2.0390592962354733e-07
vn -1.830682928422135e-07 -1.2436856575211817e-05 1.666824230939206e-07
vn -6.046651401332019e-07 -1.4543066329533272e-05 3.321826177487379e-07
vn -6.47284214592525e-07 -1.426490260710986e-05 1.9854711988177598e-07
vn -6.312597934049502e-07 -1.4440621784382673e-05 2.6652990727317387e-07
vn -6.481509787136645e-07 -1.3716605699733281e-05 6.418246640508167e-08
vn -6.13008303499634e-07 -1.2958505986117946e-05 -5.5923848696269165e-08
vn -6.344807361411214e-07 -1.3359357301422895e-05 1.6034247014199445e-09
vn -6.527395093621923e-07 -1.4021218325023904e-05 1.3041805075727426e-07
vn -5.680622878878835e-07 -1.4569066703835825e-05 3.9334348600453945e-07
vn -2.0032951648683215e-07 -1.2503223452379642e-05 1.477253577373786e-07
vn -2.2517613225426884e-07 -1.2437017297526299e-05 1.0292876744524905e-07
vn -2.1451604913979345e-07 -1.2503278598032321e-05 1.2624622590571094e-07
vn -2.3507807774279474e-07 -1.2115814571515501e-05 5.3887461774536135e-08
vn -2.3033591033356374e-07 -1.1577434154624682e-05 6.7103511509073605e-09
vn -2.2331131787761374e-07 -1.124425976252973e-05 -1.4595420554962745e-08
vn -2.3440393424518368e-07 -1.1870498049356724e-05 2.9719266138379397e-08
vn -2.320489954845941e-07 -1.2306532268543992e-05 7.854381949777623e-08
vn -5.911493192401028e-07 -1.2676175742541864e-05 -1.0918892467140169e-07
vn -2.1384772082089077e-07 -1.0878951201171328e-05 -3.379959189105568e-08
vn -5.220242638573712e-06 -3.5752011896409875e-05 -1.9346764733428006e-06
vn -3.73439137597993e-06 -2.933841562905895e-05 -1.1650842839590475e-06
vn -5.0068167833256914e-06 -3.7707232659553566e-05 -3.0675685538214663e-06
vn -3.6515440286982784e-06 -3.1076477861000416e-05 -1.9592915250432873e-06
vn -5.157073351884984e-06 -3.679684102645858e-05 -2.497580765516702e-06
vn -3.722189010117748e-06 -3.0256890224243866e-05 -1.5565407662036025e-06
vn -3.320415548994853e-06 -3.233722680020742e-05 -2.751684395601155e-06
vn -4.765470699169341e-06 -3.845865471772529e-05 -3.6269739338053834e-06
vn -4.433520897185211e-06 -3.902940973465304e-05 -4.156670687081025e-06
vn -3.0601281500108373e-06 -3.2742835200334476e-05 -3.1150053569399967e-06
vn -4.016452316515868e-06 -3.9402166878568005e-05 -4.637480023959275e-06
vn -3.5181345457053096e-06 -3.1776329213227766e-05 -2.3619554299731765e-06
vn -2.7425195696487177e-06 -3.29808209466463e-05 -3.43883376204814e-06
vn -3.5247548789328943e-06 -3.956516223804929e-05 -5.0517214368490655e-06
vn -1.715103443967059e-06 -2.041802377651699e-05 -4.977549936352351e-07
vn -1.6889549757106184e-06 -2.165461046331492e-05 -8.585687002545854e-07
vn -1.7150341485938714e-06 -2.1069165718979908e-05 -6.75073926204383e-07
vn -1.6346684136143884e-06 -2.2159858632386128e-05 -1.0432762302590233e-06
vn -1.4388441220814577e-06 -2.2877430110966982e-05 -1.3932004801678522e-06
vn -1.5511581707293686e-06 -2.2571376704726113e-05 -1.2235099320591774e-06
vn -1.2997140678615857e-06 -2.3068876969116348e-05 -1.5463391521261838e-06
vn -2.376179304939637e-06 -3.3043722136158775e-05 -3.71155556034791e-06
vn -2.3804217255391793e-06 -3.9247675600078694e-05 -5.6262352248119365e-06
vn -1.7660861500918625e-06 -3.877725371741718e-05 -5.770899277768735e-06
vn -1.544798381846482e-06 -3.2642086721869354e-05 -4.070335171347631e-06
vn -1.9724981175066223e-06 -3.292958861804823e-05 -3.924030351375913e-06
vn -2.9733325484642434e-06 -3.951311201442807e-05 -5.3847543050021864e-06
vn -1.1505910853795853e-06 -3.811638716024871e-05 -5.818777008772405e-06
vn -1.1072468120659082e-06 -3.219018924439113e-05 -4.148161437777587e-06
vn -2.5692193167225317e-07 -3.0851477078436143e-05 -4.106821709370661e-06
vn -5.528446762420419e-07 -3.728466125405e-05 -5.774825970672263e-06
vn 1.0888100704724216e-08 -3.630533469558849e-05 -5.648086936621143e-06
vn 5.278178160116822e-07 -3.5203835934909335e-05 -5.450538435908854e-06
vn 1.3267807432744917e-07 -3.0001766179312543e-05 -3.999284727896575e-06
vn -6.737488651546147e-07 -3.158755212985253e-05 -4.158812667738828e-06
vn 5.18009902571334e-07 -3.089571823313877e-05 -4.193859361646347e-06
vn -9.564477021101167e-07 -2.3087970249822303e-05 -1.7820991530152352e-06
vn -5.633779901991451e-07 -2.2626301593225122e-05 -1.9011932697659665e-06
vn -7.630218197543983e-07 -2.2915021675281436e-05 -1.8571734752180185e-06
vn -1.704882793654407e-07 -2.1739004125458916e-05 -1.8982104704412203e-06
vn 2.4353106149798263e-07 -2.365469777333642e-05 -2.1998602310683523e-06
vn 1.176884385486012e-08 -2.116510407018913e-05 -1.8558034981060247e-06
vn -3.6389476040744187e-07 -2.2230501663668352e-05 -1.9143144490756653e-06
vn -1.137294614070445e-06 -2.3139806339941882e-05 -1.6774592453311171e-06
vn -5.851225306116919e-07 -1.3232481112308062e-05 -2.2422870143440174e-07
vn -5.59562634933167e-07 -1.3927893713577702e-05 -3.4970479949366955e-07
vn -5.771254134055116e-07 -1.3605057091718081e-05 -2.866715584327438e-07
vn -4.946618609647324e-07 -1.4391060005525481e-05 -4.6971527627758187e-07
vn -3.9334165018130603e-07 -1.4569175985954578e-05 -5.680743041854118e-07
vn -4.4804263198780384e-07 -1.4517954151373083e-05 -5.225677092577355e-07
vn -5.320438950028954e-07 -1.4192399161110524e-05 -4.11407569389389e-07
vn -5.843375284247321e-07 -1.2819330552941002e-05 -1.6404157051093788e-07
vn -2.0993441847461198e-07 -1.0878370129882745e-05 -5.2875255600806035e-08
vn -2.0919779440217978e-07 -1.1577052422888412e-05 -9.66051908710308e-08
vn -2.111000619197309e-07 -1.1243773508319412e-05 -7.425258268952639e-08
vn -1.950406766442094e-07 -1.2115630965665578e-05 -1.418565646459987e-07
vn -1.6668273601833533e-07 -1.2437010873787432e-05 -1.830737168654034e-07
vn -1.47724731888549e-07 -1.250333225031489e-05 -2.003342103530541e-07
vn -1.8257606273773784e-07 -1.2306435862248397e-05 -1.6334435405314242e-07
vn -2.0390738993748305e-07 -1.1870212575746275e-05 -1.1936397494294177e-07
vn -3.321791964418028e-07 -1.4543110887858243e-05 -6.046735682307739e-07
vn -2.665250673755585e-07 -1.444057547252445e-05 -6.312630269572364e-07
vn -1.3041329430616935e-07 -1.402096265911798e-05 -6.527302572303278e-07
vn -1.9854211309113925e-07 -1.4264759567068975e-05 -6.47281565165813e-07
vn -1.6025067898031588e-09 -1.3358869129109612e-05 -6.34458479392119e-07
vn 7.98069215134147e-08 -1.4236108084790994e-05 -7.209087160409897e-07
vn -6.417946233069963e-08 -1.3716234809135877e-05 -6.481350691148753e-07
vn -1.029270985150368e-07 -1.2437006657459131e-05 -2.2517790549261936e-07
vn -5.388558422804736e-08 -1.2115629040872496e-05 -2.350754700393381e-07
vn -7.854194195128746e-08 -1.2306439180249524e-05 -2.320486825601793e-07
vn -6.709725302077766e-09 -1.1577048871270906e-05 -2.3032852075389347e-07
vn 3.379771434456726e-08 -1.0878370462663511e-05 -2.138363251567852e-07
vn 1.4595003322409683e-08 -1.1243774644461563e-05 -2.2330177042333313e-07
vn -2.971801444072021e-08 -1.187021410952036e-05 -2.3439888833899508e-07
vn -1.2624518282432828e-07 -1.2503339024469314e-05 -2.1451949130835623e-07
vn 1.5414757182569803e-05 -6.731748292453263e-06 6.084731648514213e-07
vn 1.4882740389419593e-05 -5.663001771577153e-06 5.342417599604045e-07
vn 1.1736365450333517e-05 -5.59811813836441e-06 4.847586304706655e-07
vn 8.162869051534733e-06 -8.781307967828969e-07 2.418622271243513e-07
vn 1.4249081648972424e-05 -1.1115204628768707e-06 3.725725117154172e-07
vn 1.2551506723249333e-05 -2.320987169203045e-06 3.475868938452126e-07
vn 7.969644375357246e-06 -4.892983508830764e-07 1.1862504085150777e-07
vn 1.5927027981131462e-05 -8.51106002505106e-07 3.9132345828299565e-07
vn 1.8419205932584913e-05 -8.287619803181998e-07 5.671528242491602e-07
vn 1.010595851483511e-05 -1.9495565752252066e-06 1.5793937498751863e-07
vn 6.994606282879054e-06 -1.1226862570459396e-06 1.567971130981675e-07
vn 1.431869751737808e-05 -4.764835406761897e-06 4.232077147546044e-07
vn 6.317507743498635e-06 -1.9012406660859635e-06 1.6428614232853857e-07
vn 1.2535611770982618e-05 -3.59661714167909e-06 3.934373236593625e-07
vn 7.445653080357731e-06 -2.4270949136491174e-06 2.632984395986509e-07
vn 7.264488480025864e-06 -1.5549014493575076e-06 2.06410320638173e-07
vn 2.348532856188172e-06 -4.5739138622376423e-07 1.0594775250261899e-07
vn 1.642473382988035e-05 -1.3011590844176812e-05 1.2361901084371997e-06
vn 1.2872181803345985e-05 -8.308715128029704e-06 7.760083808055403e-07
vn 6.82577607562896e-06 -5.731542614213552e-06 1.1079415515047039e-07
vn 1.6602871648338456e-05 -1.6304068102726144e-05 1.328454228451053e-06
vn 8.437053402566827e-06 -8.437046684256156e-06 1.595793372296079e-07
vn 1.1203549789503951e-05 -1.3267953245937328e-05 2.8418564691305947e-07
vn 1.089374059483574e-05 -6.34415849550589e-06 6.141760695286006e-07
vn 4.721580541166025e-06 -2.8903888583608758e-06 2.930221631737157e-07
vn 1.0453373841357383e-05 -7.413373423089045e-06 7.77985072490973e-07
vn 1.012233451203203e-05 -6.150249313725479e-06 6.126129992246185e-07
vn 7.978773622537319e-06 -4.032456889271416e-06 3.3176026970100867e-07
vn 1.2042193054897227e-05 -5.563722610298699e-06 4.5725119236792054e-07
vn 1.8335958845017944e-05 -2.345043485148366e-05 1.756731686067813e-06
vn 1.751765211781473e-05 -1.9713107136793986e-05 2.8271208103813545e-06
vn 1.3383725359758723e-05 -1.270313883802496e-05 1.6848894228426778e-06
vn 1.413683129780152e-05 -1.1566019839759568e-05 1.4505303675856204e-06
vn 9.873017999339551e-06 -9.587175508906421e-06 2.1529053013564135e-06
vn 1.988932395933595e-05 -2.9031434969531375e-05 4.360413261365904e-06
vn 4.231543589079441e-06 -2.273752925478883e-06 2.1180700681399383e-07
vn 1.3500445272136619e-05 -2.0061942543018592e-05 5.458884217492745e-07
vn 8.733306133981654e-06 -8.578505145905765e-06 2.2417606730499773e-06
vn 1.2818744631276917e-05 -1.5937306071706757e-05 3.5401202771024202e-06
vn 1.452903303414041e-05 -2.7681135570461607e-05 7.466572224486509e-07
vn 1.1906970628707475e-05 -2.9987021007223595e-05 4.013728761040315e-07
vn 1.4804511355030162e-05 -3.417276121278846e-05 1.6005474217348436e-06
vn 1.7154614974969954e-05 -2.843313854764907e-05 1.817809737201642e-06
vn 1.2345162416258456e-05 -4.133809988730191e-05 1.6134684794584301e-06
vn 1.2570433915628431e-05 -3.855776184653169e-05 5.593080121187907e-07
vn 9.961904485855113e-06 -4.6735741240231635e-05 5.036166401403051e-07
vn 1.1820675873789876e-05 -3.401468544579695e-05 3.392132863473032e-06
vn 1.5766676014791594e-05 -3.202024721526383e-05 3.8993796352019295e-06
vn 7.4613189691037545e-06 -4.7602346357460015e-05 1.093279724661067e-06
vn 1.5790312246916453e-05 -3.044249194084812e-05 6.518870710609805e-06
vn 1.3686525227245069e-05 -1.96951933434975e-05 5.219456125356893e-06
vn 1.5172918991950028e-05 -2.7130444848452043e-05 8.930071172320047e-06
vn 1.1862552558718078e-05 -3.140674873062488e-05 8.77273949223747e-06
vn 1.196686961080393e-05 -3.270056417671021e-05 5.918299738609587e-06
vn 7.973483439213249e-06 -3.565414195800006e-05 2.8506103801754445e-06
vn 8.264767423413741e-06 -3.460354906502564e-05 5.282322017045046e-06
vn 8.1778806424923e-06 -3.3526099196297054e-05 8.194028306385571e-06
vn 4.779533123109383e-06 -3.52644398038513e-05 7.711221816724874e-06
vn 4.7952643824995955e-06 -3.616385251972842e-05 4.742079865863819e-06
vn 3.3271955469307577e-06 -3.223420649749747e-05 1.9655768864204766e-06
vn 4.846809280347011e-06 -5.303693991548962e-05 -3.493576559209997e-07
vn 3.4962942012761327e-06 -4.534812299496881e-05 3.0270937322928705e-07
vn 1.3404128235737777e-06 -2.9774348000660098e-05 2.958252867195891e-08
vn 1.3900092184579437e-06 -2.8734750981053724e-05 5.563323612924538e-07
vn 2.888166167568814e-06 -3.3883968882263184e-05 1.1804034339645742e-06
vn 9.288307220666299e-07 -1.6176216273733476e-05 7.586942317418615e-07
vn 1.2758824644633589e-05 -5.1915891405688525e-06 4.423482204547178e-06
vn 1.4894879418600118e-05 -7.044803066160546e-06 6.165296017713256e-06
vn 2.069697699721689e-05 -1.1009991164900008e-05 7.540587890582113e-06
vn 7.75543394363877e-07 -1.827051057907934e-05 1.3312375735814315e-06
vn 1.4856423361916552e-06 -3.0354611971876645e-05 3.2415601051547546e-06
vn 1.2783676678108685e-06 -3.1366647399274236e-05 6.234547312677433e-06
vn 4.866493485292699e-07 -2.7475092389126904e-05 3.492193560225685e-06
vn 3.1863777202768285e-07 -1.5701323523912275e-05 1.1739448449978672e-06
vn 3.4831692319828114e-07 -1.4393969901965883e-05 2.4861190996848403e-06
vn 8.505203387443381e-06 -1.2240226005577857e-05 3.985942241966101e-06
vn 6.44347276281993e-06 -8.053781710900996e-06 2.7674760662884964e-06
vn 9.817449041675758e-06 -1.469352456690753e-05 6.116218708798229e-06
vn 2.2332075475479046e-06 -2.8881848188694737e-06 1.1425893885945406e-06
vn 1.183863944931799e-05 -3.0154458656288025e-05 1.1748161247155646e-05
vn 1.302572915639378e-05 -2.2401361084787478e-05 1.0288843571968676e-05
vn 9.94601300046733e-06 -1.4338809124990647e-05 7.917218536367952e-06
vn 8.123786991725177e-06 -1.2127211068450242e-05 5.675739028856285e-06
vn 1.2136900375165664e-05 -2.899574442294636e-05 1.4678957578111888e-05
vn 1.2520359398051477e-05 -2.024104247278095e-05 1.184841746472946e-05
vn 1.9664845449953305e-05 -4.218087409720552e-05 2.697531936895753e-05
vn 2.077956366174138e-05 -2.9550236662711055e-05 2.223684533997182e-05
vn 1.3514619463925135e-05 -4.638496624461666e-05 2.62214012515497e-05
vn 8.19924460406762e-06 -3.146617605214844e-05 1.43424782950814e-05
vn 8.066836660967567e-06 -3.2445775887643744e-05 1.1310246069562914e-05
vn 4.6037634168513665e-06 -3.430131237641347e-05 1.096178840583061e-05
vn 4.65538239056818e-06 -3.341612681489316e-05 1.4085741065199635e-05
vn 1.6528922676843157e-06 -3.571847066102664e-05 1.0891754751431337e-05
vn -2.306495079782308e-07 -1.671424409118958e-05 3.736857432613085e-06
vn -4.885592789599915e-07 -2.9528618396247335e-05 8.478450140690343e-06
vn -2.7376747405632736e-07 -1.4083463089523727e-05 3.561657403275572e-06
vn 1.6967345263369813e-06 -3.482040564720989e-05 1.4135123500752952e-05
vn -8.89891114785364e-07 -3.423170043082025e-05 1.3804847333761392e-05
vn 2.9527149332201887e-06 -3.742901437302468e-05 1.8517106210808993e-05
vn 7.610291359679032e-06 -4.559563734190043e-05 2.3554983196275654e-05
vn -1.6701982250823243e-07 -5.660356369117708e-06 2.2425256211602567e-06
vn -1.1214126384435976e-06 -1.8604743839334833e-05 7.960557655109248e-06
vn -8.392861284280582e-07 -2.376619857085164e-05 8.086399394685652e-06
vn -1.2012814803014764e-06 -1.7442518878427485e-05 8.23417680214507e-06
vn -1.2454334281362532e-06 -2.3239552315461696e-05 1.1219299491570987e-05
vn 1.0021265303446575e-07 -3.060920063836289e-05 1.4684585989029097e-05
vn 9.848956473302436e-06 -1.3020102386350321e-05 8.909640680447485e-06
vn 6.193839310273763e-06 -7.850518517809995e-06 2.4914594895344106e-06
vn 2.1168447688943945e-05 -2.3118126878230464e-05 2.0230990219069082e-05
vn 7.82223897664622e-06 -1.0037539173685963e-05 7.248800560954503e-06
vn 2.1646443943640058e-05 -2.423687075425323e-05 2.1292030882583168e-05
vn 1.550618330797235e-05 -1.4068313377239148e-05 1.3361262119045029e-05
vn 1.4096041922097917e-05 -1.1939632682084872e-05 1.2397552196943653e-05
vn 1.6816623581835826e-05 -1.6128199153181436e-05 1.5023563674644783e-05
vn 4.320038540029921e-06 -3.36483113222905e-06 3.692792089520833e-06
vn 2.3778723508597314e-05 -4.038508348382513e-05 2.940226565982292e-05
vn 1.0957720603031266e-05 -8.19320301379085e-06 8.559641387181693e-06
vn 3.3479951632865537e-06 -2.623921483242761e-06 2.7696420954388398e-06
vn 2.469412538627236e-05 -2.006799816129762e-05 1.859954130941245e-05
vn 1.1589721237755946e-05 -7.977020410296762e-06 7.94035640135761e-06
vn 1.4367882413549955e-06 -8.443889279467177e-07 9.654144554839164e-07
vn 1.2159290258719427e-05 -7.90188962901785e-06 8.05559393116729e-06
vn 1.916531585114241e-05 -2.318671370093128e-05 1.7481647647438575e-05
vn 1.863908394396661e-05 -2.6647545848129084e-05 2.0106938244773724e-05
vn 4.2335118873238425e-06 -2.466701641217425e-06 2.304925665873748e-06
vn 7.0436778265593685e-06 -4.068607213604254e-06 3.7349295196999178e-06
vn 2.0895513103561276e-05 -1.4872748921947067e-05 1.3080524606987217e-05
vn 1.4057043159513286e-05 -7.780733892297609e-06 7.613829854422187e-06
vn 2.5383746149051837e-05 -1.5890838131562564e-05 1.2541361145932953e-05
vn 6.538474203395258e-06 -3.197276437466922e-06 2.9042980566629024e-06
vn 1.7804803498671892e-05 -1.5249639422677395e-05 1.020664668917825e-05
vn 1.845306338852857e-05 -7.25815219083545e-06 5.416073573813276e-06
vn 1.7616596057738898e-05 -6.945822197065825e-06 5.338305330565413e-06
vn 1.5112102429110348e-05 -7.1732003823584644e-06 4.620200938162009e-06
vn 1.1372746847006582e-05 -3.6436853757946875e-06 2.9724101024314842e-06
vn 8.903365685679704e-06 -7.973471585349308e-06 7.512755540647263e-06
vn 1.6329459391152874e-05 -1.2375477930647163e-05 7.1898254174255565e-06
vn 1.840829918787095e-05 -1.905472322998699e-05 1.390857811254337e-05
vn 1.4965692872303326e-05 -9.312318335746528e-06 4.751908823878698e-06
vn 1.6671731930663495e-05 -4.3541000633644316e-05 2.7408284911877073e-05
vn 9.056483264290511e-06 -3.67928995925942e-05 2.10225762010255e-05
vn 6.238787893548644e-06 -1.8380751184504845e-05 1.105506036509074e-05
vn 5.446460227550995e-06 -3.767525385386365e-05 2.0235116842087185e-05
vn 2.100353662726524e-06 -8.918980179839832e-06 5.0253711209096995e-06
vn 9.928061125489536e-06 -2.0324209705274803e-05 1.3379871455966168e-05
vn 9.566793114805784e-06 -1.5557543079565717e-05 1.0589883003703308e-05
vn 9.586060526399505e-06 -1.3102542030828964e-05 8.851693345175226e-06
vn 3.1189750164630934e-06 -6.43464327194934e-06 3.980034748286294e-06
vn 4.881270848373734e-06 -1.1759319221467455e-05 7.250067034342417e-06
vn 1.0723572616166747e-06 -2.9634939844553756e-05 1.5233817714401397e-05
vn 3.2648579890809406e-06 -3.1686603415594734e-05 1.688932529310489e-05
vn -2.9167257387654435e-07 -1.8363979266009452e-05 9.50132466468619e-06
vn -1.4954336575565717e-06 -2.2028989114701006e-05 1.1067947210529265e-05
vn -6.46943920375628e-07 -1.115799522491916e-05 5.846190912175557e-06
vn 9.301674915631586e-06 -1.1491243789726783e-05 7.816308992629078e-06
vn 1.0476772421959306e-05 -1.1479716723041474e-05 7.214189886186721e-06
vn 7.506487810105303e-06 -7.616284063483891e-06 4.2605273043623345e-06
vn 5.984109766244351e-06 -5.667913871331826e-06 2.0802137313338017e-06
vn 1.0533269526194565e-05 -7.726002125503095e-06 3.435046121696061e-06
vn 6.293445188264483e-06 -5.018536889108966e-06 1.734041256209028e-06
vn 6.1692416868290004e-06 -5.66902064929475e-06 1.709027335462883e-06
vn 8.36198449275055e-06 -7.882489697838742e-06 3.955785451976392e-06
vn 2.8222733500122425e-07 5.151744670083088e-08 1.076277872575759e-07
vn 7.278454945011624e-06 -1.0421232271434556e-05 6.02704309016058e-06
vn 4.214386456493417e-06 -1.9690068303414683e-06 2.4372329439248357e-07
vn 2.2633928726538858e-05 4.560255091827384e-06 4.7320320156461495e-07
vn 2.7466942874683546e-05 7.300367667050596e-06 9.486262469139914e-07
vn 1.4879142676036814e-05 4.1833321528544225e-06 7.177252702967631e-08
vn 5.6561153894744254e-08 1.7149034341111657e-08 1.007415781007618e-09
vn 2.262810831185616e-08 6.861250000514503e-09 4.057013778720418e-10
vn 1.9559586681643453e-07 4.242858954201526e-08 1.2049655268640244e-08
vn 9.19261614412817e-08 1.9939810301978576e-08 5.658421642702495e-09
vn 3.223993858528368e-05 5.368249103227004e-06 2.5058312513771945e-06
vn 4.859320326140841e-05 6.6462658797752696e-06 3.3648972910045212e-06
vn 2.1720978264704695e-06 6.585863513137359e-07 3.877866990510868e-08
vn 1.0860580301201307e-06 3.2929540246754526e-07 1.938705573133034e-08
vn 8.713800010765606e-05 1.1374669347221588e-05 -1.0947937102471366e-06
vn 8.530717067395368e-05 1.8528920596123485e-05 -2.84894485679771e-06
vn 4.344232120480523e-06 1.317183467160402e-06 7.754822292532136e-08
vn 1.1745556318055406e-05 3.6726215859434453e-06 7.155478279469516e-07
vn 4.8216388548194115e-05 5.679711114733822e-06 5.053384898865178e-06
vn 0.0001300418612720127 6.751183366993485e-06 -6.52625699594602e-06
vn 9.884196717957578e-05 2.765295787552162e-06 -4.418383546002315e-06
vn 8.688464240961046e-06 2.6343643880482632e-06 1.551010042930907e-07
vn 2.6988362344486575e-05 9.311339014240125e-06 -1.4229363591792605e-07
vn 8.559470254952871e-06 3.214526448390493e-06 -2.2565181811376483e-07
vn 2.639938068796587e-05 1.082660938606473e-05 -1.1990442581995306e-06
vn 1.9508585596064343e-05 6.4405910043355536e-06 -7.837295318216356e-07
vn 3.863309915822446e-05 1.4420953916458245e-05 -2.037857782992573e-06
vn 4.412437196979415e-06 9.571363339445894e-07 2.7178512282026577e-07
vn 8.82487439395883e-06 1.914272952131766e-06 5.435702456405315e-07
vn 1.1504136923984341e-05 4.443849159149181e-06 2.0142539064407e-07
vn 0.00010225626549644006 1.439205402240606e-05 -5.880550152009818e-06
vn 8.223171523331885e-05 2.1668524146586163e-05 -4.639983644075658e-06
vn 2.2062278745907613e-06 4.785703540853435e-07 1.3589488043539627e-07
vn 0.00010468796215744025 6.6763043526285286e-06 -6.094129336896692e-06
vn 0.00013337735054074485 9.069059051924396e-10 -5.7015953809333875e-06
vn 0.00013004210417055676 -6.749555314505741e-06 -6.5263686800710176e-06
vn 9.884192013619975e-05 -2.7652685731543445e-06 -4.419064991200669e-06
vn 8.713899366648817e-05 -1.137479482651041e-05 -1.095391069615651e-06
vn 8.530722677349278e-05 -1.8529008906265064e-05 -2.8488242059244693e-06
vn 0.00015429431683421262 -3.3367240561657396e-06 -1.0670824246378627e-05
vn 5.552501442218921e-05 -1.0982998578697083e-05 1.8741647752032595e-06
vn 4.8370398855036055e-05 -8.047307077974501e-06 3.7634158032135252e-06
vn 4.9440492830683274e-05 -4.696535961513067e-06 2.5894791105655666e-06
vn 4.680336539934089e-05 -1.2841318296600172e-05 1.4545603155425593e-06
vn 4.7211761982745665e-05 -1.0427128071886359e-05 3.916074799367517e-06
vn 1.7210877894869234e-07 3.7332941308114434e-08 1.0597945453750189e-08
vn 4.596308072064086e-07 9.970203904020112e-08 2.8310660415619756e-08
vn 4.743890956066578e-05 -1.4130303526588466e-05 1.7355995031902025e-08
vn 0.00010225691067192638 -1.439196847268269e-05 -5.879878815340951e-06
vn 8.223048888183149e-05 -2.1668216990177613e-05 -4.639346635698326e-06
vn 1.1031139372953806e-06 2.392850328331782e-07 6.794744021769814e-08
vn 5.723349533987102e-05 -1.8515814555521193e-05 -2.629532885485452e-06
vn 4.5677329781735716e-05 -1.702351407875164e-05 -1.0339476247124855e-06
vn 4.614470268620689e-05 -1.7245809508899446e-05 -2.2378040542918288e-06
vn 4.430928528316136e-05 -1.97248833224298e-05 -1.174122475184718e-06
vn 4.5252569869753714e-07 1.3720693070625973e-07 8.07756001785031e-09
vn 2.2626284934876857e-07 6.860344600635673e-08 4.038780008925155e-09
vn 1.131223077894883e-07 3.429897134488665e-08 2.0193900044625774e-09
vn 3.395127935268008e-08 1.0294161303322184e-08 6.062728455835728e-10
vn 2.229742021449127e-05 9.926804583362183e-06 -5.878183744866412e-07
vn 4.279725509579965e-06 1.6072605489708966e-06 -1.1283207085678741e-07
vn 2.1398534825633765e-06 8.036271621542653e-07 -5.6416027808646366e-08
vn 1.0699354642280115e-06 4.0181767803101123e-07 -2.8202671921201242e-08
vn 5.349762384041188e-07 2.009121756062754e-07 -1.4100479952291446e-08
vn 2.0061585989053478e-07 7.534158260139253e-08 -5.289498060371856e-09
vn 1.3374459084421143e-07 5.022810377542974e-08 -3.5259774251983474e-09
vn 5.57149350091214e-08 2.0922839133480507e-08 -1.4732746439045322e-09
vn 2.2278787298068448e-08 8.366596988593433e-09 -5.884115193641429e-10
vn 3.343614771105277e-08 1.2557276596982971e-08 -8.803714335525412e-10
vn 6.855312363228114e-05 -3.0305775781029994e-05 -0.0003352115531833028
vn 6.897605858660323e-05 -2.332548963581869e-05 -0.0003372849462570441
vn 6.753797877021101e-05 -3.3380506774751594e-05 -0.0003302348725705556
vn 7.028730389590355e-05 0.0 -0.0003437131680314387
vn 6.990659916501662e-05 -1.2727574786706362e-05 -0.00034184682922380153
vn 7.02449811723541e-05 -9.134878111750669e-06 -0.00034350571139020437
vn 6.965281819204789e-05 -1.9925581730497462e-05 -0.00034060270523387235
vn 7.024501395739186e-05 9.134878111750682e-06 -0.00034350582171925213
vn 6.990670160387902e-05 1.2727574786706375e-05 -0.000341847266836742
vn 6.85532392072469e-05 3.0305775781029994e-05 -0.0003352120220283651
vn 6.753824096924686e-05 3.3380506774751573e-05 -0.00033023609800549773
vn 6.89762458833718e-05 2.332548963581869e-05 -0.0003372857749567526
vn 6.724214737002632e-05 3.675810783056162e-05 -0.00032878452944884624
vn 6.635408452225868e-05 3.6302192349891866e-05 -0.0003244308946822054
vn 6.965290172832625e-05 1.9925581730497476e-05 -0.00034060302059659965
vn 6.635362890644987e-05 -3.630219234989192e-05 -0.0003244286669998173
vn 6.724192051194734e-05 -3.675810783056165e-05 -0.0003287834697389393
vn 7.04141651545653e-05 0.0 -0.00034433509292333675
vn -7.561135790899656e-06 -9.727859335982472e-07 -4.7030511428736494e-05
vn -7.217106056571452e-06 -1.0115663030762665e-06 -4.62691764668088e-05
vn -7.64270769083041e-06 -4.442369410677718e-07 -4.734474186919525e-05
vn -6.920941130174235e-06 -2.031639538883008e-06 -4.529670265956307e-05
vn -6.209752294187785e-06 -1.9401813638954827e-06 -4.469930079519348e-05
vn -7.736627876141848e-06 3.6712051076847294e-07 -4.78703633692987e-05
vn -7.83841529385334e-06 -1.3536114505603614e-09 -4.8333347694159217e-05
vn -7.673898589593128e-06 2.994795090490092e-07 -4.72491552241205e-05
vn -7.262789025807919e-06 1.1051238342224369e-06 -4.653859874450841e-05
vn -7.580671096989935e-06 6.509178159349715e-07 -4.721309216649452e-05
vn -7.003718457759836e-06 1.251081208219076e-06 -4.5996282665773876e-05
vn -6.1905732393627475e-06 2.2637742201562466e-06 -4.451494860726327e-05
vn -5.920897045751017e-06 2.4897426710164146e-06 -4.4140475565906e-05
vn -7.831465581304934e-06 -3.366582768994227e-07 -4.825569297077293e-05
vn -5.921139015673438e-06 -2.4901331771047005e-06 -4.414046174302223e-05
vn -8.01379274561115e-06 -2.6538581125257656e-09 -4.9454423527182635e-05
vn -5.034398616910793e-06 3.802974196395572e-06 -4.238111649639408e-05
vn -5.283568137385451e-06 -1.4611189367305451e-06 -4.447871131548173e-05
vn -9.783579539219538e-06 -5.570289046598349e-06 -8.39945623617163e-07
vn -1.2380057491573236e-05 -6.292468450147102e-06 -4.039444518355477e-06
vn -1.1770012386938257e-05 -5.8642679866088825e-06 -1.8013549448295708e-06
vn -8.144369522021448e-06 -8.431301079213098e-06 -9.30262086772813e-06
vn -8.461354170652572e-06 -1.0593380917774421e-05 -4.149465836454247e-06
vn -5.742916391654418e-06 -1.119163600385453e-05 -7.831023338724965e-06
vn -7.075933365677916e-06 -4.221649701065722e-06 1.424551828574821e-06
vn -9.669292432946819e-06 -7.81333334298838e-06 -1.9403476410019857e-06
vn -1.1423608145554926e-05 -8.138289406547594e-06 -6.1392282822957e-06
vn -4.516642015834979e-06 -9.186469317177651e-06 -1.2717244994483473e-05
vn -4.0366899627153215e-06 -1.2224053634936228e-05 -9.527725800540642e-06
vn -2.817265926938281e-06 -7.232353896620085e-06 -1.627803465638503e-05
vn -2.5553455172018494e-06 -5.7518759023477206e-06 -2.3837839776514114e-05
vn -1.867288949748929e-06 -5.325720641868274e-06 -1.770424731263947e-05
vn -2.7051925462655446e-06 -4.168372631807402e-06 -2.6525389596032584e-05
vn -3.1448335447053528e-06 -4.475018130308544e-06 -3.068417099395452e-05
vn -2.3468350913337547e-06 -1.50259816997219e-06 -1.975638082770667e-05
vn -2.5781590113579415e-06 -5.811576399427839e-06 -1.7977497758716302e-05
vn -6.995221808379005e-05 -3.683812860131357e-07 -6.85251820553437e-06
vn -7.327618555058823e-05 -1.6532845036715545e-06 -6.5728140379116946e-06
vn -7.049088812219521e-05 7.069779594916597e-08 -9.69054475437401e-06
vn -7.1339220844386e-05 -2.941353165743688e-06 -1.2902595815367235e-06
vn -7.236849020112325e-05 -4.606460492198995e-06 -1.336437686350322e-06
vn -6.9803377603074e-05 -7.567351425056282e-06 3.0184448510128016e-06
vn -7.062760950236137e-05 -6.0314172172391e-06 3.404894192690666e-06
vn -6.468261301179617e-05 6.453716056855855e-07 -7.395880622357148e-06
vn -8.134910592166744e-05 -1.277032342483121e-05 9.263007444390071e-06
vn -6.784565646212888e-05 -9.237870456040604e-06 4.253283309894779e-06
vn -5.650152653831084e-05 -1.315610770882362e-05 6.03965054858179e-06
vn -8.155121719988734e-05 -1.594493515362695e-05 1.0929284062416428e-05
vn -7.969815914830246e-05 -2.0618330485606954e-05 1.3338776080251031e-05
vn -4.1939072763904995e-05 -1.635276697052451e-05 5.902743021556482e-06
vn -2.0150436110816915e-05 -9.0092694758133e-06 -1.3446692595171085e-06
vn -5.408549077209888e-05 -1.7764591894593916e-05 8.705062184530957e-06
vn -1.9859124407017295e-05 -8.86303603801782e-06 -2.433812776783142e-06
vn 0.0 -0.00046897144599681825 0.0
vn 0.0 -0.0004542307114717835 0.0
vn 0.0 -0.0004814925125793922 0.0
vn 0.0 -0.0005347852571753479 0.0
vn 0.0 -0.0005175740325037116 0.0
vn 0.0 -0.0004998081745954766 0.0
vn 0.0 -0.0004899877065859101 0.0
vn 0.0 -0.0004968509536677648 0.0
vn 0.0 -0.0004987377907461763 0.0
vn 0.0 -0.0005390863518543903 0.0
vn 0.0 -0.0005249996635833316 0.0
vn 0.0 -0.0005296264743912301 0.0
vn 0.0 -0.0006612268066068603 0.0
vn 0.0 -0.0005183602547970008 0.0
vn 0.0 -0.0004165821224417108 0.0
vn 0.0 -0.00043663972319001054 0.0
vn 0.0 -0.000543234585215486 0.0
vn 0.0 -0.0005279721956496502 0.0
vn 0.0 -0.000795871386680028 0.0
vn 1.0359904762242806e-11 -0.0009012987463648941 -5.13201521489041e-11
vn 0.0 -0.0003199406537190702 0.0
vn 0.0 -0.00029427657525013897 0.0
vn 0.0 -0.0002684090431175722 0.0
vn 0.0 -0.0001745325836297094 0.0
vn 0.0 -0.00022053389488092454 0.0
vn 0.0 -0.0001971588086713313 0.0
vn 0.0 -0.00024397980522436005 0.0
vn 0.0 -0.0003464886307811654 0.0
vn 0.0 -0.0003708894223806962 0.0
vn 0.0 -5.2372087163249836e-05 0.0
vn 0.0 -8.768287820640333e-05 0.0
vn 0.0 -6.908525756872811e-05 0.0
vn 0.0 -0.00012926282003898517 0.0
vn 0.0 -0.00010775937923134688 0.0
vn 0.0 -2.091873915919623e-05 0.0
vn 0.0 -8.12957723158909e-06 0.0
vn 0.0 -4.860366196758597e-06 0.0
vn 0.0 -3.780130101932711e-05 0.0
vn 0.0 -0.000151367160704529 0.0
vn 0.0 -0.0003949816564190088 0.0
vn 5.398735596724779e-12 -0.0007756746877682817 -7.456134316069676e-11
vn 3.599157064483186e-12 -0.0008219861294802259 -4.970756210713117e-11
vn 0.0 -1.969057129959022e-05 0.0
vn 0.0 -2.4055301625292457e-06 0.0
vn -2.0282243093278863e-11 -0.0007190622134786069 4.8377701253188005e-12
vn 6.432783337117423e-05 7.170785472739359e-07 -1.1346431031532069e-05
vn 6.37672661358983e-05 7.355344748349118e-07 -1.1468881695034424e-05
vn 6.430085299010081e-05 5.446772599747841e-07 -6.05592301808641e-06
vn 6.350307423637238e-05 8.961459733102984e-07 -1.6727603477354874e-05
vn 6.173442942400551e-05 -1.1289671383216813e-07 6.34810377738543e-06
vn 5.969778920345947e-05 -4.446757920154539e-07 1.0286199302678932e-05
vn 6.0349468943920826e-05 -3.800255225974702e-07 8.52580518712715e-06
vn 6.346159385761327e-05 2.4257885646348576e-07 2.816356728316778e-07
vn 6.270478905083383e-05 8.508430165440395e-09 2.6260662077153728e-06
vn 6.409945771884155e-05 3.5285867919360253e-07 -3.684782351002274e-06
vn 6.203082177659006e-05 1.09722197004518e-06 -2.310700635603076e-05
vn 6.362014136905666e-05 1.006504043612337e-06 -1.893094718175728e-05
vn 3.85676326112296e-05 1.5853988133382913e-06 -5.614884683320482e-05
vn 3.827867726303793e-05 1.582020868375279e-06 -5.5643551550322865e-05
vn 4.296185159411514e-05 1.5664579979542332e-06 -5.2569544804711237e-05
vn 3.371148102701698e-05 1.6065194808692478e-06 -5.902129995988826e-05
vn 2.7605549520929555e-05 1.6163251816281023e-06 -6.20114533667679e-05
vn 3.180894014724491e-05 1.5951472980831867e-06 -6.040139517153797e-05
vn 5.592882554603016e-05 1.3811546520181136e-06 -3.5908071477346295e-05
vn 5.9684008324953106e-05 1.250970190657722e-06 -2.9255953838993246e-05
vn 5.868786338841424e-05 1.2986620441685258e-06 -3.116756762975323e-05
vn 4.937411296911915e-05 1.5128727836495502e-06 -4.620075830202931e-05
vn 4.7833050295474776e-05 1.5365861172588986e-06 -4.787087585030126e-05
vn 5.2058656596407224e-05 1.4835873069366388e-06 -4.262756470958105e-05
vn 5.310718450527943e-05 1.4435789514199528e-06 -4.061040970480442e-05
vn 4.482880855762693e-05 1.5623479986899036e-06 -5.126844159105331e-05
vn 6.160998836468171e-05 1.171931806033103e-06 -2.52519789301573e-05
vn 2.1194984086525018e-05 1.615008399200074e-06 -6.424680275934974e-05
vn 2.5475521657497448e-05 1.5933084737436775e-06 -6.297233484832816e-05
vn 5.85856505962216e-05 -6.581286214515906e-07 1.063895031345692e-05
vn 5.5611556609629996e-05 1.3686653478456246e-06 -3.5654504940940996e-05
vn 1.8923800021175573e-05 1.5876588648520263e-06 -6.465467706311564e-05
vn 1.3504839798429572e-05 1.6006437429164414e-06 -6.579414845737867e-05
vn 1.337303808531122e-05 1.579804128666519e-06 -6.538464489786102e-05
vn -5.481387907408707e-06 1.6104042983951445e-06 -6.80545654586257e-05
vn -7.723920605651075e-06 1.6045554003003103e-06 -6.755802785008599e-05
vn -9.200368488285092e-07 1.607101408770021e-06 -6.78761237678504e-05
vn -1.3226566111567334e-05 1.599950171791155e-06 -6.628726772170106e-05
vn -1.336807424590417e-05 1.6058439468408114e-06 -6.686071176258394e-05
vn -1.8830145051831563e-05 1.6109744486181752e-06 -6.53395137627131e-05
vn 1.3576866183523709e-06 1.6048904637264092e-06 -6.791586283439596e-05
vn 5.857332434713753e-06 1.6038326333110859e-06 -6.739843507911197e-05
vn 8.043824771730835e-06 1.5989270866577531e-06 -6.688463119858832e-05
vn -2.1124890409258776e-05 1.6041011945088177e-06 -6.492650685108005e-05
vn -2.523188345280345e-05 1.6136878743125564e-06 -6.30203645182154e-05
vn -2.7380236268322468e-05 1.5980236290982796e-06 -6.216467012234989e-05
vn -3.129572674147721e-05 1.6087668727733555e-06 -5.997376583297176e-05
vn -5.232313351170244e-05 1.5023052481369032e-06 -4.334280079814368e-05
vn -5.338401006201155e-05 1.4614885318116739e-06 -4.134199288024455e-05
vn -4.9071844642069657e-05 1.5281378328802587e-06 -4.651281873486479e-05
vn -5.907010468892427e-05 1.326197405633129e-06 -3.181856435509553e-05
vn -5.608778880907716e-05 1.399982199659762e-06 -3.654444326560928e-05
vn -5.6612255273059804e-05 1.393916021299201e-06 -3.6760818925163895e-05
vn -3.3142619019248155e-05 1.5873410220155316e-06 -5.8631004768879764e-05
vn -3.772321122981674e-05 1.5867286987146397e-06 -5.551747909123082e-05
vn -6.278746591327772e-05 9.8958071393498e-07 -1.9192605117151355e-05
vn -6.138592193586159e-05 1.1836479060053964e-06 -2.560246810290215e-05
vn -6.193638049883879e-05 1.0526492401748022e-06 -2.3275020849299107e-05
vn -6.0129848441110845e-05 1.2334682009689248e-06 -2.971999338940712e-05
vn -4.4130047185563704e-05 1.5664548429265143e-06 -5.1095708324551036e-05
vn -4.7596967298988314e-05 1.5455891414400713e-06 -4.821868501678623e-05
vn -4.22781536167182e-05 1.5694002542350424e-06 -5.234550110912203e-05
vn -3.7506948663065024e-05 1.5683562187656749e-06 -5.5156163287987995e-05
vn -6.267560471825687e-05 8.196321480120475e-07 -1.672738984050219e-05
vn -6.217507086949748e-05 6.325134824735537e-07 -1.4155329228902449e-05
vn -6.28991762851353e-05 7.806035566577289e-07 -1.4694122877630104e-05
vn -1.703591238908016e-07 5.464798427771916e-08 -3.889328781072057e-08
vn -1.6783770833693804e-06 5.445655292599874e-07 -4.5163776831975376e-07
vn -1.7033130356027207e-07 5.464853658116221e-08 -3.888666016940405e-08
vn -3.872724016402798e-06 1.2574496914631673e-06 -1.1040844665762106e-06
vn -3.9851730120020154e-06 1.3404396058269647e-06 -1.4779164902308764e-06
vn -3.0121853824342753e-06 1.0738034986733994e-06 -1.6021831307887728e-06
vn -2.790577393159347e-06 1.0364559988736334e-06 -1.732766237325712e-06
vn -3.321689123658653e-06 1.1691775382383455e-06 -1.6260327517968017e-06
vn -2.191248264204492e-06 9.044572743751636e-07 -1.8103035760528423e-06
vn -2.0174710356472736e-06 8.687424842983778e-07 -1.9057991185068738e-06
vn -2.364920175457729e-06 9.381996604070729e-07 -1.8214619635231238e-06
vn -2.5608671259834383e-06 9.756631696188617e-07 -1.713250395047815e-06
vn -3.5692792734978156e-06 1.20815372951368e-06 -1.4609252046005817e-06
vn -1.6084769037911583e-06 8.060541855775908e-07 -1.989790173832191e-06
vn -1.4188520832906325e-06 7.838184878730932e-07 -2.0848470310212063e-06
vn -1.7240717067238576e-06 8.216616755352449e-07 -1.991841159553415e-06
vn -9.32037094219962e-07 7.830902859364339e-07 -2.3266879992909015e-06
vn -1.1588146877534513e-06 7.793345182265137e-07 -2.2193511564292803e-06
vn -1.2298362064083657e-06 7.881194833754891e-07 -2.17383216154522e-06
vn -4.500634902362691e-07 7.935033981798403e-07 -2.4697630378527336e-06
vn -6.953396164634133e-07 7.886740497434294e-07 -2.4122214122032203e-06
vn -5.34710490036957e-07 8.020653510691613e-07 -2.4594957111512997e-06
vn -3.3598110880049626e-08 7.894261764987696e-07 -2.505943038645011e-06
vn -2.4228479779609255e-07 7.892791452608752e-07 -2.4917510656254282e-06
vn 5.024713352050842e-08 7.909936991010568e-07 -2.4995557879461036e-06
vn 2.5553318383201994e-07 7.769329385130489e-07 -2.4720296747576694e-06
vn -1.8801630022892379e-06 8.504637229172923e-07 -1.9016585577729399e-06
vn -2.8606450496923868e-06 9.117645971976483e-07 -6.519490889902713e-07
vn -2.6694420799484457e-06 8.562940147405163e-07 -6.074062420687939e-07
vn -1.0222385499644265e-06 3.2795462296071674e-07 -2.3337784130112325e-07
vn -5.111146304415317e-07 1.6398224787155105e-07 -1.166880774943233e-07
vn 2.5334358069560805e-07 7.777735190594584e-07 -2.453693350282806e-06
vn 5.395108098201985e-07 7.707800999655172e-07 -2.4262752026293806e-06
vn 1.917666102990286e-06 8.579018624545467e-07 -1.913490968648715e-06
vn 2.052557441688657e-06 8.819186129621467e-07 -1.9137104645444345e-06
vn 1.764831688097238e-06 8.422111868027067e-07 -2.0111821616494785e-06
vn 2.79116277063502e-06 1.0140926496750957e-06 -1.7158911387184324e-06
vn 2.3834967463888313e-06 9.332064138575667e-07 -1.8147586003917478e-06
vn 2.2040876023231176e-06 8.974058999485759e-07 -1.7993339622391007e-06
vn 1.4151476483299706e-06 8.209053561955289e-07 -2.134519480010817e-06
vn 1.5054221875140308e-06 8.138387861604261e-07 -2.109504880468694e-06
vn 1.2610445317710127e-06 7.931353206768641e-07 -2.206132533942565e-06
vn 1.1768105467328186e-06 8.115436831250086e-07 -2.23445118059554e-06
vn 1.02228765596364e-06 7.803220682754487e-07 -2.296439322973866e-06
vn 7.90625705482187e-06 2.4752064905274128e-06 9.129573135353215e-07
vn 8.752152683747327e-06 2.748892979454182e-06 1.306205495885062e-06
vn 7.601104538153271e-06 2.3751667980538855e-06 3.742625981033692e-07
vn 8.915322272718654e-06 2.804618166999478e-06 1.6193969127623465e-06
vn 9.691672807897493e-06 3.0507011093592216e-06 1.7597626782332362e-06
vn 3.5494027744304375e-06 1.221641548547275e-06 -1.4418957753712547e-06
vn 3.922848693970995e-06 1.2978494776208266e-06 -1.43663769276032e-06
vn 3.3028021869107684e-06 1.1359053316558538e-06 -1.6006589949601695e-06
vn 5.877595432004797e-06 1.8546258433018735e-06 -4.96379483903948e-07
vn 6.516228327816226e-06 2.040346021727491e-06 -3.2858653089612763e-07
vn 5.530804768256945e-06 1.7489412565550112e-06 -8.382119657352546e-07
vn 4.9904045487501846e-06 1.6068880483355594e-06 -9.327425762449728e-07
vn 4.664151112363367e-06 1.5012085509535787e-06 -1.194436460558024e-06
vn 4.212955163078771e-06 1.3969383954361044e-06 -1.2361247997724487e-06
vn 6.8587215329192635e-06 2.1440253767182e-06 1.0795939631389853e-07
vn 2.9943734133790943e-06 1.0749836283186737e-06 -1.5808326766856525e-06
vn 9.380079438655049e-07 8.024929202960644e-07 -2.319206923991418e-06
vn 7.826615185896036e-07 7.728153159056775e-07 -2.3727556897613205e-06
vn 6.962126879304235e-07 7.873812771786655e-07 -2.3795879996025083e-06
vn -2.555619192307217e-07 8.198154194979677e-08 -5.834529142707521e-08
vn 6.607489535653455e-05 -1.8365762091568268e-06 1.7959598641824435e-05
vn 6.893650624298215e-05 -7.842718135940382e-07 1.6448965800690947e-05
vn 6.590543071849783e-05 -2.2239693656275772e-06 1.8732072005911185e-05
vn 6.189581730151549e-05 -5.286043546123106e-06 2.3026359346012222e-05
vn 5.5610755578960175e-05 -9.757456335305257e-06 2.6791382332916423e-05
vn 5.803408815043319e-05 -7.5424585542253425e-06 2.5555082188713973e-05
vn 6.243253220160658e-05 -4.077150311541268e-06 2.1582787421319898e-05
vn 5.317244713460546e-05 -9.823268520464514e-06 2.9333694868697008e-05
vn 6.220487730508699e-05 -1.6855633214519048e-05 3.597924898672166e-05
vn 6.622035744881523e-05 -2.6305434335363143e-05 4.1381327475490785e-05
vn 7.638967501558746e-05 -3.861261962293666e-05 5.456439106690515e-05
vn 7.17787487160842e-05 -3.155498385868188e-05 4.892583866202097e-05
vn 6.23905933746539e-05 -2.068874089520867e-05 3.8141766820584636e-05
vn 5.366556178380797e-05 -1.2969627244299344e-05 2.627396014235855e-05
vn 6.554947459400776e-05 -4.200432473257697e-05 5.2375826510136847e-05
vn 1.523804463597405e-05 3.413996667463924e-06 1.26722759552047e-06
vn 1.837528522425205e-05 2.998397854193751e-06 2.1460377532979103e-06
vn 1.936516959130412e-05 4.455866753880101e-06 1.9580884716024926e-06
vn 1.798901085050972e-05 5.308022612843136e-06 9.461601062071384e-07
vn 1.9597640628050268e-05 7.086093860774672e-06 1.0481268185630527e-06
vn 3.5988752451900784e-05 7.453735028533321e-06 5.0758130508624924e-06
vn 4.106743748289173e-05 1.5786909667922092e-05 4.264809608257385e-06
vn 3.997336383683942e-05 1.4349322253552513e-05 5.739596113368217e-06
vn 2.991297716785278e-05 1.5865854471996832e-05 9.431315572803195e-07
vn 3.042924606235859e-05 2.6877538706125925e-06 6.417366079511646e-06
vn 2.2462907071363787e-05 8.928781375401702e-06 2.548939265705718e-07
vn 2.6352158404863114e-05 1.3046370092280237e-05 -2.1889931996119636e-07
vn 2.7415154454627417e-05 1.6262461691132084e-05 1.4243947165370354e-07
vn 2.5492741462827025e-05 1.619520720482695e-05 1.7615547741032824e-08
vn 4.6513673915582213e-05 2.5268526628690674e-05 4.244395553345016e-06
vn 2.987394185942557e-05 1.839482722824697e-05 4.332814246398888e-06
vn 2.449917499438044e-05 7.1792326232599435e-06 4.982660672343843e-06
vn 2.2219547364012323e-05 1.095258565253571e-07 6.009732075632611e-06
vn 1.8834625987604227e-05 5.361356372251352e-06 4.528516044207945e-06
vn 1.6650835726613603e-05 1.2365112840941829e-06 5.041948212012997e-06
vn 1.909242637341013e-05 7.463117337852017e-06 4.7732802879317e-06
vn 1.6441289523459712e-05 -3.754080961952746e-06 5.991994204837373e-06
vn 2.3873163607873732e-05 1.2754082123108322e-05 4.644113796323257e-06
vn 1.1398413804819429e-05 -7.854544172608595e-06 5.2874497610187185e-06
vn 2.0788851697816065e-05 -5.199452964083303e-06 9.016047434973138e-06
vn 4.770139641725209e-05 -2.662196290387381e-05 2.7882339667661112e-05
vn 5.7261743438435724e-05 -3.740432928987057e-05 3.8191911586067815e-05
vn 2.7190930278708114e-05 -1.7442123031493552e-05 2.177213919334848e-05
vn 1.5673472250614133e-05 3.219205814190219e-06 4.820595431694693e-06
vn 1.4875293186413284e-05 6.851290897360356e-07 5.249421673451758e-06
vn 1.4226465938123336e-05 -1.7851285893021645e-06 5.848951832583478e-06
vn 6.052507617067025e-05 -2.9255078718669733e-05 3.3271683904404734e-05
vn 2.0217941556718334e-05 -5.131879019858808e-06 1.0293576651052187e-05
vn 3.6833953892594346e-06 -0.0002987959638509625 -1.8009242633184147e-05
vn 4.601583739506941e-06 -0.00024208669608142137 -2.2543894656611765e-05
vn 3.6115536338361622e-06 -0.0002929076619703749 -1.765714040200225e-05
vn 8.777973404369156e-06 -0.00013701125645547898 -4.3085521462182034e-05
vn 5.640145588780693e-06 -0.00018942134109052995 -2.762496395628358e-05
vn 1.5974916142073127e-05 -0.00012112471234476442 -7.837485807215663e-05
vn 2.34203860224094e-05 -9.070188723018816e-05 -0.00011478382507779931
vn 1.9007411989204555e-05 -0.00011125697955088753 -9.301097778385088e-05
vn 2.828874434173112e-05 -4.777473754489324e-05 -0.00013832553579699305
vn 2.772153243105011e-05 -5.7589030625747286e-05 -0.00013571935731832588
vn 2.9373504151729205e-05 -3.4767636029177494e-05 -0.0001436867462834891
vn 2.5313956943966322e-05 -7.732348774743672e-05 -0.00012380862867679876
vn 2.9439932564904535e-05 -2.9049463326371667e-05 -0.00014394548148685915
vn 2.9815777651301797e-05 -2.426254695786914e-05 -0.00014580675729776986
vn 1.1166653607570473e-05 -0.00013344015244365318 -5.467500458930208e-05
vn 2.947269456734992e-05 -2.3828018329517984e-05 -0.0001441034613582899
vn -1.5328025223078654e-05 8.884527120722568e-06 -3.3381810894664458e-06
vn -1.2511227285750683e-05 1.0841692949473992e-05 -1.6558616589119016e-06
vn -1.6069978700551488e-05 9.814404299328843e-06 -7.716644393611215e-07
vn -1.1034564105393112e-05 8.804016066326284e-06 -6.674856953072542e-06
vn -8.300220481634247e-06 1.0504461572754664e-05 -4.764358216999413e-06
vn -5.113097951717902e-06 9.760005659142125e-06 -7.783837078678356e-06
vn -7.3557954689307766e-06 8.320453582441895e-06 -9.689436235518008e-06
vn -1.783853566214315e-05 6.783402173605956e-06 -4.723785904205175e-06
vn -3.933189835986725e-06 7.991969039591934e-06 -1.1773515484374054e-05
vn -3.201915065850336e-06 9.674258792366262e-06 -7.63506523879845e-06
vn -3.4011491440498508e-06 4.839134433173856e-06 -3.3228150878710636e-05
vn -2.993844087363873e-06 2.256328483000271e-06 -2.5203100665724623e-05
vn -2.9469864235374935e-06 4.752684967061581e-06 -2.8411811040694337e-05
vn -2.7544246796685865e-06 7.147545178166254e-06 -1.3368193274697007e-05
vn -2.3469201459887984e-06 6.1644023655033246e-06 -1.6662669591269503e-05
vn -2.1017863400939228e-06 5.518836748877906e-06 -1.7131756782222757e-05
vn -2.6283640225538078e-06 5.783261186406301e-06 -2.6342053499064245e-05
vn 5.7516517652952475e-06 -1.3404319580198966e-06 6.017759557892446e-07
vn 6.63368748672414e-06 -1.3181070596884966e-06 7.4241884754443e-07
vn 1.7013027671543193e-05 -2.320309524278557e-06 2.06627878398892e-06
vn 1.1482595073501222e-05 -3.2798891025369505e-06 8.293370961485029e-07
vn 9.75473048732785e-06 -3.2467964322726126e-06 5.969724052525356e-07
vn 1.4897729860548963e-05 -4.71978830443951e-06 9.586082473658343e-07
vn 7.491417693439462e-09 -1.7458630885374977e-09 7.837406864019984e-10
vn 6.36559901838522e-08 -1.4834930848772956e-08 6.6595393833045085e-09
vn 3.9578923227348316e-05 -1.4198619132895387e-05 5.862772564787663e-06
vn 3.805284540464464e-05 -7.4758190920040716e-06 5.5227236464656006e-06
vn 4.179284439478703e-05 -1.6030163536230006e-05 4.476499867650174e-06
vn 2.5738168536410166e-05 -1.3232099191114662e-05 7.880260146587633e-07
vn 2.855312739397732e-05 -2.3229215827503386e-06 6.102978533307143e-06
vn 1.1234117938675868e-08 -2.618487067134736e-09 1.1763631799738257e-09
vn 2.2462218674385123e-08 -5.235256149546326e-09 2.351222059205997e-09
vn 1.4472667092014511e-05 -5.604912410459155e-06 4.6577566076787927e-07
vn 2.8758258826476233e-06 -6.702146933553916e-07 3.0088722574425146e-07
vn 1.1947649275305577e-05 -5.222702108640761e-06 2.0897685861856507e-07
vn 2.6692858575479017e-05 -1.3261512989908088e-05 -2.111520378515766e-07
vn 1.1986008819653363e-05 -4.977744437779087e-06 -3.1423421509419585e-07
vn 2.809993925421281e-05 -1.6708661806611584e-05 1.4596986999118592e-07
vn 1.4379129413238119e-06 -3.351089909278575e-07 1.5044361287212573e-07
vn 4.67492541017616e-05 -2.5455732543629132e-05 4.313888511655473e-06
vn 2.949054873413535e-05 -1.8006790073474265e-05 4.322998488862608e-06
vn 2.337304444993749e-05 -7.023151147641968e-06 4.802640430119468e-06
vn 2.592674191847268e-05 -1.648080571172165e-05 2.001211047102042e-08
vn 7.189534620604225e-07 -1.6755300856727935e-07 7.52225585864337e-08
vn 1.578328681150435e-05 -1.3360753732204625e-06 4.749797594800375e-06
vn 1.4451056752096703e-05 2.8985379973090043e-06 5.1498537969454354e-06
vn 1.9664240482829376e-05 -2.638153017023587e-07 5.290488363633712e-06
vn 2.3459741916665385e-05 -1.232672790184307e-05 4.613174660551067e-06
vn 1.8613328387192438e-05 -5.283466419779376e-06 4.5198575143597226e-06
vn 1.8762441253462372e-05 -7.159719299915171e-06 4.730619427991498e-06
vn 2.026169761352046e-05 4.792594023306711e-06 8.620121248257745e-06
vn 2.9624182673020556e-05 1.3813018002431515e-05 1.4451080450359776e-05
vn 1.1168138417747867e-05 6.423722567972553e-06 4.988266986751545e-06
vn 4.0308369265382e-05 2.6521171872441442e-05 2.6814433318611672e-05
vn 4.856767965625899e-05 2.4426174486853497e-05 2.7156358929571227e-05
vn 4.4936471754703485e-08 -1.0472350060641421e-08 4.700939817670339e-09
vn 1.4978623344802274e-07 -3.490751024766666e-08 1.5670300825815014e-08
vn 1.7255823971420045e-05 1.1274235248474032e-05 1.4337073576482502e-05
vn 5.3003695934572205e-05 3.389386708240488e-05 3.501953338456584e-05
vn 1.5431494323975072e-05 -3.066007151824695e-06 4.770402567021215e-06
vn 1.4590317167393858e-05 -6.19093779648303e-07 5.16224125593884e-06
vn 3.594797396316946e-07 -8.377716905520823e-08 3.761052714284602e-08
vn 1.3972857811499988e-05 1.750721887615679e-06 5.742650819455184e-06
vn 1.9953980692990832e-05 5.047592058525749e-06 1.012787317290351e-05
vn 6.409477882436868e-05 4.124621972889585e-06 2.0518569400609873e-05
vn 6.648974240658584e-05 1.8479410503875745e-06 1.807272675737843e-05
vn 6.460044881150242e-05 2.2466419156491956e-06 2.0710315602762623e-05
vn 6.036981584716165e-05 5.32853673027933e-06 2.4896048837245256e-05
vn 5.989099332632821e-05 7.601459374226736e-06 2.38136011190583e-05
vn 5.6057766343603805e-05 8.801113720034961e-06 2.7553659937445567e-05
vn 5.546365660541135e-05 1.091800614609731e-05 2.6140888249744693e-05
vn 6.53032633962928e-05 7.54313142474069e-07 2.011396284146671e-05
vn 6.220162342029353e-05 1.6944860266096513e-05 3.602658463534357e-05
vn 7.564833022038168e-05 3.835909919166707e-05 5.4110747160499996e-05
vn 7.33993867815394e-05 4.203708698276145e-05 4.597943470725263e-05
vn 6.544569014604739e-05 3.1347675476528007e-05 4.474271444657403e-05
vn 7.061022347459715e-05 2.7917008472735833e-05 4.955201639851109e-05
vn 6.228044264038472e-05 2.0737687416786218e-05 3.814282431661082e-05
vn 5.381346721363354e-05 1.30235693706906e-05 2.6470048644070125e-05
vn -3.613043658590884e-05 8.830843678278038e-08 -4.25722079051972e-06
vn -6.280331549027026e-05 -2.863289110214101e-07 -9.115294167184564e-06
vn -3.054507898937628e-05 3.6188848568114644e-07 -3.264887845107582e-06
vn -3.1010156720048934e-06 4.4361412210001115e-08 -1.5751074331972718e-07
vn -3.5927102526690847e-06 4.224973008738616e-08 -1.4493449664052353e-07
vn -1.600269916879382e-05 2.5635468122487976e-07 -9.147719025393195e-07
vn -2.41777241311257e-05 9.753954270184046e-07 -1.1905317576950005e-06
vn -3.5304587382909176e-06 1.7380075379570343e-07 -9.371277413093707e-08
vn -2.030727862475293e-05 5.46401640436962e-07 -1.64895359808533e-06
vn -3.1244453053883854e-06 1.5492255026683722e-07 -7.936903418334285e-08
vn -4.1494776620544315e-05 3.537607516253562e-06 8.599276834299603e-07
vn -5.5240437289233135e-06 1.6064865302023846e-07 -2.650914111293475e-07
vn -4.987277242902652e-05 -4.98689921721199e-07 -6.330409880828124e-06
vn -9.746076943445743e-06 2.8749262502722325e-07 -4.6509747155004995e-07
vn -5.8951916344132564e-05 6.907333766726284e-06 4.442387930864153e-06
vn -1.2599897002486566e-05 5.387592026589275e-07 7.936819359187984e-07
vn -7.668392460762241e-05 7.134217038677644e-06 2.0530779142596054e-06
vn -7.67603063833945e-05 1.1145847950744406e-05 7.140173154747953e-06
vn -6.326677324685758e-05 1.1209622730570656e-05 6.172195450433195e-06
vn -7.603657140217661e-05 1.4523310777964667e-05 1.0411740775774363e-05
vn -6.605837679073815e-05 1.536234775651342e-05 9.538608947589838e-06
vn -4.8120743365696743e-05 1.6024316952766097e-05 7.40826718904279e-06
vn -6.807020139115887e-05 1.9798567502726015e-05 1.2747251483263269e-05
vn -2.058923955345448e-05 9.207763165217673e-06 -1.3340591448466506e-06
vn -2.0332033793871335e-05 9.08684005362575e-06 -2.4642005629910287e-06
vn -3.680356236057033e-05 1.4402690549714662e-05 4.744963653586269e-06
vn -2.2018963700099046e-05 9.878899333826854e-07 1.3738347404926396e-06
vn 6.472375386629996e-05 -2.977053329331203e-07 -2.8534329267452347e-09
vn 6.338052551805047e-05 -2.051942331631464e-08 2.5051784988192578e-06
vn 6.321714955202304e-05 8.281764657276983e-08 6.333912244252513e-06
vn 6.534682563187342e-05 -6.218606955777444e-07 -6.5680738414868095e-06
vn 6.438884642525795e-05 -3.6029739546408844e-07 -3.899796701126679e-06
vn 6.123370836473616e-05 4.395225334367263e-07 1.0472791007638077e-05
vn 6.144690787016058e-05 3.775880860378653e-07 8.615636325056206e-06
vn 6.515525347240791e-05 -8.90681959379383e-07 -1.3237842554090167e-05
vn 6.461672654714709e-05 -6.448007638720313e-07 -1.0456980241843299e-05
vn 6.413083479079275e-05 -1.1125515462382364e-06 -1.9905540884128447e-05
vn 6.397521130406044e-05 -8.769587693828573e-07 -1.70595366941898e-05
vn 6.226507497134366e-05 -1.2897958911531458e-06 -2.6441690720108618e-05
vn 6.254676471756224e-05 -1.0656102376592726e-06 -2.359972481695866e-05
vn 5.957807220617969e-05 -1.4263751168406857e-06 -3.2727034303908754e-05
vn 5.625796582051612e-05 -1.5342442958797042e-06 -3.875898492267834e-05
vn 5.725190431214875e-05 -1.3216585537416744e-06 -3.6005767386270344e-05
vn 5.2250786511299424e-05 -1.6126240813810137e-06 -4.4386676490848235e-05
vn 4.759553163144943e-05 -1.667961648026824e-06 -4.954734723831972e-05
vn 4.9271194498663455e-05 -1.459757320012361e-06 -4.704599166338271e-05
vn 5.362731987446438e-05 -1.4050713105166725e-06 -4.1774498186087364e-05
vn 3.902540253767039e-05 -1.5185468384186929e-06 -5.616045639588653e-05
vn 4.2433448215891206e-05 -1.7066335173523033e-06 -5.4224363892452515e-05
vn 3.675920926623465e-05 -1.7317065492376116e-06 -5.8317626932671424e-05
vn 4.4413315362618625e-05 -1.4971054596041175e-06 -5.1886328855644834e-05
vn 3.064816255403553e-05 -1.7436000665167686e-06 -6.170909456543848e-05
vn 3.320611403140594e-05 -1.530208101608118e-06 -5.985219774643511e-05
vn 2.3750007368843028e-05 -1.6771249668408955e-06 -6.275266757834787e-05
vn 2.6999954165808664e-05 -1.5298994447211281e-06 -6.283184514548953e-05
vn 6.026609015892135e-05 -1.2106896232514988e-06 -2.9940645894625373e-05
vn 2.008910213705263e-05 -1.467181516258428e-06 -6.355187226070982e-05
vn 1.680192080767201e-05 -1.573710536168534e-06 -6.217240486397974e-05
vn 5.963312232452874e-05 6.697775618057874e-07 1.0782176660039758e-05
vn 1.359110198383434e-05 -1.4469033481256249e-06 -6.426463332305861e-05
vn 1.0638629016596899e-05 -1.5263090966508765e-06 -6.24758314830571e-05
vn 7.2986819524928045e-06 -1.4685301808590606e-06 -6.520952555851185e-05
vn 4.740807029942313e-06 -1.5107147610229381e-06 -6.32922855241342e-05
vn -6.235776063100539e-06 -1.4884744204776662e-06 -6.456098988765898e-05
vn -1.2250443668612433e-06 -1.4940203422568256e-06 -6.371370398513725e-05
vn -5.835749226851741e-06 -1.4638037047027258e-06 -6.152421860347488e-05
vn 9.602223354789158e-07 -1.504041712557307e-06 -6.576921425430047e-05
vn -1.3626138074198725e-05 -1.485453493260716e-06 -6.444854704826261e-05
vn -1.0951705065624637e-05 -1.5166462147414244e-06 -6.290700842488035e-05
vn -1.6789823219703365e-05 -1.532718012961886e-06 -6.146805250434289e-05
vn -2.6772894591725243e-05 -1.527499821648498e-06 -6.253376352864694e-05
vn -2.3466607586480723e-05 -1.6169725985348198e-06 -6.1539070467756e-05
vn -3.0598283569409694e-05 -1.7177989721015554e-06 -6.136962867817163e-05
vn -1.97771434497726e-05 -1.4585354934058802e-06 -6.273022293903146e-05
vn -5.7353478068730495e-05 -1.3550952405139263e-06 -3.6149512509912414e-05
vn -5.65455718361598e-05 -1.524925124516844e-06 -3.88003487838528e-05
vn -5.988244424957134e-05 -1.4077260023109267e-06 -3.274064775461156e-05
vn -5.253343703691769e-05 -1.6100857675260695e-06 -4.4492276324981146e-05
vn -5.3657986326443545e-05 -1.4374672933013907e-06 -4.189539029986318e-05
vn -6.247973226827035e-05 -1.0663708286837929e-06 -2.3646274733680237e-05
vn -6.244372906819942e-05 -1.2487935412761048e-06 -2.6371587088438898e-05
vn -6.418626391819975e-05 -1.0381143467611396e-06 -1.9798712810321804e-05
vn -6.030119126643183e-05 -1.2336105350285024e-06 -3.0028185836238113e-05
vn -6.379160695348153e-05 -8.392716171173581e-07 -1.7092360525167722e-05
vn -6.449567255334252e-05 -8.141326044556227e-07 -1.514800064403449e-05
vn -3.6826695095262384e-05 -1.7219113771590737e-06 -5.828967567232964e-05
vn -3.3141490361521814e-05 -1.544935649668418e-06 -5.9935736470362845e-05
vn -4.2518988347252444e-05 -1.698498545539008e-06 -5.4207714731852605e-05
vn -3.893205477652036e-05 -1.5366774579029358e-06 -5.6202522998302836e-05
vn -4.438462985759314e-05 -1.522385395327939e-06 -5.200456625579368e-05
vn -4.7840082732054066e-05 -1.6667865880728452e-06 -4.966811881045757e-05
vn -4.935816984189698e-05 -1.4935899149857518e-06 -4.724714590343278e-05
vn -6.32668589349236e-05 -6.437082481661803e-07 -1.4454820866304564e-05
vn -5.049663021552229e-06 -1.5911109646989151e-06 -1.15579532957827e-06
vn -4.617469075508211e-06 -1.4773723876010808e-06 -1.2852153734076327e-06
vn -4.440136946655357e-06 -1.4451841633713998e-06 -1.245744632465654e-06
vn -4.008415036474832e-06 -1.3604597392076858e-06 -1.4910693447993253e-06
vn -3.6424494980830827e-06 -1.1953719562960646e-06 -1.5098298607942508e-06
vn -3.336843418931127e-06 -1.2000472263885268e-06 -1.643694581047323e-06
vn -2.798623674055572e-06 -1.0781490733738845e-06 -1.7531535097793476e-06
vn -2.584286773566023e-06 -9.273039188280558e-07 -1.761704179318681e-06
vn -2.364547181027052e-06 -9.88283301422483e-07 -1.841041715393456e-06
vn -2.206144280829304e-06 -8.425591554826304e-07 -1.86199737563998e-06
vn -2.0107324269395567e-06 -9.244415307706689e-07 -1.9230399690510825e-06
vn -3.0539478783248875e-06 -1.0414836119181975e-06 -1.651100291682067e-06
vn -1.889861504382595e-06 -7.797585597377744e-07 -1.9584825137519454e-06
vn -1.7074202470351193e-06 -8.803035283532184e-07 -1.9992451032556384e-06
vn -5.056667808238491e-07 -8.512166089202455e-07 -2.3919354167866785e-06
vn -6.229566530090825e-07 -7.238409806314581e-07 -2.2789615570760596e-06
vn -4.055023578565917e-07 -7.473447071921822e-07 -2.332474373820271e-06
vn -1.2210290846736553e-06 -8.619499930715512e-07 -2.2031664085555427e-06
vn -1.1331860618195994e-06 -7.004703350588779e-07 -2.2682157393173055e-06
vn -4.388618886134675e-08 -7.558315124316557e-07 -2.3580828562296e-06
vn 3.8044615226999986e-08 -8.243933538957451e-07 -2.42403065095138e-06
vn -8.700982637722974e-07 -7.110357812485683e-07 -2.277572548492159e-06
vn 2.6866724659135303e-07 -8.382577631202129e-07 -2.3827081996663962e-06
vn 1.7658044585138949e-07 -7.249354289124771e-07 -2.333976507868854e-06
vn -2.161388602537682e-07 -7.206445962229738e-07 -2.2786747630916624e-06
vn -1.3688340033173794e-06 -7.044784316240337e-07 -2.1625295900350536e-06
vn -1.6118466276500942e-06 -7.315890899914653e-07 -2.0520137208059593e-06
vn -5.630908162454083e-06 -1.8070028771961211e-06 -1.29484452584794e-06
vn 3.913739894083491e-07 -7.006187095426422e-07 -2.291642486193078e-06
vn 1.3860802219763142e-06 -7.134988353289867e-07 -2.197594819373111e-06
vn 1.4899492793249113e-06 -9.104558478568704e-07 -2.141705746673505e-06
vn 1.2412795892801064e-06 -8.945705610883724e-07 -2.239450668791924e-06
vn 1.6400164694645606e-06 -7.357900763682936e-07 -2.091071025601957e-06
vn 9.951889476737851e-07 -8.833878442056512e-07 -2.321606722332182e-06
vn 7.328377923302192e-07 -8.70693262987361e-07 -2.323288623349223e-06
vn 8.753484205557336e-07 -6.944284866376573e-07 -2.3165282102873375e-06
vn 1.911591245485277e-06 -7.682744907282498e-07 -1.9820039459012452e-06
vn 2.0320717314369293e-06 -9.58866081736206e-07 -1.9309334006364077e-06
vn 1.1388666604013176e-06 -6.975660500084271e-07 -2.2950322216973672e-06
vn 2.2183426051537313e-06 -8.175061273409849e-07 -1.8737443333200956e-06
vn 2.354611820835827e-06 -9.993446430073236e-07 -1.8240156556058602e-06
vn 6.159757932437984e-07 -6.921255219559693e-07 -2.2810891886685447e-06
vn 6.098186029048101e-06 -1.8996268533971592e-06 -4.261894123870921e-07
vn 5.539358682806984e-06 -1.7887468674956407e-06 -8.652635281290458e-07
vn 6.261399364914126e-06 -1.9503850666297286e-06 -4.40392637474476e-07
vn 4.235540625235792e-06 -1.3338408395111385e-06 -1.2872373799146106e-06
vn 4.649813165737503e-06 -1.5466639609069528e-06 -1.219762449447813e-06
vn 3.8906286254026325e-06 -1.3463609858281744e-06 -1.4546560003363073e-06
vn 3.5651506652328225e-06 -1.148920379709817e-06 -1.4944799399376547e-06
vn 3.252415383682326e-06 -1.1852737890968769e-06 -1.6049944664031954e-06
vn 8.939322289970369e-06 -2.808775858563876e-06 1.3112144658799045e-06
vn 9.052653529576207e-06 -2.8270319074506986e-06 1.636089130616006e-06
vn 7.961960065258225e-06 -2.4642882286523597e-06 9.021237438437438e-07
vn 5.032457577198412e-06 -1.5588369868877578e-06 -9.823954649824076e-07
vn 6.8738974350829165e-06 -2.105212939896105e-06 8.586131769944494e-08
vn 7.74341045698597e-06 -2.436678168958051e-06 3.454398952506717e-07
vn 2.571994350667392e-06 -8.884761122531438e-07 -1.7589372142151306e-06
vn 3.009118597241829e-06 -9.978802528687593e-07 -1.6377990153009577e-06
vn 1.0010404381223127e-05 -3.149870800350693e-06 1.8011554045797913e-06
vn 0.0 4.339283798960862e-06 0.0
vn 0.0 2.1748846285502934e-06 0.0
vn 0.0 0.0009163304044076349 0.0
vn 0.0 9.724252640115692e-06 0.0
vn 0.0 6.591612993808107e-05 0.0
vn 0.0 4.339294510506878e-06 0.0
vn 0.0 2.1748843085829403e-06 0.0
vn 0.0 2.3400689137044362e-05 0.0
vn 0.0 5.122656027036979e-05 0.0
vn 0.0 0.00011106476562935915 0.0
vn 0.0 0.00041164048934812865 0.0
vn 0.0 2.1748750418967857e-06 0.0
vn 0.0 1.8195077040706816e-05 0.0
vn 0.0 1.0764846647458966e-05 0.0
vn 0.0 2.1748843085827057e-06 0.0
vn 0.0 0.001230927109291432 0.0
vn 0.0 0.0013132302890485233 0.0
vn 0.0 7.2077966362605566e-06 0.0
vn 0.0 2.1748846285502934e-06 0.0
vn 0.0 2.1749053512653514e-06 0.0
vn 0.0 7.207779578712169e-06 0.0
vn 0.0 4.339294510506373e-06 0.0
vn 0.0 2.174882774905328e-06 0.0
vn 0.0 9.724242278758163e-06 0.0
vn 0.0 4.339306620800807e-06 0.0
vn 0.0 2.1749053512653514e-06 0.0
vn 0.0 0.00015933156746532803 0.0
vn 0.0 1.3628191210186325e-05 0.0
vn 0.0 7.2077776059625045e-06 0.0
vn 0.0 2.1748729958791216e-06 0.0
vn 0.0 2.174882453540801e-06 0.0
vn 0.0 4.3392945105065874e-06 0.0
vn 0.0 2.174884308582721e-06 0.0
vn 0.0 7.207780473618975e-06 0.0
vn 0.0 0.0006785494021357417 0.0
vn 0.0 0.00010679006957462988 0.0
vn 0.0 4.339294510506685e-06 0.0
vn 0.0 2.174882453540801e-06 0.0
vn 0.0 2.7624947488383723e-05 0.0
vn 0.0 1.0764844192884418e-05 0.0
vn 0.0 2.1748729958791216e-06 0.0
vn 0.0 4.339277516858444e-06 0.0
vn 0.0 2.1748451528457855e-06 0.0
vn 0.0 0.00011782596167529902 0.0
vn 0.0 9.72423382895495e-06 0.0
vn 0.0 4.339284673392808e-06 0.0
vn 0.0 7.20777874017284e-06 0.0
vn 0.0 2.1748843085829454e-06 0.0
vn 0.0 2.1748750418967874e-06 0.0
vn 0.0 6.59161357419158e-05 0.0
vn 0.0 7.207796636260555e-06 0.0
vn 0.0 7.140029057893087e-05 0.0
vn 0.0 2.1748846285502934e-06 0.0
vn 0.0 2.1749053512653498e-06 0.0
vn 0.0 3.610828813240572e-05 0.0
vn 0.0 4.339285024705175e-06 0.0
vn 0.0 2.1748750418967857e-06 0.0
vn 0.0 1.4991042702818518e-05 0.0
vn 0.0 4.339284673392807e-06 0.0
vn 0.0 2.174882453540801e-06 0.0
vn 0.0 4.339306620800802e-06 0.0
vn 0.0 2.1748729958791216e-06 0.0
vn 0.0 2.174884308582555e-06 0.0
vn 0.0 2.1748843085827946e-06 0.0
vn -1.9368833474461802e-05 2.9759027027716093e-09 -2.3604710437059675e-05
vn -1.6999936288216504e-05 -2.4338213135748716e-10 -2.5450632605668477e-05
vn -1.9337057996894953e-05 2.5873233409954342e-09 -2.3569723937764455e-05
vn -1.2156605921661217e-05 1.495308624891508e-09 -2.8050853532913006e-05
vn -1.1217392397585582e-05 1.3969973156965903e-09 -2.8393724118818514e-05
vn -1.3993781465446213e-05 -1.021918479398056e-09 -2.7245577221471204e-05
vn -2.4967367636665063e-06 1.606988223898158e-09 -3.0471201453416476e-05
vn -8.87092483866426e-06 1.7628473825660796e-09 -2.9253802694275658e-05
vn -5.972221465005117e-06 -2.0718736608645203e-10 -3.0034884504562242e-05
vn -8.864552386276684e-06 2.670168702837919e-09 -2.924307552612712e-05
vn -3.498616868809078e-06 2.0398662846311157e-09 -3.0413751232937343e-05
vn -1.4886131429161844e-05 -5.661235752965881e-10 -2.6784425736725855e-05
vn -2.7202623090396968e-05 3.1677416556681925e-09 -1.397536664842997e-05
vn -2.6691000295009933e-05 1.9987928178760707e-09 -1.4838127274211067e-05
vn -2.8107844002855215e-05 -4.653681079983843e-10 -1.218594730424993e-05
vn -2.913796828818124e-05 -1.4482409138504774e-09 -9.368273671310253e-06
vn -2.8494922960625897e-05 -4.895674056883267e-10 -1.1259536541196809e-05
vn -2.9831687423244026e-05 4.697670177841274e-10 -6.448359784110745e-06
vn -2.9378914762892844e-05 6.579284291115212e-10 -8.390594007919723e-06
vn -2.1273225579909533e-05 5.280783338916758e-10 -2.1981700124343163e-05
vn -2.3669594152177155e-05 -1.477352194621468e-09 -1.9428987441357763e-05
vn -2.5382996586212394e-05 -1.5837793084403163e-11 -1.69699646857905e-05
vn -2.5405231981848812e-05 1.5053580675443613e-09 -1.6980025473947147e-05
vn -2.2008413180266182e-05 1.6274383324224424e-10 -2.1300876733557572e-05
vn -3.0403365003388815e-05 -6.790886414784677e-10 -3.4995260384104187e-06
vn -3.005807065397779e-05 1.8434451866391844e-09 -5.473506811662565e-06
vn -1.6693732628822115e-06 2.76343035947835e-08 2.5385470917487726e-05
vn -5.966127962381587e-06 -3.945388391141681e-12 -2.999373863950476e-05
vn -1.6990086262103802e-05 -4.6225472780781495e-12 -2.542746737748523e-05
vn -2.3639696936354895e-05 -6.427836225497773e-12 -1.940060895202865e-05
vn -3.053490324805197e-05 -1.9247898923271883e-11 -2.504225015110274e-06
vn -2.8151839546381896e-05 -1.4810792258829255e-07 1.906272640116322e-05
vn -2.865899707924962e-05 -6.280862410273415e-08 1.601086514298009e-05
vn -3.1271314094781074e-05 -1.4873715771618452e-07 1.584193316587284e-05
vn -2.5665171836050237e-05 -1.770032376294996e-08 2.0623752010013806e-05
vn -2.630553717957617e-05 -2.1625180021061772e-07 2.3292280502442684e-05
vn -3.0202019063699112e-05 -1.4200818463523545e-08 1.2880023908269604e-05
vn -3.295625125511617e-05 -2.1693126450618523e-07 1.2221603282978862e-05
vn -3.4777968849383705e-05 -1.8744840142966516e-07 4.468923993250555e-06
vn -3.2736245642506085e-05 -3.575175839208091e-08 2.74584096925559e-06
vn -3.230994453990283e-05 -7.524355688477663e-08 1.812119656089872e-07
vn -3.1490101626754556e-05 2.7354762742546584e-09 9.62343625251554e-06
vn -3.411613573864624e-05 -2.292852234796082e-07 8.408984029401383e-06
vn -3.2231332105518294e-05 5.276064479774605e-10 6.201288812357386e-06
vn -2.325415323543374e-05 7.854826699034895e-09 2.3164467786850607e-05
vn -2.3442541442009673e-05 -2.2654335209335685e-07 2.6079645726944946e-05
vn -1.5613740216433586e-05 1.1755134120479372e-07 2.3601406341282365e-05
vn -1.813300890287705e-05 -1.253942586589303e-07 2.4642646537916905e-05
vn -1.3272336592448704e-05 1.3788730044511759e-08 2.2311209071270845e-05
vn -1.3287008263167087e-05 1.2922677386948355e-07 2.4763584943118438e-05
vn -1.1224138494377318e-05 1.878623423016003e-08 2.3130552759647316e-05
vn -8.702523493885663e-06 1.056358740547287e-08 2.1678453896121018e-05
vn -1.009184879331892e-05 9.246217344797388e-08 2.4679664901074335e-05
vn -8.001608608295363e-06 4.245866011362708e-08 2.410449643156086e-05
vn -3.7794087539632442e-06 1.3782418629076343e-08 2.4906576924061748e-05
vn -2.816538590382881e-06 1.172005714234185e-07 2.731905179082856e-05
vn -5.876119918175023e-06 1.8983171173586757e-08 2.4482772432981097e-05
vn -5.2916221653946616e-06 1.292375467976572e-07 2.6816932450054773e-05
vn -2.0684327500997655e-05 -1.0619915449351417e-09 2.5528965832002148e-05
vn -7.762978877349171e-06 9.57995664764342e-08 2.6306875150695275e-05
vn -3.058134941691292e-05 0.0 0.0
vn -2.542746737748523e-05 -1.3119347384681086e-08 1.69900862621038e-05
vn 7.450581304691023e-14 -7.288191010263218e-14 6.0215955732415475e-06
vn 0.0 -1.4576382020526435e-13 6.113777741422211e-06
vn 7.450581304691023e-14 -7.288191010263218e-14 6.0215955732415475e-06
vn 1.4901162609382046e-13 0.0 5.929413405060884e-06
vn -9.934108406254697e-14 6.308656081691694e-08 -4.367541962176792e-06
vn -1.4901162609382046e-13 1.481958092688317e-13 -6.0755783130498076e-06
vn -2.9802325218764093e-13 0.0 -5.935373870104637e-06
vn 6.056247032177312e-11 1.270066472195649e-07 -2.7084531866147077e-06
vn -1.2978352864943464e-06 0.0 0.0
vn -2.1021872470991223e-06 0.0 0.0
vn -2.500000237487401e-06 0.0 0.0
vn -1.3241577322400709e-06 0.0 0.0
vn -5.825983050146746e-08 0.0 0.0
vn -1.1208576170566431e-07 0.0 0.0
vn -1.3393921187315009e-06 0.0 0.0
vn -1.3241577322399068e-06 0.0 0.0
vn -1.2978352864942513e-06 0.0 0.0
vn -5.825983050146746e-08 0.0 0.0
vn -1.1208576170566428e-07 0.0 0.0
vn -2.5000002374871233e-06 0.0 0.0
vn 1.1992992520066758e-10 4.2631277194786576e-07 -8.619784200757284e-07
vn 1.008708802926421e-10 3.078128639537551e-07 -9.07122558667164e-07
vn 4.055442035298964e-11 6.341468466540907e-07 -7.241874069658668e-07
vn 2.7716760522062057e-11 7.25759501734954e-07 -6.352533722179997e-07
vn 5.3336907394298456e-12 8.887993572769322e-07 -3.6777294349044097e-07
vn -1.3932046711988503e-12 8.899737651626216e-07 -3.6769967031204255e-07
vn 1.6815174285981744e-11 9.578238202417254e-07 6.350812386150457e-08
vn -2.8489715092941652e-11 9.605258211145247e-07 -6.325647368704422e-08
vn 3.659534861286507e-12 8.553516996024521e-07 4.223665437972804e-07
vn -2.7112612190381094e-11 9.071587508875238e-07 3.072793568560082e-07
vn -1.7081784177047467e-11 7.159719368213835e-07 6.266827088885149e-07
vn -3.989050052630037e-12 4.1896752057139853e-07 8.473916598514045e-07
vn -4.373078845757445e-12 6.243413202353069e-07 7.125123047145703e-07
vn 0.0 1.8615351714594106e-07 9.358550345825094e-07
vn 6.31888306997521e-12 1.86755196849122e-07 9.386768708599582e-07
vn -1.5306713914550562e-13 3.022035837777588e-07 8.917327663109039e-07
vn 0.0 0.0 9.232064167374638e-06
vn 0.0 0.0 9.126147064465605e-06
vn 0.0 0.0 9.27969080779113e-06
vn 0.0 0.0 9.450377319695937e-06
vn 0.0 0.0 9.358694365448936e-06
vn 0.0 0.0 9.546815409044671e-06
vn 0.0 0.0 9.449646960070205e-06
vn 0.0 0.0 9.261337319381793e-06
vn 0.0 0.0 9.451898433419486e-06
vn 0.0 0.0 9.518594355842111e-06
vn 0.0 0.0 9.810406781701472e-06
vn 0.0 0.0 9.913687195467046e-06
vn 0.0 0.0 9.575149618277e-06
vn 0.0 0.0 9.981767593572161e-06
vn 0.0 0.0 9.618296301851908e-06
vn 0.0 0.0 1.0014653624066766e-05
vn 0.0 0.0 9.645380112946978e-06
vn 0.0 0.0 9.231877773704674e-06
vn 0.0 0.0 9.358537084731699e-06
vn 0.0 0.0 9.27944836884922e-06
vn 0.0 0.0 9.449438625620644e-06
vn 0.0 0.0 9.26112337295012e-06
vn 0.0 0.0 9.54650932375465e-06
vn 0.0 0.0 9.450102207523018e-06
vn 0.0 0.0 9.125804825707742e-06
vn 0.0 0.0 9.451534012210463e-06
vn 0.0 0.0 9.981252154054423e-06
vn 0.0 0.0 9.5746295004551e-06
vn 0.0 0.0 9.617736174036117e-06
vn 0.0 0.0 9.644804428263762e-06
vn 0.0 0.0 1.0014120286975802e-05
vn 0.0 0.0 9.809982778710953e-06
vn 0.0 0.0 9.518138572131466e-06
vn 0.0 0.0 9.913207365770427e-06
vn 0.0 0.0 1.0013338291121196e-05
vn 0.0 0.0 9.654586471522187e-06
vn 0.0 0.0 9.979432822953087e-06
vn 0.0 0.0 9.645040312759888e-06
vn 0.0 0.0 9.914903706640374e-06
vn 0.0 0.0 9.616738504711701e-06
vn 0.0 0.0 9.570372173512467e-06
vn 0.0 0.0 9.822006978046901e-06
vn 0.0 0.0 9.703365685336757e-06
vn 0.0 0.0 9.427511257962843e-06
vn 0.0 0.0 9.506974429983888e-06
vn 0.0 0.0 9.562124229820268e-06
vn 0.0 0.0 9.402111130574636e-06
vn 0.0 0.0 9.191601870542731e-06
vn 0.0 0.0 9.332341772552987e-06
vn 0.0 0.0 9.227804719476818e-06
vn 0.0 0.0 9.049732848973171e-06
vn 0.0 0.0 9.644551976293284e-06
vn 0.0 0.0 9.616339407506692e-06
vn 0.0 0.0 9.914508214381935e-06
vn 0.0 0.0 9.821707371340374e-06
vn 0.0 0.0 9.57007451321263e-06
vn 0.0 0.0 9.97896513597838e-06
vn 0.0 0.0 1.0012820605583036e-05
vn 0.0 0.0 9.654040830762385e-06
vn 0.0 0.0 9.332313798837375e-06
vn 0.0 0.0 9.402077284178417e-06
vn 0.0 0.0 9.427409951420527e-06
vn 0.0 0.0 9.227810849910673e-06
vn 0.0 0.0 9.703164717640896e-06
vn 0.0 0.0 9.506780207988209e-06
vn 0.0 0.0 9.562017176775194e-06
vn -2.1267130010991456e-06 1.8646426382724837e-05 7.586286697041001e-09
vn -1.50160485862787e-06 1.8603310762784346e-05 1.1751734953061642e-10
vn -5.704638705160257e-06 1.7879934817322736e-05 1.4805590615118495e-08
vn -3.93439012390974e-06 1.8350595786944623e-05 1.1264199880791295e-08
vn -5.063610557921454e-06 1.796444149598439e-05 -6.843791727218422e-09
vn -3.29810491738842e-06 1.8370420293680144e-05 -3.4308147220828375e-09
vn -9.065895941780247e-06 1.6433671038816056e-05 2.1489796182477506e-08
vn -7.420578707846789e-06 1.7238926761818183e-05 1.8204818477555285e-08
vn -8.435440864800388e-06 1.6650106476909238e-05 -1.3330862350231566e-08
vn -1.2082708234994503e-05 1.4362580551129249e-05 2.7649729086647833e-08
vn -1.0624892926221406e-05 1.547183583626568e-05 2.4633136450732635e-08
vn -1.1490339734915554e-05 1.470968743822352e-05 -1.932164649901121e-08
vn -1.0010020889051933e-05 1.57541232123851e-05 -1.6385897050587536e-08
vn -6.781438835933847e-06 1.738919885242186e-05 -1.0154140194758624e-08
vn -1.4640342195811492e-05 1.1745374523750304e-05 3.3297127311456855e-08
vn -1.3425456368733618e-05 1.3116468245051488e-05 3.053805747304565e-08
vn -1.4113383044394013e-05 1.2216109800503069e-05 -2.4815912963554866e-08
vn -1.6641532571461238e-05 8.681530187697475e-06 3.842245969385544e-08
vn -1.5715781751097763e-05 1.0262352010942836e-05 3.59245353158672e-08
vn -1.620593224931971e-05 9.263114219690595e-06 -2.981745292682395e-08
vn -1.5231394625208782e-05 1.0790461929478097e-05 -2.7378013462031994e-08
vn -1.8010173760079088e-05 5.2875174141117106e-06 4.302927634094437e-08
vn -1.7408768400265136e-05 7.0179675729007536e-06 4.078982205563237e-08
vn -1.7689277421968213e-05 5.961711178311299e-06 -3.432591119957487e-08
vn -1.3988656260237522e-05 1.4037241679739095e-06 4.71225438896427e-08
vn -1.844001508089534e-05 3.5066607945406583e-06 4.5142883479532935e-08
vn -1.596095141397503e-05 1.9563228558235958e-06 -2.8748474893377997e-08
vn -6.364880530676898e-06 0.0 8.225553121285439e-08
vn -9.598999875689049e-06 5.665588917108279e-07 -3.834323769382049e-09
vn -1.818409933532712e-05 4.2187631164185145e-06 -3.639052373083996e-08
vn -1.7027810442730044e-05 7.648459207399547e-06 -3.213305710617833e-08
vn -1.2862429251243382e-05 1.352663327602964e-05 -2.213120961328989e-08
vn -1.1116618735617986e-05 8.26955873844673e-07 0.0
vn -9.59899987568865e-06 -5.665588917108279e-07 -3.834323769416526e-09
vn -1.3988656260236992e-05 -1.4037241679739095e-06 4.712254388959674e-08
vn -1.818409933532712e-05 -4.2187631164185145e-06 -3.6390523730840066e-08
vn -1.8010173760079088e-05 -5.2875174141117106e-06 4.3029276340944224e-08
vn -1.844001508089534e-05 -3.5066607945406583e-06 4.5142883479532955e-08
vn -1.596095141397503e-05 -1.956322855823596e-06 -2.8748474893377977e-08
vn -1.7027810442730044e-05 -7.648459207399547e-06 -3.21330571061784e-08
vn -1.6641532571461238e-05 -8.681530187697475e-06 3.842245969385551e-08
vn -1.7408768400265136e-05 -7.0179675729007536e-06 4.078982205563226e-08
vn -1.5231394625208784e-05 -1.0790461929478097e-05 -2.7378013462031852e-08
vn -1.4640342195811492e-05 -1.1745374523750304e-05 3.329712731145696e-08
vn -1.5715781751097763e-05 -1.0262352010942836e-05 3.592453531586731e-08
vn -1.620593224931971e-05 -9.263114219690595e-06 -2.981745292682384e-08
vn -1.7689277421968213e-05 -5.961711178311299e-06 -3.4325911199575085e-08
vn -1.2862429251243382e-05 -1.352663327602964e-05 -2.2131209613289856e-08
vn -1.2082708234994503e-05 -1.4362580551129249e-05 2.7649729086647833e-08
vn -1.3425456368733617e-05 -1.3116468245051488e-05 3.053805747304568e-08
vn -1.0010020889051933e-05 -1.57541232123851e-05 -1.6385897050587573e-08
vn -9.065895941780247e-06 -1.6433671038816056e-05 2.148979618247749e-08
vn -1.0624892926221406e-05 -1.547183583626568e-05 2.46331364507326e-08
vn -1.1490339734915554e-05 -1.470968743822352e-05 -1.9321646499011245e-08
vn -6.781438835933846e-06 -1.738919885242186e-05 -1.0154140194758624e-08
vn -5.704638705160257e-06 -1.7879934817322736e-05 1.4805590615118505e-08
vn -7.420578707846789e-06 -1.7238926761818183e-05 1.8204818477555268e-08
vn -3.2981049173884194e-06 -1.8370420293680144e-05 -3.430814722082725e-09
vn -2.1267130010991456e-06 -1.8646426382724837e-05 7.586286697041108e-09
vn -3.93439012390974e-06 -1.8350595786944623e-05 1.1264199880791303e-08
vn -1.50160485862787e-06 -1.8603310762784346e-05 1.1751734953072892e-10
vn -5.063610557921454e-06 -1.796444149598439e-05 -6.843791727218408e-09
vn -8.435440864800388e-06 -1.6650106476909238e-05 -1.3330862350231584e-08
vn -1.4113383044394013e-05 -1.221610980050307e-05 -2.4815912963554724e-08
vn -1.1116618735617986e-05 -8.26955873844673e-07 0.0
vn 0.0 0.0 9.291018732706384e-05
vn 0.0 0.0 1.3991966415626671e-06
vn 0.0 0.0 2.7916355908352975e-06
vn 0.0 0.0 3.661704150129523e-05
vn 0.0 0.0 0.0003214996751205903
vn 0.0 0.0 1.1705567977584067e-05
vn 0.0 0.0 2.7916218261300817e-06
vn 0.0 0.0 1.3991918685631226e-06
vn 0.0 0.0 2.7916226215251108e-06
vn 0.0 0.0 1.3991879584704053e-06
vn 0.0 0.0 0.0006521814922807607
vn 0.0 0.0 4.637024207097543e-06
vn 0.0 0.0 1.3991635600594474e-06
vn 0.0 0.0 1.3991873409500388e-06
vn 0.0 0.0 8.767519904021828e-06
vn 0.0 0.0 1.1705572255456918e-05
vn 0.0 0.0 1.3991738185258294e-06
vn 0.0 0.0 1.399178331555383e-06
vn 0.0 0.0 0.000509482220375537
vn 0.0 0.0 0.000663900996193238
vn 0.0 0.0 1.1705569900214214e-05
vn 0.0 0.0 3.095918926979955e-05
vn 0.0 0.0 1.3991962306401885e-06
vn 0.0 0.0 1.39917214698929e-06
vn 0.0 0.0 2.7916294046083255e-06
vn 0.0 0.0 4.637044726104056e-06
vn 0.0 0.0 1.3991875843324434e-06
vn 0.0 0.0 2.791627726938179e-06
vn 0.0 0.0 2.791630694846592e-06
vn 0.0 0.0 1.3991834235565877e-06
vn 0.0 0.0 6.51042769133313e-05
vn 0.0 0.0 2.17189904034873e-05
vn 0.0 0.0 2.791623751982045e-06
vn 0.0 0.0 1.3991802125818325e-06
vn 0.0 0.0 1.5054544547206669e-05
vn 0.0 0.0 2.7916451374202637e-06
vn 0.0 0.0 1.3991950453147301e-06
vn 0.0 0.0 6.81450847841582e-05
vn 0.0 0.0 1.3991949496840827e-06
vn 0.0 0.0 1.3991923487327139e-06
vn 0.0 0.0 8.767510486994257e-06
vn 0.0 0.0 0.00023320290949040915
vn 0.0 0.0 2.7916240283771236e-06
vn 0.0 0.0 0.000477725116598001
vn 0.0 0.0 4.637020876637982e-06
vn 0.0 0.0 3.095919554666928e-05
vn 0.0 0.0 1.3991918685631226e-06
vn 0.0 0.0 2.791621826130082e-06
vn 0.0 0.0 1.399187958470405e-06
vn 0.0 0.0 6.925438777531943e-06
vn 0.0 0.0 1.3991768361786057e-06
vn 0.0 0.0 1.5141030443176625e-05
vn 0.0 0.0 2.7916242439082883e-06
vn 0.0 0.0 1.3991834699735629e-06
vn 0.0 0.0 2.7916318962498707e-06
vn 0.0 0.0 6.925428799520423e-06
vn 0.0 0.0 1.3991802125822766e-06
vn 0.0 0.0 1.3991841206834329e-06
vn 0.0 0.0 2.1719001731674686e-05
vn 0.0 0.0 2.7916455766578806e-06
vn 0.0 0.0 1.3991952721192545e-06
vn 0.0 0.0 2.7916319147872375e-06
vn 0.0 0.0 1.3991930658794741e-06
vn 0.0 0.0 1.399187076176787e-06
vn 0.0 7.502369639688776e-06 0.0
vn 0.0 7.502369639688776e-06 0.0
vn 0.0 7.502369639688776e-06 0.0
vn 0.0 7.502369639688776e-06 0.0
vn 0.0 0.0 5.001579759792517e-06
vn 0.0 0.0 5.001579759792517e-06
vn 0.0 0.0 5.001579759792517e-06
vn 0.0 0.0 5.001579759792517e-06
vn 0.0 -7.502369639688776e-06 0.0
vn 0.0 -7.502369639688776e-06 0.0
vn 0.0 -7.502369639688776e-06 0.0
vn 0.0 -7.502369639688776e-06 0.0
vn 0.0 -7.502369639688776e-06 0.0
vn 0.0 -7.502369639688776e-06 0.0
vn 0.0 -7.502369639688776e-06 0.0
vn 0.0 -7.502369639688776e-06 0.0
vn 0.0 0.0 5.001579759792517e-06
vn 0.0 0.0 5.001579759792517e-06
vn 0.0 0.0 5.001579759792517e-06
vn 0.0 0.0 5.001579759792517e-06
vn 0.0 7.502369639688776e-06 0.0
vn 0.0 7.502369639688776e-06 0.0
vn 0.0 7.502369639688776e-06 0.0
vn 0.0 7.502369639688776e-06 0.0
usemtl Diffuse
f 1 2 3
f 4 3 5
f 6 7 8
f 9 10 11
f 12 11 7
f 13 8 2
f 14 15 16
f 17 18 19
f 20 19 15
f 21 22 23
f 24 25 26
f 27 28 25
f 29 26 22
f 30 23 18
f 31 16 10
f 3 4 1
f 4 5 32
f 8 13 6
f 11 12 9
f 12 7 6
f 13 2 1
f 16 31 14
f 19 20 17
f 20 15 14
f 23 30 21
f 26 29 24
f 25 24 27
f 29 22 21
f 30 18 17
f 31 10 9
f 27 33 28
f 34 35 36
f 37 38 33
f 39 40 41
f 40 38 37
f 42 43 44
f 45 42 39
f 46 44 47
f 46 48 49
f 28 33 38
f 50 49 51
f 52 53 54
f 53 50 55
f 56 57 58
f 59 60 61
f 62 59 63
f 60 56 64
f 57 52 65
f 66 62 67
f 37 68 41
f 37 41 40
f 45 39 41
f 47 44 43
f 48 46 47
f 45 43 42
f 49 48 51
f 55 50 51
f 65 52 54
f 55 54 53
f 64 56 58
f 63 59 61
f 67 62 63
f 64 61 60
f 65 58 57
f 67 34 66
f 34 36 66
f 27 69 33
f 70 71 72
f 73 72 74
f 75 76 77
f 77 71 78
f 79 73 74
f 80 81 79
f 82 80 83
f 84 83 85
f 86 87 88
f 88 89 90
f 91 87 92
f 93 94 95
f 96 89 94
f 97 98 91
f 98 99 85
f 100 95 101
f 75 102 76
f 70 78 71
f 75 77 78
f 81 73 79
f 84 82 83
f 81 80 82
f 70 72 73
f 97 99 98
f 86 92 87
f 97 91 92
f 96 90 89
f 100 93 95
f 103 100 101
f 96 94 93
f 86 88 90
f 84 85 99
f 101 104 103
f 105 104 106
f 107 106 108
f 109 110 111
f 112 113 109
f 110 114 115
f 113 107 108
f 114 116 117
f 118 119 120
f 121 122 119
f 123 122 124
f 125 126 127
f 128 120 129
f 130 127 131
f 132 116 133
f 123 134 133
f 105 106 107
f 112 109 111
f 113 112 107
f 115 114 117
f 132 133 134
f 116 132 117
f 110 115 111
f 124 122 121
f 120 128 118
f 118 121 119
f 134 123 124
f 128 129 135
f 136 137 126
f 136 126 125
f 135 137 136
f 127 130 125
f 135 129 137
f 104 105 103
f 138 139 140
f 140 141 138
f 139 142 140
f 138 141 143
f 144 143 145
f 145 146 144
f 143 141 145
f 144 146 147
f 148 149 150
f 151 152 150
f 150 153 151
f 148 150 152
f 154 142 139
f 142 154 155
f 155 154 149
f 149 148 155
f 156 147 157
f 157 158 156
f 147 146 157
f 156 158 159
f 160 159 161
f 160 162 163
f 162 160 161
f 159 158 161
f 164 163 162
f 163 164 165
f 165 164 166
f 166 164 167
f 166 167 168
f 169 170 168
f 171 170 169
f 167 169 168
f 172 173 174
f 175 176 174
f 174 177 175
f 172 174 176
f 178 151 153
f 178 153 173
f 173 172 178
f 179 180 181
f 181 182 183
f 184 183 182
f 177 185 175
f 177 180 185
f 185 180 179
f 181 183 179
f 186 187 188
f 187 186 171
f 188 189 190
f 189 188 187
f 190 191 192
f 191 190 189
f 193 194 192
f 192 191 193
f 193 195 196
f 197 198 199
f 195 197 196
f 196 197 199
f 200 199 198
f 201 200 198
f 193 196 194
f 171 186 170
f 202 203 204
f 205 203 206
f 207 208 209
f 210 207 202
f 211 209 212
f 211 213 214
f 215 206 216
f 217 218 219
f 220 221 222
f 223 222 218
f 224 225 226
f 227 228 229
f 230 227 224
f 221 231 225
f 232 219 214
f 233 229 234
f 213 211 212
f 214 213 232
f 209 208 212
f 205 206 215
f 203 205 204
f 208 207 210
f 210 202 204
f 215 216 235
f 223 218 217
f 220 231 221
f 222 223 220
f 217 219 232
f 226 225 231
f 227 230 228
f 236 234 228
f 226 230 224
f 234 229 228
f 237 233 234
f 238 239 240
f 241 242 243
f 242 238 244
f 245 246 247
f 248 249 250
f 251 248 252
f 249 245 253
f 246 241 247
f 254 255 256
f 257 258 259
f 258 254 256
f 260 261 262
f 263 264 265
f 266 267 260
f 268 261 257
f 269 255 251
f 270 265 267
f 242 244 243
f 247 241 243
f 247 253 245
f 250 249 253
f 248 250 252
f 240 237 271
f 240 239 237
f 238 240 244
f 269 256 255
f 261 268 262
f 258 256 259
f 259 268 257
f 270 267 266
f 263 265 270
f 260 262 266
f 269 251 252
f 263 272 264
f 233 237 239
f 273 274 275
f 276 277 273
f 278 279 280
f 281 282 280
f 283 284 285
f 286 287 277
f 288 286 277
f 289 277 276
f 290 291 292
f 293 287 288
f 273 294 276
f 295 296 297
f 295 298 281
f 299 278 280
f 278 299 279
f 280 282 300
f 301 282 281
f 296 295 281
f 302 303 279
f 304 305 296
f 306 307 308
f 309 310 311
f 312 313 314
f 309 315 310
f 315 316 310
f 317 318 319
f 320 321 322
f 314 323 312
f 324 317 319
f 325 326 327
f 318 325 328
f 329 330 325
f 331 307 303
f 329 325 332
f 288 287 286
f 277 289 288
f 333 292 291
f 276 294 289
f 297 296 305
f 275 294 273
f 299 302 279
f 303 302 331
f 297 298 295
f 280 300 299
f 281 298 301
f 334 293 335
f 300 282 301
f 274 336 275
f 337 338 339
f 337 340 341
f 342 311 310
f 316 342 310
f 312 323 338
f 312 316 343
f 344 325 284
f 317 345 318
f 345 346 325
f 309 311 347
f 341 306 308
f 325 346 348
f 324 321 317
f 349 350 284
f 307 331 308
f 318 345 325
f 351 352 284
f 353 354 355
f 285 284 352
f 351 355 352
f 356 357 358
f 359 360 361
f 360 362 358
f 363 361 354
f 353 355 364
f 355 284 365
f 359 361 366
f 363 367 361
f 354 353 368
f 363 354 369
f 356 358 370
f 362 371 358
f 372 373 374
f 357 374 373
f 374 357 356
f 375 374 356
f 360 359 376
f 362 360 377
f 373 378 357
f 351 284 355
f 379 380 381
f 382 383 384
f 383 385 381
f 386 387 388
f 388 389 390
f 380 391 389
f 392 393 387
f 394 378 373
f 395 384 378
f 385 383 396
f 384 395 397
f 382 398 383
f 382 384 399
f 391 380 400
f 381 385 401
f 386 388 402
f 389 391 403
f 388 390 404
f 392 387 405
f 406 380 379
f 390 389 407
f 408 387 386
f 379 381 409
f 392 410 393
f 395 378 411
f 368 369 354
f 353 364 368
f 284 412 365
f 365 364 355
f 412 284 350
f 375 356 370
f 374 413 372
f 371 370 358
f 377 360 376
f 375 413 374
f 369 367 363
f 366 361 367
f 359 366 376
f 362 377 371
f 372 394 373
f 383 398 396
f 397 399 384
f 382 399 398
f 395 411 397
f 396 401 385
f 411 378 394
f 403 391 400
f 381 401 409
f 407 404 390
f 404 402 388
f 389 403 407
f 379 409 406
f 400 380 406
f 386 402 408
f 392 405 414
f 414 410 392
f 405 387 408
f 415 284 416
f 417 344 284
f 418 417 284
f 419 418 284
f 416 284 283
f 284 415 420
f 421 419 284
f 420 421 284
f 422 332 325
f 423 422 325
f 424 325 344
f 425 325 424
f 326 325 425
f 327 423 325
f 330 328 325
f 319 318 328
f 321 347 311
f 322 321 324
f 321 426 427
f 428 347 321
f 429 428 321
f 430 429 321
f 431 321 320
f 427 430 321
f 426 321 431
f 315 343 316
f 323 432 338
f 433 312 343
f 434 312 433
f 435 312 434
f 436 312 435
f 313 312 436
f 432 339 338
f 437 337 339
f 337 438 439
f 340 306 341
f 440 340 337
f 441 440 337
f 442 337 437
f 443 441 337
f 444 443 337
f 439 444 337
f 438 337 442
f 305 304 291
f 291 335 293
f 445 335 291
f 446 291 304
f 447 291 446
f 448 445 291
f 449 448 291
f 290 449 291
f 450 291 447
f 333 291 450
f 334 287 293
f 451 452 453
f 454 451 453
f 452 451 455
f 456 452 455
f 457 454 453
f 458 459 460
f 461 459 462
f 459 458 462
f 461 462 457
f 457 453 461
f 463 458 460
f 464 465 466
f 467 466 465
f 466 467 468
f 466 468 469
f 455 470 456
f 471 472 456
f 470 471 456
f 472 471 473
f 472 473 464
f 464 466 472
f 474 475 476
f 476 477 474
f 475 474 463
f 463 460 475
f 478 477 476
f 479 480 478
f 477 478 480
f 481 480 479
f 482 481 483
f 479 483 481
f 484 482 483
f 485 484 486
f 482 484 487
f 487 484 485
f 486 488 489
f 490 489 488
f 485 486 489
f 491 490 492
f 488 492 490
f 493 491 492
f 494 495 493
f 491 493 495
f 495 494 496
f 497 498 499
f 497 500 498
f 501 498 500
f 502 501 500
f 503 497 499
f 504 505 506
f 507 505 504
f 508 504 506
f 503 509 507
f 505 507 509
f 499 509 503
f 510 511 512
f 513 511 510
f 510 514 513
f 515 511 513
f 516 514 510
f 517 516 518
f 519 518 520
f 502 519 520
f 517 518 519
f 517 514 516
f 501 502 520
f 521 522 496
f 523 524 525
f 526 525 522
f 526 523 525
f 522 521 526
f 527 528 529
f 524 523 529
f 530 528 527
f 528 524 529
f 527 531 530
f 494 521 496
f 532 533 534
f 533 535 534
f 508 536 537
f 532 537 536
f 506 536 508
f 532 534 537
f 538 539 531
f 540 539 538
f 530 531 539
f 538 541 540
f 541 535 540
f 541 534 535
f 542 543 544
f 545 544 543
f 546 547 542
f 544 546 542
f 542 547 548
f 549 550 551
f 551 552 553
f 554 549 548
f 555 556 557
f 553 558 556
f 559 560 555
f 561 554 548
f 548 547 561
f 562 563 564
f 565 566 567
f 562 564 567
f 564 563 568
f 568 563 569
f 565 567 564
f 554 565 550
f 565 554 566
f 552 551 550
f 552 570 553
f 558 553 570
f 559 555 557
f 557 556 558
f 549 554 550
f 571 572 573
f 574 572 571
f 575 572 574
f 576 577 578
f 575 578 577
f 575 577 572
f 576 579 580
f 580 581 576
f 576 578 579
f 582 581 580
f 512 583 582
f 584 582 583
f 584 581 582
f 585 586 587
f 588 589 590
f 591 592 589
f 591 589 593
f 594 588 595
f 596 597 598
f 587 586 599
f 600 596 598
f 588 594 598
f 586 597 601
f 588 590 595
f 602 603 604
f 605 606 607
f 602 607 606
f 608 609 610
f 611 604 609
f 612 613 614
f 610 609 604
f 607 602 604
f 607 604 615
f 616 617 607
f 618 616 607
f 615 604 619
f 607 617 620
f 619 604 611
f 620 605 607
f 603 610 604
f 621 605 620
f 592 595 590
f 600 622 596
f 623 616 618
f 611 615 619
f 617 623 624
f 617 616 623
f 624 625 617
f 620 617 626
f 627 628 629
f 621 629 628
f 621 620 629
f 627 629 630
f 631 632 633
f 634 630 633
f 630 634 627
f 631 633 630
f 626 635 629
f 636 630 635
f 626 637 638
f 638 635 626
f 639 638 640
f 637 626 641
f 635 638 642
f 631 643 632
f 631 636 644
f 642 645 636
f 642 636 635
f 636 645 644
f 644 643 631
f 630 636 631
f 643 644 646
f 642 639 647
f 630 629 635
f 620 626 629
f 632 643 648
f 649 632 648
f 648 650 651
f 646 650 643
f 643 650 648
f 651 650 646
f 651 646 652
f 653 652 646
f 654 655 656
f 657 658 646
f 646 644 657
f 658 653 646
f 659 658 660
f 657 661 660
f 653 658 662
f 659 660 663
f 662 658 659
f 661 645 647
f 657 644 645
f 637 664 640
f 664 637 665
f 666 667 664
f 665 666 664
f 638 637 640
f 664 667 640
f 668 669 640
f 640 667 668
f 642 638 639
f 647 645 642
f 670 671 668
f 669 639 640
f 668 672 673
f 672 674 675
f 672 668 671
f 673 675 676
f 673 669 668
f 669 673 677
f 670 668 667
f 625 626 617
f 639 669 678
f 657 645 661
f 647 678 679
f 679 661 647
f 678 677 680
f 647 639 678
f 661 679 681
f 663 660 682
f 660 681 683
f 682 683 684
f 683 682 660
f 660 661 681
f 680 685 679
f 658 657 660
f 685 681 679
f 679 678 680
f 686 681 685
f 680 687 688
f 676 687 677
f 681 686 683
f 689 654 656
f 654 690 655
f 691 690 686
f 686 654 689
f 689 683 686
f 688 691 685
f 689 684 683
f 678 669 677
f 674 672 692
f 665 637 641
f 594 622 598
f 692 693 674
f 694 695 674
f 696 697 698
f 699 696 700
f 701 702 695
f 698 702 701
f 696 703 702
f 702 697 696
f 703 699 704
f 705 702 703
f 699 703 696
f 706 695 702
f 698 697 702
f 707 674 695
f 704 708 703
f 709 708 704
f 709 710 708
f 711 712 713
f 712 714 713
f 711 713 708
f 704 710 709
f 715 708 713
f 704 699 700
f 716 717 718
f 716 719 717
f 716 718 720
f 718 717 721
f 609 608 613
f 608 614 613
f 713 716 722
f 723 716 713
f 703 708 724
f 716 720 725
f 676 677 673
f 675 707 726
f 726 676 675
f 727 728 726
f 674 707 675
f 676 726 728
f 687 729 688
f 729 687 728
f 728 730 729
f 727 730 728
f 687 676 728
f 707 706 731
f 687 680 677
f 731 727 726
f 706 705 732
f 732 731 706
f 732 705 733
f 702 705 706
f 731 732 734
f 734 735 731
f 727 731 735
f 734 732 733
f 726 707 731
f 695 706 707
f 691 686 685
f 691 688 736
f 737 736 688
f 729 737 688
f 691 736 738
f 690 739 655
f 739 690 740
f 738 740 690
f 690 691 738
f 690 654 686
f 688 685 680
f 724 741 733
f 741 724 742
f 715 742 724
f 708 715 724
f 742 715 743
f 724 733 705
f 722 744 745
f 722 716 744
f 725 746 744
f 715 713 722
f 744 746 747
f 743 715 748
f 747 745 744
f 748 722 745
f 653 662 652
f 748 715 722
f 705 703 724
f 716 725 744
f 682 684 663
f 585 749 612
f 675 673 672
f 589 592 590
f 598 622 600
f 597 596 601
f 586 601 599
f 585 587 749
f 585 612 614
f 609 613 750
f 612 750 613
f 615 618 607
f 626 625 641
f 692 672 751
f 671 751 672
f 695 694 752
f 694 674 693
f 695 753 701
f 752 753 695
f 708 710 711
f 713 714 723
f 711 714 712
f 716 723 719
f 754 755 756
f 757 756 758
f 759 757 760
f 761 762 763
f 763 764 765
f 761 766 767
f 765 768 754
f 769 760 770
f 769 759 760
f 758 755 771
f 760 757 758
f 755 758 756
f 760 758 772
f 768 764 773
f 755 754 768
f 762 767 774
f 764 763 762
f 765 764 768
f 764 762 775
f 761 767 762
f 755 768 776
f 766 777 767
f 778 779 780
f 781 780 782
f 783 778 784
f 785 786 784
f 787 788 789
f 789 790 785
f 791 792 793
f 792 791 777
f 793 782 794
f 793 792 781
f 782 793 781
f 791 793 795
f 779 783 796
f 782 780 779
f 786 790 797
f 783 784 786
f 786 785 790
f 790 788 798
f 778 783 779
f 783 786 799
f 789 788 790
f 782 779 800
f 787 801 788
f 777 791 767
f 767 791 802
f 770 803 804
f 803 760 772
f 772 771 805
f 771 772 758
f 755 776 771
f 803 772 806
f 776 773 807
f 773 776 768
f 775 774 808
f 774 775 762
f 773 764 775
f 773 775 809
f 760 803 770
f 771 776 810
f 770 804 811
f 803 806 804
f 772 805 806
f 805 771 810
f 775 808 809
f 809 807 773
f 812 808 774
f 807 810 776
f 774 802 812
f 802 795 813
f 802 791 795
f 794 800 814
f 794 782 800
f 793 794 795
f 795 794 815
f 783 799 796
f 796 800 779
f 799 797 816
f 799 786 797
f 798 797 790
f 796 799 817
f 774 767 802
f 800 796 818
f 813 795 815
f 814 800 818
f 794 814 815
f 819 798 820
f 819 816 797
f 817 799 816
f 820 798 821
f 817 818 796
f 819 797 798
f 788 821 798
f 802 813 812
f 788 801 821
f 787 822 801
f 823 824 825
f 824 826 827
f 822 827 828
f 829 830 831
f 830 832 833
f 825 834 835
f 836 834 833
f 828 826 837
f 826 828 827
f 823 835 838
f 835 823 825
f 826 824 823
f 826 823 839
f 836 832 840
f 832 836 833
f 829 841 842
f 841 829 831
f 832 830 829
f 832 829 843
f 835 834 836
f 835 836 844
f 831 845 841
f 846 801 828
f 847 848 849
f 849 850 851
f 852 853 854
f 855 856 854
f 857 850 856
f 858 859 860
f 859 858 845
f 860 847 861
f 860 859 848
f 847 860 848
f 858 860 862
f 854 853 855
f 851 857 863
f 849 851 847
f 857 856 855
f 857 855 864
f 853 852 865
f 850 857 851
f 865 852 866
f 847 851 867
f 845 858 841
f 841 858 868
f 821 846 869
f 801 846 821
f 837 839 870
f 837 826 839
f 828 837 846
f 846 837 871
f 838 844 872
f 838 835 844
f 840 843 873
f 840 832 843
f 836 840 844
f 844 840 874
f 823 838 839
f 839 838 875
f 871 837 870
f 875 870 839
f 871 869 846
f 840 873 874
f 874 872 844
f 843 876 873
f 842 877 876
f 872 875 838
f 843 842 876
f 829 842 843
f 821 869 820
f 868 862 878
f 868 858 862
f 861 867 879
f 861 847 867
f 860 861 862
f 862 861 880
f 855 881 864
f 882 853 865
f 863 864 883
f 863 857 864
f 853 882 881
f 863 867 851
f 842 841 868
f 867 863 884
f 861 879 880
f 868 878 877
f 880 878 862
f 885 881 886
f 885 883 864
f 883 884 863
f 881 882 886
f 884 879 867
f 885 864 881
f 868 877 842
f 881 855 853
f 828 801 822
f 887 888 889
f 888 887 890
f 891 888 890
f 889 888 892
f 893 894 895
f 896 894 897
f 898 893 895
f 891 890 898
f 899 897 900
f 888 901 892
f 888 891 902
f 903 901 904
f 901 903 892
f 901 888 902
f 901 902 905
f 895 906 891
f 895 896 907
f 896 895 894
f 899 896 897
f 896 899 908
f 906 907 909
f 907 906 895
f 908 907 896
f 907 908 910
f 899 911 912
f 906 902 891
f 891 898 895
f 902 906 913
f 899 900 911
f 914 915 916
f 916 917 918
f 919 920 914
f 919 921 922
f 923 924 925
f 926 927 928
f 929 930 923
f 921 930 931
f 924 926 932
f 917 933 911
f 917 911 918
f 915 934 917
f 933 912 911
f 920 915 914
f 920 935 915
f 917 916 915
f 912 908 899
f 936 920 922
f 931 922 921
f 929 931 930
f 937 922 931
f 938 929 925
f 932 925 924
f 928 932 926
f 939 925 932
f 929 923 925
f 940 931 929
f 920 919 922
f 941 932 928
f 942 943 928
f 918 911 900
f 908 912 944
f 945 904 946
f 946 905 947
f 946 904 901
f 946 901 905
f 905 913 948
f 913 905 902
f 945 946 949
f 912 950 944
f 934 933 917
f 909 910 951
f 909 907 910
f 910 908 944
f 910 944 952
f 934 953 933
f 909 913 906
f 933 950 912
f 913 909 954
f 955 949 947
f 946 947 949
f 905 948 947
f 954 948 913
f 910 952 951
f 951 954 909
f 944 956 952
f 950 957 956
f 958 957 953
f 953 957 950
f 944 950 956
f 933 953 950
f 935 936 959
f 936 935 920
f 953 960 961
f 953 934 960
f 959 960 935
f 960 959 962
f 937 963 936
f 960 934 935
f 940 964 937
f 940 937 931
f 938 940 929
f 937 964 963
f 939 965 938
f 940 938 966
f 941 939 932
f 967 939 941
f 938 925 939
f 963 959 936
f 936 922 937
f 959 963 968
f 969 968 963
f 969 964 966
f 961 960 962
f 962 959 968
f 964 969 963
f 966 965 970
f 965 966 938
f 967 965 939
f 965 967 971
f 971 970 965
f 972 971 967
f 972 967 973
f 966 970 969
f 964 940 966
f 941 943 973
f 953 961 958
f 934 915 935
f 927 942 928
f 974 975 976
f 942 976 977
f 976 942 974
f 978 976 975
f 976 978 979
f 975 980 978
f 974 942 927
f 981 982 983
f 981 984 980
f 985 986 982
f 984 978 980
f 987 985 988
f 942 977 943
f 984 989 978
f 977 979 990
f 977 976 979
f 979 978 989
f 979 989 991
f 983 992 984
f 943 977 993
f 983 986 994
f 986 983 982
f 987 986 985
f 986 987 995
f 992 994 996
f 994 992 983
f 995 994 986
f 994 995 997
f 987 998 999
f 992 989 984
f 984 981 983
f 989 992 1000
f 987 988 998
f 943 941 928
f 1001 1002 1003
f 1004 1005 1006
f 1007 1008 1006
f 1009 1003 1005
f 1010 1011 1012
f 1012 1013 1014
f 1015 1007 1014
f 1016 1017 1018
f 1018 1019 1010
f 998 1001 1020
f 998 1002 1001
f 1009 1004 1021
f 1009 1005 1004
f 1004 1006 1008
f 1022 1004 1008
f 1003 1009 1001
f 1001 1009 1023
f 1014 1013 1015
f 1015 1008 1007
f 1012 1011 1013
f 1024 1015 1013
f 1025 1011 1019
f 1011 1010 1019
f 1026 1019 1017
f 1013 1011 1027
f 1008 1015 1028
f 1017 1019 1018
f 999 995 987
f 1002 998 988
f 1026 1025 1019
f 973 993 1029
f 973 943 993
f 990 991 1030
f 990 979 991
f 991 989 1000
f 991 1000 1031
f 977 990 993
f 993 990 1032
f 1020 1033 999
f 1020 999 998
f 996 997 1034
f 996 994 997
f 997 995 1035
f 997 1035 1036
f 1033 1035 999
f 996 1000 992
f 995 999 1035
f 1000 996 1031
f 1030 991 1031
f 1037 973 1029
f 1029 993 1032
f 1032 990 1030
f 1034 997 1036
f 1034 1031 996
f 1038 1039 1033
f 1040 1033 1039
f 1036 1035 1041
f 1040 1041 1033
f 1035 1033 1041
f 1020 1023 1038
f 973 1037 972
f 1023 1021 1042
f 1021 1023 1009
f 1023 1042 1038
f 1021 1022 1043
f 1021 1043 1042
f 1038 1042 1044
f 1021 1004 1022
f 1038 1033 1020
f 1022 1045 1043
f 1024 1028 1015
f 1027 1024 1013
f 1046 1028 1024
f 1047 1024 1027
f 1025 1048 1027
f 1049 1025 1026
f 1049 1048 1025
f 1027 1011 1025
f 1045 1022 1028
f 1022 1008 1028
f 1042 1043 1050
f 1051 1045 1052
f 1046 1045 1028
f 1050 1044 1042
f 1043 1051 1050
f 1045 1046 1052
f 1043 1045 1051
f 1053 1047 1048
f 1048 1047 1027
f 1054 1048 1049
f 1053 1048 1054
f 1055 1052 1046
f 1055 1047 1053
f 1055 1046 1047
f 1046 1024 1047
f 1038 1044 1039
f 1020 1001 1023
f 973 967 941
f 1056 1057 1058
f 1059 1058 1060
f 1059 1060 1061
f 1062 1063 1061
f 1064 1065 1066
f 1066 1063 1062
f 1067 1056 882
f 1067 1057 1056
f 1059 1068 1069
f 1056 1058 1059
f 1068 1059 1061
f 1056 1059 1070
f 1063 1071 1072
f 1068 1061 1063
f 1065 1073 1074
f 1071 1066 1065
f 1066 1071 1063
f 1071 1065 1075
f 1065 1076 1073
f 1068 1063 1077
f 1065 1064 1076
f 1078 1079 1080
f 1080 1079 1081
f 1082 1081 1083
f 1084 1085 1086
f 1087 1088 1086
f 1078 1085 1084
f 1087 1089 1088
f 1076 1083 1073
f 1076 1082 1083
f 1090 1079 1091
f 1083 1081 1090
f 1079 1090 1081
f 1083 1090 1092
f 1093 1084 1094
f 1079 1078 1093
f 1095 1088 1096
f 1084 1086 1095
f 1095 1086 1088
f 1088 1097 1098
f 1078 1084 1093
f 1084 1095 1099
f 1089 1097 1088
f 1079 1093 1100
f 1089 1101 1097
f 1073 1083 1102
f 882 1103 1104
f 1103 1056 1070
f 1070 1069 1105
f 1069 1070 1059
f 1068 1077 1069
f 1103 1070 1106
f 1077 1072 1107
f 1072 1077 1063
f 1075 1074 1108
f 1074 1075 1065
f 1072 1071 1075
f 1072 1075 1109
f 1056 1103 882
f 1069 1077 1110
f 1104 1103 1106
f 1070 1105 1106
f 1104 1111 882
f 1077 1107 1110
f 1105 1069 1110
f 1109 1075 1108
f 1074 1112 1108
f 1107 1072 1109
f 1074 1102 1112
f 1102 1092 1113
f 1102 1083 1092
f 1091 1100 1114
f 1091 1079 1100
f 1090 1091 1092
f 1092 1091 1115
f 1084 1099 1094
f 1094 1100 1093
f 1099 1096 1116
f 1099 1095 1096
f 1098 1096 1088
f 1094 1099 1117
f 1074 1073 1102
f 1100 1094 1118
f 1091 1114 1115
f 1115 1113 1092
f 1100 1118 1114
f 1096 1119 1116
f 1116 1117 1099
f 1119 1098 1120
f 1120 1098 1121
f 1117 1118 1094
f 1119 1096 1098
f 1097 1121 1098
f 1102 1113 1112
f 1097 1101 1121
f 1089 1122 1101
f 1123 1124 1125
f 1125 1124 1126
f 1126 1127 1101
f 1128 1129 1130
f 1131 1132 1130
f 1123 1129 1128
f 1131 1133 1132
f 1127 1124 1134
f 1124 1127 1126
f 1135 1128 1136
f 1128 1135 1123
f 1124 1123 1135
f 1124 1135 1137
f 1138 1132 1139
f 1132 1138 1130
f 1140 1141 1142
f 1141 1140 1133
f 1132 1133 1140
f 1132 1140 1143
f 1128 1130 1138
f 1128 1138 1144
f 1133 1145 1141
f 1146 1101 1127
f 1147 1148 1149
f 1149 1148 1150
f 1150 1151 1141
f 1152 1153 1154
f 1147 1155 1156
f 1152 1156 1155
f 1151 1148 1157
f 1151 1150 1148
f 1158 1156 1159
f 1158 1147 1156
f 1147 1158 1148
f 1148 1158 1160
f 1161 1162 1163
f 1154 1164 1152
f 1165 1154 1161
f 1165 1161 1163
f 1164 1154 1166
f 1164 1156 1152
f 1161 1154 1153
f 1156 1164 1167
f 1150 1141 1145
f 1141 1151 1168
f 1121 1146 1169
f 1101 1146 1121
f 1134 1137 1170
f 1134 1124 1137
f 1127 1134 1146
f 1146 1134 1171
f 1136 1144 1172
f 1136 1128 1144
f 1139 1143 1173
f 1139 1132 1143
f 1138 1139 1144
f 1144 1139 1174
f 1135 1136 1137
f 1137 1136 1175
f 1137 1175 1170
f 1170 1171 1134
f 1169 1146 1171
f 1139 1173 1174
f 1174 1172 1144
f 1143 1176 1173
f 1142 1177 1176
f 1172 1175 1136
f 1143 1142 1176
f 1140 1142 1143
f 1121 1169 1120
f 1168 1157 1178
f 1168 1151 1157
f 1160 1159 1179
f 1160 1158 1159
f 1148 1160 1157
f 1157 1160 1180
f 1154 1181 1166
f 770 1165 1163
f 1167 1166 1182
f 1167 1164 1166
f 1165 770 1181
f 1167 1159 1156
f 1142 1141 1168
f 1159 1167 1183
f 1157 1180 1178
f 1178 1177 1168
f 1160 1179 1180
f 1184 1181 1185
f 1184 1182 1166
f 1183 1167 1182
f 1181 770 1185
f 1183 1179 1159
f 1184 1166 1181
f 1168 1177 1142
f 1181 1154 1165
f 1101 1122 1126
f 1186 1187 1188
f 1186 1189 1190
f 1191 1192 1190
f 1193 1194 1195
f 1196 1197 1192
f 1198 1193 1197
f 1199 1189 1188
f 1189 1186 1188
f 1200 1196 1191
f 1196 1192 1191
f 1189 1191 1190
f 1201 1191 1189
f 1198 1194 1193
f 1197 1196 1198
f 1202 1203 1194
f 1204 1194 1203
f 1203 1205 1204
f 1206 1194 1198
f 1195 1194 1204
f 1207 1198 1196
f 1203 1208 1205
f 1209 1188 1187
f 1210 1211 1212
f 1213 1214 1211
f 1215 1216 1210
f 1217 1218 1219
f 1219 1216 1220
f 1221 1222 1218
f 1222 1223 1224
f 1225 1214 1208
f 1213 1208 1214
f 1226 1215 1212
f 1210 1212 1215
f 1212 1211 1214
f 1227 1212 1214
f 1228 1217 1220
f 1219 1220 1217
f 1229 1223 1221
f 1222 1221 1223
f 1224 1223 1230
f 1223 1231 1230
f 1221 1218 1217
f 1232 1221 1217
f 1220 1216 1215
f 1233 1220 1215
f 1230 1234 1224
f 1205 1208 1213
f 1235 1208 1203
f 1236 1237 1209
f 1237 1188 1209
f 1238 1201 1199
f 1199 1188 1237
f 1189 1199 1201
f 1239 1199 1237
f 1240 1207 1200
f 1200 1191 1201
f 1206 1241 1202
f 1206 1198 1207
f 1200 1207 1196
f 1242 1206 1207
f 1194 1206 1202
f 1243 1200 1201
f 1244 1245 1236
f 1245 1237 1236
f 1245 1244 1246
f 1247 1239 1245
f 1248 1238 1239
f 1239 1237 1245
f 1249 1240 1243
f 1243 1201 1238
f 1240 1200 1243
f 1250 1242 1240
f 1239 1238 1199
f 1251 1243 1238
f 1240 1242 1207
f 1241 1242 1252
f 1206 1242 1241
f 1253 1225 1235
f 1235 1203 1202
f 1254 1226 1227
f 1227 1214 1225
f 1235 1225 1208
f 1255 1227 1225
f 1256 1228 1233
f 1233 1215 1226
f 1257 1229 1232
f 1232 1217 1228
f 1233 1228 1220
f 1258 1232 1228
f 1227 1226 1212
f 1259 1233 1226
f 1260 1261 1241
f 1261 1202 1241
f 1262 1255 1253
f 1225 1253 1255
f 1253 1235 1261
f 1263 1253 1261
f 1264 1259 1254
f 1226 1254 1259
f 1265 1258 1256
f 1228 1256 1258
f 1232 1258 1257
f 1266 1257 1258
f 1256 1233 1259
f 1267 1256 1259
f 1254 1227 1255
f 1268 1254 1255
f 1269 1231 1229
f 1235 1202 1261
f 1232 1229 1221
f 1269 1257 1270
f 1229 1231 1223
f 1271 1234 1272
f 1273 1274 1275
f 1274 1271 1276
f 1277 1278 1279
f 1280 1281 1278
f 1277 1282 1283
f 1284 1280 1273
f 1231 1285 1230
f 1271 1272 1276
f 1276 1286 1275
f 1287 1276 1272
f 1275 1274 1276
f 1285 1272 1230
f 1284 1275 1288
f 1280 1284 1281
f 1279 1281 1289
f 1277 1279 1282
f 1279 1278 1281
f 1281 1284 1290
f 1284 1273 1275
f 1279 1291 1282
f 1282 1292 1283
f 1234 1230 1272
f 1293 1294 1295
f 1296 1297 1298
f 1299 1296 1294
f 1300 1301 1298
f 1301 1302 1303
f 1304 1305 1306
f 1307 1304 1303
f 1308 1293 1292
f 1295 1292 1293
f 1309 1297 1299
f 1296 1299 1297
f 1299 1294 1293
f 1310 1299 1293
f 1311 1302 1300
f 1301 1300 1302
f 1305 1307 1312
f 1304 1307 1305
f 1306 1305 1313
f 1302 1314 1307
f 1307 1303 1302
f 1297 1315 1300
f 1300 1298 1297
f 1316 1292 1282
f 1283 1292 1295
f 1313 1305 1312
f 1317 1287 1285
f 1272 1285 1287
f 1318 1288 1286
f 1275 1286 1288
f 1286 1276 1287
f 1319 1286 1287
f 1320 1289 1290
f 1281 1290 1289
f 1321 1316 1291
f 1282 1291 1316
f 1291 1279 1289
f 1322 1291 1289
f 1290 1284 1288
f 1323 1290 1288
f 1324 1325 1269
f 1325 1231 1269
f 1326 1319 1317
f 1287 1317 1319
f 1317 1285 1325
f 1327 1317 1325
f 1328 1323 1318
f 1288 1318 1323
f 1329 1322 1320
f 1289 1320 1322
f 1291 1322 1321
f 1330 1321 1322
f 1320 1290 1323
f 1331 1320 1323
f 1318 1286 1319
f 1332 1318 1319
f 1316 1333 1308
f 1285 1231 1325
f 1310 1308 1334
f 1293 1308 1310
f 1315 1309 1335
f 1297 1309 1315
f 1309 1299 1310
f 1309 1310 1336
f 1314 1311 1337
f 1302 1311 1314
f 1338 1312 1314
f 1313 1312 1339
f 1312 1307 1314
f 1340 1311 1315
f 1311 1300 1315
f 1338 1339 1312
f 1341 1334 1333
f 1308 1333 1334
f 1342 1335 1336
f 1309 1336 1335
f 1336 1310 1334
f 1343 1336 1334
f 1344 1337 1340
f 1311 1340 1337
f 1345 1346 1338
f 1339 1338 1346
f 1337 1347 1338
f 1338 1314 1337
f 1335 1348 1340
f 1340 1315 1335
f 1321 1349 1333
f 1316 1321 1333
f 1308 1292 1316
f 1229 1257 1269
f 1350 1306 1351
f 1352 1350 1353
f 1352 1354 1355
f 1356 1357 1358
f 1359 1355 1360
f 1356 1359 1361
f 1362 1353 1351
f 1353 1350 1351
f 1363 1360 1354
f 1360 1355 1354
f 1353 1354 1352
f 1364 1354 1353
f 1361 1357 1356
f 1359 1360 1361
f 1365 1366 1357
f 1367 1357 1366
f 1366 1368 1367
f 1369 1357 1361
f 1358 1357 1367
f 1370 1361 1360
f 1366 1371 1368
f 1313 1351 1306
f 1372 1373 1374
f 1375 1376 1373
f 1377 1378 1372
f 1379 1380 1381
f 1382 1383 1379
f 1384 1382 1378
f 1381 1385 1386
f 1387 1376 1371
f 1375 1371 1376
f 1388 1377 1374
f 1372 1374 1377
f 1374 1373 1376
f 1389 1374 1376
f 1390 1383 1384
f 1382 1384 1383
f 1391 1385 1380
f 1381 1380 1385
f 1386 1385 1392
f 1385 1393 1392
f 1380 1379 1383
f 1394 1380 1383
f 1384 1378 1377
f 1395 1384 1377
f 1392 1396 1386
f 1368 1371 1375
f 1397 1371 1366
f 1339 1398 1313
f 1398 1351 1313
f 1399 1364 1362
f 1362 1351 1398
f 1353 1362 1364
f 1400 1362 1398
f 1401 1370 1363
f 1363 1354 1364
f 1369 1402 1365
f 1369 1361 1370
f 1363 1370 1360
f 1403 1369 1370
f 1357 1369 1365
f 1404 1363 1364
f 1346 1405 1339
f 1405 1398 1339
f 1405 1346 1406
f 1407 1400 1405
f 1408 1399 1400
f 1400 1398 1405
f 1409 1401 1404
f 1404 1364 1399
f 1401 1363 1404
f 1410 1403 1401
f 1400 1399 1362
f 1411 1404 1399
f 1401 1403 1370
f 1402 1403 1412
f 1369 1403 1402
f 1413 1387 1397
f 1397 1366 1365
f 1414 1388 1389
f 1389 1376 1387
f 1397 1387 1371
f 1415 1389 1387
f 1416 1390 1395
f 1395 1377 1388
f 1417 1391 1394
f 1394 1383 1390
f 1395 1390 1384
f 1418 1394 1390
f 1389 1388 1374
f 1419 1395 1388
f 1420 1421 1402
f 1421 1365 1402
f 1422 1415 1413
f 1387 1413 1415
f 1413 1397 1421
f 1423 1413 1421
f 1424 1419 1414
f 1388 1414 1419
f 1425 1418 1416
f 1390 1416 1418
f 1394 1418 1417
f 1426 1417 1418
f 1416 1395 1419
f 1427 1416 1419
f 1414 1389 1415
f 1428 1414 1415
f 1429 1393 1391
f 1397 1365 1421
f 1394 1391 1380
f 1429 1417 1430
f 1391 1393 1385
f 1431 1432 1433
f 1396 1434 1432
f 1435 1436 1431
f 1437 1438 1439
f 1440 1441 1438
f 1437 1442 1443
f 1440 1436 1444
f 1393 1445 1392
f 1432 1434 1433
f 1433 1446 1435
f 1447 1433 1434
f 1435 1431 1433
f 1445 1434 1392
f 1444 1435 1448
f 1440 1444 1441
f 1439 1441 1449
f 1437 1439 1442
f 1439 1438 1441
f 1441 1444 1450
f 1444 1436 1435
f 1439 1451 1442
f 1442 1452 1443
f 1396 1392 1434
f 1453 1454 1455
f 1456 1457 1454
f 1458 1459 1453
f 1460 1461 1462
f 1463 1464 1461
f 1460 1465 1187
f 1463 1459 1466
f 1467 1457 1452
f 1456 1452 1457
f 1468 1458 1455
f 1453 1455 1458
f 1455 1454 1457
f 1469 1455 1457
f 1470 1464 1466
f 1463 1466 1464
f 1465 1462 1471
f 1460 1462 1465
f 1187 1465 1209
f 1464 1472 1462
f 1462 1461 1464
f 1458 1473 1466
f 1466 1459 1458
f 1474 1452 1442
f 1443 1452 1456
f 1209 1465 1471
f 1475 1447 1445
f 1434 1445 1447
f 1476 1448 1446
f 1435 1446 1448
f 1446 1433 1447
f 1477 1446 1447
f 1478 1449 1450
f 1441 1450 1449
f 1479 1474 1451
f 1442 1451 1474
f 1451 1439 1449
f 1480 1451 1449
f 1450 1444 1448
f 1481 1450 1448
f 1482 1483 1429
f 1483 1393 1429
f 1484 1477 1475
f 1447 1475 1477
f 1475 1445 1483
f 1485 1475 1483
f 1486 1481 1476
f 1448 1476 1481
f 1487 1480 1478
f 1449 1478 1480
f 1451 1480 1479
f 1488 1479 1480
f 1478 1450 1481
f 1489 1478 1481
f 1476 1446 1477
f 1490 1476 1477
f 1474 1491 1467
f 1445 1393 1483
f 1469 1467 1492
f 1457 1467 1469
f 1473 1468 1493
f 1458 1468 1473
f 1468 1455 1469
f 1468 1469 1494
f 1472 1470 1495
f 1464 1470 1472
f 1496 1471 1472
f 1209 1471 1236
f 1471 1462 1472
f 1497 1470 1473
f 1470 1466 1473
f 1496 1236 1471
f 1498 1492 1491
f 1467 1491 1492
f 1499 1493 1494
f 1468 1494 1493
f 1494 1469 1492
f 1500 1494 1492
f 1501 1495 1497
f 1470 1497 1495
f 1502 1244 1496
f 1236 1496 1244
f 1495 1503 1496
f 1496 1472 1495
f 1493 1504 1497
f 1497 1473 1493
f 1479 1505 1491
f 1474 1479 1491
f 1467 1452 1474
f 1391 1417 1429
f 1506 1507 1508
f 1509 1507 1506
f 1510 1506 1508
f 1511 1512 1513
f 1514 1510 1512
f 1511 1513 1515
f 1510 1514 1506
f 1516 1517 1509
f 1518 1519 1516
f 1516 1506 1520
f 1512 1511 1514
f 1521 1520 1514
f 1514 1511 1521
f 1518 1520 1522
f 1514 1520 1506
f 1523 1511 1515
f 1524 1522 1521
f 1509 1506 1516
f 1521 1511 1525
f 1523 1526 1527
f 1515 1526 1523
f 1528 1527 1529
f 1530 1531 1532
f 1529 1533 1534
f 1533 1530 1534
f 1535 1523 1527
f 1523 1535 1525
f 1536 1535 1537
f 1537 1528 1538
f 1527 1528 1535
f 1530 1532 1534
f 1539 1534 1532
f 1540 1541 1532
f 1539 1532 1541
f 1538 1534 1539
f 1531 1540 1532
f 1524 1525 1536
f 1529 1534 1528
f 1525 1511 1523
f 1542 1540 1531
f 1516 1519 1517
f 1543 1519 1518
f 1544 1519 1545
f 1543 1518 1546
f 1522 1520 1521
f 1536 1525 1535
f 1522 1524 1547
f 1548 1546 1518
f 1524 1549 1550
f 1518 1522 1548
f 1537 1535 1528
f 1545 1519 1543
f 1524 1521 1525
f 1522 1551 1548
f 1552 1546 1548
f 1551 1522 1547
f 1550 1547 1524
f 1550 1553 1547
f 1547 1554 1551
f 1536 1549 1524
f 1555 1545 1543
f 1544 1517 1519
f 1553 1550 1549
f 1537 1556 1557
f 1557 1536 1537
f 1538 1556 1537
f 1538 1539 1558
f 1559 1539 1541
f 1539 1559 1558
f 1538 1558 1560
f 1561 1562 1556
f 1538 1560 1556
f 1558 1563 1560
f 1557 1562 1564
f 1534 1538 1528
f 1565 1549 1564
f 1553 1549 1565
f 1566 1565 1564
f 1557 1556 1562
f 1567 1564 1562
f 1568 1569 1561
f 1561 1570 1562
f 1567 1566 1564
f 1556 1560 1561
f 1557 1564 1549
f 1557 1549 1536
f 1561 1560 1571
f 1518 1516 1520
f 1572 1573 1574
f 1575 1541 1540
f 1542 1576 1577
f 1578 1540 1542
f 1579 1542 1577
f 1580 1581 1582
f 1582 1579 1583
f 1577 1583 1579
f 1579 1582 1584
f 1542 1585 1578
f 1578 1586 1575
f 1540 1578 1575
f 1585 1586 1578
f 1585 1579 1587
f 1584 1582 1581
f 1584 1587 1579
f 1585 1587 1588
f 1589 1590 1586
f 1585 1588 1586
f 1572 1587 1591
f 1575 1590 1592
f 1585 1542 1579
f 1531 1576 1542
f 1588 1587 1593
f 1594 1584 1581
f 1587 1584 1591
f 1595 1574 1596
f 1572 1574 1595
f 1595 1587 1572
f 1593 1595 1596
f 1587 1595 1593
f 1588 1597 1589
f 1598 1599 1600
f 1559 1601 1563
f 1558 1559 1563
f 1592 1601 1559
f 1590 1575 1586
f 1597 1588 1593
f 1602 1590 1603
f 1592 1590 1602
f 1589 1604 1603
f 1602 1601 1592
f 1605 1606 1597
f 1563 1607 1571
f 1589 1586 1588
f 1601 1608 1607
f 1607 1563 1601
f 1609 1568 1571
f 1602 1608 1601
f 1589 1597 1604
f 1610 1611 1603
f 1602 1603 1611
f 1611 1610 1612
f 1611 1608 1602
f 1604 1610 1603
f 1613 1614 1608
f 1590 1589 1603
f 1571 1560 1563
f 1615 1604 1597
f 1605 1593 1616
f 1615 1597 1606
f 1617 1615 1606
f 1618 1617 1619
f 1617 1606 1620
f 1618 1615 1617
f 1615 1621 1622
f 1622 1604 1615
f 1618 1621 1615
f 1622 1623 1624
f 1610 1622 1624
f 1623 1622 1621
f 1625 1621 1626
f 1618 1626 1621
f 1626 1627 1625
f 1625 1623 1621
f 1610 1604 1622
f 1614 1609 1607
f 1592 1541 1575
f 1592 1559 1541
f 1628 1567 1562
f 1629 1593 1596
f 1630 1561 1569
f 1631 1561 1630
f 1568 1561 1571
f 1599 1569 1568
f 1569 1599 1632
f 1632 1630 1569
f 1600 1599 1568
f 1570 1561 1631
f 1633 1634 1600
f 1634 1598 1600
f 1635 1636 1633
f 1634 1633 1636
f 1637 1633 1600
f 1638 1600 1568
f 1607 1609 1571
f 1639 1640 1635
f 1641 1642 1643
f 1594 1591 1584
f 1641 1644 1645
f 1646 1642 1640
f 1633 1639 1635
f 1641 1643 1644
f 1609 1647 1638
f 1638 1568 1609
f 1614 1647 1609
f 1608 1611 1613
f 1648 1613 1649
f 1648 1614 1613
f 1647 1648 1650
f 1648 1647 1614
f 1638 1651 1637
f 1613 1611 1612
f 1652 1637 1653
f 1600 1638 1637
f 1652 1633 1637
f 1654 1653 1637
f 1655 1647 1650
f 1655 1654 1651
f 1637 1651 1654
f 1647 1655 1651
f 1651 1638 1647
f 1639 1633 1652
f 1613 1612 1649
f 1656 1610 1624
f 1612 1610 1656
f 1608 1614 1607
f 1657 1639 1652
f 1646 1639 1657
f 1642 1646 1643
f 1658 1643 1646
f 1657 1659 1660
f 1660 1661 1657
f 1657 1661 1658
f 1657 1652 1659
f 1657 1658 1646
f 1643 1662 1663
f 1664 1643 1663
f 1555 1544 1545
f 1658 1662 1643
f 1665 1662 1666
f 1658 1666 1662
f 1552 1543 1546
f 1662 1665 1667
f 1667 1663 1662
f 1661 1666 1658
f 1664 1644 1643
f 1652 1653 1659
f 1646 1640 1639
f 1628 1562 1570
f 1573 1572 1591
f 1554 1548 1551
f 1616 1593 1629
f 1597 1593 1605
f 1605 1620 1606
f 1619 1626 1618
f 1668 1669 1670
f 1670 1669 1671
f 1668 1670 1672
f 1673 1674 1675
f 1674 1672 1676
f 1677 1678 1673
f 1670 1676 1672
f 1671 1679 1680
f 1680 1681 1682
f 1683 1670 1680
f 1676 1675 1674
f 1676 1683 1684
f 1684 1675 1676
f 1685 1683 1682
f 1670 1683 1676
f 1677 1673 1675
f 1684 1685 1686
f 1680 1670 1671
f 1687 1675 1684
f 1688 1689 1677
f 1677 1689 1678
f 1690 1688 1691
f 1692 1693 1694
f 1695 1696 1690
f 1695 1694 1696
f 1688 1677 1697
f 1687 1697 1677
f 1698 1697 1699
f 1700 1691 1698
f 1697 1691 1688
f 1695 1692 1694
f 1692 1695 1701
f 1692 1702 1703
f 1702 1692 1701
f 1701 1695 1700
f 1692 1703 1693
f 1699 1687 1686
f 1691 1695 1690
f 1677 1675 1687
f 1693 1703 1704
f 1679 1681 1680
f 1682 1681 1705
f 1706 1681 1707
f 1708 1682 1705
f 1684 1683 1685
f 1697 1687 1699
f 1709 1686 1685
f 1682 1708 1710
f 1711 1712 1686
f 1710 1685 1682
f 1691 1697 1698
f 1705 1681 1706
f 1687 1684 1686
f 1710 1713 1685
f 1710 1708 1714
f 1709 1685 1713
f 1686 1709 1711
f 1709 1715 1711
f 1713 1716 1709
f 1686 1712 1699
f 1705 1706 1717
f 1681 1679 1707
f 1712 1711 1715
f 1718 1719 1698
f 1698 1699 1718
f 1698 1719 1700
f 1720 1701 1700
f 1702 1701 1721
f 1701 1720 1721
f 1722 1720 1700
f 1719 1723 1724
f 1700 1719 1722
f 1722 1725 1720
f 1726 1723 1718
f 1691 1700 1695
f 1726 1712 1727
f 1727 1712 1715
f 1726 1727 1728
f 1723 1719 1718
f 1723 1726 1729
f 1724 1730 1731
f 1723 1732 1724
f 1726 1728 1729
f 1724 1722 1719
f 1712 1726 1718
f 1699 1712 1718
f 1733 1722 1724
f 1683 1680 1682
f 1734 1735 1736
f 1703 1702 1737
f 1738 1739 1704
f 1704 1703 1740
f 1738 1704 1741
f 1742 1743 1744
f 1745 1741 1742
f 1741 1745 1738
f 1746 1742 1741
f 1740 1747 1704
f 1737 1748 1740
f 1737 1740 1703
f 1740 1748 1747
f 1749 1741 1747
f 1743 1742 1746
f 1741 1749 1746
f 1750 1749 1747
f 1748 1751 1752
f 1748 1750 1747
f 1753 1749 1736
f 1754 1751 1737
f 1741 1704 1747
f 1704 1739 1693
f 1755 1749 1750
f 1743 1746 1756
f 1753 1746 1749
f 1757 1734 1758
f 1758 1734 1736
f 1736 1749 1758
f 1757 1758 1755
f 1755 1758 1749
f 1752 1759 1750
f 1760 1761 1762
f 1725 1763 1721
f 1725 1721 1720
f 1721 1763 1754
f 1748 1737 1751
f 1755 1750 1759
f 1764 1751 1765
f 1765 1751 1754
f 1764 1766 1752
f 1754 1763 1765
f 1759 1767 1768
f 1733 1769 1725
f 1750 1748 1752
f 1769 1770 1763
f 1763 1725 1769
f 1733 1731 1771
f 1763 1770 1765
f 1766 1759 1752
f 1764 1772 1773
f 1772 1764 1765
f 1774 1773 1772
f 1765 1770 1772
f 1764 1773 1766
f 1770 1775 1776
f 1764 1752 1751
f 1725 1722 1733
f 1759 1766 1777
f 1778 1755 1768
f 1767 1759 1777
f 1767 1777 1779
f 1762 1779 1760
f 1780 1767 1779
f 1779 1777 1760
f 1781 1782 1777
f 1777 1766 1781
f 1777 1782 1760
f 1783 1784 1781
f 1783 1781 1773
f 1782 1781 1784
f 1761 1782 1785
f 1782 1761 1760
f 1785 1786 1761
f 1782 1784 1785
f 1781 1766 1773
f 1769 1771 1775
f 1737 1702 1754
f 1702 1721 1754
f 1723 1729 1787
f 1706 1707 1717
f 1730 1724 1788
f 1788 1724 1789
f 1733 1724 1731
f 1731 1730 1790
f 1791 1790 1730
f 1730 1788 1791
f 1731 1790 1792
f 1789 1724 1732
f 1792 1793 1794
f 1792 1795 1793
f 1794 1796 1797
f 1796 1794 1793
f 1792 1794 1798
f 1731 1792 1799
f 1733 1771 1769
f 1797 1800 1801
f 1802 1803 1804
f 1746 1753 1756
f 1805 1806 1804
f 1800 1803 1807
f 1797 1801 1794
f 1806 1802 1804
f 1799 1808 1771
f 1771 1731 1799
f 1771 1808 1775
f 1776 1772 1770
f 1809 1776 1810
f 1776 1775 1810
f 1811 1810 1808
f 1775 1808 1810
f 1798 1812 1799
f 1774 1772 1776
f 1813 1798 1814
f 1798 1799 1792
f 1798 1794 1814
f 1798 1813 1815
f 1811 1808 1816
f 1812 1815 1816
f 1815 1812 1798
f 1812 1816 1808
f 1808 1799 1812
f 1814 1794 1801
f 1809 1774 1776
f 1783 1773 1817
f 1817 1773 1774
f 1769 1775 1770
f 1814 1801 1818
f 1818 1801 1807
f 1802 1807 1803
f 1807 1802 1819
f 1820 1821 1818
f 1818 1822 1820
f 1819 1822 1818
f 1821 1814 1818
f 1807 1819 1818
f 1823 1824 1802
f 1823 1802 1825
f 1802 1824 1819
f 1826 1824 1827
f 1824 1826 1819
f 1828 1755 1778
f 1829 1827 1824
f 1824 1823 1829
f 1768 1755 1759
f 1819 1826 1822
f 1802 1806 1825
f 1821 1813 1814
f 1801 1800 1807
f 1767 1780 1768
f 1732 1723 1787
f 1753 1736 1735
f 1757 1755 1828
f 1708 1705 1714
f 1713 1710 1716
f 1792 1790 1795
f 1830 1831 1832
f 1833 1834 1830
f 1834 1835 1830
f 1836 1837 1838
f 1833 1839 1838
f 1837 1836 1840
f 1833 1830 1839
f 1841 1840 1842
f 1831 1843 1832
f 1844 1839 1830
f 1832 1845 1846
f 1844 1830 1832
f 1847 1844 1832
f 1839 1848 1836
f 1849 1842 1836
f 1840 1836 1842
f 1841 1842 1850
f 1851 1850 1842
f 1852 1849 1848
f 1836 1848 1849
f 1842 1849 1851
f 1853 1851 1849
f 1850 1854 1855
f 1839 1844 1848
f 1836 1838 1839
f 1856 1848 1844
f 1850 1857 1841
f 1858 1831 1830
f 1859 1860 1861
f 1859 1862 1863
f 1860 1864 1865
f 1866 1867 1868
f 1869 1870 1871
f 1868 1872 1873
f 1874 1875 1832
f 1876 1872 1863
f 1846 1874 1832
f 1877 1871 1867
f 1878 1879 1855
f 1857 1855 1879
f 1878 1855 1880
f 1864 1879 1878
f 1865 1864 1878
f 1865 1878 1881
f 1860 1865 1861
f 1851 1854 1850
f 1862 1861 1882
f 1862 1859 1861
f 1876 1863 1862
f 1876 1862 1883
f 1866 1873 1884
f 1866 1868 1873
f 1877 1867 1866
f 1877 1866 1885
f 1876 1873 1872
f 1873 1876 1886
f 1877 1869 1871
f 1861 1865 1887
f 1869 1888 1889
f 1850 1855 1857
f 1869 1877 1890
f 1891 1858 1830
f 1892 1893 1894
f 1895 1847 1892
f 1832 1892 1847
f 1844 1847 1856
f 1896 1856 1847
f 1892 1897 1893
f 1898 1892 1894
f 1853 1899 1851
f 1855 1854 1880
f 1849 1852 1853
f 1854 1900 1880
f 1901 1881 1880
f 1902 1853 1852
f 1881 1878 1880
f 1848 1856 1852
f 1854 1851 1899
f 1903 1852 1856
f 1904 1891 1830
f 1847 1895 1896
f 1903 1902 1852
f 1896 1903 1856
f 1905 1904 1830
f 1895 1892 1898
f 1899 1906 1907
f 1853 1902 1906
f 1854 1899 1900
f 1900 1899 1907
f 1907 1908 1900
f 1901 1908 1909
f 1910 1830 1835
f 1900 1908 1901
f 1853 1906 1899
f 1911 1905 1830
f 1900 1901 1880
f 1912 1882 1887
f 1861 1887 1882
f 1913 1914 1901
f 1914 1881 1901
f 1887 1914 1912
f 1915 1912 1914
f 1882 1916 1883
f 1887 1881 1914
f 1883 1917 1886
f 1876 1883 1886
f 1873 1886 1884
f 1916 1917 1883
f 1884 1918 1885
f 1919 1884 1886
f 1877 1885 1890
f 1890 1885 1920
f 1885 1866 1884
f 1882 1912 1916
f 1883 1862 1882
f 1921 1916 1912
f 1919 1917 1922
f 1916 1921 1922
f 1915 1914 1913
f 1921 1912 1915
f 1916 1922 1917
f 1923 1918 1919
f 1884 1919 1918
f 1885 1918 1920
f 1924 1920 1918
f 1918 1923 1924
f 1920 1924 1925
f 1926 1920 1925
f 1922 1923 1919
f 1919 1886 1917
f 1926 1888 1890
f 1909 1913 1901
f 1887 1865 1881
f 1869 1889 1870
f 1927 1928 1929
f 1930 1927 1889
f 1929 1889 1927
f 1928 1927 1931
f 1932 1931 1927
f 1931 1933 1928
f 1870 1889 1929
f 1934 1832 1935
f 1936 1937 1938
f 1933 1939 1938
f 1937 1940 1941
f 1933 1931 1939
f 1942 1941 1943
f 1888 1930 1889
f 1931 1944 1939
f 1945 1932 1930
f 1932 1927 1930
f 1944 1931 1932
f 1946 1944 1932
f 1939 1947 1936
f 1948 1930 1888
f 1949 1940 1936
f 1937 1936 1940
f 1941 1940 1943
f 1950 1943 1940
f 1951 1949 1947
f 1936 1947 1949
f 1940 1949 1950
f 1952 1950 1949
f 1953 1954 1943
f 1939 1944 1947
f 1936 1938 1939
f 1955 1947 1944
f 1954 1942 1943
f 1926 1890 1920
f 1956 1957 1958
f 1935 1832 1843
f 1959 1960 1961
f 1959 1962 1963
f 1960 1956 1964
f 1875 1965 1832
f 1966 1967 1968
f 1969 1970 1966
f 1969 1963 1971
f 1972 1973 1974
f 1968 1975 1972
f 1976 1958 1954
f 1958 1957 1954
f 1977 1961 1964
f 1961 1960 1964
f 1962 1959 1961
f 1962 1961 1978
f 1958 1964 1956
f 1979 1964 1958
f 1971 1970 1969
f 1963 1962 1971
f 1970 1967 1966
f 1970 1971 1980
f 1975 1967 1981
f 1975 1968 1967
f 1973 1975 1982
f 1983 1967 1970
f 1984 1971 1962
f 1972 1975 1973
f 1943 1950 1953
f 1965 1985 1832
f 1942 1954 1957
f 1975 1981 1982
f 1986 1948 1926
f 1948 1888 1926
f 1987 1946 1945
f 1946 1932 1945
f 1955 1944 1946
f 1988 1955 1946
f 1948 1945 1930
f 1989 1945 1948
f 1953 1990 1976
f 1954 1953 1976
f 1991 1952 1951
f 1952 1949 1951
f 1992 1950 1952
f 1993 1992 1952
f 1953 1992 1990
f 1947 1955 1951
f 1992 1953 1950
f 1988 1951 1955
f 1988 1946 1987
f 1986 1926 1994
f 1989 1948 1986
f 1987 1945 1989
f 1993 1952 1991
f 1951 1988 1991
f 1990 1995 1996
f 1995 1990 1997
f 1998 1992 1993
f 1990 1998 1997
f 1830 1999 2000
f 1998 1990 1992
f 1996 1979 1976
f 1926 1925 1994
f 2001 1977 1979
f 1964 1979 1977
f 1996 2001 1979
f 2002 1978 1977
f 2001 2002 1977
f 2003 2001 1996
f 1978 1961 1977
f 1976 1990 1996
f 2002 2004 1978
f 1971 1984 1980
f 1970 1980 1983
f 1980 1984 2005
f 1983 1980 2006
f 1983 2007 1981
f 1982 1981 2008
f 1981 2007 2008
f 1981 1967 1983
f 1984 1978 2004
f 1984 1962 1978
f 2009 2002 2001
f 2010 2004 2011
f 1984 2004 2005
f 2001 2003 2009
f 2009 2011 2002
f 2010 2005 2004
f 2011 2004 2002
f 2007 2006 2012
f 1983 2006 2007
f 2008 2007 2013
f 2013 2007 2012
f 2005 2010 2014
f 2012 2006 2014
f 1832 1897 1892
f 2015 1897 1832
f 2006 2005 2014
f 2006 1980 2005
f 1999 1830 2016
f 1995 2003 1996
f 1979 1958 1976
f 2000 1911 1830
f 1985 2015 1832
f 1888 1869 1890
f 1845 1832 1934
f 2016 1830 1910
f 2017 2018 2019
f 2020 2019 2021
f 2022 2023 2024
f 2025 2026 2022
f 2023 2020 2021
f 2026 2027 2028
f 2029 2018 2030
f 2031 2021 2018
f 2017 2030 2018
f 2019 2018 2021
f 2032 2025 2024
f 2024 2023 2021
f 2033 2034 2027
f 2027 2026 2025
f 2024 2025 2022
f 2035 2027 2025
f 2027 2034 2028
f 2036 2024 2021
f 2034 2037 2028
f 2038 2039 2040
f 2041 2039 2038
f 2042 2041 2043
f 2044 2045 2046
f 2047 2048 2049
f 2045 2040 2050
f 2044 2051 2048
f 2042 2052 2037
f 2028 2037 2052
f 2053 2054 2042
f 2043 2052 2042
f 2041 2042 2054
f 2055 2042 2037
f 2056 2050 2039
f 2039 2041 2054
f 2057 2051 2046
f 2046 2045 2050
f 2051 2044 2046
f 2058 2049 2051
f 2039 2050 2040
f 2059 2046 2050
f 2051 2049 2048
f 2060 2039 2054
f 2047 2061 2048
f 2062 2037 2034
f 2063 2064 2065
f 2031 2018 2064
f 2066 2036 2031
f 2021 2031 2036
f 2036 2032 2024
f 2067 2031 2064
f 2068 2035 2032
f 2025 2032 2035
f 2069 2062 2033
f 2034 2033 2062
f 2033 2027 2035
f 2070 2033 2035
f 2071 2065 2064
f 2072 2032 2036
f 2064 2063 2067
f 2063 2065 2073
f 2031 2067 2066
f 2068 2070 2035
f 2069 2033 2070
f 2074 2062 2069
f 2036 2066 2072
f 2032 2072 2068
f 2075 2071 2018
f 2074 2055 2062
f 2076 2053 2055
f 2053 2042 2055
f 2077 2056 2060
f 2056 2039 2060
f 2053 2060 2054
f 2078 2060 2053
f 2059 2057 2046
f 2050 2056 2059
f 2079 2058 2057
f 2058 2051 2057
f 2049 2058 2080
f 2081 2057 2059
f 2055 2037 2062
f 2082 2059 2056
f 2078 2077 2060
f 2053 2076 2078
f 2077 2082 2056
f 2081 2079 2057
f 2059 2082 2081
f 2083 2058 2079
f 2080 2083 2084
f 2085 2080 2084
f 2080 2058 2083
f 2086 2075 2018
f 2087 2047 2085
f 2074 2076 2055
f 2047 2049 2080
f 2087 2061 2047
f 2018 2071 2064
f 2088 2089 2090
f 2091 2089 2088
f 2087 2091 2092
f 2093 2094 2095
f 2093 2096 2097
f 2094 2090 2098
f 2099 2097 2100
f 2101 2102 2087
f 2091 2087 2102
f 2103 2098 2089
f 2090 2089 2098
f 2089 2091 2102
f 2104 2089 2102
f 2105 2096 2095
f 2093 2095 2096
f 2106 2107 2100
f 2099 2100 2107
f 2099 2107 2108
f 2109 2108 2107
f 2100 2097 2096
f 2110 2100 2096
f 2095 2094 2098
f 2111 2095 2098
f 2108 2112 2099
f 2061 2087 2092
f 2113 2114 2115
f 2116 2114 2113
f 2108 2117 2116
f 2118 2119 2115
f 2119 2120 2121
f 2122 2114 2117
f 2114 2116 2117
f 2123 2120 2118
f 2120 2119 2118
f 2114 2118 2115
f 2124 2118 2114
f 2125 2126 2127
f 2128 2129 2126
f 2130 2125 2127
f 2129 2127 2126
f 2128 2126 2131
f 2132 2125 2130
f 2121 2120 2130
f 2130 2127 2121
f 2133 2130 2120
f 2112 2108 2116
f 2134 2117 2108
f 2135 2101 2085
f 2101 2087 2085
f 2136 2103 2104
f 2103 2089 2104
f 2101 2104 2102
f 2137 2104 2101
f 2138 2105 2111
f 2105 2095 2111
f 2139 2106 2110
f 2106 2100 2110
f 2105 2110 2096
f 2140 2110 2105
f 2103 2111 2098
f 2141 2111 2103
f 2137 2101 2135
f 2141 2103 2136
f 2137 2136 2104
f 2029 2142 2018
f 2139 2143 2106
f 2110 2140 2139
f 2105 2138 2140
f 2143 2144 2109
f 2111 2141 2138
f 2143 2109 2106
f 2106 2109 2107
f 2084 2135 2085
f 2145 2122 2134
f 2122 2117 2134
f 2146 2123 2124
f 2123 2118 2124
f 2122 2124 2114
f 2145 2124 2122
f 2132 2147 2125
f 2131 2126 2148
f 2149 2132 2133
f 2132 2130 2133
f 2147 2148 2126
f 2120 2123 2133
f 2134 2108 2109
f 2150 2133 2123
f 2145 2146 2124
f 2134 2144 2145
f 2146 2150 2123
f 2149 2151 2132
f 2133 2150 2149
f 2147 2151 2152
f 2148 2147 2152
f 2152 2153 2148
f 2132 2151 2147
f 2109 2144 2134
f 2126 2125 2147
f 2047 2080 2085
f 2142 2086 2018
f 2154 2155 2156
f 2157 2158 2159
f 2160 2161 2162
f 2163 2164 2161
f 2165 2166 2158
f 2167 2163 2166
f 2148 2154 2156
f 2168 2165 2157
f 2157 2159 2154
f 2158 2157 2165
f 2169 2157 2154
f 2170 2164 2167
f 2167 2166 2165
f 2171 2172 2162
f 2162 2161 2164
f 2167 2164 2163
f 2173 2162 2164
f 2162 2172 2160
f 2174 2167 2165
f 2172 2175 2160
f 2176 2177 2178
f 2179 2180 2176
f 2181 2182 2180
f 2182 2183 2184
f 2185 2186 2187
f 2184 2185 2187
f 2188 2189 2190
f 2191 2192 2188
f 2189 2188 2192
f 2189 2192 2177
f 2190 2172 2188
f 2193 2179 2178
f 2178 2177 2192
f 2194 2183 2181
f 2181 2180 2179
f 2183 2182 2181
f 2195 2185 2183
f 2178 2179 2176
f 2196 2181 2179
f 2183 2185 2184
f 2197 2178 2192
f 2186 2198 2187
f 2175 2172 2190
f 2199 2188 2172
f 2200 2201 2148
f 2169 2154 2201
f 2202 2168 2169
f 2157 2169 2168
f 2168 2174 2165
f 2203 2169 2201
f 2204 2170 2174
f 2167 2174 2170
f 2205 2171 2173
f 2162 2173 2171
f 2173 2164 2170
f 2206 2173 2170
f 2148 2201 2154
f 2207 2174 2168
f 2201 2200 2203
f 2200 2148 2208
f 2169 2203 2202
f 2171 2205 2209
f 2168 2202 2207
f 2206 2170 2204
f 2205 2173 2206
f 2174 2207 2204
f 2209 2199 2171
f 2210 2191 2199
f 2191 2188 2199
f 2211 2193 2197
f 2193 2178 2197
f 2191 2197 2192
f 2212 2197 2191
f 2196 2194 2181
f 2179 2193 2196
f 2213 2195 2194
f 2195 2183 2194
f 2185 2195 2214
f 2215 2194 2196
f 2199 2172 2171
f 2216 2196 2193
f 2212 2211 2197
f 2216 2193 2211
f 2191 2210 2212
f 2215 2213 2194
f 2196 2216 2215
f 2195 2213 2217
f 2218 2214 2217
f 2219 2214 2218
f 2214 2195 2217
f 2220 2186 2219
f 2209 2210 2199
f 2186 2185 2214
f 2155 2154 2159
f 2220 2198 2186
f 2221 2222 2223
f 2224 2225 2222
f 2226 2227 2221
f 2228 2229 2230
f 2231 2232 2229
f 2228 2233 2234
f 2231 2227 2235
f 2236 2225 2220
f 2224 2220 2225
f 2237 2226 2223
f 2221 2223 2226
f 2223 2222 2225
f 2238 2223 2225
f 2239 2232 2235
f 2231 2235 2232
f 2240 2233 2230
f 2228 2230 2233
f 2234 2233 2241
f 2242 2241 2233
f 2230 2229 2232
f 2243 2230 2232
f 2235 2227 2226
f 2244 2235 2226
f 2241 2245 2234
f 2198 2220 2224
f 2246 2247 2248
f 2249 2250 2246
f 2251 2252 2253
f 2254 2255 2256
f 2257 2256 2250
f 2258 2259 2260
f 2261 2258 2260
f 2262 2260 2259
f 2258 2245 2259
f 2260 2263 2261
f 2241 2259 2245
f 2261 2263 2247
f 2257 2250 2249
f 2264 2249 2248
f 2263 2248 2247
f 2248 2249 2246
f 2265 2257 2249
f 2252 2255 2254
f 2266 2248 2263
f 2254 2256 2257
f 2267 2263 2260
f 2268 2259 2241
f 2269 2236 2219
f 2236 2220 2219
f 2270 2237 2238
f 2237 2223 2238
f 2236 2238 2225
f 2271 2238 2236
f 2272 2239 2244
f 2239 2235 2244
f 2273 2240 2243
f 2240 2230 2243
f 2239 2243 2232
f 2274 2243 2239
f 2237 2244 2226
f 2275 2244 2237
f 2271 2270 2238
f 2236 2269 2271
f 2270 2275 2237
f 2273 2276 2240
f 2243 2274 2273
f 2239 2272 2274
f 2276 2277 2242
f 2244 2275 2272
f 2276 2242 2240
f 2240 2242 2233
f 2218 2269 2219
f 2278 2262 2268
f 2262 2259 2268
f 2279 2266 2267
f 2266 2263 2267
f 2262 2267 2260
f 2278 2267 2262
f 2265 2280 2257
f 2252 2254 2065
f 2281 2265 2264
f 2265 2249 2264
f 2280 2065 2254
f 2248 2266 2264
f 2268 2241 2242
f 2282 2264 2266
f 2278 2279 2267
f 2268 2277 2278
f 2279 2282 2266
f 2280 2283 2065
f 2284 2065 2283
f 2285 2265 2281
f 2280 2285 2283
f 2264 2282 2281
f 2265 2285 2280
f 2242 2277 2268
f 2254 2257 2280
f 2186 2214 2219
f 2286 2287 2288
f 2289 2286 2290
f 2291 2292 2290
f 2293 2294 2295
f 2296 2295 2297
f 2291 2294 2298
f 2299 2297 2300
f 2289 2292 2301
f 2289 2290 2292
f 2298 2293 2302
f 2298 2294 2293
f 2291 2298 2292
f 2292 2298 2303
f 2297 2299 2296
f 2296 2293 2295
f 2299 2304 2305
f 2299 2300 2304
f 2306 2307 2304
f 2296 2299 2308
f 2304 2300 2306
f 2293 2296 2309
f 2287 2286 2289
f 2310 2311 2312
f 2313 2314 2315
f 2310 2316 2314
f 2317 2318 2319
f 2320 2321 2317
f 2321 2322 2311
f 2318 2323 2324
f 2307 2315 2325
f 2315 2307 2313
f 2316 2312 2326
f 2312 2316 2310
f 2315 2314 2316
f 2315 2316 2327
f 2322 2320 2328
f 2320 2322 2321
f 2319 2324 2329
f 2324 2319 2318
f 2330 2324 2323
f 2330 2331 2324
f 2320 2317 2319
f 2320 2319 2332
f 2312 2311 2322
f 2312 2322 2333
f 2323 2334 2330
f 2313 2307 2306
f 2304 2307 2335
f 2287 2336 2337
f 2287 2289 2336
f 2301 2303 2338
f 2336 2289 2301
f 2303 2301 2292
f 2336 2301 2339
f 2302 2309 2340
f 2303 2298 2302
f 2305 2341 2308
f 2309 2296 2308
f 2293 2309 2302
f 2309 2308 2342
f 2305 2308 2299
f 2303 2302 2343
f 2344 2337 2345
f 2346 2345 2339
f 2345 2347 2344
f 2336 2345 2337
f 2339 2338 2348
f 2345 2336 2339
f 2343 2340 2349
f 2338 2303 2343
f 2343 2302 2340
f 2340 2342 2350
f 2301 2338 2339
f 2338 2343 2351
f 2309 2342 2340
f 2352 2342 2341
f 2341 2342 2308
f 2335 2325 2353
f 2305 2304 2335
f 2327 2326 2354
f 2325 2315 2327
f 2307 2325 2335
f 2325 2327 2355
f 2333 2328 2356
f 2326 2312 2333
f 2332 2329 2357
f 2328 2320 2332
f 2322 2328 2333
f 2328 2332 2358
f 2316 2326 2327
f 2326 2333 2359
f 2341 2360 2361
f 2341 2305 2360
f 2353 2355 2362
f 2355 2353 2325
f 2360 2335 2353
f 2360 2353 2363
f 2354 2359 2364
f 2359 2354 2326
f 2356 2358 2365
f 2358 2356 2328
f 2357 2358 2332
f 2358 2357 2366
f 2359 2333 2356
f 2359 2356 2367
f 2355 2327 2354
f 2355 2354 2368
f 2329 2331 2369
f 2360 2305 2335
f 2319 2329 2332
f 2370 2357 2369
f 2324 2331 2329
f 2334 2371 2372
f 2373 2374 2375
f 2376 2371 2375
f 2377 2378 2379
f 2380 2379 2381
f 2373 2378 2382
f 2383 2381 2384
f 2330 2385 2331
f 2376 2372 2371
f 2374 2386 2376
f 2372 2376 2387
f 2376 2375 2374
f 2330 2372 2385
f 2388 2374 2382
f 2377 2382 2378
f 2389 2377 2380
f 2383 2380 2381
f 2377 2379 2380
f 2390 2382 2377
f 2374 2373 2382
f 2383 2391 2380
f 2384 2392 2383
f 2372 2330 2334
f 2393 2394 2395
f 2396 2397 2393
f 2398 2399 2394
f 2400 2401 2402
f 2402 2403 2404
f 2398 2401 2405
f 2406 2407 2403
f 2392 2396 2408
f 2396 2392 2397
f 2395 2399 2409
f 2399 2395 2394
f 2396 2393 2395
f 2396 2395 2410
f 2405 2400 2411
f 2400 2405 2401
f 2412 2404 2407
f 2407 2404 2403
f 2413 2407 2406
f 2404 2414 2400
f 2400 2402 2404
f 2405 2415 2399
f 2399 2398 2405
f 2383 2392 2416
f 2397 2392 2384
f 2412 2407 2413
f 2385 2387 2417
f 2387 2385 2372
f 2386 2388 2418
f 2388 2386 2374
f 2387 2376 2386
f 2387 2386 2419
f 2390 2389 2420
f 2389 2390 2377
f 2391 2416 2421
f 2416 2391 2383
f 2389 2380 2391
f 2389 2391 2422
f 2388 2382 2390
f 2388 2390 2423
f 2369 2424 2425
f 2369 2331 2424
f 2417 2419 2426
f 2419 2417 2387
f 2424 2385 2417
f 2424 2417 2427
f 2418 2423 2428
f 2423 2418 2388
f 2420 2422 2429
f 2422 2420 2389
f 2421 2422 2391
f 2422 2421 2430
f 2423 2390 2420
f 2423 2420 2431
f 2419 2386 2418
f 2419 2418 2432
f 2408 2433 2416
f 2424 2331 2385
f 2434 2408 2410
f 2410 2408 2396
f 2435 2409 2415
f 2415 2409 2399
f 2410 2395 2409
f 2436 2410 2409
f 2437 2411 2414
f 2414 2411 2400
f 2414 2412 2438
f 2439 2412 2413
f 2414 2404 2412
f 2415 2411 2440
f 2415 2405 2411
f 2412 2439 2438
f 2433 2434 2441
f 2434 2433 2408
f 2436 2435 2442
f 2435 2436 2409
f 2434 2410 2436
f 2434 2436 2443
f 2440 2437 2444
f 2437 2440 2411
f 2438 2445 2446
f 2445 2438 2439
f 2438 2447 2437
f 2437 2414 2438
f 2440 2448 2435
f 2435 2415 2440
f 2433 2449 2421
f 2433 2421 2416
f 2416 2392 2408
f 2369 2357 2329
f 2450 2413 2406
f 2451 2450 2452
f 2453 2454 2452
f 2455 2456 2457
f 2457 2458 2459
f 2456 2460 2453
f 2461 2458 2462
f 2451 2454 2463
f 2451 2452 2454
f 2460 2455 2464
f 2460 2456 2455
f 2453 2460 2454
f 2454 2460 2465
f 2458 2461 2459
f 2459 2455 2457
f 2461 2466 2467
f 2461 2462 2466
f 2468 2469 2466
f 2459 2461 2470
f 2466 2462 2468
f 2455 2459 2471
f 2413 2450 2451
f 2472 2473 2474
f 2475 2476 2473
f 2477 2472 2478
f 2479 2480 2481
f 2482 2483 2484
f 2479 2485 2483
f 2475 2482 2486
f 2469 2478 2487
f 2478 2469 2477
f 2474 2476 2488
f 2476 2474 2473
f 2478 2472 2474
f 2478 2474 2489
f 2486 2484 2490
f 2484 2486 2482
f 2485 2481 2491
f 2481 2485 2479
f 2492 2481 2480
f 2492 2493 2481
f 2484 2483 2485
f 2484 2485 2494
f 2476 2475 2486
f 2476 2486 2495
f 2480 2496 2492
f 2477 2469 2468
f 2466 2469 2497
f 2413 2498 2439
f 2413 2451 2498
f 2463 2465 2499
f 2498 2451 2463
f 2465 2463 2454
f 2498 2463 2500
f 2464 2471 2501
f 2465 2460 2464
f 2467 2502 2470
f 2471 2459 2470
f 2455 2471 2464
f 2471 2470 2503
f 2467 2470 2461
f 2465 2464 2504
f 2445 2439 2505
f 2506 2505 2500
f 2505 2507 2445
f 2498 2505 2439
f 2500 2499 2508
f 2505 2498 2500
f 2504 2501 2509
f 2499 2465 2504
f 2504 2464 2501
f 2501 2503 2510
f 2463 2499 2500
f 2499 2504 2511
f 2471 2503 2501
f 2512 2503 2502
f 2502 2503 2470
f 2497 2487 2513
f 2467 2466 2497
f 2489 2488 2514
f 2487 2478 2489
f 2469 2487 2497
f 2487 2489 2515
f 2495 2490 2516
f 2488 2476 2495
f 2494 2491 2517
f 2490 2484 2494
f 2486 2490 2495
f 2490 2494 2518
f 2474 2488 2489
f 2488 2495 2519
f 2502 2520 2521
f 2502 2467 2520
f 2513 2515 2522
f 2515 2513 2487
f 2520 2497 2513
f 2520 2513 2523
f 2514 2519 2524
f 2519 2514 2488
f 2516 2518 2525
f 2518 2516 2490
f 2517 2518 2494
f 2518 2517 2526
f 2519 2495 2516
f 2519 2516 2527
f 2515 2489 2514
f 2515 2514 2528
f 2491 2493 2529
f 2520 2467 2497
f 2485 2491 2494
f 2530 2517 2529
f 2481 2493 2491
f 2496 2531 2532
f 2533 2534 2535
f 2536 2531 2535
f 2537 2538 2539
f 2540 2539 2541
f 2533 2538 2542
f 2543 2541 2544
f 2492 2545 2493
f 2536 2532 2531
f 2534 2546 2536
f 2532 2536 2547
f 2536 2535 2534
f 2492 2532 2545
f 2548 2534 2542
f 2537 2542 2538
f 2549 2537 2540
f 2543 2540 2541
f 2537 2539 2540
f 2550 2542 2537
f 2534 2533 2542
f 2543 2551 2540
f 2544 2552 2543
f 2532 2492 2496
f 2553 2554 2555
f 2556 2557 2553
f 2558 2559 2554
f 2560 2561 2562
f 2562 2563 2564
f 2558 2561 2565
f 2288 2566 2563
f 2552 2556 2567
f 2556 2552 2557
f 2555 2559 2568
f 2559 2555 2554
f 2556 2553 2555
f 2556 2555 2569
f 2565 2560 2570
f 2560 2565 2561
f 2571 2564 2566
f 2566 2564 2563
f 2287 2566 2288
f 2564 2572 2560
f 2560 2562 2564
f 2565 2573 2559
f 2559 2558 2565
f 2543 2552 2574
f 2557 2552 2544
f 2571 2566 2287
f 2545 2547 2575
f 2547 2545 2532
f 2546 2548 2576
f 2548 2546 2534
f 2547 2536 2546
f 2547 2546 2577
f 2550 2549 2578
f 2549 2550 2537
f 2551 2574 2579
f 2574 2551 2543
f 2549 2540 2551
f 2549 2551 2580
f 2548 2542 2550
f 2548 2550 2581
f 2529 2582 2583
f 2529 2493 2582
f 2575 2577 2584
f 2577 2575 2547
f 2582 2545 2575
f 2582 2575 2585
f 2576 2581 2586
f 2581 2576 2548
f 2578 2580 2587
f 2580 2578 2549
f 2579 2580 2551
f 2580 2579 2588
f 2581 2550 2578
f 2581 2578 2589
f 2577 2546 2576
f 2577 2576 2590
f 2567 2591 2574
f 2582 2493 2545
f 2592 2567 2569
f 2569 2567 2556
f 2593 2568 2573
f 2573 2568 2559
f 2569 2555 2568
f 2594 2569 2568
f 2595 2570 2572
f 2572 2570 2560
f 2572 2571 2596
f 2337 2571 2287
f 2572 2564 2571
f 2573 2570 2597
f 2573 2565 2570
f 2571 2337 2596
f 2591 2592 2598
f 2592 2591 2567
f 2594 2593 2599
f 2593 2594 2568
f 2592 2569 2594
f 2592 2594 2600
f 2597 2595 2601
f 2595 2597 2570
f 2596 2344 2602
f 2344 2596 2337
f 2596 2603 2595
f 2595 2572 2596
f 2597 2604 2593
f 2593 2573 2597
f 2591 2605 2579
f 2591 2579 2574
f 2574 2552 2567
f 2529 2517 2491
f 2606 2607 2608
f 2609 2610 2611
f 2610 2612 2613
f 2614 2610 2613
f 2615 2616 2611
f 2617 2618 2619
f 2607 2606 2620
f 2621 2622 2618
f 2622 2619 2618
f 2611 2621 2615
f 2609 2611 2616
f 2623 2624 2625
f 2626 2627 2628
f 2627 2626 2625
f 2629 2630 2624
f 2631 2632 2624
f 2629 2624 2632
f 2608 2633 2634
f 2623 2631 2624
f 2628 2635 2626
f 2636 2637 2626
f 2637 2638 2626
f 2638 2631 2623
f 2637 2636 2639
f 2626 2635 2636
f 2623 2626 2638
f 2640 2636 2635
f 2625 2626 2623
f 2630 2641 2608
f 2635 2628 2642
f 2609 2616 2612
f 2631 2638 2632
f 2636 2643 2639
f 2637 2639 2638
f 2622 2621 2619
f 2636 2644 2643
f 2645 2646 2647
f 2645 2648 2642
f 2648 2635 2642
f 2648 2645 2647
f 2649 2650 2651
f 2650 2649 2647
f 2652 2653 2647
f 2647 2646 2650
f 2654 2649 2651
f 2648 2653 2640
f 2652 2647 2649
f 2655 2656 2640
f 2640 2653 2655
f 2657 2655 2658
f 2656 2644 2640
f 2659 2655 2653
f 2654 2660 2649
f 2660 2652 2649
f 2660 2661 2652
f 2659 2652 2661
f 2662 2661 2663
f 2664 2661 2660
f 2659 2653 2652
f 2665 2660 2654
f 2662 2658 2659
f 2653 2648 2647
f 2648 2640 2635
f 2666 2654 2651
f 2667 2666 2668
f 2669 2670 2667
f 2654 2666 2667
f 2654 2667 2670
f 2665 2669 2671
f 2669 2665 2670
f 2672 2673 2674
f 2665 2671 2675
f 2676 2664 2665
f 2665 2675 2676
f 2677 2676 2678
f 2670 2665 2654
f 2679 2676 2675
f 2680 2677 2678
f 2678 2676 2679
f 2663 2664 2677
f 2665 2664 2660
f 2657 2681 2656
f 2682 2656 2681
f 2681 2683 2684
f 2681 2684 2682
f 2657 2656 2655
f 2657 2683 2681
f 2657 2685 2686
f 2686 2683 2657
f 2658 2655 2659
f 2659 2661 2662
f 2686 2687 2688
f 2657 2658 2685
f 2689 2690 2686
f 2691 2692 2690
f 2687 2686 2690
f 2693 2691 2689
f 2686 2685 2689
f 2694 2689 2685
f 2683 2686 2688
f 2636 2640 2644
f 2695 2685 2658
f 2663 2661 2664
f 2696 2695 2662
f 2662 2663 2696
f 2697 2694 2695
f 2695 2658 2662
f 2698 2696 2663
f 2699 2677 2680
f 2700 2698 2677
f 2701 2700 2699
f 2677 2699 2700
f 2698 2663 2677
f 2696 2702 2697
f 2677 2664 2676
f 2696 2698 2702
f 2697 2695 2696
f 2702 2698 2703
f 2704 2705 2697
f 2694 2705 2693
f 2700 2703 2698
f 2706 2707 2708
f 2709 2710 2707
f 2703 2710 2711
f 2708 2707 2703
f 2703 2700 2708
f 2702 2711 2704
f 2700 2701 2708
f 2694 2685 2695
f 2712 2690 2692
f 2713 2656 2682
f 2714 2715 2692
f 2692 2716 2714
f 2717 2714 2716
f 2718 2719 2720
f 2716 2692 2721
f 2718 2716 2719
f 2722 2723 2719
f 2724 2725 2722
f 2726 2722 2725
f 2725 2724 2727
f 2719 2724 2722
f 2723 2722 2720
f 2724 2719 2728
f 2727 2726 2725
f 2723 2720 2719
f 2719 2716 2729
f 2730 2731 2727
f 2727 2732 2730
f 2730 2732 2731
f 2733 2732 2734
f 2673 2735 2734
f 2733 2734 2735
f 2734 2732 2736
f 2724 2732 2727
f 2737 2738 2674
f 2738 2672 2674
f 2739 2737 2674
f 2740 2738 2737
f 2716 2741 2717
f 2742 2674 2734
f 2734 2674 2673
f 2743 2732 2724
f 2744 2739 2674
f 2689 2694 2693
f 2745 2721 2691
f 2691 2693 2745
f 2745 2746 2747
f 2691 2721 2692
f 2746 2745 2693
f 2704 2748 2705
f 2746 2705 2748
f 2748 2749 2746
f 2746 2749 2747
f 2746 2693 2705
f 2750 2729 2721
f 2694 2697 2705
f 2745 2747 2750
f 2751 2728 2729
f 2729 2750 2751
f 2752 2728 2751
f 2729 2728 2719
f 2753 2751 2750
f 2750 2754 2753
f 2754 2750 2747
f 2752 2751 2753
f 2750 2721 2745
f 2721 2729 2716
f 2702 2703 2711
f 2755 2704 2711
f 2704 2755 2756
f 2704 2756 2748
f 2757 2755 2711
f 2709 2758 2710
f 2759 2710 2758
f 2710 2759 2757
f 2757 2711 2710
f 2703 2707 2710
f 2697 2702 2704
f 2752 2760 2743
f 2761 2743 2760
f 2743 2761 2736
f 2743 2736 2732
f 2762 2736 2761
f 2728 2752 2743
f 2763 2764 2742
f 2764 2674 2742
f 2733 2731 2732
f 2764 2765 2744
f 2742 2734 2736
f 2766 2765 2764
f 2767 2736 2762
f 2764 2763 2766
f 2763 2742 2767
f 2742 2736 2767
f 2743 2724 2728
f 2735 2768 2733
f 2764 2744 2674
f 2768 2735 2673
f 2718 2741 2716
f 2690 2689 2691
f 2692 2715 2712
f 2769 2690 2712
f 2690 2769 2687
f 2656 2713 2644
f 2634 2606 2608
f 2641 2633 2608
f 2770 2641 2629
f 2641 2770 2633
f 2607 2617 2619
f 2620 2617 2607
f 2621 2611 2619
f 2609 2612 2610
f 2641 2630 2629
f 2671 2679 2675
f 2680 2701 2699
f 2706 2709 2707
f 2771 2772 2773
f 2773 2774 2775
f 2771 2776 2777
f 2778 2771 2779
f 2780 2773 2781
f 2782 2771 2783
f 2779 2771 2782
f 2784 2773 2780
f 2773 2772 2785
f 2786 2778 2779
f 2782 2787 2788
f 2789 2790 2773
f 2791 2792 2793
f 2793 2792 2794
f 2795 2796 2771
f 2793 2790 2797
f 2796 2772 2771
f 2798 2787 2783
f 2782 2783 2787
f 2793 2799 2783
f 2798 2783 2799
f 2800 2795 2771
f 2794 2799 2793
f 2798 2801 2787
f 2773 2793 2783
f 2783 2771 2773
f 2787 2802 2788
f 2803 2804 2802
f 2789 2773 2784
f 2805 2803 2806
f 2804 2803 2805
f 2803 2787 2807
f 2808 2809 2810
f 2773 2790 2793
f 2811 2812 2808
f 2809 2808 2812
f 2813 2814 2771
f 2808 2805 2806
f 2805 2808 2810
f 2811 2808 2815
f 2807 2816 2803
f 2817 2806 2816
f 2818 2800 2771
f 2817 2819 2806
f 2816 2806 2803
f 2819 2820 2815
f 2811 2815 2820
f 2819 2821 2820
f 2822 2820 2821
f 2814 2818 2771
f 2817 2821 2819
f 2806 2819 2815
f 2815 2808 2806
f 2813 2771 2777
f 2776 2771 2778
f 2802 2787 2803
f 2781 2773 2823
f 2824 2773 2785
f 2825 2823 2773
f 2774 2773 2824
f 2826 2825 2773
f 2775 2826 2773
f 2792 2827 2794
f 2791 2793 2828
f 2828 2793 2829
f 2829 2793 2830
f 2830 2793 2831
f 2831 2793 2832
f 2833 2793 2797
f 2834 2793 2833
f 2793 2835 2836
f 2836 2832 2793
f 2835 2793 2834
f 2837 2838 2839
f 2840 2841 2842
f 2838 2843 2841
f 2844 2845 2840
f 2846 2847 2848
f 2849 2850 2847
f 2848 2845 2851
f 2839 2852 2853
f 2841 2843 2842
f 2837 2839 2853
f 2842 2854 2840
f 2849 2847 2846
f 2848 2851 2846
f 2851 2845 2844
f 2854 2844 2840
f 2838 2837 2843
f 2855 2856 2857
f 2856 2858 2859
f 2860 2861 2862
f 2863 2864 2865
f 2866 2865 2867
f 2864 2860 2862
f 2861 2868 2857
f 2859 2858 2869
f 2858 2856 2855
f 2855 2857 2868
f 2861 2870 2868
f 2863 2865 2866
f 2866 2867 2871
f 2860 2870 2861
f 2864 2863 2860
f 2869 2872 2859
f 2873 2874 2875
f 2876 2877 2878
f 2879 2873 2875
f 2873 2880 2874
f 2880 2881 2874
f 2877 2876 2881
f 2881 2880 2877
f 2878 2882 2876
f 2883 2884 2882
f 2885 2886 2887
f 2886 2885 2884
f 2888 2887 2889
f 2882 2884 2890
f 2890 2884 2885
f 2887 2888 2885
f 2883 2882 2878
f 2891 2892 2893
f 2894 2895 2892
f 2896 2895 2897
f 2891 2893 2898
f 2892 2891 2894
f 2896 2897 2899
f 2895 2894 2897
f 2899 2900 2896
f 2901 2902 2903
f 2900 2899 2902
f 2899 2903 2902
f 2904 2905 2906
f 2907 2905 2904
f 2903 2904 2906
f 2903 2906 2901
f 2908 2909 2910
f 2911 2912 2913
f 2914 2910 2915
f 2916 2915 2913
f 2917 2918 2919
f 2918 2920 2921
f 2922 2909 2923
f 2912 2911 2924
f 2924 2917 2925
f 2926 2920 2927
f 2928 2929 2930
f 2931 2932 2933
f 2932 2930 2934
f 2935 2928 2936
f 2937 2938 2939
f 2940 2941 2938
f 2942 2943 2944
f 2937 2945 2942
f 2946 2940 2931
f 2947 2936 2922
f 2927 2948 2949
f 2949 2926 2927
f 2921 2919 2918
f 2917 2919 2925
f 2921 2920 2926
f 2947 2922 2923
f 2923 2909 2908
f 2913 2912 2916
f 2910 2914 2908
f 2915 2916 2914
f 2924 2925 2912
f 2937 2939 2945
f 2945 2950 2942
f 2944 2943 2951
f 2942 2950 2943
f 2938 2941 2939
f 2929 2934 2930
f 2933 2932 2934
f 2946 2941 2940
f 2933 2946 2931
f 2928 2935 2929
f 2947 2935 2936
f 2949 2948 2952
f 2953 2954 2955
f 2956 2954 2953
f 2957 2958 2959
f 2960 2957 2961
f 2960 2962 2955
f 2963 2956 2964
f 2965 2966 2967
f 2965 2968 2966
f 2969 2968 2970
f 2971 2972 2973
f 2974 2975 2976
f 2971 2977 2976
f 2967 2975 2978
f 2979 2972 2963
f 2980 2969 2981
f 2959 2958 2982
f 2962 2960 2961
f 2959 2961 2957
f 2964 2956 2953
f 2973 2972 2979
f 2964 2979 2963
f 2962 2953 2955
f 2974 2976 2977
f 2983 2977 2971
f 2965 2967 2978
f 2984 2980 2981
f 2965 2970 2968
f 2981 2969 2970
f 2985 2984 2986
f 2971 2973 2983
f 2975 2974 2978
f 2985 2980 2984
f 2987 2988 2989
f 2990 2991 2992
f 2993 2989 2994
f 2994 2985 2995
f 2991 2990 2988
f 2996 2997 2992
f 2997 2998 2999
f 3000 3001 3002
f 3003 3004 3005
f 3001 3005 3004
f 3006 3007 2999
f 3008 3009 3010
f 3003 3011 3009
f 3002 3012 3013
f 3014 3012 3007
f 2987 2989 2993
f 2994 2995 2993
f 2991 2996 2992
f 2997 2996 2998
f 2991 2988 2987
f 2999 2998 3006
f 3006 3015 3007
f 3000 3002 3013
f 3012 3014 3013
f 3011 3010 3009
f 3000 3005 3001
f 3014 3007 3015
f 3011 3003 3005
f 3008 3010 3016
f 3017 3018 3016
f 3008 3016 3018
f 2986 2995 2985
f 3019 3020 3021
f 3022 3023 3020
f 3024 3025 3026
f 3027 3028 3029
f 3030 3029 3025
f 3031 3026 3023
f 3032 3033 3034
f 962 3035 3036
f 3037 3036 3033
f 3038 3039 3040
f 3041 3042 970
f 3042 3038 970
f 3041 3043 3044
f 968 3039 3035
f 3045 3034 3028
f 3022 3046 3047
f 3026 3031 3024
f 3032 3034 3045
f 3027 3045 3028
f 3048 3046 3020
f 3023 3022 3031
f 3049 3048 3020
f 3027 3029 3030
f 3024 3030 3025
f 962 3036 3037
f 970 3043 3041
f 3044 3043 3050
f 962 968 3035
f 3039 968 3040
f 3038 3040 970
f 1037 3044 3050
f 3033 3032 958
f 958 3037 3033
f 1037 3051 3044
f 3020 3046 3022
f 3052 3053 3054
f 1040 3055 3056
f 3057 3056 3053
f 3058 3059 3060
f 3061 3060 3062
f 3059 1034 3054
f 3063 3064 3065
f 3066 3067 3064
f 3068 3069 3070
f 3071 3072 3073
f 3074 3073 3075
f 3076 3075 3069
f 3072 3077 3065
f 3078 3070 3055
f 3079 3080 3081
f 3051 3081 3080
f 1034 3052 3054
f 3080 3079 3062
f 3053 3052 3057
f 3079 3061 3062
f 3061 3058 3060
f 3059 3058 1034
f 1040 3056 3057
f 3055 1040 3078
f 3077 3072 3071
f 3076 3074 3075
f 3019 3082 3020
f 3068 3070 3078
f 3074 3071 3073
f 3076 3069 3068
f 3077 3063 3065
f 3063 3066 3064
f 1037 3081 3051
f 3082 3049 3020
f 3083 3084 3085
f 3086 3087 3088
f 3089 3085 3086
f 3083 3085 3089
f 3089 3086 3088
f 3087 3090 3088
f 3087 3091 3090
f 3092 3093 3094
f 3091 3095 3094
f 3095 3091 3096
f 3094 3095 3092
f 3093 3097 3094
f 3096 3091 3087
f 3098 3099 3100
f 3101 3100 3102
f 3100 3101 3098
f 3099 3103 3100
f 3104 3103 3105
f 3102 3104 3106
f 3102 3100 3104
f 3103 3107 3105
f 3104 3100 3103
f 3101 3102 3108
f 3108 3106 3109
f 3108 3102 3106
f 3110 3109 3106
f 3106 3111 3110
f 3106 3112 3111
f 3106 3104 3112
f 3113 3112 3105
f 3113 3105 3114
f 3105 3112 3104
f 3105 3107 3114
f 3114 3115 3116
f 3115 3114 3107
f 3116 3117 3118
f 3117 3116 3115
f 3115 3119 3117
f 3114 3116 3120
f 3121 3122 3119
f 3123 3122 3121
f 3119 3122 3117
f 3124 3123 3125
f 3116 3118 3120
f 3117 3122 3126
f 3118 3117 3126
f 3122 3127 3126
f 3128 3127 3122
f 3129 3130 3122
f 3129 3122 3123
f 3128 3122 3130
f 3123 3124 3129
f 3114 3120 3113
f 3131 3132 3133
f 3132 3134 3135
f 3136 3137 3138
f 3139 3140 3141
f 3137 3140 3142
f 3143 3141 3144
f 3145 3134 3136
f 3135 3134 3145
f 3136 3138 3145
f 3141 3143 3139
f 3139 3142 3140
f 3143 3144 3146
f 3137 3142 3138
f 3133 3132 3135
f 3147 3148 3149
f 3150 3151 3148
f 3152 3151 3153
f 3149 3154 3147
f 3151 3150 3153
f 3152 3153 3155
f 3150 3148 3147
f 3155 3156 3152
f 3157 3158 3159
f 3156 3155 3160
f 3155 3161 3160
f 3162 3163 3159
f 3157 3159 3163
f 3161 3163 3162
f 3161 3162 3160
f 3164 3165 3166
f 3167 3168 3169
f 3165 3170 3171
f 3172 3173 3174
f 3169 3174 3165
f 3173 3165 3174
f 3175 3174 3169
f 3167 3169 3165
f 3172 3176 3173
f 3166 3165 3173
f 3177 3165 3178
f 3179 3169 3168
f 3180 3165 3164
f 3175 3179 3181
f 3182 3175 3183
f 3181 3183 3175
f 3184 3175 3182
f 3185 3165 3180
f 3179 3175 3169
f 3186 3187 3172
f 3172 3187 3188
f 3175 3184 3189
f 3189 3186 3175
f 3190 3165 3185
f 3175 3186 3174
f 3174 3186 3172
f 3188 3176 3172
f 3191 3192 3193
f 3194 3195 3188
f 3193 3188 3195
f 3193 3195 3191
f 3196 3191 3195
f 3197 3192 3191
f 3176 3188 3193
f 3198 3199 3197
f 3200 3198 3201
f 3202 3165 3203
f 3197 3199 3192
f 3178 3165 3202
f 3204 3200 3205
f 3196 3206 3191
f 3195 3194 3196
f 3207 3197 3206
f 3208 3165 3190
f 3207 3209 3197
f 3206 3197 3191
f 3209 3210 3197
f 3197 3201 3198
f 3171 3167 3165
f 3201 3197 3210
f 3203 3165 3208
f 3201 3205 3200
f 3187 3194 3188
f 3170 3165 3177
f 3211 3212 3213
f 3214 3215 3211
f 3215 3216 3217
f 3212 3218 3213
f 3211 3213 3214
f 3214 3216 3215
f 3216 3219 3217
f 3220 3221 3222
f 3223 3224 3219
f 3225 3219 3224
f 3222 3224 3223
f 3223 3220 3222
f 3217 3219 3225
f 3226 3227 3228
f 3229 3228 3230
f 3231 3228 3229
f 3232 3233 3234
f 3235 3233 3232
f 3234 3230 3228
f 3235 3232 3236
f 3226 3231 3237
f 3226 3238 3227
f 3226 3237 3239
f 3236 3240 3241
f 3228 3231 3226
f 3228 3232 3234
f 3242 3243 3240
f 3243 3244 3245
f 3246 3247 3248
f 3249 3250 3251
f 3247 3249 3251
f 3244 3246 3245
f 3240 3236 3242
f 3242 3236 3232
f 3240 3252 3241
f 3247 3251 3248
f 3248 3245 3246
f 3240 3243 3245
f 3253 3254 3255
f 3256 3257 3253
f 3258 3255 3259
f 3260 3261 3256
f 3260 3262 3263
f 3264 3265 3262
f 3266 3267 3268
f 3269 3270 3271
f 3272 3267 3269
f 3273 3274 3275
f 3274 3276 3270
f 3275 3277 3278
f 3277 3279 3280
f 3264 3266 3281
f 3282 3279 3283
f 3261 3257 3256
f 3265 3263 3262
f 3261 3260 3263
f 3258 3259 3284
f 3259 3255 3254
f 3264 3281 3265
f 3253 3257 3254
f 3266 3268 3281
f 3271 3272 3269
f 3276 3271 3270
f 3273 3275 3278
f 3276 3274 3273
f 3280 3278 3277
f 3272 3268 3267
f 3279 3282 3280
f 3283 3285 3282
f 3283 3286 3285
f 3287 3286 3288
f 3289 3290 3291
f 3292 3288 3290
f 3293 3294 3295
f 3296 3297 3298
f 3299 3295 3297
f 3289 3291 3294
f 3300 3301 3302
f 3303 3301 3304
f 3305 3306 3307
f 3308 3302 3306
f 3309 3307 3310
f 3298 3311 3312
f 3313 3314 3311
f 3287 3288 3292
f 3289 3294 3293
f 3290 3289 3292
f 3299 3297 3296
f 3312 3311 3314
f 3298 3312 3296
f 3295 3299 3293
f 3315 3316 3317
f 3315 3314 3313
f 3307 3309 3305
f 3303 3317 3316
f 3310 3318 3309
f 3317 3303 3304
f 3300 3302 3308
f 3308 3306 3305
f 3301 3300 3304
f 3316 3315 3313
f 3286 3287 3285
f 3319 3320 3321
f 3322 3323 3324
f 3321 3320 3322
f 3325 3326 3327
f 3327 3328 3329
f 3325 3324 3330
f 3331 3332 3329
f 3333 1921 3334
f 3333 3335 1923
f 1915 3336 3337
f 1923 3338 3339
f 1915 3340 1921
f 3341 3339 3342
f 3338 1923 3343
f 3344 3336 1909
f 3345 1909 3332
f 3343 1923 3335
f 3325 3330 3326
f 3329 3328 3331
f 3328 3327 3326
f 3322 3320 3323
f 3320 3319 3346
f 3324 3323 3330
f 3335 3333 3334
f 3338 3342 3339
f 1909 3345 3344
f 1915 3337 3340
f 3337 3336 3344
f 3347 3341 3342
f 1921 3340 3334
f 3345 3332 3331
f 3347 1994 3341
f 3348 3349 3350
f 3349 3351 1991
f 3352 3353 3354
f 1991 3355 3356
f 3350 3352 3357
f 3356 3358 3359
f 3360 3353 1994
f 3361 3362 3363
f 3364 3365 3366
f 3367 3366 3368
f 3369 3370 3371
f 3372 3362 3365
f 3373 3361 3363
f 3374 3371 3373
f 3375 1997 3359
f 3368 1997 3376
f 3353 3360 3354
f 3350 3357 3348
f 3357 3352 3354
f 1991 3351 3355
f 3359 3358 3375
f 3358 3356 3355
f 3351 3349 3348
f 3368 3376 3367
f 3365 3364 3372
f 3364 3366 3367
f 3373 3363 3374
f 3370 3369 3377
f 3369 3371 3374
f 3363 3362 3372
f 3376 1997 3375
f 3347 3360 1994
f 3378 3379 3380
f 3381 3378 3380
f 3382 3381 3380
f 3383 3384 3385
f 3380 3386 3387
f 3383 3385 3386
f 3382 3380 3388
f 3388 3389 3390
f 3388 3391 3392
f 3393 3394 3380
f 3382 3388 3390
f 3395 3390 3396
f 3390 3395 3382
f 3382 3395 3397
f 3394 3388 3380
f 3398 3385 3399
f 3399 3400 3398
f 3398 3387 3385
f 3393 3401 3402
f 3402 3403 3393
f 3401 3393 3387
f 3387 3386 3385
f 3404 3405 3406
f 3405 3407 3406
f 3404 3393 3405
f 3404 3406 3408
f 3409 3410 3411
f 3380 3387 3393
f 3393 3404 3412
f 3411 3404 3409
f 3391 3388 3413
f 3413 3414 3391
f 3388 3394 3413
f 3415 3413 3416
f 3417 3418 3416
f 3394 3417 3416
f 3413 3394 3416
f 3417 3419 3420
f 3394 3393 3412
f 3421 3422 3394
f 3422 3421 3423
f 3412 3421 3394
f 3421 3424 3425
f 3426 3423 3421
f 3419 3417 3394
f 3427 3424 3421
f 3428 3429 3430
f 3431 3412 3428
f 3429 3428 3412
f 3404 3432 3429
f 3429 3432 3433
f 3429 3433 3434
f 3411 3432 3404
f 3435 3436 3427
f 3429 3412 3404
f 3437 3436 3435
f 3435 3412 3438
f 3438 3439 3435
f 3435 3427 3412
f 3412 3427 3421
f 3427 3440 3424
f 3441 3391 3414
f 3442 3443 3444
f 3445 3446 3447
f 131 3448 130
f 3449 3450 3451
f 3448 3450 3452
f 3446 3449 3451
f 3453 3447 3443
f 3454 3455 3456
f 3457 3458 3456
f 3459 3460 3457
f 3442 3444 3461
f 3462 3463 3464
f 3462 3465 3461
f 3459 3466 3467
f 3463 3455 3464
f 76 102 3468
f 3452 130 3448
f 3452 3450 3469
f 3449 3446 3445
f 3450 3449 3469
f 3453 3445 3447
f 3453 3443 3470
f 3442 3461 3465
f 3443 3442 3470
f 3471 3462 3464
f 3454 3456 3458
f 3458 3457 3460
f 3455 3454 3464
f 3462 3471 3465
f 3459 3467 3460
f 3466 3472 3467
f 3473 3474 3475
f 3476 3473 3477
f 3478 3479 3475
f 3480 3481 3482
f 3479 3483 3484
f 3484 3485 3480
f 3486 3477 3487
f 3488 3489 3490
f 3491 3490 3492
f 3493 3494 3492
f 3493 3495 3494
f 3496 3468 3497
f 3498 3496 3499
f 3489 3500 3487
f 3495 3498 3501
f 3502 3472 3482
f 3485 3481 3480
f 3502 3482 3481
f 3478 3483 3479
f 3503 3474 3473
f 3478 3475 3474
f 3485 3484 3483
f 3486 3476 3477
f 3488 3500 3489
f 3486 3487 3500
f 3494 3491 3492
f 3499 3501 3498
f 3497 3499 3496
f 3494 3495 3501
f 3488 3490 3491
f 3503 3473 3476
f 3468 102 3497
f 3482 3472 3466
f 3504 3505 3506
f 3506 3507 3504
f 3508 3509 3510
f 3509 3508 3511
f 3512 3513 3514
f 3515 3513 3512
f 3516 3517 3512
f 3515 3512 3517
f 3515 3518 3513
f 3519 3520 3513
f 3521 3520 3522
f 3513 3518 3519
f 3522 3520 3519
f 3523 3513 3520
f 3524 3511 3525
f 3526 3527 3524
f 3527 3528 3529
f 3525 3511 3508
f 3524 3525 3526
f 3526 3528 3527
f 3530 3531 3528
f 3531 3529 3528
f 3532 3533 3530
f 3534 3533 3532
f 3535 3534 3536
f 3536 3534 3532
f 3537 3538 3539
f 3535 3536 3539
f 3535 3539 3538
f 3531 3530 3533
f 3540 3541 3542
f 3542 3543 3544
f 3545 3546 3543
f 3544 3540 3542
f 3547 3546 3545
f 3544 3543 3546
f 3545 3548 3547
f 3549 3548 3550
f 3550 3548 3545
f 3549 3550 3551
f 3552 3551 3553
f 3549 3551 3552
f 3554 3555 3556
f 3554 3552 3553
f 3555 3554 3553
f 3557 3558 3559
f 3560 3561 3562
f 3558 3560 3563
f 3564 3557 3559
f 3563 3559 3558
f 3562 3563 3560
f 3561 3565 3562
f 3566 3567 3568
f 3568 3569 3570
f 3566 3568 3570
f 3565 3571 3562
f 3571 3565 3572
f 3567 3573 3572
f 3573 3567 3566
f 3572 3573 3571
f 3555 3574 3556
f 3575 3574 3576
f 3575 3576 3577
f 3577 3576 3578
f 3577 3578 3579
f 3580 3581 3582
f 3581 3580 3579
f 3578 3581 3579
f 3583 3584 3585
f 3582 3585 3584
f 3584 3580 3582
f 3583 3585 3586
f 3587 3588 3589
f 3586 3589 3588
f 3588 3583 3586
f 3587 3589 3590
f 3591 3592 3593
f 3594 3592 3595
f 3592 3594 3593
f 3591 3593 3596
f 3569 3597 3570
f 3597 3569 3598
f 3598 3596 3597
f 3596 3598 3591
f 3599 3600 3601
f 3600 3599 3602
f 3602 3599 3587
f 3587 3590 3602
f 3595 3603 3594
f 3603 3595 3604
f 3605 3603 3604
f 3605 3601 3600
f 3605 3604 3601
f 3575 3556 3574
f 3606 36 3607
f 3608 3609 3610
f 3609 3606 3611
f 3612 3613 3614
f 3615 3616 3617
f 3616 3612 3618
f 3613 3608 3619
f 3620 3621 3622
f 3623 3624 3625
f 3624 3620 3626
f 3627 3628 3629
f 3630 3631 3632
f 3633 3630 3634
f 3635 3631 3627
f 3636 3628 3623
f 3637 3621 3615
f 3632 3634 3630
f 36 35 3607
f 3609 3611 3610
f 3611 3606 3607
f 3613 3619 3614
f 3616 3618 3617
f 3618 3612 3614
f 3619 3608 3610
f 3621 3637 3622
f 3624 3626 3625
f 3626 3620 3622
f 3628 3636 3629
f 3631 3635 3632
f 3634 3632 3638
f 3635 3627 3629
f 3636 3623 3625
f 3637 3615 3617
f 3639 3640 3633
f 3641 3642 3643
f 3644 3643 3640
f 3645 3646 3647
f 3648 3649 3650
f 3651 3650 3646
f 3652 3647 3642
f 3653 3654 3655
f 3656 3657 3658
f 3659 3658 3654
f 3660 3661 3662
f 3663 3664 3665
f 3666 5 3664
f 3667 3665 3661
f 3668 3662 3657
f 3669 3655 3649
f 3644 3639 3670
f 3640 3639 3644
f 3643 3644 3641
f 3652 3642 3641
f 3651 3646 3645
f 3648 3650 3651
f 3652 3645 3647
f 3649 3648 3669
f 3653 3655 3669
f 3656 3658 3659
f 3653 3659 3654
f 3660 3662 3668
f 3663 3665 3667
f 3666 3664 3663
f 3660 3667 3661
f 3656 3668 3657
f 3666 32 5
f 3633 3634 3639
f 3671 3672 3673
f 3673 3674 3671
f 3675 3676 3671
f 3677 3671 3676
f 3678 3671 3677
f 3679 3680 3676
f 3681 3671 3674
f 3682 3683 3681
f 3684 3685 3681
f 3681 3675 3671
f 3686 3682 3681
f 3687 3682 3686
f 3681 3674 3686
f 3688 3686 3674
f 3689 3690 3681
f 3691 3675 3692
f 3691 3693 3675
f 3692 3675 3690
f 3694 3695 3696
f 3696 3695 3691
f 3691 3692 3696
f 3679 3676 3675
f 3697 3692 3698
f 3699 3700 3690
f 3692 3690 3698
f 3699 3690 3701
f 3701 3690 3689
f 3681 3690 3675
f 3701 3702 3703
f 3702 3704 3703
f 3681 3685 3705
f 3706 3707 3705
f 3681 3705 3708
f 3708 3705 3709
f 3708 3710 3711
f 3708 3711 3712
f 3708 3712 3681
f 3713 3712 3711
f 3712 3714 3681
f 3712 3715 3716
f 3717 3718 3715
f 3712 3716 3714
f 3719 3720 3716
f 3716 3715 3718
f 3712 3713 3721
f 3714 3716 3720
f 3722 3723 3689
f 3723 3724 3689
f 3689 3725 3726
f 3727 3702 3726
f 3726 3702 3689
f 3725 3728 3726
f 3702 3701 3689
f 3729 3689 3714
f 3730 3714 3720
f 3714 3731 3729
f 3732 3722 3729
f 3729 3733 3732
f 3689 3729 3722
f 3714 3689 3681
f 3734 3730 3720
f 3705 3685 3706
f 3735 3736 3737
f 3737 3738 3735
f 3739 3740 3741
f 3741 3742 3739
f 3743 3744 3745
f 3745 3746 3743
f 3747 3748 3749
f 3749 3750 3747
f 3751 3752 3753
f 3753 3754 3751
f 3755 3756 3757
f 3757 3758 3755
