mtllib LINK6_Mesh.mtl
v -1.4279526048542865e-16 0.041000001947395504 0.014000000664964318
v -0.0013722400124969308 0.041000001947395504 0.01393258637800987
v -0.0002352935187518307 0.03594464663525754 0.013998023698012507
v -0.002731264720945148 0.041000001947395504 0.01373099487673557
v -0.0015957093996751825 0.035957063475446915 0.013908714001387712
v -0.004063985540776749 0.041000001947395504 0.013397164981118759
v -0.005357568518478406 0.041000001947395504 0.012934314388455825
v -0.004255959712950452 0.03613705615977736 0.013337422050729852
v -0.006599554852188827 0.041000001947395504 0.012346898665364647
v -0.007777983558063528 0.041000001947395504 0.011640575008158849
v -0.00672923644556761 0.036486997430060786 0.012276701556622749
v -0.005573861386875545 0.03630171376037161 0.012842589034672836
v -0.00296093501803249 0.03602364138998615 0.013683306390278593
v -0.00888150638803542 0.041000001947395504 0.010822146929734822
v -0.009899495595017682 0.041000001947395504 0.009899495595017682
v -0.01002321100158965 0.037216798642703 0.009774214255143798
v -0.010822146929734822 0.041000001947395504 0.00888150638803542
v -0.011640575008158849 0.041000001947395504 0.007777983558063528
v -0.01171876867642363 0.03770517528333128 0.00765966499470444
v -0.012346898665364647 0.041000001947395504 0.006599554852188827
v -0.012934314388455825 0.041000001947395504 0.005357568518478406
v -0.012434720629985185 0.03793324841428136 0.006432552166339145
v -0.013397164981118759 0.041000001947395504 0.004063985540776749
v -0.01373099487673557 0.041000001947395504 0.002731264720945148
v -0.013437338513605512 0.038274370104067756 0.003929114528358757
v -0.012977286955194178 0.0381149271948833 0.005252623330693484
v -0.007948956390280981 0.036722577885586194 0.011524500440572849
v -1.3360435625998012e-16 0.03594800738370818 0.014000000664964318
v -0.013752605137771767 0.03838677779373301 0.002620281105520511
v -0.01393258637800987 0.041000001947395504 0.0013722400124969308
v -0.013943719572508395 0.03845594207314118 0.0012540724873148779
v -0.014000000664964318 0.041000001947395504 2.2513717526054563e-18
v -0.01393258637800987 0.041000001947395504 -0.0013722400124969308
v -0.013999577233547722 0.038476419369035675 -0.00010890336851968573
v -0.01373099487673557 0.041000001947395504 -0.002731264720945148
v -0.013397164981118759 0.041000001947395504 -0.004063985540776749
v -0.013706555063868198 0.03837022200681384 -0.0028513814373132274
v -0.013921740239494218 0.03844793120850287 -0.0014782315002659363
v -0.012934314388455825 0.041000001947395504 -0.005357568518478406
v -0.012346898665364647 0.041000001947395504 -0.006599554852188827
v -0.012890234605783535 0.0380852984398139 -0.005462770244666626
v -0.011640575008158849 0.041000001947395504 -0.007777983558063528
v -0.010822146929734822 0.041000001947395504 -0.00888150638803542
v -0.01158931310386857 0.03766524303045804 -0.007854161158727668
v -0.012329415906965902 0.03789882458452132 -0.00663215859442956
v -0.013371065774862023 0.03825105467327283 -0.004149049955980422
v -0.009899495595017682 0.041000001947395504 -0.009899495595017682
v -0.00888150638803542 0.041000001947395504 -0.010822146929734822
v -0.009854573717884008 0.037172258235314004 -0.009944214339512314
v -0.007777983558063528 0.041000001947395504 -0.011640575008158849
v -0.006599554852188827 0.041000001947395504 -0.012346898665364647
v -0.007761449705654677 0.03668357260419253 -0.011651606159500671
v -0.005357568518478406 0.041000001947395504 -0.012934314388455825
v -0.004063985540776749 0.041000001947395504 -0.013397164981118759
v -0.005354015127806699 0.03627067738194434 -0.012935784954321572
v -0.002731264720945148 0.041000001947395504 -0.01373099487673557
v -0.0013722400124969308 0.041000001947395504 -0.01393258637800987
v -0.0027417472711104007 0.036009172242570386 -0.013728905376209077
v -0.004037511063658683 0.03611444263331265 -0.013405168216362173
v -0.006528198075423097 0.03645200139568372 -0.012384774796314058
v -0.0013689654523667272 0.035951150694404355 -0.013932908719944126
v -1.3452808300228528e-16 0.03594789675748222 -0.014000000664964318
v -1.4450976367232313e-16 0.041000001947395504 -0.014000000664964318
v -1.5968171012395367e-16 0.04500000213738531 0.012500000593718141
v -0.002438629027800704 0.04500000213738531 0.012259816752048791
v -1.5968171012395367e-16 0.041000001947395504 0.012500000593718141
v -0.004783543337099905 0.04500000213738531 0.011548494887513305
v -0.006944628091692939 0.04500000213738531 0.010393371122015549
v -0.004783543337099905 0.041000001947395504 0.011548494887513305
v -0.002438629027800704 0.041000001947395504 0.012259816752048791
v -0.008838835182395366 0.04500000213738531 0.008838835182395366
v -0.010393371122015549 0.04500000213738531 0.006944628091692939
v -0.008838835182395366 0.041000001947395504 0.008838835182395366
v -0.011548494887513305 0.04500000213738531 0.004783543337099905
v -0.012259816752048791 0.04500000213738531 0.002438629027800704
v -0.011548494887513305 0.041000001947395504 0.004783543337099905
v -0.010393371122015549 0.041000001947395504 0.006944628091692939
v -0.006944628091692939 0.041000001947395504 0.010393371122015549
v -0.012259816752048791 0.041000001947395504 0.002438629027800704
v -0.012500000593718141 0.04500000213738531 2.0101534866708876e-18
v -0.012500000593718141 0.041000001947395504 -3.5409619001187154e-18
v -0.012259816752048791 0.04500000213738531 -0.002438629027800704
v -0.011548494887513305 0.04500000213738531 -0.004783543337099905
v -0.012259816752048791 0.041000001947395504 -0.002438629027800704
v -0.010393371122015549 0.04500000213738531 -0.006944628091692939
v -0.008838835182395366 0.04500000213738531 -0.008838835182395366
v -0.008838835182395366 0.041000001947395504 -0.008838835182395366
v -0.011548494887513305 0.041000001947395504 -0.004783543337099905
v -0.006944628091692939 0.04500000213738531 -0.010393371122015549
v -0.004783543337099905 0.04500000213738531 -0.011548494887513305
v -0.004783543337099905 0.041000001947395504 -0.011548494887513305
v -0.002438629027800704 0.04500000213738531 -0.012259816752048791
v -1.6121252234904994e-16 0.04500000213738531 -0.012500000593718141
v -1.6121252234904994e-16 0.041000001947395504 -0.012500000593718141
v -0.002438629027800704 0.041000001947395504 -0.012259816752048791
v -0.006944628091692939 0.041000001947395504 -0.010393371122015549
v -0.010393371122015549 0.041000001947395504 -0.006944628091692939
v 1.522546538391186e-16 -0.041000001947395504 -0.014000000664964318
v -0.0013722400124969308 -0.041000001947395504 -0.01393258637800987
v 3.9047378297986086e-15 -0.03594800738370818 -0.014000000664964318
v -0.002731264720945148 -0.041000001947395504 -0.01373099487673557
v -0.0024438284604207106 -0.03599199847466483 -0.013785053907928724
v -0.004063985540776749 -0.041000001947395504 -0.013397164981118759
v -0.005357568518478406 -0.041000001947395504 -0.012934314388455825
v -0.004810524692141216 -0.036200208476009355 -0.013147580771266099
v -0.006599554852188827 -0.041000001947395504 -0.012346898665364647
v -0.007006996010762434 -0.03653682882280851 -0.012120314220093187
v -0.007777983558063528 -0.041000001947395504 -0.011640575008158849
v -0.00888150638803542 -0.041000001947395504 -0.010822146929734822
v -0.008993480155866096 -0.036956983414297984 -0.010729274305694703
v -0.009899495595017682 -0.041000001947395504 -0.009899495595017682
v -0.010822146929734822 -0.041000001947395504 -0.00888150638803542
v -0.011640575008158849 -0.041000001947395504 -0.007777983558063528
v -0.010697116406218066 -0.037401994574350894 -0.009031706285306251
v -0.012346898665364647 -0.041000001947395504 -0.006599554852188827
v -0.012934314388455825 -0.041000001947395504 -0.005357568518478406
v -0.013127229360387349 -0.03816636076055868 -0.004865784399355755
v -0.012094523050655281 -0.03782336986902335 -0.007051421023553661
v -0.013397164981118759 -0.041000001947395504 -0.004063985540776749
v -0.01373099487673557 -0.041000001947395504 -0.002731264720945148
v -0.013774264036200412 -0.03839458266470919 -0.002503929257113846
v -0.01393258637800987 -0.041000001947395504 -0.0013722400124969308
v -0.013999805161720169 -0.038476503292379505 -7.397327178403426e-05
v -0.014000000664964318 -0.041000001947395504 -7.074502097201077e-18
v -0.01393258637800987 -0.041000001947395504 0.0013722400124969308
v -0.013796858489177888 -0.03840273085845558 0.0023762808974742144
v -0.01373099487673557 -0.041000001947395504 0.002731264720945148
v -0.013397164981118759 -0.041000001947395504 0.004063985540776749
v -0.012934314388455825 -0.041000001947395504 0.005357568518478406
v -0.01317537370318922 -0.038182977582637 0.004733872638482128
v -0.012346898665364647 -0.041000001947395504 0.006599554852188827
v -0.012156152348931637 -0.037843065151941246 0.006944636674762195
v -0.011640575008158849 -0.041000001947395504 0.007777983558063528
v -0.010822146929734822 -0.041000001947395504 0.00888150638803542
v -0.010779841935049661 -0.037425493110623265 0.008932805485625805
v -0.009899495595017682 -0.041000001947395504 0.009899495595017682
v -0.00888150638803542 -0.041000001947395504 0.010822146929734822
v -0.007777983558063528 -0.041000001947395504 0.011640575008158849
v -0.009086720898209832 -0.036979272691479714 0.010650423555794708
v -0.006599554852188827 -0.041000001947395504 0.012346898665364647
v -0.005357568518478406 -0.041000001947395504 0.012934314388455825
v -0.007118445257694173 -0.03655743963311364 0.01205519638100172
v -0.004063985540776749 -0.041000001947395504 0.013397164981118759
v -0.002731264720945148 -0.041000001947395504 0.01373099487673557
v -0.002519435763816552 -0.03599603442456356 0.013771436391717962
v -0.0013722400124969308 -0.041000001947395504 0.01393258637800987
v -0.004936302419520366 -0.03621568851824852 0.013100875523076039
v 1.3386592004651586e-16 -0.03594789675748222 0.014000000664964318
v 1.4108255978473154e-16 -0.041000001947395504 0.014000000664964318
v 1.5968171012395367e-16 -0.04500000213738531 -0.012500000593718141
v -0.002438629027800704 -0.04500000213738531 -0.012259816752048791
v -0.002438629027800704 -0.041000001947395504 -0.012259816752048791
v -0.004783543337099905 -0.04500000213738531 -0.011548494887513305
v -0.006944628091692939 -0.04500000213738531 -0.010393371122015549
v -0.006944628091692939 -0.041000001947395504 -0.010393371122015549
v -0.004783543337099905 -0.041000001947395504 -0.011548494887513305
v -0.008838835182395366 -0.04500000213738531 -0.008838835182395366
v -0.010393371122015549 -0.04500000213738531 -0.006944628091692939
v -0.010393371122015549 -0.041000001947395504 -0.006944628091692939
v -0.011548494887513305 -0.04500000213738531 -0.004783543337099905
v -0.012259816752048791 -0.04500000213738531 -0.002438629027800704
v -0.012259816752048791 -0.041000001947395504 -0.002438629027800704
v -0.011548494887513305 -0.041000001947395504 -0.004783543337099905
v -0.008838835182395366 -0.041000001947395504 -0.008838835182395366
v 1.5968171012395367e-16 -0.041000001947395504 -0.012500000593718141
v -0.012500000593718141 -0.041000001947395504 -2.0101534866708876e-18
v -0.012500000593718141 -0.04500000213738531 3.5409619001187154e-18
v -0.012259816752048791 -0.04500000213738531 0.002438629027800704
v -0.012259816752048791 -0.041000001947395504 0.002438629027800704
v -0.011548494887513305 -0.04500000213738531 0.004783543337099905
v -0.010393371122015549 -0.04500000213738531 0.006944628091692939
v -0.010393371122015549 -0.041000001947395504 0.006944628091692939
v -0.011548494887513305 -0.041000001947395504 0.004783543337099905
v -0.008838835182395366 -0.04500000213738531 0.008838835182395366
v -0.006944628091692939 -0.04500000213738531 0.010393371122015549
v -0.006944628091692939 -0.041000001947395504 0.010393371122015549
v -0.004783543337099905 -0.04500000213738531 0.011548494887513305
v -0.002438629027800704 -0.04500000213738531 0.012259816752048791
v -0.002438629027800704 -0.041000001947395504 0.012259816752048791
v -0.004783543337099905 -0.041000001947395504 0.011548494887513305
v -0.008838835182395366 -0.041000001947395504 0.008838835182395366
v 1.581508978988574e-16 -0.041000001947395504 0.012500000593718141
v 1.581508978988574e-16 -0.04500000213738531 0.012500000593718141
v 0.025000001187436283 -0.007120797018670133 0.03579866579336288
v 0.025000001187436283 -0.003577625683004876 0.03632424336349249
v 0.03000000142492354 -0.00699814209798838 0.035822843345780786
v 0.025000001187436283 1.065919863980442e-16 0.03650000173365697
v 0.03000000142492354 -0.0035154136896935195 0.03633031636182782
v 0.025000001187436283 -0.013967945762318745 0.0337216049952449
v 0.03000000142492354 -0.016929718821696582 0.032336274729249936
v 0.025000001187436283 -0.017205981118143532 0.03219012604066762
v 0.03000000142492354 -0.010415803450351535 0.034982297651560135
v 0.025000001187436283 -0.010595390823078255 0.03492832349738517
v 0.03000000142492354 -0.01373662155546962 0.033816495594234386
v 0.025000001187436283 -0.020278313646273638 0.030348641883377603
v 0.03000000142492354 -0.019965409273501322 0.030555402299692336
v 0.03000000142492354 -0.025453389423082395 0.026160563757818833
v 0.025000001187436283 -0.02580939796965498 0.02580939796965498
v 0.025000001187436283 -0.02315535655331158 0.028214883237107635
v 0.025000001187436283 -0.028214883237107635 0.02315535655331158
v 0.03000000142492354 -0.027854655635158876 0.023587460684553196
v 0.03000000142492354 -0.03342745748981857 0.014657944421800906
v 0.025000001187436283 -0.0337216049952449 0.013967945762318745
v 0.025000001187436283 -0.03219012604066762 0.017205981118143532
v 0.025000001187436283 -0.03632424336349249 0.003577625683004876
v 0.025000001187436283 -0.03579866579336288 0.007120797018670133
v 0.03000000142492354 -0.03622036915201576 0.004509445404616841
v 0.025000001187436283 -0.030348641883377603 0.020278313646273638
v 0.03000000142492354 -0.03186030920676486 0.017809288870798134
v 0.025000001187436283 -0.03492832349738517 0.010595390823078255
v 0.03000000142492354 -0.03561766602890648 0.007976962945261123
v 0.03000000142492354 -0.0299969344081763 0.020795048747721534
v 0.03000000142492354 -0.022815465103451782 0.028490430277783307
v 0.03000000142492354 -0.03468380139104443 0.011370312277121375
v 0.03000000142492354 1.065919863980442e-16 0.03650000173365697
v 0.02650000125868246 -0.03648629934042802 0.0010000000474974513
v 0.03000000142492354 -0.0035154136896935195 -0.03633031636182782
v 0.03000000142492354 1.02122023916482e-16 -0.03650000173365697
v 0.025000001187436283 9.283820356043818e-17 -0.03650000173365697
v 0.02650000125868246 -0.03648629934042802 -0.0010000000474974513
v 0.025000001187436283 -0.03650000173365697 6.704941604760845e-18
v 0.025000001187436283 -0.03632424336349249 -0.003577625683004876
v 0.025000001187436283 -0.03492832349738517 -0.010595390823078255
v 0.025000001187436283 -0.03579866579336288 -0.007120797018670133
v 0.03000000142492354 -0.03561766602890648 -0.007976962945261123
v 0.03000000142492354 -0.03622036915201576 -0.004509445404616841
v 0.025000001187436283 -0.03219012604066762 -0.017205981118143532
v 0.025000001187436283 -0.0337216049952449 -0.013967945762318745
v 0.03000000142492354 -0.03342745748981857 -0.014657944421800906
v 0.03000000142492354 -0.03468380139104443 -0.011370312277121375
v 0.03000000142492354 -0.03186030920676486 -0.017809288870798134
v 0.025000001187436283 -0.030348641883377603 -0.020278313646273638
v 0.03000000142492354 -0.025453389423082395 -0.026160563757818833
v 0.025000001187436283 -0.02315535655331158 -0.028214883237107635
v 0.025000001187436283 -0.02580939796965498 -0.02580939796965498
v 0.025000001187436283 -0.017205981118143532 -0.03219012604066762
v 0.025000001187436283 -0.020278313646273638 -0.030348641883377603
v 0.03000000142492354 -0.019965409273501322 -0.030555402299692336
v 0.03000000142492354 -0.022815465103451782 -0.028490430277783307
v 0.03000000142492354 -0.01373662155546962 -0.033816495594234386
v 0.025000001187436283 -0.010595390823078255 -0.03492832349738517
v 0.025000001187436283 -0.013967945762318745 -0.0337216049952449
v 0.03000000142492354 -0.010415803450351535 -0.034982297651560135
v 0.025000001187436283 -0.007120797018670133 -0.03579866579336288
v 0.03000000142492354 -0.016929718821696582 -0.032336274729249936
v 0.025000001187436283 -0.028214883237107635 -0.02315535655331158
v 0.03000000142492354 -0.027854655635158876 -0.023587460684553196
v 0.03000000142492354 -0.0299969344081763 -0.020795048747721534
v 0.025000001187436283 -0.003577625683004876 -0.03632424336349249
v 0.03000000142492354 -0.00699814209798838 -0.035822843345780786
v 0.03000000142492354 -0.03648629934042802 -0.0010000000474974513
v 0.03000000142492354 -0.03648629934042802 0.0010000000474974513
v -0.03201585158780995 -1.188917591855953e-16 0.037483156077229296
v -0.029499463528834813 0.0033752841168450953 0.037412061560913035
v -0.03201585158780995 0.0033680197408134105 0.0373315409272057
v -0.03201585158780995 0.00682051929444677 0.0368574236256336
v -0.029499463528834813 0.010335981859951326 0.03611407260766031
v -0.03201585158780995 0.010313736451790234 0.036036348147181485
v -0.03201585158780995 0.013797254264037995 0.03485154126717571
v -0.029499463528834813 0.017252810344000613 0.03336771932780147
v -0.03201585158780995 0.01721567807905333 0.03329590383366776
v -0.03201585158780995 0.020510987302344574 0.03137353283171551
v -0.029499463528834813 0.02055522634863527 0.031441201749724534
v -0.029499463528834813 0.02367633741301778 0.02916331429717034
v -0.03201585158780995 0.023625380684523245 0.029100549172729195
v -0.029499463528834813 0.036113931463854776 0.01033648253899122
v -0.03201585158780995 0.03603620700337595 0.010314236177155767
v -0.03201585158780995 0.03485130094123656 0.0137978617546064
v -0.03201585158780995 0.036857358775777005 0.0068208764454952275
v -0.03201585158780995 0.03137307125332445 0.020511693021372235
v -0.03201585158780995 0.02909998650485579 0.023626074959458565
v -0.029499463528834813 0.02916274972194821 0.023677033595301822
v -0.029499463528834813 0.03144073826398475 0.020555933975011653
v -0.03201585158780995 0.0332955566962001 0.01721635518785014
v -0.03201585158780995 0.026504405326884806 0.026505048103404594
v -0.029499463528834813 0.03693685325587115 0.006835587826198863
v -0.03201585158780995 0.03733152566841591 0.0033682073762440756
v -0.029499463528834813 0.02656157238282275 0.02656221515934254
v -0.029499463528834813 0.033367368375636364 0.017253489360146146
v -0.029499463528834813 -1.0954708797973048e-16 0.03756400096021961
v -0.029499463528834813 0.006835230198313225 0.03693692192042519
v -0.029499463528834813 0.013827012718820586 0.03492671369506262
v -0.029499463528834813 0.03492647336912347 0.013827622116737714
v -0.029499463528834813 0.0374120424874258 0.0033754722291129413
v -0.029499463528834813 0.03756400096021961 2.0192497315718526e-17
v -0.03201585158780995 0.037483156077229296 2.4709114374231475e-17
v -0.03201585158780995 0.0360362680385351 -0.010313798440623745
v -0.03201585158780995 0.03685738929335658 -0.006820549335189163
v -0.029499463528834813 0.036113992499013925 -0.010336043848784837
v -0.029499463528834813 0.037412050116820694 -0.00337529222307717
v -0.03201585158780995 0.037331533297810804 -0.003368027847045485
v -0.029499463528834813 0.036936883773450724 -0.006835260239055618
v -0.03201585158780995 0.029100167702984514 -0.023625563790000692
v -0.03201585158780995 0.03137323337796594 -0.02051114751963734
v -0.029499463528834813 0.02916293282742566 -0.023676520518495225
v -0.03201585158780995 0.03329568639591329 -0.01721581159346397
v -0.029499463528834813 0.031440900388626236 -0.02055538847327676
v -0.029499463528834813 0.02656176121034637 -0.02656176121034637
v -0.03201585158780995 0.026504594154408423 -0.026504594154408423
v -0.03201585158780995 0.010313798440623745 -0.0360362680385351
v -0.03201585158780995 0.013797351538822888 -0.03485140012337018
v -0.029499463528834813 0.010336043848784837 -0.036113992499013925
v -0.03201585158780995 0.003368027847045485 -0.037331533297810804
v -0.03201585158780995 0.006820549335189163 -0.03685738929335658
v -0.029499463528834813 0.006835260239055618 -0.036936883773450724
v -0.03201585158780995 0.023625563790000692 -0.029100167702984514
v -0.029499463528834813 0.023676520518495225 -0.02916293282742566
v -0.03201585158780995 0.02051114751963734 -0.03137323337796594
v -0.029499463528834813 0.02055538847327676 -0.031440900388626236
v -0.03201585158780995 0.01721581159346397 -0.03329568639591329
v -0.029499463528834813 0.00337529222307717 -0.037412050116820694
v -0.03201585158780995 -1.1430139604705986e-16 -0.037483156077229296
v -0.029499463528834813 0.017252941951062528 -0.033367501890047
v -0.029499463528834813 0.03492656873655964 -0.01382710999360548
v -0.03201585158780995 0.03485140012337018 -0.013797351538822888
v -0.029499463528834813 0.033367501890047 -0.017252941951062528
v -0.029499463528834813 0.01382710999360548 -0.03492656873655964
v -0.029499463528834813 -1.049468247196373e-16 -0.03756400096021961
v -0.03201585158780995 -0.010313736451790234 -0.036036348147181485
v -0.03201585158780995 -0.00682051929444677 -0.0368574236256336
v -0.029499463528834813 -0.010335981859951326 -0.03611407260766031
v -0.029499463528834813 -1.049468247196373e-16 -0.03756400096021961
v -0.03201585158780995 -0.0033680197408134105 -0.0373315409272057
v -0.03201585158780995 -1.1430139604705986e-16 -0.037483156077229296
v -0.029499463528834813 -0.0033752841168450953 -0.037412061560913035
v -0.03201585158780995 -0.023625380684523245 -0.029100549172729195
v -0.03201585158780995 -0.020510987302344574 -0.03137353283171551
v -0.029499463528834813 -0.02367633741301778 -0.02916331429717034
v -0.03201585158780995 -0.01721567807905333 -0.03329590383366776
v -0.029499463528834813 -0.02055522634863527 -0.031441201749724534
v -0.029499463528834813 -0.02656157238282275 -0.02656221515934254
v -0.03201585158780995 -0.026504405326884806 -0.026505048103404594
v -0.03201585158780995 -0.03603620700337595 -0.010314236177155767
v -0.03201585158780995 -0.03485130094123656 -0.0137978617546064
v -0.029499463528834813 -0.036113931463854776 -0.01033648253899122
v -0.03201585158780995 -0.03733152566841591 -0.0033682073762440756
v -0.03201585158780995 -0.036857358775777005 -0.0068208764454952275
v -0.029499463528834813 -0.03693685325587115 -0.006835587826198863
v -0.03201585158780995 -0.02909998650485579 -0.023626074959458565
v -0.029499463528834813 -0.02916274972194821 -0.023677033595301822
v -0.03201585158780995 -0.03137307125332445 -0.020511693021372235
v -0.03201585158780995 -0.0332955566962001 -0.01721635518785014
v -0.029499463528834813 -0.03144073826398475 -0.020555933975011653
v -0.029499463528834813 -0.03756400096021961 5.467274706435438e-17
v -0.029499463528834813 -0.0374120424874258 -0.0033754722291129413
v -0.029499463528834813 -0.033367368375636364 -0.017253489360146146
v -0.029499463528834813 -0.006835230198313225 -0.03693692192042519
v -0.03201585158780995 -0.013797254264037995 -0.03485154126717571
v -0.029499463528834813 -0.013827012718820586 -0.03492671369506262
v -0.029499463528834813 -0.017252810344000613 -0.03336771932780147
v -0.029499463528834813 -0.03492647336912347 -0.013827622116737714
v -0.03201585158780995 -0.037483156077229296 -1.2082893040424016e-16
v -0.03201585158780995 -0.037331533297810804 0.003368027847045485
v -0.029499463528834813 -0.036936883773450724 0.006835260239055618
v -0.03201585158780995 -0.03685738929335658 0.006820549335189163
v -0.029499463528834813 -0.036113992499013925 0.010336043848784837
v -0.03201585158780995 -0.0360362680385351 0.010313798440623745
v -0.03201585158780995 -0.03137323337796594 0.02051114751963734
v -0.03201585158780995 -0.03329568639591329 0.01721581159346397
v -0.029499463528834813 -0.031440900388626236 0.02055538847327676
v -0.03201585158780995 -0.029100167702984514 0.023625563790000692
v -0.029499463528834813 -0.02916293282742566 0.023676520518495225
v -0.03201585158780995 -0.03485140012337018 0.013797351538822888
v -0.029499463528834813 -0.033367501890047 0.017252941951062528
v -0.029499463528834813 -0.02656176121034637 0.02656176121034637
v -0.03201585158780995 -0.026504594154408423 0.026504594154408423
v -0.03201585158780995 -0.010313798440623745 0.0360362680385351
v -0.03201585158780995 -0.013797351538822888 0.03485140012337018
v -0.029499463528834813 -0.010336043848784837 0.036113992499013925
v -0.03201585158780995 -0.003368027847045485 0.037331533297810804
v -0.03201585158780995 -0.006820549335189163 0.03685738929335658
v -0.029499463528834813 -0.006835260239055618 0.036936883773450724
v -0.03201585158780995 -0.023625563790000692 0.029100167702984514
v -0.029499463528834813 -0.023676520518495225 0.02916293282742566
v -0.03201585158780995 -0.02051114751963734 0.03137323337796594
v -0.029499463528834813 -0.02055538847327676 0.031440900388626236
v -0.03201585158780995 -0.01721581159346397 0.03329568639591329
v -0.029499463528834813 -1.0954708797973048e-16 0.03756400096021961
v -0.03201585158780995 -1.188917591855953e-16 0.037483156077229296
v -0.029499463528834813 -0.017252941951062528 0.033367501890047
v -0.029499463528834813 -0.037412050116820694 0.00337529222307717
v -0.029499463528834813 -0.03492656873655964 0.01382710999360548
v -0.029499463528834813 -0.01382710999360548 0.03492656873655964
v -0.029499463528834813 -0.00337529222307717 0.037412050116820694
v -0.03249946367132717 -0.017010035369090515 -0.03283960879856718
v -0.03249946367132717 -0.013613813093215632 -0.03438617106684916
v -0.03201585158780995 -0.01721567807905333 -0.03329590383366776
v -0.03201585158780995 -0.013797254264037995 -0.03485154126717571
v -0.03249946367132717 -0.010216054447944045 -0.035544553537640855
v -0.03201585158780995 -0.0033680197408134105 -0.0373315409272057
v -0.03249946367132717 -0.003377193134498635 -0.03682902701783952
v -0.03249946367132717 -1.1615851248399142e-16 -0.03698342308230185
v -0.03249946367132717 -0.006729850135019366 -0.03636583119505765
v -0.03201585158780995 -0.010313736451790234 -0.036036348147181485
v -0.03201585158780995 -0.00682051929444677 -0.0368574236256336
v -0.03249946367132717 -0.02023773480218316 -0.03095423654715157
v -0.03201585158780995 -0.020510987302344574 -0.03137353283171551
v -0.03201585158780995 -0.023625380684523245 -0.029100549172729195
v -0.03249946367132717 -0.023318585549712 -0.028705808095630392
v -0.03249946367132717 -0.02870787375429784 -0.023316102181674125
v -0.03249946367132717 -0.026150765707426693 -0.026150790502960097
v -0.03201585158780995 -0.026504405326884806 -0.026505048103404594
v -0.03249946367132717 -0.030954417745280294 -0.020237744338926777
v -0.03201585158780995 -0.02909998650485579 -0.023626074959458565
v -0.03249946367132717 -0.03438648005734235 -0.013613598516484249
v -0.03201585158780995 -0.03485130094123656 -0.0137978617546064
v -0.03249946367132717 -0.03554441239383532 -0.010216621884189259
v -0.03249946367132717 -0.03284060824929824 -0.017008322569936896
v -0.03201585158780995 -0.0332955566962001 -0.01721635518785014
v -0.03201585158780995 -0.03603620700337595 -0.010314236177155767
v -0.03249946367132717 -0.03636602192992999 -0.006729626975218728
v -0.03201585158780995 -0.03137307125332445 -0.020511693021372235
v -0.03249946367132717 -0.03682906897951144 -0.0033778785879461093
v -0.03201585158780995 -0.036857358775777005 -0.0068208764454952275
v -0.03201585158780995 -1.1430139604705986e-16 -0.037483156077229296
v -0.03201585158780995 -0.03733152566841591 -0.0033682073762440756
v -0.03201585158780995 -0.037483156077229296 -1.2082893040424016e-16
v -0.03249946367132717 -0.03698342308230185 9.173551243593026e-14
v -0.03201585158780995 -0.03485140012337018 0.013797351538822888
v -0.03249946367132717 -0.034386079514110435 0.01361377876093861
v -0.03249946367132717 -0.03554449631717915 0.010216030606085003
v -0.03201585158780995 -0.0360362680385351 0.010313798440623745
v -0.03249946367132717 -0.03636580067747808 0.006729846320321919
v -0.03249946367132717 -0.036829023203142075 0.003377154033849805
v -0.03201585158780995 -0.03685738929335658 0.006820549335189163
v -0.03249946367132717 -0.03095410303274093 0.020237647064141884
v -0.03249946367132717 -0.03283948672824888 0.017009980055977536
v -0.03201585158780995 -0.03137323337796594 0.02051114751963734
v -0.03201585158780995 -0.03329568639591329 0.01721581159346397
v -0.03201585158780995 -0.029100167702984514 0.023625563790000692
v -0.03249946367132717 -0.028705657415081243 0.023318486367578384
v -0.03201585158780995 -0.037331533297810804 0.003368027847045485
v -0.03249946367132717 -0.023315974389309657 0.028707747869282096
v -0.03249946367132717 -0.026150658895898182 0.0261506360077135
v -0.03201585158780995 -0.026504594154408423 0.026504594154408423
v -0.03249946367132717 -0.0202376566008855 0.03095428613821838
v -0.03201585158780995 -0.023625563790000692 0.029100167702984514
v -0.03201585158780995 -0.02051114751963734 0.03137323337796594
v -0.03249946367132717 -0.017008250090685406 0.03284050143776973
v -0.03249946367132717 -0.013613561323184142 0.03438639231930107
v -0.03201585158780995 -0.01721581159346397 0.03329568639591329
v -0.03201585158780995 -0.010313798440623745 0.0360362680385351
v -0.03249946367132717 -0.006729620776335377 0.03636599141235042
v -0.03249946367132717 -0.010216603764376386 0.03554435517337362
v -0.03201585158780995 -0.013797351538822888 0.03485140012337018
v -0.03249946367132717 -0.003378628175994408 0.03682906516481399
v -0.03201585158780995 -0.006820549335189163 0.03685738929335658
v -0.03201585158780995 -0.003368027847045485 0.037331533297810804
v -0.03249946367132717 -1.2068767240698306e-16 0.03698342308230185
v -0.03201585158780995 -1.188917591855953e-16 0.037483156077229296
v -0.03249946367132717 -0.034386079514110435 0.01361377876093861
v -0.03249946367132717 -0.03283948672824888 0.017009980055977536
v -0.03249946367132717 -0.03095410303274093 0.020237647064141884
v -0.03249946367132717 -0.028705657415081243 0.023318486367578384
v -0.03249946367132717 -0.026150658895898182 0.0261506360077135
v -0.03249946367132717 -0.030954417745280294 -0.020237744338926777
v -0.03249946367132717 -0.03698342308230185 9.173551243593026e-14
v -0.03249946367132717 -0.03636580067747808 0.006729846320321919
v -0.03249946367132717 -0.03554449631717915 0.010216030606085003
v -0.03249946367132717 -0.036829023203142075 0.003377154033849805
v -0.03249946367132717 -0.026150765707426693 -0.026150790502960097
v -0.03249946367132717 -0.013613561323184142 0.03438639231930107
v -0.03249946367132717 -0.010216603764376386 0.03554435517337362
v -0.03249946367132717 -0.006729620776335377 0.03636599141235042
v -0.03249946367132717 -0.003378628175994408 0.03682906516481399
v -0.03249946367132717 -1.2068767240698306e-16 0.03698342308230185
v -0.03249946367132717 0.013613813093215632 0.03438617106684916
v -0.03249946367132717 -0.0202376566008855 0.03095428613821838
v -0.03249946367132717 -0.017008250090685406 0.03284050143776973
v -0.03249946367132717 0.02023773480218316 0.03095423654715157
v -0.03249946367132717 -0.023315974389309657 0.028707747869282096
v -0.03249946367132717 0.026150658895898182 -0.0261506360077135
v -0.03249946367132717 -0.03682906897951144 -0.0033778785879461093
v -0.03249946367132717 -0.03636602192992999 -0.006729626975218728
v -0.03249946367132717 -0.03438648005734235 -0.013613598516484249
v -0.03249946367132717 -0.03554441239383532 -0.010216621884189259
v -0.03249946367132717 -0.03284060824929824 -0.017008322569936896
v -0.03249946367132717 -0.02870787375429784 -0.023316102181674125
v -0.03249946367132717 -0.023318585549712 -0.028705808095630392
v -0.03249946367132717 -0.02023773480218316 -0.03095423654715157
v -0.03249946367132717 -0.013613813093215632 -0.03438617106684916
v -0.03249946367132717 -0.017010035369090515 -0.03283960879856718
v -0.03249946367132717 -0.010216054447944045 -0.035544553537640855
v -0.03249946367132717 -0.006729850135019366 -0.03636583119505765
v -0.03249946367132717 0.0202376566008855 -0.03095428613821838
v -0.03249946367132717 0.013613561323184142 -0.03438639231930107
v -0.03249946367132717 -1.1615851248399142e-16 -0.03698342308230185
v -0.03249946367132717 -0.003377193134498635 -0.03682902701783952
v -0.03249946367132717 0.006729850135019366 0.03636583119505765
v -0.03249946367132717 0.010216054447944045 0.035544553537640855
v -0.03249946367132717 0.026150765707426693 0.026150790502960097
v -0.03249946367132717 0.023318585549712 0.028705808095630392
v -0.03249946367132717 0.017010035369090515 0.03283960879856718
v -0.03249946367132717 0.03095410303274093 -0.020237647064141884
v -0.03249946367132717 0.030954417745280294 0.020237744338926777
v -0.03249946367132717 0.03284060824929824 0.017008322569936896
v -0.03249946367132717 0.03438648005734235 0.013613598516484249
v -0.03249946367132717 0.034386079514110435 -0.01361377876093861
v -0.03249946367132717 0.03636602192992999 0.006729626975218728
v -0.03249946367132717 0.03698342308230185 -9.152747744791609e-14
v -0.03249946367132717 0.03682906897951144 0.0033778785879461093
v -0.03249946367132717 0.03554441239383532 0.010216621884189259
v -0.03249946367132717 0.02870787375429784 0.023316102181674125
v -0.03249946367132717 0.017008250090685406 -0.03284050143776973
v -0.03249946367132717 0.023315974389309657 -0.028707747869282096
v -0.03249946367132717 0.003378628175994408 -0.03682906516481399
v -0.03249946367132717 0.006729620776335377 -0.03636599141235042
v -0.03249946367132717 0.010216603764376386 -0.03554435517337362
v -0.03249946367132717 0.03554449631717915 -0.010216030606085003
v -0.03249946367132717 0.03636580067747808 -0.006729846320321919
v -0.03249946367132717 0.028705657415081243 -0.023318486367578384
v -0.03249946367132717 0.03283948672824888 -0.017009980055977536
v -0.03249946367132717 0.036829023203142075 -0.003377154033849805
v -0.03249946367132717 0.003377193134498635 0.03682902701783952
v -0.03249946367132717 0.017010035369090515 0.03283960879856718
v -0.03249946367132717 0.013613813093215632 0.03438617106684916
v -0.03201585158780995 0.01721567807905333 0.03329590383366776
v -0.03201585158780995 0.013797254264037995 0.03485154126717571
v -0.03249946367132717 0.010216054447944045 0.035544553537640855
v -0.03201585158780995 0.0033680197408134105 0.0373315409272057
v -0.03249946367132717 0.003377193134498635 0.03682902701783952
v -0.03249946367132717 -1.2068767240698306e-16 0.03698342308230185
v -0.03249946367132717 0.006729850135019366 0.03636583119505765
v -0.03201585158780995 0.010313736451790234 0.036036348147181485
v -0.03201585158780995 0.00682051929444677 0.0368574236256336
v -0.03249946367132717 0.02023773480218316 0.03095423654715157
v -0.03201585158780995 0.020510987302344574 0.03137353283171551
v -0.03201585158780995 0.023625380684523245 0.029100549172729195
v -0.03249946367132717 0.023318585549712 0.028705808095630392
v -0.03249946367132717 0.02870787375429784 0.023316102181674125
v -0.03249946367132717 0.026150765707426693 0.026150790502960097
v -0.03201585158780995 0.026504405326884806 0.026505048103404594
v -0.03249946367132717 0.030954417745280294 0.020237744338926777
v -0.03201585158780995 0.02909998650485579 0.023626074959458565
v -0.03249946367132717 0.03438648005734235 0.013613598516484249
v -0.03201585158780995 0.03485130094123656 0.0137978617546064
v -0.03249946367132717 0.03554441239383532 0.010216621884189259
v -0.03249946367132717 0.03284060824929824 0.017008322569936896
v -0.03201585158780995 0.0332955566962001 0.01721635518785014
v -0.03201585158780995 0.03603620700337595 0.010314236177155767
v -0.03249946367132717 0.03636602192992999 0.006729626975218728
v -0.03201585158780995 0.03137307125332445 0.020511693021372235
v -0.03249946367132717 0.03682906897951144 0.0033778785879461093
v -0.03201585158780995 0.036857358775777005 0.0068208764454952275
v -0.03201585158780995 -1.188917591855953e-16 0.037483156077229296
v -0.03201585158780995 0.03733152566841591 0.0033682073762440756
v -0.03201585158780995 0.037483156077229296 2.4709114374231475e-17
v -0.03249946367132717 0.03698342308230185 -9.152747744791609e-14
v -0.03201585158780995 0.03485140012337018 -0.013797351538822888
v -0.03249946367132717 0.034386079514110435 -0.01361377876093861
v -0.03249946367132717 0.03554449631717915 -0.010216030606085003
v -0.03201585158780995 0.0360362680385351 -0.010313798440623745
v -0.03249946367132717 0.03636580067747808 -0.006729846320321919
v -0.03249946367132717 0.036829023203142075 -0.003377154033849805
v -0.03201585158780995 0.03685738929335658 -0.006820549335189163
v -0.03249946367132717 0.03095410303274093 -0.020237647064141884
v -0.03249946367132717 0.03283948672824888 -0.017009980055977536
v -0.03201585158780995 0.03137323337796594 -0.02051114751963734
v -0.03201585158780995 0.03329568639591329 -0.01721581159346397
v -0.03201585158780995 0.029100167702984514 -0.023625563790000692
v -0.03249946367132717 0.028705657415081243 -0.023318486367578384
v -0.03201585158780995 0.037331533297810804 -0.003368027847045485
v -0.03249946367132717 0.023315974389309657 -0.028707747869282096
v -0.03249946367132717 0.026150658895898182 -0.0261506360077135
v -0.03201585158780995 0.026504594154408423 -0.026504594154408423
v -0.03249946367132717 0.0202376566008855 -0.03095428613821838
v -0.03201585158780995 0.023625563790000692 -0.029100167702984514
v -0.03201585158780995 0.02051114751963734 -0.03137323337796594
v -0.03249946367132717 0.017008250090685406 -0.03284050143776973
v -0.03249946367132717 0.013613561323184142 -0.03438639231930107
v -0.03201585158780995 0.01721581159346397 -0.03329568639591329
v -0.03201585158780995 0.010313798440623745 -0.0360362680385351
v -0.03249946367132717 0.006729620776335377 -0.03636599141235042
v -0.03249946367132717 0.010216603764376386 -0.03554435517337362
v -0.03201585158780995 0.013797351538822888 -0.03485140012337018
v -0.03201585158780995 -1.1430139604705986e-16 -0.037483156077229296
v -0.03249946367132717 -1.1615851248399142e-16 -0.03698342308230185
v -0.03201585158780995 0.003368027847045485 -0.037331533297810804
v -0.03249946367132717 0.003378628175994408 -0.03682906516481399
v -0.03201585158780995 0.006820549335189163 -0.03685738929335658
v 0.03000000142492354 0.0035154136896935195 -0.03633031636182782
v 0.025000001187436283 0.003577625683004876 -0.03632424336349249
v 0.03000000142492354 0.01373662155546962 -0.033816495594234386
v 0.025000001187436283 0.013967945762318745 -0.0337216049952449
v 0.025000001187436283 0.010595390823078255 -0.03492832349738517
v 0.025000001187436283 0.007120797018670133 -0.03579866579336288
v 0.03000000142492354 0.010415803450351535 -0.034982297651560135
v 0.025000001187436283 0.017205981118143532 -0.03219012604066762
v 0.03000000142492354 0.019965409273501322 -0.030555402299692336
v 0.025000001187436283 0.020278313646273638 -0.030348641883377603
v 0.03000000142492354 0.016929718821696582 -0.032336274729249936
v 0.03000000142492354 0.022815465103451782 -0.028490430277783307
v 0.025000001187436283 0.02315535655331158 -0.028214883237107635
v 0.03000000142492354 0.00699814209798838 -0.035822843345780786
v 0.025000001187436283 0.030348641883377603 -0.020278313646273638
v 0.03000000142492354 0.03186030920676486 -0.017809288870798134
v 0.025000001187436283 0.03219012604066762 -0.017205981118143532
v 0.025000001187436283 0.028214883237107635 -0.02315535655331158
v 0.025000001187436283 0.02580939796965498 -0.02580939796965498
v 0.03000000142492354 0.027854655635158876 -0.023587460684553196
v 0.03000000142492354 0.03468380139104443 -0.011370312277121375
v 0.025000001187436283 0.03492832349738517 -0.010595390823078255
v 0.025000001187436283 0.0337216049952449 -0.013967945762318745
v 0.03000000142492354 0.03561766602890648 -0.007976962945261123
v 0.025000001187436283 0.03579866579336288 -0.007120797018670133
v 0.03000000142492354 0.03622036915201576 -0.004509445404616841
v 0.025000001187436283 0.03632424336349249 -0.003577625683004876
v 0.03000000142492354 0.0299969344081763 -0.020795048747721534
v 0.03000000142492354 0.03342745748981857 -0.014657944421800906
v 0.03000000142492354 0.025453389423082395 -0.026160563757818833
v 0.02650000125868246 0.03648629934042802 -0.0010000000474974513
v 0.025000001187436283 0.03650000173365697 -1.0339608858460937e-17
v 0.03000000142492354 0.03648629934042802 -0.0010000000474974513
v 0.025000001187436283 0.03219012604066762 0.017205981118143532
v 0.03000000142492354 0.03186030920676486 0.017809288870798134
v 0.025000001187436283 0.030348641883377603 0.020278313646273638
v 0.025000001187436283 0.03579866579336288 0.007120797018670133
v 0.025000001187436283 0.03632424336349249 0.003577625683004876
v 0.03000000142492354 0.03622036915201576 0.004509445404616841
v 0.02650000125868246 0.03648629934042802 0.0010000000474974513
v 0.025000001187436283 0.0337216049952449 0.013967945762318745
v 0.025000001187436283 0.03492832349738517 0.010595390823078255
v 0.03000000142492354 0.03468380139104443 0.011370312277121375
v 0.03000000142492354 0.03342745748981857 0.014657944421800906
v 0.03000000142492354 0.03561766602890648 0.007976962945261123
v 0.03000000142492354 0.0299969344081763 0.020795048747721534
v 0.025000001187436283 0.028214883237107635 0.02315535655331158
v 0.025000001187436283 0.013967945762318745 0.0337216049952449
v 0.025000001187436283 0.017205981118143532 0.03219012604066762
v 0.03000000142492354 0.016929718821696582 0.032336274729249936
v 0.025000001187436283 0.020278313646273638 0.030348641883377603
v 0.025000001187436283 0.02315535655331158 0.028214883237107635
v 0.03000000142492354 0.022815465103451782 0.028490430277783307
v 0.025000001187436283 0.003577625683004876 0.03632424336349249
v 0.025000001187436283 0.007120797018670133 0.03579866579336288
v 0.03000000142492354 0.00699814209798838 0.035822843345780786
v 0.03000000142492354 0.0035154136896935195 0.03633031636182782
v 0.03000000142492354 0.019965409273501322 0.030555402299692336
v 0.025000001187436283 0.010595390823078255 0.03492832349738517
v 0.03000000142492354 0.01373662155546962 0.033816495594234386
v 0.03000000142492354 0.025453389423082395 0.026160563757818833
v 0.025000001187436283 0.02580939796965498 0.02580939796965498
v 0.03000000142492354 0.027854655635158876 0.023587460684553196
v 0.03000000142492354 0.010415803450351535 0.034982297651560135
v 0.03000000142492354 0.03648629934042802 0.0010000000474974513
v 0.001728846751312893 0.035553354044650654 -0.014212053020312143
v 0.0003071797337999248 0.03549056793937355 -0.01430995818395897
v 0.0002978385530316881 0.03567448213267932 -0.014082501126646552
v 0.0016958897919304439 0.03573723772037685 -0.013984231659393553
v 0.0031357716619263842 0.035668813492273355 -0.013976048179695777
v 0.005719088826024454 0.03621753483181278 -0.012883454934746186
v 0.0070811184431771035 0.03626944523466902 -0.012494125959650049
v 0.005816531934443037 0.03603317050420829 -0.013114055302754779
v 0.00696154818221828 0.03645385533864287 -0.012262179957117092
v 0.008279329693173798 0.03653062993945744 -0.011754742227021442
v 0.003084677365905175 0.03585311297002125 -0.013746959385550483
v 0.004496867870297516 0.03583035829975101 -0.013609851529917116
v 0.0030247451311554707 0.036134725379637356 -0.013669342690274533
v 0.0044268486218240755 0.036015313905459756 -0.013378624597852884
v 0.0016512226650606393 0.036017038148705716 -0.0139022347377743
v 0.005612844256921712 0.03650352651409783 -0.01282559932591909
v 0.008129509358298925 0.03671277029845044 -0.0115275521985303
v 0.009393057315653097 0.03680502875620162 -0.010909060996363018
v 0.004302951540286204 0.03629325276143458 -0.013322335876002067
v 0.010326231493277271 0.03714811501517312 -0.009828076829418442
v 0.010417277830914728 0.037083909842445806 -0.009961781974929251
v 0.012889743463487258 0.03785762585209573 -0.006564764811473889
v 0.01274300540414941 0.03790559567248941 -0.006469274828148075
v 0.013478651686954501 0.038062280555419825 -0.005287850154266083
v 0.012049152946571606 0.037674371601448264 -0.007664063817697797
v 0.012174219709714107 0.037619436143516705 -0.0077824381710070445
v 0.011350942197160818 0.037359567509347436 -0.00891296047583312
v 0.011243803558343979 0.037419771064453045 -0.008783832013584125
v 0.013772844015075836 0.038268518358184345 -0.00388041776968287
v 0.014267457686029661 0.03834815398208402 -0.0025757702620367307
v 0.013941497511245626 0.038228353408766846 -0.00394941730184506
v 0.014501558992620067 0.03843556014468286 0.0002678497262860978
v 0.014456659049996712 0.038418645776203686 -0.0011591035678184397
v 0.014272472105823497 0.03845301238550203 -0.0011416037624904785
v 0.01408957739041039 0.0383848704450096 -0.0025283738383530263
v 0.013322664893656855 0.038107026956470946 -0.005198275336168734
v 0.009212293108764036 0.03698393806645717 -0.010689805538561248
v 0.011911497681854621 0.03778635204499947 -0.007599188211894203
v 0.011116964868237433 0.037531854504835316 -0.008711063798763075
v 0.013166878371975166 0.038218633559672366 -0.005152543789501973
v 0.013922148412121027 0.038496084134374 -0.002505542158878077
v 0.01361030738626201 0.03837991133832874 -0.0038457753100754055
v 0.012595641734430285 0.03801740826935296 -0.006413390941063801
v 0.014145437912472802 0.03858056060933368 0.0002626507108986244
v 0.014316431725526213 0.03846949569316971 0.0002650640136732385
v 0.014102173521379768 0.038564107819245574 -0.001131226712551489
v 0.007985496423449645 0.037005884020868685 -0.011499211857523561
v 0.010125984672852972 0.0374128817208641 -0.009708796008628395
v 0.010211205967489145 0.037260221343740074 -0.009748443112867489
v 0.01102501921567689 0.03768775737478913 -0.008676648552072286
v 0.011813837612518752 0.037945444002018824 -0.007570057274841613
v 0.01172996099873258 0.03810226621405732 -0.007642514114983567
v 0.012493227598401324 0.03817952909614508 -0.006389538114766058
v 0.010041146755310204 0.03756321131784812 -0.009755788312801328
v 0.00028900839270970535 0.03595423678463883 -0.01399701757156091
v 0.012441763515146365 0.03835043898585466 -0.006418920345012957
v 0.013060635233383966 0.03838350478332364 -0.0051339261586128004
v 0.01298662151984653 0.038548963470381725 -0.005229500542119625
v 0.013501183197424105 0.03854706375105321 -0.00383221191488467
v 0.013811073005539076 0.03866493027276485 -0.0024968823188366296
v 0.01398999089886388 0.038733964852459835 -0.001127362900875048
v 0.01344192282626222 0.03872001068919939 -0.003913402743249694
v 0.013755093274181451 0.038840650495954865 -0.0026071883486272762
v 0.013945738501132121 0.038915063799049854 -0.0012314216483407664
v 0.013999276826123785 0.03893621248169499 0.00014232098242116138
v 0.014032991122158722 0.038750665597881984 0.00026175613454502283
v 0.014221096714284176 0.03843374816339562 0.001656918127558027
v 0.01440354224907292 0.03839878264659813 0.0016839706505485802
v 0.013821819961921111 0.0384584941057331 0.003005891942698957
v 0.01398766774811877 0.038347223195907 0.0030331841955821837
v 0.014163401322749847 0.03830968275833291 0.0030850347553722235
v 0.014051624011837682 0.038544881744113635 0.001641891557477848
v 0.013616662672208402 0.038212037947786825 0.004387438982501046
v 0.013785392462327128 0.03817181959260507 0.004451486322121501
v 0.013270605717600192 0.037989148990666965 0.005777892387167083
v 0.013118258145666806 0.038035165685967876 0.005685634406253082
v 0.013456483526416707 0.03832351103657761 0.00434846231133823
v 0.01393973607469956 0.03871444886032194 0.0016362574877674951
v 0.013348354019938058 0.0384898585481408 0.004333000388911934
v 0.013711370165720438 0.03862679092769161 0.0029954358569972417
v 0.012352861037474017 0.03793419445924817 0.006865426389627838
v 0.012496734259029307 0.03782231319783058 0.006924805970084935
v 0.012252114877903675 0.03809520902378072 0.006839602318424454
v 0.012965476651898844 0.03814685239781568 0.005635942249962167
v 0.01161907632702297 0.03769098079413169 0.008035383606147528
v 0.011752696595515588 0.03757895457421112 0.00810342159613453
v 0.012860567703739667 0.03831073180013078 0.005615360049887885
v 0.01263419783519959 0.037771253472504984 0.007032191133724275
v 0.010903025191327798 0.03731657586912185 0.009196286638277207
v 0.009843900194427824 0.03715583596280547 0.010116065505816896
v 0.010042139530320737 0.036978948442196735 0.010330255045409298
v 0.0066103099148029365 0.03617679004838337 0.012742835650113027
v 0.007829050912784019 0.03642839223318539 0.01205148372671161
v 0.006497236083596036 0.03636083775609977 0.01251246797864869
v 0.005238975296903148 0.03613726978283438 0.01308434834638772
v 0.005330634370317999 0.03595333651604138 0.01331356397922312
v 0.003913981623587248 0.03594764880214818 0.013536059068831596
v 0.00398421401828053 0.035763814717488795 0.013764448819669761
v 0.01187343653807904 0.03752276408081956 0.008222762498409364
v 0.01078062490170062 0.03742867075359646 0.009120756582504663
v 0.01101101069297783 0.03725688348347411 0.009319169487131407
v 0.0025566047452267593 0.0358028962928314 0.013853944482795089
v 0.00260191643675578 0.035618928693761376 0.014082153989178892
v 0.008977501341935756 0.036699354007529994 0.011244079170234511
v 0.007686510451149209 0.03661049825990137 0.01182503947157132
v 0.001174107488132528 0.035707597521215106 0.01403729505455309
v 0.0011880173055351523 0.035523233193610615 0.014265742025852957
v 0.008807512701659581 0.03687926276851661 0.011022192524868801
v -0.00023570374773898214 0.03548100449287439 0.014310950958969504
v -0.00023380662121263995 0.03566497972133931 0.014083599759511234
v 0.011523496221469975 0.0378488634920604 0.008004218481681424
v 0.013918773358554959 0.03890447801363495 0.0015059066534053867
v 0.013362664857409778 0.03868987076467212 0.004176026542649924
v 0.013702270204961065 0.03882016557066548 0.0028719016485539983
v 0.011572085930198761 0.03804890241147385 0.007879520313679722
v 0.010691159756154867 0.037583330032182616 0.009084299519005468
v 0.01231115208926492 0.038303964526860135 0.006665999729154604
v 0.012878053323161498 0.038508897703097844 0.0054914252982127265
v 0.009844527712157825 0.03750520502847188 0.009954159255756156
v 0.007743918786700665 0.0369478090669384 0.011663264828572495
v 0.004032981110440592 0.03625601368495879 0.013406531017025047
v 0.0013632925204261348 0.03599939135831676 0.013933464712096999
v 0.002736423622404782 0.03610558490584115 0.013729967769448015
v 0.005358780638592131 0.03645903951247309 0.012933811802067208
v -0.0002352935187518307 0.03594464663525754 0.013998023698012507
v -1.3360435625998012e-16 0.03594800738370818 0.014000000664964318
v -0.003752457320108371 -0.035610048078105194 0.013822907150693453
v -0.005103319410485474 -0.03574755266227303 0.01339336935715918
v -0.0036788145858976384 -0.03579311159388032 0.013599912335719444
v -0.002366566055170133 -0.035519571084061674 0.014119481757370322
v 0.0018962293571864186 -0.03556431367041535 0.014191331583781053
v 0.0004941752787706796 -0.035680017258674646 0.014077059460738672
v 0.0018943428700896742 -0.035750539570373885 0.013958970732900755
v 0.0004745360242215321 -0.035495149391007175 0.014305603706823433
v 0.003301629700123432 -0.035685884263347845 0.013938861555309878
v -0.0023054407737939375 -0.035702485826636376 0.013896659557455782
v -0.0049990198602434255 -0.03592917422241326 0.013175052314929325
v -0.002519435763816552 -0.03599603442456356 0.013771436391717962
v -0.004936302419520366 -0.03621568851824852 0.013100875523076039
v -0.000905834479441453 -0.03566401460288526 0.01405659456261088
v 0.0032779337532581887 -0.03587343767801787 0.013702552492572129
v 0.0046596581764915546 -0.03585284975589742 0.013556526827982474
v 1.3386592004651586e-16 -0.03594789675748222 0.014000000664964318
v -0.0009507327531346754 -0.035480268256267156 0.014281741820619254
v 0.005975715444201113 -0.036060674472799814 0.013044195794736924
v 0.004613978605077507 -0.036041818423320215 0.013315783179462803
v 0.008420777720827277 -0.036563806363152374 0.011656467991396635
v 0.008291416562034026 -0.03675143225707389 0.011412641113665578
v 0.009527873491795291 -0.03684029563409741 0.010794576203937978
v 0.00723263727209017 -0.03630054264825544 0.012409246080435365
v 0.007137769084448187 -0.03649065572491228 0.012161308866205367
v 0.013545682596815545 -0.03808604993521092 0.005118225817596078
v 0.01297146000484417 -0.03788556088149875 0.006406012839364483
v 0.012837047232956977 -0.03793776501605839 0.006284130871752891
v 0.012269172297537101 -0.03765038859860015 0.007635766868874516
v 0.012157360654347915 -0.03770971477329299 0.0074944266064239096
v 0.010543455624688614 -0.037119977806805426 0.009831609239254191
v 0.010470386048769265 -0.03718947777958892 0.009677137834517291
v 0.011368541303831692 -0.03745816980895267 0.008625047139709241
v 0.011461801119662662 -0.03739365183103471 0.008773643910378048
v 0.011240050849730676 -0.037570234175847705 0.00855337660407851
v 0.009363673654894655 -0.037024247974377644 0.010558376813751824
v 0.013398003260882696 -0.03813375272678332 0.005004642724280028
v 0.01324109903284909 -0.03824532499770772 0.004960506197983217
v 0.013991014191453988 -0.03824640074238772 0.0037749311332790914
v 0.013827413262052501 -0.03828840437597458 0.0036850706897104124
v 0.01429921408860002 -0.038359941397194675 0.0023980423158967423
v 0.012688337928713489 -0.03804955091003981 0.006229689893977874
v 0.012018216703952311 -0.03782167232865952 0.007430792684639254
v 0.0059029238643582005 -0.03624992924253112 0.012800971639202463
v 0.013664042168172186 -0.03839977065323685 0.003652112419025716
v 0.0024468921393076826 -0.03607851962745601 0.013784511267216915
v 0.00479964851288317 -0.036367204486138505 0.013151554732331316
v 0.007001276348778118 -0.03677881415534712 0.01212361965543085
v 0.008972349593033835 -0.037259610992148584 0.010746951613663236
v 0.01026724673400592 -0.03745472895185564 0.009559593654739906
v 0.010353537097601562 -0.03730158410815587 0.009598466375397297
v 0.011147212557967578 -0.03772661769767982 0.008519720482179638
v 0.011919804185545058 -0.03798122204937249 0.007402433270145281
v 0.01313436856665906 -0.03841057006170878 0.004942654367606492
v 0.012585293413931442 -0.03821210279764342 0.0062066233721913555
v 0.01355457656391279 -0.038567209168269834 0.003639271670582561
v 0.012074703790070362 -0.03822101011618173 0.007085305550462162
v 0.010685006649173157 -0.037760274773253055 0.009046029520544674
v 0.013119777348925 -0.038598512575518384 0.004885843032205461
v 0.013767288861918914 -0.03884538835018381 0.0025420008913074055
v 0.013845816316210291 -0.03867827789913125 0.0022968610423988733
v 0.013957108206872348 -0.03850923721117061 0.002304808964529309
v 0.014125092223640223 -0.038398046409990894 0.00232583867629782
v 0.014470461579033644 -0.03842379180305944 0.0009781524407544845
v 0.014288237296696815 -0.038458917537149695 0.0009281655990858034
v 0.014496932718291444 -0.03843382064264711 -0.00044998427382595546
v 0.0143110158088261 -0.03846746245943056 -0.00047154825185328694
v 0.01438027354832172 -0.03839009276581429 -0.0018677423887465683
v 0.014195262629499994 -0.03842410842294752 -0.0018613663603828101
v 0.014121055320067133 -0.03829409208986778 -0.003268727696226076
v 0.014117689803244682 -0.03857000534149835 0.0009197237928453006
v 0.014140107826465242 -0.038578531190291976 -0.0004672558231559078
v 0.014005412766966985 -0.038739950112753885 0.0009165856081488205
v 0.013775115667405413 -0.0384410723824935 -0.0032112852668161884
v 0.01394022912434456 -0.03832977095508783 -0.0032403935541026885
v 0.013914463704114421 -0.03870467942016065 -0.001838161436604549
v 0.014026196192331586 -0.038535257262455325 -0.0018444996756217247
v 0.014027694414753822 -0.038748605661260704 -0.00046566381282066305
v 0.013726042445775244 -0.038150461101600364 -0.0046267449669204486
v 0.0125422931906366 -0.03774053752866324 -0.007190709455615063
v 0.013195427567667117 -0.03796294964860225 -0.005943297191623731
v 0.012392108552155556 -0.0377873324222433 -0.0071069782771690515
v 0.011631516055397029 -0.03754051768273703 -0.00827330628590528
v 0.011765400491687839 -0.037488530985931856 -0.008372698227882003
v 0.009694192393127632 -0.037114221428358185 -0.01025838996020878
v 0.009907078259867586 -0.036941957321054986 -0.010456524391921906
v 0.010768209015185604 -0.03727649102835073 -0.009350970712396767
v 0.008832691612157273 -0.03666325171089335 -0.01135589272077242
v 0.008641644888300326 -0.03683741935222251 -0.011152061038422478
v 0.013550497698667785 -0.03818819990344169 -0.0045847017558475756
v 0.01303388085284074 -0.038005765812745285 -0.005873007576468747
v 0.012882328645325014 -0.03811748304217266 -0.005821814813569692
v 0.013391319910955879 -0.038299703509812044 -0.004544080473248002
v 0.010888350050249906 -0.037220498899226406 -0.009458414527009351
v 0.011499526570062923 -0.037652559161447385 -0.008204068573571255
v 0.006441660233330593 -0.036144986915769284 -0.012826649321391326
v 0.00767348802774015 -0.036394212544061944 -0.01214853439813035
v 0.006313084425374205 -0.036325483140162707 -0.012605605724161362
v 0.0075133265249241465 -0.0365718591894626 -0.011934892267621566
v 0.012249703035442927 -0.03789924038654302 -0.007046223498282378
v 0.00503861165136954 -0.03610555820295902 -0.01316214433244367
v 0.005150233036523566 -0.03592521456646347 -0.013382499376784485
v 0.010647548227594172 -0.03738858972752279 -0.009274421178731562
v 0.013999667832612084 -0.038935617388893284 9.649962645161964e-05
v 0.013664958649233783 -0.03860911361972308 -0.0032000822156706688
v 0.01277797568931871 -0.0382809580865584 -0.005800462998285516
v 0.013283606206498932 -0.03846571151330247 -0.004527846074588726
v 0.013801617324242788 -0.03885875505003744 -0.0023484843892722373
v 0.013179720550929863 -0.038620969699387775 -0.004721757159391049
v 0.012166329961719735 -0.038253087907011984 -0.006926790089594459
v 0.012149671177969501 -0.03805979718738195 -0.007019597386940801
v 0.011404804771435462 -0.0378099612074978 -0.008172103316315682
v 0.01055906918133842 -0.037542772168928096 -0.009237190685325025
v 0.009105567410945814 -0.03729590020896012 -0.010634315042151177
v 0.007147012573198996 -0.03681086524329524 -0.01203828201252255
v 0.010792420899880528 -0.03779422176583225 -0.008917604869974616
v 0.004966295955033118 -0.03639372426278875 -0.013089534427566663
v 0.002438629027800704 -0.04500000213738531 0.012259816752048791
v 0.004783543337099905 -0.04500000213738531 0.011548494887513305
v 0.004783543337099905 -0.041000001947395504 0.011548494887513305
v 0.006944628091692939 -0.04500000213738531 0.010393371122015549
v 0.008838835182395366 -0.04500000213738531 0.008838835182395366
v 0.008838835182395366 -0.041000001947395504 0.008838835182395366
v 0.010393371122015549 -0.04500000213738531 0.006944628091692939
v 0.011548494887513305 -0.04500000213738531 0.004783543337099905
v 0.011548494887513305 -0.041000001947395504 0.004783543337099905
v 0.010393371122015549 -0.041000001947395504 0.006944628091692939
v 0.006944628091692939 -0.041000001947395504 0.010393371122015549
v 0.002438629027800704 -0.041000001947395504 0.012259816752048791
v 0.012259816752048791 -0.041000001947395504 0.002438629027800704
v 0.012259816752048791 -0.04500000213738531 0.002438629027800704
v 0.002438629027800704 -0.04500000213738531 -0.012259816752048791
v 0.012500000593718141 -0.04500000213738531 -2.2962128319299886e-18
v 0.012259816752048791 -0.04500000213738531 -0.002438629027800704
v 0.012259816752048791 -0.041000001947395504 -0.002438629027800704
v 0.011548494887513305 -0.04500000213738531 -0.004783543337099905
v 0.010393371122015549 -0.04500000213738531 -0.006944628091692939
v 0.010393371122015549 -0.041000001947395504 -0.006944628091692939
v 0.011548494887513305 -0.041000001947395504 -0.004783543337099905
v 0.008838835182395366 -0.04500000213738531 -0.008838835182395366
v 0.006944628091692939 -0.04500000213738531 -0.010393371122015549
v 0.006944628091692939 -0.041000001947395504 -0.010393371122015549
v 0.004783543337099905 -0.04500000213738531 -0.011548494887513305
v 0.002438629027800704 -0.041000001947395504 -0.012259816752048791
v 0.004783543337099905 -0.041000001947395504 -0.011548494887513305
v 0.008838835182395366 -0.041000001947395504 -0.008838835182395366
v 0.012500000593718141 -0.041000001947395504 -2.2962128319299886e-18
v 1.4108255978473154e-16 -0.041000001947395504 0.014000000664964318
v 0.0013722400124969308 -0.041000001947395504 0.01393258637800987
v 0.002731264720945148 -0.041000001947395504 0.01373099487673557
v 0.004063985540776749 -0.041000001947395504 0.013397164981118759
v 0.0024468921393076826 -0.03607851962745601 0.013784511267216915
v 0.005357568518478406 -0.041000001947395504 0.012934314388455825
v 0.00479964851288317 -0.036367204486138505 0.013151554732331316
v 0.006599554852188827 -0.041000001947395504 0.012346898665364647
v 0.007777983558063528 -0.041000001947395504 0.011640575008158849
v 0.007001276348778118 -0.03677881415534712 0.01212361965543085
v 0.00888150638803542 -0.041000001947395504 0.010822146929734822
v 0.008972349593033835 -0.037259610992148584 0.010746951613663236
v 0.009899495595017682 -0.041000001947395504 0.009899495595017682
v 0.010822146929734822 -0.041000001947395504 0.00888150638803542
v 0.010685006649173157 -0.037760274773253055 0.009046029520544674
v 0.011640575008158849 -0.041000001947395504 0.007777983558063528
v 0.012346898665364647 -0.041000001947395504 0.006599554852188827
v 0.012074703790070362 -0.03822101011618173 0.007085305550462162
v 0.012934314388455825 -0.041000001947395504 0.005357568518478406
v 0.013397164981118759 -0.041000001947395504 0.004063985540776749
v 0.013119777348925 -0.038598512575518384 0.004885843032205461
v 0.01373099487673557 -0.041000001947395504 0.002731264720945148
v 0.013767288861918914 -0.03884538835018381 0.0025420008913074055
v 0.01393258637800987 -0.041000001947395504 0.0013722400124969308
v 0.0013722400124969308 -0.041000001947395504 -0.01393258637800987
v 0.014000000664964318 -0.041000001947395504 2.571758380231917e-18
v 0.013999667832612084 -0.038935617388893284 9.649962645161964e-05
v 0.01393258637800987 -0.041000001947395504 -0.0013722400124969308
v 0.01373099487673557 -0.041000001947395504 -0.002731264720945148
v 0.013397164981118759 -0.041000001947395504 -0.004063985540776749
v 0.013801617324242788 -0.03885875505003744 -0.0023484843892722373
v 0.012934314388455825 -0.041000001947395504 -0.005357568518478406
v 0.013179720550929863 -0.038620969699387775 -0.004721757159391049
v 0.012346898665364647 -0.041000001947395504 -0.006599554852188827
v 0.011640575008158849 -0.041000001947395504 -0.007777983558063528
v 0.012166329961719735 -0.038253087907011984 -0.006926790089594459
v 0.010822146929734822 -0.041000001947395504 -0.00888150638803542
v 0.010792420899880528 -0.03779422176583225 -0.008917604869974616
v 0.009899495595017682 -0.041000001947395504 -0.009899495595017682
v 0.00888150638803542 -0.041000001947395504 -0.010822146929734822
v 0.009105567410945814 -0.03729590020896012 -0.010634315042151177
v 0.007777983558063528 -0.041000001947395504 -0.011640575008158849
v 0.006599554852188827 -0.041000001947395504 -0.012346898665364647
v 0.007147012573198996 -0.03681086524329524 -0.01203828201252255
v 0.005357568518478406 -0.041000001947395504 -0.012934314388455825
v 0.004063985540776749 -0.041000001947395504 -0.013397164981118759
v 0.004966295955033118 -0.03639372426278875 -0.013089534427566663
v 0.002731264720945148 -0.041000001947395504 -0.01373099487673557
v 0.0025341104280572624 -0.03608649234511985 -0.013768744168994873
v 0.002438629027800704 0.04500000213738531 -0.012259816752048791
v 0.004783543337099905 0.04500000213738531 -0.011548494887513305
v 0.004783543337099905 0.041000001947395504 -0.011548494887513305
v 0.002438629027800704 0.041000001947395504 -0.012259816752048791
v 0.006944628091692939 0.04500000213738531 -0.010393371122015549
v 0.008838835182395366 0.04500000213738531 -0.008838835182395366
v 0.008838835182395366 0.041000001947395504 -0.008838835182395366
v 0.010393371122015549 0.04500000213738531 -0.006944628091692939
v 0.011548494887513305 0.04500000213738531 -0.004783543337099905
v 0.011548494887513305 0.041000001947395504 -0.004783543337099905
v 0.010393371122015549 0.041000001947395504 -0.006944628091692939
v 0.006944628091692939 0.041000001947395504 -0.010393371122015549
v 0.012259816752048791 0.041000001947395504 -0.002438629027800704
v 0.012259816752048791 0.04500000213738531 -0.002438629027800704
v 0.002438629027800704 0.041000001947395504 0.012259816752048791
v 0.012500000593718141 0.04500000213738531 2.2962128319299886e-18
v 0.012259816752048791 0.04500000213738531 0.002438629027800704
v 0.012259816752048791 0.041000001947395504 0.002438629027800704
v 0.011548494887513305 0.04500000213738531 0.004783543337099905
v 0.010393371122015549 0.04500000213738531 0.006944628091692939
v 0.011548494887513305 0.041000001947395504 0.004783543337099905
v 0.008838835182395366 0.04500000213738531 0.008838835182395366
v 0.006944628091692939 0.04500000213738531 0.010393371122015549
v 0.008838835182395366 0.041000001947395504 0.008838835182395366
v 0.004783543337099905 0.04500000213738531 0.011548494887513305
v 0.002438629027800704 0.04500000213738531 0.012259816752048791
v 0.004783543337099905 0.041000001947395504 0.011548494887513305
v 0.006944628091692939 0.041000001947395504 0.010393371122015549
v 0.010393371122015549 0.041000001947395504 0.006944628091692939
v 0.012500000593718141 0.041000001947395504 2.2962128319299886e-18
v 0.0013722400124969308 0.041000001947395504 -0.01393258637800987
v 0.00028900839270970535 0.03595423678463883 -0.01399701757156091
v 0.002731264720945148 0.041000001947395504 -0.01373099487673557
v 0.004063985540776749 0.041000001947395504 -0.013397164981118759
v 0.0030247451311554707 0.036134725379637356 -0.013669342690274533
v 0.005357568518478406 0.041000001947395504 -0.012934314388455825
v 0.006599554852188827 0.041000001947395504 -0.012346898665364647
v 0.005612844256921712 0.03650352651409783 -0.01282559932591909
v 0.004302951540286204 0.03629325276143458 -0.013322335876002067
v 0.0016512226650606393 0.036017038148705716 -0.0139022347377743
v 0.007777983558063528 0.041000001947395504 -0.011640575008158849
v 0.00888150638803542 0.041000001947395504 -0.010822146929734822
v 0.007985496423449645 0.037005884020868685 -0.011499211857523561
v 0.009899495595017682 0.041000001947395504 -0.009899495595017682
v 0.010822146929734822 0.041000001947395504 -0.00888150638803542
v 0.010041146755310204 0.03756321131784812 -0.009755788312801328
v 0.011640575008158849 0.041000001947395504 -0.007777983558063528
v 0.012346898665364647 0.041000001947395504 -0.006599554852188827
v 0.01172996099873258 0.03810226621405732 -0.007642514114983567
v 0.012934314388455825 0.041000001947395504 -0.005357568518478406
v 0.013397164981118759 0.041000001947395504 -0.004063985540776749
v 0.01298662151984653 0.038548963470381725 -0.005229500542119625
v 0.012441763515146365 0.03835043898585466 -0.006418920345012957
v 0.01344192282626222 0.03872001068919939 -0.003913402743249694
v 0.01373099487673557 0.041000001947395504 -0.002731264720945148
v 0.013755093274181451 0.038840650495954865 -0.0026071883486272762
v 0.01393258637800987 0.041000001947395504 -0.0013722400124969308
v 0.0013632925204261348 0.03599939135831676 0.013933464712096999
v 0.014000000664964318 0.041000001947395504 2.571758380231917e-18
v 0.013945738501132121 0.038915063799049854 -0.0012314216483407664
v 0.01393258637800987 0.041000001947395504 0.0013722400124969308
v 0.013999276826123785 0.03893621248169499 0.00014232098242116138
v 0.01373099487673557 0.041000001947395504 0.002731264720945148
v 0.013397164981118759 0.041000001947395504 0.004063985540776749
v 0.013702270204961065 0.03882016557066548 0.0028719016485539983
v 0.012934314388455825 0.041000001947395504 0.005357568518478406
v 0.012346898665364647 0.041000001947395504 0.006599554852188827
v 0.012878053323161498 0.038508897703097844 0.0054914252982127265
v 0.013362664857409778 0.03868987076467212 0.004176026542649924
v 0.013918773358554959 0.03890447801363495 0.0015059066534053867
v 0.011640575008158849 0.041000001947395504 0.007777983558063528
v 0.010822146929734822 0.041000001947395504 0.00888150638803542
v 0.011572085930198761 0.03804890241147385 0.007879520313679722
v 0.009899495595017682 0.041000001947395504 0.009899495595017682
v 0.00888150638803542 0.041000001947395504 0.010822146929734822
v 0.009844527712157825 0.03750520502847188 0.009954159255756156
v 0.007777983558063528 0.041000001947395504 0.011640575008158849
v 0.006599554852188827 0.041000001947395504 0.012346898665364647
v 0.007743918786700665 0.0369478090669384 0.011663264828572495
v 0.005357568518478406 0.041000001947395504 0.012934314388455825
v 0.004063985540776749 0.041000001947395504 0.013397164981118759
v 0.005358780638592131 0.03645903951247309 0.012933811802067208
v 0.01231115208926492 0.038303964526860135 0.006665999729154604
v 0.002736423622404782 0.03610558490584115 0.013729967769448015
v 0.002731264720945148 0.041000001947395504 0.01373099487673557
v 0.0013722400124969308 0.041000001947395504 0.01393258637800987
v 0.004032981110440592 0.03625601368495879 0.013406531017025047
v 0.03000000142492354 -0.016929718821696582 0.032336274729249936
v 0.03000000142492354 -0.017366415848664163 0.034360700331996785
v 0.03000000142492354 -0.020704533606703546 0.0324587799230569
v 0.03000000142492354 -0.013911698048465482 0.03589867571632599
v 0.03000000142492354 -0.01373662155546962 0.033816495594234386
v 0.03000000142492354 -0.019965409273501322 0.030555402299692336
v 0.03000000142492354 -0.022815465103451782 0.028490430277783307
v 0.03000000142492354 -0.023869706333945473 0.030207402710409337
v 0.03000000142492354 -0.02680845197218562 0.027632537246923272
v 0.03000000142492354 -0.025453389423082395 0.026160563757818833
v 0.03000000142492354 -0.006874959795384605 0.03788119686761959
v 0.03000000142492354 -0.010396679418376298 0.037069654318087064
v 0.03000000142492354 -0.00699814209798838 0.035822843345780786
v 0.03000000142492354 -0.0035154136896935195 0.03633031636182782
v 0.03000000142492354 -0.003395285052395919 0.03834999648095083
v 0.03000000142492354 1.065919863980442e-16 0.03650000173365697
v 0.03000000142492354 -0.010415803450351535 0.034982297651560135
v 0.03000000142492354 -0.03561766602890648 0.007976962945261123
v 0.03000000142492354 -0.03675907309605986 0.01144643074997509
v 0.03000000142492354 -0.03767628276486912 0.007921354670067382
v 0.03000000142492354 -0.035479142920520346 0.014949265236419151
v 0.03000000142492354 -0.03468380139104443 0.011370312277121375
v 0.03000000142492354 -0.03622036915201576 0.004509445404616841
v 0.03000000142492354 -0.03648629934042802 0.0010000000474974513
v 0.03000000142492354 -0.03824492826917325 0.004424419613224817
v 0.03000000142492354 -0.038487012783845476 0.0010000000474974513
v 0.03000000142492354 -0.027854655635158876 0.023587460684553196
v 0.03000000142492354 -0.029473020046133502 0.024770774110508542
v 0.03000000142492354 -0.03182394560335311 0.021667641715192865
v 0.03000000142492354 -0.0299969344081763 0.020795048747721534
v 0.03000000142492354 -0.03342745748981857 0.014657944421800906
v 0.03000000142492354 -0.03186030920676486 0.017809288870798134
v 0.03000000142492354 -0.03383196800707866 0.01837520305173035
v 0.03000000142492354 1.1140584427252581e-16 0.038500001828651875
v 0.03000000142492354 0.003395280760861291 0.038350004110345726
v 0.03000000142492354 0.0035154136896935195 0.03633031636182782
v 0.03000000142492354 0.006874937384037105 0.037881231199896614
v 0.03000000142492354 0.01039662982730949 0.037069730612036
v 0.03000000142492354 0.00699814209798838 0.035822843345780786
v 0.03000000142492354 0.010415803450351535 0.034982297651560135
v 0.03000000142492354 0.01373662155546962 0.033816495594234386
v 0.03000000142492354 0.013911616032470375 0.03589880923073663
v 0.03000000142492354 0.017366299500392035 0.03436091014035636
v 0.03000000142492354 0.016929718821696582 0.032336274729249936
v 0.03000000142492354 0.02070439055554929 0.03245906602536541
v 0.03000000142492354 0.019965409273501322 0.030555402299692336
v 0.03000000142492354 0.023869544209303983 0.030207767014015507
v 0.03000000142492354 0.022815465103451782 0.028490430277783307
v 0.03000000142492354 0.026808282218149238 0.027632970215083485
v 0.03000000142492354 0.025453389423082395 0.026160563757818833
v 0.03000000142492354 0.029472854106794566 0.024771264299130458
v 0.03000000142492354 0.027854655635158876 0.023587460684553196
v 0.03000000142492354 0.031823796830152684 0.021668162421394355
v 0.03000000142492354 0.0299969344081763 0.020795048747721534
v 0.03000000142492354 0.03383184593676036 0.018375727572629286
v 0.03000000142492354 0.03186030920676486 0.017809288870798134
v 0.03000000142492354 0.03547905518247907 0.014949756378715429
v 0.03000000142492354 0.03342745748981857 0.014657944421800906
v 0.03000000142492354 0.036759015875598156 0.011446853227717324
v 0.03000000142492354 0.03468380139104443 0.011370312277121375
v 0.03000000142492354 0.03767625606198699 0.007921670813118287
v 0.03000000142492354 0.03561766602890648 0.007976962945261123
v 0.03000000142492354 0.038244924454475804 0.004424594135633009
v 0.03000000142492354 0.03622036915201576 0.004509445404616841
v 0.03000000142492354 0.03648629934042802 0.0010000000474974513
v 0.03000000142492354 0.038487012783845476 0.0010000000474974513
v 0.0002502685010095061 0.010529141926193808 0.03678897650934543
v 0.0002502685010095061 0.014085413648147194 0.03557942750169962
v -0.029499463528834813 0.013827012718820586 0.03492671369506262
v -0.029499463528834813 -1.0954708797973048e-16 0.03756400096021961
v 0.0002502685010095061 9.293790993097765e-19 0.03826600065786945
v 0.0002502685010095061 0.0069629677265056755 0.03762720286751842
v -0.029499463528834813 0.02055522634863527 0.031441201749724534
v -0.029499463528834813 0.017252810344000613 0.03336771932780147
v 0.0002502685010095061 0.020939364474180655 0.032028775782759755
v 0.0002502685010095061 0.01757523238690273 0.03399130029003716
v -0.029499463528834813 0.017252810344000613 0.03336771932780147
v 0.0002502685010095061 0.003438361808058288 0.03811122312366244
v 0.03000000142492354 0.006874937384037105 0.037881231199896614
v 0.03000000142492354 0.003395280760861291 0.038350004110345726
v 0.03000000142492354 0.013911616032470375 0.03589880923073663
v 0.03000000142492354 0.017366299500392035 0.03436091014035636
v 0.03000000142492354 0.01039662982730949 0.037069730612036
v 0.0002502685010095061 0.02705795798074062 0.027058614108701473
v 0.0002502685010095061 0.029707747916779548 0.024119511796250048
v -0.029499463528834813 0.02656157238282275 0.02656221515934254
v 0.03000000142492354 0.023869544209303983 0.030207767014015507
v 0.0002502685010095061 0.024118804169873664 0.029708322028745293
v 0.03000000142492354 0.029472854106794566 0.024771264299130458
v 0.03000000142492354 0.026808282218149238 0.027632970215083485
v 0.0002502685010095061 0.0320283065749738 0.020940085451998103
v 0.03000000142492354 0.02070439055554929 0.03245906602536541
v -0.009362279382977845 0.03649141103500675 0.010920495551959841
v -0.029499463528834813 0.03492647336912347 0.013827622116737714
v -0.012158835034911109 0.03722566399956939 0.007780729186550872
v -0.029499463528834813 0.033367368375636364 0.017253489360146146
v -0.005772001540634841 0.035833486351657395 0.013125609067646815
v -0.014441385001419671 0.03796034421024608 0.001151865060203816
v -0.029499463528834813 0.03756400096021961 2.0192497315718526e-17
v -0.014254476270618155 0.03789584530581536 0.0025598241114532794
v -0.013462176962356076 0.03763077723902608 0.005288641227149116
v -0.012873616830030854 0.03744296442492967 0.006564404799402346
v -0.013927448934223374 0.03778468120751777 0.003942916580558509
v 0.0002502685010095061 0.03399094170847716 0.017575924754489325
v -0.0016576900077445306 0.035493280189258236 0.014218199451573321
v -0.0030630470777073815 0.03555875947093279 0.013987889000570686
v -0.004438439103179037 0.035673902298667404 0.013622903517231388
v -0.00023570374773898214 0.03548100449287439 0.014310950958969504
v 0.0011880173055351523 0.035523233193610615 0.014265742025852957
v 0.03000000142492354 0.03383184593676036 0.018375727572629286
v -0.010395341413246828 0.03674073203073558 0.009966888901136173
v -0.011332561077513348 0.03698919090484143 0.008915040439615995
v -0.008238417063056724 0.03625030308288091 0.011770879350895824
v -0.007037867880362314 0.03602784137187509 0.012508365271544641
v 0.03000000142492354 0.031823796830152684 0.021668162421394355
v 0.03000000142492354 0.01767474067715158 0.03418517847307401
v 0.03000000142492354 0.021056178139396975 0.03220884857573658
v 0.03000000142492354 0.014166380601455808 0.035785398275642866
v 0.03000000142492354 0.010590588118992716 0.037005117266681875
v 0.03000000142492354 0.007004199360696739 0.037851446042231895
v 0.00260191643675578 0.035618928693761376 0.014082153989178892
v 0.03000000142492354 0.024251502235258515 0.02987311123640146
v 0.00398421401828053 0.035763814717488795 0.013764448819669761
v 0.03000000142492354 0.027204985957084427 0.027206916193992514
v 0.03000000142492354 0.02986747692827252 0.024250386436255322
v 0.03000000142492354 0.03219908295027274 0.02105283837178229
v 0.03000000142492354 0.03417111749828505 0.017670090560963914
v 0.03000000142492354 0.0034590026591058143 0.038341421041090396
v 0.005330634370317999 0.03595333651604138 0.01331356397922312
v 0.03000000142492354 0.03547905518247907 0.014949756378715429
v 0.03000000142492354 1.1140584427252581e-16 0.038500001828651875
v 0.0066103099148029365 0.03617679004838337 0.012742835650113027
v 0.03000000142492354 0.03576713731896497 0.014161350922872185
v 0.008977501341935756 0.036699354007529994 0.011244079170234511
v 0.007829050912784019 0.03642839223318539 0.01205148372671161
v 0.03000000142492354 0.03698299965088525 0.010586027648195051
v 0.01101101069297783 0.03725688348347411 0.009319169487131407
v 0.010042139530320737 0.036978948442196735 0.010330255045409298
v 0.03000000142492354 0.03767625606198699 0.007921670813118287
v 0.01263419783519959 0.037771253472504984 0.007032191133724275
v 0.01187343653807904 0.03752276408081956 0.008222762498409364
v 0.03000000142492354 0.036759015875598156 0.011446853227717324
v 0.013270605717600192 0.037989148990666965 0.005777892387167083
v 0.03000000142492354 0.037825994380866756 0.00700083479754865
v 0.03000000142492354 0.038244924454475804 0.004424594135633009
v 0.013785392462327128 0.03817181959260507 0.004451486322121501
v 0.02650000125868246 0.03848377410571313 0.0010000000474974513
v 0.014501558992620067 0.03843556014468286 0.0002678497262860978
v 0.01440354224907292 0.03839878264659813 0.0016839706505485802
v 0.014163401322749847 0.03830968275833291 0.0030850347553722235
v 0.03000000142492354 0.038487012783845476 0.0010000000474974513
v 0.03000000142492354 0.038344259175990825 0.003459580347350416
v 0.02650000125868246 0.03848377410571313 -0.0010000000474974513
v -0.014485731812913238 0.037975839511275034 -0.00026628617717008515
v 0.03000000142492354 0.03836596861916064 -0.002712209830361134
v 0.03000000142492354 0.038487012783845476 -0.0010000000474974513
v -0.014386905399833005 0.03794146145788435 -0.0016902885047762745
v -0.029499463528834813 0.03756400096021961 4.583269203383932e-16
v -0.014144344047979929 0.03785815609504084 -0.003098860172593837
v -0.013765372930126252 0.03773049724498323 -0.0044633943770389095
v -0.01185109671615614 0.037135698174983744 -0.008230847749647885
v -0.010980382487177365 0.03689328178163365 -0.009335073914461534
v -0.012612624767463498 0.03736219965058574 -0.0070412581927181694
v -0.013250057849802932 0.037562177534840036 -0.0057875731356127336
v -0.008937769360678471 0.03639653569480705 -0.011262191353711981
v -0.029499463528834813 0.03492656873655964 -0.01382710999360548
v -0.010001798151146324 0.03664263708589077 -0.010352295413582624
v -0.007788067710764179 0.036162488747655264 -0.012066352463684926
v -0.006556360556161378 0.03594892672579286 -0.012761169086042412
v -0.005261342775382538 0.03576677873740497 -0.013333526290962294
v -0.003915484137544112 0.035624067091222233 -0.013778653799287333
v -0.029499463528834813 0.033367501890047 -0.017252941951062528
v 0.0002502685010095061 0.03399107903758525 -0.01757536780866209
v -0.00253302848449391 0.03552773072190041 -0.014091193868453478
v 0.0002502685010095061 0.03202847060696401 -0.020939528506170868
v 0.0002502685010095061 0.029707932929605718 -0.024118989182699835
v 0.0002502685010095061 0.027058148715612962 -0.027058148715612962
v -0.029499463528834813 0.01382710999360548 -0.03492656873655964
v 0.0002502685010095061 0.01408551283028081 -0.035579282543196644
v 0.0002502685010095061 0.01052920486870168 -0.0367888925860016
v 0.0002502685010095061 1.2012745495345554e-17 -0.03826600065786945
v -0.029499463528834813 -1.049468247196373e-16 -0.03756400096021961
v 0.0002502685010095061 0.006962998720922431 -0.03762716472054395
v -0.001118466430382603 0.03548210694043652 -0.014269795141890196
v 0.03000000142492354 0.03182394560335311 -0.021667641715192865
v 0.03000000142492354 0.02680845197218562 -0.027632537246923272
v 0.0002502685010095061 0.024118989182699835 -0.029707932929605718
v 0.03000000142492354 0.029473020046133502 -0.024770774110508542
v 0.03000000142492354 0.03383196800707866 -0.01837520305173035
v 0.0002502685010095061 0.020939528506170868 -0.03202847060696401
v -0.029499463528834813 0.017252941951062528 -0.033367501890047
v 0.0002502685010095061 0.01757536780866209 -0.03399107903758525
v 0.03000000142492354 0.020704533606703546 -0.0324587799230569
v 0.0002502685010095061 0.0034383701527089527 -0.0381112116795701
v 0.03000000142492354 0.017366415848664163 -0.034360700331996785
v 0.03000000142492354 0.023869706333945473 -0.030207402710409337
v 0.0003071797337999248 0.03549056793937355 -0.01430995818395897
v 0.03000000142492354 0.03675907309605986 -0.01144643074997509
v 0.009393057315653097 0.03680502875620162 -0.010909060996363018
v 0.010417277830914728 0.037083909842445806 -0.009961781974929251
v 0.03000000142492354 0.03701386055322997 -0.010593592193232082
v 0.011350942197160818 0.037359567509347436 -0.00891296047583312
v 0.03000000142492354 0.03767628276486912 -0.007921354670067382
v 0.012174219709714107 0.037619436143516705 -0.0077824381710070445
v 0.012889743463487258 0.03785762585209573 -0.006564764811473889
v 0.03000000142492354 0.03785725964114084 -0.007005577896986581
v 0.013478651686954501 0.038062280555419825 -0.005287850154266083
v 0.001728846751312893 0.035553354044650654 -0.014212053020312143
v 0.0031357716619263842 0.035668813492273355 -0.013976048179695777
v 0.004496867870297516 0.03583035829975101 -0.013609851529917116
v 0.03000000142492354 0.0357968499973782 -0.014171646791281134
v 0.0070811184431771035 0.03626944523466902 -0.012494125959650049
v 0.008279329693173798 0.03653062993945744 -0.011754742227021442
v 0.005816531934443037 0.03603317050420829 -0.013114055302754779
v 0.03000000142492354 0.035479142920520346 -0.014949265236419151
v 0.014267457686029661 0.03834815398208402 -0.0025757702620367307
v 0.014456659049996712 0.038418645776203686 -0.0011591035678184397
v 0.03000000142492354 0.038313012989203976 -0.0034613014911547
v 0.013941497511245626 0.038228353408766846 -0.00394941730184506
v 0.03000000142492354 0.03831253996672057 -0.0034679898478719162
v 0.03000000142492354 0.03831248274625887 -0.0034688259818685396
v 0.03000000142492354 0.03824492826917325 -0.004424419613224817
v 0.03000000142492354 0.038311124713967804 -0.0034880549180235643
v 0.03000000142492354 0.038309232624034184 -0.003514808106473838
v 0.03000000142492354 0.034198934272067216 -0.01768284309452861
v 0.03000000142492354 0.03222432861797575 -0.021067576455368053
v 0.03000000142492354 0.024266478737434705 -0.02988959835876659
v 0.03000000142492354 0.027223613124717216 -0.027223613124717216
v 0.03000000142492354 0.021067576455368053 -0.03222432861797575
v 0.03000000142492354 0.02988959835876659 -0.024266478737434705
v 0.03000000142492354 0.010396679418376298 -0.037069654318087064
v 0.03000000142492354 0.006874959795384605 -0.03788119686761959
v 0.03000000142492354 0.007005577896986581 -0.03785725964114084
v 0.03000000142492354 0.014171646791281134 -0.0357968499973782
v 0.03000000142492354 0.01768284309452861 -0.034198934272067216
v 0.03000000142492354 0.010593592193232082 -0.03701386055322997
v 0.03000000142492354 0.013911698048465482 -0.03589867571632599
v 0.03000000142492354 0.038305448444166945 -0.0035683147217929756
v 0.03000000142492354 0.003459396049780017 -0.03834426680538572
v 0.03000000142492354 0.003395285052395919 -0.03834999648095083
v 0.03000000142492354 0.038320581348938454 -0.0033542884989350152
v 0.03000000142492354 0.038335710439012516 -0.003140262276077055
v 0.03000000142492354 1.1612072803648563e-16 -0.038500001828651875
v 0.03000000142492354 0.03831207075893461 -0.0034746782045891322
v 0.03000000142492354 0.03831230345547887 -0.0034713341454398194
v 0.03000000142492354 0.03831242171109972 -0.003469662115865163
v 0.0002502685010095061 -0.010529141926193808 -0.03678897650934543
v 0.0002502685010095061 -0.014085413648147194 -0.03557942750169962
v -0.029499463528834813 -0.013827012718820586 -0.03492671369506262
v -0.029499463528834813 -1.049468247196373e-16 -0.03756400096021961
v 0.0002502685010095061 1.2012745495345554e-17 -0.03826600065786945
v 0.0002502685010095061 -0.0069629677265056755 -0.03762720286751842
v -0.029499463528834813 -0.02055522634863527 -0.031441201749724534
v -0.029499463528834813 -0.017252810344000613 -0.03336771932780147
v 0.0002502685010095061 -0.020939364474180655 -0.032028775782759755
v 0.0002502685010095061 -0.01757523238690273 -0.03399130029003716
v -0.029499463528834813 -0.017252810344000613 -0.03336771932780147
v 0.0002502685010095061 -0.003438361808058288 -0.03811122312366244
v 0.03000000142492354 -0.006874937384037105 -0.037881231199896614
v 0.03000000142492354 -0.003395280760861291 -0.038350004110345726
v 0.03000000142492354 -0.013911616032470375 -0.03589880923073663
v 0.03000000142492354 -0.017366299500392035 -0.03436091014035636
v 0.03000000142492354 -0.01039662982730949 -0.037069730612036
v 0.0002502685010095061 -0.02705795798074062 -0.027058614108701473
v 0.0002502685010095061 -0.029707747916779548 -0.024119511796250048
v -0.029499463528834813 -0.02656157238282275 -0.02656221515934254
v 0.03000000142492354 -0.023869544209303983 -0.030207767014015507
v 0.0002502685010095061 -0.024118804169873664 -0.029708322028745293
v 0.03000000142492354 -0.029472854106794566 -0.024771264299130458
v 0.03000000142492354 -0.026808282218149238 -0.027632970215083485
v 0.0002502685010095061 -0.0320283065749738 -0.020940085451998103
v 0.03000000142492354 -0.02070439055554929 -0.03245906602536541
v 0.03000000142492354 -0.038311124713967804 0.0034880549180235643
v 0.013991014191453988 -0.03824640074238772 0.0037749311332790914
v 0.03000000142492354 -0.03831207075893461 0.0034746782045891322
v -0.009499106858348871 -0.03652292043591743 -0.010804589784735863
v -0.029499463528834813 -0.03492647336912347 -0.013827622116737714
v -0.012257210360018256 -0.03725487695261709 -0.007628688220924773
v -0.029499463528834813 -0.033367368375636364 -0.017253489360146146
v -0.004608920316263032 -0.035691678788769554 -0.013567495036816424
v -0.014454972000050859 -0.037965074435080126 -0.0009727051720097302
v -0.029499463528834813 -0.03756400096021961 5.467274706435438e-17
v -0.014285732947822982 -0.03790658749382558 -0.0023838449656740646
v -0.013527331994747649 -0.037652044177292066 -0.005123929267116245
v -0.012955583234070533 -0.03746864115344417 -0.0064051860036928865
v -0.013976088234018968 -0.03780106914774928 -0.0037710506323013204
v 0.0002502685010095061 -0.03399094170847716 -0.017575924754489325
v -0.0018363730587577648 -0.03549866272735569 -0.01419668265062457
v -0.00323823896530101 -0.03557063080938727 -0.013949256605852445
v -0.0004165583748784625 -0.035479539649054814 -0.014306820595308967
v 0.0010072153092995084 -0.03551484848862252 -0.014279199324770953
v 0.03000000142492354 -0.03383184593676036 -0.018375727572629286
v -0.010517649196460921 -0.03677196677343009 -0.009840912332652607
v -0.011443680353115937 -0.0370200479924887 -0.008775484501896136
v -0.005936122699400637 -0.035856340204061254 -0.013053948068759702
v -0.008388808648874257 -0.03628074055380903 -0.011666765767154308
v -0.007197132452441135 -0.03605526523182023 -0.012419448488756868
v 0.03000000142492354 -0.031823796830152684 -0.021668162421394355
v 0.03000000142492354 -0.0210561800467457 -0.03220884857573658
v 0.03000000142492354 -0.003459003135942995 -0.038341421041090396
v 0.002422497864391082 -0.03560382630656944 -0.014113214209465208
v 0.03000000142492354 -0.01767474067715158 -0.03418517847307401
v 0.03000000142492354 -0.007004199360696739 -0.037851446042231895
v 0.03000000142492354 -0.01416638155513017 -0.035785398275642866
v 0.0038032829183781702 -0.03574197557460579 -0.013814140975960676
v 0.03000000142492354 -0.03417111749828505 -0.017670090560963914
v 0.03000000142492354 -0.024251502235258515 -0.02987311123640146
v 0.03000000142492354 -0.027204985957084427 -0.027206916193992514
v 0.03000000142492354 -0.02986747692827252 -0.024250386436255322
v 0.03000000142492354 -0.03219908295027274 -0.02105283837178229
v 0.005150233036523566 -0.03592521456646347 -0.013382499376784485
v 0.03000000142492354 -0.03547905518247907 -0.014949756378715429
v 0.03000000142492354 -0.010590588118992716 -0.037005117266681875
v 0.03000000142492354 1.1612072803648563e-16 -0.038500001828651875
v 0.006441660233330593 -0.036144986915769284 -0.012826649321391326
v 0.03000000142492354 -0.03576713731896497 -0.014161350922872185
v 0.008832691612157273 -0.03666325171089335 -0.01135589272077242
v 0.00767348802774015 -0.036394212544061944 -0.01214853439813035
v 0.03000000142492354 -0.03698299965088525 -0.010586027648195051
v 0.010888350050249906 -0.037220498899226406 -0.009458414527009351
v 0.009907078259867586 -0.036941957321054986 -0.010456524391921906
v 0.03000000142492354 -0.03767625606198699 -0.007921670813118287
v 0.0125422931906366 -0.03774053752866324 -0.007190709455615063
v 0.011765400491687839 -0.037488530985931856 -0.008372698227882003
v 0.03000000142492354 -0.036759015875598156 -0.011446853227717324
v 0.03000000142492354 -0.037825994380866756 -0.00700083479754865
v 0.013195427567667117 -0.03796294964860225 -0.005943297191623731
v 0.03000000142492354 -0.038244924454475804 -0.004424594135633009
v 0.013726042445775244 -0.038150461101600364 -0.0046267449669204486
v 0.02650000125868246 -0.03848377410571313 -0.0010000000474974513
v 0.014496932718291444 -0.03843382064264711 -0.00044998427382595546
v 0.01438027354832172 -0.03839009276581429 -0.0018677423887465683
v 0.014121055320067133 -0.03829409208986778 -0.003268727696226076
v 0.03000000142492354 -0.03831329527681504 -0.003457391664690307
v 0.03000000142492354 -0.038487012783845476 -0.0010000000474974513
v 0.02650000125868246 -0.03848377410571313 0.0010000000474974513
v -0.01448113605616419 -0.03797423733834737 0.0004480525169993539
v 0.03000000142492354 -0.03836596861916064 0.002712209830361134
v 0.03000000142492354 -0.038487012783845476 0.0010000000474974513
v -0.014364381518758296 -0.03793366803100051 0.0018677770786514752
v -0.029499463528834813 -0.03756400096021961 4.809976430519752e-17
v -0.014104656889417644 -0.03784464443668423 0.0032705220345376207
v -0.013708022768710859 -0.03771146190472363 0.00463234446593519
v -0.011748371682285264 -0.03710617241674541 0.008373264710452855
v -0.01086465219603594 -0.03686242850868382 0.009466248961890744
v -0.012523137687407426 -0.03733487878747166 0.007195365293848899
v -0.01317511048906539 -0.03753819071729447 0.005952110096400232
v -0.008797722280662335 -0.03636626225586914 0.01136932999252882
v -0.029499463528834813 -0.03492656873655964 0.01382710999360548
v -0.009874357692517544 -0.036611699889597116 0.010470974465850436
v -0.007635613327302282 -0.03613395099605565 0.012161072354963665
v -0.00639964515565139 -0.035924573697292406 0.012838539733333043
v -0.005103319410485474 -0.03574755266227303 0.01339336935715918
v -0.003752457320108371 -0.035610048078105194 0.013822907150693453
v -0.029499463528834813 -0.033367501890047 0.017252941951062528
v 0.0002502685010095061 -0.03399107903758525 0.01757536780866209
v -0.002366566055170133 -0.035519571084061674 0.014119481757370322
v 0.0002502685010095061 -0.03202847060696401 0.020939528506170868
v 0.0002502685010095061 -0.029707932929605718 0.024118989182699835
v 0.0002502685010095061 -0.027058148715612962 0.027058148715612962
v -0.029499463528834813 -0.01382710999360548 0.03492656873655964
v 0.0002502685010095061 -0.01408551283028081 0.035579282543196644
v 0.0002502685010095061 -0.01052920486870168 0.0367888925860016
v -0.0009507327531346754 -0.035480268256267156 0.014281741820619254
v 0.0002502685010095061 -0.024118989182699835 0.029707932929605718
v 0.03000000142492354 -0.03182394560335311 0.021667641715192865
v 0.03000000142492354 -0.02680845197218562 0.027632537246923272
v 0.03000000142492354 -0.029473020046133502 0.024770774110508542
v 0.0002502685010095061 -0.020939528506170868 0.03202847060696401
v 0.03000000142492354 -0.03383196800707866 0.01837520305173035
v -0.029499463528834813 -0.017252941951062528 0.033367501890047
v 0.0002502685010095061 -0.01757536780866209 0.03399107903758525
v 0.0002502685010095061 -0.006962998720922431 0.03762716472054395
v 0.03000000142492354 -0.020704533606703546 0.0324587799230569
v 0.0002502685010095061 -0.0034383701527089527 0.0381112116795701
v 0.0002502685010095061 9.293790993097765e-19 0.03826600065786945
v -0.029499463528834813 -1.0954708797973048e-16 0.03756400096021961
v 0.03000000142492354 -0.017366415848664163 0.034360700331996785
v 0.03000000142492354 -0.023869706333945473 0.030207402710409337
v 0.03000000142492354 -0.038309232624034184 0.003514808106473838
v 0.03000000142492354 -0.038305448444166945 0.0035683147217929756
v 0.0004745360242215321 -0.035495149391007175 0.014305603706823433
v 0.03000000142492354 -0.03675907309605986 0.01144643074997509
v 0.009527873491795291 -0.03684029563409741 0.010794576203937978
v 0.010543455624688614 -0.037119977806805426 0.009831609239254191
v 0.03000000142492354 -0.03701386055322997 0.010593592193232082
v 0.011461801119662662 -0.03739365183103471 0.008773643910378048
v 0.03000000142492354 -0.03785725964114084 0.007005577896986581
v 0.012269172297537101 -0.03765038859860015 0.007635766868874516
v 0.01297146000484417 -0.03788556088149875 0.006406012839364483
v 0.013545682596815545 -0.03808604993521092 0.005118225817596078
v 0.03000000142492354 -0.03767628276486912 0.007921354670067382
v 0.0018962293571864186 -0.03556431367041535 0.014191331583781053
v 0.003301629700123432 -0.035685884263347845 0.013938861555309878
v 0.0046596581764915546 -0.03585284975589742 0.013556526827982474
v 0.03000000142492354 -0.0357968499973782 0.014171646791281134
v 0.00723263727209017 -0.03630054264825544 0.012409246080435365
v 0.008420777720827277 -0.036563806363152374 0.011656467991396635
v 0.005975715444201113 -0.036060674472799814 0.013044195794736924
v 0.03000000142492354 -0.035479142920520346 0.014949265236419151
v 0.01429921408860002 -0.038359941397194675 0.0023980423158967423
v 0.014470461579033644 -0.03842379180305944 0.0009781524407544845
v 0.03000000142492354 -0.038335710439012516 0.003140262276077055
v 0.03000000142492354 -0.038320581348938454 0.0033542884989350152
v 0.03000000142492354 -0.03824492826917325 0.004424419613224817
v 0.03000000142492354 -0.034198934272067216 0.01768284309452861
v 0.03000000142492354 -0.03222432861797575 0.021067576455368053
v 0.03000000142492354 -0.024266478737434705 0.02988959835876659
v 0.03000000142492354 -0.027223613124717216 0.027223613124717216
v 0.03000000142492354 -0.021067576455368053 0.03222432861797575
v 0.03000000142492354 -0.02988959835876659 0.024266478737434705
v 0.03000000142492354 -0.010396679418376298 0.037069654318087064
v 0.03000000142492354 -0.006874959795384605 0.03788119686761959
v 0.03000000142492354 -0.007005577896986581 0.03785725964114084
v 0.03000000142492354 -0.014171646791281134 0.0357968499973782
v 0.03000000142492354 -0.01768284309452861 0.034198934272067216
v 0.03000000142492354 -0.010593592193232082 0.03701386055322997
v 0.03000000142492354 -0.013911698048465482 0.03589867571632599
v 0.03000000142492354 -0.003459396049780017 0.03834426680538572
v 0.03000000142492354 -0.003395285052395919 0.03834999648095083
v 0.03000000142492354 -0.03831253996672057 0.0034679898478719162
v 0.03000000142492354 -0.03831248274625887 0.0034688259818685396
v 0.03000000142492354 -0.038313012989203976 0.0034613014911547
v 0.03000000142492354 1.1140584427252581e-16 0.038500001828651875
v 0.03000000142492354 -0.03831230345547887 0.0034713341454398194
v 0.03000000142492354 -0.03831242171109972 0.003469662115865163
v 0.012346898665364647 0.041000001947395504 -0.006599554852188827
v 0.011548494887513305 0.041000001947395504 -0.004783543337099905
v 0.012934314388455825 0.041000001947395504 -0.005357568518478406
v 0.010393371122015549 0.041000001947395504 -0.006944628091692939
v 0.011640575008158849 0.041000001947395504 -0.007777983558063528
v 0.010822146929734822 0.041000001947395504 -0.00888150638803542
v 0.008838835182395366 0.041000001947395504 -0.008838835182395366
v 0.009899495595017682 0.041000001947395504 -0.009899495595017682
v 0.012259816752048791 0.041000001947395504 -0.002438629027800704
v 0.01393258637800987 0.041000001947395504 -0.0013722400124969308
v 0.01373099487673557 0.041000001947395504 -0.002731264720945148
v 0.013397164981118759 0.041000001947395504 -0.004063985540776749
v 0.012500000593718141 0.041000001947395504 2.2962128319299886e-18
v 0.014000000664964318 0.041000001947395504 2.571758380231917e-18
v 0.005357568518478406 0.041000001947395504 -0.012934314388455825
v 0.004783543337099905 0.041000001947395504 -0.011548494887513305
v 0.006599554852188827 0.041000001947395504 -0.012346898665364647
v 0.004063985540776749 0.041000001947395504 -0.013397164981118759
v 0.002438629027800704 0.041000001947395504 -0.012259816752048791
v 0.002731264720945148 0.041000001947395504 -0.01373099487673557
v 0.0013722400124969308 0.041000001947395504 -0.01393258637800987
v -1.6121252234904994e-16 0.041000001947395504 -0.012500000593718141
v 0.00888150638803542 0.041000001947395504 -0.010822146929734822
v 0.006944628091692939 0.041000001947395504 -0.010393371122015549
v 0.007777983558063528 0.041000001947395504 -0.011640575008158849
v 0.01393258637800987 0.041000001947395504 0.0013722400124969308
v 0.012259816752048791 0.041000001947395504 0.002438629027800704
v 0.01373099487673557 0.041000001947395504 0.002731264720945148
v 0.013397164981118759 0.041000001947395504 0.004063985540776749
v 0.011548494887513305 0.041000001947395504 0.004783543337099905
v 0.012934314388455825 0.041000001947395504 0.005357568518478406
v 0.012346898665364647 0.041000001947395504 0.006599554852188827
v 0.010393371122015549 0.041000001947395504 0.006944628091692939
v 0.011640575008158849 0.041000001947395504 0.007777983558063528
v 0.009899495595017682 0.041000001947395504 0.009899495595017682
v 0.010822146929734822 0.041000001947395504 0.00888150638803542
v 0.008838835182395366 0.041000001947395504 0.008838835182395366
v 0.007777983558063528 0.041000001947395504 0.011640575008158849
v 0.00888150638803542 0.041000001947395504 0.010822146929734822
v 0.006944628091692939 0.041000001947395504 0.010393371122015549
v 0.006599554852188827 0.041000001947395504 0.012346898665364647
v 0.004783543337099905 0.041000001947395504 0.011548494887513305
v 0.004063985540776749 0.041000001947395504 0.013397164981118759
v 0.002438629027800704 0.041000001947395504 0.012259816752048791
v 0.005357568518478406 0.041000001947395504 0.012934314388455825
v 0.002731264720945148 0.041000001947395504 0.01373099487673557
v 0.0013722400124969308 0.041000001947395504 0.01393258637800987
v -1.5968171012395367e-16 0.041000001947395504 0.012500000593718141
v -1.4279526048542865e-16 0.041000001947395504 0.014000000664964318
v -1.4450976367232313e-16 0.041000001947395504 -0.014000000664964318
v -0.002438629027800704 0.041000001947395504 -0.012259816752048791
v -0.0013722400124969308 0.041000001947395504 -0.01393258637800987
v -0.002731264720945148 0.041000001947395504 -0.01373099487673557
v -0.004783543337099905 0.041000001947395504 -0.011548494887513305
v -0.004063985540776749 0.041000001947395504 -0.013397164981118759
v -0.005357568518478406 0.041000001947395504 -0.012934314388455825
v -0.006599554852188827 0.041000001947395504 -0.012346898665364647
v -0.006944628091692939 0.041000001947395504 -0.010393371122015549
v -0.00888150638803542 0.041000001947395504 -0.010822146929734822
v -0.008838835182395366 0.041000001947395504 -0.008838835182395366
v -0.009899495595017682 0.041000001947395504 -0.009899495595017682
v -0.007777983558063528 0.041000001947395504 -0.011640575008158849
v -0.010822146929734822 0.041000001947395504 -0.00888150638803542
v -0.010393371122015549 0.041000001947395504 -0.006944628091692939
v -0.011640575008158849 0.041000001947395504 -0.007777983558063528
v -0.012346898665364647 0.041000001947395504 -0.006599554852188827
v -0.011548494887513305 0.041000001947395504 -0.004783543337099905
v -0.012934314388455825 0.041000001947395504 -0.005357568518478406
v -0.012259816752048791 0.041000001947395504 -0.002438629027800704
v -0.013397164981118759 0.041000001947395504 -0.004063985540776749
v -0.012500000593718141 0.041000001947395504 -3.5409619001187154e-18
v -0.01393258637800987 0.041000001947395504 -0.0013722400124969308
v -0.01373099487673557 0.041000001947395504 -0.002731264720945148
v -0.014000000664964318 0.041000001947395504 2.2513717526054563e-18
v -0.006599554852188827 0.041000001947395504 0.012346898665364647
v -0.004783543337099905 0.041000001947395504 0.011548494887513305
v -0.006944628091692939 0.041000001947395504 0.010393371122015549
v -0.004063985540776749 0.041000001947395504 0.013397164981118759
v -0.002438629027800704 0.041000001947395504 0.012259816752048791
v -0.00888150638803542 0.041000001947395504 0.010822146929734822
v -0.007777983558063528 0.041000001947395504 0.011640575008158849
v -0.008838835182395366 0.041000001947395504 0.008838835182395366
v -0.009899495595017682 0.041000001947395504 0.009899495595017682
v -0.0013722400124969308 0.041000001947395504 0.01393258637800987
v -0.002731264720945148 0.041000001947395504 0.01373099487673557
v -0.005357568518478406 0.041000001947395504 0.012934314388455825
v -0.011548494887513305 0.041000001947395504 0.004783543337099905
v -0.012259816752048791 0.041000001947395504 0.002438629027800704
v -0.013397164981118759 0.041000001947395504 0.004063985540776749
v -0.01373099487673557 0.041000001947395504 0.002731264720945148
v -0.012934314388455825 0.041000001947395504 0.005357568518478406
v -0.01393258637800987 0.041000001947395504 0.0013722400124969308
v -0.010822146929734822 0.041000001947395504 0.00888150638803542
v -0.010393371122015549 0.041000001947395504 0.006944628091692939
v -0.011640575008158849 0.041000001947395504 0.007777983558063528
v -0.012346898665364647 0.041000001947395504 0.006599554852188827
v 0.011548494887513305 0.04500000213738531 0.004783543337099905
v 0.012500000593718141 0.04500000213738531 2.2962128319299886e-18
v 0.011548494887513305 0.04500000213738531 -0.004783543337099905
v 0.012259816752048791 0.04500000213738531 -0.002438629027800704
v 0.010393371122015549 0.04500000213738531 -0.006944628091692939
v 0.006944628091692939 0.04500000213738531 -0.010393371122015549
v -0.010393371122015549 0.04500000213738531 -0.006944628091692939
v 0.008838835182395366 0.04500000213738531 -0.008838835182395366
v 0.004783543337099905 0.04500000213738531 -0.011548494887513305
v -0.008838835182395366 0.04500000213738531 -0.008838835182395366
v 0.010393371122015549 0.04500000213738531 0.006944628091692939
v -0.004783543337099905 0.04500000213738531 0.011548494887513305
v 0.006944628091692939 0.04500000213738531 0.010393371122015549
v 0.008838835182395366 0.04500000213738531 0.008838835182395366
v 0.012259816752048791 0.04500000213738531 0.002438629027800704
v -0.002438629027800704 0.04500000213738531 0.012259816752048791
v 0.002438629027800704 0.04500000213738531 0.012259816752048791
v 0.004783543337099905 0.04500000213738531 0.011548494887513305
v -1.5968171012395367e-16 0.04500000213738531 0.012500000593718141
v 0.002438629027800704 0.04500000213738531 -0.012259816752048791
v -1.6121252234904994e-16 0.04500000213738531 -0.012500000593718141
v -0.002438629027800704 0.04500000213738531 -0.012259816752048791
v -0.004783543337099905 0.04500000213738531 -0.011548494887513305
v -0.006944628091692939 0.04500000213738531 -0.010393371122015549
v -0.011548494887513305 0.04500000213738531 -0.004783543337099905
v -0.012500000593718141 0.04500000213738531 2.0101534866708876e-18
v -0.012259816752048791 0.04500000213738531 -0.002438629027800704
v -0.008838835182395366 0.04500000213738531 0.008838835182395366
v -0.006944628091692939 0.04500000213738531 0.010393371122015549
v -0.010393371122015549 0.04500000213738531 0.006944628091692939
v -0.012259816752048791 0.04500000213738531 0.002438629027800704
v -0.011548494887513305 0.04500000213738531 0.004783543337099905
v 0.012934314388455825 -0.041000001947395504 -0.005357568518478406
v 0.011548494887513305 -0.041000001947395504 -0.004783543337099905
v 0.012346898665364647 -0.041000001947395504 -0.006599554852188827
v 0.011640575008158849 -0.041000001947395504 -0.007777983558063528
v 0.010393371122015549 -0.041000001947395504 -0.006944628091692939
v 0.008838835182395366 -0.041000001947395504 -0.008838835182395366
v 0.010822146929734822 -0.041000001947395504 -0.00888150638803542
v 0.009899495595017682 -0.041000001947395504 -0.009899495595017682
v 0.01373099487673557 -0.041000001947395504 -0.002731264720945148
v 0.01393258637800987 -0.041000001947395504 -0.0013722400124969308
v 0.012259816752048791 -0.041000001947395504 -0.002438629027800704
v 0.013397164981118759 -0.041000001947395504 -0.004063985540776749
v 0.012500000593718141 -0.041000001947395504 -2.2962128319299886e-18
v 0.014000000664964318 -0.041000001947395504 2.571758380231917e-18
v 0.006599554852188827 -0.041000001947395504 -0.012346898665364647
v 0.004783543337099905 -0.041000001947395504 -0.011548494887513305
v 0.005357568518478406 -0.041000001947395504 -0.012934314388455825
v 0.004063985540776749 -0.041000001947395504 -0.013397164981118759
v 0.0013722400124969308 -0.041000001947395504 -0.01393258637800987
v 0.002731264720945148 -0.041000001947395504 -0.01373099487673557
v 0.002438629027800704 -0.041000001947395504 -0.012259816752048791
v 1.522546538391186e-16 -0.041000001947395504 -0.014000000664964318
v 1.5968171012395367e-16 -0.041000001947395504 -0.012500000593718141
v 0.006944628091692939 -0.041000001947395504 -0.010393371122015549
v 0.00888150638803542 -0.041000001947395504 -0.010822146929734822
v 0.007777983558063528 -0.041000001947395504 -0.011640575008158849
v 0.01373099487673557 -0.041000001947395504 0.002731264720945148
v 0.012259816752048791 -0.041000001947395504 0.002438629027800704
v 0.01393258637800987 -0.041000001947395504 0.0013722400124969308
v 0.011548494887513305 -0.041000001947395504 0.004783543337099905
v 0.013397164981118759 -0.041000001947395504 0.004063985540776749
v 0.012934314388455825 -0.041000001947395504 0.005357568518478406
v 0.011640575008158849 -0.041000001947395504 0.007777983558063528
v 0.010393371122015549 -0.041000001947395504 0.006944628091692939
v 0.012346898665364647 -0.041000001947395504 0.006599554852188827
v 0.008838835182395366 -0.041000001947395504 0.008838835182395366
v 0.010822146929734822 -0.041000001947395504 0.00888150638803542
v 0.009899495595017682 -0.041000001947395504 0.009899495595017682
v 0.006944628091692939 -0.041000001947395504 0.010393371122015549
v 0.00888150638803542 -0.041000001947395504 0.010822146929734822
v 0.007777983558063528 -0.041000001947395504 0.011640575008158849
v 0.004783543337099905 -0.041000001947395504 0.011548494887513305
v 0.006599554852188827 -0.041000001947395504 0.012346898665364647
v 0.002438629027800704 -0.041000001947395504 0.012259816752048791
v 0.004063985540776749 -0.041000001947395504 0.013397164981118759
v 0.005357568518478406 -0.041000001947395504 0.012934314388455825
v 0.002731264720945148 -0.041000001947395504 0.01373099487673557
v 0.0013722400124969308 -0.041000001947395504 0.01393258637800987
v 1.4108255978473154e-16 -0.041000001947395504 0.014000000664964318
v 1.581508978988574e-16 -0.041000001947395504 0.012500000593718141
v -0.002438629027800704 -0.041000001947395504 -0.012259816752048791
v -0.0013722400124969308 -0.041000001947395504 -0.01393258637800987
v -0.002731264720945148 -0.041000001947395504 -0.01373099487673557
v -0.005357568518478406 -0.041000001947395504 -0.012934314388455825
v -0.004063985540776749 -0.041000001947395504 -0.013397164981118759
v -0.004783543337099905 -0.041000001947395504 -0.011548494887513305
v -0.006599554852188827 -0.041000001947395504 -0.012346898665364647
v -0.006944628091692939 -0.041000001947395504 -0.010393371122015549
v -0.008838835182395366 -0.041000001947395504 -0.008838835182395366
v -0.00888150638803542 -0.041000001947395504 -0.010822146929734822
v -0.009899495595017682 -0.041000001947395504 -0.009899495595017682
v -0.007777983558063528 -0.041000001947395504 -0.011640575008158849
v -0.010393371122015549 -0.041000001947395504 -0.006944628091692939
v -0.010822146929734822 -0.041000001947395504 -0.00888150638803542
v -0.011640575008158849 -0.041000001947395504 -0.007777983558063528
v -0.011548494887513305 -0.041000001947395504 -0.004783543337099905
v -0.012346898665364647 -0.041000001947395504 -0.006599554852188827
v -0.012934314388455825 -0.041000001947395504 -0.005357568518478406
v -0.012259816752048791 -0.041000001947395504 -0.002438629027800704
v -0.013397164981118759 -0.041000001947395504 -0.004063985540776749
v -0.01373099487673557 -0.041000001947395504 -0.002731264720945148
v -0.012500000593718141 -0.041000001947395504 -2.0101534866708876e-18
v -0.01393258637800987 -0.041000001947395504 -0.0013722400124969308
v -0.014000000664964318 -0.041000001947395504 -7.074502097201077e-18
v -0.006944628091692939 -0.041000001947395504 0.010393371122015549
v -0.004783543337099905 -0.041000001947395504 0.011548494887513305
v -0.006599554852188827 -0.041000001947395504 0.012346898665364647
v -0.002438629027800704 -0.041000001947395504 0.012259816752048791
v -0.004063985540776749 -0.041000001947395504 0.013397164981118759
v -0.007777983558063528 -0.041000001947395504 0.011640575008158849
v -0.00888150638803542 -0.041000001947395504 0.010822146929734822
v -0.008838835182395366 -0.041000001947395504 0.008838835182395366
v -0.009899495595017682 -0.041000001947395504 0.009899495595017682
v -0.0013722400124969308 -0.041000001947395504 0.01393258637800987
v -0.002731264720945148 -0.041000001947395504 0.01373099487673557
v -0.005357568518478406 -0.041000001947395504 0.012934314388455825
v -0.01393258637800987 -0.041000001947395504 0.0013722400124969308
v -0.012259816752048791 -0.041000001947395504 0.002438629027800704
v -0.013397164981118759 -0.041000001947395504 0.004063985540776749
v -0.011548494887513305 -0.041000001947395504 0.004783543337099905
v -0.01373099487673557 -0.041000001947395504 0.002731264720945148
v -0.012934314388455825 -0.041000001947395504 0.005357568518478406
v -0.010822146929734822 -0.041000001947395504 0.00888150638803542
v -0.010393371122015549 -0.041000001947395504 0.006944628091692939
v -0.011640575008158849 -0.041000001947395504 0.007777983558063528
v -0.012346898665364647 -0.041000001947395504 0.006599554852188827
v 0.006944628091692939 -0.04500000213738531 -0.010393371122015549
v 0.008838835182395366 -0.04500000213738531 -0.008838835182395366
v 0.004783543337099905 -0.04500000213738531 -0.011548494887513305
v -0.004783543337099905 -0.04500000213738531 -0.011548494887513305
v 0.002438629027800704 -0.04500000213738531 -0.012259816752048791
v 0.011548494887513305 -0.04500000213738531 -0.004783543337099905
v 0.012259816752048791 -0.04500000213738531 -0.002438629027800704
v 0.011548494887513305 -0.04500000213738531 0.004783543337099905
v 0.010393371122015549 -0.04500000213738531 -0.006944628091692939
v 0.006944628091692939 -0.04500000213738531 0.010393371122015549
v -0.011548494887513305 -0.04500000213738531 -0.004783543337099905
v -0.002438629027800704 -0.04500000213738531 -0.012259816752048791
v 1.5968171012395367e-16 -0.04500000213738531 -0.012500000593718141
v -0.008838835182395366 -0.04500000213738531 -0.008838835182395366
v -0.006944628091692939 -0.04500000213738531 -0.010393371122015549
v -0.010393371122015549 -0.04500000213738531 -0.006944628091692939
v -0.012500000593718141 -0.04500000213738531 3.5409619001187154e-18
v -0.012259816752048791 -0.04500000213738531 -0.002438629027800704
v 0.012500000593718141 -0.04500000213738531 -2.2962128319299886e-18
v 0.010393371122015549 -0.04500000213738531 0.006944628091692939
v 0.008838835182395366 -0.04500000213738531 0.008838835182395366
v -0.008838835182395366 -0.04500000213738531 0.008838835182395366
v 0.004783543337099905 -0.04500000213738531 0.011548494887513305
v 0.002438629027800704 -0.04500000213738531 0.012259816752048791
v 1.581508978988574e-16 -0.04500000213738531 0.012500000593718141
v -0.010393371122015549 -0.04500000213738531 0.006944628091692939
v -0.011548494887513305 -0.04500000213738531 0.004783543337099905
v -0.012259816752048791 -0.04500000213738531 0.002438629027800704
v -0.004783543337099905 -0.04500000213738531 0.011548494887513305
v -0.006944628091692939 -0.04500000213738531 0.010393371122015549
v -0.002438629027800704 -0.04500000213738531 0.012259816752048791
v 0.012259816752048791 -0.04500000213738531 0.002438629027800704
v 0.002422497864391082 -0.03560382630656944 -0.014113214209465208
v 0.0038032829183781702 -0.03574197557460579 -0.013814140975960676
v 0.0037114300106493026 -0.03592286471283623 -0.01359264247606018
v 0.0010072153092995084 -0.03551484848862252 -0.014279199324770953
v 0.002353607766361898 -0.0357855966399101 -0.013889552776112368
v -0.00323823896530101 -0.03557063080938727 -0.013949256605852445
v -0.0032210170368401903 -0.03575720003211602 -0.013714659388593953
v -0.004608920316263032 -0.035691678788769554 -0.013567495036816424
v -0.0018452756089242656 -0.03568394639704486 -0.013964899726407465
v 0.0009650497298850993 -0.035697770860592115 -0.014052915286923429
v -0.0004165583748784625 -0.035479539649054814 -0.014306820595308967
v 0.00503861165136954 -0.03610555820295902 -0.01316214433244367
v 0.005150233036523566 -0.03592521456646347 -0.013382499376784485
v 0.0025341104280572624 -0.03608649234511985 -0.013768744168994873
v -0.00044789674025283444 -0.035663331772042284 -0.014078416539355376
v 3.9047378297986086e-15 -0.03594800738370818 -0.014000000664964318
v -0.0018363730587577648 -0.03549866272735569 -0.01419668265062457
v -0.005936122699400637 -0.035856340204061254 -0.013053948068759702
v -0.004573169925465859 -0.035880162989616604 -0.013327732719214946
v -0.007197132452441135 -0.03605526523182023 -0.012419448488756868
v -0.007101723531436066 -0.036243745617969836 -0.012179138762071773
v -0.008388808648874257 -0.03628074055380903 -0.011666765767154308
v -0.012257210360018256 -0.03725487695261709 -0.007628688220924773
v -0.011443680353115937 -0.0370200479924887 -0.008775484501896136
v -0.011350178303997094 -0.0370853517980807 -0.008633599691384997
v -0.013383755365918848 -0.03770316875247426 -0.0050118887420802505
v -0.013976088234018968 -0.03780106914774928 -0.0037710506323013204
v -0.013527331994747649 -0.037652044177292066 -0.005123929267116245
v -0.010517649196460921 -0.03677196677343009 -0.009840912332652607
v -0.012149064641075458 -0.03731652627805504 -0.007489317772868265
v -0.009499106858348871 -0.03652292043591743 -0.010804589784735863
v -0.009349916902227084 -0.03670964987593894 -0.010565886045675876
v -0.010335705294386432 -0.03695512947133883 -0.009611643294052952
v -0.008267682468194315 -0.036468934837650124 -0.011425777977998042
v -0.012826963080256326 -0.03752440058602424 -0.006281736672267835
v -0.012955583234070533 -0.03746864115344417 -0.0064051860036928865
v -0.013232434901273016 -0.037815568812744615 -0.0049687201952605675
v -0.013817361534280148 -0.03784723080155317 -0.003679012473327692
v -0.01268359053774093 -0.037636915087218004 -0.006228534517488671
v -0.012015029524235499 -0.03742912470259263 -0.007427046174909302
v -0.013953504271459471 -0.03806096067010323 -0.0022929323808658364
v -0.014115703299549254 -0.03794880475046947 -0.002313331952299852
v -0.0058697984622416155 -0.03604504565736022 -0.012813590658356522
v -0.013659660034480159 -0.037959497347412885 -0.003646887714035124
v -0.0024438284604207106 -0.03599199847466483 -0.013785053907928724
v -0.004810524692141216 -0.036200208476009355 -0.013147580771266099
v -0.007006996010762434 -0.03653682882280851 -0.012120314220093187
v -0.008993480155866096 -0.036956983414297984 -0.010729274305694703
v 0.004966295955033118 -0.03639372426278875 -0.013089534427566663
v -0.011138476900814376 -0.037352624759994235 -0.008529139923850182
v -0.011226725157874595 -0.03719796166671063 -0.008563244272699055
v -0.011921098321653889 -0.037586828109741344 -0.007398292416066765
v -0.010697116406218066 -0.037401994574350894 -0.009031706285306251
v -0.013130132345144374 -0.03797865475799078 -0.004950491186673789
v -0.012584993960181867 -0.03779747188805693 -0.006205067929307417
v -0.013554561305123003 -0.03812469282034714 -0.003633805447559868
v -0.012094523050655281 -0.03782336986902335 -0.007051421023553661
v -0.013127229360387349 -0.03816636076055868 -0.004865784399355755
v -0.013774264036200412 -0.03839458266470919 -0.002503929257113846
v -0.01384653252565593 -0.038227674392621314 -0.00228484403018564
v -0.014285732947822982 -0.03790658749382558 -0.0023838449656740646
v -0.014454972000050859 -0.037965074435080126 -0.0009727051720097302
v -0.014276806555797439 -0.0380044306686389 -0.000930625184869284
v -0.014104656889417644 -0.03784464443668423 0.0032705220345376207
v -0.014364381518758296 -0.03793366803100051 0.0018677770786514752
v -0.014182224947301147 -0.03797172345272992 0.001871658056466427
v -0.01448113605616419 -0.03797423733834737 0.0004480525169993539
v -0.01429960032671651 -0.03801240720100019 0.0004696293994328922
v -0.013708022768710859 -0.03771146190472363 0.00463234446593519
v -0.01392827481622061 -0.03788475216564002 0.0032423812498910687
v -0.014112156584598079 -0.03811651410902117 -0.0009223803719891205
v -0.014134583190887895 -0.03812447538259267 0.000465462229902458
v -0.014004177758668579 -0.03828407469437245 -0.0009191511709957453
v -0.014019010256016151 -0.03808384504008666 0.0018551165746626824
v -0.013768912015682533 -0.03799698056452527 0.0032139669991212982
v -0.014026479433617012 -0.038292161852959694 0.0004638382118714486
v -0.013539836572978303 -0.037754518394805814 0.00458165858095938
v -0.01086465219603594 -0.03686242850868382 0.009466248961890744
v -0.011748371682285264 -0.03710617241674541 0.008373264710452855
v -0.011618545130403501 -0.037161279536062075 0.00827531663145975
v -0.010629159478551808 -0.03703286919060744 0.009288795912385517
v -0.005103319410485474 -0.03574755266227303 0.01339336935715918
v -0.00639964515565139 -0.035924573697292406 0.012838539733333043
v -0.0049990198602434255 -0.03592917422241326 0.013175052314929325
v -0.006267278492107231 -0.036104619787387104 0.012625377301028196
v -0.007635613327302282 -0.03613395099605565 0.012161072354963665
v -0.009874357692517544 -0.036611699889597116 0.010470974465850436
v -0.009670187455769197 -0.03678667243208755 0.010275707732942951
v -0.0074835027434477785 -0.03631345158441546 0.011950062365693181
v -0.008797722280662335 -0.03636626225586914 0.01136932999252882
v -0.01301796307406955 -0.037584936019807724 0.0058826353959873234
v -0.01317511048906539 -0.03753819071729447 0.005952110096400232
v -0.012376399628069579 -0.037384981023738106 0.007114551882112519
v -0.012871893540459256 -0.03769742000342191 0.005832522192465717
v -0.012523137687407426 -0.03733487878747166 0.007195365293848899
v -0.011491584369978658 -0.03727389321938945 0.008207439812439876
v -0.00862224142973711 -0.036544351406173625 0.01116296821209728
v -0.012239269837925892 -0.03749755274539357 0.007055049754499942
v -0.013386239687631085 -0.0378668803081017 0.004542004800999755
v -0.013999805161720169 -0.038476503292379505 -7.397327178403426e-05
v -0.013911627476562716 -0.038250909714769854 0.0018485983296097352
v -0.013282920514632868 -0.03803071011935 0.0045254723791024465
v -0.013663111381995163 -0.03816273298328676 0.003202508840084023
v -0.012772011409860617 -0.037858819852396586 0.005810749806788029
v -0.013796858489177888 -0.03840273085845558 0.0023762808974742144
v -0.01317537370318922 -0.038182977582637 0.004733872638482128
v -0.012156152348931637 -0.037843065151941246 0.006944636674762195
v -0.01214375839692694 -0.037656186938719305 0.007027965879464748
v -0.011401406829684713 -0.037429540504614334 0.00817504730907026
v -0.009086720898209832 -0.036979272691479714 0.010650423555794708
v -0.007118445257694173 -0.03655743963311364 0.01205519638100172
v -0.010779841935049661 -0.037425493110623265 0.008932805485625805
v -0.004936302419520366 -0.03621568851824852 0.013100875523076039
v -0.004438439103179037 0.035673902298667404 0.013622903517231388
v -0.0030630470777073815 0.03555875947093279 0.013987889000570686
v -0.0030190996173527773 0.03574316194551175 0.013760200200388373
v -0.005772001540634841 0.035833486351657395 0.013125609067646815
v -0.004370957582182089 0.035858579431462534 0.01339492098534567
v -0.0056818735914077045 0.036018319887047845 0.012897390978193757
v -0.007037867880362314 0.03602784137187509 0.012508365271544641
v -0.008238417063056724 0.03625030308288091 0.011770879350895824
v -0.0080963501007425 0.036433606924595185 0.011546866965377878
v -0.009362279382977845 0.03649141103500675 0.010920495551959841
v -0.00692341455919121 0.03621244602541873 0.0122806945911752
v -0.00023380662121263995 0.03566497972133931 0.014083599759511234
v -0.0016576900077445306 0.035493280189258236 0.014218199451573321
v -0.00023570374773898214 0.03548100449287439 0.014310950958969504
v -0.0016400944773525133 0.035677514817149536 0.013990325638564838
v -0.004255959712950452 0.03613705615977736 0.013337422050729852
v -0.00296093501803249 0.03602364138998615 0.013683306390278593
v -0.00672923644556761 0.036486997430060786 0.012276701556622749
v -0.007948956390280981 0.036722577885586194 0.011524500440572849
v -0.00919535871312327 0.03667347510005081 0.0106993642166886
v -0.005573861386875545 0.03630171376037161 0.012842589034672836
v -0.010395341413246828 0.03674073203073558 0.009966888901136173
v -0.012158835034911109 0.03722566399956939 0.007780729186550872
v -0.011332561077513348 0.03698919090484143 0.008915040439615995
v -0.011221698340314057 0.03704959282421427 0.008797124326837547
v -0.01203692207288276 0.03728316674888266 0.00766518533874716
v -0.012873616830030854 0.03744296442492967 0.006564404799402346
v -0.013309397375936838 0.03767889201792274 0.005202749022599484
v -0.013927448934223374 0.03778468120751777 0.003942916580558509
v -0.013462176962356076 0.03763077723902608 0.005288641227149116
v -0.012735089906947272 0.03749558817620846 0.006462775060535886
v -0.013759995160400607 0.037827924617774844 0.0038844289240481944
v -0.014254476270618155 0.03789584530581536 0.0025598241114532794
v -0.014441385001419671 0.03796034421024608 0.001151865060203816
v -0.014080283833755591 0.037936643495009026 0.002516382575347559
v -0.010196672923891148 0.03691902717470219 0.009757823453889203
v -0.012593003871145814 0.03760811793619201 0.0064081819717001776
v -0.011904398529906102 0.037395768988117695 0.0076016386781666
v -0.013603148152828703 0.03794021405181924 0.003850573245789135
v -0.014261817655854547 0.037999223606624 0.0011340005936417985
v -0.01409739847385072 0.03811131849109861 0.0011239561376364532
v -0.014305042946298752 0.038014299290933806 -0.00026015715046600815
v -0.014485731812913238 0.037975839511275034 -0.00026628617717008515
v -0.013918623631680171 0.03804881085873513 0.002494218706344392
v -0.01315915456331973 0.03779131115168033 0.005158038384336927
v -0.014139941887126306 0.03812636747252629 -0.00025784824523167674
v -0.01002321100158965 0.037216798642703 0.009774214255143798
v -0.011811253154998536 0.03755302607566513 0.0075720838328602325
v -0.011099908402278369 0.03716219887814676 0.008725655970171498
v -0.011012591885069534 0.037316400393039295 0.00869076007160241
v -0.012495029089270582 0.037768270379101576 0.006383942907285944
v -0.01171876867642363 0.03770517528333128 0.00765966499470444
v -0.0002352935187518307 0.03594464663525754 0.013998023698012507
v -0.0015957093996751825 0.035957063475446915 0.013908714001387712
v -0.012434720629985185 0.03793324841428136 0.006432552166339145
v -0.01305733933478992 0.037954049959458835 0.005139045959423605
v -0.012977286955194178 0.0381149271948833 0.005252623330693484
v -0.01349841468075208 0.038105123422444986 0.0038367175494065375
v -0.013811872184654184 0.038215341475775766 0.002485402225289035
v -0.013989511200659943 0.03827879515310606 0.001120020681173589
v -0.013437338513605512 0.038274370104067756 0.003929114528358757
v -0.013752605137771767 0.03838677779373301 0.002620281105520511
v -0.013943719572508395 0.03845594207314118 0.0012540724873148779
v -0.013999577233547722 0.038476419369035675 -0.00010890336851968573
v -0.014031804751252763 0.03829408446047289 -0.0002569489005062667
v -0.014208513934755862 0.037980806247350785 -0.0016644031599951509
v -0.014386905399833005 0.03794146145788435 -0.0016902885047762745
v -0.013973900505033221 0.03790027035485366 -0.0030434988990597767
v -0.014044896792890227 0.03809292020531263 -0.0016496802159898794
v -0.01360560958635626 0.03777627361434499 -0.00438655063483312
v -0.014144344047979929 0.03785815609504084 -0.003098860172593837
v -0.013250057849802932 0.037562177534840036 -0.0057875731356127336
v -0.013765372930126252 0.03773049724498323 -0.0044633943770389095
v -0.013104012158051681 0.03761246669128138 -0.005691867145043994
v -0.013813850105280356 0.03801248349494912 -0.0030167874338628275
v -0.01345105425827553 0.037888616454153645 -0.004348522392823018
v -0.013707763369284476 0.03817846861025487 -0.0030060595509680266
v -0.013937351888795302 0.03826012220910391 -0.0016438928431258826
v -0.012339279760889 0.03752850901517446 -0.006880164473213601
v -0.012477802869275134 0.03741594492291389 -0.006938353391230112
v -0.012856261863996576 0.037886724364220026 -0.005622273235335873
v -0.01295671810656096 0.037724935416105776 -0.005643255501804889
v -0.01334730307079146 0.038052762885290026 -0.004332733360090657
v -0.012612624767463498 0.03736219965058574 -0.0070412581927181694
v -0.006556360556161378 0.03594892672579286 -0.012761169086042412
v -0.007788067710764179 0.036162488747655264 -0.012066352463684926
v -0.006450464555037838 0.03613354663812629 -0.012533478378511376
v -0.010765696083242515 0.03706979927659004 -0.009131512121955954
v -0.010980382487177365 0.03689328178163365 -0.009335073914461534
v -0.01173725088555344 0.037195432522303395 -0.008109018710963367
v -0.001118466430382603 0.03548210694043652 -0.014269795141890196
v -0.00253302848449391 0.03552773072190041 -0.014091193868453478
v -0.0011013571547057593 0.03566608979829633 -0.014042568873773309
v -0.005183484323655896 0.03595198229844776 -0.013104104664464766
v -0.005261342775382538 0.03576677873740497 -0.013333526290962294
v -0.01185109671615614 0.037135698174983744 -0.008230847749647885
v -0.01160872419182668 0.03730804239093333 -0.008042308235687856
v -0.002500823616554959 0.03571219041694107 -0.013863056841321164
v -0.003915484137544112 0.035624067091222233 -0.013778653799287333
v -0.003867280190094635 0.03580958727215311 -0.013547970461609271
v -0.008937769360678471 0.03639653569480705 -0.011262191353711981
v -0.010001798151146324 0.03664263708589077 -0.010352295413582624
v -0.008781023442588909 0.03657925207311452 -0.01103948073369776
v -0.007659014588789759 0.036346830187075074 -0.011839209165237508
v -0.009816641320147257 0.03682277091402675 -0.010137022499915327
v 0.0002978385530316881 0.03567448213267932 -0.014082501126646552
v 0.0003071797337999248 0.03549056793937355 -0.01430995818395897
v -0.012243069276582919 0.03768756663991679 -0.006853859273294738
v -0.013921740239494218 0.03844793120850287 -0.0014782315002659363
v -0.013371065774862023 0.03825105467327283 -0.004149049955980422
v -0.013706555063868198 0.03837022200681384 -0.0028513814373132274
v -0.011517699788699542 0.03746413981045693 -0.008010698698969199
v -0.012329415906965902 0.03789882458452132 -0.00663215859442956
v -0.012890234605783535 0.0380852984398139 -0.005462770244666626
v -0.01158931310386857 0.03766524303045804 -0.007854161158727668
v -0.009854573717884008 0.037172258235314004 -0.009944214339512314
v -0.007761449705654677 0.03668357260419253 -0.011651606159500671
v -0.006528198075423097 0.03645200139568372 -0.012384774796314058
v -0.004037511063658683 0.03611444263331265 -0.013405168216362173
v -0.0013689654523667272 0.035951150694404355 -0.013932908719944126
v -0.0027417472711104007 0.036009172242570386 -0.013728905376209077
v -0.005354015127806699 0.03627067738194434 -0.012935784954321572
v -1.3452808300228528e-16 0.03594789675748222 -0.014000000664964318
v 0.00028900839270970535 0.03595423678463883 -0.01399701757156091
v 0.03000000142492354 -0.03648629934042802 -0.0010000000474974513
v 0.03000000142492354 -0.038487012783845476 -0.0010000000474974513
v 0.03000000142492354 -0.038244924454475804 -0.004424594135633009
v 0.03000000142492354 -0.03622036915201576 -0.004509445404616841
v 0.03000000142492354 -0.03767625606198699 -0.007921670813118287
v 0.03000000142492354 -0.03561766602890648 -0.007976962945261123
v 0.03000000142492354 -0.036759015875598156 -0.011446853227717324
v 0.03000000142492354 -0.03547905518247907 -0.014949756378715429
v 0.03000000142492354 -0.03468380139104443 -0.011370312277121375
v 0.03000000142492354 -0.03342745748981857 -0.014657944421800906
v 0.03000000142492354 -0.03186030920676486 -0.017809288870798134
v 0.03000000142492354 -0.03383184593676036 -0.018375727572629286
v 0.03000000142492354 -0.0299969344081763 -0.020795048747721534
v 0.03000000142492354 -0.027854655635158876 -0.023587460684553196
v 0.03000000142492354 -0.031823796830152684 -0.021668162421394355
v 0.03000000142492354 -0.025453389423082395 -0.026160563757818833
v 0.03000000142492354 -0.029472854106794566 -0.024771264299130458
v 0.03000000142492354 -0.022815465103451782 -0.028490430277783307
v 0.03000000142492354 -0.026808282218149238 -0.027632970215083485
v 0.03000000142492354 -0.019965409273501322 -0.030555402299692336
v 0.03000000142492354 -0.023869544209303983 -0.030207767014015507
v 0.03000000142492354 -0.016929718821696582 -0.032336274729249936
v 0.03000000142492354 -0.02070439055554929 -0.03245906602536541
v 0.03000000142492354 -0.01373662155546962 -0.033816495594234386
v 0.03000000142492354 -0.017366299500392035 -0.03436091014035636
v 0.03000000142492354 -0.010415803450351535 -0.034982297651560135
v 0.03000000142492354 -0.013911616032470375 -0.03589880923073663
v 0.03000000142492354 -0.01039662982730949 -0.037069730612036
v 0.03000000142492354 -0.00699814209798838 -0.035822843345780786
v 0.03000000142492354 -0.006874937384037105 -0.037881231199896614
v 0.03000000142492354 -0.003395280760861291 -0.038350004110345726
v 0.03000000142492354 1.02122023916482e-16 -0.03650000173365697
v 0.03000000142492354 -0.0035154136896935195 -0.03633031636182782
v 0.03000000142492354 1.1612072803648563e-16 -0.038500001828651875
v 0.03000000142492354 0.035479142920520346 -0.014949265236419151
v 0.03000000142492354 0.03186030920676486 -0.017809288870798134
v 0.03000000142492354 0.03383196800707866 -0.01837520305173035
v 0.03000000142492354 0.03468380139104443 -0.011370312277121375
v 0.03000000142492354 0.03342745748981857 -0.014657944421800906
v 0.03000000142492354 0.0299969344081763 -0.020795048747721534
v 0.03000000142492354 0.025453389423082395 -0.026160563757818833
v 0.03000000142492354 0.029473020046133502 -0.024770774110508542
v 0.03000000142492354 0.027854655635158876 -0.023587460684553196
v 0.03000000142492354 0.03182394560335311 -0.021667641715192865
v 0.03000000142492354 0.03824492826917325 -0.004424419613224817
v 0.03000000142492354 0.03648629934042802 -0.0010000000474974513
v 0.03000000142492354 0.03622036915201576 -0.004509445404616841
v 0.03000000142492354 0.038487012783845476 -0.0010000000474974513
v 0.03000000142492354 0.03767628276486912 -0.007921354670067382
v 0.03000000142492354 0.03675907309605986 -0.01144643074997509
v 0.03000000142492354 0.03561766602890648 -0.007976962945261123
v 0.03000000142492354 0.006874959795384605 -0.03788119686761959
v 0.03000000142492354 0.00699814209798838 -0.035822843345780786
v 0.03000000142492354 0.0035154136896935195 -0.03633031636182782
v 0.03000000142492354 0.013911698048465482 -0.03589867571632599
v 0.03000000142492354 0.010415803450351535 -0.034982297651560135
v 0.03000000142492354 0.010396679418376298 -0.037069654318087064
v 0.03000000142492354 0.003395285052395919 -0.03834999648095083
v 0.03000000142492354 0.01373662155546962 -0.033816495594234386
v 0.03000000142492354 0.019965409273501322 -0.030555402299692336
v 0.03000000142492354 0.023869706333945473 -0.030207402710409337
v 0.03000000142492354 0.022815465103451782 -0.028490430277783307
v 0.03000000142492354 0.02680845197218562 -0.027632537246923272
v 0.03000000142492354 0.017366415848664163 -0.034360700331996785
v 0.03000000142492354 0.016929718821696582 -0.032336274729249936
v 0.03000000142492354 0.020704533606703546 -0.0324587799230569
v 0.025000001187436283 -0.013967945762318745 0.0337216049952449
v 0.025000001187436283 -0.017205981118143532 0.03219012604066762
v 0.025000001187436283 -0.020278313646273638 0.030348641883377603
v 0.025000001187436283 -0.02315535655331158 0.028214883237107635
v 0.025000001187436283 -0.02580939796965498 0.02580939796965498
v 0.025000001187436283 -0.010595390823078255 0.03492832349738517
v 0.025000001187436283 -0.003577625683004876 0.03632424336349249
v 0.025000001187436283 -0.007120797018670133 0.03579866579336288
v 0.025000001187436283 1.065919863980442e-16 0.03650000173365697
v 0.025000001187436283 -0.03219012604066762 0.017205981118143532
v 0.025000001187436283 -0.03579866579336288 -0.007120797018670133
v 0.025000001187436283 -0.03492832349738517 0.010595390823078255
v 0.025000001187436283 -0.03579866579336288 0.007120797018670133
v 0.025000001187436283 -0.03632424336349249 0.003577625683004876
v 0.025000001187436283 -0.03650000173365697 6.704941604760845e-18
v 0.025000001187436283 -0.0337216049952449 0.013967945762318745
v 0.025000001187436283 -0.030348641883377603 0.020278313646273638
v 0.025000001187436283 -0.028214883237107635 0.02315535655331158
v 0.025000001187436283 -0.0337216049952449 -0.013967945762318745
v 0.025000001187436283 0.0337216049952449 0.013967945762318745
v 0.025000001187436283 0.007120797018670133 0.03579866579336288
v 0.025000001187436283 0.017205981118143532 0.03219012604066762
v 0.025000001187436283 0.013967945762318745 0.0337216049952449
v 0.025000001187436283 0.010595390823078255 0.03492832349738517
v 0.025000001187436283 0.003577625683004876 0.03632424336349249
v 0.025000001187436283 0.02580939796965498 0.02580939796965498
v 0.025000001187436283 0.02315535655331158 0.028214883237107635
v 0.025000001187436283 0.020278313646273638 0.030348641883377603
v 0.025000001187436283 0.028214883237107635 0.02315535655331158
v 0.025000001187436283 0.030348641883377603 0.020278313646273638
v 0.025000001187436283 0.03219012604066762 0.017205981118143532
v 0.025000001187436283 0.03492832349738517 0.010595390823078255
v 0.025000001187436283 0.03579866579336288 0.007120797018670133
v 0.025000001187436283 0.03650000173365697 -1.0339608858460937e-17
v 0.025000001187436283 0.03632424336349249 0.003577625683004876
v 0.025000001187436283 -0.03492832349738517 -0.010595390823078255
v 0.025000001187436283 0.007120797018670133 -0.03579866579336288
v 0.025000001187436283 -0.028214883237107635 -0.02315535655331158
v 0.025000001187436283 -0.030348641883377603 -0.020278313646273638
v 0.025000001187436283 -0.020278313646273638 -0.030348641883377603
v 0.025000001187436283 -0.03219012604066762 -0.017205981118143532
v 0.025000001187436283 -0.02580939796965498 -0.02580939796965498
v 0.025000001187436283 -0.013967945762318745 -0.0337216049952449
v 0.025000001187436283 -0.017205981118143532 -0.03219012604066762
v 0.025000001187436283 -0.010595390823078255 -0.03492832349738517
v 0.025000001187436283 -0.007120797018670133 -0.03579866579336288
v 0.025000001187436283 9.283820356043818e-17 -0.03650000173365697
v 0.025000001187436283 -0.003577625683004876 -0.03632424336349249
v 0.025000001187436283 -0.02315535655331158 -0.028214883237107635
v 0.025000001187436283 0.02315535655331158 -0.028214883237107635
v 0.025000001187436283 0.028214883237107635 -0.02315535655331158
v 0.025000001187436283 0.03219012604066762 -0.017205981118143532
v 0.025000001187436283 0.030348641883377603 -0.020278313646273638
v 0.025000001187436283 0.0337216049952449 -0.013967945762318745
v 0.025000001187436283 0.03632424336349249 -0.003577625683004876
v 0.025000001187436283 0.03492832349738517 -0.010595390823078255
v 0.025000001187436283 0.03579866579336288 -0.007120797018670133
v 0.025000001187436283 0.010595390823078255 -0.03492832349738517
v 0.025000001187436283 0.013967945762318745 -0.0337216049952449
v 0.025000001187436283 0.02580939796965498 -0.02580939796965498
v 0.025000001187436283 0.017205981118143532 -0.03219012604066762
v 0.025000001187436283 0.020278313646273638 -0.030348641883377603
v 0.025000001187436283 0.003577625683004876 -0.03632424336349249
v 0.025000001187436283 -0.03632424336349249 -0.003577625683004876
v 0.03000000142492354 -0.03648629934042802 -0.0010000000474974513
v 0.02650000125868246 -0.03648629934042802 -0.0010000000474974513
v 0.02650000125868246 -0.03848377410571313 -0.0010000000474974513
v 0.03000000142492354 -0.038487012783845476 -0.0010000000474974513
v 0.02650000125868246 -0.03648629934042802 -0.0010000000474974513
v 0.02650000125868246 -0.03848377410571313 0.0010000000474974513
v 0.02650000125868246 -0.03848377410571313 -0.0010000000474974513
v 0.02650000125868246 -0.03648629934042802 0.0010000000474974513
v 0.03000000142492354 -0.03648629934042802 0.0010000000474974513
v 0.03000000142492354 -0.038487012783845476 0.0010000000474974513
v 0.02650000125868246 -0.03848377410571313 0.0010000000474974513
v 0.02650000125868246 -0.03648629934042802 0.0010000000474974513
v 0.02650000125868246 0.03848377410571313 0.0010000000474974513
v 0.03000000142492354 0.03648629934042802 0.0010000000474974513
v 0.02650000125868246 0.03648629934042802 0.0010000000474974513
v 0.03000000142492354 0.038487012783845476 0.0010000000474974513
v 0.02650000125868246 0.03848377410571313 -0.0010000000474974513
v 0.02650000125868246 0.03648629934042802 0.0010000000474974513
v 0.02650000125868246 0.03648629934042802 -0.0010000000474974513
v 0.02650000125868246 0.03848377410571313 0.0010000000474974513
v 0.03000000142492354 0.03648629934042802 -0.0010000000474974513
v 0.02650000125868246 0.03848377410571313 -0.0010000000474974513
v 0.02650000125868246 0.03648629934042802 -0.0010000000474974513
v 0.03000000142492354 0.038487012783845476 -0.0010000000474974513
usemtl Diffuse_13
f 1 2 3
f 2 4 5
f 6 7 8
f 9 10 11
f 7 9 12
f 4 6 13
f 14 15 16
f 17 18 19
f 15 17 16
f 20 21 22
f 23 24 25
f 21 23 26
f 18 20 19
f 10 14 27
f 11 12 9
f 10 27 11
f 8 13 6
f 28 1 3
f 3 2 5
f 13 5 4
f 12 8 7
f 25 24 29
f 30 31 29
f 31 30 32
f 26 23 25
f 16 17 19
f 22 21 26
f 20 22 19
f 16 27 14
f 29 24 30
f 32 33 34
f 35 36 37
f 33 35 38
f 39 40 41
f 42 43 44
f 40 42 45
f 36 39 46
f 47 48 49
f 50 51 52
f 48 50 52
f 53 54 55
f 56 57 58
f 54 56 59
f 51 53 60
f 43 47 49
f 34 33 38
f 37 36 46
f 35 37 38
f 41 40 45
f 44 43 49
f 42 44 45
f 39 41 46
f 52 51 60
f 54 59 55
f 55 60 53
f 49 48 52
f 56 58 59
f 58 57 61
f 62 61 63
f 57 63 61
f 32 34 31
f 64 65 66
f 67 68 69
f 65 67 70
f 71 72 73
f 74 75 76
f 72 74 77
f 68 71 78
f 66 65 70
f 69 68 78
f 67 69 70
f 72 77 73
f 73 78 71
f 77 74 76
f 76 75 79
f 80 81 79
f 75 80 79
f 82 83 84
f 85 86 87
f 83 85 88
f 89 90 91
f 92 93 94
f 90 92 95
f 86 89 96
f 84 81 82
f 97 88 85
f 84 83 88
f 96 87 86
f 95 91 90
f 94 95 92
f 96 89 91
f 97 85 87
f 82 81 80
f 98 99 100
f 99 101 102
f 103 104 105
f 104 106 107
f 101 103 102
f 108 109 110
f 109 111 110
f 112 113 114
f 115 116 117
f 113 115 118
f 111 112 114
f 106 108 107
f 110 111 114
f 108 110 107
f 103 105 102
f 105 104 107
f 102 100 99
f 119 120 121
f 120 122 121
f 118 115 117
f 123 121 122
f 117 119 121
f 122 124 123
f 118 114 113
f 116 119 117
f 125 126 123
f 125 127 126
f 128 129 130
f 129 131 132
f 127 128 126
f 133 134 135
f 134 136 135
f 137 138 139
f 140 141 142
f 138 140 142
f 136 137 139
f 131 133 132
f 126 128 130
f 130 129 132
f 138 142 139
f 139 135 136
f 133 135 132
f 143 144 145
f 144 146 145
f 147 143 145
f 148 145 146
f 149 148 146
f 147 142 141
f 147 141 143
f 125 123 124
f 150 151 152
f 153 154 155
f 151 153 156
f 157 158 159
f 160 161 162
f 158 160 163
f 154 157 164
f 152 165 150
f 155 156 153
f 152 151 156
f 159 164 157
f 162 163 160
f 166 162 161
f 159 158 163
f 155 154 164
f 161 167 166
f 167 168 169
f 170 171 172
f 168 170 173
f 174 175 176
f 177 178 179
f 175 177 180
f 171 174 181
f 169 168 173
f 172 171 181
f 170 172 173
f 175 180 176
f 176 181 174
f 180 177 179
f 182 179 183
f 179 178 183
f 167 169 166
f 184 185 186
f 187 188 185
f 189 190 191
f 192 193 184
f 194 189 193
f 195 191 196
f 197 198 199
f 200 198 201
f 202 203 204
f 205 206 207
f 204 208 209
f 206 210 211
f 200 212 208
f 213 199 195
f 214 210 203
f 188 187 215
f 184 186 192
f 192 194 193
f 189 194 190
f 191 190 196
f 188 186 185
f 208 212 209
f 210 214 211
f 202 214 203
f 209 202 204
f 197 199 213
f 195 196 213
f 207 206 211
f 198 197 201
f 201 212 200
f 207 216 205
f 217 218 219
f 220 221 216
f 222 221 220
f 223 224 225
f 226 224 222
f 227 228 229
f 223 230 228
f 227 231 232
f 205 216 221
f 233 234 235
f 236 237 238
f 237 234 239
f 240 241 242
f 241 243 244
f 245 242 236
f 235 246 247
f 246 232 248
f 249 244 250
f 251 226 220
f 224 226 225
f 222 220 226
f 230 223 225
f 231 227 229
f 228 230 229
f 232 231 248
f 235 247 233
f 245 236 238
f 240 242 245
f 241 240 243
f 247 246 248
f 239 238 237
f 234 233 239
f 243 250 244
f 250 217 249
f 217 219 249
f 207 252 216
f 253 254 255
f 255 254 256
f 256 257 258
f 259 260 261
f 262 261 263
f 264 265 262
f 257 259 258
f 266 267 268
f 266 269 267
f 270 271 272
f 273 274 270
f 271 275 272
f 276 277 269
f 278 275 265
f 274 279 268
f 254 253 280
f 257 256 281
f 254 281 256
f 260 259 282
f 264 262 263
f 260 263 261
f 257 282 259
f 272 275 278
f 273 270 272
f 274 273 279
f 283 268 279
f 276 269 266
f 284 277 276
f 283 266 268
f 284 285 277
f 264 278 265
f 285 286 277
f 287 288 289
f 285 290 291
f 288 291 292
f 293 294 295
f 294 296 297
f 293 298 299
f 300 301 302
f 303 304 305
f 300 302 304
f 306 307 308
f 309 310 308
f 298 306 299
f 311 312 303
f 301 310 313
f 292 291 290
f 314 315 289
f 288 292 289
f 287 289 315
f 315 314 316
f 297 296 316
f 316 296 315
f 294 297 295
f 295 298 293
f 304 302 305
f 307 306 298
f 303 305 311
f 307 309 308
f 313 317 301
f 317 302 301
f 310 309 313
f 311 318 312
f 286 285 291
f 319 320 321
f 322 323 324
f 320 323 325
f 326 327 328
f 327 329 330
f 326 331 332
f 333 334 335
f 336 337 338
f 333 335 337
f 339 340 341
f 342 341 343
f 332 340 339
f 344 336 345
f 334 342 346
f 325 323 322
f 347 321 320
f 320 325 347
f 348 319 321
f 348 321 349
f 329 348 350
f 350 348 349
f 329 350 330
f 328 327 330
f 331 326 328
f 340 332 331
f 340 343 341
f 346 351 334
f 351 335 334
f 342 343 346
f 337 335 338
f 338 345 336
f 344 352 336
f 353 354 355
f 355 356 357
f 358 359 360
f 361 358 362
f 359 363 364
f 365 366 361
f 357 356 363
f 367 368 369
f 370 371 372
f 367 369 371
f 373 374 375
f 376 377 375
f 365 373 366
f 378 379 370
f 377 380 368
f 381 353 344
f 356 355 354
f 381 354 353
f 364 363 382
f 362 358 360
f 364 360 359
f 356 382 363
f 374 373 365
f 376 375 374
f 377 376 380
f 383 368 380
f 372 371 369
f 384 370 372
f 383 369 368
f 384 378 370
f 362 365 361
f 352 344 353
f 385 386 387
f 388 386 389
f 390 391 392
f 393 394 389
f 393 391 395
f 396 385 397
f 398 399 396
f 400 401 402
f 403 400 404
f 405 406 407
f 405 408 409
f 410 411 407
f 412 408 403
f 399 402 401
f 413 411 414
f 390 392 415
f 395 391 390
f 393 395 394
f 388 389 394
f 397 385 387
f 388 387 386
f 396 397 398
f 402 399 398
f 412 403 404
f 402 404 400
f 406 405 409
f 414 411 410
f 416 413 414
f 406 410 407
f 412 409 408
f 417 418 416
f 418 413 416
f 419 420 421
f 422 421 423
f 424 425 423
f 426 427 428
f 420 429 427
f 430 431 426
f 432 424 418
f 433 434 435
f 436 433 437
f 436 438 439
f 440 439 441
f 442 443 444
f 435 434 431
f 440 445 444
f 423 425 422
f 429 420 419
f 422 419 421
f 425 424 432
f 427 429 428
f 435 431 430
f 430 426 428
f 438 436 437
f 441 445 440
f 439 438 441
f 437 433 435
f 442 444 445
f 446 447 448
f 449 446 448
f 442 447 443
f 448 450 449
f 447 446 443
f 417 432 418
f 451 452 453
f 454 455 453
f 451 453 456
f 457 458 451
f 459 451 458
f 457 460 458
f 455 461 453
f 462 463 464
f 465 466 464
f 462 464 466
f 467 468 462
f 469 462 468
f 468 470 455
f 455 471 468
f 455 472 461
f 473 457 474
f 475 476 474
f 474 457 475
f 477 475 456
f 475 457 451
f 456 461 478
f 451 456 475
f 479 461 480
f 481 482 480
f 453 461 456
f 483 481 484
f 485 481 480
f 480 461 472
f 484 481 486
f 484 487 488
f 489 462 466
f 467 462 489
f 490 467 489
f 467 470 468
f 455 470 491
f 492 491 470
f 470 467 493
f 491 472 455
f 494 491 495
f 496 497 495
f 497 498 495
f 499 500 497
f 501 500 499
f 499 497 502
f 495 491 503
f 500 498 497
f 504 486 485
f 485 472 505
f 486 487 484
f 506 487 507
f 507 487 486
f 486 508 507
f 486 481 485
f 509 498 510
f 472 491 494
f 498 494 495
f 511 472 494
f 472 485 480
f 498 512 494
f 510 498 500
f 500 513 510
f 489 466 514
f 515 516 517
f 518 516 519
f 520 521 522
f 523 524 519
f 523 521 525
f 526 515 527
f 528 529 526
f 530 531 532
f 533 530 534
f 535 536 537
f 535 538 539
f 540 541 537
f 542 538 533
f 529 532 531
f 543 541 544
f 520 522 545
f 525 521 520
f 523 525 524
f 518 519 524
f 527 515 517
f 518 517 516
f 526 527 528
f 532 529 528
f 542 533 534
f 532 534 530
f 536 535 539
f 544 541 540
f 546 543 544
f 536 540 537
f 542 539 538
f 547 548 546
f 548 543 546
f 549 550 551
f 552 551 553
f 554 555 553
f 556 557 558
f 550 559 557
f 560 561 556
f 562 554 548
f 563 564 565
f 566 563 567
f 566 568 569
f 570 569 571
f 572 573 574
f 565 564 561
f 570 575 574
f 553 555 552
f 559 550 549
f 552 549 551
f 555 554 562
f 557 559 558
f 565 561 560
f 560 556 558
f 568 566 567
f 568 571 569
f 576 577 578
f 567 563 565
f 578 577 579
f 575 570 571
f 580 573 572
f 579 580 578
f 575 572 574
f 580 579 573
f 547 562 548
f 581 582 219
f 583 584 585
f 585 586 587
f 588 589 590
f 588 584 591
f 590 592 593
f 582 594 586
f 595 596 597
f 598 599 600
f 601 602 603
f 602 604 605
f 605 606 607
f 598 608 595
f 609 603 597
f 610 599 593
f 611 612 607
f 606 611 607
f 586 594 587
f 584 583 591
f 592 590 589
f 591 589 588
f 583 585 587
f 581 594 582
f 219 218 581
f 599 610 600
f 609 601 603
f 596 609 597
f 606 605 604
f 600 608 598
f 596 595 608
f 604 602 601
f 613 611 606
f 610 593 592
f 614 615 616
f 617 618 619
f 618 612 620
f 621 622 623
f 621 624 614
f 625 622 617
f 626 627 616
f 628 629 630
f 631 632 633
f 634 635 636
f 187 634 637
f 631 638 629
f 639 628 640
f 641 632 642
f 643 642 627
f 644 635 639
f 645 619 620
f 618 620 619
f 615 626 616
f 621 623 624
f 627 626 643
f 625 623 622
f 615 614 624
f 619 625 617
f 643 641 642
f 641 633 632
f 638 631 633
f 630 629 638
f 644 639 640
f 637 634 636
f 628 630 640
f 644 636 635
f 637 215 187
f 612 611 620
f 646 647 648
f 646 649 650
f 651 652 653
f 654 655 652
f 648 649 646
f 656 657 650
f 658 656 649
f 656 650 649
f 656 659 657
f 660 649 648
f 657 659 653
f 652 651 654
f 661 654 651
f 659 651 653
f 655 662 663
f 661 651 659
f 655 654 662
f 664 659 656
f 665 666 663
f 667 668 669
f 670 667 671
f 671 672 673
f 674 675 676
f 677 678 679
f 680 678 675
f 681 676 669
f 663 682 665
f 672 665 673
f 670 673 683
f 667 670 668
f 670 671 673
f 673 665 684
f 681 668 685
f 676 681 674
f 680 674 686
f 678 680 679
f 680 675 674
f 674 681 687
f 681 669 668
f 668 670 688
f 679 689 690
f 666 665 672
f 679 680 691
f 682 662 692
f 663 662 682
f 682 693 694
f 695 684 694
f 694 665 682
f 693 682 692
f 696 683 684
f 673 684 683
f 697 696 695
f 684 695 696
f 683 698 688
f 694 693 695
f 684 665 694
f 699 695 693
f 648 700 660
f 649 660 658
f 656 658 664
f 692 699 693
f 697 695 699
f 664 661 659
f 692 654 661
f 697 701 696
f 692 662 654
f 702 685 688
f 668 688 685
f 703 702 698
f 688 698 702
f 685 704 687
f 696 701 698
f 687 705 686
f 674 687 686
f 691 686 706
f 687 704 705
f 691 680 686
f 685 702 704
f 687 681 685
f 707 704 702
f 703 707 702
f 698 701 703
f 707 708 704
f 709 706 705
f 686 705 706
f 706 709 710
f 711 706 710
f 708 709 705
f 705 704 708
f 689 691 711
f 698 683 696
f 688 670 683
f 677 679 690
f 690 712 677
f 713 677 712
f 714 715 712
f 713 712 715
f 715 716 713
f 717 712 690
f 718 719 716
f 720 719 721
f 718 721 719
f 715 718 716
f 722 718 715
f 723 717 689
f 717 690 689
f 724 722 714
f 722 715 714
f 717 714 712
f 725 714 717
f 726 727 721
f 720 721 727
f 728 726 729
f 721 729 726
f 727 730 731
f 718 722 729
f 729 721 718
f 732 729 722
f 727 733 720
f 679 691 689
f 734 735 736
f 737 738 739
f 740 741 737
f 742 743 741
f 734 744 731
f 733 731 744
f 745 731 730
f 734 731 745
f 734 746 744
f 730 727 726
f 747 748 743
f 736 746 734
f 749 750 738
f 751 752 748
f 753 749 736
f 754 752 755
f 733 727 731
f 756 730 726
f 757 723 711
f 723 689 711
f 758 724 725
f 724 714 725
f 723 725 717
f 759 725 723
f 732 728 729
f 722 724 732
f 760 756 728
f 756 726 728
f 730 756 761
f 762 728 732
f 761 745 730
f 763 732 724
f 759 758 725
f 723 757 759
f 758 763 724
f 762 760 728
f 732 763 762
f 761 760 764
f 735 761 764
f 756 760 761
f 735 745 761
f 710 757 711
f 764 765 753
f 736 735 753
f 765 739 750
f 738 750 739
f 750 749 753
f 765 750 753
f 766 742 740
f 741 740 742
f 767 751 747
f 748 747 751
f 747 743 742
f 768 747 742
f 740 737 739
f 769 740 739
f 766 740 769
f 739 765 769
f 768 742 766
f 770 755 771
f 751 767 771
f 747 768 767
f 751 771 755
f 755 752 751
f 735 764 753
f 735 734 745
f 691 706 711
f 772 773 774
f 772 774 775
f 776 777 778
f 779 777 776
f 778 780 776
f 774 781 775
f 773 782 774
f 783 781 774
f 784 774 782
f 779 785 777
f 780 786 787
f 788 777 785
f 779 789 785
f 790 787 791
f 781 785 789
f 775 781 789
f 783 785 781
f 792 793 794
f 792 795 796
f 797 798 799
f 800 801 798
f 802 794 803
f 804 805 803
f 802 803 805
f 804 803 806
f 800 805 804
f 800 804 801
f 807 803 794
f 799 808 797
f 799 798 801
f 808 799 809
f 810 808 811
f 811 812 810
f 799 801 813
f 797 808 810
f 801 804 814
f 795 790 815
f 811 808 816
f 817 786 778
f 780 778 786
f 787 786 791
f 818 791 786
f 819 796 815
f 795 815 796
f 820 807 793
f 794 793 807
f 793 792 796
f 819 793 796
f 815 790 791
f 818 815 791
f 784 783 774
f 783 788 785
f 817 818 786
f 818 819 815
f 819 820 793
f 817 778 788
f 820 821 807
f 788 778 777
f 822 823 806
f 803 822 806
f 823 822 821
f 807 821 822
f 814 806 824
f 801 814 813
f 809 813 825
f 808 809 816
f 809 799 813
f 813 814 826
f 814 804 806
f 816 809 827
f 828 824 823
f 806 823 824
f 823 829 828
f 828 826 824
f 821 829 823
f 830 825 826
f 813 826 825
f 831 827 830
f 825 830 827
f 827 809 825
f 828 830 826
f 826 814 824
f 816 832 833
f 820 829 821
f 822 803 807
f 811 833 834
f 834 835 812
f 836 835 834
f 811 816 833
f 837 838 839
f 836 838 837
f 840 841 839
f 835 836 837
f 842 836 834
f 833 842 834
f 843 838 836
f 842 843 836
f 844 842 833
f 840 845 846
f 841 840 846
f 847 848 843
f 848 838 843
f 848 845 840
f 840 838 848
f 840 839 838
f 849 843 842
f 846 850 841
f 816 827 832
f 851 852 853
f 851 854 855
f 856 857 858
f 859 857 860
f 846 861 850
f 861 852 850
f 862 861 863
f 862 852 861
f 852 862 853
f 861 846 864
f 865 858 857
f 855 858 865
f 854 853 866
f 858 855 854
f 867 868 869
f 851 853 854
f 870 868 859
f 853 862 871
f 872 873 867
f 858 854 874
f 831 844 832
f 844 833 832
f 849 842 844
f 875 849 844
f 847 876 848
f 846 845 864
f 863 864 877
f 878 864 845
f 863 861 864
f 843 849 847
f 876 845 848
f 879 847 849
f 875 879 849
f 844 831 875
f 879 880 876
f 879 876 847
f 880 877 878
f 864 878 877
f 877 880 881
f 882 877 881
f 876 880 878
f 878 845 876
f 882 871 863
f 832 827 831
f 883 866 871
f 853 871 866
f 854 866 874
f 884 874 866
f 885 860 856
f 857 856 860
f 886 869 870
f 868 870 869
f 870 859 860
f 886 870 860
f 856 858 874
f 884 856 874
f 881 887 883
f 883 871 882
f 885 884 887
f 883 887 884
f 883 884 866
f 882 881 883
f 885 886 860
f 856 884 885
f 888 869 886
f 869 888 872
f 872 867 869
f 863 877 882
f 871 862 863
f 812 811 834
f 889 890 891
f 183 889 182
f 892 893 894
f 895 896 897
f 893 895 898
f 890 892 899
f 900 889 891
f 889 900 182
f 892 894 899
f 899 891 890
f 894 893 898
f 898 895 897
f 901 897 896
f 902 901 896
f 150 165 903
f 904 905 906
f 907 908 909
f 905 907 910
f 911 912 913
f 914 903 915
f 912 914 916
f 908 911 917
f 901 902 918
f 910 906 905
f 918 904 906
f 917 909 908
f 916 913 912
f 915 916 914
f 917 911 913
f 910 907 909
f 903 165 915
f 918 902 904
f 919 920 148
f 921 922 923
f 922 924 925
f 920 921 923
f 926 927 928
f 927 929 930
f 931 932 933
f 934 935 936
f 932 934 933
f 929 931 930
f 924 926 928
f 928 927 930
f 924 928 925
f 923 148 920
f 922 925 923
f 937 938 939
f 938 940 941
f 933 934 936
f 941 939 938
f 935 939 936
f 940 942 941
f 933 930 931
f 937 939 935
f 98 100 943
f 942 944 945
f 944 946 945
f 947 948 949
f 948 950 951
f 946 947 949
f 952 953 954
f 953 955 956
f 957 958 959
f 960 961 962
f 958 960 959
f 955 957 956
f 950 952 954
f 945 946 949
f 949 948 951
f 954 953 956
f 956 957 959
f 950 954 951
f 963 964 965
f 964 966 967
f 961 965 962
f 967 943 100
f 967 965 964
f 943 967 966
f 962 959 960
f 961 963 965
f 942 945 941
f 968 969 970
f 93 968 971
f 972 973 974
f 975 976 977
f 973 975 978
f 969 972 979
f 971 968 970
f 93 971 94
f 972 974 979
f 979 970 969
f 974 973 978
f 978 975 977
f 980 977 976
f 981 980 976
f 64 66 982
f 983 984 985
f 986 987 988
f 984 986 985
f 989 990 991
f 992 993 994
f 990 992 995
f 987 989 996
f 980 981 997
f 988 985 986
f 997 983 985
f 991 996 989
f 994 995 992
f 982 994 993
f 991 990 995
f 988 987 996
f 993 64 982
f 997 981 983
f 63 998 999
f 1000 1001 1002
f 1003 1004 1005
f 1001 1003 1006
f 998 1000 1007
f 1008 1009 1010
f 1011 1012 1013
f 1009 1011 1013
f 1014 1015 1016
f 1017 1018 1019
f 1015 1017 1020
f 1012 1014 1016
f 1004 1008 1010
f 1001 1006 1002
f 1002 1007 1000
f 1005 1006 1003
f 999 62 63
f 999 998 1007
f 1019 1018 1021
f 1022 1023 1021
f 1023 1022 1024
f 1020 1017 1019
f 1010 1009 1013
f 1016 1015 1020
f 1012 1016 1013
f 1010 1005 1004
f 1022 1021 1018
f 1 28 1025
f 1024 1026 1027
f 1026 1028 1029
f 1030 1031 1032
f 1033 1034 1035
f 1031 1033 1036
f 1028 1030 1037
f 1038 1039 1040
f 1041 1042 1043
f 1039 1041 1043
f 1044 1045 1046
f 1047 1048 1049
f 1045 1047 1049
f 1042 1044 1046
f 1034 1038 1050
f 1027 1026 1029
f 1037 1030 1032
f 1028 1037 1029
f 1036 1033 1035
f 1050 1038 1040
f 1034 1050 1035
f 1031 1036 1032
f 1043 1042 1046
f 1045 1049 1046
f 1040 1039 1043
f 1051 1052 1053
f 1048 1054 1049
f 1051 1054 1052
f 1025 1051 1053
f 1053 1 1025
f 1052 1054 1048
f 1024 1027 1023
f 1055 1056 1057
f 1058 1056 1059
f 1055 1059 1056
f 1060 1055 1057
f 1061 1062 1063
f 1062 1061 1060
f 1060 1057 1062
f 1064 1061 1063
f 1065 1066 1067
f 1068 1069 1065
f 1068 1070 1069
f 1071 1058 1059
f 1065 1067 1068
f 1067 1066 1071
f 1066 1058 1071
f 1072 1073 1074
f 1075 1073 1076
f 1072 1076 1073
f 1077 1072 1074
f 1078 1079 1080
f 1079 1078 1077
f 1077 1074 1079
f 1081 1082 1083
f 1082 1081 1064
f 1064 1063 1082
f 1084 1081 1083
f 1076 1085 1075
f 1086 1087 1075
f 1086 1075 1085
f 1087 1086 1084
f 1084 1083 1087
f 1088 1069 1070
f 1089 1070 1090
f 1088 1070 1089
f 1091 1089 1090
f 1092 1091 1093
f 1091 1090 1093
f 1094 1095 1096
f 1094 1092 1093
f 1096 1092 1094
f 1096 1095 1097
f 1098 1097 1095
f 1098 1099 1097
f 1100 1099 1098
f 1101 1100 1102
f 1102 1103 1101
f 1101 1099 1100
f 1104 1103 1102
f 1105 1104 1106
f 1106 1107 1105
f 1105 1103 1104
f 1108 1107 1106
f 1109 1108 1110
f 1109 1110 1111
f 1112 1111 1110
f 1109 1107 1108
f 1113 1111 1114
f 1112 1114 1111
f 1115 1113 1116
f 1114 1116 1113
f 1117 1118 1119
f 1119 1120 1117
f 1115 1118 1117
f 1115 1116 1118
f 281 1121 257
f 257 1122 1123
f 254 1124 1125
f 254 1126 281
f 1127 1128 1129
f 1130 1131 282
f 1132 1126 254
f 1121 281 1126
f 1133 1126 1132
f 1134 1132 1125
f 1135 1122 1121
f 257 1121 1122
f 282 1122 1130
f 1136 1130 1122
f 1132 254 1125
f 1137 1121 1126
f 264 1138 278
f 1139 272 1140
f 1139 273 272
f 1141 1142 1129
f 1142 263 1129
f 1143 1139 1138
f 1139 1140 1138
f 1138 264 1142
f 1144 1138 1142
f 1145 273 1139
f 1128 1130 1129
f 1142 264 263
f 1146 1129 1130
f 1147 266 1148
f 266 1149 276
f 1150 1151 283
f 1152 1153 284
f 1154 1152 284
f 1155 276 1156
f 284 1157 1154
f 1157 284 1155
f 284 276 1155
f 276 1149 1156
f 1158 1159 1160
f 1158 1160 1161
f 1150 1158 1161
f 1162 1159 1158
f 1163 1162 1158
f 1164 1158 1145
f 279 1145 1158
f 266 1165 1166
f 266 1166 1149
f 1161 1151 1150
f 1167 1148 1168
f 1151 1168 283
f 1147 1148 1167
f 1147 1165 266
f 273 1145 279
f 1169 1145 1139
f 1146 1130 1170
f 1130 1136 1170
f 1129 1146 1171
f 1122 1172 1136
f 1135 1121 1173
f 1126 1133 1174
f 1121 1137 1173
f 1137 1126 1174
f 1171 1141 1129
f 1122 1135 1172
f 1158 1175 1163
f 1141 1176 1142
f 1177 1175 1158
f 1178 1138 1144
f 1169 1139 1179
f 1139 1143 1179
f 1164 1145 1180
f 1164 1181 1158
f 1180 1145 1169
f 1138 1178 1143
f 1142 1176 1144
f 1133 1132 1182
f 1183 1181 1184
f 1134 1125 1185
f 1134 1182 1132
f 1183 1184 1186
f 1177 1181 1183
f 1187 1188 1189
f 1187 1189 1186
f 1184 1187 1186
f 1190 1191 1192
f 1193 1194 1195
f 1190 1195 1191
f 1196 1192 1188
f 1190 1192 1196
f 1188 1187 1196
f 1197 1198 1199
f 1198 1194 1193
f 1195 1190 1193
f 1199 1200 1197
f 1197 1194 1198
f 1201 1202 1203
f 1201 1203 1204
f 1205 1206 1199
f 1206 1204 1199
f 1206 1205 1201
f 1206 1201 1204
f 1207 1202 1201
f 1200 1199 1204
f 1177 1158 1181
f 1208 1153 1152
f 1209 1207 1210
f 1211 1212 1208
f 290 1212 1211
f 290 1211 1213
f 290 1213 1214
f 1214 292 290
f 289 292 1215
f 289 1215 1216
f 1217 292 1218
f 292 1217 1215
f 1219 1220 289
f 1214 1218 292
f 289 1216 1221
f 1220 1219 1222
f 1220 1222 1223
f 1224 1225 1226
f 1227 1225 1228
f 1224 314 1223
f 1219 289 1221
f 314 1224 1226
f 316 1229 297
f 1230 295 297
f 1231 298 295
f 302 1232 1233
f 1234 302 1233
f 311 1235 1236
f 305 1237 311
f 1228 1238 1227
f 307 298 1231
f 1227 1229 316
f 1239 1230 1229
f 1230 297 1229
f 1240 1241 1231
f 307 1231 1241
f 1230 1231 295
f 1242 1231 1230
f 1241 309 307
f 1243 1229 1227
f 313 309 1244
f 317 1245 1246
f 1247 1246 1244
f 1246 313 1244
f 311 1248 1235
f 317 1246 1233
f 1249 1233 1246
f 305 302 1234
f 1241 1244 309
f 1250 1244 1241
f 1226 1225 1227
f 1227 1238 1251
f 1252 1253 1254
f 1255 1254 1256
f 1257 1258 1259
f 1260 1259 1261
f 1258 1257 1256
f 1227 1262 1263
f 1227 1263 1264
f 1265 1266 1267
f 1268 1266 1269
f 1269 1266 1265
f 1269 1264 1268
f 1252 1267 1253
f 1270 1271 1207
f 1270 1272 1273
f 1273 1274 1275
f 1207 1271 1202
f 1276 1260 1261
f 1257 1255 1256
f 1260 1257 1259
f 1273 1276 1261
f 1257 1260 1276
f 1269 1265 1252
f 1255 1257 1252
f 1252 1254 1255
f 1252 1265 1267
f 1277 1278 1273
f 1262 1227 1251
f 1243 1227 1279
f 1279 1227 1264
f 1243 1280 1229
f 1229 1280 1239
f 1240 1281 1241
f 1282 1231 1242
f 1241 1281 1250
f 1250 1283 1244
f 1239 1284 1230
f 1230 1284 1242
f 1237 1234 1285
f 305 1234 1237
f 311 1237 1248
f 1286 1237 1287
f 1249 1288 1233
f 1246 1289 1249
f 1237 1285 1287
f 1290 1285 1234
f 1291 1233 1288
f 1290 1234 1291
f 1286 1248 1237
f 1283 1247 1244
f 1279 1264 1269
f 1247 1289 1246
f 1239 1280 1243
f 1269 1243 1279
f 1284 1239 1242
f 1240 1282 1242
f 1283 1250 1247
f 1281 1240 1250
f 1292 1276 1273
f 1293 1294 1248
f 1294 1235 1248
f 1278 1292 1273
f 1286 1294 1293
f 1249 1291 1288
f 1285 1290 1291
f 1286 1287 1285
f 1295 1270 1296
f 1272 1270 1295
f 1289 1247 1249
f 1293 1248 1286
f 1296 1270 1209
f 1294 1297 1235
f 1231 1282 1240
f 1234 1233 1291
f 1277 1273 1298
f 1207 1209 1270
f 1274 1273 1272
f 1299 1298 1273
f 1300 1299 1273
f 1275 1300 1273
f 347 1301 321
f 321 1302 1303
f 325 1304 1305
f 325 1306 347
f 1307 1308 1309
f 1310 1311 349
f 1312 1306 325
f 1301 347 1306
f 1313 1306 1312
f 1314 1312 1305
f 1315 1302 1301
f 321 1301 1302
f 349 1302 1310
f 1316 1310 1302
f 1312 325 1305
f 1317 1301 1306
f 328 1318 331
f 1319 340 1320
f 1319 343 340
f 1321 1322 1309
f 1322 330 1309
f 1323 1319 1318
f 1319 1320 1318
f 1318 328 1322
f 1324 1318 1322
f 1325 343 1319
f 1308 1310 1309
f 1322 328 330
f 1326 1309 1310
f 1327 1328 1329
f 1330 335 1331
f 335 1332 338
f 1333 1334 351
f 1335 1336 345
f 1337 1335 345
f 1338 338 1339
f 345 1340 1337
f 1340 345 1338
f 345 338 1338
f 338 1332 1339
f 1341 1342 1343
f 1341 1343 1334
f 1333 1341 1334
f 1344 1342 1341
f 1345 1344 1341
f 1346 1341 1325
f 346 1325 1341
f 335 1347 1348
f 335 1348 1332
f 1334 1349 351
f 1350 1331 1351
f 1349 1351 351
f 1330 1331 1350
f 1330 1347 335
f 343 1325 346
f 1352 1325 1319
f 1309 1353 1321
f 1313 1312 1354
f 1345 1341 1355
f 1310 1356 1326
f 1306 1357 1317
f 1358 1316 1302
f 1310 1316 1356
f 1358 1302 1315
f 1353 1309 1326
f 1357 1306 1313
f 1341 1359 1355
f 1360 1341 1346
f 1359 1341 1360
f 1324 1322 1361
f 1362 1318 1324
f 1363 1352 1319
f 1325 1352 1364
f 1323 1363 1319
f 1325 1364 1346
f 1365 1360 1366
f 1321 1361 1322
f 1312 1314 1354
f 1323 1318 1362
f 1301 1317 1367
f 1315 1301 1367
f 1305 1368 1314
f 1365 1366 1369
f 1359 1360 1365
f 1370 1371 1372
f 1370 1372 1369
f 1366 1370 1369
f 1373 1374 1375
f 1376 1377 1378
f 1373 1378 1374
f 1379 1375 1371
f 1380 1377 1376
f 1378 1373 1376
f 1381 1380 1382
f 1379 1371 1370
f 1373 1375 1379
f 1382 1383 1381
f 1381 1377 1380
f 1384 1385 1386
f 1384 1386 1387
f 1388 1387 1382
f 1388 1389 1384
f 1388 1384 1387
f 1390 1385 1384
f 1383 1382 1387
f 1391 1336 1335
f 1392 1390 1393
f 1394 1395 1391
f 381 1395 1394
f 381 1394 1396
f 381 1396 1397
f 1397 354 381
f 356 354 1398
f 356 1398 1399
f 1400 354 1401
f 354 1400 1398
f 1402 1403 356
f 1397 1401 354
f 356 1399 1404
f 1403 1402 1405
f 382 1405 1406
f 1407 1408 1409
f 1410 1408 1411
f 1407 382 1406
f 1402 356 1404
f 382 1407 1409
f 364 1412 360
f 1413 362 360
f 1414 365 362
f 369 1415 1416
f 1416 1417 369
f 374 365 1414
f 1411 1418 1410
f 1419 376 374
f 1410 1412 364
f 1420 1413 1412
f 1413 360 1412
f 1421 1419 1414
f 1419 374 1414
f 1413 1414 362
f 1422 1414 1413
f 1419 1423 376
f 1424 1412 1410
f 383 1425 1426
f 384 372 1427
f 1428 1426 1423
f 1426 380 1423
f 1429 1430 1431
f 383 1426 1416
f 369 1417 372
f 1432 1416 1426
f 1431 384 1429
f 1423 380 376
f 1433 1423 1419
f 1434 1435 1328
f 1409 1408 1410
f 1410 1418 1436
f 1437 1438 1439
f 1440 1439 1441
f 1442 1443 1444
f 1442 1444 1445
f 1443 1446 1441
f 1410 1447 1448
f 1410 1448 1449
f 1450 1451 1452
f 1453 1451 1454
f 1454 1451 1450
f 1454 1449 1453
f 1437 1452 1438
f 1390 1455 1456
f 1455 1457 1328
f 1457 1458 1328
f 1390 1456 1385
f 1459 1442 1445
f 1446 1440 1441
f 1442 1446 1443
f 1328 1459 1445
f 1446 1442 1459
f 1454 1450 1437
f 1440 1446 1437
f 1437 1439 1440
f 1437 1450 1452
f 1327 1434 1328
f 1447 1410 1436
f 1424 1410 1460
f 1460 1410 1449
f 1424 1461 1412
f 1412 1461 1420
f 1421 1462 1419
f 1463 1414 1422
f 1419 1462 1433
f 1433 1464 1423
f 1420 1465 1413
f 1413 1465 1422
f 1427 1417 1466
f 372 1417 1427
f 384 1427 1429
f 1467 1427 1468
f 1432 1469 1416
f 1426 1470 1432
f 1427 1466 1468
f 1471 1466 1417
f 1472 1416 1469
f 1471 1417 1472
f 1467 1429 1427
f 1464 1428 1423
f 1460 1449 1454
f 1428 1470 1426
f 1422 1465 1420
f 1424 1420 1461
f 1433 1428 1464
f 1462 1421 1433
f 1463 1422 1421
f 1435 1459 1328
f 1424 1460 1454
f 1473 1474 1429
f 1474 1430 1429
f 1328 1475 1476
f 1467 1474 1473
f 1457 1455 1392
f 1432 1472 1469
f 1472 1466 1471
f 1468 1466 1467
f 1458 1477 1328
f 1470 1428 1432
f 1473 1429 1467
f 1474 1478 1430
f 1414 1463 1421
f 1417 1416 1472
f 1390 1392 1455
f 1475 1328 1477
f 1479 1329 1328
f 1480 1479 1328
f 1476 1480 1328
f 1481 1482 1483
f 1484 1481 1485
f 1484 1486 1487
f 1487 1486 1488
f 1486 1484 1485
f 1482 1481 1484
f 1489 1490 1491
f 1489 1491 1492
f 1489 1493 1490
f 1482 1489 1492
f 1492 1483 1482
f 1490 1493 1494
f 1495 1496 1497
f 1498 1496 1495
f 1499 1500 1501
f 1500 1499 1498
f 1501 1502 1499
f 1487 1503 1504
f 1504 1503 1505
f 1503 1487 1488
f 1504 1505 1497
f 1504 1497 1496
f 1498 1499 1496
f 1506 1507 1508
f 1506 1494 1493
f 1509 1507 1510
f 1507 1509 1508
f 1509 1510 1511
f 1507 1506 1493
f 1512 1513 1514
f 1512 1511 1510
f 1515 1516 1517
f 1513 1516 1514
f 1517 1516 1513
f 1510 1513 1512
f 1518 1519 1520
f 1517 1519 1515
f 1520 1519 1517
f 1521 1520 1522
f 1518 1520 1521
f 1523 1522 1524
f 1522 1523 1525
f 1525 1521 1522
f 1526 1523 1524
f 1527 1526 1524
f 1527 1528 1529
f 1527 1524 1528
f 1530 1502 1501
f 1531 1502 1532
f 1532 1502 1530
f 1533 1531 1532
f 1534 1535 1536
f 1533 1535 1531
f 1534 1536 1537
f 1531 1535 1534
f 1534 1537 1538
f 1539 1540 1538
f 1540 1539 1541
f 1539 1538 1542
f 1542 1538 1537
f 1543 1544 1540
f 1544 1543 1545
f 1543 1540 1541
f 1544 1546 1547
f 1546 1544 1545
f 1547 1546 1548
f 1549 1547 1550
f 1551 1549 1552
f 1553 1552 1549
f 1553 1549 1550
f 1547 1548 1550
f 1551 1552 1554
f 1555 1556 1557
f 1558 1559 1556
f 1557 1560 1561
f 1560 1557 1562
f 1560 1562 1563
f 1561 1555 1557
f 1559 1564 1528
f 1559 1565 1564
f 1528 1564 1529
f 1558 1565 1559
f 1556 1566 1558
f 1556 1555 1566
f 1567 1568 1569
f 1569 1568 1570
f 1567 1569 1571
f 1568 1572 1570
f 1568 1551 1572
f 1562 1573 1563
f 1573 1562 1574
f 1573 1574 1575
f 1574 1576 1575
f 1574 1567 1576
f 1567 1571 1576
f 1554 1572 1551
f 1577 1578 1579
f 1578 1580 1579
f 1579 1581 1582
f 1582 1583 1577
f 1579 1582 1577
f 1581 1584 1582
f 1585 1586 1582
f 1587 1577 1588
f 1589 1590 1587
f 1577 1591 1578
f 1592 1593 1594
f 1592 1595 1593
f 1592 1594 1589
f 1587 1588 1589
f 1585 1596 1597
f 1597 1598 1599
f 1597 1599 1586
f 1586 1599 1600
f 1583 1588 1577
f 1583 1601 1602
f 1582 1586 1583
f 1603 1602 1601
f 1604 1605 1588
f 1604 1588 1606
f 1592 1589 1588
f 1602 1607 1608
f 1608 1606 1602
f 1606 1588 1583
f 1602 1606 1583
f 1597 1586 1585
f 1609 1610 1611
f 1612 1611 1613
f 1614 1615 1613
f 1616 1615 1614
f 1612 1613 1615
f 1613 1611 1610
f 1617 1618 1619
f 1620 1617 1619
f 1618 1621 1619
f 1620 1619 1610
f 1610 1609 1620
f 1622 1621 1618
f 1623 1624 1625
f 1625 1624 1626
f 1627 1628 1629
f 1630 1627 1631
f 1629 1628 1626
f 1631 1627 1629
f 1632 1633 1614
f 1634 1633 1632
f 1616 1614 1633
f 1623 1634 1632
f 1624 1623 1632
f 1624 1629 1626
f 1635 1636 1637
f 1621 1622 1637
f 1638 1636 1639
f 1635 1639 1636
f 1640 1638 1639
f 1621 1637 1636
f 1641 1642 1643
f 1638 1640 1643
f 1644 1645 1646
f 1641 1645 1642
f 1642 1645 1644
f 1643 1642 1638
f 1647 1648 1649
f 1646 1648 1644
f 1644 1648 1647
f 1650 1647 1651
f 1651 1647 1649
f 1652 1650 1653
f 1654 1653 1650
f 1650 1651 1654
f 1655 1656 1652
f 1652 1653 1655
f 1657 1658 1656
f 1656 1658 1652
f 1659 1660 1631
f 1660 1659 1661
f 1662 1663 1664
f 1661 1659 1663
f 1662 1664 1665
f 1664 1663 1659
f 1666 1665 1664
f 1666 1667 1668
f 1669 1668 1667
f 1670 1666 1668
f 1665 1666 1670
f 1667 1671 1672
f 1673 1672 1671
f 1669 1667 1672
f 1674 1675 1671
f 1673 1671 1675
f 1676 1675 1674
f 1677 1678 1674
f 1676 1674 1678
f 1679 1678 1677
f 1680 1681 1677
f 1679 1677 1681
f 1680 1682 1681
f 1683 1684 1685
f 1684 1686 1687
f 1688 1689 1683
f 1690 1683 1689
f 1691 1690 1689
f 1683 1685 1688
f 1658 1657 1692
f 1692 1693 1686
f 1687 1694 1684
f 1686 1693 1687
f 1685 1684 1694
f 1658 1692 1686
f 1695 1680 1696
f 1697 1696 1698
f 1697 1699 1696
f 1695 1696 1699
f 1695 1682 1680
f 1700 1697 1698
f 1691 1701 1690
f 1702 1690 1701
f 1703 1702 1701
f 1703 1704 1702
f 1704 1698 1702
f 1704 1700 1698
f 1631 1660 1630
f 1705 1706 1707
f 1708 1709 1707
f 1708 1707 1706
f 1710 1711 1712
f 1706 1710 1712
f 1706 1713 1710
f 1714 1715 1706
f 1716 1717 1708
f 1718 1719 1708
f 1717 1709 1708
f 1720 1718 1715
f 1715 1718 1708
f 1715 1708 1706
f 1715 1721 1722
f 1711 1723 1712
f 1706 1712 1714
f 1712 1724 1714
f 1725 1714 1724
f 1726 1714 1727
f 1728 1729 1727
f 1726 1715 1714
f 1727 1729 1726
f 1726 1730 1731
f 1732 1721 1731
f 1731 1721 1715
f 1733 1726 1729
f 1734 1726 1733
f 1715 1726 1731
f 1735 1733 1729
f 1712 1723 1736
f 1737 1738 1739
f 1740 1737 1741
f 1742 1743 1744
f 1745 1743 1742
f 1746 1747 1740
f 1748 1738 1749
f 1739 1741 1737
f 1750 1741 1739
f 1739 1738 1748
f 1746 1751 1747
f 1740 1741 1746
f 1752 1745 1751
f 1753 1751 1745
f 1745 1742 1753
f 1752 1751 1746
f 1753 1747 1751
f 1750 1746 1741
f 1754 1744 1755
f 1756 1757 1758
f 1759 1760 1761
f 1762 1763 1764
f 1761 1760 1765
f 1761 1766 1759
f 1767 1768 1765
f 1769 1761 1765
f 1770 1767 1758
f 1766 1771 1772
f 1771 1764 1772
f 1762 1771 1773
f 1762 1764 1771
f 1762 1774 1763
f 1771 1766 1775
f 1759 1766 1772
f 1766 1761 1776
f 1777 1778 1774
f 1779 1756 1754
f 1774 1762 1780
f 1750 1752 1746
f 1781 1743 1745
f 1744 1743 1755
f 1743 1782 1755
f 1779 1755 1782
f 1756 1779 1757
f 1770 1757 1783
f 1767 1770 1768
f 1770 1758 1757
f 1757 1779 1783
f 1779 1754 1755
f 1768 1770 1784
f 1748 1785 1739
f 1785 1750 1739
f 1745 1752 1781
f 1781 1782 1743
f 1784 1770 1783
f 1782 1783 1779
f 1784 1769 1768
f 1786 1787 1769
f 1761 1769 1787
f 1788 1776 1787
f 1784 1789 1786
f 1786 1788 1787
f 1766 1776 1775
f 1773 1775 1790
f 1762 1773 1780
f 1773 1771 1775
f 1775 1776 1791
f 1776 1761 1787
f 1780 1773 1792
f 1793 1791 1788
f 1776 1788 1791
f 1793 1786 1789
f 1793 1794 1791
f 1788 1786 1793
f 1794 1792 1790
f 1773 1790 1792
f 1792 1794 1795
f 1796 1792 1795
f 1791 1794 1790
f 1790 1775 1791
f 1777 1780 1796
f 1769 1784 1786
f 1769 1765 1768
f 1797 1763 1774
f 1778 1798 1797
f 1798 1778 1799
f 1774 1780 1777
f 1800 1801 1802
f 1803 1804 1801
f 1803 1798 1799
f 1805 1800 1806
f 1777 1807 1778
f 1799 1778 1807
f 1808 1804 1799
f 1809 1807 1777
f 1804 1810 1802
f 1801 1804 1802
f 1802 1811 1806
f 1804 1808 1810
f 1806 1800 1802
f 1799 1807 1808
f 1804 1803 1799
f 1812 1808 1807
f 1806 1813 1805
f 1780 1792 1796
f 1814 1815 1816
f 1816 1817 1814
f 1818 1819 1820
f 1821 1819 1822
f 1823 1814 1824
f 1825 1822 1826
f 1813 1827 1805
f 1828 1805 1827
f 1829 1828 1827
f 1830 1827 1813
f 1816 1831 1829
f 1828 1829 1831
f 1832 1816 1829
f 1815 1831 1816
f 1826 1823 1833
f 1827 1834 1829
f 1835 1813 1806
f 1820 1819 1821
f 1795 1836 1809
f 1809 1777 1796
f 1812 1807 1809
f 1836 1812 1809
f 1812 1837 1808
f 1802 1810 1811
f 1835 1811 1838
f 1813 1835 1830
f 1835 1806 1811
f 1811 1810 1839
f 1810 1808 1837
f 1830 1835 1840
f 1836 1841 1812
f 1837 1812 1841
f 1839 1837 1841
f 1842 1838 1839
f 1811 1839 1838
f 1843 1840 1842
f 1838 1842 1840
f 1840 1835 1838
f 1841 1842 1839
f 1839 1810 1837
f 1830 1844 1834
f 1796 1795 1809
f 1845 1832 1834
f 1829 1834 1832
f 1816 1832 1817
f 1845 1817 1832
f 1846 1833 1824
f 1823 1824 1833
f 1847 1821 1825
f 1822 1825 1821
f 1825 1826 1833
f 1847 1825 1833
f 1824 1814 1817
f 1848 1824 1817
f 1843 1845 1844
f 1834 1844 1845
f 1845 1843 1848
f 1845 1848 1817
f 1844 1840 1843
f 1846 1824 1848
f 1846 1847 1833
f 1847 1849 1821
f 1849 1820 1821
f 1844 1830 1840
f 1834 1827 1830
f 1778 1797 1774
f 1850 1851 1852
f 1853 1850 1854
f 1853 1855 1856
f 1857 1858 1859
f 1860 1857 1856
f 1861 1862 1863
f 1864 1851 1862
f 1865 1854 1852
f 1852 1851 1864
f 1850 1852 1854
f 1866 1852 1864
f 1867 1860 1855
f 1855 1853 1854
f 1868 1869 1858
f 1858 1857 1860
f 1855 1860 1856
f 1868 1858 1860
f 1858 1869 1859
f 1870 1855 1854
f 1869 1871 1859
f 1864 1862 1861
f 1872 1873 1874
f 1872 1875 1876
f 1871 1874 1873
f 1877 1878 1879
f 1879 1876 1880
f 1878 1881 1882
f 1883 1882 1884
f 1874 1871 1885
f 1872 1874 1875
f 1880 1875 1886
f 1879 1880 1877
f 1880 1876 1875
f 1875 1874 1887
f 1881 1877 1888
f 1882 1881 1884
f 1889 1884 1890
f 1889 1891 1892
f 1889 1883 1884
f 1884 1881 1893
f 1881 1878 1877
f 1877 1880 1894
f 1892 1883 1889
f 1885 1871 1869
f 1895 1891 1889
f 1854 1865 1870
f 1885 1869 1896
f 1867 1855 1870
f 1852 1866 1865
f 1897 1887 1898
f 1874 1898 1887
f 1899 1885 1896
f 1898 1899 1897
f 1887 1900 1886
f 1885 1899 1898
f 1898 1874 1885
f 1897 1899 1901
f 1902 1903 1861
f 1903 1864 1861
f 1864 1903 1866
f 1868 1896 1869
f 1860 1867 1868
f 1896 1901 1899
f 1901 1904 1897
f 1905 1894 1886
f 1880 1886 1894
f 1906 1905 1900
f 1886 1900 1905
f 1894 1907 1888
f 1897 1904 1900
f 1888 1908 1893
f 1881 1888 1893
f 1890 1893 1909
f 1888 1907 1908
f 1890 1884 1893
f 1894 1905 1907
f 1888 1877 1894
f 1910 1907 1905
f 1906 1910 1905
f 1900 1904 1906
f 1910 1911 1907
f 1912 1909 1908
f 1893 1908 1909
f 1909 1912 1913
f 1914 1895 1890
f 1911 1912 1908
f 1908 1907 1911
f 1913 1914 1909
f 1900 1887 1897
f 1886 1875 1887
f 1895 1889 1890
f 1915 1916 1892
f 1917 1916 1915
f 1915 1891 1918
f 1919 1920 1917
f 1921 1922 1923
f 1919 1922 1920
f 1916 1917 1920
f 1924 1917 1915
f 1891 1895 1918
f 1917 1925 1919
f 1926 1924 1918
f 1924 1915 1918
f 1917 1924 1925
f 1927 1918 1895
f 1923 1928 1929
f 1921 1923 1929
f 1930 1931 1925
f 1931 1919 1925
f 1923 1931 1928
f 1923 1919 1931
f 1923 1922 1919
f 1932 1925 1924
f 1929 1933 1921
f 1892 1891 1915
f 1934 1935 1936
f 1937 1938 1939
f 1940 1941 1942
f 1943 1944 1934
f 1939 1945 1933
f 1946 1929 1928
f 1946 1939 1929
f 1945 1939 1938
f 1933 1929 1939
f 1947 1941 1948
f 1948 1944 1949
f 1950 1951 1952
f 1935 1950 1953
f 1938 1954 1951
f 1940 1955 1956
f 1942 1955 1940
f 1957 1928 1931
f 1958 1927 1914
f 1927 1895 1914
f 1959 1932 1926
f 1932 1924 1926
f 1927 1926 1918
f 1960 1926 1927
f 1957 1961 1928
f 1939 1946 1937
f 1962 1957 1930
f 1957 1931 1930
f 1961 1937 1946
f 1925 1932 1930
f 1946 1928 1961
f 1963 1930 1932
f 1960 1959 1926
f 1927 1958 1960
f 1959 1963 1932
f 1962 1964 1957
f 1930 1963 1962
f 1961 1964 1965
f 1965 1937 1961
f 1957 1964 1961
f 1965 1954 1937
f 1913 1958 1914
f 1965 1966 1952
f 1951 1954 1952
f 1967 1936 1953
f 1935 1953 1936
f 1953 1950 1952
f 1966 1953 1952
f 1968 1949 1943
f 1944 1943 1949
f 1969 1942 1947
f 1941 1947 1942
f 1947 1948 1949
f 1970 1947 1949
f 1943 1934 1936
f 1971 1943 1936
f 1966 1967 1953
f 1971 1936 1967
f 1971 1968 1943
f 1955 1942 1972
f 1969 1947 1970
f 1970 1949 1968
f 1942 1969 1972
f 1972 1973 1955
f 1954 1965 1952
f 1954 1938 1937
f 1890 1909 1914
f 1974 1975 1976
f 1976 1977 1974
f 1978 1977 1976
f 1979 1978 1980
f 1981 1982 1980
f 1979 1980 1982
f 1979 1977 1978
f 1982 1981 1983
f 1981 1984 1983
f 1981 1985 1984
f 1986 1984 1985
f 1987 1986 1988
f 1985 1988 1986
f 1989 1987 1990
f 1988 1990 1987
f 1991 1989 1992
f 1990 1992 1989
f 1993 1991 1994
f 1992 1994 1991
f 1995 1993 1996
f 1994 1996 1993
f 1997 1995 1998
f 1996 1998 1995
f 1999 1997 2000
f 1998 2000 1997
f 2001 1999 2000
f 2002 1999 2001
f 2003 2002 2001
f 2004 2005 2006
f 2007 2005 2004
f 2003 2004 2006
f 2003 2006 2002
f 2008 2009 2010
f 2011 2012 2008
f 2008 2012 2009
f 2013 2010 2009
f 2014 2015 2016
f 2017 2016 2015
f 2016 2017 2013
f 2010 2013 2017
f 2018 2019 2020
f 2019 2018 2021
f 2022 2018 2020
f 2008 2023 2011
f 2024 2011 2023
f 2024 2023 2022
f 2022 2020 2024
f 2025 2026 2027
f 2028 2029 2030
f 2030 2029 2026
f 2007 2031 2005
f 2025 2027 2031
f 2025 2030 2026
f 2028 2032 2029
f 2031 2027 2005
f 2033 2034 2035
f 2036 2035 2034
f 2035 2036 2014
f 2015 2014 2036
f 2028 2037 2032
f 2038 2032 2037
f 2037 2039 2038
f 2033 2038 2039
f 2034 2033 2039
f 2040 2041 2042
f 2043 2044 2042
f 2045 2042 2044
f 2046 2047 2045
f 2040 2042 2045
f 2048 2046 2045
f 2045 2044 2049
f 2050 2051 2052
f 2053 2054 2052
f 2049 2051 2050
f 2049 2050 2045
f 2055 2051 2049
f 2056 2049 2044
f 2044 2057 2056
f 2058 2059 2045
f 2060 2045 2061
f 2062 2063 2060
f 2045 2060 2064
f 2062 2060 2061
f 2065 2066 2067
f 2067 2061 2065
f 2064 2048 2045
f 2068 2065 2069
f 2059 2070 2069
f 2069 2065 2059
f 2071 2059 2072
f 2073 2074 2072
f 2065 2061 2059
f 2045 2059 2061
f 2072 2059 2073
f 2052 2054 2050
f 2045 2050 2058
f 2075 2058 2050
f 2059 2058 2076
f 2077 2058 2078
f 2077 2079 2058
f 2078 2058 2080
f 2077 2081 2079
f 2079 2082 2058
f 2083 2082 2079
f 2076 2058 2082
f 2084 2085 2086
f 2087 2086 2085
f 2082 2084 2076
f 2081 2088 2079
f 2084 2086 2076
f 2089 2090 2091
f 2090 2092 2091
f 2089 2091 2093
f 2094 2059 2093
f 2095 2096 2094
f 2093 2095 2094
f 2073 2059 2094
f 2097 2098 2076
f 2076 2089 2093
f 2076 2098 2089
f 2090 2089 2099
f 2100 2101 2089
f 2098 2100 2089
f 2093 2059 2076
f 2086 2102 2076
f 2050 2054 2103
f 2104 2105 2106
f 2106 2107 2104
f 2108 2109 2110
f 2109 2108 2111
f 2112 2113 2114
f 2114 2115 2112
f 2116 2117 2118
f 2117 2116 2119
f 2120 2121 2122
f 2121 2120 2123
f 2124 2125 2126
f 2125 2124 2127
