mtllib LINK3_UPPER_Mesh.mtl
v 0.008735423502984063 -0.028500064296185235 0.33409742797815056
v 0.008635665350052446 -0.023500001116190106 0.33407771362174543
v 0.01329517809120384 -0.023500001116190106 0.33476887576394887
v -0.008667371207881636 -0.023500001116190106 0.3269105685059337
v -0.004627043466995662 -0.023500001116190106 0.32933222999790956
v -0.008362498680583585 -0.028500064296185235 0.32711259488271693
v -0.00036880477034397646 -0.023500001116190106 0.33134623766192917
v -0.0043659150289945825 -0.028500064296185235 0.3294707798091778
v 0.004066335871241167 -0.023500001116190106 0.33293315179980354
v 0.0042421290505198495 -0.028500064296185235 0.33298664911679765
v -0.00012992065271917076 -0.028500064296185235 0.33144444323299993
v 0.013350103058717422 -0.028500064296185235 0.334774246857954
v 0.018000000854954123 -0.023500001116190106 0.3350000159116462
v -0.012102534868967951 -0.028500064296185235 0.3243883821068394
v -0.012450877781021163 -0.023500001116190106 0.32410450758163734
v -0.021555207322645487 -0.028500064296185235 0.3141916653139276
v -0.021910542575118708 -0.023500001116190106 0.3136673732968376
v -0.019104502631658304 -0.023500001116190106 0.31745088177732583
v -0.02793313731308089 -0.023500001116190106 0.30093366907873786
v -0.02634621936050907 -0.023500001116190106 0.30536881943588057
v -0.0276903547087759 -0.028500064296185235 0.3017119894282061
v -0.024332221233233087 -0.023500001116190106 0.30962705938422985
v -0.026056163118094444 -0.028500064296185235 0.3060540001324874
v -0.028894147337974463 -0.028500064296185235 0.2972440021554412
v -0.029077695320325336 -0.023500001116190106 0.2963643634417856
v -0.029768868906621115 -0.023500001116190106 0.29170484783961115
v -0.0296663565421329 -0.028500064296185235 0.2926496721032379
v -0.023994404978784356 -0.028500064296185235 0.3102480310934119
v -0.01875260251423594 -0.028500064296185235 0.3178747099224566
v -0.015941126626913826 -0.023500001116190106 0.32094114683568264
v -0.015583714271680815 -0.028500064296185235 0.3212948150653716
v 0.018000000854954123 -0.028500064296185235 0.3350000159116462
v -0.029989583486196292 -0.02550000121118501 0.288000013679266
v 0.013343526520319116 -0.028500064296185235 0.239225856699532
v 0.018000000854954123 -0.028500064296185235 0.23900001135189086
v 0.018000000854954123 -0.023500001116190106 0.23900001135189086
v -0.029989583486196292 -0.02550000121118501 0.2860000135842711
v -0.03000000142492354 -0.023500001116190106 0.2870000136317685
v -0.029768868906621115 -0.023500001116190106 0.2822951794239259
v -0.02793313731308089 -0.023500001116190106 0.2730663581847992
v -0.029077695320325336 -0.023500001116190106 0.2776356638217514
v -0.028901101531420004 -0.028500064296185235 0.2767879159787512
v -0.029670649984109287 -0.028500064296185235 0.28138209344305665
v -0.024332221233233087 -0.023500001116190106 0.2643729678793072
v -0.02634621936050907 -0.023500001116190106 0.2686312078276565
v -0.02605749254015466 -0.028500064296185235 0.26794910940658667
v -0.027688136462210577 -0.028500064296185235 0.27228288036438286
v -0.02401291770549374 -0.028500064296185235 0.26378547395491836
v -0.021910542575118708 -0.023500001116190106 0.26033265396669947
v -0.018743966039216353 -0.028500064296185235 0.2561142394596949
v -0.015941126626913826 -0.023500001116190106 0.2530588804278544
v -0.019104502631658304 -0.023500001116190106 0.2565491454862112
v -0.015597511078671578 -0.028500064296185235 0.25271871622712716
v -0.012450877781021163 -0.023500001116190106 0.24989550442310993
v -0.004357420651454891 -0.028500064296185235 0.24452418153614985
v -0.00036880477034397646 -0.023500001116190106 0.24265378960160788
v -0.004627043466995662 -0.023500001116190106 0.24466779726562748
v -0.00015189962810546222 -0.028500064296185235 0.2425645714577218
v 0.004066335871241167 -0.023500001116190106 0.2410668754637335
v 0.008635665350052446 -0.023500001116190106 0.23992231364179162
v 0.004257384502446837 -0.028500064296185235 0.24100934982623556
v -0.008667371207881636 -0.023500001116190106 0.24708947401639314
v -0.0083454527050425 -0.028500064296185235 0.24687623242911627
v -0.012114981273062542 -0.028500064296185235 0.2496223720859181
v -0.021555117677255486 -0.028500064296185235 0.25980823987929114
v 0.01329517809120384 -0.023500001116190106 0.23923115149958818
v 0.008762916027483247 -0.028500064296185235 0.239897182415012
v -0.029989583486196292 -0.028500064296185235 0.2860000135842711
v -0.029989583486196292 -0.028500064296185235 0.288000013679266
v 0.05189753969644606 -0.028500064296185235 0.25092773103463806
v 0.046805170374981664 -0.028500064296185235 0.24674436596777483
v 0.047242220261463075 -0.02800004329160055 0.24706072645643395
v 0.04396009653989674 -0.028500064296185235 0.24485348147854857
v 0.040927385366797964 -0.028500064296185235 0.24312980280781105
v 0.03772063243738577 -0.028500064296185235 0.241597805054381
v 0.041917390906984764 -0.02800004901364672 0.24366163266705598
v 0.034357396804007845 -0.028500064296185235 0.24028060528478612
v 0.03598977069135589 -0.02800005855039034 0.24088463973730434
v 0.030859080826689533 -0.028500064296185235 0.23919923011135324
v 0.032833074221840786 -0.02800006427243651 0.23977459329786122
v 0.026223735147538063 -0.02800008143857502 0.23818778597151535
v 0.027250583035666187 -0.028500064296185235 0.23837182223513942
v 0.02355983273829465 -0.028500064296185235 0.23781298431797104
v 0.019365359272466298 -0.028000100512062254 0.23751868803934428
v 0.019817111002907728 -0.028500064296185235 0.23753310759569324
v 0.01605426864583759 -0.028500064296185235 0.23753799040842516
v 0.02281389726280114 -0.028000090975318637 0.2377344931033054
v 0.00903844685569477 -0.028000136751688 0.23831779086050275
v 0.012303832638538847 -0.028500064296185235 0.23782857880113362
v 0.0085980715067141 -0.028500064296185235 0.23840084445331478
v 0.005685584815186273 -0.028000150103129062 0.23905604162798966
v 0.0049680869554843965 -0.028500064296185235 0.23924602881963075
v 0.002416745062222697 -0.02800016536191885 0.24001668925662578
v 0.001442953178277806 -0.028500064296185235 0.24035096356449515
v 0.02957092997815214 -0.028000071901831403 0.2388712729424558
v 0.015903070251510054 -0.028000111956154594 0.2375442922886073
v 0.05189753969644606 -0.028000041384251828 0.25092773103463806
v 0.012452384586512655 -0.028000125307595658 0.23781168732083913
v -0.001146289760676003 -0.02800003184750821 0.24135268785523856
v -0.001951015088243191 -0.028500064296185235 0.24169854358455645
v -0.004596651772436899 -0.027999999422579913 0.24295858392760827
v -0.005190850027588512 -0.028500064296185235 0.2432684746893976
v -0.00791291083726886 -0.027999984163790126 0.24482455081311194
v -0.008257341777090366 -0.028500064296185235 0.24503799076465604
v -0.011076340247777594 -0.028000024218113317 0.24693983106494954
v -0.01113526587923852 -0.028500064296185235 0.24698260145272322
v -0.013813440025304824 -0.028500064296185235 0.2490769466449727
v -0.02184019001745585 -0.028000045198949275 0.2576231811817564
v -0.018547957347655464 -0.028500064296185235 0.2536159025490381
v -0.022679215554743948 -0.028500064296185235 0.25879621590544133
v -0.016869833793827782 -0.027999957460907998 0.25186684851088437
v -0.024535905096056965 -0.028500064296185235 0.2616830568628714
v -0.023979197687412634 -0.02800004901364672 0.26077058123359365
v -0.028864613950341234 -0.02799993648007204 0.27106364202522215
v -0.027707221393536985 -0.028500064296185235 0.2679973271823144
v -0.028974879687390098 -0.028500064296185235 0.2713919196287051
v -0.027501723642077147 -0.028000214952985658 0.2675108464463172
v -0.026219985299947846 -0.028500064296185235 0.26475489538768215
v -0.03075267365610812 -0.027999961275605445 0.27843073832240606
v -0.03000249814440248 -0.028500064296185235 0.2749164559289241
v -0.030772641689893465 -0.028500064296185235 0.2785453623512879
v -0.03127159457919304 -0.028500064296185235 0.28225010495889435
v -0.03126677852366644 -0.02799997462704651 0.282201215796416
v -0.031489911621422895 -0.028500064296185235 0.2860000135842711
v -0.03148990780672545 -0.028000018496067147 0.2860000135842711
v -0.025870108879521014 -0.02800008716062119 0.2640729495545102
v -0.029950294009842837 -0.027999854464076934 0.2747107979601715
v -0.014067818356173767 -0.028000041384251828 0.24929192773428532
v -0.019465613336066 -0.027999915499236083 0.2546494871928573
v -0.027754420645046407 0.03551052643641528 0.1970002687564243
v -0.023996085353009677 0.0381508959771093 0.19700028401521408
v -0.043488504568034436 0.0010000000474974513 0.19700029927400386
v -0.031245215946348326 0.03248142015240374 0.1970002534976345
v -0.020035128591388007 0.04037193490096236 0.19700028401521408
v -0.015939732354997016 0.04215709505045018 0.19700028401521408
v -0.011777770601833493 0.0435037480990319 0.19700029927400386
v -0.007613581542198211 0.044422090732982866 0.19700029927400386
v -0.03441038676624153 0.029107232522656012 0.1970002534976345
v -0.04478629515701993 0.00504726719987636 0.19700016194489578
v -0.04412443752060291 0.009182802636477083 0.19700017720368557
v -0.04505869507230198 0.0010000000474974513 0.19700016194489578
v -0.04304631628409217 0.01335320917611349 0.19700019246247535
v -0.03958389470239965 0.021550318787867395 0.19700022298005493
v -0.041534650868053635 0.01749771773478348 0.19700020772126514
v -0.03720184502871149 0.025442616717492594 0.19700023823884472
v -0.0035053626771769375 0.0449332716349482 0.19700029927400386
v 0.004531705117893359 0.044841379388151914 0.19700029927400386
v 0.00865891974568822 0.04423018093382858 0.19700029927400386
v 0.012828182829764945 0.043205595161286414 0.19700029927400386
v 0.0004989001391864437 0.04506702637152582 0.19700029927400386
v 0.01697954639974686 0.04174902160577476 0.19700029927400386
v 0.021047511146797815 0.03985333441246297 0.19700029927400386
v 0.024963795893968577 0.037524587506199136 0.19700029927400386
v 0.03207467040774237 0.03166230352109056 0.19700029927400386
v 0.03514987731039865 0.02820943203445614 0.19700029927400386
v 0.0378411463591255 0.024481288165362214 0.19700029927400386
v 0.02866069166892693 0.034782907230712645 0.19700029927400386
v 0.04195660218204056 0.016459929294377895 0.19700029927400386
v 0.040116167066548414 0.020542128584951636 0.19700029927400386
v 0.04335812583869725 0.0123027979018564 0.19700029927400386
v 0.044329412658512535 0.00813567104834989 0.19700029927400386
v 0.044890360103369 0.004017637443635147 0.19700029927400386
v 0.04506978821247731 4.864697743067477e-16 0.19700029927400386
v -0.04478627989823014 -0.005047281504991785 0.19700016194489578
v -0.04505869507230198 -0.0010000000474974513 0.19700016194489578
v -0.043488504568034436 -0.0010000000474974513 0.19700029927400386
v -0.044124384114838655 -0.00918284555182336 0.19700017720368557
v -0.04304620184316876 -0.013353291192108596 0.19700019246247535
v -0.03958361241478858 -0.021550486634555055 0.19700022298005493
v -0.041534460133181295 -0.017497843619799225 0.19700020772126514
v -0.03720146355896681 -0.025442816989108552 0.19700023823884472
v -0.03440990992906068 -0.029107453775107928 0.1970002534976345
v -0.027753796942013853 -0.0355107400594723 0.1970002687564243
v -0.031244655185823644 -0.0324816452195531 0.1970002534976345
v -0.023995429225048825 -0.038151082897284194 0.19700028401521408
v -0.020034476278124602 -0.04037208748886023 0.19700028401521408
v -0.01593912963280042 -0.042157205676676135 0.19700028401521408
v -0.011777261339724343 -0.043503816763585945 0.19700029927400386
v -0.00350517361123473 -0.044933279264343096 0.19700029927400386
v -0.007613211039708689 -0.04442212125056244 0.19700029927400386
v 0.000498928719614971 -0.04506702637152582 0.19700029927400386
v 0.0401164264659748 -0.020541970275007593 0.19700029927400386
v 0.041956773843425665 -0.01645981485345449 0.19700029927400386
v 0.03784150112598805 -0.024481093615792426 0.19700029927400386
v 0.04335822120613342 -0.012302724468930548 0.19700029927400386
v 0.04489037154746134 -0.00401762790689153 0.19700029927400386
v 0.04432945462018445 -0.008135635762398508 0.19700029927400386
v 0.03515033125939482 -0.02820921459670167 0.19700029927400386
v 0.016980166288081966 -0.04174889953545646 0.19700029927400386
v 0.012828720702104945 -0.04320551886733748 0.19700029927400386
v 0.008659329825663753 -0.04423014278685411 0.19700029927400386
v 0.021048167274758667 -0.03985317038047276 0.19700029927400386
v 0.032075212094779815 -0.03166207654659248 0.19700029927400386
v 0.02866130202051842 -0.03478268597826073 0.19700029927400386
v 0.02496444629988326 -0.03752439295662935 0.19700029927400386
v 0.0045319435364837846 -0.044841367944059574 0.19700029927400386
v 0.044301027494810796 4.640286314140939e-16 0.20996569295623324
v 0.04489037154746134 -0.00401762790689153 0.19700029927400386
v 0.04506978821247731 4.864697743067477e-16 0.19700029927400386
v 0.04405196589850835 -0.004656749469688359 0.21002086874010395
v 0.04367945306343213 -0.006956655832742742 0.21011402365175513
v 0.04432945462018445 -0.008135635762398508 0.19700029927400386
v 0.0426907979261415 -0.011497213909735793 0.21039229820110528
v 0.04335822120613342 -0.012302724468930548 0.19700029927400386
v 0.04330694404305335 -0.009256561718959944 0.21020717856340632
v 0.041956773843425665 -0.01645981485345449 0.19700029927400386
v 0.04037612343875896 -0.018028492830184373 0.21121776821101612
v 0.0401164264659748 -0.020541970275007593 0.19700029927400386
v 0.042074651809229646 -0.013737867054186004 0.21057741783880424
v 0.03784150112598805 -0.024481093615792426 0.19700029927400386
v 0.0382554034283622 -0.022036015603539294 0.2122568917955281
v 0.03931576343356058 -0.020032254216861833 0.2117373300032721
v 0.03581557253244716 -0.025621281887111547 0.21388715615518805
v 0.03515033125939482 -0.02820921459670167 0.19700029927400386
v 0.031155332137757785 -0.031154576827663316 0.21355341590496124
v 0.032075212094779815 -0.03166207654659248 0.19700029927400386
v 0.034206212714795736 -0.027770430930230683 0.21355341590496124
v 0.02866130202051842 -0.03478268597826073 0.19700029927400386
v 0.027771245368135578 -0.03420554895743999 0.21355341590496124
v 0.02496444629988326 -0.03752439295662935 0.19700029927400386
v 0.034534185142482965 -0.02720077262375442 0.21497912092873328
v 0.021048167274758667 -0.03985317038047276 0.19700029927400386
v 0.02411044807511642 -0.036877446972531924 0.21355341590496124
v 0.016980166288081966 -0.04174889953545646 0.19700029927400386
v 0.020236948974509117 -0.03913722796365482 0.21355341590496124
v 0.008659329825663753 -0.04423014278685411 0.19700029927400386
v 0.012828720702104945 -0.04320551886733748 0.19700029927400386
v 0.012123859027695638 -0.0423587208840015 0.21355341590496124
v -0.025589093470055335 -0.03238888703643639 0.24587958931537202
v -0.026967450469117527 -0.033216447500548085 0.2300873980135254
v -0.02482058642976903 -0.03313038029675308 0.24511074467436167
v 0.0045319435364837846 -0.044841367944059574 0.19700029927400386
v 0.00801759185725559 -0.0433239461495738 0.21355341590496124
v 0.01621868401314397 -0.040965929069800566 0.21355341590496124
v 0.000498928719614971 -0.04506702637152582 0.19700029927400386
v 0.003959156224426774 -0.04388130396413281 0.21355341590496124
v 0.030816642317593734 -0.030901408709559375 0.21937298100071168
v 0.033256395012211115 -0.028608333039120692 0.2162717235291911
v 0.028321763430172453 -0.032875283849089776 0.2226349287874818
v 0.025038729903265056 -0.03522817397549449 0.22482117767061993
v 0.021171513609352655 -0.03757925593530942 0.2259041244994009
v 0.017023981902956065 -0.0395613269523043 0.226690486231087
v 0.008270715152664532 -0.04210905275080501 0.22856585253109962
v 0.010485470316148326 -0.04159434706839882 0.22805790267787174
v 4.507416518440235e-16 -0.044059538072940274 0.21355341590496124
v 0.0038049129862809117 -0.042642835735142715 0.22976935905798967
v 0.0060378139502634265 -0.04237594424297386 0.22916761342393954
v 0.012700225479632121 -0.04107964138599263 0.22754993756585407
v 0.014862103214456912 -0.04032048226179974 0.22712021952786543
v 0.0015839435614469627 -0.042666154980635085 0.2304595751552263
v -0.00350517361123473 -0.044933279264343096 0.19700029927400386
v 0.026786824545010912 -0.03400985497841846 0.22391419520566558
v 4.376368453526377e-16 -0.042785230761437365 0.2300873980135254
v -0.0006370258633869863 -0.042689474226127455 0.23114980651125272
v -0.04490638564734306 -4.792373865312287e-16 0.20000000949949026
v -0.04490082000376816 -0.0005000000237487257 0.20000000949949026
v -0.04390214365628475 -4.687098913565825e-16 0.215797571895342
v -0.003958944985555657 -0.043881311593527705 0.21355341590496124
v -0.007613211039708689 -0.04442212125056244 0.19700029927400386
v -0.008017208480162186 -0.04332398048185082 0.21355341590496124
v -0.011777261339724343 -0.043503816763585945 0.19700029927400386
v -0.012123344043540318 -0.04235879336325299 0.21355341590496124
v -0.007785330665346091 -0.042070943923311344 0.2300873980135254
v -0.02635760051034164 -0.03164739759081714 0.24664843395638236
v -0.030253726488854715 -0.030253726488854715 0.2300873980135254
v -0.016218083198296096 -0.04096604351072397 0.21355341590496124
v -0.01593912963280042 -0.042157205676676135 0.19700028401521408
v -0.020034476278124602 -0.04037208748886023 0.19700028401521408
v -0.020236308105338052 -0.03913738436625014 0.21355341590496124
v -0.023995429225048825 -0.038151082897284194 0.19700028401521408
v -0.027753796942013853 -0.0355107400594723 0.1970002687564243
v -0.02410980911329408 -0.03687763389270682 0.21355341590496124
v -0.01177270754464721 -0.04113367276062929 0.2300873980135254
v -0.0038444427885735155 -0.04261215793827544 0.2300873980135254
v -0.01574901655614358 -0.03978120611313862 0.2300873980135254
v -0.01090043405808705 -0.0408937664381992 0.23537487385060452
v -0.014050904941368958 -0.039756219844861995 0.23708156948830883
v -0.019651024798119643 -0.03800543393406741 0.2300873980135254
v -0.004166292865277199 -0.042381170378475996 0.23240397222023645
v -0.02341249386410893 -0.03581104448657779 0.2300873980135254
v -0.027770644553287704 -0.03420576258049701 0.21355341590496124
v -0.019823067652970927 -0.03681159003581014 0.24088338851654179
v -0.03115479808011523 -0.03115479808011523 0.21355341590496124
v -0.017030310486020328 -0.038387319480770454 0.23892081823289502
v -0.031244655185823644 -0.0324816452195531 0.1970002534976345
v -0.03440990992906068 -0.029107453775107928 0.1970002534976345
v -0.03958361241478858 -0.021550486634555055 0.19700022298005493
v -0.03720146355896681 -0.025442816989108552 0.19700023823884472
v -0.03687763389270682 -0.02410980911329408 0.21355341590496124
v 0.037035486073055957 -0.02382864874532542 0.21307203160475296
v -0.041534460133181295 -0.017497843619799225 0.19700020772126514
v -0.03913738436625014 -0.020236308105338052 0.21355341590496124
v -0.03420576258049701 -0.027770644553287704 0.21355341590496124
v -0.044124384114838655 -0.00918284555182336 0.19700017720368557
v -0.04304620184316876 -0.013353291192108596 0.19700019246247535
v -0.04235879336325299 -0.012123344043540318 0.21355341590496124
v -0.04478627989823014 -0.005047281504991785 0.19700016194489578
v -0.04332398048185082 -0.008017208480162186 0.21355341590496124
v -0.04489525054549581 -0.0009999967096371853 0.20000000949949026
v -0.04505869507230198 -0.0010000000474974513 0.19700016194489578
v -0.04489525054549581 -0.0010000000474974513 0.20000000949949026
v 0.041225389531343026 -0.015883179465348007 0.21089759302491018
v -0.04096604351072397 -0.016218083198296096 0.21355341590496124
v -0.043881311593527705 -0.003958944985555657 0.21355341590496124
v -0.033216447500548085 -0.026967450469117527 0.2300873980135254
v -0.03581104448657779 -0.02341249386410893 0.2300873980135254
v -0.03800543393406741 -0.019651024798119643 0.2300873980135254
v -0.04113367276062929 -0.01177270754464721 0.2300873980135254
v -0.04261215793827544 -0.0038444427885735155 0.2300873980135254
v -0.04489525054549581 -0.0010000000474974513 0.20000000949949026
v -0.042070943923311344 -0.007785330665346091 0.2300873980135254
v -0.04489803527463199 -0.0007500000356230885 0.20000000949949026
v -0.03978120611313862 -0.01574901655614358 0.2300873980135254
v -0.027894614590914246 -0.030164414884881197 0.24818612323840306
v -0.007597565058130584 -0.04177618606629352 0.23381269421097528
v -0.022421759716709788 -0.03505197691512363 0.24295135126124912
v -0.03202258071410613 -0.025998183531600327 0.246595958978304
v -0.029166345074291833 -0.029166345074291833 0.246595958978304
v -0.030668485190805672 -0.02686413701816548 0.25120559359666395
v -0.03312475743271648 -0.02323063960742444 0.2541154295503034
v -0.03452392360635104 -0.02257100212492147 0.246595958978304
v -0.03663944036943034 -0.01894472593644725 0.246595958978304
v -0.03835138884551892 -0.015182964092428919 0.246595958978304
v -0.035241315608198764 -0.01925646301180084 0.25684098509968223
v -0.04055882837297409 -0.007505510209855626 0.246595958978304
v -0.039655244803444845 -0.01134957176710305 0.246595958978304
v -0.04108059124565688 -0.0037062656255620885 0.246595958978304
v -0.042657285809071244 -4.556600539179526e-16 0.23157801392905242
v -0.03698606285293504 -0.014929800742696786 0.25927369395546407
v -0.03879910844075907 -0.007769705664603943 0.26202409081461653
v -0.03831273451629036 -0.010241743574225248 0.26126115132525385
v -0.03915539736759399 -0.005226034889489195 0.2625958681855245
v -0.041172109652103384 -4.4009093708662175e-16 0.24733764297349303
v -0.03937342640016661 -0.002628170376677702 0.2629516726457837
v -0.039446958508151386 -4.131849681204419e-16 0.2630727969191149
v -0.04440426465181391 -4.739736389439056e-16 0.20789878306802123
v -0.043881323037620046 0.00395893544881204 0.21355341590496124
v -0.04489525054549581 0.0010000000474974513 0.20000000949949026
v -0.04415320415404933 -4.713417380451884e-16 0.2118481851110765
v -0.04478629515701993 0.00504726719987636 0.19700016194489578
v -0.04505869507230198 0.0010000000474974513 0.19700016194489578
v -0.043324022443522736 0.008017173194210803 0.21355341590496124
v 0.044329412658512535 0.00813567104834989 0.19700029927400386
v 0.04367710702450234 0.006969664904710737 0.21011463400334662
v 0.044890360103369 0.004017637443635147 0.19700029927400386
v -0.04412443752060291 0.009182802636477083 0.19700017720368557
v -0.04235888873068916 0.012123271564288829 0.21355341590496124
v -0.04304631628409217 0.01335320917611349 0.19700019246247535
v 0.042684961439047875 0.011517749379766351 0.21039414451466953
v 0.04330322471304271 0.009273626767988263 0.21020818564353227
v 0.04335812583869725 0.0123027979018564 0.19700029927400386
v -0.041534650868053635 0.01749771773478348 0.19700020772126514
v -0.04096621135741163 0.01621796875737269 0.21355341590496124
v -0.044044836228980255 -4.702057651650109e-16 0.21355289710610847
v -0.04404486293186238 -4.702060362155669e-16 0.21355248511878422
v -0.04390214365628475 -4.687098913565825e-16 0.215797571895342
v -0.04261216938236778 0.003844433490248489 0.2300873980135254
v -0.04207098588498326 0.00778529680990625 0.2300873980135254
v -0.042657285809071244 -4.556600539179526e-16 0.23157801392905242
v -0.04277493870772586 -4.568933881578437e-16 0.23008658929766668
v -0.040558870334646 0.007505477308090147 0.246595958978304
v -0.04113376812806546 0.011772636972744444 0.2300873980135254
v -0.039781370145128836 0.01574890497624326 0.2300873980135254
v -0.039137639950979075 0.020236151702742733 0.21355341590496124
v -0.038005681889401455 0.01965087221022177 0.2300873980135254
v -0.03835154524811424 0.015182857280900408 0.246595958978304
v -0.03663968069536949 0.01894458097794427 0.246595958978304
v -0.035811387809348005 0.02341230885128276 0.2300873980135254
v -0.03687798865956937 0.024109618378421738 0.21355341590496124
v -0.03965533635618357 0.01134950405622337 0.246595958978304
v -0.03958389470239965 0.021550318787867395 0.19700022298005493
v -0.03720184502871149 0.025442616717492594 0.19700023823884472
v 0.04121426587358812 0.015910518448274957 0.21090194177999955
v 0.04206670197975049 0.013761871991544439 0.2105801033858068
v 0.04195660218204056 0.016459929294377895 0.19700029927400386
v -0.034206212714795736 0.027770430930230683 0.21355341590496124
v -0.03441038676624153 0.029107232522656012 0.1970002534976345
v 0.03929530521115332 0.020069701194348477 0.2117478738270151
v 0.0403618259527283 0.018059164905005476 0.2112237801741923
v 0.040116167066548414 0.020542128584951636 0.19700029927400386
v -0.031155332137757785 0.031154576827663316 0.21355341590496124
v -0.031245215946348326 0.03248142015240374 0.1970002534976345
v -0.027754420645046407 0.03551052643641528 0.1970002687564243
v -0.027771245368135578 0.03420554895743999 0.21355341590496124
v 0.003958944985555657 0.043881311593527705 0.21355341590496124
v 0.005894450467654466 0.042395513640876015 0.2292051347880264
v 0.008017208480162186 0.04332398048185082 0.21355341590496124
v -0.023996085353009677 0.0381508959771093 0.19700028401521408
v -0.02411044807511642 0.036877446972531924 0.21355341590496124
v -0.015939732354997016 0.04215709505045018 0.19700028401521408
v -0.020035128591388007 0.04037193490096236 0.19700028401521408
v -0.01621868401314397 0.040965929069800566 0.21355341590496124
v -0.02558909537740406 0.03238888703643639 0.24587958931537202
v -0.024820588337117755 0.03313038029675308 0.24511074467436167
v -0.02696803411782689 0.03321624150688596 0.2300873980135254
v -0.011777770601833493 0.0435037480990319 0.19700029927400386
v -0.012123859027695638 0.0423587208840015 0.21355341590496124
v -4.516009363166407e-16 0.042785230761437365 0.2300873980135254
v 0.0015362556710364628 0.0426691876651053 0.23047336910119398
v -4.623227476348801e-16 0.044059538072940274 0.21355341590496124
v -0.020236948974509117 0.03913722796365482 0.21355341590496124
v -0.007613581542198211 0.044422090732982866 0.19700029927400386
v -0.00801759185725559 0.0433239461495738 0.21355341590496124
v -0.030254245287707482 0.03025351095844897 0.2300873980135254
v -0.03321688237605702 0.026967242568106675 0.2300873980135254
v -0.03202300033082528 0.025997985167333093 0.246595958978304
v -0.02341311565979276 0.035810861381100345 0.2300873980135254
v -0.019651646593803473 0.038005285160866986 0.2300873980135254
v -0.011773207270012742 0.04113360409607525 0.2300873980135254
v -0.003959156224426774 0.04388130396413281 0.21355341590496124
v -0.007785704028858698 0.04207090959103432 0.2300873980135254
v -0.01574959925117858 0.039781095486912665 0.2300873980135254
v -0.0038446475901426913 0.04261215030888055 0.2300873980135254
v -0.0035053626771769375 0.0449332716349482 0.19700029927400386
v -0.03452425167033146 0.02257082283414147 0.246595958978304
v -0.04489525054549581 0.0010000000474974513 0.20000000949949026
v -0.04490638564734306 -4.792373865312287e-16 0.20000000949949026
v -0.04108059887505178 0.0037062565656556523 0.246595958978304
v -0.04124205212979071 -4.408241559456454e-16 0.24659545543824102
v -0.03915539736759399 0.005226034889489195 0.2625958681855245
v -0.03831273451629036 0.010241743574225248 0.26126115132525385
v -0.041172109652103384 -4.4009093708662175e-16 0.24733764297349303
v -0.035241315608198764 0.01925646301180084 0.25684098509968223
v -0.03312475743271648 0.02323063960742444 0.2541154295503034
v -0.029166844799657365 0.02916613717328098 0.246595958978304
v -0.03698606285293504 0.014929800742696786 0.25927369395546407
v -0.03937342640016661 0.002628170376677702 0.2629516726457837
v -0.03879910844075907 0.007769705664603943 0.26202409081461653
v -0.039446958508151386 -4.131849681204419e-16 0.2630727969191149
v -0.04402767390516704 -4.700258418059411e-16 0.21382287087381435
v -0.030668485190805672 0.02686413701816548 0.25120559359666395
v -0.027894614590914246 0.030164414884881197 0.24818612323840306
v -0.044045328324950894 -4.702108609154637e-16 0.2135451914172659
v -0.017059138154625897 0.038372571860441074 0.23893978490860057
v -0.01408470029972464 0.03974236104903772 0.23710107022165694
v -0.0198433313258084 0.036799024422420334 0.24089852523601074
v -0.010934566063492412 0.04088303950897876 0.2353921162830641
v -0.004183417518953125 0.04237891589228493 0.23241047246468582
v -0.007626286868882004 0.04176981552155734 0.23382529797133955
v -0.0006370260422009291 0.042689485670219796 0.23114980651125272
v -0.022431920163359376 0.03504448103464064 0.24295994195989934
v -0.026357602417690362 0.03164739759081714 0.24664843395638236
v 0.004531705117893359 0.044841379388151914 0.19700029927400386
v 0.0004989001391864437 0.04506702637152582 0.19700029927400386
v 0.012828182829764945 0.043205595161286414 0.19700029927400386
v 0.00865891974568822 0.04423018093382858 0.19700029927400386
v 0.012123344043540318 0.04235879336325299 0.21355341590496124
v -0.044044344133009616 -4.70200615204447e-16 0.21356061805374082
v 0.01697954639974686 0.04174902160577476 0.19700029927400386
v 0.016218083198296096 0.04096604351072397 0.21355341590496124
v 0.024963795893968577 0.037524587506199136 0.19700029927400386
v 0.021047511146797815 0.03985333441246297 0.19700029927400386
v 0.02410980911329408 0.03687763389270682 0.21355341590496124
v -0.044047289079438556 -4.702314607577193e-16 0.2135143228855263
v -0.04405121058841388 -4.702725520220083e-16 0.21345261633962664
v 0.03420576258049701 0.027770644553287704 0.21355341590496124
v 0.03514987731039865 0.02820943203445614 0.19700029927400386
v 0.03207467040774237 0.03166230352109056 0.19700029927400386
v 0.027770644553287704 0.03420576258049701 0.21355341590496124
v 0.02866069166892693 0.034782907230712645 0.19700029927400386
v 0.020236308105338052 0.03913738436625014 0.21355341590496124
v -0.044043363755765785 -4.701903152833192e-16 0.21357604469021574
v 0.03115479808011523 0.03115479808011523 0.21355341590496124
v 0.00807936325301184 0.04214213762176122 0.22861335314370734
v 0.0037095374438785023 0.04264888965999081 0.22979691643234545
v 0.01665774996722602 0.03971073720720364 0.22676014260646582
v 0.020740338356939336 0.037810983546413546 0.22599010777985207
v 0.030622516179222847 0.031064893290688733 0.21964802068662692
v 0.03315032734970247 0.028718289785676365 0.21638933828087126
v 0.02636217623992909 0.03431376429461119 0.2241774093294957
v 0.012416382425683992 0.04116113858224635 0.22760996564487712
v 0.03576253679384411 0.025690352706432273 0.21392882791009704
v 0.0378411463591255 0.024481288165362214 0.19700029927400386
v 0.03822878828427578 0.02208023748369148 0.2122719674798379
v -0.044059057421061976 -4.703547887606973e-16 0.21332920324782734
v 0.044050989335961965 0.004665703518270392 0.21002109762195076
v -0.04409044093695691 -4.706837899255648e-16 0.21283553562184032
v 0.044301027494810796 4.640286314140939e-16 0.20996569295623324
v 0.04506978821247731 4.864697743067477e-16 0.19700029927400386
v 0.037028222889117224 0.023946395104067486 0.21301043187038182
v 0.034458528248020315 0.027288543089959427 0.2150496165375504
v 0.024583602165583196 0.03553030564267701 0.2249955246027291
v 0.02797357692071456 0.033137090349562026 0.2229775496533648
v 0.04314789023300847 0.009179579217134526 0.21089509058338507
v 0.043456808246948864 0.004758170830706787 0.21130767300044262
v 0.04388103312061409 0.004620658140306877 0.21071459435899165
v 0.043720731904504095 9.155072328316669e-09 0.2112478432856868
v 0.0441273862817293 -8.121305130886884e-09 0.21065949486906987
v 0.044301027494810796 4.640286314140939e-16 0.20996569295623324
v 0.0441273862817293 -8.121305130886884e-09 0.21065949486906987
v 0.04267536366027169 0.009462071868186483 0.2115029397333501
v 0.03576253679384411 0.025690352706432273 0.21392882791009704
v 0.034901227701420456 0.026249509150837458 0.21551618455287525
v 0.036191015055162534 0.024511655064387572 0.21448270672058456
v 0.037028222889117224 0.023946395104067486 0.21301043187038182
v 0.037424020637408795 0.022613371969463225 0.21367081703358437
v 0.04194190033808054 0.013616210630560954 0.21124505092715573
v 0.03962739751208311 0.01848280231526389 0.2125494485721191
v 0.041392065106886644 0.014061137867270035 0.21188369231491144
v 0.028576230452757034 0.03238775407129468 0.22320923911749446
v 0.03230853043471926 0.0290756144028681 0.21836513793526358
v 0.03359053962036729 0.02778377092720219 0.21680845145995775
v 0.034458528248020315 0.027288543089959427 0.2150496165375504
v 0.02988526486246701 0.030958333532209448 0.22195417313991328
v 0.044050989335961965 0.004665703518270392 0.21002109762195076
v 0.04330322471304271 0.009273626767988263 0.21020818564353227
v 0.04206670197975049 0.013761871991544439 0.2105801033858068
v 0.0403618259527283 0.018059164905005476 0.2112237801741923
v 0.03822878828427578 0.02208023748369148 0.2122719674798379
v 0.03315032734970247 0.028718289785676365 0.21638933828087126
v 0.030622516179222847 0.031064893290688733 0.21964802068662692
v 0.02797357692071456 0.033137090349562026 0.2229775496533648
v 0.028560559675645525 0.0317524314703177 0.22369573511228147
v 0.02696360525409114 0.03349232641990163 0.2247108261028785
v 0.02700304350364502 0.03262427294239201 0.22514315339392077
v 0.025103934526723437 0.034707872131933826 0.22579786228732246
v 0.025255601175162568 0.03358967368404686 0.2262121231712566
v 0.023428935210104695 0.03462071773936648 0.22694314127238435
v 0.021129057934118345 0.03706543144801344 0.22701858072909253
v 0.019693751316872676 0.03661396581988052 0.2278676103104349
v 0.02636217623992909 0.03431376429461119 0.2241774093294957
v 0.011844086255923258 0.03959489628983626 0.22948290579731356
v 0.015832275188943368 0.038304468066923114 0.2286335252638061
v 0.012791342389172344 0.04051225473184594 0.228708339110133
v 0.00782259644470401 0.04044764138649182 0.2304741930758425
v 0.008472264692266918 0.041526548450676604 0.22973011345065686
v -4.9830629063175955e-05 0.04154593474310131 0.23270110663376364
v 0.0038632726120081673 0.0408719196659213 0.23160996583486693
v 0.004204929551530068 0.04148671156523953 0.23132662536730741
v -0.00020836665725959373 0.04212760743918631 0.2323177142815691
v 3.457030073095602e-05 0.04089929393479963 0.2328614459968481
v 0.017027670715387133 0.03901785463645169 0.22783724531875826
v 0.004122568326304643 0.0420622540425275 0.23093561887900904
v 0.024583602165583196 0.03553030564267701 0.2249955246027291
v 0.020740338356939336 0.037810983546413546 0.22599010777985207
v 0.01665774996722602 0.03971073720720364 0.22676014260646582
v 0.012416382425683992 0.04116113858224635 0.22760996564487712
v 0.00397948307819071 0.042465444674471 0.23038074824718535
v 0.0037095374438785023 0.04264888965999081 0.22979691643234545
v -0.00041778608160753655 0.042526727788954055 0.2317633471898084
v 0.00807936325301184 0.04214213762176122 0.22861335314370734
v -0.0006370260422009291 0.042689485670219796 0.23114980651125272
v 0.02044361974543385 0.03360229651789837 0.22823589646074005
v 0.023428935210104695 0.03462071773936648 0.22694314127238435
v 0.021561343263488686 0.0356173417796235 0.22740537579140963
v 0.01463353608018747 0.034976133100486084 0.2296289171567878
v 0.01776301277607084 0.037459215036053095 0.2282505601577256
v 0.015503068706632095 0.038050943274607896 0.22874650134339092
v 0.0038632726120081673 0.0408719196659213 0.23160996583486693
v 0.0019489214153913664 0.04088560680036046 0.23223569828646262
v 0.0037751099472219107 0.04048740960737485 0.23167892030591553
v 0.0018273625049698011 0.02877543395342963 0.23829084383773846
v 0.002416745062222697 0.02800016536191885 0.24001668925662578
v 0.004024821949439039 0.028000125307595658 0.23960081094097418
v 0.001319507065503725 0.029971799366699248 0.23679444484088208
v 0.0028400663294302075 0.028655122210654582 0.2381831930757894
v 0.003121061711734291 0.03748038279218546 0.23238268620848324
v 0.00012603654566021964 0.03893992418231074 0.23316320382368083
v 0.008849051895832294 0.02800000323727736 0.23835320651159897
v 0.006317211451174476 0.02947698923882691 0.23580878805578465
v 0.006915238708888327 0.02827339878859303 0.2378514669858145
v 0.005632898598236791 0.028000085253272466 0.23918494788411238
v 0.01530674339518312 0.02800556888085226 0.2372737386868895
v 0.015446135300912767 0.02800002612546204 0.23756591399373583
v 0.018767693457335533 0.028000028032810764 0.23761783965538186
v 0.020428473489221277 0.028000028032810764 0.23764381011559976
v 0.019344399417344782 0.027866013896806763 0.23682184962734
v 0.019598084426952767 0.028000028032810764 0.2376308248854908
v 0.022089253521107022 0.028000028032810764 0.23766976531702788
v 0.02205523404927634 0.0279096616649932 0.23747611601583785
v 0.023731608564324658 0.028000022310764594 0.23791761383954224
v 0.021237080629068483 0.027633517624167103 0.2364820821551472
v 0.01870184415000864 0.027869519603760384 0.23570681356363643
v 0.026518138237693334 0.027226865154290625 0.23746569426241315
v 0.025373963607542294 0.028000016588718424 0.2381654776208464
v 0.028658671786628842 0.02800000323727736 0.2386611746658751
v 0.023866816700629512 0.027492209786644795 0.23705448513643645
v 0.023033097407489933 0.02720779357440528 0.2360516316952488
v 0.024834429966803517 0.02794421137976899 0.23790565094834903
v 0.02555544211652827 0.026814696631906054 0.23658291223806138
v 0.028043700596530607 0.026268929775539185 0.23701740627725343
v 0.027107308721610046 0.025932317058134924 0.2360768697335569
v 0.024727408629933167 0.026570113490406166 0.2355465504945009
v 0.02056303694165762 0.027585927366169383 0.23536066791731258
v 0.014765129790661469 0.028167840388193532 0.2361649892445783
v 0.002372448318633119 0.030120206356170076 0.23628579308332398
v 0.0009138372974523343 0.031492772644508005 0.23558819173183032
v 0.0023349567568700658 0.03218260727199995 0.23465740555480785
v 0.0002175027831389023 0.036980554429821844 0.23346496165051356
v 0.00041174670029345967 0.03510050368134454 0.23406376233813475
v 0.0026196922116021593 0.034682267882670814 0.23336318552263258
v 0.000605990617448017 0.03322044911816979 0.23466254776696616
v 0.0061910703738635164 0.03136837154606997 0.23399109998116785
v 0.014369039264340855 0.028560929701297866 0.23502347918059385
v 0.018210034281678222 0.028120334053539642 0.23452480667155662
v 0.014111995413630951 0.029182874158328875 0.23389541211041198
v 0.01398624581964547 0.03001941823492782 0.23282545051173997
v 0.017874039545260345 0.028620227265759857 0.2333297535142087
v 0.017696516877526713 0.029356259786681438 0.23217652469966765
v 0.020043425558334826 0.027791650184778582 0.2341607929823919
v 0.019688006382517775 0.028252097518050023 0.2329407154097929
v 0.01409750528537923 0.032235131841145126 0.2309846301118057
v 0.017677195434958604 0.030304629811584993 0.23111269713449012
v 0.006419652290085565 0.03379890220960968 0.23252671392528512
v 0.006893011897377288 0.0365913675522056 0.23142176392163094
v 0.007553082348040474 0.03962607762676651 0.2306459612724776
v 0.01781214226448835 0.03143395000987814 0.2301725268017485
v 0.018497589989916463 0.03410727853651263 0.22872346057081216
v 0.011844086255923258 0.03959489628983626 0.22948290579731356
v 0.00782259644470401 0.04044764138649182 0.2304741930758425
v 0.015832275188943368 0.038304468066923114 0.2286335252638061
v 0.0218191538683854 0.027340072023070983 0.23369877208642365
v 0.02234584151547203 0.027149461128397334 0.23491505022036563
v 0.021465540951809414 0.027781489738128995 0.2324632983949293
v 0.02129357629825579 0.028460215966655822 0.23126659728828436
v 0.019503994914427114 0.028952573244069857 0.2317591510226169
v 0.01949414918031689 0.029869222152354435 0.23066674374416785
v 0.021305817662362614 0.02935272737684569 0.23015597101482932
v 0.019656489352212203 0.030971875708145635 0.22970345634489853
v 0.024049369046946767 0.026542102167054216 0.2343827168210577
v 0.023538294956509942 0.026747561771539585 0.23315111886216933
v 0.02630932742150094 0.025756251604825975 0.23499222917910956
v 0.025666121748250115 0.025780717166901113 0.23379682506959654
v 0.02320800319277505 0.027189627985163556 0.2319096484662886
v 0.023066304348764444 0.027858388316610583 0.23070888852156024
v 0.025194300894541 0.026019192977788652 0.23255096014225707
v 0.02490648197217893 0.02647504741533413 0.2313060565186742
v 0.024808146701394973 0.027139977790544556 0.23010334344885308
v 0.02311252131568131 0.02873132079215468 0.22958782523589072
v 0.019980118746856235 0.03222685394768554 0.22889246692649579
v 0.021868914689230357 0.03165520436914204 0.22834591233510615
v 0.02238161765547697 0.032998777049535466 0.2276742814438304
v 0.021501317091814354 0.03042888785886877 0.22917315236463232
v 0.019693751316872676 0.03661396581988052 0.2278676103104349
v 0.023342534220283095 0.029777284129188786 0.22858437670190135
v 0.02489467548358104 0.027992213625090967 0.22897329273599887
v 0.025151690724060094 0.028999640888517364 0.22794091353657286
v 0.024275637826004504 0.03225692902235622 0.22700535135834699
v 0.025255601175162568 0.03358967368404686 0.2262121231712566
v 0.02605642442486955 0.031349958001494205 0.22619747473306084
v 3.457030073095602e-05 0.04089929393479963 0.2328614459968481
v 0.041106901213947555 0.027999934572723317 0.24322437678691244
v 0.04252053272030043 0.027999946016815658 0.24409656921115186
v 0.042858446249534055 0.026457654302325384 0.24383163084407578
v 0.048350881965733006 0.022744721539300627 0.24732957107369558
v 0.04775132978271479 0.026659295394666493 0.24724619704629802
v 0.04932948537525128 0.02800000895932353 0.24882044638864897
v 0.03807135953534324 0.027999940294769488 0.24187441639564433
v 0.037608709214296265 0.02570969512983634 0.24084739303143365
v 0.043934164226653305 0.027999955553559275 0.24496877689418106
v 0.04379080408190461 0.02260799515341194 0.24372654355881096
v 0.04456353971431071 0.014027638147966481 0.24303316889208837
v 0.04862476198362442 0.018445229452761502 0.24722477370543672
v 0.048706026483333886 0.005223677883304245 0.24663717296951937
v 0.0523488031456143 0.014006895730599433 0.25044758269640255
v 0.05189753969644606 0.028000041384251828 0.25092773103463806
v 0.04429422588926313 0.018403223911825917 0.24342980587381824
v 0.038942274035937974 0.022083504772054674 0.24034374615692577
v 0.039825735076435276 0.01813464441603685 0.2396022147496346
v 0.04040788460970113 0.013979387947310462 0.23881138219254083
v 0.03658940679771794 0.021719689447157187 0.2386037253223261
v 0.03503581404204148 0.027999946016815658 0.24052445600437622
v 0.03503017591921509 0.025122027636713673 0.23939767067253648
v 0.03344152990869986 0.02799995936825672 0.24005863566975094
v 0.030267016894759413 0.027177831033309285 0.23855353916271582
v 0.0318472419606608 0.02799997462704651 0.23959281533512566
v 0.03265401613838481 0.02447811242973774 0.237813274234977
v 0.03063096001202137 0.0239375793382679 0.23596129965970825
v 0.0344547784004301 0.02138150507440484 0.2367157552619492
v 0.03769744289160659 0.017985869308262403 0.237588710625678
v 0.03846506682943396 0.014005730340529432 0.23656914880967328
v 0.03579377535123607 0.017912508861662735 0.235443477369488
v 0.03268217242023974 0.021191557937086936 0.23460824173411332
v 0.03424126978433195 0.018003580948507958 0.2331322437392025
v 0.0353696038833351 0.014428766935939974 0.2317250323686526
v 0.0367474077512675 0.0141353251495413 0.23421039930799026
v 0.03140311581041555 0.02131652551809582 0.2322561908411469
v 0.029114814233831554 0.023761359389712355 0.23374465526731392
v 0.033147016192318635 0.018359267153146286 0.23065346859705294
v 0.04467599318034532 0.009629845122920422 0.24264414604646234
v 0.044655409072922314 0.005300780548099238 0.24229604727504572
v 0.04449701139083828 0.0010623461512659221 0.24197114186410573
v 0.048577040118564785 0.0009904325478822529 0.24644471385393274
v 0.05249938451262981 3.225282065397118e-16 0.25028728910968745
v 0.04085249522652212 0.0055072214835028 0.23751082976260385
v 0.0389448756595967 0.009888608448504477 0.2356735799194798
v 0.04075007441477263 0.009738398060815667 0.2381041678034812
v 0.040713735606894286 0.0013231000336614424 0.23699247341474106
v 0.039149431180787175 0.005734185491170218 0.2349264637951265
v 0.04833599701629554 -1.0840813562163585e-09 0.2461938593498303
v 0.04441484662253137 -4.262751847470956e-09 0.24186852650278645
v 0.04088112071616301 1.6403579917696804e-08 0.23722332364543242
v 0.03934122272432061 -1.009988184474078e-08 0.23474344987041817
v 0.03906573671880409 0.0015907399217856416 0.23428431288571971
v 0.0373693026172317 0.010157430177581417 0.23313218270404334
v 0.037689802052620625 0.006086134245985031 0.23222529179182771
v 0.036139001655475234 0.010585460211949838 0.2304898791117438
v 0.036588666746413256 0.006592070415798179 0.22943360464751095
v 0.0377014445092283 0.00198448154815338 0.23143789246243607
v 0.03674143393506579 0.0025274876364524135 0.2284865068242059
v 0.035978277007948645 0.007276623117837833 0.22658784035218815
v 0.035353292237052525 0.011207109029928719 0.2277726701203786
v 0.03802996625334787 -2.013251019106989e-08 0.23213579898972547
v 0.037038408131300216 3.4549275191512845e-08 0.22939194815139174
v 0.03648695928308632 -3.599250874656053e-08 0.22652808693138127
v 0.03632613545342611 0.0032401768316039914 0.2254941208178174
v 0.03442988749958964 0.01494479059631404 0.2291253007998595
v 0.028588647292946412 0.023901173773184237 0.2325142932703983
v 0.028230779081368507 0.02421387596699187 0.23125048400626902
v 0.028045310398853163 0.024699462156437813 0.22998905511334655
v 0.02802865161510293 0.02534793783421141 0.2287586015636922
v 0.0307064605038887 0.021917107669424674 0.22972388786442366
v 0.032573804495170666 0.019065371465248893 0.228052577360236
v 0.033982907955654174 0.015726568969017807 0.22645283058015053
v 0.030596021198106005 0.023025214335216093 0.22715870219570888
v 0.03250797426133101 0.02013531017573622 0.2254104263558343
v 0.03402153939669805 0.016777460895153196 0.2237675124594407
v 0.032854600559533154 0.02150463587859308 0.2227994185413884
v 0.03094415239445092 0.024542483541803994 0.22466065520205802
v 0.0344806916401863 0.01805971040674037 0.22112855054210456
v 0.028419406333369812 0.027044286105091242 0.22644063880711052
v 0.02907757897205321 0.029063304374207233 0.22424315945468898
v 0.02700304350364502 0.03262427294239201 0.22514315339392077
v 0.028560559675645525 0.0317524314703177 0.22369573511228147
v 0.02988526486246701 0.030958333532209448 0.22195417313991328
v 0.03147479206809245 0.02628388148218197 0.22220354754140637
v 0.033463864962250955 0.02306335177294061 0.22025300118411195
v 0.036191015055162534 0.024511655064387572 0.21448270672058456
v 0.035259568935481767 0.01951103684591393 0.2185717266901932
v 0.03230853043471926 0.0290756144028681 0.21836513793526358
v 0.03359053962036729 0.02778377092720219 0.21680845145995775
v 0.034901227701420456 0.026249509150837458 0.21551618455287525
v 0.03507315993004578 0.012044296836721813 0.22502668305147466
v 0.03591298464644899 0.008150473028117888 0.22375104822526026
v 0.035290155179610316 0.013095707561709968 0.22231081683361076
v 0.03594488696119669 0.014337647165376666 0.21967455572206696
v 0.03636485463251127 0.009208077868085307 0.22099816418337248
v 0.036521905726396575 0.00413106556486742 0.22255565937453703
v 0.03728412042324436 0.005193021067272929 0.21975821966647047
v 0.03728481469817968 0.010432358283596344 0.21836674010819124
v 0.036501184289865485 1.509752454553844e-08 0.2236130935067937
v 0.036494073693824625 -1.0447491645763673e-08 0.22507059784848238
v 0.03681574424132972 -8.359943819041005e-10 0.22219007403002422
v 0.03713030419279395 -1.676951330934664e-08 0.22076706981204453
v 0.036944951858550734 3.762576162713929e-05 0.2213666029215755
v 0.038067464729250045 0.0010963764711424684 0.21852508056981357
v 0.038304525287384816 -3.1400146908564415e-09 0.21809638487074068
v 0.03964160726007249 0.00230086790522957 0.21590185046474808
v 0.036973024217061834 -8.802754072999057e-09 0.22147857192103437
v 0.03852049438333616 0.006408392733734114 0.21713166314523136
v 0.03695160469089798 0.01573265150409675 0.21714408380011818
v 0.03856549255441877 0.011795998179908729 0.21586739611740846
v 0.03962739751208311 0.01848280231526389 0.2125494485721191
v 0.037424020637408795 0.022613371969463225 0.21367081703358437
v 0.040113424299084155 0.013271977101332322 0.21349018348008286
v 0.040098867413627115 0.007751727472374292 0.21466205853574394
v 0.041392065106886644 0.014061137867270035 0.21188369231491144
v 0.04267536366027169 0.009462071868186483 0.2115029397333501
v 0.04151848418027404 0.0036261531644815603 0.21345809424516027
v 0.0398786220418379 -1.084115462269295e-08 0.21563878892881583
v 0.043720731904504095 9.155072328316669e-09 0.2112478432856868
v 0.043456808246948864 0.004758170830706787 0.21130767300044262
v 0.030252957827319182 0.027999989885836296 0.2391269950005004
v 0.02945581385329965 0.027999995607882466 0.23889408483318775
v 0.03264438402733161 0.027999966997651615 0.2398257255024383
v 0.03655358678869236 0.027999944109466934 0.24119944382940517
v 0.046761427239359055 0.027999978441743956 0.24671317700144968
v 0.015503072521329542 -0.03805094708930534 0.22874650134339092
v 0.01776302422016318 -0.03745921122135565 0.2282505601577256
v 0.014633539894884917 -0.034976133100486084 0.2296289171567878
v 0.003775111139314863 -0.04048740960737485 0.23167892030591553
v 0.0019489226074843186 -0.04088560680036046 0.23223569828646262
v 0.0038632749961940716 -0.0408719196659213 0.23160996583486693
v 0.002416745062222697 -0.02800016536191885 0.24001668925662578
v 0.0018273809824105591 -0.028775357659480694 0.2382911490135342
v 0.00405116481949519 -0.028000157732523956 0.23953635781291283
v 0.00691524013939987 -0.02827339878859303 0.2378514669858145
v 0.005685584815186273 -0.028000150103129062 0.23905604162798966
v 0.0028400668062673884 -0.028655122210654582 0.2381831930757894
v 0.001319625797961757 -0.0299714693953701 0.23679470424030846
v 0.03694495567324818 -3.761220156980882e-05 0.2213666029215755
v 0.03681574424132972 -8.359943819041005e-10 0.22219007403002422
v 0.036521905726396575 -0.004131053167100718 0.22255565937453703
v 0.00903844685569477 -0.028000136751688 0.23831779086050275
v 0.0063172128816860185 -0.029476991146175635 0.23580878805578465
v 0.012452384586512655 -0.028000125307595658 0.23781168732083913
v 0.02156135661492975 -0.03561733415022861 0.22740537579140963
v 0.02342894856154576 -0.034620710109971586 0.22694312601359456
v 0.02044362546748002 -0.03360229651789837 0.22823589646074005
v 0.019365359272466298 -0.028000100512062254 0.23751868803934428
v 0.015903070251510054 -0.028000111956154594 0.2375442922886073
v 0.01934440323204223 -0.027866013896806763 0.23682184962734
v 0.022055237863973787 -0.027909659757644478 0.23747611601583785
v 0.02281389726280114 -0.028000090975318637 0.2377344931033054
v 0.021089627313959358 -0.028000096697364807 0.23762659820071974
v 0.023866822422675682 -0.02749220787929607 0.23705448513643645
v 0.02123708444376593 -0.02763351571681838 0.2364820821551472
v 0.02451881525149524 -0.028000085253272466 0.2379611319080155
v 0.02555544783857444 -0.02681469472455733 0.23658291223806138
v 0.02651814205239078 -0.0272268632469419 0.23746569426241315
v 0.024834433781500964 -0.027944209472420267 0.23790565094834903
v 0.027107312536307493 -0.025932313243437477 0.23607685447476712
v 0.028043704411228054 -0.026268925960841738 0.23701740627725343
v 0.026223735147538063 -0.02800008143857502 0.23818778597151535
v 0.02303310122218738 -0.027207791667056558 0.2360516316952488
v 0.03026702070945686 -0.02717782721861184 0.23855353916271582
v 0.0278973325628451 -0.028000077623877573 0.23852952182759068
v 0.024727412444630614 -0.026570111583057443 0.2355465504945009
v 0.014177727419011354 -0.028000119585549488 0.2376779898047232
v 0.015306747209880567 -0.02800556888085226 0.2372737386868895
v 0.0023724490338888904 -0.0301202082635188 0.23628579308332398
v 0.00619107228121224 -0.03136837154606997 0.23399108472237806
v 0.0009139360623534182 -0.03149224812360907 0.235588573201575
v 0.0006060005714241673 -0.03322039571240554 0.2346625019905968
v 0.0023349577105444275 -0.03218260727199995 0.23465740555480785
v 0.002619693165276521 -0.034682267882670814 0.23336318552263258
v 0.01436904212536394 -0.028560929701297866 0.23502347918059385
v 0.018701847964706086 -0.027869519603760384 0.23570681356363643
v 0.014765133605358916 -0.028167840388193532 0.2361649892445783
v 0.020563040756355067 -0.02758592545882066 0.23536066791731258
v 0.01821003809637567 -0.028120334053539642 0.23452480667155662
v 0.014111999228328398 -0.029182874158328875 0.23389541211041198
v 0.01769652069222416 -0.029356259786681438 0.23217652469966765
v 0.017874043359957792 -0.028620227265759857 0.2333297535142087
v 0.01767719924965605 -0.030304629811584993 0.23111269713449012
v 0.013986248680668556 -0.03001941823492782 0.23282545051173997
v 0.014097509100076677 -0.032235131841145126 0.2309846301118057
v 0.006419654197434288 -0.03379890602430713 0.23252671392528512
v 0.020043429373032273 -0.02779164827742986 0.2341607929823919
v 0.036494073693824625 -1.0447491645763673e-08 0.22507059784848238
v 0.03648695928308632 -3.599250874656053e-08 0.22652808693138127
v 0.03632613926812356 -0.003240164195418699 0.2254941055590276
v 0.00012602985503852582 -0.038940057696721375 0.23316317330610126
v 0.003121062903827243 -0.03748038279218546 0.23238268620848324
v 0.00021748940189551466 -0.036980817643945674 0.2334649006153544
v 0.0075530842553891975 -0.03962607762676651 0.2306459612724776
v 0.0068930138047260114 -0.0365913675522056 0.23142176392163094
v 0.01849759380461391 -0.03410727853651263 0.22872346057081216
v 0.01781214798653452 -0.03143395000987814 0.2301725268017485
v 0.01184409293164379 -0.03959489628983626 0.22948290579731356
v 0.007822600736238638 -0.04044763757179437 0.2304741930758425
v 0.015832283772012623 -0.03830446425222567 0.2286335252638061
v 0.041917390906984764 -0.02800004901364672 0.24366163266705598
v 0.03895358079917033 -0.028000054735692892 0.24227314383157506
v 0.042858446249534055 -0.02645764667293049 0.243831615585286
v 0.036973024217061834 -8.802754072999057e-09 0.22147857192103437
v 0.03713030419279395 -1.676951330934664e-08 0.22076706981204453
v 0.022345845330169478 -0.02714945922104861 0.23491505022036563
v 0.02146554476650686 -0.02778148783078027 0.2324632983949293
v 0.021819157683082846 -0.027340072023070983 0.23369877208642365
v 0.019688012104563946 -0.028252097518050023 0.2329407154097929
v 0.019504000636473284 -0.028952573244069857 0.2317591510226169
v 0.02129358202030196 -0.028460215966655822 0.23126659728828436
v 0.01949415490236306 -0.029869222152354435 0.23066674374416785
v 0.02353829877120739 -0.026747559864190862 0.23315111886216933
v 0.024049372861644214 -0.026542100259705492 0.2343827168210577
v 0.025666127470296285 -0.02578071525955239 0.23379682506959654
v 0.026309331236198386 -0.02575624969747725 0.23499222917910956
v 0.02306630816346189 -0.02785838640926186 0.23070888852156024
v 0.02320800891482122 -0.027189626077814832 0.2319096484662886
v 0.0249064876942251 -0.026475045507985406 0.2313060565186742
v 0.02519430661658717 -0.02601919107043993 0.23255096014225707
v 0.024808152423441143 -0.027139975883195833 0.2301033281900633
v 0.02311252703772748 -0.028731318884805956 0.22958782523589072
v 0.021305823384408784 -0.02935272737684569 0.23015597101482932
v 0.019656495074258373 -0.030971875708145635 0.22970344108610874
v 0.021501322813860524 -0.03042888785886877 0.22917315236463232
v 0.01998012256155368 -0.03222685394768554 0.22889246692649579
v 0.019693762760965017 -0.03661395819048563 0.2278676103104349
v 0.02238162337752314 -0.032998777049535466 0.2276742814438304
v 0.02186892231862525 -0.03165520436914204 0.22834591233510615
v 0.023342539942329266 -0.029777284129188786 0.22858437670190135
v 0.025151696446106264 -0.02899963898116864 0.22794089827778308
v 0.02489468120562721 -0.027992213625090967 0.22897329273599887
v 0.024275643548050674 -0.03225692902235622 0.22700535135834699
v 0.047242220261463075 -0.02800004329160055 0.24706072645643395
v 0.05189753969644606 -0.028000041384251828 0.25092773103463806
v 0.04775132978271479 -0.026659289672620323 0.24724619704629802
v 0.04835088578043045 -0.022744713909905734 0.24732957107369558
v 0.037608709214296265 -0.02570968940779017 0.24084739303143365
v 0.03598977069135589 -0.02800005855039034 0.24088463973730434
v 0.04379080789660206 -0.022607987524017048 0.24372654355881096
v 0.048706026483333886 -0.005223665008700362 0.24663717296951937
v 0.04862476198362442 -0.018445219916017885 0.24722477370543672
v 0.04456353971431071 -0.014027627657548503 0.24303316889208837
v 0.052348936660024936 -0.014000011155382297 0.2504473995909251
v 0.04429422588926313 -0.0184032143750823 0.24342980587381824
v 0.038942274035937974 -0.02208349714265978 0.24034374615692577
v 0.039825735076435276 -0.018134634879293232 0.2396022147496346
v 0.04040788460970113 -0.013979377456892483 0.23881138219254083
v 0.03658940679771794 -0.021719681817762293 0.2386037100635363
v 0.032833074221840786 -0.02800006427243651 0.23977459329786122
v 0.035030179733912536 -0.025122021914667503 0.23939767067253648
v 0.03265401995308226 -0.02447810670769157 0.237813274234977
v 0.02957092997815214 -0.028000071901831403 0.2388712729424558
v 0.030630963826718816 -0.02393757361622173 0.23596129965970825
v 0.029114818048529 -0.02376135557501491 0.23374465526731392
v 0.034454782215127544 -0.021381497445009945 0.2367157552619492
v 0.03769744289160659 -0.01798586167886751 0.237588710625678
v 0.03846506682943396 -0.014005719850111453 0.23656914880967328
v 0.035793779165933515 -0.017912499324919118 0.235443477369488
v 0.03268217623493719 -0.021191550307692042 0.23460824173411332
v 0.0342412735990294 -0.018003573319113064 0.2331322437392025
v 0.0367474077512675 -0.014135315612797683 0.23421039930799026
v 0.035369607698032546 -0.014428757399196357 0.2317250323686526
v 0.031403119625112996 -0.02131651979604965 0.2322561908411469
v 0.03314702000701608 -0.018359259523751392 0.23065346859705294
v 0.04465540525822487 -0.005300767673495355 0.24229604727504572
v 0.04467599318034532 -0.009629833678828081 0.24264414604646234
v 0.044497007576140835 -0.0010623327998248583 0.24197114186410573
v 0.048577040118564785 -0.000990419196441189 0.24644471385393274
v 0.05249938451262981 3.225282065397118e-16 0.25028728910968745
v 0.04085249522652212 -0.005507209085736098 0.23751082976260385
v 0.04075007822947008 -0.009738386616723327 0.2381041678034812
v 0.0389448756595967 -0.009888597958086498 0.2356735799194798
v 0.040713735606894286 -0.0013230868014296737 0.23699247341474106
v 0.039149431180787175 -0.005734173093403516 0.2349264637951265
v 0.04833599701629554 -1.0840813562163585e-09 0.2461938593498303
v 0.04441484662253137 -4.262751847470956e-09 0.24186852650278645
v 0.04088112071616301 1.6403579917696804e-08 0.23722332364543242
v 0.03934122272432061 -1.009988184474078e-08 0.23474344987041817
v 0.03906573671880409 -0.0015907268087631682 0.23428431288571971
v 0.0373693026172317 -0.010157418733489076 0.23313216744525356
v 0.037689802052620625 -0.00608612232505551 0.23222527653303793
v 0.036139001655475234 -0.010585449721531859 0.2304898791117438
v 0.036588666746413256 -0.006592058971705839 0.22943360464751095
v 0.03674143393506579 -0.002527475000267121 0.2284865068242059
v 0.0377014445092283 -0.001984468554340202 0.23143789246243607
v 0.03597828082264609 -0.007276611673745492 0.22658784035218815
v 0.035353292237052525 -0.01120709853951074 0.2277726701203786
v 0.03802996625334787 -2.013251019106989e-08 0.23213579898972547
v 0.037038408131300216 3.4549275191512845e-08 0.22939194815139174
v 0.03442989131428709 -0.014944782013244784 0.2291253007998595
v 0.028230782896065953 -0.024213872152294424 0.23125046874747923
v 0.02858865110764386 -0.02390116995848679 0.2325142780116085
v 0.028045316120899333 -0.02469946024908909 0.22998905511334655
v 0.0280286573371491 -0.025347934019513962 0.22875858630490242
v 0.030706464318586146 -0.021917103854727227 0.22972388786442366
v 0.03257380830986811 -0.019065365743202722 0.2280525621014462
v 0.033982907955654174 -0.015726561339622913 0.22645281532136075
v 0.030596026920152175 -0.023025210520518646 0.22715870219570888
v 0.032507978076028454 -0.020135302546341327 0.22541041109704452
v 0.0340215432113955 -0.016777453265758302 0.2237675124594407
v 0.03094415811649709 -0.024542477819757824 0.22466065520205802
v 0.028419412055415982 -0.02704428419774252 0.22644063880711052
v 0.03448069545488375 -0.018059700869996753 0.22112855054210456
v 0.0328546043742306 -0.021504628249198188 0.22279940328259862
v 0.02605643014691572 -0.03134995609414548 0.22619745947427106
v 0.02907758469409938 -0.02906330246685851 0.22424315945468898
v 0.02525561452660363 -0.03358966605465197 0.22621210791246682
v 0.027003056855086083 -0.03262426912769456 0.22514315339392077
v 0.028560571119737865 -0.031752423840922805 0.22369571985349168
v 0.02988527630655935 -0.030958327810163278 0.2219541578811235
v 0.0314747958827899 -0.026283877667484523 0.22220354754140637
v 0.03346387259164585 -0.02306334605089444 0.22025298592532216
v 0.03525957275017921 -0.019511029216519038 0.2185717266901932
v 0.03619103031395232 -0.024511634083551614 0.21448269146179477
v 0.03230854569350905 -0.02907560295877576 0.2183651226764738
v 0.033590554879157075 -0.027783755668412402 0.21680843620116796
v 0.034901242960210244 -0.026249490077350224 0.21551616929408546
v 0.03507316374474323 -0.012044287299978196 0.22502666779268488
v 0.03591298846114643 -0.008150461584025548 0.22375104822526026
v 0.03529015899430776 -0.013095698024966351 0.22231081683361076
v 0.035944890775894134 -0.014337637628633049 0.21967455572206696
v 0.036364858447208714 -0.009208066423992967 0.22099816418337248
v 0.03728412423794181 -0.005193008669506227 0.21975821966647047
v 0.03728481851287713 -0.010432346839504003 0.21836672484940145
v 0.036501184289865485 1.509752454553844e-08 0.2236130935067937
v 0.038304525287384816 -3.1400146908564415e-09 0.21809638487074068
v 0.03806746854394749 -0.0010963631197014045 0.21852506531102378
v 0.03964161488946738 -0.002300854553788506 0.2159018352059583
v 0.038520498198033604 -0.006408380812804593 0.21713164788644157
v 0.036951608505595424 -0.015732641967353134 0.21714408380011818
v 0.03856550018381366 -0.011795986735816388 0.21586738085861867
v 0.03742403589619858 -0.02261334717392982 0.21367081703358437
v 0.039627412770872894 -0.01848277370503304 0.21254943331332932
v 0.04011343192847905 -0.013271965657239981 0.21349018348008286
v 0.04009887504302201 -0.007751715551444771 0.21466205853574394
v 0.041392076550978985 -0.014061104488667375 0.21188369231491144
v 0.042675371289666586 -0.009462034674886377 0.21150292447456032
v 0.04151848799497149 -0.0036261398130404965 0.21345809424516027
v 0.0398786220418379 -1.084115462269295e-08 0.21563878892881583
v 0.04345681587634376 -0.004758130299546415 0.21130767300044262
v 0.043720731904504095 9.155072328316669e-09 0.2112478432856868
v 0.0004117449717586791 -0.035100606678175605 0.2340637013029756
v 3.457030073095602e-05 -0.04089929393479963 0.2328614459968481
v -0.0004613005141972798 -0.03325589910154303 0.23501783342837257
v 0.0006060005714241673 -0.03322039571240554 0.2346625019905968
v 0.0009139360623534182 -0.03149224812360907 0.235588573201575
v 0.00021748940189551466 -0.036980817643945674 0.2334649006153544
v -0.0034397367680692736 -0.029441449610063675 0.23930326454012274
v -0.03179177053773796 -0.026267382915724502 0.2914524064213708
v -0.03163573415337351 -0.027547549602505716 0.2886836379793145
v -0.031218764834252122 -0.027999987978487573 0.291185225012196
v 0.0018273809824105591 -0.028775357659480694 0.2382911490135342
v 0.002416745062222697 -0.02800016536191885 0.24001668925662578
v -0.0006952336164721407 -0.02841447774426853 0.23997042460599083
v 0.001319625797961757 -0.0299714693953701 0.23679470424030846
v -0.001146289760676003 -0.02800003184750821 0.24135268785523856
v -0.002871470826161099 -0.028000016588718424 0.24215563589142342
v -0.02306633677369274 -0.03267756808042144 0.24645737864945616
v -0.019319132768805813 -0.02951051470733823 0.2482814754157836
v -0.023928944770597038 -0.03202400359625379 0.247235943139561
v -0.006120806031079118 -0.03086334565843507 0.23891886510780225
v -0.0032932278289968253 -0.04060957910780649 0.23409989515235097
v 3.457030073095602e-05 -0.04089929393479963 0.2328614459968481
v -0.002936814209239108 -0.035144288778639066 0.23515131732143146
v -0.009637220840433836 -0.039241403536229846 0.23703283291372834
v -0.006526829552714053 -0.040045606607874706 0.23549164936884637
v -0.005353298441523879 -0.03722833428778216 0.2355132863327647
v -0.008707715448079134 -0.032630681634102654 0.23884199132485406
v -0.031209254793517216 -0.023551469014142512 0.2969956195752843
v -0.030947619954430072 -0.027999972719697785 0.29437043634512605
v -0.030268754489446437 -0.027999982256441402 0.29749427682553176
v -0.0074911926966633735 -0.029309625110394144 0.2414123649820965
v -0.004712262854283111 -0.028297313126887103 0.2420735283435782
v -0.004596651772436899 -0.027999999422579913 0.24295858392760827
v -0.01018145609577581 -0.03074664261944471 0.2410498924307003
v -0.012740769037771216 -0.03256725465965449 0.24103092575499474
v -0.011177596623131447 -0.034672963835598036 0.23907725134579394
v -0.011493812153287597 -0.02931841226596288 0.24364013303224574
v -0.014151782708001215 -0.03079431107874009 0.24334334957088366
v -0.015175896411734335 -0.03459755108177198 0.24131011583173212
v -0.008720331606210108 -0.028291911515302415 0.2442674829155589
v -0.03148990971407417 -0.02800000323727736 0.288000013679266
v -0.00791291083726886 -0.027999984163790126 0.24482455081311194
v -0.009494625542523227 -0.028000005144626083 0.24588218330963585
v -0.011076340247777594 -0.028000024218113317 0.24693983106494954
v -0.012687509185693169 -0.028387025274092537 0.2465429346837933
v -0.01542787339056051 -0.02944111200933963 0.24597750496943682
v -0.014067818356173767 -0.028000041384251828 0.24929192773428532
v -0.016869833793827782 -0.027999957460907998 0.25186684851088437
v -0.016616892650221926 -0.028542180463346778 0.24885276450541838
v -0.012605517986120085 -0.03822920027160004 0.238711101426059
v -0.028282056244448572 -0.025762679370023855 0.30511457748044535
v -0.024810336337729444 -0.02100344566924095 0.3125000758781127
v -0.027561910031044246 -0.017591256023528068 0.3078260644256403
v -0.01354463260134331 -0.03684843619844891 0.23956574624204308
v -0.018058186435110368 -0.03085162690787846 0.2456924860350007
v -0.015428762215065617 -0.03703676018200319 0.2405150108134979
v -0.01810577097106192 -0.03569977739144914 0.24242765433696079
v -0.01668094523505137 -0.0325697571011796 0.24335557186150325
v -0.02058605291870297 -0.03418867273593529 0.24444251649320847
v -0.02479155086015261 -0.03137044292678359 0.24801450762966581
v -0.020488598843029227 -0.028572423384705115 0.251061855796868
v -0.017782032857540653 -0.02807910861823193 0.2518808255623295
v -0.021642756536398577 -0.028025021930482286 0.2539588591082964
v -0.01816772356494689 -0.02799993648007204 0.25325816022247594
v -0.019465613336066 -0.027999915499236083 0.2546494871928573
v -0.025600682520898754 -0.029830411420530556 0.24982104152894813
v -0.02670717366232145 -0.02820669498903805 0.2522051053628882
v -0.029614493822994747 -0.027056741092255088 0.25260378702244957
v -0.027733111745108507 -0.026866895044419525 0.2547514464262157
v -0.02651676494661248 -0.030063317773145748 0.24957162135108568
v -0.02184019001745585 -0.028000045198949275 0.2576231811817564
v -0.022853499544345235 -0.02780333841775562 0.25691221313040913
v -0.029950294009842837 -0.027999854464076934 0.2747107979601715
v -0.03075267365610812 -0.027999961275605445 0.27843073832240606
v -0.03183051451235652 -0.025995568556500537 0.2773983286054005
v -0.03260242235541666 -0.024973065608764333 0.280222883182919
v -0.03126677852366644 -0.02799997462704651 0.282201215796416
v -0.03311052098184497 -0.023796862778849848 0.28303782472287153
v -0.023979197687412634 -0.02800004901364672 0.26077058123359365
v -0.025870108879521014 -0.02800008716062119 0.2640729495545102
v -0.024148446276384128 -0.027794181236534543 0.2598842896875908
v -0.028731507712329574 -0.02579349258865049 0.25743195802814256
v -0.0323733726619202 -0.023592875647578948 0.25549778435228987
v -0.03075543358971089 -0.024228345114407634 0.2630737734816613
v -0.026928695050406626 -0.027880181683124228 0.26581327556490564
v -0.027501723642077147 -0.028000214952985658 0.2675108464463172
v -0.02668591626079908 -0.028000150103129062 0.2657918827416239
v -0.028864613950341234 -0.02799993648007204 0.27106364202522215
v -0.032618241905728595 -0.022784310469403657 0.26888465632602276
v -0.029641719318672655 -0.027403584828211702 0.2716714911751872
v -0.03401350945857251 -0.020902396241223586 0.2746670967862208
v -0.03445617839439308 -0.019771639809341712 0.27752970678546873
v -0.03234516678899846 -0.02550000121118501 0.288000013679266
v -0.02452726862103738 -0.02800000323727736 0.31233146625096353
v -0.027436910025107064 -0.028000218767683105 0.30663810660554347
v -0.029708957175870188 -0.020650023487537306 0.30248191744329134
v -0.029589890931811524 -0.027999993700533743 0.3006180867883579
v -0.03243978272977177 -0.0183711003446263 0.29432038751462386
v -0.03328016439200221 -0.021176646284767342 0.28867902982479876
v -0.03245457994116796 -0.02550000121118501 0.2860000135842711
v -0.03333627096204994 -0.022517407533142464 0.2858546583527577
v -0.034688729980145716 -0.018537522242789706 0.28037879749696515
v -0.0344680039564782 -0.01586082533830968 0.2860622389290235
v -0.0346930558470504 -0.01722614179414994 0.28322144899917134
v -0.03148990780672545 -0.028000018496067147 0.2860000135842711
v -0.028897021712500637 -0.012253202066676017 0.30529881210833665
v -0.024951871149749838 -0.017505165931548383 0.31258436543289747
v -0.02509340405442151 -0.01400688810120454 0.31266868550526183
v -0.03190979918409109 -0.009956553932078394 0.2972945697847962
v -0.030913251437783007 -0.015377085462427997 0.29987589925310587
v -0.026463383977890498 -0.00907444710917471 0.31050480600795183
v -0.025282391795331538 -2.6481899529302516e-16 0.3127812648563122
v -0.030009591574304828 -0.006796864832416261 0.30273734958432996
v -0.03344324270785348 -0.0130010382151724 0.29172306683461713
v -0.027782945045204954 -0.0036205078890974574 0.30800453123099203
v -0.03477069256948795 -0.019631358125432596 0.2581654785707954
v -0.03402118081513805 -0.020216765410318027 0.2606226930429756
v -0.0367332208914628 -0.0151662576249606 0.2604589357109788
v -0.03587842348758086 -0.015471535463862374 0.2721086249850124
v -0.03601780871758997 -0.014264222822594763 0.27499207849110974
v -0.037270528656241364 -0.012765727649491354 0.2638956729347619
v -0.03516841673999016 -0.01778509987428789 0.2663180058134884
v -0.03747287165291269 -0.009987358567635773 0.26962223570675903
v -0.03736988245124362 -0.008677812034793564 0.27250016553095335
v -0.038185186292458706 -0.010296345246130212 0.26222120386108827
v -0.03870276444204235 -0.007760252367493559 0.2628632021825972
v -0.03866431992117336 -0.004624955873817893 0.26712574510966647
v -0.039297944981786515 -0.002593378667032631 0.26361057770637686
v -0.03907467836961942 -0.005185541876091271 0.26332914458754075
v -0.038473474422606735 -3.014568171631982e-08 0.27005927796384555
v -0.03937228962032746 -5.110359294925175e-08 0.2637047244393642
v -0.03837978163861555 -0.0031696223333950446 0.2699767279110965
v -0.03675999625284199 -0.006037051010774064 0.27822077737493345
v -0.03627502232233626 -0.0046638376543817195 0.2810542430856877
v -0.03712956032679182 -0.007369502894435664 0.2753684823175817
v -0.03797774304530099 -0.0017626307847855294 0.27282819899379973
v -0.035035184616962756 -0.001762742603104439 0.28665751483620383
v -0.03748095118210504 -0.00035943688669361207 0.27566651699970635
v -0.03268662798685762 -4.6022944301059514e-09 0.2950514361333312
v -0.028218156247517 -2.4411493791254353e-08 0.3070768273295066
v -0.030632957006134776 1.3474017308605695e-08 0.30113157558227854
v -0.03446312877314117 -2.0621785622053795e-08 0.28888398588922115
v -0.03662380010989841 7.307639299719209e-09 0.2795037669378253
v -0.03734402261725167 1.6617447606976878e-08 0.27637702728736
v -0.0359035737878477 -2.002169007538459e-09 0.2826305065882906
v -0.035183351280494435 -1.1311977314796127e-08 0.28575724623875587
v -0.024360247815374825 -0.031697225168867416 0.2476252253846134
v 0.0009138372974523343 0.031492772644508005 0.23558819173183032
v 0.000605990617448017 0.03322044911816979 0.23466254776696616
v -0.0004613095443013922 0.03325590673093792 0.23501783342837257
v 0.0002175027831389023 0.036980554429821844 0.23346496165051356
v -0.003439746543231481 0.02944145342476112 0.23930326454012274
v -0.01805821504534122 0.03085164407401697 0.24569247077621093
v -0.020546765349698237 0.034209756568723826 0.2444130365113395
v -0.02306633677369274 0.03267756808042144 0.24645737864945616
v -0.0006952382060300064 0.02841447774426853 0.23997042460599083
v 0.002416745062222697 0.02800016536191885 0.24001668925662578
v 0.0018273625049698011 0.02877543395342963 0.23829084383773846
v 0.001319507065503725 0.029971799366699248 0.23679444484088208
v -0.002833261147603683 0.02800011577085204 0.24209739309080547
v -0.00020825804269049286 0.028000140566385445 0.24105704880311052
v -0.004712272867863909 0.02829731694158455 0.2420735283435782
v -0.006120820813031724 0.030863355195178688 0.23891886510780225
v 3.457030073095602e-05 0.04089929393479963 0.2328614459968481
v -0.0032744583254655513 0.04061203958765969 0.23409238782777564
v -0.0029368277990987623 0.035144300222731406 0.23515131732143146
v -0.006481734583683729 0.04005537986273344 0.23547082112078677
v -0.005353316084499571 0.03722834954657195 0.2355132863327647
v -0.019319161379036665 0.02951052615143057 0.2482814754157836
v -0.023928944770597038 0.03202400359625379 0.247235943139561
v -0.024360249722723548 0.03169722135416997 0.2476252253846134
v -0.007491207955453161 0.029309630832440314 0.2414123649820965
v -0.008707734521566368 0.03263069689289244 0.23884199132485406
v -0.005267764341697068 0.028000096697364807 0.24339652645329224
v -0.010181476122937405 0.030746655970885772 0.2410498924307003
v -0.009568052746328215 0.039262102084576256 0.23699621181823893
v -0.011177619511316128 0.03467298290908527 0.23907725134579394
v -0.012740792879630258 0.03256727373314172 0.24103092575499474
v -0.011493832180449193 0.029318421802706496 0.24364013303224574
v -0.008720346864999895 0.02829191532999986 0.2442674829155589
v -0.007702267535790452 0.028000079531226296 0.244695659815779
v -0.009914702886389404 0.028000066179785232 0.2462097742675784
v -0.012687530166529126 0.02838703290348743 0.2465429194250035
v -0.012127138713825536 0.028000054735692892 0.24772388871937778
v -0.014097410871617422 0.02800004901364672 0.24940612451705313
v -0.015427899139768275 0.029441123453431972 0.24597748971064703
v -0.01668097384528222 0.03256977617466683 0.24335557186150325
v -0.01415180750353462 0.030794326337529876 0.24334334957088366
v -0.016616919353104054 0.02854218809274167 0.24885276450541838
v -0.016067683029409308 0.02800004329160055 0.2510883603147285
v -0.015175924068290825 0.03459757396995666 0.24131011583173212
v -0.012524033187633066 0.038260282426396675 0.2386621512284215
v -0.024791554674850058 0.031370439112086146 0.24801450762966581
v -0.015341664089285612 0.03707685646686665 0.2404561118849191
v -0.013544659304225437 0.036848462901331036 0.23956576150083286
v -0.01802719201835501 0.03574194887172366 0.24236870963201262
v -0.0359035737878477 -2.002169007538459e-09 0.2826305065882906
v -0.035183351280494435 -1.1311977314796127e-08 0.28575724623875587
v -0.03503519224635765 0.0017626760843177103 0.28665748431862426
v -0.0204886293606088 0.028572429106751285 0.251061855796868
v -0.017782057653074057 0.028079112432929376 0.2518808103035397
v -0.0177993935456211 0.02800004329160055 0.2529067502936755
v -0.019531104061832893 0.028000041384251828 0.2547251250138327
v -0.021642787053978152 0.028025021930482286 0.2539588438495066
v -0.021108035136488956 0.028000041384251828 0.25676481322106426
v -0.0256007187605245 0.02983041904992545 0.24982104152894813
v -0.026707209901947193 0.02820669498903805 0.2522050901040984
v -0.02773314607738553 0.02686688550767591 0.25475143116742593
v -0.029614505267087088 0.027056729648162747 0.25260378702244957
v -0.02651677066865865 0.030063312051099578 0.24957162135108568
v -0.022853528154576086 0.027803334603058172 0.25691218261282955
v -0.02268496621114502 0.028000041384251828 0.2588045166870856
v -0.031830527863797586 0.025995539946269686 0.2773983286054005
v -0.03088956407398702 0.02800003184750821 0.27925004378124285
v -0.029665748097890132 0.028000035662205658 0.2736497932711046
v -0.028753123695411942 0.028000035662205658 0.27098545598635226
v -0.02964173839215989 0.027403560032678298 0.2716714911751872
v -0.024148472979266256 0.027794171699790926 0.25988425917001123
v -0.024085122298767025 0.028000039476903105 0.2610776796368519
v -0.02873154013725787 0.02579347542251198 0.257431927510563
v -0.025485278386389032 0.028000039476903105 0.26335084258661823
v -0.03075546219994174 0.02422831459682806 0.2630737734816613
v -0.026928717938591307 0.027880162609636994 0.26581327556490564
v -0.032373387920709984 0.02359285466674299 0.25549779961107966
v -0.0340135247173623 0.020902356186900395 0.27466706626864124
v -0.03261826097921583 0.022784274229777912 0.26888465632602276
v -0.02784049929293375 0.02800003756955438 0.2683211187015999
v -0.03516843962817484 0.017785050283221082 0.2663180058134884
v -0.034456193653182865 0.019771597847669797 0.27752967626788916
v -0.032602433799509 0.024973036998533482 0.2802228526653394
v -0.035878438746370644 0.01547148301177248 0.27210859446743285
v -0.02666288883966139 0.028000039476903105 0.26583598064410907
v -0.0316357417827684 0.027547532436367206 0.28868360746173494
v -0.03135112720626165 0.028000024218113317 0.2908363785600798
v -0.03140571361937683 0.02800002612546204 0.2879269545937646
v -0.03179177625978413 0.026267363842237268 0.29145237590379125
v -0.02828206005914602 0.02576266983328024 0.30511457748044535
v -0.024810433612514338 0.021000000997446477 0.31250013691327183
v -0.027087548588835553 0.02800000895932353 0.3074294884790696
v -0.029123841715339438 0.0280000146813697 0.3021523886190458
v -0.029708962897916358 0.02065000441405007 0.30248191744329134
v -0.02452726862103738 0.02800000323727736 0.31233146625096353
v -0.031209258608214663 0.023551449940655278 0.29699558905770473
v -0.02984333561548036 0.028000016588718424 0.2993695210552261
v -0.030562827608272558 0.028000018496067147 0.29658662297382676
v -0.027561915753090416 0.017591236950040834 0.30782603390806074
v -0.031460300032492006 0.028000028032810764 0.2850175306274494
v -0.03333628240614228 0.02251737701556289 0.2858546278351781
v -0.0332801720213971 0.021176615767187768 0.28867902982479876
v -0.032439790359166665 0.01837107173439545 0.2943203569970443
v -0.033110528611239864 0.023796834168618997 0.28303779420529196
v -0.03468873760954061 0.018537482188466514 0.28037879749696515
v -0.03446801158587309 0.015860783376637766 0.2860622084114439
v -0.034693063476445296 0.01722610173982675 0.28322141848159177
v -0.030913257159829177 0.015377054944848423 0.2998758687355263
v -0.031174932053239512 0.028000029940159488 0.2821338024631359
v -0.02889702934189553 0.01225317059542208 0.3052987815907571
v -0.025093596696642573 0.014000000664964318 0.31266880757558013
v -0.024952014200904093 0.017500000831205398 0.31258448750321577
v -0.031909806813485986 0.009956511970406479 0.2972945392672166
v -0.02646339160728539 0.009074416591595136 0.31050477549037225
v -0.025282391795331538 -2.6481899529302516e-16 0.3127812648563122
v -0.03000959920369972 0.006796822393907165 0.30273734958432996
v -0.033443250337248376 0.013000996253500485 0.29172303631703755
v -0.02778295458194857 0.003620465689006952 0.30800453123099203
v -0.034770707828277736 0.019631327607853022 0.2581654785707954
v -0.03402121133271763 0.020216725355994836 0.260622662525396
v -0.03673323615025259 0.015166214709614323 0.26045896622855835
v -0.037472886911702474 0.009987295625127901 0.26962220518917945
v -0.03601782397637976 0.014264169416830508 0.27499204797353016
v -0.0372705477297286 0.012765670429029652 0.26389564241718233
v -0.03736989389533596 0.00867774813861133 0.2725001350133738
v -0.038185197736551046 0.010296289933017233 0.26222120386108827
v -0.03870277588613469 0.007760190855497229 0.26286323270017675
v -0.0386643313652657 0.004624884825077946 0.2671257145920869
v -0.03837979308270789 0.0031695489004691935 0.26997669739351693
v -0.039074685999014314 0.005185475118885952 0.26332917510512033
v -0.03929794879648396 0.002593294743688801 0.26361057770637686
v -0.03937228962032746 -5.110359294925175e-08 0.2637047244393642
v -0.038473474422606735 -3.014568171631982e-08 0.27005927796384555
v -0.03712957177088416 0.007369437567741888 0.27536845180000213
v -0.03676000769693433 0.006036985207243106 0.2782207468573539
v -0.03627502995173115 0.004663771850850762 0.28105421256810814
v -0.03748095881149993 0.0003593604437330568 0.27566648648212677
v -0.03797775067469589 0.0017625556829295452 0.27282816847622016
v -0.03268662798685762 -4.6022944301059514e-09 0.2950514361333312
v -0.028218156247517 -2.4411493791254353e-08 0.3070768273295066
v -0.030632957006134776 1.3474017308605695e-08 0.30113157558227854
v -0.03446312877314117 -2.0621785622053795e-08 0.28888398588922115
v -0.03662380010989841 7.307639299719209e-09 0.2795037669378253
v -0.03734402261725167 1.6617447606976878e-08 0.27637702728736
v 0.041106901213947555 0.027999934572723317 0.24322437678691244
v 0.03623953037729111 0.028500064296185235 0.24098292160232404
v 0.04066291239281039 0.028500064296185235 0.24299317560405598
v 0.028658671786628842 0.02800000323727736 0.2386611746658751
v 0.026632998777816885 0.028500064296185235 0.23825861727370778
v 0.03154240185829105 0.028500064296185235 0.23938912575025562
v 0.022089253521107022 0.028000028032810764 0.23766976531702788
v 0.016462242908379388 0.028500064296185235 0.23752387602787195
v 0.0215800295589319 0.028500064296185235 0.23763030608663804
v 0.03503581404204148 0.027999946016815658 0.24052445600437622
v 0.008849051895832294 0.02800000323727736 0.23835320651159897
v 0.006356747452350431 0.028500064296185235 0.23888882055071115
v 0.011360945287540725 0.028500064296185235 0.23794793305484951
v -0.002833261147603683 0.02800011577085204 0.24209739309080547
v -0.0030620578789757047 0.028500064296185235 0.24220444875995284
v 0.0015270260105638978 0.028500064296185235 0.24032201764026873
v 0.002416745062222697 0.02800016536191885 0.24001668925662578
v -0.007702267535790452 0.028000079531226296 0.244695659815779
v -0.011301945269479585 0.028500064296185235 0.24710453444191316
v -0.007352064958731919 0.028500064296185235 0.24448551576282895
v -0.016067683029409308 0.02800004329160055 0.2510883603147285
v -0.018072258853991663 0.028500064296185235 0.2531024595314868
v -0.014879987469761935 0.028500064296185235 0.24999821133716793
v -0.012127138713825536 0.028000054735692892 0.24772388871937778
v 0.015446135300912767 0.02800002612546204 0.23756591399373583
v 0.05189753969644606 0.028000041384251828 0.25092773103463806
v 0.04851865235944386 0.028500064296185235 0.24802773700041136
v 0.05189753969644606 0.028500064296185235 0.25092773103463806
v 0.044767816762587564 0.028500064296185235 0.2453618585778905
v 0.046761427239359055 0.027999978441743956 0.24671317700144968
v -0.019531104061832893 0.028000041384251828 0.2547251250138327
v -0.020972256702915804 0.028500064296185235 0.25648133542439666
v -0.029665748097890132 0.028000035662205658 0.2736497932711046
v -0.029610875582466445 0.028500064296185235 0.27345759355494437
v -0.028017070193654403 0.028500064296185235 0.2687604497771545
v -0.026006820006619913 0.028500064296185235 0.2643370792057276
v -0.02784049929293375 0.02800003756955438 0.2683211187015999
v -0.023638146569529006 0.028500064296185235 0.2602321900947402
v -0.025485278386389032 0.028000039476903105 0.26335084258661823
v -0.030741384059014276 0.028500064296185235 0.2783669870986749
v -0.03088956407398702 0.02800003184750821 0.27925004378124285
v -0.0313696857093404 0.028500064296185235 0.2834199658543035
v -0.031460300032492006 0.028000028032810764 0.2850175306274494
v -0.031476121490152664 0.028500064296185235 0.28853776394894837
v -0.02268496621114502 0.028000041384251828 0.2588045166870856
v -0.030562827608272558 0.028000018496067147 0.29658662297382676
v -0.030111184596708362 0.028500064296185235 0.2986432331789324
v -0.03105207018522127 0.028500064296185235 0.2936390520330434
v -0.028677974155709718 0.028500064296185235 0.30347297583997346
v -0.029123841715339438 0.0280000146813697 0.3021523886190458
v -0.02189545544671656 0.028500064296185235 0.3163019254239252
v -0.024514477940498214 0.028500064296185235 0.3123520656171763
v -0.022670260552487553 0.028000005144626083 0.31521668977667616
v -0.020604411150165758 0.028000010866672254 0.31798307784752566
v -0.019001780458810513 0.028500064296185235 0.3198799895587179
v -0.02452726862103738 0.02800000323727736 0.31233146625096353
v -0.02679554685072305 0.028500064296185235 0.30806205686849
v -0.018341788209444987 0.028000024218113317 0.3206084136655818
v -0.015897544662258345 0.028500064296185235 0.32307225045252963
v -0.03135112720626165 0.028000024218113317 0.2908363785600798
v -0.027087548588835553 0.02800000895932353 0.3074294884790696
v -0.015897544662258345 0.028000041384251828 0.32307225045252963
v -0.02452726862103738 0.02800000323727736 0.31233146625096353
v -0.02452726862103738 -0.02800000323727736 0.31233146625096353
v -0.022670260552487553 -0.028000005144626083 0.31521668977667616
v -0.02509340405442151 -0.01400688810120454 0.31266868550526183
v -0.025093495607160232 -0.014000048348682403 0.312668746540421
v -0.021977358908248368 -0.014000000664964318 0.3172944791820065
v -0.02509358906724768 -0.013993209549834629 0.31266880757558013
v -0.020604411150165758 -0.028000010866672254 0.31798307784752566
v -0.022152484038636677 -2.333313774636851e-16 0.317427200135576
v -0.025187897924876523 -0.00700344405060227 0.3127249904395768
v -0.01833734408691945 -0.014000000664964318 0.3215766449127422
v -0.018341788209444987 -0.028000024218113317 0.3206084136655818
v -0.014235145291306428 -0.014000000664964318 0.3254297639922399
v -0.015897544662258345 -0.028000041384251828 0.32307225045252963
v -0.011995218846719835 -0.02800003184750821 0.3263769075919143
v -0.009750023351284831 -0.014000000664964318 0.32878382909295567
v -0.007802911175366911 -0.028000022310764594 0.32924296607765413
v -0.0049738666989535 -0.014000000664964318 0.3315887303492282
v -0.0033942860785020346 -0.028000016588718424 0.33163789416992273
v -0.01437635394669512 -1.520766684915241e-16 0.32559809896117287
v -0.025282391795331538 -2.6481899529302516e-16 0.3127812648563122
v -0.01849652378198008 -1.9512276294282293e-16 0.32172813417775004
v -0.01833734408691945 0.014000000664964318 0.3215766449127422
v -0.00507450557015815 -5.493070587849538e-17 0.33178404285850505
v -5.155413656426672e-06 -0.014000000664964318 0.3338163000351102
v -8.40285385823392e-05 -2.827005630021726e-18 0.3340213781698509
v -0.009871585361148072 -1.0502475175448603e-16 0.32896687353524356
v -0.009750023351284831 0.014000000664964318 0.32878382909295567
v -0.0049738666989535 0.014000000664964318 0.3315887303492282
v -0.014235145291306428 0.014000000664964318 0.3254297639922399
v 0.0011538236689241643 -0.028000010866672254 0.333545273410909
v 0.005765467917582812 -0.028000005144626083 0.33496427982596444
v 0.005057271720767809 -0.014000000664964318 0.3354606482577438
v 0.014900820486193345 -0.028000001329928637 0.3364029090446863
v 0.010119892601030411 -0.014000000664964318 0.3365363624201656
v 0.01036917926448222 -0.02800000323727736 0.33590831063252224
v 0.015099025489809237 -0.014000000664964318 0.33707524184029225
v 0.01931988044950539 -0.028000001329928637 0.3364824073394779
v 0.028388625539671475 -0.028000001329928637 0.33539762945592244
v 0.024909089317883826 -0.014000000664964318 0.3366811073000875
v 0.023806630311662413 -0.028000001329928637 0.33615828012681703
v 0.033005254405800155 -0.028000001329928637 0.3341709753449251
v 0.02996162175391115 -0.014000000664964318 0.33571211311343774
v 0.04002547644944787 -0.014000000664964318 0.3320648045905905
v 0.037587690231364324 -0.028000001329928637 0.33245970207028464
v 0.042061376662114736 -0.028000001329928637 0.33025871319621203
v 0.044846632226536176 -0.014000000664964318 0.3293700107614228
v 0.04634935217706193 -0.028000001329928637 0.3275780795239669
v 0.019954840654224926 -0.014000000664964318 0.33712107924481316
v 0.03503106092902275 -0.014000000664964318 0.3341793981968877
v 0.010085373403834197 1.0332175466369356e-16 0.33675334241094035
v 0.005000575303127364 5.0250448823064e-17 0.33567292854126407
v 0.015086316825265178 1.555104046975152e-16 0.3372946022022738
v 0.005057271720767809 0.014000000664964318 0.3354606482577438
v 0.019963404649993022 2.063497447347991e-16 0.33734065322985174
v 0.024939355127426843 2.58552116703018e-16 0.3368987281600333
v 0.03510566878168753 3.6525260463862725e-16 0.33438606324576625
v 0.04012196159197012 4.179265097065839e-16 0.3322621922952784
v 0.03001402043804058 3.118051754939704e-16 0.3359254920298227
v 0.044964235534123986 4.687920196750492e-16 0.32955561868039496
v 0.049395487270476046 -0.014000000664964318 0.32611885093903226
v 0.04953301855752601 5.168051562225505e-16 0.3262902376659227
v -5.155413656426672e-06 0.014000000664964318 0.3338163000351102
v -0.025093596696642573 0.014000000664964318 0.31266880757558013
v -0.021977358908248368 0.014000000664964318 0.3172944791820065
v -0.022670260552487553 0.028000005144626083 0.31521668977667616
v -0.020604411150165758 0.028000010866672254 0.31798307784752566
v -0.011995218846719835 0.02800003184750821 0.3263769075919143
v -0.0033942860785020346 0.028000016588718424 0.33163789416992273
v 0.0011538236689241643 0.028000010866672254 0.333545273410909
v 0.010119892601030411 0.014000000664964318 0.3365363624201656
v -0.007802911175366911 0.028000022310764594 0.32924296607765413
v -0.015897544662258345 0.028000041384251828 0.32307225045252963
v -0.02452726862103738 0.02800000323727736 0.31233146625096353
v -0.018341788209444987 0.028000024218113317 0.3206084136655818
v -0.025117028475709624 -0.012256026850135382 0.3126827541094457
v -0.025105216265065566 -0.013131457952507142 0.31267573506614355
v -0.025140650989649016 -0.010505166552740586 0.31269682271362953
v -0.025099309206069176 -0.01356917255001866 0.3126721950269129
v -0.025096356630245342 -0.0137880303256116 0.31267045552487716
v 0.005765467917582812 0.028000005144626083 0.33496427982596444
v 0.01036917926448222 0.02800000323727736 0.33590831063252224
v 0.015099025489809237 0.014000000664964318 0.33707524184029225
v 0.019954840654224926 0.014000000664964318 0.33712107924481316
v 0.024909089317883826 0.014000000664964318 0.3366811073000875
v 0.01931988044950539 0.028000001329928637 0.3364824073394779
v 0.014900820486193345 0.028000001329928637 0.3364029090446863
v 0.03503106092902275 0.014000000664964318 0.3341793981968877
v 0.02996162175391115 0.014000000664964318 0.33571211311343774
v 0.04002547644944787 0.014000000664964318 0.3320648045905905
v 0.044846632226536176 0.014000000664964318 0.3293700107614228
v 0.028388625539671475 0.028000001329928637 0.33539762945592244
v 0.023806630311662413 0.028000001329928637 0.33615828012681703
v 0.037587690231364324 0.028000001329928637 0.33245970207028464
v 0.042061376662114736 0.028000001329928637 0.33025871319621203
v 0.033005254405800155 0.028000001329928637 0.3341709753449251
v 0.04634935217706193 0.028000001329928637 0.3275780795239669
v 0.049395487270476046 0.014000000664964318 0.32611885093903226
v -0.025094880342333425 -0.01389745969024525 0.3126695705150695
v 0.050376181134195175 -0.028000001329928637 0.32444398513682415
v 0.05407206601433012 -0.028000001329928637 0.3208979949781643
v 0.05357837931485587 -0.014000000664964318 0.3223573456334172
v 0.05373423259374288 5.609778858623728e-16 0.32251222234975785
v 0.05731315885015853 -0.014000000664964318 0.3181518400625727
v 0.05748537336639492 6.004428468153301e-16 0.3182883146784299
v 0.05737677274478159 -0.028000001329928637 0.31699562052523333
v 0.06319748987916096 -0.014000000664964318 0.30875184571961256
v 0.06263783180204152 -0.028000001329928637 0.30839454589795423
v 0.06454523774590992 -0.028000001329928637 0.30384635842606755
v 0.0652796890747398 -0.014000000664964318 0.3037506247789423
v 0.06596425179036025 -0.028000001329928637 0.29923463335350675
v 0.06053446866502776 -0.014000000664964318 0.31358531152536173
v 0.06024284648931122 -0.028000001329928637 0.31280323751360584
v 0.06678046734426513 -0.014000000664964318 0.29867967116894434
v 0.06690830548510274 -0.028000001329928637 0.2946308733692149
v 0.06072079374711992 6.345092396344121e-16 0.31370176660901805
v 0.05731315885015853 0.014000000664964318 0.3181518400625727
v 0.06053446866502776 0.014000000664964318 0.31358531152536173
v 0.06339548412074292 6.627021295354034e-16 0.3088471216030442
v 0.05357837931485587 0.014000000664964318 0.3223573456334172
v 0.06548679662852219 6.847812030953583e-16 0.303824019557819
v 0.06699415143644583 7.0073756985604005e-16 0.2987308186323112
v 0.0652796890747398 0.014000000664964318 0.3037506247789423
v 0.06678046734426513 0.014000000664964318 0.29867967116894434
v 0.06771904313347399 -0.014000000664964318 0.2936304155580238
v 0.06793683946950235 7.107707772367727e-16 0.29365946829377876
v 0.06319748987916096 0.014000000664964318 0.30875184571961256
v 0.06813092364620132 -0.014000000664964318 0.28868357694415536
v 0.06740288863847699 -0.028000001329928637 0.290099195907878
v 0.06748240219205837 -0.028000001329928637 0.2856801283151711
v 0.06715824446181795 -0.028000001329928637 0.2811933727309679
v 0.06639757853213357 -0.028000005144626083 0.2766113412633331
v 0.0674909776319188 -0.014000000664964318 0.27883991802934105
v 0.06805862750018932 -0.014000000664964318 0.2838255750044283
v 0.0651708633859771 -0.028000007051974807 0.2719946723428812
v 0.06638434153199313 -0.014000000664964318 0.27377506793525797
v 0.06244771109598979 -0.014000000664964318 0.26375471223470726
v 0.06345952526148002 -0.028000012774020977 0.26741221362913237
v 0.061258452464063584 -0.028000018496067147 0.2629384890514075
v 0.05961131188289892 -0.014000000664964318 0.2589921082487301
v 0.05857776538605419 -0.028000024218113317 0.25865049446297306
v 0.05544357944617273 -0.02800003184750821 0.2546236388029577
v 0.05189753969644606 -0.028000041384251828 0.25092773103463806
v 0.052348936660024936 -0.014000011155382297 0.2504473995909251
v 0.05622793846169927 -0.014000000664964318 0.25452589099558054
v 0.06470775911593396 -0.014000000664964318 0.2687153447945434
v 0.06835052814881948 7.152527066003821e-16 0.2886909621984124
v 0.06827791919761683 7.151299749086273e-16 0.2838116589881423
v 0.0677077745172161 7.092308848180505e-16 0.2788041819436593
v 0.06491236422819124 6.802200185491758e-16 0.2686352361481603
v 0.06264241706837259 6.566424148853437e-16 0.2636528750716671
v 0.05639539605021948 5.91728571440072e-16 0.254383633298394
v 0.05249938451262981 3.225282065397118e-16 0.25028728910968745
v 0.05979359338569745 6.270432062796249e-16 0.25886942757884057
v 0.06659629375153298 6.977022915198903e-16 0.27371714556922555
v 0.06771904313347399 0.014000000664964318 0.2936304155580238
v 0.050376181134195175 0.028000001329928637 0.32444398513682415
v 0.05737677274478159 0.028000001329928637 0.31699562052523333
v 0.06024284648931122 0.028000001329928637 0.31280323751360584
v 0.05407206601433012 0.028000001329928637 0.3208979949781643
v 0.06805862750018932 0.014000000664964318 0.2838255750044283
v 0.06690830548510274 0.028000001329928637 0.2946308733692149
v 0.06813092364620132 0.014000000664964318 0.28868357694415536
v 0.06740288863847699 0.028000001329928637 0.290099195907878
v 0.06748240219205837 0.028000001329928637 0.2856801283151711
v 0.06596425179036025 0.028000001329928637 0.29923463335350675
v 0.06454523774590992 0.028000001329928637 0.30384635842606755
v 0.06263783180204152 0.028000001329928637 0.30839454589795423
v 0.06638434153199313 0.014000000664964318 0.27377506793525797
v 0.0674909776319188 0.014000000664964318 0.27883991802934105
v 0.06715824446181795 0.028000001329928637 0.2811933727309679
v 0.06639757853213357 0.028000005144626083 0.2766113412633331
v 0.06470775911593396 0.014000000664964318 0.2687153447945434
v 0.06244771109598979 0.014000000664964318 0.26375471223470726
v 0.05961131188289892 0.014000000664964318 0.2589921082487301
v 0.05622793846169927 0.014000000664964318 0.25452589099558054
v 0.06345952526148002 0.028000012774020977 0.26741221362913237
v 0.0651708633859771 0.028000007051974807 0.2719946723428812
v -0.025094142198377467 -0.013952173895724895 0.3126691127513759
v -0.02509377408007385 -0.013979530998464718 0.31266889912831886
v 0.061258452464063584 0.028000018496067147 0.2629384890514075
v 0.05857776538605419 0.028000024218113317 0.25865049446297306
v 0.05544357944617273 0.02800003184750821 0.2546236388029577
v 0.0523488031456143 0.014006895730599433 0.25044758269640255
v 0.05189753969644606 0.028000041384251828 0.25092773103463806
v -0.012518657325256144 0.028500064296185235 0.3259722444867563
v -0.007802911175366911 0.028000022310764594 0.32924296607765413
v -0.0046629183122970375 0.028500064296185235 0.3310068211419015
v -0.008767819821051126 0.028500064296185235 0.328638138168067
v -0.00023953391259184942 0.028500064296185235 0.33301707514363343
v 0.0011538236689241643 0.028000010866672254 0.333545273410909
v 0.004457593652733849 0.028500064296185235 0.33461085573691207
v -0.0033942860785020346 0.028000016588718424 0.33163789416992273
v 0.009366997210045191 0.028500064296185235 0.3357413794722497
v 0.005765467917582812 0.028000005144626083 0.33496427982596444
v 0.01036917926448222 0.02800000323727736 0.33590831063252224
v 0.014419966428930175 0.028500064296185235 0.33636967540052964
v -0.011995218846719835 0.02800003184750821 0.3263769075919143
v 0.01953775307948269 0.028500064296185235 0.3364761207180855
v 0.014900820486193345 0.028000001329928637 0.3364029090446863
v 0.029643249012348827 0.028500064296185235 0.3351111914540361
v 0.024639050700321352 0.028500064296185235 0.3360520484323182
v 0.028388625539671475 0.028000001329928637 0.33539762945592244
v 0.023806630311662413 0.028000001329928637 0.33615828012681703
v 0.03906205172107047 0.028500064296185235 0.33179554798600464
v 0.03447297069255395 0.028500064296185235 0.33367796384689896
v 0.037587690231364324 0.028000001329928637 0.33245970207028464
v 0.04730193934999294 0.028500064296185235 0.3268954623040443
v 0.043352060469756815 0.028500064296185235 0.3295144809831285
v 0.04634935217706193 0.028000001329928637 0.3275780795239669
v 0.042061376662114736 0.028000001329928637 0.33025871319621203
v 0.033005254405800155 0.028000001329928637 0.3341709753449251
v 0.05087998441129837 0.028500064296185235 0.32400178540878954
v 0.050376181134195175 0.028000001329928637 0.32444398513682415
v 0.01931988044950539 0.028000001329928637 0.3364824073394779
v 0.05407206601433012 0.028000001329928637 0.3208979949781643
v 0.054072252934505016 0.028500064296185235 0.3208975372144707
v 0.05737677274478159 0.028000001329928637 0.31699562052523333
v 0.056972254598126604 0.028500064296185235 0.3175186613215608
v 0.06200681599448199 0.028500064296185235 0.3096629175402299
v 0.05963814065004236 0.028500064296185235 0.3137678066512173
v 0.06024284648931122 0.028000001329928637 0.31280323751360584
v 0.06561087347767725 0.028500064296185235 0.3005424031910131
v 0.06401706236681903 0.028500064296185235 0.3052395164512234
v 0.06454523774590992 0.028000001329928637 0.30384635842606755
v 0.06736967788250503 0.028500064296185235 0.29058003089165396
v 0.06674138195422508 0.028500064296185235 0.29563300964728256
v 0.06690830548510274 0.028000001329928637 0.2946308733692149
v 0.06263783180204152 0.028000001329928637 0.30839454589795423
v 0.06596425179036025 0.028000001329928637 0.29923463335350675
v 0.06747611557066602 0.028500064296185235 0.2854622327970091
v 0.06740288863847699 0.028000001329928637 0.290099195907878
v 0.06705206617308335 0.028500064296185235 0.28036094471291406
v 0.06715824446181795 0.028000001329928637 0.2811933727309679
v 0.06051447202101157 0.028500064296185235 0.26164793112878115
v 0.06279554283858513 0.028500064296185235 0.2659379398774675
v 0.061258452464063584 0.028000018496067147 0.2629384890514075
v 0.05500177644667259 0.028500064296185235 0.2541200071872396
v 0.057895449527229914 0.028500064296185235 0.2576980408044527
v 0.05544357944617273 0.02800003184750821 0.2546236388029577
v 0.05857776538605419 0.028000024218113317 0.25865049446297306
v 0.06467796632887435 0.028500064296185235 0.270527020905984
v 0.06345952526148002 0.028000012774020977 0.26741221362913237
v 0.06748240219205837 0.028000001329928637 0.2856801283151711
v 0.06639757853213357 0.028000005144626083 0.2766113412633331
v 0.0651708633859771 0.028000007051974807 0.2719946723428812
v 0.06611117867722172 0.028500064296185235 0.2753567330494455
v 0.06467796632887435 0.028500064296185235 0.270527020905984
v 0.06279554283858513 0.028500064296185235 0.2659379398774675
v 0.06051447202101157 0.028500064296185235 0.26164793112878115
v 0.057895449527229914 0.028500064296185235 0.2576980408044527
v 0.05500177644667259 0.028500064296185235 0.2541200071872396
v 0.04066291239281039 0.028500064296185235 0.24299317560405598
v 0.03154240185829105 0.028500064296185235 0.23938912575025562
v 0.06705206617308335 0.028500064296185235 0.28036094471291406
v 0.06611117867722172 0.028500064296185235 0.2753567330494455
v 0.06736967788250503 0.028500064296185235 0.29058003089165396
v 0.06747611557066602 0.028500064296185235 0.2854622327970091
v 0.04851865235944386 0.028500064296185235 0.24802773700041136
v 0.03623953037729111 0.028500064296185235 0.24098292160232404
v 0.026632998777816885 0.028500064296185235 0.23825861727370778
v 0.0215800295589319 0.028500064296185235 0.23763030608663804
v 0.044767816762587564 0.028500064296185235 0.2453618585778905
v 0.05189753969644606 0.028500064296185235 0.25092773103463806
v 0.024639050700321352 0.028500064296185235 0.3360520484323182
v 0.06674138195422508 0.028500064296185235 0.29563300964728256
v 0.06561087347767725 0.028500064296185235 0.3005424031910131
v 0.06200681599448199 0.028500064296185235 0.3096629175402299
v 0.06401706236681903 0.028500064296185235 0.3052395164512234
v 0.043352060469756815 0.028500064296185235 0.3295144809831285
v 0.05963814065004236 0.028500064296185235 0.3137678066512173
v 0.056972254598126604 0.028500064296185235 0.3175186613215608
v 0.05087998441129837 0.028500064296185235 0.32400178540878954
v 0.054072252934505016 0.028500064296185235 0.3208975372144707
v 0.03447297069255395 0.028500064296185235 0.33367796384689896
v 0.04730193934999294 0.028500064296185235 0.3268954623040443
v 0.03906205172107047 0.028500064296185235 0.33179554798600464
v 0.029643249012348827 0.028500064296185235 0.3351111914540361
v 0.014419966428930175 0.028500064296185235 0.33636967540052964
v 0.01953775307948269 0.028500064296185235 0.3364761207180855
v 0.011360945287540725 0.028500064296185235 0.23794793305484951
v 0.006356747452350431 0.028500064296185235 0.23888882055071115
v 0.0015270260105638978 0.028500064296185235 0.24032201764026873
v -0.0313696857093404 0.028500064296185235 0.2834199658543035
v -0.007352064958731919 0.028500064296185235 0.24448551576282895
v -0.029610875582466445 0.028500064296185235 0.27345759355494437
v -0.011301945269479585 0.028500064296185235 0.24710453444191316
v -0.014879987469761935 0.028500064296185235 0.24999821133716793
v -0.0030620578789757047 0.028500064296185235 0.24220444875995284
v -0.026006820006619913 0.028500064296185235 0.2643370792057276
v -0.020972256702915804 0.028500064296185235 0.25648133542439666
v -0.023638146569529006 0.028500064296185235 0.2602321900947402
v -0.030741384059014276 0.028500064296185235 0.2783669870986749
v -0.028017070193654403 0.028500064296185235 0.2687604497771545
v -0.018072258853991663 0.028500064296185235 0.2531024595314868
v -0.03105207018522127 0.028500064296185235 0.2936390520330434
v -0.008767819821051126 0.028500064296185235 0.328638138168067
v -0.0046629183122970375 0.028500064296185235 0.3310068211419015
v -0.012518657325256144 0.028500064296185235 0.3259722444867563
v -0.019001780458810513 0.028500064296185235 0.3198799895587179
v -0.015897544662258345 0.028500064296185235 0.32307225045252963
v -0.024514477940498214 0.028500064296185235 0.3123520656171763
v 0.009366997210045191 0.028500064296185235 0.3357413794722497
v 0.004457593652733849 0.028500064296185235 0.33461085573691207
v -0.028677974155709718 0.028500064296185235 0.30347297583997346
v -0.00023953391259184942 0.028500064296185235 0.33301707514363343
v -0.030111184596708362 0.028500064296185235 0.2986432331789324
v -0.02189545544671656 0.028500064296185235 0.3163019254239252
v -0.02679554685072305 0.028500064296185235 0.30806205686849
v -0.031476121490152664 0.028500064296185235 0.28853776394894837
v 0.016462242908379388 0.028500064296185235 0.23752387602787195
v -0.012519189475549974 -0.028500064296185235 0.3259721834515972
v -0.015897544662258345 -0.028000041384251828 0.32307225045252963
v -0.015897544662258345 -0.028500064296185235 0.32307225045252963
v 0.0011538236689241643 -0.028000010866672254 0.333545273410909
v -0.0002397569829855166 -0.028500064296185235 0.333017105661213
v 0.004456820699663688 -0.028500064296185235 0.33461146608850356
v -0.007802911175366911 -0.028000022310764594 0.32924296607765413
v -0.008767880856210275 -0.028500064296185235 0.328638138168067
v -0.004663619262952889 -0.028500064296185235 0.3310070347649585
v -0.0033942860785020346 -0.028000016588718424 0.33163789416992273
v 0.005765467917582812 -0.028000005144626083 0.33496427982596444
v 0.00936657091760551 -0.028500064296185235 0.33574153206014756
v 0.014419289320133366 -0.028500064296185235 0.3363705604103373
v 0.01036917926448222 -0.02800000323727736 0.33590831063252224
v -0.011995218846719835 -0.02800003184750821 0.3263769075919143
v 0.04634935217706193 -0.028000001329928637 0.3275780795239669
v 0.04335218635477256 -0.028500064296185235 0.3295149997819813
v 0.04730161510070996 -0.028500064296185235 0.3268957369622605
v 0.03447282954874842 -0.028500064296185235 0.3336788488567066
v 0.033005254405800155 -0.028000001329928637 0.3341709753449251
v 0.02964260051378287 -0.028500064296185235 0.335111557664991
v 0.028388625539671475 -0.028000001329928637 0.33539762945592244
v 0.024638613917463692 -0.028500064296185235 0.33605305551244413
v 0.037587690231364324 -0.028000001329928637 0.33245970207028464
v 0.03906149858994068 -0.028500064296185235 0.3317959447145391
v 0.042061376662114736 -0.028000001329928637 0.33025871319621203
v 0.05088032391937114 -0.028500064296185235 0.3240018464439487
v 0.050376181134195175 -0.028000001329928637 0.32444398513682415
v 0.01953715989402971 -0.028500064296185235 0.3364763953763017
v 0.014900820486193345 -0.028000001329928637 0.3364029090446863
v 0.023806630311662413 -0.028000001329928637 0.33615828012681703
v 0.01931988044950539 -0.028000001329928637 0.3364824073394779
v 0.05407206601433012 -0.028000001329928637 0.3208979949781643
v 0.054072252934505016 -0.028500064296185235 0.3208975372144707
v 0.056972182118875114 -0.028500064296185235 0.3175191801204136
v 0.05963814065004236 -0.028500064296185235 0.3137678066512173
v 0.05737677274478159 -0.028000001329928637 0.31699562052523333
v 0.06263783180204152 -0.028000001329928637 0.30839454589795423
v 0.062007014358749224 -0.028500064296185235 0.30966346685666224
v 0.06401706236681903 -0.028500064296185235 0.3052395164512234
v 0.06024284648931122 -0.028000001329928637 0.31280323751360584
v 0.06561136175895044 -0.028500064296185235 0.3005428609547067
v 0.06674138195422508 -0.028500064296185235 0.29563300964728256
v 0.06596425179036025 -0.028000001329928637 0.29923463335350675
v 0.06454523774590992 -0.028000001329928637 0.30384635842606755
v 0.06737036452804546 -0.028500064296185235 0.29058018347955183
v 0.06690830548510274 -0.028000001329928637 0.2946308733692149
v 0.06747611557066602 -0.028500064296185235 0.2854622327970091
v 0.06740288863847699 -0.028000001329928637 0.290099195907878
v 0.06639757853213357 -0.028000005144626083 0.2766113412633331
v 0.06705273755983399 -0.028500064296185235 0.28036073108985704
v 0.06611117867722172 -0.028500064296185235 0.2753567330494455
v 0.061258452464063584 -0.028000018496067147 0.2629384890514075
v 0.06279554283858513 -0.028500064296185235 0.2659379398774675
v 0.06051463605300178 -0.028500064296185235 0.26164735129476924
v 0.06467843172196286 -0.028500064296185235 0.2705265326247108
v 0.0651708633859771 -0.028000007051974807 0.2719946723428812
v 0.06345952526148002 -0.028000012774020977 0.26741221362913237
v 0.057895449527229914 -0.028500064296185235 0.2576980408044527
v 0.055001673449841526 -0.028500064296185235 0.2541195036471766
v 0.05544357944617273 -0.02800003184750821 0.2546236388029577
v 0.06715824446181795 -0.028000001329928637 0.2811933727309679
v 0.05857776538605419 -0.028000024218113317 0.25865049446297306
v 0.06748240219205837 -0.028000001329928637 0.2856801283151711
v -0.03148990971407417 -0.02800000323727736 0.288000013679266
v -0.031489911621422895 -0.028500064296185235 0.288000013679266
v -0.031113513516997093 -0.028500064296185235 0.2931736589445322
v -0.030947619954430072 -0.027999972719697785 0.29437043634512605
v -0.03020354605129061 -0.028500064296185235 0.2982547443909489
v -0.029589890931811524 -0.027999993700533743 0.3006180867883579
v -0.028786717828477304 -0.028500064296185235 0.3031633444776105
v -0.027436910025107064 -0.028000218767683105 0.30663810660554347
v -0.026904733028394467 -0.028500064296185235 0.3078282616913697
v -0.02452726862103738 -0.02800000323727736 0.31233146625096353
v -0.024611205316308338 -0.028500064296185235 0.3121899867520561
v -0.020604411150165758 -0.028000010866672254 0.31798307784752566
v -0.021967961401088143 -0.028500064296185235 0.3162029569133651
v -0.01904113859971801 -0.028500064296185235 0.3198360442441306
v -0.022670260552487553 -0.028000005144626083 0.31521668977667616
v -0.018341788209444987 -0.028000024218113317 0.3206084136655818
v -0.02452726862103738 -0.02800000323727736 0.31233146625096353
v 0.05513334154691574 -0.028500064296185235 0.25658430173788105
v 0.057895449527229914 -0.028500064296185235 0.2576980408044527
v 0.057942580114185294 -0.028500064296185235 0.26038065811937017
v 0.06051463605300178 -0.028500064296185235 0.26164735129476924
v 0.06279554283858513 -0.028500064296185235 0.2659379398774675
v 0.060350123410910506 -0.028500064296185235 0.2644053165136562
v 0.04849373857041872 -0.028500064296185235 0.2499300045468189
v 0.05189753969644606 -0.028500064296185235 0.25092773103463806
v 0.05196523531733721 -0.028500064296185235 0.25308300457450805
v 0.055001673449841526 -0.028500064296185235 0.2541195036471766
v 0.06705273755983399 -0.028500064296185235 0.28036073108985704
v 0.06508591007383657 -0.028500064296185235 0.27767707617723403
v 0.06611117867722172 -0.028500064296185235 0.2753567330494455
v 0.06394883268828533 -0.028500064296185235 0.2731181770349167
v 0.06747611557066602 -0.028500064296185235 0.2854622327970091
v 0.0657711060292332 -0.028500064296185235 0.2823179150207089
v 0.06467843172196286 -0.028500064296185235 0.2705265326247108
v 0.06235714636390499 -0.028500064296185235 0.26865760553398843
v 0.02741377388509214 -0.028500064296185235 0.23993218607878397
v 0.027250583035666187 -0.028500064296185235 0.23837182223513942
v 0.030859080826689533 -0.028500064296185235 0.23919923011135324
v 0.031999600976686526 -0.028500064296185235 0.24108692551351396
v 0.034357396804007845 -0.028500064296185235 0.24028060528478612
v 0.02355983273829465 -0.028500064296185235 0.23781298431797104
v 0.022731495983252525 -0.028500064296185235 0.23923321143620946
v 0.019817111002907728 -0.028500064296185235 0.23753310759569324
v 0.018000000854954123 -0.028500064296185235 0.23900001135189086
v 0.01605426864583759 -0.028500064296185235 0.23753799040842516
v 0.04471961424564963 -0.028500064296185235 0.24712443190379574
v 0.04396009653989674 -0.028500064296185235 0.24485348147854857
v 0.046805170374981664 -0.028500064296185235 0.24674436596777483
v 0.040659997963961025 -0.028500064296185235 0.24468542116783176
v 0.03772063243738577 -0.028500064296185235 0.241597805054381
v 0.03641480428087984 -0.028500064296185235 0.24267287834763174
v 0.040927385366797964 -0.028500064296185235 0.24312980280781105
v 0.06737036452804546 -0.028500064296185235 0.29058018347955183
v 0.065999987876042 -0.028500064296185235 0.28704044942470475
v 0.06674138195422508 -0.028500064296185235 0.29563300964728256
v 0.06576489570178978 -0.028500064296185235 0.29175071576171163
v 0.06561136175895044 -0.028500064296185235 0.3005428609547067
v 0.06507294010251741 -0.028500064296185235 0.2963882281890129
v 0.06401706236681903 -0.028500064296185235 0.3052395164512234
v 0.06392713087451041 -0.028500064296185235 0.3009534749878817
v 0.062007014358749224 -0.028500064296185235 0.30966346685666224
v 0.062329119781763254 -0.028500064296185235 0.3054100486858857
v 0.05963814065004236 -0.028500064296185235 0.3137678066512173
v 0.060318903927005785 -0.028500064296185235 0.3096531213971865
v 0.056972182118875114 -0.028500064296185235 0.3175191801204136
v 0.05790378845584865 -0.028500064296185235 0.3136775051332563
v 0.054072252934505016 -0.028500064296185235 0.3208975372144707
v 0.05508278536165312 -0.028500064296185235 0.31747734051881693
v 0.05191717012950736 -0.028500064296185235 0.32096507261806906
v 0.05088032391937114 -0.028500064296185235 0.3240018464439487
v 0.0484419921995527 -0.028500064296185235 0.32411253370506543
v 0.04730161510070996 -0.028500064296185235 0.3268957369622605
v 0.04465590116889295 -0.028500064296185235 0.3269182284184069
v 0.04335218635477256 -0.028500064296185235 0.3295149997819813
v 0.04059672739210818 -0.028500064296185235 0.32934843483266363
v 0.03635372716005891 -0.028500064296185235 0.33135246324816237
v 0.03906149858994068 -0.028500064296185235 0.3317959447145391
v 0.03447282954874842 -0.028500064296185235 0.3336788488567066
v 0.03193159827265091 -0.028500064296185235 0.3329337926689746
v 0.02964260051378287 -0.028500064296185235 0.335111557664991
v 0.027337910996967363 -0.028500064296185235 0.33408296264543225
v 0.024638613917463692 -0.028500064296185235 0.33605305551244413
v 0.02268356240248459 -0.028500064296185235 0.33477153079337185
v 0.01953715989402971 -0.028500064296185235 0.3364763953763017
v 0.018000000854954123 -0.028500064296185235 0.3350000159116462
v 0.014419289320133366 -0.028500064296185235 0.3363705604103373
v 0.013343526520319116 -0.028500064296185235 0.239225856699532
v 0.012303832638538847 -0.028500064296185235 0.23782857880113362
v 0.008762916027483247 -0.028500064296185235 0.239897182415012
v 0.0085980715067141 -0.028500064296185235 0.23840084445331478
v 0.004257384502446837 -0.028500064296185235 0.24100934982623556
v 0.0049680869554843965 -0.028500064296185235 0.23924602881963075
v -0.00015189962810546222 -0.028500064296185235 0.2425645714577218
v 0.001442953178277806 -0.028500064296185235 0.24035096356449515
v -0.004357420651454891 -0.028500064296185235 0.24452418153614985
v -0.001951015088243191 -0.028500064296185235 0.24169854358455645
v -0.008257341777090366 -0.028500064296185235 0.24503799076465604
v -0.005190850027588512 -0.028500064296185235 0.2432684746893976
v -0.0083454527050425 -0.028500064296185235 0.24687623242911627
v -0.01113526587923852 -0.028500064296185235 0.24698260145272322
v -0.012114981273062542 -0.028500064296185235 0.2496223720859181
v -0.013813440025304824 -0.028500064296185235 0.2490769466449727
v -0.015597511078671578 -0.028500064296185235 0.25271871622712716
v -0.018743966039216353 -0.028500064296185235 0.2561142394596949
v -0.018547957347655464 -0.028500064296185235 0.2536159025490381
v -0.021555117677255486 -0.028500064296185235 0.25980823987929114
v -0.022679215554743948 -0.028500064296185235 0.25879621590544133
v -0.02401291770549374 -0.028500064296185235 0.26378547395491836
v -0.024535905096056965 -0.028500064296185235 0.2616830568628714
v -0.02605749254015466 -0.028500064296185235 0.26794910940658667
v -0.026219985299947846 -0.028500064296185235 0.26475489538768215
v -0.027688136462210577 -0.028500064296185235 0.27228288036438286
v -0.027707221393536985 -0.028500064296185235 0.2679973271823144
v -0.028901101531420004 -0.028500064296185235 0.2767879159787512
v -0.03000249814440248 -0.028500064296185235 0.2749164559289241
v -0.028974879687390098 -0.028500064296185235 0.2713919196287051
v -0.030772641689893465 -0.028500064296185235 0.2785453623512879
v -0.03127159457919304 -0.028500064296185235 0.28225010495889435
v -0.029670649984109287 -0.028500064296185235 0.28138209344305665
v -0.029989583486196292 -0.028500064296185235 0.2860000135842711
v -0.012519189475549974 -0.028500064296185235 0.3259721834515972
v -0.008362498680583585 -0.028500064296185235 0.32711259488271693
v -0.008767880856210275 -0.028500064296185235 0.328638138168067
v -0.004663619262952889 -0.028500064296185235 0.3310070347649585
v -0.0043659150289945825 -0.028500064296185235 0.3294707798091778
v -0.012102534868967951 -0.028500064296185235 0.3243883821068394
v -0.01904113859971801 -0.028500064296185235 0.3198360442441306
v -0.015583714271680815 -0.028500064296185235 0.3212948150653716
v -0.015897544662258345 -0.028500064296185235 0.32307225045252963
v -0.01875260251423594 -0.028500064296185235 0.3178747099224566
v 0.00936657091760551 -0.028500064296185235 0.33574153206014756
v 0.008735423502984063 -0.028500064296185235 0.33409742797815056
v 0.013350103058717422 -0.028500064296185235 0.334774246857954
v 0.004456820699663688 -0.028500064296185235 0.33461146608850356
v -0.0002397569829855166 -0.028500064296185235 0.333017105661213
v -0.00012992065271917076 -0.028500064296185235 0.33144444323299993
v 0.0042421290505198495 -0.028500064296185235 0.33298664911679765
v -0.031113513516997093 -0.028500064296185235 0.2931736589445322
v -0.0296663565421329 -0.028500064296185235 0.2926496721032379
v -0.028894147337974463 -0.028500064296185235 0.2972440021554412
v -0.031489911621422895 -0.028500064296185235 0.288000013679266
v -0.029989583486196292 -0.028500064296185235 0.288000013679266
v -0.03020354605129061 -0.028500064296185235 0.2982547443909489
v -0.031489911621422895 -0.028500064296185235 0.2860000135842711
v -0.0276903547087759 -0.028500064296185235 0.3017119894282061
v -0.024611205316308338 -0.028500064296185235 0.3121899867520561
v -0.021555207322645487 -0.028500064296185235 0.3141916653139276
v -0.021967961401088143 -0.028500064296185235 0.3162029569133651
v -0.023994404978784356 -0.028500064296185235 0.3102480310934119
v -0.026056163118094444 -0.028500064296185235 0.3060540001324874
v -0.028786717828477304 -0.028500064296185235 0.3031633444776105
v -0.026904733028394467 -0.028500064296185235 0.3078282616913697
v -0.0323733726619202 -0.023592875647578948 0.25549778435228987
v -0.03022407866029808 -0.027050742480519974 0.25193833594103765
v -0.029614493822994747 -0.027056741092255088 0.25260378702244957
v -0.03477069256948795 -0.019631358125432596 0.2581654785707954
v -0.03312475743271648 -0.02323063960742444 0.2541154295503034
v -0.0367332208914628 -0.0151662576249606 0.2604589357109788
v -0.03698606285293504 -0.014929800742696786 0.25927369395546407
v -0.02651676494661248 -0.030063317773145748 0.24957162135108568
v -0.027287440642397298 -0.030316051015740753 0.24897558250441598
v -0.02401031989653246 -0.03319256367983359 0.2459681818488768
v -0.02306633677369274 -0.03267756808042144 0.24645737864945616
v -0.02482058642976903 -0.03313038029675308 0.24511074467436167
v -0.038185186292458706 -0.010296345246130212 0.26222120386108827
v -0.03870276444204235 -0.007760252367493559 0.2628632021825972
v -0.03879910844075907 -0.007769705664603943 0.26202409081461653
v -0.03831273451629036 -0.010241743574225248 0.26126115132525385
v -0.03915539736759399 -0.005226034889489195 0.2625958681855245
v -0.03907467836961942 -0.005185541876091271 0.26332914458754075
v -0.030668485190805672 -0.02686413701816548 0.25120559359666395
v -0.03937342640016661 -0.002628170376677702 0.2629516726457837
v -0.039297944981786515 -0.002593378667032631 0.26361057770637686
v -0.03831273451629036 0.010241743574225248 0.26126115132525385
v -0.038185197736551046 0.010296289933017233 0.26222120386108827
v -0.03673323615025259 0.015166214709614323 0.26045896622855835
v -0.02728744254974602 0.030316051015740753 0.24897558250441598
v -0.029614505267087088 0.027056729648162747 0.25260378702244957
v -0.02651677066865865 0.030063312051099578 0.24957162135108568
v -0.030224071030903188 0.027050744387868697 0.25193833594103765
v -0.032373387920709984 0.02359285466674299 0.25549779961107966
v -0.03312475743271648 0.02323063960742444 0.2541154295503034
v -0.034770707828277736 0.019631327607853022 0.2581654785707954
v -0.039074685999014314 0.005185475118885952 0.26332917510512033
v -0.03937342640016661 0.002628170376677702 0.2629516726457837
v -0.03929794879648396 0.002593294743688801 0.26361057770637686
v -0.03937228962032746 -5.110359294925175e-08 0.2637047244393642
v -0.039446958508151386 -4.131849681204419e-16 0.2630727969191149
v -0.03698606285293504 0.014929800742696786 0.25927369395546407
v -0.03870277588613469 0.007760190855497229 0.26286323270017675
v -0.03915539736759399 0.005226034889489195 0.2625958681855245
v -0.03879910844075907 0.007769705664603943 0.26202409081461653
v -0.02306633677369274 0.03267756808042144 0.24645737864945616
v -0.027894614590914246 -0.030164414884881197 0.24818612323840306
v -0.035241315608198764 -0.01925646301180084 0.25684098509968223
v -0.035241315608198764 0.01925646301180084 0.25684098509968223
v -0.030668485190805672 0.02686413701816548 0.25120559359666395
v -0.024010342784717142 0.033192529347556565 0.2459681818488768
v -0.024820588337117755 0.03313038029675308 0.24511074467436167
v -0.027894614590914246 0.030164414884881197 0.24818612323840306
v -0.018445815008819588 -0.03625037174743495 0.24223984915225927
v -0.02306633677369274 -0.03267756808042144 0.24645737864945616
v -0.02155438144064825 -0.0349980790548976 0.2439077264287448
v -0.024010295100999057 -0.03319256367983359 0.24596821236645638
v -0.02401031989653246 -0.03319256367983359 0.2459681818488768
v -0.02482058642976903 -0.03313038029675308 0.24511074467436167
v -0.01810577097106192 -0.03569977739144914 0.24242765433696079
v -0.01571514967221077 -0.03764626872535759 0.2403401145649564
v -0.012605517986120085 -0.03822920027160004 0.238711101426059
v -0.015428762215065617 -0.03703676018200319 0.2405150108134979
v -0.01894632810937491 -0.0366414659737746 0.24191404347272183
v -0.012844843520863902 -0.03887045472710682 0.23854868686756348
v -0.016183895879777754 -0.038109136484159034 0.24000776286460024
v -0.009637220840433836 -0.039241403536229846 0.23703283291372834
v -0.013265202198666781 -0.03938598438416152 0.23820766817460814
v -0.019440730064620437 -0.03682937415530718 0.24143458178002675
v -0.022421759716709788 -0.03505197691512363 0.24295135126124912
v -0.0166616676615039 -0.038360204611318505 0.23950463478894513
v -0.019823067652970927 -0.03681159003581014 0.24088338851654179
v -0.013707101519277454 -0.03968906591100829 0.23768647369184492
v -0.017030310486020328 -0.038387319480770454 0.23892081823289502
v -0.014050904941368958 -0.039756219844861995 0.23708156948830883
v -0.010587276961608882 -0.040793104201972685 0.23599154258106658
v -0.010193977840144974 -0.040449560179307564 0.2365262716103711
v -0.009832231034938022 -0.03989780996999537 0.2368774984336941
v -0.006526829552714053 -0.040045606607874706 0.23549164936884637
v -0.0069828642347138925 -0.04127669339730522 0.2349779316930789
v -0.006686761696846066 -0.040703775431860656 0.23534051105600362
v -0.0032932278289968253 -0.04060957910780649 0.23409989515235097
v -0.0034191078379512685 -0.04126279645450648 0.23394684949078481
v 3.457030073095602e-05 -0.04089929393479963 0.2328614459968481
v -0.003646494561779512 -0.041844137271913606 0.2335731464701052
v -4.983429474900375e-05 -0.04154605299872216 0.2327011676689228
v -0.007318048347924322 -0.04164891250067804 0.23443342177952076
v -0.01090043405808705 -0.0408937664381992 0.23537487385060452
v -0.007597565058130584 -0.04177618606629352 0.23381269421097528
v -0.003919025368867707 -0.0422338658365673 0.23302256355821171
v -0.00020837161934650697 -0.04212777528587397 0.23231780583430783
v -0.0004177821178984707 -0.04252684222987746 0.23176340822496755
v -0.004166292865277199 -0.042381170378475996 0.23240397222023645
v -0.0006370258633869863 -0.042689474226127455 0.23114980651125272
v 0.04345681587634376 -0.004758130299546415 0.21130767300044262
v 0.042675371289666586 -0.009462034674886377 0.21150292447456032
v 0.04314789023300847 -0.009179579217134526 0.21089509058338507
v 0.0441273862817293 -8.121305130886884e-09 0.21065949486906987
v 0.043720731904504095 9.155072328316669e-09 0.2112478432856868
v 0.04388103312061409 -0.004620658140306877 0.21071459435899165
v 0.04330694404305335 -0.009256561718959944 0.21020717856340632
v 0.04194190033808054 -0.013616210630560954 0.21124505092715573
v 0.03619103031395232 -0.024511634083551614 0.21448269146179477
v 0.034901242960210244 -0.026249490077350224 0.21551616929408546
v 0.03581557253244716 -0.025621281887111547 0.21388715615518805
v 0.03742403589619858 -0.02261334717392982 0.21367081703358437
v 0.041392076550978985 -0.014061104488667375 0.21188369231491144
v 0.039627412770872894 -0.01848277370503304 0.21254943331332932
v 0.033590554879157075 -0.027783755668412402 0.21680843620116796
v 0.03230854569350905 -0.02907560295877576 0.2183651226764738
v 0.028576230452757034 -0.03238775407129468 0.22320923911749446
v 0.034534185142482965 -0.02720077262375442 0.21497912092873328
v 0.02988527630655935 -0.030958327810163278 0.2219541578811235
v 0.0441273862817293 -8.121305130886884e-09 0.21065949486906987
v 0.044301027494810796 4.640286314140939e-16 0.20996569295623324
v 0.042074651809229646 -0.013737867054186004 0.21057741783880424
v 0.04405196589850835 -0.004656749469688359 0.21002086874010395
v 0.04037612343875896 -0.018028492830184373 0.21121776821101612
v 0.033256395012211115 -0.028608333039120692 0.2162717235291911
v 0.0382554034283622 -0.022036015603539294 0.2122568917955281
v 0.030816642317593734 -0.030901408709559375 0.21937298100071168
v 0.028321763430172453 -0.032875283849089776 0.2226349287874818
v 0.02696360525409114 -0.03349232641990163 0.2247108261028785
v 0.028560571119737865 -0.031752423840922805 0.22369571985349168
v 0.027003056855086083 -0.03262426912769456 0.22514315339392077
v 0.02525561452660363 -0.03358966605465197 0.22621210791246682
v 0.025103934526723437 -0.034707872131933826 0.22579786228732246
v 0.021129057934118345 -0.03706543144801344 0.22701858072909253
v 0.025038729903265056 -0.03522817397549449 0.22482117767061993
v 0.02342894856154576 -0.034620710109971586 0.22694312601359456
v 0.019693762760965017 -0.03661395819048563 0.2278676103104349
v 0.026786824545010912 -0.03400985497841846 0.22391419520566558
v 0.015832283772012623 -0.03830446425222567 0.2286335252638061
v 0.017027670715387133 -0.03901785463645169 0.22783724531875826
v 0.01184409293164379 -0.03959489628983626 0.22948290579731356
v 0.012791342389172344 -0.04051225473184594 0.228708339110133
v 0.008472264692266918 -0.041526548450676604 0.22973011345065686
v 0.007822600736238638 -0.04044763757179437 0.2304741930758425
v 0.0038632749961940716 -0.0408719196659213 0.23160996583486693
v -4.983429474900375e-05 -0.04154605299872216 0.2327011676689228
v 0.004204929551530068 -0.04148671156523953 0.23132662536730741
v 3.457030073095602e-05 -0.04089929393479963 0.2328614459968481
v 0.004122568326304643 -0.0420622540425275 0.23093561887900904
v 0.021171513609352655 -0.03757925593530942 0.2259041244994009
v 0.012700225479632121 -0.04107964138599263 0.22754993756585407
v 0.017023981902956065 -0.0395613269523043 0.226690486231087
v 0.008270715152664532 -0.04210905275080501 0.22856585253109962
v 0.00397948307819071 -0.042465444674471 0.23038074824718535
v -0.00020837161934650697 -0.04212777528587397 0.23231780583430783
v -0.0004177821178984707 -0.04252684222987746 0.23176340822496755
v 0.0038049129862809117 -0.042642835735142715 0.22976935905798967
v -0.0006370258633869863 -0.042689474226127455 0.23114980651125272
v -0.02155440242148421 0.034998063796107814 0.2439077416875346
v -0.02306633677369274 0.03267756808042144 0.24645737864945616
v -0.018445834082306822 0.03625036030334261 0.24223986441104906
v -0.024010342784717142 0.033192529347556565 0.2459681818488768
v -0.024010310359788845 0.03319253316225401 0.24596821236645638
v -0.024820588337117755 0.03313038029675308 0.24511074467436167
v -0.01802719201835501 0.03574194887172366 0.24236870963201262
v -0.015341664089285612 0.03707685646686665 0.2404561118849191
v -0.012524033187633066 0.038260282426396675 0.2386621512284215
v -0.01571516683834928 0.037646261095962696 0.2403401298237462
v -0.018946347182862144 0.03664145452968226 0.24191405873151162
v -0.012844857825979328 0.03887045091240937 0.23854870212635326
v -0.016183913045916265 0.03810912885476414 0.24000777812339003
v -0.009568052746328215 0.039262102084576256 0.23699621181823893
v -0.013265216503782207 0.039385980569464074 0.23820766817460814
v -0.022431920163359376 0.03504448103464064 0.24295994195989934
v -0.019440751045456395 0.03682936271121484 0.24143459703881653
v -0.0198433313258084 0.036799024422420334 0.24089852523601074
v -0.017059138154625897 0.038372571860441074 0.23893978490860057
v -0.01666168482764241 0.03836019698192361 0.2395046500477349
v -0.01370711582439288 0.039689062096310845 0.2376864889506347
v -0.01408470029972464 0.03974236104903772 0.23710107022165694
v -0.009832241525356 0.03989780615529792 0.2368774984336941
v -0.010193989284237315 0.04044955636461012 0.23652628686916088
v -0.006481734583683729 0.04005537986273344 0.23547082112078677
v -0.006686769803078141 0.04070377161716321 0.23534051105600362
v -0.006982872340945967 0.04127669339730522 0.2349779316930789
v -0.0032744583254655513 0.04061203958765969 0.23409238782777564
v -0.010587288405701223 0.04079310038727524 0.23599155783985637
v 3.457030073095602e-05 0.04089929393479963 0.2328614459968481
v -0.0034191118910673057 0.04126279645450648 0.23394684949078481
v -4.9830629063175955e-05 0.04154593474310131 0.23270110663376364
v -0.00020836665725959373 0.04212760743918631 0.2323177142815691
v -0.003646498614895549 0.04184413345721616 0.2335731464701052
v -0.007318056454156396 0.04164890868598059 0.23443343703831054
v -0.010934566063492412 0.04088303950897876 0.2353921162830641
v -0.007626286868882004 0.04176981552155734 0.23382529797133955
v -0.003919029421983744 0.0422338658365673 0.23302256355821171
v -0.00041778608160753655 0.042526727788954055 0.2317633471898084
v -0.004183417518953125 0.04237891589228493 0.23241047246468582
v -0.0006370260422009291 0.042689485670219796 0.23114980651125272
v -0.043488504568034436 -0.0010000000474974513 0.19700029927400386
v -0.043488504568034436 -0.0010000000474974513 0.20000000949949026
v -0.043488504568034436 0.0010000000474974513 0.19700029927400386
v -0.043488504568034436 0.0010000000474974513 0.20000000949949026
v -0.043488504568034436 -0.0010000000474974513 0.19700029927400386
v -0.04505869507230198 -0.0010000000474974513 0.19700016194489578
v -0.04489525054549581 -0.0010000000474974513 0.20000000949949026
v -0.043488504568034436 -0.0010000000474974513 0.20000000949949026
v -0.043488504568034436 0.0010000000474974513 0.20000000949949026
v -0.04489525054549581 0.0010000000474974513 0.20000000949949026
v -0.043488504568034436 0.0010000000474974513 0.19700029927400386
v -0.04505869507230198 0.0010000000474974513 0.19700016194489578
v -0.043488504568034436 -0.0010000000474974513 0.20000000949949026
v -0.04489525054549581 -0.0010000000474974513 0.20000000949949026
v -0.04490638564734306 -4.792373865312287e-16 0.20000000949949026
v -0.04489525054549581 0.0010000000474974513 0.20000000949949026
v -0.043488504568034436 0.0010000000474974513 0.20000000949949026
v 0.022704823618704406 -0.023500001116190106 0.23923115149958818
v 0.02741377388509214 -0.028500064296185235 0.23993218607878397
v 0.03193366583866708 -0.023500001116190106 0.2410668754637335
v 0.027364337313530163 -0.023500001116190106 0.23992231364179162
v 0.04845088044460377 -0.023500001116190106 0.24989550442310993
v 0.04466737196411552 -0.023500001116190106 0.24708947401639314
v 0.04471961424564963 -0.028500064296185235 0.24712443190379574
v 0.04062704660741545 -0.023500001116190106 0.24466779726562748
v 0.040659997963961025 -0.028500064296185235 0.24468542116783176
v 0.036368806659066166 -0.023500001116190106 0.24265378960160788
v 0.031999600976686526 -0.028500064296185235 0.24108692551351396
v 0.03641480428087984 -0.028500064296185235 0.24267287834763174
v 0.022731495983252525 -0.028500064296185235 0.23923321143620946
v 0.05196523531733721 -0.028500064296185235 0.25308300457450805
v 0.055104506248915275 -0.023500001116190106 0.2565491454862112
v 0.05194112642947335 -0.023500001116190106 0.2530588804278544
v 0.06033222485049006 -0.023500001116190106 0.2643729678793072
v 0.057910544285026955 -0.023500001116190106 0.26033265396669947
v 0.057942580114185294 -0.028500064296185235 0.26038065811937017
v 0.060350123410910506 -0.028500064296185235 0.2644053165136562
v 0.06234622107041732 -0.023500001116190106 0.2686312078276565
v 0.05513334154691574 -0.028500064296185235 0.25658430173788105
v 0.06600000313483179 -0.023500001116190106 0.2870000136317685
v 0.06576887061652936 -0.023500001116190106 0.2822951794239259
v 0.0657711060292332 -0.028500064296185235 0.2823179150207089
v 0.06235714636390499 -0.028500064296185235 0.26865760553398843
v 0.06393313902298914 -0.023500001116190106 0.2730663581847992
v 0.04849373857041872 -0.028500064296185235 0.2499300045468189
v 0.06508591007383657 -0.028500064296185235 0.27767707617723403
v 0.06507769321553614 -0.023500001116190106 0.2776356638217514
v 0.06394883268828533 -0.028500064296185235 0.2731181770349167
v 0.065999987876042 -0.028500064296185235 0.28704044942470475
v 0.055104506248915275 -0.023500001116190106 0.31745088177732583
v 0.057910544285026955 -0.023500001116190106 0.3136673732968376
v 0.05790378845584865 -0.028500064296185235 0.3136775051332563
v 0.062329119781763254 -0.028500064296185235 0.3054100486858857
v 0.06033222485049006 -0.023500001116190106 0.30962705938422985
v 0.06234622107041732 -0.023500001116190106 0.30536881943588057
v 0.06507294010251741 -0.028500064296185235 0.2963882281890129
v 0.06393313902298914 -0.023500001116190106 0.30093366907873786
v 0.06507769321553614 -0.023500001116190106 0.2963643634417856
v 0.05508278536165312 -0.028500064296185235 0.31747734051881693
v 0.05194112642947335 -0.023500001116190106 0.32094114683568264
v 0.060318903927005785 -0.028500064296185235 0.3096531213971865
v 0.06392713087451041 -0.028500064296185235 0.3009534749878817
v 0.06576489570178978 -0.028500064296185235 0.29175071576171163
v 0.06576887061652936 -0.023500001116190106 0.29170484783961115
v 0.04845088044460377 -0.023500001116190106 0.32410450758163734
v 0.0484419921995527 -0.028500064296185235 0.32411253370506543
v 0.04466737196411552 -0.023500001116190106 0.3269105685059337
v 0.03193366583866708 -0.023500001116190106 0.33293315179980354
v 0.036368806659066166 -0.023500001116190106 0.33134623766192917
v 0.03635372716005891 -0.028500064296185235 0.33135246324816237
v 0.04062704660741545 -0.023500001116190106 0.32933222999790956
v 0.04059672739210818 -0.028500064296185235 0.32934843483266363
v 0.022704823618704406 -0.023500001116190106 0.33476887576394887
v 0.02268356240248459 -0.028500064296185235 0.33477153079337185
v 0.027364337313530163 -0.023500001116190106 0.33407771362174543
v 0.027337910996967363 -0.028500064296185235 0.33408296264543225
v 0.03193159827265091 -0.028500064296185235 0.3329337926689746
v 0.04465590116889295 -0.028500064296185235 0.3269182284184069
v 0.05191717012950736 -0.028500064296185235 0.32096507261806906
v -0.004627043466995662 -0.023500001116190106 0.32933222999790956
v -0.008667371207881636 -0.023500001116190106 0.3269105685059337
v -0.012450877781021163 -0.023500001116190106 0.32410450758163734
v -0.00036880477034397646 -0.023500001116190106 0.33134623766192917
v 0.018000000854954123 -0.023500001116190106 0.3350000159116462
v 0.008635665350052446 -0.023500001116190106 0.33407771362174543
v 0.004066335871241167 -0.023500001116190106 0.33293315179980354
v 0.01329517809120384 -0.023500001116190106 0.33476887576394887
v -0.015941126626913826 -0.023500001116190106 0.32094114683568264
v -0.024332221233233087 -0.023500001116190106 0.30962705938422985
v -0.02793313731308089 -0.023500001116190106 0.30093366907873786
v -0.029077695320325336 -0.023500001116190106 0.2963643634417856
v -0.029768868906621115 -0.023500001116190106 0.29170484783961115
v -0.02634621936050907 -0.023500001116190106 0.30536881943588057
v -0.029768868906621115 -0.023500001116190106 0.2822951794239259
v -0.019104502631658304 -0.023500001116190106 0.31745088177732583
v -0.021910542575118708 -0.023500001116190106 0.3136673732968376
v 0.004066335871241167 -0.023500001116190106 0.2410668754637335
v 0.03193366583866708 -0.023500001116190106 0.33293315179980354
v 0.022704823618704406 -0.023500001116190106 0.33476887576394887
v 0.027364337313530163 -0.023500001116190106 0.33407771362174543
v 0.027364337313530163 -0.023500001116190106 0.23992231364179162
v 0.04062704660741545 -0.023500001116190106 0.32933222999790956
v 0.036368806659066166 -0.023500001116190106 0.33134623766192917
v 0.05194112642947335 -0.023500001116190106 0.32094114683568264
v 0.04845088044460377 -0.023500001116190106 0.32410450758163734
v 0.04466737196411552 -0.023500001116190106 0.3269105685059337
v 0.055104506248915275 -0.023500001116190106 0.31745088177732583
v 0.057910544285026955 -0.023500001116190106 0.3136673732968376
v 0.06234622107041732 -0.023500001116190106 0.30536881943588057
v 0.06033222485049006 -0.023500001116190106 0.30962705938422985
v 0.06393313902298914 -0.023500001116190106 0.30093366907873786
v 0.06576887061652936 -0.023500001116190106 0.29170484783961115
v 0.06507769321553614 -0.023500001116190106 0.2963643634417856
v 0.06576887061652936 -0.023500001116190106 0.2822951794239259
v 0.04062704660741545 -0.023500001116190106 0.24466779726562748
v -0.03000000142492354 -0.023500001116190106 0.2870000136317685
v -0.021910542575118708 -0.023500001116190106 0.26033265396669947
v -0.029077695320325336 -0.023500001116190106 0.2776356638217514
v -0.02793313731308089 -0.023500001116190106 0.2730663581847992
v -0.024332221233233087 -0.023500001116190106 0.2643729678793072
v -0.02634621936050907 -0.023500001116190106 0.2686312078276565
v -0.019104502631658304 -0.023500001116190106 0.2565491454862112
v -0.015941126626913826 -0.023500001116190106 0.2530588804278544
v -0.012450877781021163 -0.023500001116190106 0.24989550442310993
v -0.008667371207881636 -0.023500001116190106 0.24708947401639314
v -0.004627043466995662 -0.023500001116190106 0.24466779726562748
v -0.00036880477034397646 -0.023500001116190106 0.24265378960160788
v 0.008635665350052446 -0.023500001116190106 0.23992231364179162
v 0.01329517809120384 -0.023500001116190106 0.23923115149958818
v 0.018000000854954123 -0.023500001116190106 0.23900001135189086
v 0.06033222485049006 -0.023500001116190106 0.2643729678793072
v 0.06234622107041732 -0.023500001116190106 0.2686312078276565
v 0.057910544285026955 -0.023500001116190106 0.26033265396669947
v 0.04845088044460377 -0.023500001116190106 0.24989550442310993
v 0.055104506248915275 -0.023500001116190106 0.2565491454862112
v 0.06393313902298914 -0.023500001116190106 0.2730663581847992
v 0.06507769321553614 -0.023500001116190106 0.2776356638217514
v 0.06600000313483179 -0.023500001116190106 0.2870000136317685
v 0.03193366583866708 -0.023500001116190106 0.2410668754637335
v 0.036368806659066166 -0.023500001116190106 0.24265378960160788
v 0.05194112642947335 -0.023500001116190106 0.2530588804278544
v 0.04466737196411552 -0.023500001116190106 0.24708947401639314
v 0.022704823618704406 -0.023500001116190106 0.23923115149958818
v -0.03234516678899846 -0.02550000121118501 0.288000013679266
v -0.03245457994116796 -0.02550000121118501 0.2860000135842711
v -0.029989583486196292 -0.02550000121118501 0.2860000135842711
v -0.029989583486196292 -0.02550000121118501 0.288000013679266
v -0.03148990780672545 -0.028000018496067147 0.2860000135842711
v -0.031489911621422895 -0.028500064296185235 0.2860000135842711
v -0.029989583486196292 -0.028500064296185235 0.2860000135842711
v -0.029989583486196292 -0.02550000121118501 0.2860000135842711
v -0.03245457994116796 -0.02550000121118501 0.2860000135842711
v -0.03148990971407417 -0.02800000323727736 0.288000013679266
v -0.03234516678899846 -0.02550000121118501 0.288000013679266
v -0.029989583486196292 -0.02550000121118501 0.288000013679266
v -0.029989583486196292 -0.028500064296185235 0.288000013679266
v -0.031489911621422895 -0.028500064296185235 0.288000013679266
vn 4.1313186749454035e-06 3.901660124199248e-09 -2.2946101192163532e-05
vn 4.910900095841792e-06 -1.464136764473399e-08 -2.2870516775554186e-05
vn 2.6652356269961977e-06 -7.698846373504279e-09 -2.3298652832426203e-05
vn 1.3253392787991836e-05 -3.319091325592206e-08 -1.927336103911045e-05
vn 1.1323233215983217e-05 -2.665165726622249e-08 -2.0492175751052014e-05
vn 1.2506923359331603e-05 1.9686731410644153e-08 -1.9628493990595834e-05
vn 9.291092776949265e-06 -2.168394317627152e-08 -2.1549228483443167e-05
vn 1.0576560334221686e-05 1.78261140345678e-08 -2.0818290930773433e-05
vn 7.122893076422662e-06 -2.0830431801669076e-08 -2.229448141554484e-05
vn 6.329324254812078e-06 5.400826587846155e-09 -2.2391405658395787e-05
vn 8.504746540434736e-06 1.2076003108917805e-08 -2.173891589128167e-05
vn 1.889570678299785e-06 -6.210098322570961e-11 -2.3282627721744323e-05
vn -3.3951236279006876e-09 -5.037950612135174e-09 -2.3429177136403285e-05
vn 1.437324952080816e-05 2.2595325729862052e-08 -1.8341435366492172e-05
vn 1.5105172052725625e-05 -3.6977204116612144e-08 -1.7925117868484974e-05
vn 1.9017219147747737e-05 3.464367802595291e-08 -1.3413240167562746e-05
vn 1.9612675511969957e-05 -4.774007377244574e-08 -1.2778355228100023e-05
vn 1.826159432952912e-05 -4.367748956128011e-08 -1.4620219333100272e-05
vn 2.2454355841066345e-05 -5.955019926104667e-08 -6.558863858441476e-06
vn 2.172594287514626e-05 -5.4488655136596164e-08 -8.725289702241141e-06
vn 2.207552616645055e-05 4.305696064076352e-08 -7.374930142518965e-06
vn 2.0821237796951956e-05 -4.9071809728155684e-08 -1.082919504380305e-05
vn 2.132407213680853e-05 4.380185679869955e-08 -9.516700013605148e-06
vn 2.271965868515818e-05 4.790582792187201e-08 -5.200998786654251e-06
vn 2.3038876601093833e-05 -5.982513847807129e-08 -4.346622919393398e-06
vn 1.7707198250600996e-05 -6.20808826826975e-08 -1.7422627465734995e-06
vn 2.015828375389198e-05 3.9972526762585534e-08 -2.398829803271799e-06
vn 2.029688829163318e-05 4.0022844699984326e-08 -1.1537869879942578e-05
vn 1.7655914446966703e-05 3.246355720216673e-08 -1.522497413984273e-05
vn 1.678976373146826e-05 -3.8205425653795996e-08 -1.6371062017430236e-05
vn 1.6128592015526973e-05 2.9096941792689378e-08 -1.6900741040316587e-05
vn -6.790247255801375e-09 0.0 -2.333394320337586e-05
vn 1.1943247832088909e-05 2.4932108393939826e-09 -6.851444657149513e-07
vn 1.8805424469297123e-06 -1.843901904605194e-09 2.3236806268586494e-05
vn -3.974964966598337e-07 1.1755274755294551e-09 2.3488283838654233e-05
vn 3.7641366903788867e-07 -4.578610929056642e-09 2.3443829336020745e-05
vn 1.1903574477335913e-05 2.678636483122338e-10 6.797775954295549e-07
vn 7.606446035073549e-06 -1.1446661037292964e-07 0.0
vn 1.7686039394424348e-05 -6.440424465735674e-08 1.739400451786622e-06
vn 2.2516103857310114e-05 -5.5559554700342484e-08 6.574151451631152e-06
vn 2.3038622284717213e-05 -5.9304577460574206e-08 4.342188277576056e-06
vn 2.2781152385025325e-05 4.964696926514087e-08 5.211851738026584e-06
vn 2.011841966185652e-05 3.6956321320770785e-08 2.390136951623396e-06
vn 2.07705779747289e-05 -4.954122681236342e-08 1.080055584084073e-05
vn 2.1712209790808682e-05 -5.398666841829157e-08 8.719376846484684e-06
vn 2.12596792302479e-05 4.100919892819411e-08 9.482147954886373e-06
vn 2.2123541098356746e-05 4.5241062286857966e-08 7.3843048799521855e-06
vn 2.0302228935542242e-05 4.011874596319332e-08 1.1540235022245163e-05
vn 1.9668675978102075e-05 -4.490190588868637e-08 1.2809359573364926e-05
vn 1.7633203994534378e-05 2.942525251159343e-08 1.5201829760092794e-05
vn 1.6748818794832157e-05 -4.041076874226777e-08 1.6333672741634773e-05
vn 1.8279854245370566e-05 -4.498041458474689e-08 1.4634464229145799e-05
vn 1.6092275636945385e-05 2.834346361282881e-08 1.686560246445423e-05
vn 1.5109775179142482e-05 -3.409167592399817e-08 1.7927368568418074e-05
vn 1.0542914277594627e-05 1.4245178233716355e-08 2.0753248524029074e-05
vn 9.2676702386624e-06 -2.339069863981305e-08 2.14984389201311e-05
vn 1.1313035129280683e-05 -2.9696178311229565e-08 2.047792290761972e-05
vn 8.50301718907371e-06 1.3943875764570571e-08 2.1750184490982048e-05
vn 7.144586263348501e-06 -1.7398572505722846e-08 2.235653957855728e-05
vn 4.9132143748690495e-06 -1.5013506796213445e-08 2.2890912154220574e-05
vn 6.353331720765174e-06 9.194661193029874e-09 2.2473859200074616e-05
vn 1.3289912619674724e-05 -3.087753770138376e-08 1.9322515626279378e-05
vn 1.253327053594962e-05 1.9884005552295104e-08 1.9663395734332464e-05
vn 1.4414372478907902e-05 2.607013761278137e-08 1.8392840653594204e-05
vn 1.9091479529721298e-05 3.572161008473827e-08 1.3458489408873176e-05
vn 2.6560802374378145e-06 -1.1560042094748757e-08 2.3241870343435976e-05
vn 4.124477564414278e-06 2.4500761597413796e-09 2.2909714081839693e-05
vn 1.3854051745136433e-05 0.0 9.568206261810643e-07
vn 1.394926859561847e-05 0.0 -9.697012229620179e-07
vn 1.873773576293893e-06 -7.243826020388092e-08 -2.1420653340329322e-06
vn 1.5186261825669645e-06 -7.182834161933503e-08 -1.984444150485804e-06
vn 1.6676122290180042e-06 1.1332495239600048e-07 -2.239790605859191e-06
vn 1.168984433565199e-06 1.9234983766111445e-07 -1.867168784605411e-06
vn 8.139439835420627e-07 4.759780921039745e-08 -1.5599137030529662e-06
vn 9.377163216230845e-07 2.164420207787783e-07 -2.0829744288904876e-06
vn 1.179003212637798e-06 3.1784244793926147e-07 -2.18654895554996e-06
vn 5.847737356875248e-07 -4.857831116221285e-08 -1.6697174149533556e-06
vn 8.67384272282421e-07 1.8510265631412128e-07 -2.074618282203162e-06
vn 4.686803556718487e-07 -4.8554163993126055e-08 -1.7281455537449803e-06
vn 5.157898544626261e-07 2.2228890648357013e-08 -1.6528574142166437e-06
vn 2.8259266397942135e-07 1.697549219266515e-08 -1.741232264741073e-06
vn 3.449468492929911e-07 -4.572166630247888e-08 -1.7743610533778186e-06
vn 2.1532512074397947e-07 -3.996874836713888e-08 -1.8071359933902023e-06
vn 3.088421598094498e-08 3.0823986325689007e-09 -1.778804847898993e-06
vn 8.179483955546566e-08 -3.123373751529276e-08 -1.8255647768667066e-06
vn -5.350751763467342e-08 -1.9606142450195165e-08 -1.8291017967003524e-06
vn 1.5815361246389088e-07 1.108267925176757e-08 -1.7667481704483784e-06
vn -3.0272761508539743e-07 2.797105224834651e-09 -1.7451843822136701e-06
vn -2.0451834602275148e-07 -1.9278930265177734e-08 -1.789885128809518e-06
vn -3.5922726909778594e-07 -3.0785828605243885e-08 -1.7811583560549006e-06
vn -4.23942976701552e-07 1.0544178960103642e-08 -1.7083304814073222e-06
vn -4.850379489894961e-07 -3.913094350156382e-08 -1.73700661843003e-06
vn -5.668343641876873e-07 2.5264453050253696e-08 -1.7258754611754227e-06
vn -6.313661148920709e-07 -2.7274390255196093e-08 -1.746864069127722e-06
vn 4.0236232619821495e-07 2.0664884120444442e-08 -1.7029428062229491e-06
vn -9.72540999385536e-08 -6.973075615245535e-09 -1.777050268039602e-06
vn 1.792539776424608e-06 5.1479832308934185e-08 -1.8843450343605485e-06
vn -1.9335083743781692e-07 -5.244656047392567e-10 -1.7159445970637249e-06
vn -7.149180010065568e-07 3.984658960255705e-08 -1.7345668825783943e-06
vn -7.53970832155337e-07 -2.0519472788283554e-08 -1.6808469904034857e-06
vn -8.403959941852079e-07 3.6303132771041426e-08 -1.667933481671271e-06
vn -8.676921520036891e-07 -1.1701380056231154e-08 -1.6039909954563935e-06
vn -9.58603378566172e-07 2.9802066361995474e-08 -1.5912665798016554e-06
vn -9.716947308900039e-07 -5.7512550490226925e-11 -1.5181744650947395e-06
vn -1.063386702266695e-06 2.4629022937417185e-08 -1.4640095414332407e-06
vn -1.0098199068612869e-06 1.8077455286543325e-10 -1.3891359009062e-06
vn -1.4452066662533389e-06 -1.657421708436569e-07 -1.6509553538280421e-06
vn -1.8838115974434363e-06 -2.1419249564615666e-07 -1.4410033909400635e-06
vn -1.9348330063452733e-06 -3.2718531021769095e-07 -1.7298676681995908e-06
vn -1.869158620876259e-06 -1.5171119759476226e-07 -1.3545408760756574e-06
vn -1.6497180778730956e-06 -1.9572290789334592e-07 -1.6890175178667254e-06
vn -1.5435044814560368e-06 -1.5901096395134675e-08 -9.052793330871364e-07
vn -1.5561400252018167e-06 5.253435662032165e-08 -9.811259621146478e-07
vn -1.7659330573128464e-06 2.3662307723631992e-08 -6.194253552631091e-07
vn -1.6981518393566913e-06 -1.065474413268622e-08 -6.862274032140777e-07
vn -1.7616029581949012e-06 -7.809085562539599e-09 -5.636679568821393e-07
vn -1.7051693680406824e-06 3.334617529884878e-08 -7.468054664504948e-07
vn -1.6251197074420732e-06 -1.357356909926726e-08 -8.003736482521654e-07
vn -1.8537271613380783e-06 9.908639816425607e-09 -3.478696186936001e-07
vn -1.812854517207308e-06 -4.658962732069966e-09 -4.335095271252308e-07
vn -1.8510520704973468e-06 -2.0019074397732044e-09 -2.972591430881228e-07
vn -1.8758556493206533e-06 2.832597701119161e-10 -1.5675804781712643e-07
vn -1.8793555108000666e-06 5.731908314694869e-09 -2.0607025131626636e-07
vn -1.8751260589462187e-06 1.4304766859008107e-11 -1.091685200612417e-07
vn -1.8874317215399557e-06 3.700461037174798e-09 -1.1037647906287171e-07
vn -1.6352771800848908e-06 4.317369648446333e-08 -8.677300724890885e-07
vn -1.8159358483937353e-06 1.586327699219883e-08 -4.861217695686502e-07
vn -1.231803629463153e-06 -3.917460301791747e-09 -1.4484312657884748e-06
vn -1.4395567724339482e-06 -7.252463982790955e-08 -1.2429990994976478e-06
vn 6.130982074290633e-10 -3.5069603893998395e-10 -8.048365210642796e-05
vn 3.2052846061429063e-10 -2.0760889100013802e-10 -9.600900198466075e-05
vn 1.930570017293779e-10 -7.780973884284276e-11 -0.00019566057222866618
vn 3.867439594565715e-10 -2.457518655030881e-10 -6.557094507486324e-05
vn 3.0564874752999267e-11 -6.14650984242927e-11 -0.0001116176561449576
vn 3.3789757007318524e-10 -2.73179106928191e-10 -0.0001267856294210419
vn 3.242778783443768e-10 -2.4193371179489124e-10 -0.00014103397043144564
vn 0.0 0.0 -0.0001539606001385733
vn 3.7554660887061744e-10 -2.0559697211337242e-10 -5.176263581024195e-05
vn 5.92746689936759e-10 -5.424902125578353e-11 -7.2003770461787355e-06
vn 6.318141549779469e-10 -9.649632018303867e-11 -9.759962915487027e-06
vn 5.558075882190558e-10 -3.740843740819054e-11 -6.354980450899303e-06
vn 6.325594168352484e-10 -1.4505679350885739e-10 -1.4157709039496956e-05
vn 6.166468523656712e-10 -2.248630548697244e-10 -2.9009405044629716e-05
vn 6.269691234462391e-10 -1.8831053209274346e-10 -2.0553050412528005e-05
vn 6.035834658569741e-10 -2.538097564956111e-10 -3.947316375202055e-05
vn 0.0 0.0 -0.0001653106539050787
vn 0.0 0.0 -0.00019896600419437786
vn 0.0 0.0 -0.0002219800831838366
vn 0.0 0.0 -0.00024545383695817016
vn 0.0 0.0 -0.00017910588977132364
vn 0.0 0.0 -0.00026881713030124025
vn 0.0 0.0 -0.0002914214303443945
vn 0.0 0.0 -0.0003125753413676346
vn 0.0 0.0 -0.00034784301794447395
vn 0.0 0.0 -0.0003608029815111251
vn 0.0 0.0 -0.0003700969968708818
vn 0.0 0.0 -0.00033159254566435237
vn 0.0 0.0 -0.00037706547150248256
vn 0.0 0.0 -0.00037552392057670623
vn 0.0 0.0 -0.00037487658823262527
vn 0.0 0.0 -0.0003692595274688323
vn 0.0 0.0 -0.0003606277777759786
vn 0.0 0.0 -0.0002961157102211614
vn 5.927497458392473e-10 5.425280475410232e-11 -7.200457219996044e-06
vn 5.558095527277983e-10 3.741053288418249e-11 -6.3550029126557065e-06
vn 1.9305815397659315e-10 7.781256544240261e-11 -0.00019566057189890923
vn 6.318189425585116e-10 9.650318868767894e-11 -9.760205782815228e-06
vn 6.325650993586849e-10 1.4506587390482246e-10 -1.4158169342552688e-05
vn 6.166522511267339e-10 2.2487463819534656e-10 -2.901046190629905e-05
vn 6.269749733167169e-10 1.8832112588803608e-10 -2.0553787304402998e-05
vn 6.035881515741229e-10 2.538215144442326e-10 -3.9474450226086524e-05
vn 3.7554886441769217e-10 2.0560471373300935e-10 -5.176402373739653e-05
vn 6.131008849817195e-10 3.507070110851085e-10 -8.048460407865728e-05
vn 3.867455019597321e-10 2.4575950525930877e-10 -6.557225723319303e-05
vn 3.2052942104078696e-10 2.0761411513820125e-10 -9.600925490936602e-05
vn 3.056429267633483e-11 6.146469097062762e-11 -0.00011161680749955439
vn 3.378977738000178e-10 2.7318261394009424e-10 -0.00012678335457949914
vn 3.242784022133748e-10 2.419375971566263e-10 -0.0001410300146093741
vn 0.0 0.0 -0.0001653037231026138
vn 0.0 0.0 -0.00015395460457323263
vn 0.0 0.0 -0.0001791073979935814
vn 0.0 0.0 -0.0003755194973260383
vn 0.0 0.0 -0.000377061099061243
vn 0.0 0.0 -0.00037009318527780335
vn 0.0 0.0 -0.0003748727278878686
vn 0.0 0.0 -0.000360626198219603
vn 0.0 0.0 -0.00036925656922588625
vn 0.0 0.0 -0.00036080016658881245
vn 0.0 0.0 -0.0002688227297414691
vn 0.0 0.0 -0.0002454609775251887
vn 0.0 0.0 -0.00022198842394621283
vn 0.0 0.0 -0.0002914250930300859
vn 0.0 0.0 -0.0003478415199472697
vn 0.0 0.0 -0.00033159288136063223
vn 0.0 0.0 -0.00031257737219272805
vn 0.0 0.0 -0.00019897533591052409
vn 5.634419670232912e-05 -2.761435911097976e-06 3.41682946875189e-06
vn 4.914434166503745e-05 -4.412702361821997e-06 2.9654634388242918e-06
vn 5.209012748156618e-05 -2.32620769508478e-06 3.088594513019328e-06
vn 4.524240958802528e-05 -3.984445884539467e-06 2.717618963008189e-06
vn 3.8053044304432434e-05 -5.650789136324342e-06 2.320772627620234e-06
vn 4.643560573191323e-05 -8.335700742737154e-06 2.8147853053039164e-06
vn 3.0155933943561436e-05 -8.127874980837283e-06 1.9917759559202753e-06
vn 4.294685361444922e-05 -1.202758235717268e-05 2.620100163236386e-06
vn 3.848677491698834e-05 -8.593089075308158e-06 2.3660367457727758e-06
vn 4.3619140601731196e-05 -1.7082326042559237e-05 2.7519283431678475e-06
vn 3.927697146062154e-05 -1.764799166196338e-05 2.5897112770175926e-06
vn 4.443104046024108e-05 -2.2823454680612508e-05 2.9467865767491667e-06
vn 3.8865303490907774e-05 -1.2907922741921797e-05 2.45839200198265e-06
vn 4.5434735701432994e-05 -2.9512825196619225e-05 3.224514507948759e-06
vn 3.9744825209978933e-05 -2.295578107776229e-05 2.772532005305707e-06
vn 2.9794322118298746e-05 -1.521056406058131e-05 2.1448201901568273e-06
vn 3.2650349743343655e-05 -2.3383636878212138e-05 2.4181045083279623e-06
vn 5.184684900163662e-05 -4.1101072562719476e-05 3.9429673020934866e-06
vn 3.164663173072119e-05 -3.265967614717261e-05 2.872522454646505e-06
vn 5.494320006186197e-05 -5.263841327721511e-05 4.624565517253284e-06
vn 2.723644255684462e-05 -2.351388930966872e-05 2.190322178858655e-06
vn 4.918090158830313e-05 -5.79075061750604e-05 4.615210367258858e-06
vn 3.181921377302972e-05 -4.023621252856815e-05 3.3186888378265146e-06
vn 4.272018638503539e-05 -6.220623730913145e-05 4.582131291567216e-06
vn 2.8085212228183113e-06 -2.21535229898027e-06 2.3909315709970575e-07
vn 3.577838947134989e-05 -6.542773354394323e-05 4.526358472264342e-06
vn 3.4412815877035306e-05 -5.3868718759796615e-05 4.242467565843879e-06
vn 2.8587506061292165e-05 -6.752408877287554e-05 4.449553331144592e-06
vn 2.9449354912475127e-05 -5.8426655850759056e-05 4.383176667293814e-06
vn 1.4351962317929961e-05 -6.843634649125216e-05 4.241942362236263e-06
vn 2.1375784757757303e-05 -6.850596399900533e-05 4.353904704556595e-06
vn 1.541687553736326e-05 -5.4525874142287984e-05 3.879854904842353e-06
vn -1.1073507866790957e-05 -1.319615258914532e-05 1.6580258390399383e-06
vn -3.517907766879947e-05 -4.398068448370075e-05 4.736413520860903e-06
vn -2.437775716669645e-05 -3.320042583621443e-05 3.752967854443303e-06
vn 7.693013497725116e-06 -6.741994321108924e-05 4.11642728577342e-06
vn 1.0157975290541913e-05 -5.6207421543262996e-05 3.937879587926328e-06
vn 2.1822254463249316e-05 -5.668416976957427e-05 4.079440726149849e-06
vn 1.4905829316876978e-06 -6.619190408865395e-05 4.015430732036677e-06
vn 4.8476761118662534e-06 -5.740041023449368e-05 4.005777081485372e-06
vn 1.3221379349665342e-05 -1.3281128435311262e-05 1.3472320968191418e-06
vn 8.690700003230482e-06 -7.895619014228539e-06 7.728513839721098e-07
vn 1.734191485207235e-05 -1.9596925234937013e-05 1.8465154136412473e-06
vn 2.372801397563013e-05 -3.4349304627785913e-05 3.098146227492016e-06
vn 2.7297504670599266e-05 -4.8126823915681116e-05 4.242628503416833e-06
vn 2.010185571710809e-05 -4.449830214247867e-05 3.735337485129247e-06
vn 6.5409291552086135e-06 -3.352552648434169e-05 2.6027939531974005e-06
vn 1.0066001817489767e-05 -4.1409462001081776e-05 3.2722445161459327e-06
vn -1.5308097763084165e-07 -5.295262320353909e-05 3.643410340925764e-06
vn 3.1530471907912664e-06 -3.6012216337505114e-05 2.780370008255264e-06
vn 6.171200689533655e-06 -4.438620099530476e-05 3.4675243308444095e-06
vn 9.514523825707251e-06 -3.089904313658101e-05 2.4319242358556993e-06
vn 1.3549214892301851e-05 -3.8268981912249426e-05 3.0951063999009274e-06
vn 1.4579014996151141e-06 -3.273788861731289e-05 2.558615910247449e-06
vn -4.5417977945498876e-06 -6.66046912147217e-05 4.04691257447182e-06
vn 1.2402805530779132e-05 -1.5931298442003156e-05 1.479351964549408e-06
vn 4.519985263853767e-07 -1.2880450099499625e-05 1.0192416254449918e-06
vn -1.2651787516760857e-06 -2.8559495934285672e-05 2.2290626978506833e-06
vn -7.898781573090269e-06 -8.792360164756582e-08 5.021210193781403e-07
vn -5.924086179819594e-06 -6.59577669659087e-08 3.7659124137092834e-07
vn -3.366037647099207e-05 -1.4156747419744697e-06 2.4615685231410697e-06
vn -6.366171825545289e-06 -6.507732909515725e-05 4.5818205731510115e-06
vn -1.0962542129420567e-05 -6.803524729885945e-05 4.174226225654107e-06
vn -1.3512222821355453e-05 -6.749858433936572e-05 4.7662799110164105e-06
vn -1.7822761356776916e-05 -6.859641589840909e-05 4.289568417053921e-06
vn -2.0444933639798312e-05 -6.76632221038475e-05 4.895914381742018e-06
vn -6.362147828806618e-06 -3.629172363961694e-05 2.895156203311512e-06
vn -2.894732330689216e-05 -3.3021954820587987e-05 4.085654975958999e-06
vn -4.428664714036076e-05 -4.505899707973167e-05 5.434129920962697e-06
vn -2.7582834826395256e-05 -6.679018573191523e-05 5.0068807334415775e-06
vn -2.4964765549957198e-05 -6.8154488991948e-05 4.389546833052635e-06
vn -3.219463824455428e-05 -6.662373218091223e-05 4.471607225917734e-06
vn -3.472004214987225e-05 -6.481211229524494e-05 5.096140920198215e-06
vn -3.92921640727712e-05 -6.396583595122425e-05 4.5335516875278445e-06
vn -4.602497139237906e-05 -6.019859880690771e-05 4.573613013854535e-06
vn -4.1629692632830326e-05 -6.171330866219723e-05 5.161082049925722e-06
vn -1.2306225976805399e-05 -4.443385032797335e-05 3.6410834221968386e-06
vn -3.3133507701503156e-06 -3.374245259437106e-05 2.6488039260846135e-06
vn -1.8237306561162823e-05 -4.736718148837979e-05 4.0442381535915254e-06
vn -4.46263714652877e-06 -1.7275797287543972e-05 1.553819323510933e-06
vn -8.197684871379407e-06 -2.330648467205253e-05 2.181017299004645e-06
vn -2.4987150991793074e-05 -4.9672475315386376e-05 4.4928039861118645e-06
vn -1.1722627915131203e-06 -9.982843191617512e-06 8.590283808817942e-07
vn -3.190855550236561e-05 -4.964374446559644e-05 4.8971579131373265e-06
vn -4.807981725447498e-05 -5.75364052589715e-05 5.199702031597347e-06
vn -1.9808340886736405e-05 -3.529999083029771e-05 3.630664219087451e-06
vn -5.385140800509009e-05 -5.238337202807638e-05 5.2107732480927904e-06
vn -1.3294355784157938e-05 -2.941424502861887e-05 2.875227986287844e-06
vn -5.216590745718499e-05 -5.539936973593614e-05 4.590622641055221e-06
vn -5.751111006493981e-05 -4.970237472957639e-05 4.584109415708577e-06
vn -6.521115581518187e-05 -3.637698856259469e-05 4.502073581517726e-06
vn -6.189675465315405e-05 -4.3289708772623734e-05 4.554296121980241e-06
vn -6.265206190461027e-05 -3.98145861024813e-05 5.149707126088504e-06
vn 2.9342548831499085e-05 -1.8949145738646836e-05 2.240816873087919e-06
vn -6.740145794612693e-05 -2.9195697976104117e-05 4.4289787657186094e-06
vn -6.54524856951776e-05 -3.28212149702334e-05 5.079456365472367e-06
vn -5.8756260183753893e-05 -4.641006566282721e-05 5.193938229928264e-06
vn -6.848705868137021e-05 -1.492695367195333e-05 4.228727122689385e-06
vn -6.847370938821903e-05 -2.1975349215369633e-05 4.337057912389651e-06
vn -6.771760757338675e-05 -1.856029436133287e-05 4.869966413010434e-06
vn -5.287663110782339e-05 -6.379484966022936e-06 3.2008946410301354e-06
vn -6.729215043326988e-05 -1.1713472483546885e-05 4.736554873691131e-06
vn -5.00653597821168e-12 0.0 2.681299774900598e-13
vn -6.0706186980459615e-06 -4.086019968869171e-07 3.307532741132632e-07
vn -2.529069052115106e-05 -1.778596582667441e-06 1.4809215741448668e-06
vn 2.999866773483211e-05 -1.1568302746103653e-05 2.0587639738494217e-06
vn -6.713085482888985e-05 -2.5662203278133302e-05 4.985303207536689e-06
vn -6.470104910897607e-05 -5.741906026296199e-06 4.450835963065261e-06
vn -5.643051512210576e-05 -4.589434723427418e-05 6.183390452746656e-06
vn -6.035768326277701e-05 -3.9556850072497506e-05 6.1342466847664445e-06
vn -6.322774169000575e-05 -3.280145270653692e-05 6.0542675664735355e-06
vn -6.571711709389966e-05 -1.8933887634509924e-05 5.812057693735756e-06
vn -6.44072723075389e-05 -5.981053720698632e-06 5.349233246159201e-06
vn -2.1415638373543308e-05 -8.672581726781342e-07 1.4011830189925412e-06
vn -6.543014374659636e-05 -1.2237475151471134e-05 5.656538266982564e-06
vn -2.632927191032613e-06 -2.9327954856167716e-08 1.6737430581079867e-07
vn -6.500678113651622e-05 -2.5854128219746107e-05 5.945832719835645e-06
vn -1.772340017004678e-05 -1.9653921377672275e-05 2.5108271519313242e-06
vn -2.332661822403538e-06 -1.2822251863634363e-05 1.1321121654344488e-06
vn -2.207303050295352e-05 -3.423801699906121e-05 3.720277316711415e-06
vn -3.71291406796762e-05 -3.0765643768707736e-05 4.602809307408757e-06
vn -2.3343323148971872e-05 -2.195868260363597e-05 3.066032449604731e-06
vn -1.4044857094668072e-05 -1.2226592822871445e-05 2.0127528932534904e-06
vn -2.5573683443939958e-05 -1.7933463236340897e-05 3.367558062330026e-06
vn -4.495551985490038e-05 -2.9876995403140298e-05 5.24046569079424e-06
vn -5.233156085861126e-05 -2.734425339562498e-05 5.828103220250658e-06
vn -5.721819165177191e-05 -2.3467120798382582e-05 6.056896537124962e-06
vn -3.797267011440862e-05 -2.089287937571314e-05 4.693395041467456e-06
vn -5.527185017362309e-05 -1.0850320518931945e-05 5.64781302959833e-06
vn -6.065149801717829e-05 -1.8445695389704743e-05 6.3707811621625025e-06
vn -5.8880141123050886e-05 -5.486377392715665e-06 5.859622927132302e-06
vn -6.0778875682807e-05 -2.7131813615897164e-06 5.394832759935903e-06
vn -5.1980995995398814e-05 -2.0408464507904815e-05 6.1005382632883765e-06
vn -3.88678204842525e-05 -7.674720713178588e-06 4.30180742575717e-06
vn -5.3754630950874305e-05 -1.4740568264073555e-05 6.048931129134307e-06
vn -4.74296848247341e-05 -6.341545485468512e-06 5.191126840217698e-06
vn -5.3194350075758407e-05 -2.2242833113237734e-06 5.488106804494204e-06
vn -4.7760005282858694e-05 -2.767486568785064e-06 5.20996736958759e-06
vn -4.1354665472340134e-05 -1.3659967177842326e-06 4.533991131825578e-06
vn -2.015318982723145e-05 6.959526120410251e-07 1.3209254740574166e-06
vn -2.2031156450132522e-05 2.096876652328725e-06 1.5455391862910203e-06
vn -3.7599054644506514e-05 2.2299184260129276e-06 2.3031567681230414e-06
vn -9.772142343665044e-06 4.0353396672099985e-07 6.212039147126985e-07
vn -5.287633980025888e-05 6.379129082385795e-06 3.2008732034371685e-06
vn -1.2141184469854439e-05 8.171582197306049e-07 6.61503664578713e-07
vn -6.741973128019731e-05 1.2804157573140904e-05 4.761523110406594e-06
vn 4.6456072651100404e-05 8.34243067521869e-06 2.8166983389247924e-06
vn 3.80893596145153e-05 5.662793518820837e-06 2.323566153176659e-06
vn 4.9187399971335066e-05 4.420433624423293e-06 2.9686694556029184e-06
vn -6.848647984683884e-05 1.4926111730809747e-05 4.228690400256004e-06
vn -6.768645087120656e-05 1.9703381678957758e-05 4.891910056060489e-06
vn -6.847302004953248e-05 2.1974191547325544e-05 4.337014288777727e-06
vn 3.020341770018999e-05 8.15571617129188e-06 1.9960286228480823e-06
vn 3.8522121511526706e-05 8.608860395421458e-06 2.3686134828745616e-06
vn 4.297470083659321e-05 1.2043123751595068e-05 2.6216807523890493e-06
vn -6.740075282168619e-05 2.9194287727241994e-05 4.428924347167526e-06
vn -6.692541006540771e-05 2.682736568603574e-05 5.003659672744296e-06
vn -1.6098882251297288e-08 6.647864988150242e-10 1.0269455845105208e-09
vn -1.5253162358170975e-08 6.298647511249408e-10 9.740880911901262e-10
vn -4.2650299514194926e-05 1.946717535225682e-06 3.285770668065419e-06
vn -5.4580396660809744e-05 5.040406968000586e-06 4.6816824203441755e-06
vn -6.542103087685307e-05 1.2163430157343578e-05 5.659827656827447e-06
vn -4.155075663990758e-05 1.8981186235554071e-06 3.863927619892504e-06
vn -3.033342992266428e-05 1.2837825836982248e-06 2.3928865992134097e-06
vn -5.516189471453411e-05 9.915828605718127e-06 5.621975246649033e-06
vn -6.571852804190015e-05 1.8855990873134088e-05 5.8149294918636885e-06
vn -6.501987038200144e-05 2.5774474563898176e-05 5.948214230409304e-06
vn -6.506458114747591e-05 3.397323721530764e-05 5.093708935682122e-06
vn -6.32531587188606e-05 3.2722428045856385e-05 6.0560966431456136e-06
vn -5.746292509743868e-05 2.2068392625091028e-05 6.030319055091532e-06
vn -5.2717851414123656e-05 2.619152569128007e-05 5.811052942270314e-06
vn -6.0395471619737174e-05 3.9481201406586684e-05 6.135484705084061e-06
vn -6.208251494349138e-05 4.0915824715229746e-05 5.159442753817322e-06
vn -6.068150079602456e-05 1.7302625667170876e-05 6.344346616195496e-06
vn -6.52105559337236e-05 3.6375388878783575e-05 4.5020126709322104e-06
vn -6.189633368407624e-05 4.328810909026781e-05 4.554236466000344e-06
vn 3.0046536417703838e-05 1.161137619688901e-05 2.063356969112186e-06
vn 3.890099469845409e-05 1.293315234054092e-05 2.461024952749039e-06
vn 4.3652296613278625e-05 1.7108140705618055e-05 2.7543276914921065e-06
vn -5.8015619654872043e-05 4.742300859824722e-05 5.198863183287197e-06
vn -5.7510931153199614e-05 4.970092238739402e-05 4.5840642359122645e-06
vn 2.9898130015455227e-05 1.529835753168548e-05 2.1542252586918984e-06
vn 3.9335916691132475e-05 1.769572736195356e-05 2.5948297309945914e-06
vn 4.45042204482529e-05 2.287936754544354e-05 2.952703037677479e-06
vn -5.2959814975241615e-05 5.327373964506281e-05 5.210739119651323e-06
vn -5.216599165086861e-05 5.539819102375426e-05 4.590600640706138e-06
vn -4.602532921531617e-05 6.0197862112306985e-05 4.573612648067858e-06
vn -4.706567521632977e-05 5.827594132435213e-05 5.1947171194895185e-06
vn 4.808304134765162e-06 5.7206467671045825e-05 3.987841942068054e-06
vn 6.0278159733121456e-06 4.393442396438548e-05 3.424481946470464e-06
vn 1.0515621384799376e-05 6.0293814940986764e-05 4.166401399675968e-06
vn -3.929266923429085e-05 6.396566756396372e-05 4.533575740757035e-06
vn -4.052733907349636e-05 6.228207721521958e-05 5.1513037238116034e-06
vn -2.496546014685269e-05 6.815575189530088e-05 4.389638788396307e-06
vn -3.219529074485049e-05 6.66242478666302e-05 4.471667873867832e-06
vn -2.641704134077154e-05 6.699599331062656e-05 4.988557858637117e-06
vn -1.1073666243914168e-05 1.3196599857872901e-05 1.658298887648916e-06
vn -2.4348194375105493e-05 3.3153988727027266e-05 3.748023995413176e-06
vn -3.6074706354215204e-05 4.332665404786872e-05 4.741130395575558e-06
vn -1.7823413856491058e-05 6.859842338741837e-05 4.2896981914512844e-06
vn -1.9301446655083677e-05 6.769552654292346e-05 4.874050505310264e-06
vn 4.279754418213775e-07 1.2603668559169813e-05 9.968133969573393e-07
vn 1.4230271217605392e-06 3.234914589531571e-05 2.5231637958447234e-06
vn -1.624687659873746e-07 5.284818663811071e-05 3.6342440490615025e-06
vn -3.35670732717045e-05 6.519971963344975e-05 5.0818758889306395e-06
vn -1.0963026242097308e-05 6.803796385504824e-05 4.17439180004977e-06
vn -1.2421358963949394e-05 6.737299860911278e-05 4.741448240026709e-06
vn -4.392914562346433e-05 4.397333869411116e-05 5.274888022088721e-06
vn -5.648002584496255e-05 4.582470575269435e-05 6.183995027880155e-06
vn -3.7868318926562904e-05 2.9752080453611667e-05 4.5971919408955745e-06
vn -3.286568072782089e-05 4.9110291526095164e-05 4.902671506172007e-06
vn -2.6183397143272122e-05 4.928096122704435e-05 4.508305426664675e-06
vn -1.3494851420192819e-05 4.44273548691575e-05 3.666931380297945e-06
vn -5.936103038492892e-06 6.506700383460477e-05 4.501744851388463e-06
vn -7.332634138109747e-06 3.6428857669810035e-05 2.9198528536884084e-06
vn -1.9450253926759592e-05 4.717574079340868e-05 4.065515975080097e-06
vn -4.495203620019123e-06 4.042867687372613e-05 3.1631957152053863e-06
vn -4.542008278322385e-06 6.660774339385832e-05 4.047094458142078e-06
vn -4.552348654160788e-05 2.877498241805595e-05 5.228961621767555e-06
vn -7.89877394370637e-06 8.79536481539451e-08 5.02121019378862e-07
vn -7.89877394370637e-06 8.79536481539451e-08 5.02121019378862e-07
vn -4.958591298064952e-05 4.209775640416969e-06 4.986692931308136e-06
vn -2.9204614309131244e-05 1.2718477785037495e-06 2.7522219414590067e-06
vn -4.7429565014220784e-05 6.341371283465834e-06 5.1911746384967984e-06
vn -5.37545140149369e-05 1.4740397167023024e-05 6.04913652405791e-06
vn -3.464142493070579e-05 1.4162322202439818e-06 3.739697199202128e-06
vn -3.797283330565509e-05 2.0893072682752515e-05 4.694146834467465e-06
vn -2.5573990927917003e-05 1.7933938817772203e-05 3.3684485044295956e-06
vn -2.952574020622441e-05 2.7350328395325504e-05 3.8123432701122534e-06
vn -5.198087296775505e-05 2.0408184631154578e-05 6.101000492896905e-06
vn -4.775995920350356e-05 2.767447765109892e-06 5.209974569674997e-06
vn -3.886784244152306e-05 7.674748716654083e-06 4.3018987969705385e-06
vn -4.135466547235314e-05 1.3659967177842326e-06 4.533991131827001e-06
vn -4.397441401437846e-06 1.815874456282874e-07 2.7954062896014316e-07
vn -1.4045244093839042e-05 1.2227379706256454e-05 2.013729322830827e-06
vn -1.7724859898132038e-05 1.9657418562161705e-05 2.511590239479021e-06
vn -7.554090902531803e-08 3.1194271048824693e-09 4.802480821681552e-09
vn -1.330175361032173e-05 2.939674833425611e-05 2.874414940134438e-06
vn -8.214952451572838e-06 2.331863000879344e-05 2.182506426531971e-06
vn -1.9792957418119235e-05 3.524496765432509e-05 3.6263021637666023e-06
vn -4.479278809925454e-06 1.7304049836003528e-05 1.556197572521686e-06
vn -1.1785163974858173e-06 1.0020490634504128e-05 8.638304532761201e-07
vn -2.346840499524459e-06 1.2855221524709197e-05 1.135599576810906e-06
vn -1.2667253018528892e-06 2.856039987029714e-05 2.2290478220834944e-06
vn -2.199831026936531e-05 3.4101485176688285e-05 3.7070645234338806e-06
vn -2.8947539218316125e-05 3.302200032684684e-05 4.08620885648177e-06
vn 7.692655675311873e-06 6.741688840090045e-05 4.116243199131537e-06
vn 1.4904355930469496e-06 6.619046622138812e-05 4.01534447214826e-06
vn 2.137509016130806e-05 6.850433274976849e-05 4.3537859217614816e-06
vn 1.4351394011744223e-05 6.843396802462294e-05 4.241785771286845e-06
vn 1.7515897019801697e-05 6.423632317217107e-05 4.539618227274948e-06
vn -4.581989563830766e-08 1.8920747439764533e-09 2.9147132030960365e-09
vn 2.858679041646568e-05 6.752321526521968e-05 4.449479799281622e-06
vn 2.3564148783772337e-05 6.167109489560795e-05 4.461644751709025e-06
vn 4.2719723320735896e-05 6.220670037343096e-05 4.582125126283945e-06
vn 3.577782116516415e-05 6.542757568111386e-05 4.52632336345904e-06
vn 3.130419371406051e-05 4.882774605223369e-05 3.866151646475301e-06
vn -1.8324937827133326e-07 7.567181883475275e-09 1.1643750671435461e-08
vn -3.664383479788718e-07 1.513163906608436e-08 2.3295052413345267e-08
vn 2.7126412278306184e-05 2.345229122083226e-05 2.182046825481918e-06
vn 5.151278738556409e-05 4.0862460269410146e-05 3.917277954186361e-06
vn 5.494326320699373e-05 5.263973932498183e-05 4.624603057036291e-06
vn 3.1793244979061626e-05 3.9771230548304286e-05 3.2974786098484598e-06
vn 4.9180680580342015e-05 5.790847440041389e-05 4.615228760139306e-06
vn 2.9326316682750597e-05 5.839555096447481e-05 4.381964193267198e-06
vn -5.191209929700685e-07 2.143643115322648e-08 3.299817797287482e-08
vn 3.349386467392129e-05 3.433034943670653e-05 3.003042150200651e-06
vn 1.1347350305133017e-05 5.201237737483619e-05 4.088690811482788e-06
vn 3.004211970655806e-06 3.523801613749496e-05 2.719695611791164e-06
vn 2.300682335956952e-05 5.353927792866377e-05 4.461413264339164e-06
vn 2.6729213529018453e-05 4.7927274022414674e-05 4.1846720469335145e-06
vn 1.875861743841833e-05 1.9978725902374035e-05 1.9382912237948648e-06
vn 8.992286177181908e-06 8.206579182838494e-06 8.087114968041463e-07
vn 1.8593133588243423e-05 2.5020164254523412e-05 2.2236925885726063e-06
vn 1.8263424663643834e-05 5.840122742833315e-05 4.696419420808143e-06
vn 3.218159028810488e-05 2.3358673524059267e-05 2.365493071373751e-06
vn 4.548854873031414e-05 2.9610174802877115e-05 3.171205587634229e-06
vn 4.010936618793141e-05 2.288752898011849e-05 2.7496328008652436e-06
vn -1.2214913642114701e-06 5.04402601112669e-08 7.765520875813379e-08
vn 4.5327038818620066e-05 3.999462934014332e-06 2.7228956447795736e-06
vn -2.931627600958564e-06 1.2106065915262918e-07 1.8636041930676213e-07
vn 5.6402764953830036e-05 2.7677737305643037e-06 3.421407869501096e-06
vn 5.209025112918901e-05 2.3263560722473092e-06 3.0886018444924555e-06
vn 2.9342333275981043e-05 1.9069056323770067e-05 2.1269641018199133e-06
vn 2.858308511844904e-06 2.265160984548418e-06 2.469957292434702e-07
vn 2.122893132499963e-05 3.2592262035035985e-05 2.958751406502092e-06
vn 1.7729113369010793e-05 2.0534586480931772e-05 1.9468029515880153e-06
vn 2.9190008679480478e-06 5.07507287378258e-07 1.331236466222414e-06
vn 2.7656052482538674e-06 2.907061128507878e-07 1.9391316110838243e-06
vn 2.970829413619412e-06 2.3583574194639048e-07 1.3514748328337e-06
vn 2.7661487220812584e-06 1.2684063729852818e-07 1.9306237942026343e-06
vn 2.7185607268150805e-06 1.2253504351114254e-07 1.8790099048911325e-06
vn 3.2219867141972398e-06 1.6266851607215353e-07 8.032842354457248e-07
vn 3.205827538365903e-06 1.6135275214489505e-07 8.023400956203699e-07
vn 2.723262978748624e-06 5.202141545590386e-07 1.9051542913889909e-06
vn 2.0464575949679066e-06 1.1187797697017543e-06 7.225470122665849e-07
vn 2.0498223409799676e-06 1.1484669506684448e-06 7.01886764018124e-07
vn 2.188345524669449e-06 1.129120273266695e-06 8.041795672133426e-07
vn 2.2003636857160956e-06 1.1050900890748148e-06 8.328875162273371e-07
vn 3.943929276432296e-06 1.7167614687789764e-06 1.3558289257876905e-06
vn 3.65881141278316e-06 1.2099913416077973e-06 1.6088529622366125e-06
vn 1.2291538633277501e-06 5.198013246592426e-07 2.416588892126903e-07
vn 2.647695762733299e-06 6.855749507002904e-07 1.8018961275051273e-06
vn 2.5107034248598e-06 1.6130308589988308e-06 1.0037184614439363e-06
vn 8.327232154408816e-07 6.283255490228312e-07 2.1198377732733076e-07
vn 2.6797892173732225e-06 1.7101910487417824e-06 8.399154060839257e-07
vn 1.939989833960417e-06 1.1420794567019644e-06 6.410566825334932e-07
vn 2.1300415304272625e-06 1.1369922721683546e-06 9.266903665602045e-07
vn 3.1968912382672783e-06 3.754406726445188e-07 7.993882798216923e-07
vn 3.100626343740742e-06 6.781427691688054e-07 7.763103264830731e-07
vn 2.994927432590119e-06 9.145640045502427e-07 7.624488645381037e-07
vn 3.846906352898846e-06 1.3774532162935639e-06 1.954019408059507e-06
vn 6.083922663677041e-06 2.3847864230806295e-06 2.939047464607581e-06
vn 4.602817401724411e-06 2.7970689830243887e-06 1.5700873253061241e-06
vn 3.5105137857118444e-06 2.4770880726199505e-06 1.0970042042425913e-06
vn 1.9898074168420166e-06 1.8266757505364528e-06 6.316110819339062e-07
vn 1.4182520400259623e-06 6.761076741914524e-07 9.286234677282272e-07
vn 1.5635110259647758e-06 1.16579688786182e-06 1.1142414518074318e-06
vn 1.490003842434735e-06 7.630234536824003e-07 1.2794232817164142e-06
vn 1.9759733073852764e-06 1.9388865796652778e-06 1.9575518882966496e-06
vn 1.436303921046657e-06 8.668228672752247e-07 1.7533743006816554e-06
vn 2.0535637403614695e-06 1.7398708286715937e-06 3.5762558504254635e-06
vn 2.590738289596702e-06 3.226544283784648e-06 3.302758010454555e-06
vn 2.009821007088039e-06 2.10359804993331e-06 4.658911537683971e-06
vn 1.6011717836243817e-06 1.6932140300433637e-06 7.47424099492746e-07
vn 1.7352325528762688e-06 2.336789941576188e-06 4.8989061153905915e-06
vn 1.8275343438262646e-06 2.258594575135857e-06 4.821682595757375e-06
vn 1.907976850488029e-06 3.6639345184617967e-06 3.60424720557638e-06
vn 1.4051141224226886e-06 1.7400422721462645e-06 4.016703428347631e-06
vn 1.4682202078917301e-06 3.3609556613328747e-06 3.204226257236201e-06
vn 8.325505083614455e-07 1.1015365899304032e-06 2.524999887959322e-06
vn 8.313088951416636e-07 7.297514921501669e-07 2.5628762278023637e-06
vn 9.866036055786324e-07 1.5107031999304183e-06 2.867563023920975e-06
vn 7.056298665462447e-07 2.2461281372413962e-06 2.107947579528846e-06
vn 8.136473163538801e-07 7.19517779320313e-07 2.473484743565038e-06
vn 2.190415175064543e-06 3.483703795358937e-06 3.507560244274791e-06
vn 7.752746379409287e-07 2.198544015867648e-06 2.0901286703964476e-06
vn 2.5438566420289613e-06 3.338796087836468e-06 1.6169732133993778e-06
vn 2.7617580577026136e-06 4.519307488314184e-06 2.134552673691731e-06
vn 2.3124934873770166e-06 4.848223487912531e-06 2.2389256526105686e-06
vn 1.87827342395566e-06 5.113994413499116e-06 2.304986262669009e-06
vn 7.023392446795615e-07 3.1663913465258423e-06 1.5013178879259348e-06
vn 3.49162471315733e-07 2.9248781120240714e-06 7.178260653714232e-07
vn 3.7343580565534787e-07 2.877045883722076e-06 1.0769522649189696e-06
vn 1.2250792499396403e-06 4.460459950899731e-06 1.7820090889550605e-06
vn 2.451008264909336e-07 2.963401078221335e-06 6.985371960984665e-07
vn 1.3368121288761753e-06 9.996561043743654e-07 3.798888697973506e-06
vn 1.6326943536584148e-06 8.199965437224754e-07 3.986607543768655e-06
vn 1.7242134771222205e-06 1.050383793872678e-06 5.078864288441017e-06
vn 4.919163989165311e-06 4.973553901723276e-06 1.6990935826748157e-05
vn 1.8422292041660896e-06 1.3354549155170253e-06 6.598953348237437e-06
vn 1.5568747222463929e-06 1.1035976399076008e-06 5.565073685881339e-06
vn 5.68035764427679e-07 2.0675188226428176e-07 1.8776952159369065e-06
vn 1.5746504374302068e-06 7.469750745628547e-07 4.681686530791184e-06
vn 1.5912288890182601e-06 7.876322973335049e-07 4.985388682820909e-06
vn 2.90792511576632e-07 2.051216815057595e-06 9.726362026252889e-07
vn 3.2248652358527564e-07 3.0204035542056663e-06 1.246667896073822e-06
vn 2.7866643709617147e-07 2.4519682376041237e-06 9.402278405549719e-07
vn 4.5569452096398094e-07 1.7607479205364619e-06 1.4747359706340936e-06
vn 7.119923623378537e-07 4.1972235933664245e-06 2.29928719811288e-06
vn 2.887634122347808e-06 1.8639246115705822e-06 8.972288321043755e-06
vn 2.02410808634464e-06 9.883923982692765e-07 5.990825680308315e-06
vn 6.320554697894523e-07 7.449453468836564e-06 2.6587057172430603e-06
vn 1.8698583507384236e-06 1.0112664560209862e-05 6.392801564964522e-06
vn 4.90173209936627e-07 5.100909514396116e-06 2.330750266460938e-06
vn 3.665224866610557e-07 3.6677389329088035e-06 1.1785533986378168e-06
vn 1.3098240450276462e-07 3.850651543197718e-06 1.74499676044865e-07
vn 2.0343569817528104e-09 1.500243164614755e-06 2.749003013766784e-08
vn 1.7325563217085464e-08 1.5283458879378727e-06 -1.8449802344589277e-07
vn 4.8293572592380523e-08 1.1668732048324854e-06 -3.2255138441527794e-07
vn 1.3125020929065303e-07 2.23657415411328e-06 -2.409828120735511e-07
vn 1.7402043938644567e-09 6.684708192883001e-07 -1.1128400053293305e-07
vn 1.2371878048923305e-08 3.1516757047813375e-07 -1.4924625690443638e-07
vn 1.3625178382477192e-07 1.3661600806560069e-06 -5.654493080571335e-07
vn 5.613355585868451e-08 7.648716034685126e-07 -4.1401270115583934e-07
vn 2.774957735308603e-07 2.1340079815534863e-06 -4.827141018430232e-07
vn 3.7309333691596305e-07 3.5568199785909264e-06 2.667361672363075e-07
vn 5.193447294094292e-07 1.9909307825989556e-06 -1.7557825640238942e-06
vn 1.8630853645865435e-07 1.2778628839377049e-06 -1.0374029100397074e-06
vn 6.346228716839368e-07 2.2048609440364995e-06 -2.428669067336713e-06
vn 3.2220123565633814e-07 1.7965835348164032e-06 -9.476073016403584e-07
vn 4.908192679732448e-07 2.22992484968973e-06 -6.858409085762464e-07
vn 2.0664257687986024e-07 1.144318456134502e-06 -7.857035335782318e-07
vn 5.914130164467094e-07 1.9977648460588725e-06 -1.2174441633611412e-06
vn 1.434480554800952e-06 3.418538068441775e-06 -3.7038240626630682e-06
vn 1.7284970033500714e-06 3.5409175743422863e-06 -2.1103369823187017e-06
vn 7.291181795592488e-07 2.2000014692740205e-06 -7.624185097245112e-07
vn 4.4906853692158664e-07 2.355951893424492e-06 -5.423180210079367e-08
vn 9.8331922804123e-07 8.65228395653596e-06 2.6115513153790365e-06
vn 1.4242226399606162e-06 4.550631708602104e-06 4.501900083868207e-06
vn 7.868405395492253e-07 1.8091594059288292e-06 2.42869291546073e-06
vn 1.9780030874109057e-06 3.777631909791644e-06 6.245450204668134e-06
vn 2.0251867262668578e-06 1.5792276703294434e-06 5.892855214273596e-06
vn 1.5675579955425617e-06 1.4581852300243737e-06 4.069814062626422e-06
vn 2.447988925949267e-06 2.736589908114996e-06 7.487211081432492e-06
vn 1.2977205846621562e-06 1.7654523041876772e-06 3.784918385326328e-06
vn 3.6084615736872327e-06 9.576702416879066e-06 1.1765518173367228e-05
vn 1.0674959781610707e-06 6.503238433365732e-06 2.575422517403887e-06
vn 6.041945487646211e-07 3.5382037561075282e-06 9.594510450252245e-07
vn 1.8996499824703526e-06 7.5102369842860236e-06 5.619031898778699e-06
vn 2.6655272761208593e-06 7.464367722727023e-06 7.689200495959772e-06
vn 8.236950066699348e-07 3.376305554093963e-06 1.6468350226644171e-06
vn 1.0201611947260263e-06 3.0881123222041414e-06 2.3036155573972977e-06
vn 6.08777801721122e-07 2.3653003449631243e-06 4.445162442948422e-07
vn 7.530852120176605e-07 2.2720825819291935e-06 9.421746091813898e-07
vn 4.197561192566858e-06 7.751278458126544e-06 1.3187158528879295e-05
vn 1.5037782253056777e-06 3.206056355229051e-06 3.6482472163638077e-06
vn 4.7556712969238285e-06 7.0257664520224375e-06 1.560328954718225e-05
vn 4.88994721721353e-06 4.284701533667558e-06 1.6788561530177092e-05
vn 2.2158837532423997e-06 1.3005843801384744e-06 7.571578057040789e-06
vn 1.840595335661863e-06 2.697534113198365e-06 4.928866825494557e-06
vn 2.351217438608675e-06 2.337333046814587e-06 7.277956111483859e-06
vn 3.4038046300416325e-06 2.3750994012392442e-06 1.2370284115963427e-05
vn 9.834337219924037e-07 3.9878865136295104e-07 3.4504615322928477e-06
vn 2.7685553381616474e-07 1.315004702982697e-07 1.1018373648227688e-06
vn 7.988160005383126e-07 2.362356828871963e-06 3.3408553459645503e-07
vn 6.474197995270197e-07 2.3485717731548663e-06 -1.8800172567147108e-07
vn 9.330626210338333e-07 2.27358968098501e-06 8.569791160435504e-07
vn 1.0429860410408444e-06 2.095743064113918e-06 1.364473376302314e-06
vn 8.749049960467684e-07 2.087137191995337e-06 1.4227055756401339e-06
vn 9.697280846698822e-07 1.8256350320891646e-06 1.8783813900601357e-06
vn 1.1275354079827077e-06 1.8371115502862085e-06 1.845178188560104e-06
vn 1.0325895486177965e-06 1.5115988796904292e-06 2.303870599463449e-06
vn 8.705074888422068e-07 2.3170618351788323e-06 -2.540398466456148e-07
vn 1.00246366894982e-06 2.3255338939210073e-06 2.7459400614448836e-07
vn 1.5689079672083194e-06 3.149709030524523e-06 -1.0672687947651408e-06
vn 1.7597355447004198e-06 3.2808019563052265e-06 -3.4063925875224114e-07
vn 1.119431629733044e-06 2.236978616448983e-06 8.070931613073545e-07
vn 1.2169588809285826e-06 2.0687409027073053e-06 1.325995717069955e-06
vn 1.927980455422301e-06 3.2709974206674036e-06 4.118924419144653e-07
vn 2.0823593052672692e-06 3.136785390315348e-06 1.1683414061046712e-06
vn 2.015379102365024e-06 2.7448007174426725e-06 1.7067371958689125e-06
vn 1.296182670564738e-06 1.8270411210967517e-06 1.8124109562959522e-06
vn 1.2791908381801309e-06 1.3358627629569888e-06 3.1597742465031937e-06
vn 1.3998883282252116e-06 1.4099422289354777e-06 3.1128428136612603e-06
vn 1.3327046454519632e-06 8.885134992744965e-07 3.2651184500230263e-06
vn 1.1599348524011174e-06 1.5408091150457214e-06 2.248239002403762e-06
vn 1.8474903046214e-06 1.1199126417601541e-06 5.862202144667431e-06
vn 1.983389486190695e-06 1.9328967237039354e-06 3.4763068606362026e-06
vn 2.8783028012242383e-06 3.2098075137855187e-06 3.0276080729571905e-06
vn 4.189922638050431e-06 3.10026420943696e-06 4.976791255260216e-06
vn 2.0703266755700784e-06 1.2623789633431582e-06 4.0249001323234e-06
vn 1.989429559446996e-06 7.279770590573593e-07 3.2825518399670575e-06
vn 4.047201344387679e-06 1.7881012589060976e-06 5.077433560101546e-06
vn 1.2302013363624245e-06 6.349052254967785e-07 3.7496697589180123e-06
vn 3.1645501985648623e-06 1.7337887579270397e-06 -6.179674452002101e-06
vn 1.3451841367839577e-06 6.692534212617614e-07 -2.1802357044446057e-06
vn 5.895809306494005e-06 2.4730109486721285e-06 -9.755740711010305e-06
vn 1.73723375477546e-05 2.254225884769192e-06 -2.048178466435574e-05
vn 5.0603864039323535e-06 6.991025771384199e-07 -7.088470898278096e-06
vn 6.72461025511321e-06 1.098628386969294e-06 -7.973482806609904e-06
vn 2.3188013548516634e-06 1.8697622082226274e-06 -5.2141053795192785e-06
vn 4.473402836088959e-06 3.0449042895144345e-06 -8.683612069604213e-06
vn 7.192066641189852e-06 1.6515311047841428e-06 -1.0051356970576358e-05
vn 1.3422272373503868e-05 3.8314461823467315e-06 -1.7846353992523762e-05
vn 2.4169848147145586e-05 2.7816950878027167e-06 -2.388875901907e-05
vn 2.905287770706014e-05 2.136594111805394e-06 -3.106360916141168e-05
vn 3.024177458989764e-05 1.3460262997375551e-06 -3.0154552380917763e-05
vn 3.98326081131014e-05 2.0518530793851234e-06 -4.200496292128513e-05
vn 2.94502907385538e-05 2.5465463729321125e-06 -3.27481319031e-05
vn 1.6361705620873155e-05 3.200010862584692e-06 -1.877969321275419e-05
vn 9.41270994864316e-06 4.674964202793452e-06 -1.4256486428748806e-05
vn 1.1619481741780155e-05 4.252195651841824e-06 -1.3739373783381486e-05
vn 1.3503943523870893e-05 3.449472669601615e-06 -1.3034879830362446e-05
vn 6.154915257448505e-06 4.386824082377312e-06 -8.455315021842287e-06
vn 2.1321687691786314e-06 1.979199101200756e-06 -5.160596726559836e-06
vn 3.1807255142815803e-06 3.2998517765071423e-06 -6.434862838439137e-06
vn 1.0054562754611557e-06 1.3453434786701344e-06 -3.44116949598833e-06
vn 1.6213282023261503e-06 2.9203959385723142e-06 -3.7752473245838217e-06
vn 1.9211482894935054e-06 2.7437392496522595e-06 -4.680370885019641e-06
vn 4.350396510224086e-06 5.4688711324966884e-06 -7.146890828265047e-06
vn 4.2283728035268915e-06 6.295616614138534e-06 -5.0022991808884846e-06
vn 6.227199629063004e-06 5.342687068260546e-06 -6.867905192744344e-06
vn 7.883154636873172e-06 3.942176881554704e-06 -7.915985355076778e-06
vn 9.367037974252203e-06 3.147380429748319e-06 -7.4126348793235284e-06
vn 8.056745426003137e-06 4.646295726488698e-06 -6.3237961917910235e-06
vn 6.553542462975826e-06 6.0609271705964975e-06 -4.699474762714124e-06
vn 8.402751675105911e-06 5.058724669865996e-06 -4.274832736241506e-06
vn 9.94999229865612e-06 3.910695531973304e-06 -3.965907375530512e-06
vn 9.615277200503503e-06 3.6544660663690995e-06 -5.8952210363343844e-06
vn 6.55792721793118e-06 6.041272349206517e-06 -1.90517234307065e-06
vn 3.4694765389946583e-06 5.412056973394726e-06 -2.292981592335604e-06
vn 8.924478451590275e-06 5.105240552341875e-06 -1.9473975929520467e-06
vn 1.9632761667369913e-05 1.8789890557591528e-06 -1.7017070494185874e-05
vn 1.986945578996672e-05 9.844514042619017e-07 -1.664034751507224e-05
vn 1.129547791831477e-05 1.7290386493761527e-07 -9.639709253600514e-06
vn 1.097795899352681e-05 1.1758536540724478e-07 -1.0548731886409328e-05
vn 2.415852334187065e-05 4.915510198069119e-07 -2.4400712990204268e-05
vn 1.559728037199143e-05 1.3263208157279343e-06 -1.169979638280839e-05
vn 1.0443117342246578e-05 2.214483185692785e-06 -6.956279019829445e-06
vn 1.480770388200012e-05 2.407539796905165e-06 -1.2291648550335001e-05
vn 1.1129772624606095e-05 3.7255504318026694e-07 -8.082786436588687e-06
vn 1.1170232592123014e-05 1.2433431760176657e-06 -6.564607143402588e-06
vn 4.366035017329267e-06 1.6620567774211802e-08 -4.115842056798462e-06
vn 4.764927057015474e-06 1.3961418693945357e-08 -3.959846180383344e-06
vn 4.914307148387621e-06 1.7851841158813073e-10 -3.5844730265700544e-06
vn 3.871444955011771e-06 5.511206832459556e-08 -2.2237085026628043e-06
vn 8.012989917262307e-06 3.470561427178085e-07 -4.484288859937013e-06
vn 1.0769657627497312e-05 2.590584651460358e-06 -5.517949683661845e-06
vn 1.1602612134479581e-05 1.536696415116411e-06 -5.158958905947113e-06
vn 1.1100895697274856e-05 2.781016675277238e-06 -3.6314665693847864e-06
vn 1.1969214233606544e-05 1.7137928238609856e-06 -3.2290639869331713e-06
vn 8.953873844655297e-06 4.680831106231149e-07 -3.7351446549811183e-06
vn 1.0060393571106093e-05 5.867306086609771e-07 -2.466459286955221e-06
vn 1.2201129610248392e-05 1.779139963612516e-06 -8.992968074054075e-07
vn 1.1397343136477148e-05 2.7983842444060576e-06 -1.4415254287018227e-06
vn 4.989065000492098e-06 1.0289577462201466e-07 -2.210567438658825e-06
vn 6.55043526004448e-06 1.8928007123206353e-07 -1.8755452437395345e-06
vn 6.973319397748678e-06 2.149285876326086e-07 -8.67254596697365e-07
vn 9.644241177222163e-06 5.710739377366197e-07 -4.4276564802002336e-07
vn 1.0352239622272444e-05 3.892797409918368e-06 -1.7806261560261445e-06
vn 3.4966342638270023e-06 4.5266407251655156e-06 -4.463518923565902e-07
vn 3.052614261324408e-06 3.940353153579396e-06 3.9632451450679586e-07
vn 3.953912809614475e-06 4.281593364274006e-06 1.518206118066623e-06
vn 5.242393170904129e-06 4.684581602662939e-06 3.544423234513778e-06
vn 6.864045458141894e-06 5.325442034171972e-06 8.577392388002138e-07
vn 9.576908895169474e-06 4.800409998673046e-06 4.2842924632281325e-07
vn 1.0775560223344927e-05 3.661417120510731e-06 4.6580570838505483e-07
vn 8.209826779509293e-06 4.917649850614291e-06 3.0578781776129324e-06
vn 1.0248861580120336e-05 4.256871744158805e-06 2.58852692109677e-06
vn 1.1143999799174474e-05 3.334429278404463e-06 2.5897793931289246e-06
vn 1.0861834978801978e-05 3.718740331464047e-06 4.305323328825622e-06
vn 9.775746984966174e-06 4.6632975236668524e-06 4.941037788057788e-06
vn 1.1391651466270977e-05 3.069110404755599e-06 4.453520593637179e-06
vn 7.606782726299435e-06 5.117159527534604e-06 5.94709978835208e-06
vn 7.997320059582632e-06 3.624576995715377e-06 6.767471670938445e-06
vn 2.5718572858762224e-06 5.512136629014645e-07 2.975363264030166e-06
vn 4.796276623015848e-06 1.5206126795658521e-06 4.301276353221523e-06
vn 1.0863816655526993e-05 3.924862906339256e-06 6.091410489552434e-06
vn 1.2677173062604751e-05 4.8657340561598975e-06 6.8211238282607975e-06
vn 1.3632573376474212e-05 4.5138106558028645e-06 6.836895421336978e-06
vn 1.5426561847473522e-05 4.895403137506064e-06 8.943250254029895e-06
vn 1.6342271617223722e-05 4.572370927853724e-06 9.452424253797441e-06
vn 1.5617141106942384e-05 5.512184110502159e-06 7.596036483850271e-06
vn 1.1591457091068535e-05 4.284892229563767e-06 6.298306877769855e-06
vn 1.1454800799386201e-05 4.48751822973306e-06 6.494370706033791e-06
vn 1.1603144722190192e-05 2.691687141642116e-06 8.518914615509429e-07
vn 1.2223117404784785e-05 1.8028955459978113e-06 1.552665551377504e-06
vn 1.1687965129638386e-05 2.5538274968283273e-06 3.082270689812794e-06
vn 1.1642513107678001e-05 2.4961942668473786e-06 5.104381609800001e-06
vn 1.2060300676331155e-05 1.8261673601405297e-06 3.932670165870305e-06
vn 9.26898947743773e-06 5.527075396832453e-07 1.5315394901231941e-06
vn 1.2205455896798595e-05 8.744666477590989e-07 4.986333399408148e-06
vn 1.1791655415218039e-05 1.9128281218524755e-06 6.073025802252554e-06
vn 7.266018777732483e-06 2.303412205801682e-07 7.042612335988062e-07
vn 4.722573125399328e-06 2.417571246942738e-07 2.305013299059983e-08
vn 3.1069765493329407e-06 1.7848485389766635e-07 6.167345647333841e-07
vn 5.871351338949165e-06 2.279638628613319e-07 2.10580983020882e-06
vn 1.469629772029965e-06 7.578373448219185e-08 3.2486584116728585e-07
vn 7.272223014430914e-06 1.9778066681628274e-07 3.847272883536739e-06
vn 3.991711634803131e-06 8.1723015272599e-08 2.3068648091294474e-06
vn 8.533529559231098e-06 3.617239830200657e-07 5.549021670492268e-06
vn 2.6777963958232827e-08 3.7584023802606544e-08 5.918939726838003e-09
vn 1.1917860839692948e-05 1.2600561914681198e-06 7.22702528191844e-06
vn 1.4800993802548048e-05 3.136520427067743e-06 9.32028343191471e-06
vn 1.1534813190037023e-05 2.08023454972674e-06 7.462534671119252e-06
vn 1.8498094233059247e-05 4.764900228099817e-06 1.3216406140007249e-05
vn 1.7772238656662607e-05 6.328478038606433e-06 1.1854985293780752e-05
vn 1.2457141768190421e-05 2.4869668440115015e-06 1.0069428214961799e-05
vn 1.2487286566858541e-05 1.7762847755077344e-06 9.92595543869419e-06
vn 7.658793741693109e-06 1.7792108909152428e-06 6.969804682938145e-06
vn 1.2772601310530474e-05 2.171226344698485e-06 1.1515803410908618e-05
vn 1.098359697299685e-05 7.451968156574164e-07 9.217308588462351e-06
vn 9.18276400103197e-06 4.772658390127543e-07 7.395490017401064e-06
vn 1.3111012841654086e-05 8.147503518075957e-07 1.1726856615271918e-05
vn 1.1909522435457395e-05 1.0454170136821402e-06 1.0860493165990693e-05
vn 2.872397496408805e-07 6.906009540288172e-07 -9.830667468389476e-07
vn 1.914927620100885e-07 4.6040104043637664e-07 -6.553773368312678e-07
vn 6.703046038710184e-07 8.968965169179144e-07 -2.294113817016826e-06
vn 1.5458737115472158e-06 1.246519847849864e-06 -3.4760744655986855e-06
vn 2.5819482302607045e-06 4.684815540712931e-07 -3.6167342319828367e-06
vn 1.5568744962696797e-06 -1.1035973574367094e-06 5.565075697974849e-06
vn 1.8422298520319691e-06 -1.335453765428124e-06 6.598957575601045e-06
vn 4.919164409965161e-06 -4.973553493446389e-06 1.6990939962249286e-05
vn 1.5912288890182601e-06 -7.87631961728109e-07 4.985389664643951e-06
vn 1.5746083728742483e-06 -7.469506934956773e-07 4.681590944086859e-06
vn 5.680345386324315e-07 -2.0675047357569557e-07 1.8776919757901768e-06
vn 3.723624002709632e-07 -3.103347164606368e-06 1.2669851103292344e-06
vn 3.04940382416205e-07 -2.058222242688481e-06 9.782922218190155e-07
vn 3.067894791416122e-07 -2.4659242046844455e-06 9.517064129493741e-07
vn 4.820310846509338e-07 -5.053181873975247e-06 2.3919323141069786e-06
vn 3.5560019011644975e-07 -3.475089931268334e-06 1.1898611189973102e-06
vn 7.098848054777849e-07 -4.118816617724651e-06 2.2983611620830107e-06
vn 4.556590935177861e-07 -1.7607163708240693e-06 1.4745726057845468e-06
vn 1.4696276792299629e-06 -7.578373448219185e-08 3.248670756626206e-07
vn 3.1069600545030116e-06 -1.7848348431008005e-07 6.167378809189093e-07
vn 9.268971079654014e-06 -5.527031286844542e-07 1.5315370878401655e-06
vn 3.1537827929116986e-07 -5.7106464432013635e-06 2.78336553057574e-06
vn 1.8229968241652011e-06 -1.0262734545666736e-05 6.339805032794774e-06
vn 1.0550820176369586e-06 -9.1779981089853e-06 3.1445154433359455e-06
vn 1.724220135147939e-06 -1.0503755899774555e-06 5.078859068525436e-06
vn 1.6327064826809097e-06 -8.200092430564102e-07 3.986599622090878e-06
vn 1.3368178138443339e-06 -9.996564684458567e-07 3.7988848500902324e-06
vn 5.523377040759118e-09 -1.806233690572738e-06 -3.4772410054855234e-07
vn 1.2509819047371657e-08 -1.4405304705692432e-06 -1.720076690136821e-07
vn 1.302852498972671e-07 -2.3617361203523843e-06 -2.734537818658659e-07
vn 1.4617495214086408e-07 -1.3080644107750246e-06 -5.369296137880341e-07
vn 6.486662045716755e-08 -8.498646839276809e-07 -5.007842541544142e-07
vn 5.352968464200612e-08 -1.1905002941433538e-06 -3.4682745710363785e-07
vn 2.788897762701762e-07 -1.547269985574622e-06 -8.304015967577677e-07
vn 2.776293995998459e-07 -2.054136834176281e-06 -4.779365336376136e-07
vn 5.008555516481984e-08 -6.288153461002069e-07 -3.859605489289041e-07
vn 5.914100627762859e-07 -1.9977646271543907e-06 -1.2174437929263394e-06
vn 4.811479082360163e-07 -1.7097079133669098e-06 -1.5282800181192036e-06
vn 2.0568047890966512e-07 -1.0756421376047565e-06 -8.372116481560407e-07
vn 1.7284998704026367e-06 -3.5409167880488744e-06 -2.110335900206654e-06
vn 1.4332183912403562e-06 -3.485485145019563e-06 -3.6964178454685898e-06
vn 1.515703561713533e-07 -8.538308415805515e-07 -8.266665176364085e-07
vn 4.908192679732449e-07 -2.2299254630821187e-06 -6.858413344071631e-07
vn 2.0362584967907532e-06 -3.846099961733446e-06 -5.202909172256191e-06
vn 6.25654159932602e-07 -1.976679003029998e-06 -2.2882143662576685e-06
vn 7.291181795592488e-07 -2.200002149716791e-06 -7.624189367177625e-07
vn 2.7573562906281908e-08 -1.5163941731640632e-06 1.6164963931743265e-07
vn 1.3256321942568516e-07 -2.5569253277674924e-06 1.0722160616122121e-07
vn 1.4241618936056063e-06 -4.550575216544632e-06 4.501825128323023e-06
vn 3.6084632375907972e-06 -9.576704253117343e-06 1.1765522918859428e-05
vn 7.868943638388405e-07 -1.8092980859621273e-06 2.4287901161430923e-06
vn 1.2977861165992679e-06 -1.7657022142557723e-06 3.7852553972127174e-06
vn 1.978022593561481e-06 -3.77771777315869e-06 6.245535830270391e-06
vn 2.4479908459790365e-06 -2.7366010961689207e-06 7.4873231079216535e-06
vn 1.2389199905495594e-06 -7.875196055315505e-06 2.886949099565637e-06
vn 3.7309444855627544e-07 -3.5568199785909264e-06 2.667356414513072e-07
vn 3.515755628335335e-07 -3.5614209331026967e-06 6.840556404939935e-07
vn 4.4906938952808215e-07 -2.355951893424492e-06 -5.4231653898011576e-08
vn 6.041954280835848e-07 -3.5382044709364785e-06 9.594516938209107e-07
vn 1.8996489311913902e-06 -7.5102577406487505e-06 5.619030403444819e-06
vn 1.0201611947260263e-06 -3.0881138165550106e-06 2.303616562547594e-06
vn 8.236950066699347e-07 -3.3763067762415316e-06 1.6468358071161016e-06
vn 1.5037822046145863e-06 -3.20606135824104e-06 3.648249086530656e-06
vn 2.6655179613691878e-06 -7.4643687888819255e-06 7.689201660303731e-06
vn 4.197555331138001e-06 -7.751263493122597e-06 1.3187166323586925e-05
vn 4.755671430500723e-06 -7.025738400141204e-06 1.5603293306352187e-05
vn 6.087786810400858e-07 -2.3652996896272614e-06 4.4451666550370655e-07
vn 4.7225026164185404e-06 -2.4175167331348074e-07 2.3041314627203124e-08
vn 6.973235662787659e-06 -2.1492298594021824e-07 -8.672390206581545e-07
vn 9.64419382433245e-06 -5.710701895537234e-07 -4.427614384538883e-07
vn 2.0239969066361302e-06 -9.88327766169862e-07 5.990572921238863e-06
vn 2.8876109398890234e-06 -1.8639123993974287e-06 8.972241756771736e-06
vn 2.025180451965479e-06 -1.5792095069425728e-06 5.892898908766335e-06
vn 2.215882400893984e-06 -1.3005842536992965e-06 7.571577427015559e-06
vn 4.88994484302953e-06 -4.284702039805045e-06 1.6788560604423417e-05
vn 2.3512161439464816e-06 -2.337331853462838e-06 7.277953952244098e-06
vn 1.8406012018246662e-06 -2.6975279321844733e-06 4.928867558764907e-06
vn 3.4038024214448614e-06 -2.3750975082910077e-06 1.2370283082635104e-05
vn 9.834296649471563e-07 -3.9878648428425324e-07 3.4504495953051754e-06
vn 2.7685104827518103e-07 -1.3149780151314312e-07 1.1018211101227307e-06
vn 3.6921883508272563e-06 -1.5482265415313616e-06 -6.392203069234509e-06
vn 6.900503966655912e-06 -3.3839334084523685e-06 -1.2313145459117484e-05
vn 6.257064941439851e-06 -1.8976888842547805e-06 -1.0413094551134803e-05
vn 2.67540055324963e-08 -3.7581309637327965e-08 5.914485268521085e-09
vn 5.871324074112586e-06 -2.2796345566378054e-07 2.1057960199131916e-06
vn 6.474205019237814e-07 -2.3485717731548663e-06 -1.88000779862375e-07
vn 9.330635349330015e-07 -2.273589001924672e-06 8.569796587888094e-07
vn 7.988160005383128e-07 -2.3623570475242115e-06 3.3408586327331956e-07
vn 7.530867873936007e-07 -2.2720821499118934e-06 9.421764646356438e-07
vn 8.749049960467684e-07 -2.0871382814730808e-06 1.4227063236886832e-06
vn 1.0429878403756322e-06 -2.0957414405468806e-06 1.3644742373658982e-06
vn 9.697277686653117e-07 -1.8256457490082238e-06 1.878382333457858e-06
vn 1.0024646243413531e-06 -2.3255343152086946e-06 2.7459490595800774e-07
vn 8.705074888422068e-07 -2.31706299271589e-06 -2.5403971442690046e-07
vn 1.759738186450511e-06 -3.280804706355532e-06 -3.4063898684907296e-07
vn 1.5689073558483478e-06 -3.149707616539039e-06 -1.0672676429930676e-06
vn 1.21696167222387e-06 -2.068736817698125e-06 1.3259971835654236e-06
vn 1.119435366403295e-06 -2.2369844549641154e-06 8.070930668945196e-07
vn 2.0823701591538182e-06 -3.1368060862597296e-06 1.1683407491092831e-06
vn 1.92797891610601e-06 -3.270991342928464e-06 4.1189382799543654e-07
vn 2.0153853662491707e-06 -2.744801873604089e-06 1.7067393905133063e-06
vn 1.296188062889003e-06 -1.8270443393743757e-06 1.8124117564161099e-06
vn 1.1275362606377095e-06 -1.8371115502862088e-06 1.845178839906317e-06
vn 1.0325895486177965e-06 -1.511599706690402e-06 2.3038717387699867e-06
vn 1.1599294020156754e-06 -1.5408159353660553e-06 2.2482394581043063e-06
vn 1.279191400859091e-06 -1.3358537067414587e-06 3.159775580136632e-06
vn 1.8474887129036573e-06 -1.1199102338399605e-06 5.862199353442479e-06
vn 1.3327068735250192e-06 -8.885240778484844e-07 3.2651154099246476e-06
vn 1.3998837557607793e-06 -1.4099390053803582e-06 3.112843457995875e-06
vn 1.983404076969239e-06 -1.932891625469054e-06 3.4763079738962812e-06
vn 4.189924531099562e-06 -3.100278794410675e-06 4.976790504088461e-06
vn 2.8783016281505847e-06 -3.209799369955757e-06 3.0276097268201053e-06
vn 2.0703411329331855e-06 -1.2623849924059367e-06 4.02489612852604e-06
vn 5.014326856910922e-06 -1.4099397611001936e-06 -7.039156319936483e-06
vn 2.2519392269317884e-05 -2.0982238163687114e-06 -2.5100548291526032e-05
vn 1.0312630050146897e-05 -1.855113638305644e-06 -1.3379127438420804e-05
vn 2.0372014669381345e-05 -2.150405397772247e-06 -2.3276821086314675e-05
vn 4.217508715680668e-06 -3.0386363685861114e-06 -8.056594021549128e-06
vn 3.2244868601475713e-06 -2.8100225019126894e-06 -7.576829505367003e-06
vn 1.3785256652907874e-05 -4.237334444023812e-06 -1.957262609741812e-05
vn 3.0238720717693107e-05 -1.3458848480940749e-06 -3.015153725303186e-05
vn 2.905319635825803e-05 -2.136594241049697e-06 -3.106360116813447e-05
vn 2.4169853779879645e-05 -2.7816975246084635e-06 -2.3888761773040832e-05
vn 3.9832429809048034e-05 -2.0518433747555915e-06 -4.2004859625336476e-05
vn 1.636171107199929e-05 -3.200003725548684e-06 -1.8779699234197823e-05
vn 9.347210351895554e-06 -4.942962936508796e-06 -1.3827094038463548e-05
vn 1.1619487158699582e-05 -4.252193689777803e-06 -1.3739381270642716e-05
vn 1.3503946329453735e-05 -3.449477348702491e-06 -1.3034885034523152e-05
vn 6.154917149115202e-06 -4.386819496554219e-06 -8.45530880451894e-06
vn 2.7356502752565392e-06 -3.621233765696704e-06 -7.227778425283712e-06
vn 4.271816300826052e-06 -4.142624014712749e-06 -8.365442759052138e-06
vn 4.412696194103706e-06 -5.474482547279616e-06 -7.484747443433823e-06
vn 5.11878819431072e-07 -1.2174672817000223e-06 -2.0291890215200688e-06
vn 4.2283826082840055e-06 -6.295618948981081e-06 -5.002300176525422e-06
vn 3.4694886692336937e-06 -5.412059329827328e-06 -2.292980167609836e-06
vn 6.22718480743147e-06 -5.342682612318162e-06 -6.867903352943102e-06
vn 7.883167976440505e-06 -3.942166081316221e-06 -7.915983052035279e-06
vn 9.36705248048307e-06 -3.1473860181984658e-06 -7.412637179432209e-06
vn 8.05673899720406e-06 -4.646281513757861e-06 -6.323788486027309e-06
vn 6.553546156674268e-06 -6.060927170596498e-06 -4.699475576091078e-06
vn 8.402755440428886e-06 -5.058724669865996e-06 -4.274833232265412e-06
vn 9.615271724702169e-06 -3.6544651044195028e-06 -5.895216074992414e-06
vn 9.949996399175217e-06 -3.91068742198645e-06 -3.965904377058375e-06
vn 6.557945476640879e-06 -6.04128113870967e-06 -1.905170723955287e-06
vn 8.924508137269754e-06 -5.10525115132735e-06 -1.9473994681696225e-06
vn 1.986946017883677e-05 -9.844440459397488e-07 -1.6640348186831272e-05
vn 1.9632766916409214e-05 -1.878977879700931e-06 -1.7017068692939452e-05
vn 1.1295454315528294e-05 -1.7290912088201016e-07 -9.63969001541781e-06
vn 1.0977926239342466e-05 -1.175857881840777e-07 -1.054870553851932e-05
vn 2.414980608642206e-05 -4.911570438941453e-07 -2.4392219580609927e-05
vn 1.5597284074659615e-05 -1.3263123157206114e-06 -1.1699791402655267e-05
vn 1.480770779718358e-05 -2.4075397969051654e-06 -1.2291651503452452e-05
vn 1.0443150955409527e-05 -2.214488211158382e-06 -6.956285736040398e-06
vn 1.1129781364575123e-05 -3.725546538194845e-07 -8.082788045487343e-06
vn 1.1170256119350137e-05 -1.2433388457165285e-06 -6.564611816197559e-06
vn 4.36595955556724e-06 -1.6626386697612994e-08 -4.115772425384953e-06
vn 4.764827138555763e-06 -1.3978528633768928e-08 -3.959763198588561e-06
vn 4.914316439065955e-06 -1.8471863400893297e-10 -3.584476212518538e-06
vn 3.871394939933975e-06 -5.511206832459559e-08 -2.2236808790774203e-06
vn 8.012934625671937e-06 -3.470561427178084e-07 -4.4842599856548314e-06
vn 1.0769651973801225e-05 -2.5905906436097742e-06 -5.51795086163707e-06
vn 1.1602623538022032e-05 -1.5366904229669942e-06 -5.158960229572015e-06
vn 1.1100879824135165e-05 -2.781014041972109e-06 -3.6314627556296982e-06
vn 1.1969198588948315e-05 -1.7137904484449234e-06 -3.2290569910642446e-06
vn 1.0060391593018942e-05 -5.867256727866806e-07 -2.4664569214983852e-06
vn 8.953874276959243e-06 -4.680769867691516e-07 -3.7351393365878582e-06
vn 1.220112633027246e-05 -1.779141189388361e-06 -8.992941844568475e-07
vn 1.1397364935032378e-05 -2.7983847499784457e-06 -1.4415211914401829e-06
vn 4.988959143894974e-06 -1.0289577462201471e-07 -2.210521175326699e-06
vn 6.550478749091802e-06 -1.892800712320636e-07 -1.8755540621629754e-06
vn 1.0352272493017225e-05 -3.892805112141117e-06 -1.78062887845873e-06
vn 3.0526049875218297e-06 -3.940335254687041e-06 3.963273993042106e-07
vn 3.496646540551451e-06 -4.526652353936774e-06 -4.4635138157400956e-07
vn 3.953912338743557e-06 -4.281591615933984e-06 1.5182076442006965e-06
vn 5.242392704935129e-06 -4.684581576926834e-06 3.5444238222147594e-06
vn 6.864048142296964e-06 -5.32543347497161e-06 8.577417599093723e-07
vn 9.576922591161751e-06 -4.800411827354199e-06 4.284301786265181e-07
vn 1.077556519350839e-05 -3.661417156764406e-06 4.658062317113877e-07
vn 8.209840629417195e-06 -4.9176518416657286e-06 3.057876344757805e-06
vn 1.0248864522294745e-05 -4.256870991470619e-06 2.5885257357340224e-06
vn 1.1143977001627744e-05 -3.3344198183780976e-06 2.5897819934824505e-06
vn 9.775755678921441e-06 -4.663288165130405e-06 4.941040509906478e-06
vn 7.606777160443566e-06 -5.117154647874361e-06 5.947100957365751e-06
vn 1.1391643488163294e-05 -3.0691144347439834e-06 4.453521307223151e-06
vn 1.0861841928030953e-05 -3.7187351220622237e-06 4.3053272785626105e-06
vn 4.047204707318977e-06 -1.7880937169345992e-06 5.077433529785747e-06
vn 7.99731344296682e-06 -3.624589908077243e-06 6.76747097709336e-06
vn 1.989429374045877e-06 -7.279797178186406e-07 3.2825483578656104e-06
vn 2.5718408690150827e-06 -5.511778433441752e-07 2.9753659054194903e-06
vn 4.79627368502269e-06 -1.5206080167437186e-06 4.301275889404647e-06
vn 1.0863837793214207e-05 -3.924876684763291e-06 6.0914175274486585e-06
vn 1.2677206133125518e-05 -4.865741595575801e-06 6.82113413872118e-06
vn 1.3632585029940075e-05 -4.513806157652646e-06 6.836903021424673e-06
vn 1.6342269394588922e-05 -4.57237081129703e-06 9.452433319573928e-06
vn 1.5426533817416524e-05 -4.895410679182366e-06 8.943252578489996e-06
vn 1.5617176367992262e-05 -5.512186983079601e-06 7.596053321118706e-06
vn 1.1591456646114583e-05 -4.284881361668574e-06 6.298305778816388e-06
vn 1.1454798825506025e-05 -4.48750935772054e-06 6.494369940468371e-06
vn 1.1603155266312515e-05 -2.6916902450905665e-06 8.518950206095949e-07
vn 1.2223126223379643e-05 -1.802894768944867e-06 1.552670267601533e-06
vn 1.1687954653296463e-05 -2.5538206333974556e-06 3.082274558036009e-06
vn 1.1642526094502026e-05 -2.4961875619644885e-06 5.104385657592654e-06
vn 1.206032216868253e-05 -1.8261739896153876e-06 3.932671085451997e-06
vn 1.2205463411610625e-05 -8.744642654939343e-07 4.98633320798621e-06
vn 1.1791671533488401e-05 -1.912826806824875e-06 6.07303462284345e-06
vn 7.26598882065369e-06 -2.3033816423142117e-07 7.042558469805022e-07
vn 3.991639621737138e-06 -8.173147379725833e-08 2.3068273674985843e-06
vn 7.272200625229434e-06 -1.9777674980412893e-07 3.847256905942225e-06
vn 8.533485534555545e-06 -3.617273725494954e-07 5.548996451537652e-06
vn 1.19178633754396e-05 -1.2600558036983474e-06 7.227030288791234e-06
vn 1.4800996553301693e-05 -3.136518519059242e-06 9.320286774608797e-06
vn 1.153479638201891e-05 -2.0802236996547337e-06 7.462544659359092e-06
vn 1.7772240758861583e-05 -6.328466976414049e-06 1.1854998553217957e-05
vn 1.8498105134183743e-05 -4.764899833102593e-06 1.3216405757400073e-05
vn 1.245713621737032e-05 -2.486961599219418e-06 1.0069422694137441e-05
vn 1.2487274372522885e-05 -1.7762839389720986e-06 9.925957125222868e-06
vn 7.658789158676112e-06 -1.7792027665801993e-06 6.9697909378161715e-06
vn 1.2772660130888389e-05 -2.1712343195950467e-06 1.1515797314348593e-05
vn 1.098352943621217e-05 -7.45183887705596e-07 9.217272947870889e-06
vn 9.182667463892199e-06 -4.772644724131614e-07 7.395421630894945e-06
vn 1.1909513178931985e-05 -1.0454242828495516e-06 1.0860467742063529e-05
vn 1.3110954826323687e-05 -8.147336594204668e-07 1.1726801739386509e-05
vn 1.567619010302823e-06 -1.4581999990576266e-06 4.070143757954072e-06
vn 1.2301173723274498e-06 -6.348429771800961e-07 3.749416592624333e-06
vn 3.858260862331252e-06 -5.899535229066436e-06 9.651134972417203e-06
vn 1.0128294366113563e-06 -1.257033724986194e-06 2.9166149953821504e-06
vn 3.0678607985657754e-06 -5.149773897679744e-06 6.595058150993585e-06
vn 4.193066903831478e-06 -2.8305570476323696e-06 1.137231426287261e-05
vn 2.6036243078061582e-06 -7.4970400045059356e-06 6.212172295280029e-06
vn -1.7425071551306533e-05 -3.346453925452385e-06 3.0445988402258678e-06
vn -3.537424513667146e-06 -1.2125681124401173e-06 2.9924471307595876e-07
vn -3.8050015664443365e-06 -1.3640873682951259e-06 3.518906099461078e-07
vn 1.0738065345912552e-06 -4.985096021015372e-06 2.6843843203422953e-06
vn 6.162816366717196e-07 -4.832509718706151e-06 1.8224130028959322e-06
vn 1.213356837478828e-06 -5.6894389079182226e-06 2.9576872091970395e-06
vn 2.2889563419978255e-06 -7.148578230556553e-06 5.6653003124472385e-06
vn 9.51303530524829e-07 -4.598046424929075e-06 1.854678868775395e-06
vn 7.085707165371079e-07 -4.066939770626378e-06 1.8280328221497787e-06
vn 3.953864038051047e-06 -8.228687242268156e-06 8.765520689869275e-06
vn 2.6147309542096982e-06 -7.538816523198194e-06 4.905446630342615e-06
vn 9.551948184891275e-07 -3.3681898263099958e-06 3.885713773032879e-06
vn 4.728028532213183e-06 -8.628162434306654e-06 1.1252562680017793e-05
vn 5.0105047547632815e-06 -2.6313164398076774e-06 1.3305605744073814e-05
vn 4.67800390286731e-06 -2.2347111572034638e-06 1.3092892447834079e-05
vn 6.2503120479334145e-06 -6.010544052203926e-06 1.5378886695732288e-05
vn 7.214886585028963e-06 -4.802251556800488e-06 1.5646483974975892e-05
vn 4.1166406031032666e-06 -1.7895792290236916e-06 9.739176254398816e-06
vn 6.938280019121721e-06 -4.448240667612308e-06 1.529838639195018e-05
vn 6.5849619194391215e-06 -6.661660984714064e-06 1.4151033366215766e-05
vn -2.7071328629147826e-05 -3.1914760692695354e-06 7.153057513762891e-06
vn -1.2314794273255944e-05 -2.4921830372909565e-06 2.263876639876529e-06
vn -1.3896372633862691e-05 -2.5994378602936796e-06 3.019927902044771e-06
vn 2.1153313532832847e-06 -6.874039856753064e-06 4.097046843219862e-06
vn 9.289123569242574e-07 -4.436615046337043e-06 2.0435511762331705e-06
vn 1.127262093361056e-06 -4.843853463943958e-06 1.8550678633814166e-06
vn 3.590212271426145e-06 -6.561977134864723e-06 6.616715845011052e-06
vn 4.341074536096603e-06 -5.132376144683547e-06 7.714819724703768e-06
vn 4.552608852790268e-06 -3.6408863875215267e-06 9.552232329729568e-06
vn 2.317219180543263e-06 -6.899188939595147e-06 3.811082207217292e-06
vn 3.7814571723431773e-06 -6.602782204225162e-06 6.243139996215881e-06
vn 4.126001367091303e-06 -3.4791898135078783e-06 7.364635639178906e-06
vn 1.0854992302504028e-06 -4.59471995421452e-06 1.8327505059252064e-06
vn -1.5751060745139218e-06 -6.172587022805895e-07 7.25427450206044e-08
vn 1.0063365192040655e-06 -5.084617460663824e-06 1.9951244767826936e-06
vn 1.059193458850705e-06 -4.119963132302665e-06 1.3838148639188309e-06
vn 1.019482327360992e-06 -5.262776313132315e-06 1.7351890439164698e-06
vn 1.7190074101480361e-06 -6.767751325294776e-06 2.3615758749414084e-06
vn 2.6760349484104082e-06 -7.869367732162526e-06 4.141164402453558e-06
vn 1.5372692066854896e-06 -7.234068030011153e-06 2.032118253584642e-06
vn 5.840664880154134e-07 -3.930376104227035e-06 7.122268371264574e-07
vn 1.39128536487469e-06 -7.361945855614795e-06 2.340997229815422e-06
vn 3.2010381337271067e-06 -1.9220976429902056e-06 6.6970151807670764e-06
vn -2.978917487653263e-05 -2.3602395516768258e-06 1.3353940552532989e-05
vn -3.1923525613510865e-05 -2.0107770693044846e-06 1.6558068220414482e-05
vn -3.121075358667369e-05 -1.6318020646732443e-06 1.534604603344272e-05
vn 2.841244690609805e-06 -1.8383136743324692e-06 5.37864830227956e-06
vn 4.501373204406926e-06 -8.02987833460854e-06 7.918462713811278e-06
vn 2.513049473304793e-06 -1.6896853567828447e-06 4.73147434531923e-06
vn 4.342456002344514e-06 -4.031816449366004e-06 8.12811379226317e-06
vn 4.6820318503785775e-06 -5.56630408469205e-06 8.038186936879498e-06
vn 5.130003593794067e-06 -6.998274297774547e-06 1.0317402019410349e-05
vn 1.4890019309853075e-06 -7.467238793791787e-06 5.0972820532578016e-06
vn 1.2718854812391197e-06 -1.0832046884069815e-05 4.588139241100574e-06
vn 5.21359118275462e-07 -4.297624908953634e-06 7.125128567663864e-07
vn -8.197265585855809e-07 -1.0509940522461398e-05 1.7016008873960704e-06
vn 3.039742877931568e-07 -4.619667733483785e-06 6.177804699436181e-07
vn 5.483259145617385e-08 -6.0197920862585295e-06 4.598291496479138e-08
vn 3.832531225180167e-07 -7.0290865735205285e-06 5.481897341180386e-06
vn -9.780521960937418e-07 -1.0330942720248362e-05 4.8809358400345595e-06
vn -3.85733138392472e-06 -8.64810716718066e-06 4.97829937078014e-06
vn -4.5366647983466445e-06 -1.2836079112616696e-05 3.7817728400192036e-06
vn -7.004231629208575e-07 -3.965732204741866e-06 2.8410834037957026e-06
vn -4.757222970658758e-07 -4.582086258493029e-06 -1.5999792939552437e-07
vn -3.0745047556988085e-06 -1.136942446196332e-05 2.8859866949892593e-07
vn -1.6458766638947726e-05 -1.0295431024042322e-05 -2.5826309620579374e-06
vn -8.528711856276306e-06 -4.910773046026454e-06 -1.203225515743867e-06
vn -1.3689822327601052e-05 -6.890886268888461e-06 -1.832031001100368e-06
vn -1.3749721733671472e-05 -5.612622178332263e-06 -6.376041423456075e-07
vn -1.1408172563570336e-05 -5.123226667091094e-06 -6.16042804067942e-07
vn -1.4658943140582035e-05 -4.6665528215320665e-06 3.128303675704687e-07
vn -6.638811437560915e-07 -2.331648607403637e-06 -4.1481877001477897e-07
vn -7.65769780633051e-06 -1.3039558296287295e-05 -1.6539540693631191e-06
vn -3.1525622533856205e-06 -9.762283598925321e-06 -1.602418182504118e-06
vn -1.0822404785110655e-05 -2.0198637454179152e-05 5.610599336143899e-08
vn -1.408750804627265e-05 -1.523801947189181e-05 3.1959781546625e-06
vn -2.1195400780206056e-05 -2.007884154489392e-05 -6.12978422334768e-07
vn -3.2416823234045397e-06 -4.606372042754003e-06 -1.538663188580614e-06
vn -1.3233120854213583e-05 -1.2985945867203533e-05 -3.021227760827218e-06
vn -2.0622089604454104e-07 -3.9987179995460503e-07 -9.78866351979946e-08
vn -8.3917843305617e-06 -7.484942365753526e-06 -3.18975765333239e-06
vn -2.6085925433463258e-05 -1.6432318364883638e-05 -3.0066908709967037e-06
vn -6.340793356988619e-06 -5.351915932880919e-06 -1.8873977666895135e-06
vn -2.5259201908164802e-05 -1.1282955943244906e-05 -1.7481344597597869e-06
vn -1.814290694456559e-05 -6.262771803003437e-06 -1.706425795666972e-07
vn -8.193187143739806e-06 -2.137139915850252e-06 8.217286515165217e-07
vn -3.9833882174215455e-05 -2.102199867413725e-06 2.035753459561567e-05
vn -2.5693248528640555e-05 -1.620809131932153e-06 1.2321694140075322e-05
vn -3.4775705117928054e-05 -2.346381358072439e-06 1.2989460409815725e-05
vn -2.279035332699155e-05 -2.7073970172334006e-06 7.2721634451180525e-06
vn -3.7086816849061716e-05 -3.4604820348714093e-06 9.380322805805207e-06
vn -2.6154324718422426e-05 -3.846212581907078e-06 4.948092786098362e-06
vn -9.481241344074646e-06 -3.4846857709930493e-06 -3.99814374395472e-08
vn -1.3545927876729947e-05 -2.971474066460815e-06 1.2921383520332927e-06
vn -1.8509438312129422e-05 -5.0080004624705865e-06 9.359966971705727e-07
vn -4.479049655528808e-05 -3.7092539807491737e-06 8.993257826285475e-06
vn -3.27190725086956e-05 -4.828557341388121e-06 4.186929807673536e-06
vn -9.497060131409731e-06 -3.664594370325654e-06 -5.578693836326576e-07
vn -3.589517184985048e-05 -9.840911143796658e-07 1.5983861181649768e-05
vn -1.663860565250521e-05 -8.934995420388382e-07 9.142828306778086e-06
vn -2.8742145984472968e-05 -8.874059569204933e-07 1.5430241229830354e-05
vn -5.284872611824799e-05 -9.705428162856896e-07 1.6350023835539256e-05
vn -3.718454457387788e-05 -1.6183009429020042e-06 1.2762481260177278e-05
vn -3.371660598809419e-05 -8.162929498031733e-07 1.7624602468113063e-05
vn -2.887387762287907e-05 -1.2447154291852378e-07 1.5767076207277878e-05
vn -3.959371577063914e-05 -2.9395002584941755e-07 1.4971222171708119e-05
vn -5.10196129881153e-05 -2.487455129091384e-06 1.2634649558896596e-05
vn -3.019803209917908e-05 -1.9568080118339548e-07 1.4327778809788021e-05
vn -1.1805150951753894e-05 -7.215761712293739e-06 1.8817811714000218e-06
vn -2.2082846569840508e-05 -1.445045885601705e-05 2.463679656106246e-06
vn -1.9262029578902295e-05 -8.686049642718397e-06 1.5541242695891566e-06
vn -2.7586432264902644e-05 -9.37562585649354e-06 5.131268262385377e-07
vn -2.6281278107166817e-05 -5.173605570224678e-06 2.4860725201415647e-06
vn -2.168199285026697e-05 -6.992336856334757e-06 2.4101805532839723e-06
vn -3.1665837343204264e-05 -1.5040962502842164e-05 1.118459446592937e-06
vn -2.7473965013929232e-05 -6.655022828165968e-06 2.761484541198195e-06
vn -1.9209830597903036e-05 -3.0320019813891e-06 2.4333925463695776e-06
vn -9.16909004054928e-06 -2.7485102262329523e-06 9.552015380767292e-07
vn -1.9390839492307584e-05 -4.112603411879873e-06 2.3036894059930403e-06
vn -1.6630925687043652e-05 -1.7529982441691224e-06 2.3346738252872137e-06
vn -9.495443799918742e-06 -6.420650868589379e-07 1.34051833580594e-06
vn -9.59879356592748e-06 -1.283177304148279e-06 1.2269600772219902e-06
vn -1.167730058639807e-05 -3.967588700069133e-07 1.7157058693297029e-06
vn -1.934826173967851e-05 -8.724767781026897e-07 2.8245549972615614e-06
vn -1.5034630801928238e-05 -1.5578236590120962e-06 2.245865977568311e-06
vn -2.768183157214491e-05 -2.7337040201015143e-06 4.597015332461304e-06
vn -3.432859367410971e-05 -1.9061599605010218e-06 7.1968673675512376e-06
vn -1.9386008217778766e-05 -2.133933374878195e-06 3.326499736183104e-06
vn -1.5190252786147512e-05 -1.0329572175272077e-06 2.6091109154565195e-06
vn -3.698447157320485e-05 -1.3143713716254916e-06 8.612159096277698e-06
vn -1.1037491019100154e-05 -4.778401661102601e-07 2.009660490282562e-06
vn -5.467048866275706e-05 -4.214100194556198e-07 1.7673480489027423e-05
vn -2.7692799702338697e-05 6.192569739627998e-08 1.2161967894954407e-05
vn -4.086754436928225e-05 -1.604287139966421e-07 1.5185823139832806e-05
vn -4.548694922057394e-05 -6.490927642921051e-07 1.2808456132794763e-05
vn -1.6267638475884127e-05 -2.3611369127587237e-07 3.482612247478767e-06
vn -8.69978885151042e-06 -1.9936318179596515e-07 1.930194294174626e-06
vn -1.3884685427892109e-05 1.1276255885770572e-07 3.1111232718362557e-06
vn -5.5115934397549735e-06 1.851151248037269e-07 1.2695573708823972e-06
vn 6.367979528879622e-07 -2.245459219475113e-06 2.590472142460944e-06
vn 3.067646878600703e-06 5.149267855019107e-06 6.594564653992088e-06
vn 1.0125074256451335e-06 1.2567607388492764e-06 2.9162100137726558e-06
vn 3.858008527416356e-06 5.899172808313861e-06 9.650600349588556e-06
vn 4.183613978728392e-06 2.825392148134944e-06 1.1347121657263797e-05
vn 2.8882821509862625e-06 8.162124701857104e-06 6.899819644608156e-06
vn 4.512792241349801e-06 8.040899108047387e-06 7.941586538573669e-06
vn 5.175674662267582e-06 7.042412034083524e-06 1.0409902768706868e-05
vn 3.977178443247769e-06 8.267838344256036e-06 8.824580949120382e-06
vn 1.1901764708135273e-06 5.6689879942609096e-06 2.870181857592933e-06
vn 5.551021457898103e-07 4.351280421129108e-06 1.6280414235647833e-06
vn 1.0742147135820873e-06 4.98566794582758e-06 2.6848501050668153e-06
vn 2.289348431662057e-06 7.14902623418442e-06 5.6660950885110106e-06
vn 8.802625342774759e-07 4.58945437003949e-06 1.9180452807566533e-06
vn 4.3102953390568433e-07 3.359022637827976e-06 1.0876484533569715e-06
vn 1.0932045633444634e-06 5.07960995932723e-06 2.2768949518225386e-06
vn 4.728045536045282e-06 8.628177317961339e-06 1.125259737568613e-05
vn 4.65037788610301e-06 2.2222298191680407e-06 1.301976935138341e-05
vn 4.996428743960634e-06 2.62613961411635e-06 1.3272776029700337e-05
vn 6.251435242089303e-06 6.01108708339861e-06 1.538186601214534e-05
vn 4.075936535805694e-06 1.7719937651992877e-06 9.657738338312702e-06
vn 6.905403654394785e-06 4.421986701136879e-06 1.5225093118150483e-05
vn 2.6147317818499558e-06 7.538813436925857e-06 4.9054463714824355e-06
vn 9.551861418215366e-07 3.3681741172249756e-06 3.8857035347991165e-06
vn 6.367907612143578e-07 2.2454500762148682e-06 2.59047062122541e-06
vn 2.094320202045802e-06 6.785794794543695e-06 4.064358942696238e-06
vn 6.582134454131081e-06 6.656914651602503e-06 1.41430101756457e-05
vn 1.0767023843855615e-06 4.753993104372999e-06 1.7666545806388885e-06
vn 3.590226930396356e-06 6.561987733811395e-06 6.616741189689946e-06
vn 7.189114985005861e-06 4.78473390726672e-06 1.55987149254856e-05
vn 4.5799560845861245e-06 3.6637208114543234e-06 9.618041887972595e-06
vn 4.341084269092672e-06 5.1323841514609324e-06 7.714841164475126e-06
vn 2.594214075284873e-06 7.600778654315752e-06 4.27377468893731e-06
vn 1.2355867222491293e-06 5.186937810537749e-06 2.040073712268262e-06
vn 8.468519536872797e-07 4.546941663998582e-06 1.7428688282272107e-06
vn 1.0680088402072028e-06 4.934391039884976e-06 1.6454519181737847e-06
vn 1.6005793835237489e-06 6.3310385145773256e-06 2.204072763987438e-06
vn 6.184487452444318e-07 3.3654285287705113e-06 8.093131461502104e-07
vn 1.3559033891409737e-06 6.285970245092333e-06 1.8216854069741055e-06
vn 2.678576013497827e-06 7.92373001204758e-06 4.1418383078979236e-06
vn 4.687658239282572e-06 5.556776532839789e-06 8.038916271955714e-06
vn 3.781457413356871e-06 6.602772251158033e-06 6.243163124243913e-06
vn 1.3535688326727547e-06 7.2131582867222314e-06 2.3232878104633964e-06
vn 5.540568055519432e-07 3.7805586279062107e-06 6.970374861364987e-07
vn 4.109929210539596e-06 3.4575707808426106e-06 7.328794676843146e-06
vn 3.226411752063448e-06 1.941814603994593e-06 6.761728823909835e-06
vn 1.4889885528408429e-06 7.467220281716589e-06 5.097260685449006e-06
vn 2.4892419070883865e-06 1.6692461467101344e-06 4.68900314616588e-06
vn 2.853934062186166e-06 1.8424137399164616e-06 5.4066229137141915e-06
vn 4.354043892961099e-06 4.029311350386841e-06 8.146250969609863e-06
vn -1.388442575970624e-05 -1.127654468504788e-07 3.1110635047456324e-06
vn -5.5114729544150195e-06 -1.8511700048757038e-07 1.2695285155718047e-06
vn -3.698444972102595e-05 1.3143715834625922e-06 8.612152236239004e-06
vn 1.1376935749298043e-06 1.0136864758324673e-05 4.085336712909638e-06
vn 5.765186683640583e-07 4.4884486264213134e-06 7.684061310405722e-07
vn 5.419820618901864e-07 4.20698224627769e-06 4.5023163799771655e-07
vn 2.482204795773797e-07 6.867446266891094e-06 7.384620592907107e-07
vn -1.0683147388475207e-06 1.0985337777503881e-05 1.8791077899026001e-06
vn -2.995142710457588e-07 4.606683424621983e-06 -4.066924626248492e-08
vn 3.8323686705218416e-07 7.029049681145015e-06 5.481878585394238e-06
vn -9.780659246338069e-07 1.033087549752891e-05 4.88093014156101e-06
vn -4.536655258619431e-06 1.2836004471470822e-05 3.7817792784401293e-06
vn -3.857318612949274e-06 8.648015766931972e-06 4.978239082509764e-06
vn -7.004381945947564e-07 3.965646034597528e-06 2.841010732455471e-06
vn -2.5990564337452205e-06 1.005286090262823e-05 2.1457676412329628e-07
vn -4.903878900792709e-07 2.698108451206897e-06 -2.8387328263427464e-07
vn -1.569222677573051e-05 8.09830408188464e-06 -2.318755810909888e-06
vn -9.169968168390158e-06 5.428270265029458e-06 -1.3006902357590819e-06
vn -1.6796998145600027e-05 1.0609905048038567e-05 -2.650920710134366e-06
vn -1.5892116049417034e-06 1.7414768140349746e-06 -5.443573675411557e-07
vn -6.94827482813467e-06 6.107635205329859e-06 -2.3800137373279147e-06
vn -2.787465724171124e-06 8.508829080022877e-06 -1.399303674412713e-06
vn -4.6797214161665646e-07 1.8149813514930051e-06 -2.8824696095290745e-07
vn -1.0393289932307744e-05 1.9608066053383608e-05 2.848919034274518e-07
vn -7.646117694283789e-06 1.3067990889782067e-05 -1.648987683897443e-06
vn -2.1899887157599778e-05 2.1090996006143717e-05 -9.290115347629484e-07
vn -4.686629838052866e-06 6.711706919654092e-06 -2.2208093713307615e-06
vn -1.4087475757769937e-05 1.5237922376015197e-05 3.1959636876526855e-06
vn -2.5827371457883697e-05 1.1826018791125463e-05 -1.9004024399624112e-06
vn -2.8156793097950296e-05 1.7417834906508976e-05 -2.9023228176635248e-06
vn -1.147000337066386e-05 1.124580185381622e-05 -2.767117637531812e-06
vn -3.166586489475128e-05 1.5040929000563258e-05 1.1184912753406252e-06
vn -1.8142982250670025e-05 6.262780447982774e-06 -1.7062721717308727e-07
vn -1.3428932316893244e-05 5.459103663321383e-06 -5.275374130780834e-07
vn -2.7586407544072745e-05 9.375587506003854e-06 5.131456702872143e-07
vn -2.979105867090427e-07 6.873597491515703e-07 -1.4116799848371926e-07
vn -9.211409362313514e-06 2.5939981437989437e-06 7.208370956581237e-07
vn -5.096155526344968e-06 1.6179736681437453e-06 5.614362563715591e-07
vn -7.451342055142703e-06 2.7172461857871068e-06 -2.12037450534704e-08
vn -2.127450546841469e-05 3.974542057788863e-06 3.6552175797340215e-06
vn -2.8640577642911778e-05 2.0907127896465266e-06 1.3157685272189169e-05
vn -3.1486684178003046e-05 1.8984721226184797e-06 1.6366040538425368e-05
vn -2.4556561736757048e-05 1.3984202608051932e-06 1.1978040160761262e-05
vn -2.114744013798888e-05 2.3495151402113512e-06 6.994428020910132e-06
vn -3.4210398279112957e-05 2.2284759688990026e-06 1.2817734776533447e-05
vn -3.431385441771746e-05 1.8199126118617817e-06 1.7921967129464512e-05
vn -2.813403121140145e-05 3.203555435544401e-06 7.5472066233635765e-06
vn -1.2379844238044715e-05 2.0931763058798094e-06 3.2007149304592975e-06
vn -1.5297258766763333e-05 2.9780548045829885e-06 2.971196444681637e-06
vn -3.121508820735347e-05 1.6319462906008216e-06 1.5348473194505653e-05
vn -1.4148304243418633e-05 5.30761286414676e-06 8.744594446054184e-08
vn -1.5547608032754932e-05 4.0095605821716e-06 1.301715868868121e-06
vn -2.7637389249113e-05 4.332107231205164e-06 5.03178891623937e-06
vn -3.708681328513242e-05 3.4604817293587712e-06 9.380346361381586e-06
vn -1.531755664855886e-05 5.0193364259839175e-06 3.1273859371041745e-07
vn -1.850947098558271e-05 5.0079969634447756e-06 9.360163522246046e-07
vn -4.479062540634936e-05 3.7092510549796257e-06 8.993273993561536e-06
vn -3.27190923581543e-05 4.828543969972877e-06 4.186949035770593e-06
vn -3.718467694672853e-05 1.6183123345497806e-06 1.2762503913323672e-05
vn -1.0539488618365578e-05 4.991645363491144e-06 -6.407419144017753e-07
vn -3.589273899386376e-05 9.840178536036582e-07 1.598258109414884e-05
vn -2.8736439363775902e-05 8.871611420820053e-07 1.5426716106910252e-05
vn -1.664689394579787e-05 8.938161095259587e-07 9.147573216921644e-06
vn -5.284873132256542e-05 9.705591642968613e-07 1.635000562719248e-05
vn -3.3704217629069e-05 8.158517422981066e-07 1.761785445019209e-05
vn -2.8869108197790558e-05 1.2428190596953061e-07 1.5763826060849862e-05
vn -3.959363717475321e-05 2.9396145578120753e-07 1.4971173724709141e-05
vn -5.101968709486376e-05 2.4874471838419273e-06 1.2634666541711605e-05
vn -3.019798981955515e-05 1.9570395103590705e-07 1.4327789823698247e-05
vn -1.1805030129940589e-05 7.215663053907994e-06 1.8817458907002044e-06
vn -2.208286082343701e-05 1.445041927171304e-05 2.463679795697689e-06
vn -1.9261913317121233e-05 8.685960829082588e-06 1.554116251388516e-06
vn -2.7473925911646653e-05 6.6549840446639095e-06 2.761500112665739e-06
vn -2.628133616031919e-05 5.173601817023449e-06 2.486087446354616e-06
vn -2.16819191617012e-05 6.9922797562903584e-06 2.4101796746639857e-06
vn -1.9209862559823628e-05 3.031991711364251e-06 2.4334035911108794e-06
vn -9.16899031045853e-06 2.748467808094524e-06 9.551883793933565e-07
vn -1.9390704456407693e-05 4.112558237084569e-06 2.3036854145860315e-06
vn -1.6630854632948464e-05 1.7529602221064948e-06 2.3346686574771552e-06
vn -1.5034616341035506e-05 1.5578088350794186e-06 2.245869932747533e-06
vn -9.598685378466524e-06 1.2831369710084627e-06 1.2269539591287666e-06
vn -9.495398399487191e-06 6.420360355290314e-07 1.34051561967836e-06
vn -1.934828221167168e-05 8.724459337438261e-07 2.824553458750102e-06
vn -1.1677137460130196e-05 3.9673696792886395e-07 1.7156739802415217e-06
vn -1.9386040590940162e-05 2.133922480451946e-06 3.3264992807220297e-06
vn -2.7681780008222425e-05 2.7336949459088235e-06 4.597017078814661e-06
vn -3.4328486861661894e-05 1.9061553292662488e-06 7.196853691058618e-06
vn -1.1037342176610444e-05 4.77831740038315e-07 2.0096276295573963e-06
vn -1.5190239293143572e-05 1.0329456300804828e-06 2.6091107570797605e-06
vn -5.467024745442814e-05 4.2141033416506926e-07 1.767336912359003e-05
vn -2.7692711802376845e-05 -6.197510497547705e-08 1.216191966785704e-05
vn -4.086715897821364e-05 1.603828407675482e-07 1.5185680462222516e-05
vn -4.548689379999273e-05 6.490976417453071e-07 1.2808436954602912e-05
vn -1.6267382579711196e-05 2.3610422104376263e-07 3.4825643914349773e-06
vn -8.699455144459498e-06 1.9935393783645725e-07 1.9301252293620442e-06
vn 1.3212701097109044e-06 -2.949653773326111e-07 -2.5323402234642827e-06
vn 1.0509197333653506e-06 -1.205737520810416e-07 -2.5325533676151416e-06
vn 1.0950182693236093e-06 -1.3775417201772678e-08 -2.1326247557411757e-06
vn 6.642915286428585e-07 -3.511751760350995e-07 -2.976395615688077e-06
vn 4.5841895709200475e-07 -6.733596159371939e-08 -2.7555763922692576e-06
vn 7.647352659869861e-07 -6.074502293694947e-08 -2.66441555111383e-06
vn 2.287705500481249e-07 -2.6206659342672503e-07 -2.9231543829806534e-06
vn -3.5632035082951795e-08 -1.0536502901944226e-07 -2.810577729593693e-06
vn 1.83698633557427e-07 -1.359117535646056e-08 -2.5428733803237447e-06
vn 1.0263891716643125e-06 -3.2083773805685037e-07 -2.858173598690423e-06
vn -5.653141194639753e-07 -3.537863293121869e-07 -3.005811197162935e-06
vn -6.729036672920942e-07 -5.527425965066759e-08 -2.7109730574910466e-06
vn -3.587436505750285e-07 -4.8082666314686564e-08 -2.7840450065522527e-06
vn -1.10519441990922e-06 -9.08941754066419e-08 -2.3745053477676417e-06
vn -1.040767373300753e-06 -1.018868188492639e-09 -2.21954421819936e-06
vn -8.99243043593861e-07 3.945237762981263e-09 -2.444398318686427e-06
vn -8.627888583910719e-07 -2.4980974639656157e-07 -2.75167711177481e-06
vn -1.3742278822895455e-06 -8.92726839292835e-08 -2.207251244669619e-06
vn -1.4234878657423752e-06 5.74081460667941e-09 -1.992130906208095e-06
vn -1.2496572284012674e-06 -2.9586965132965863e-08 -2.184693005116331e-06
vn -1.6843152905718708e-06 -1.3581965943202777e-07 -1.7661103889992633e-06
vn -1.6867224145038898e-06 3.862796664902539e-08 -1.5926850669421504e-06
vn -1.5604498014816721e-06 2.6268496946636326e-08 -1.7851997958755736e-06
vn -1.547762716593487e-06 -1.2324439069982767e-07 -1.9906180250100595e-06
vn -1.8460001610804686e-07 -2.8812527460902234e-07 -3.057180431953104e-06
vn 1.750474950161874e-06 -2.0180670536347443e-07 -1.8958069731936418e-06
vn 1.630262554473106e-06 -1.3601410788493675e-07 -2.0445491640394316e-06
vn 1.5231373395514654e-06 0.0 -1.620855292260859e-06
vn 1.4208585889044363e-06 -1.1233220433696862e-07 -2.2521868160781424e-06
vn 1.7284943730377875e-06 -3.64599619741389e-07 -2.4239874477976834e-06
vn -1.8492557487616527e-06 -1.437156848964888e-07 -1.5862852640375222e-06
vn -1.8682726469717887e-06 3.804300783199261e-08 -1.4533582395843195e-06
vn -2.5670819703942095e-06 -9.658287588525812e-08 -7.217138991587199e-07
vn -2.401771867076832e-06 1.7612578448822686e-09 -6.81117470313759e-07
vn -2.4083301448492864e-06 -2.848611530436532e-08 -9.049335580467961e-07
vn -2.2498710802245577e-06 9.309353822582356e-09 -1.1224147436593133e-06
vn -2.453849115002365e-06 -1.0209141694629261e-07 -1.0318407485565587e-06
vn -2.0671098494508207e-06 3.0147903804591956e-08 -1.3058745291842933e-06
vn -2.270359857040478e-06 -1.3657870461250962e-07 -1.2540958254938153e-06
vn -2.593931431608263e-06 -1.6072700550856454e-09 -4.971349853155982e-07
vn -2.7369678082991046e-06 -1.4869997334191222e-07 -4.0383555903810106e-07
vn -2.6565614845511365e-06 3.282050260050006e-08 -2.175937644150495e-07
vn -2.784226506455103e-06 -1.9061315525792581e-07 -9.467325626285997e-08
vn -2.6731938445970907e-06 5.1476651279365677e-08 7.113706974462195e-08
vn -2.06285747194487e-06 -1.4831293231962982e-07 -1.436743805322906e-06
vn -2.7202780161068506e-06 -2.034402607250075e-07 5.280765219133166e-07
vn -2.5668587676742196e-06 4.6706935287553046e-08 6.355742636567714e-07
vn -2.6428456531599205e-06 5.749060231947741e-08 3.5890387943083903e-07
vn -2.44957490857376e-06 2.459558812396909e-08 8.920814313061007e-07
vn -2.6123586155999387e-06 -1.7372092617321733e-07 8.181623496257831e-07
vn -1.7159127490615979e-06 1.2162086261777258e-07 1.2632335778855225e-06
vn -1.85440591783206e-06 7.488310495445134e-08 1.1263190992022847e-06
vn -1.6004342992426393e-06 3.941464862580754e-08 1.0904420096071397e-06
vn -1.4951191854605567e-06 2.0731805523060352e-08 1.2038151770915758e-06
vn -1.5660881603751153e-06 1.0501665590295096e-07 1.3768817918109614e-06
vn -2.298265041595341e-06 -9.014129426857572e-08 1.21047853364694e-06
vn -2.2971081809303886e-06 -1.0342320129197517e-08 1.1207582958022196e-06
vn -1.380338694747727e-06 2.3260180865217218e-08 1.301943683257745e-06
vn -1.4260988976297998e-06 5.144424657669176e-08 1.4879803904476813e-06
vn -2.778621866816571e-06 -2.0965773663646943e-07 2.2027202103372814e-07
vn -2.461625844669359e-06 -1.25041854125542e-07 1.0799504325174482e-06
vn -1.4448234161993593e-06 -5.0219141089918096e-08 1.620994467487391e-06
vn -1.4427878921635956e-06 -1.3492168626938556e-09 9.286173967632048e-07
vn -4.037326563179754e-05 -2.2596461472417137e-06 2.5985326632016223e-05
vn -4.79498481532489e-05 -2.634825617406853e-06 3.284236839099999e-05
vn -3.5050575349918504e-05 -1.8431751287849772e-06 2.3208837976528108e-05
vn -3.163665787031769e-08 -6.181038339124867e-10 2.1312122366915355e-08
vn -2.2405156931754558e-05 -7.839935031716567e-07 1.7128920931162847e-05
vn -4.7453780291518425e-08 -8.818116294636909e-10 3.196744719474345e-08
vn -4.514486580142688e-05 -2.6424401890910665e-06 3.7186308001973785e-05
vn -5.7143093644472796e-05 1.0343285287977214e-07 4.3798036996421324e-05
vn -3.7879047177028886e-05 -7.15937391083168e-07 2.5518086732410383e-05
vn -5.04594651576219e-05 -2.1258344077382972e-06 4.862297326532271e-05
vn -3.5624282942085156e-05 -2.267359151596894e-06 3.294812091392768e-05
vn -4.920493027196904e-05 -2.3223080101019237e-06 5.9690793476818626e-05
vn -4.490097523669166e-05 -3.1091119505137318e-06 4.876104064910591e-05
vn -4.44490710823765e-05 -3.542208148266457e-06 5.870565606510285e-05
vn -4.200274750165273e-05 -2.3089023347131054e-06 6.419459782719935e-05
vn -3.764086507621032e-05 -3.4968260813370435e-06 6.24265146088934e-05
vn -3.429350224470977e-05 -2.28646493359527e-06 6.7407333932468e-05
vn -3.0472790021483652e-05 -3.427951232718252e-06 6.498548573509505e-05
vn -5.059754915872238e-05 -1.0123102684400362e-09 6.0286797210499165e-05
vn -5.411335011866491e-05 6.125419929935089e-07 3.645539188075669e-05
vn -5.711319512272757e-05 2.6936684189583397e-10 5.435377478359073e-05
vn -5.132140371606484e-05 2.125603405125868e-06 4.769455406396908e-05
vn -3.533012217128539e-05 -3.4248233860904497e-09 6.841329360922988e-05
vn -2.6373131639844966e-05 -2.255164972847369e-06 6.928834330794794e-05
vn -2.718260959718309e-05 -4.458241124560624e-09 7.042303706626332e-05
vn -4.3238661740915646e-05 -2.2501081090794872e-09 6.501827889419834e-05
vn -4.328982648134087e-05 2.311162964037368e-06 6.351253831543704e-05
vn -3.564644833677455e-05 2.289904302161646e-06 6.695607368300081e-05
vn -5.037437414933683e-05 2.3233235855682182e-06 5.879339635025033e-05
vn -2.319677083357978e-05 -3.3383662584136073e-06 6.63702217378957e-05
vn -1.604750964739363e-05 -3.2318182889741967e-06 6.663057678963983e-05
vn -1.8525609734233016e-05 -2.215121581228883e-06 6.987527440858736e-05
vn -5.19388875489972e-06 -3.0551832916132858e-06 6.500589847165574e-05
vn -1.0418153481092147e-05 -2.2785935364551404e-06 6.843961569090208e-05
vn -1.0070405183441476e-05 -3.0480527946738183e-06 6.394748020524361e-05
vn -3.021627077403747e-06 -2.0839385791955777e-06 6.758743896389883e-05
vn 9.276937730220068e-07 -3.032952913021754e-06 6.422091966979205e-05
vn 1.3796062508472189e-05 -3.2429058223742713e-06 6.650540029960717e-05
vn 1.0620911653463759e-05 -2.129459734488708e-06 6.923052301026284e-05
vn 7.1154995366132196e-06 -3.126937872565016e-06 6.544064062611343e-05
vn 2.0862998401149194e-05 -3.3447884524179597e-06 6.658635454110275e-05
vn 1.8128836764464894e-05 -2.1833739186947146e-06 6.988851766098526e-05
vn 3.3894788782983514e-05 -2.270204740885366e-06 6.754324346663879e-05
vn 2.8125328192595956e-05 -3.4289478790039743e-06 6.556917940582069e-05
vn 3.535661143161428e-05 -3.4918416827772675e-06 6.338648571703063e-05
vn 4.162181995321015e-05 -2.3021362948592e-06 6.439249014609312e-05
vn 4.230747879112995e-05 -3.530659756547712e-06 6.003041392605298e-05
vn 3.626750019001941e-06 -2.0787432723208395e-06 6.785993521323443e-05
vn 2.5969444198735847e-05 -2.230445866109457e-06 6.936169202398487e-05
vn -1.1335195982384713e-05 -6.101817435885651e-09 7.049755591286044e-05
vn -1.9095979597223697e-05 -5.377962596506167e-09 7.108232447510878e-05
vn -4.105123274080349e-06 -5.525959719769876e-09 6.904569455235598e-05
vn -1.9858261634916628e-05 2.2205231722481124e-06 6.987482113757227e-05
vn 2.7670595890283917e-06 4.284676212463714e-09 6.887099761345842e-05
vn 9.891673709840769e-06 6.2143127807507915e-09 7.025203291361537e-05
vn 2.560578653072625e-05 4.639899779517634e-09 7.065272303041425e-05
vn 3.3763980258186955e-05 3.637490421711198e-09 6.890964781193388e-05
vn 1.7563091674914426e-05 5.52743607476815e-09 7.10607341877442e-05
vn 4.174301543998269e-05 2.5175220667883457e-09 6.578162754611932e-05
vn 4.8854028892186424e-05 -2.3256356816139595e-06 5.9946922910635906e-05
vn 4.923207051338386e-05 1.2374755084098677e-09 6.130073239592917e-05
vn -2.7739963231275544e-05 2.2596428656886042e-06 6.906871407387038e-05
vn -5.663732206746412e-05 2.2513089344411423e-06 3.775093025441176e-05
vn -5.886534500724009e-05 2.1172982063103945e-06 4.365262403093468e-05
vn -4.796067263669948e-05 2.635248068781679e-06 3.2849121501718514e-05
vn -4.514486580142688e-05 2.6424401890910665e-06 3.718630800197378e-05
vn -4.44490710823765e-05 3.542208148266457e-06 5.870565606510287e-05
vn -3.0472790021483652e-05 3.427951232718252e-06 6.498548573509505e-05
vn -2.319677083357978e-05 3.3383662584136073e-06 6.63702217378957e-05
vn -1.1496461688994605e-05 2.2838464693333472e-06 6.86073250574191e-05
vn -3.764086507621032e-05 3.4968260813370435e-06 6.24265146088934e-05
vn -4.490097523669166e-05 3.109111950513732e-06 4.876104064910591e-05
vn -4.0393137425102505e-05 2.2604286486759837e-06 2.5998116656318503e-05
vn -3.562428294208515e-05 2.2673591515968946e-06 3.294812091392768e-05
vn -6.074255100593066e-06 -1.1481172643093873e-07 4.091944975661534e-06
vn -3.037127494395345e-06 -5.743403818530168e-08 2.0459712477182526e-06
vn -1.214859012563816e-05 -2.2971961501184766e-07 8.183888304100678e-06
vn -1.518569325842252e-06 -2.871710753919973e-08 1.0229846679928367e-06
vn -7.592819107025857e-07 -1.4332508574626928e-08 5.114940273893119e-07
vn -1.604750964739363e-05 3.2318182889741967e-06 6.663057678963982e-05
vn -1.0070405183441476e-05 3.0480527946738183e-06 6.394748020524361e-05
vn -4.177114247715968e-06 2.089488792973113e-06 6.787643536993197e-05
vn 2.4881390709959142e-06 2.0744397982820422e-06 6.762925567929611e-05
vn 9.381185786998022e-06 2.1232182415799036e-06 6.90001883885681e-05
vn 9.276937730220066e-07 3.032952913021754e-06 6.422091966979207e-05
vn -5.193888754899719e-06 3.055183291613286e-06 6.500589847165575e-05
vn 2.4605745745623077e-05 2.2257855217020093e-06 6.953752161018465e-05
vn 1.68077205094079e-05 2.177822181772919e-06 6.9848890582024e-05
vn 3.25351491681466e-05 2.2665519827091624e-06 6.79492875115565e-05
vn 4.0317935958903724e-05 2.2996077378606164e-06 6.503063565348885e-05
vn 1.3796062508472185e-05 3.2429058223742713e-06 6.650540029960717e-05
vn 7.1154995366132196e-06 3.126937872565016e-06 6.544064062611342e-05
vn 2.8125328192595956e-05 3.4289478790039747e-06 6.556917940582069e-05
vn 3.535661143161428e-05 3.4918416827772683e-06 6.338648571703063e-05
vn 2.0862998401149194e-05 3.3447884524179605e-06 6.658635454110275e-05
vn 4.230747879112995e-05 3.530659756547712e-06 6.003041392605297e-05
vn 4.765788213142136e-05 2.3243916162410074e-06 6.080458392146906e-05
vn -3.7964335467130365e-07 -7.213835154716508e-09 2.5574701404663045e-07
vn 4.872742162104383e-05 -3.543564163173411e-06 5.555949675329178e-05
vn 5.4384730101167606e-05 -3.5299519635473756e-06 5.009840106036192e-05
vn 5.53091483204942e-05 -2.3402222940684206e-06 5.432552980867976e-05
vn 5.593200197666606e-05 -4.418875743358104e-11 5.558555876748628e-05
vn 6.0743647941561825e-05 -2.345381675734104e-06 4.772204916022387e-05
vn 6.158354263397628e-05 -1.3125857886705871e-09 4.883482951902375e-05
vn 5.908600414802506e-05 -3.4902805249907583e-06 4.3829756767769845e-05
vn 6.72987124477231e-05 -2.4441722719283343e-06 3.176829067651752e-05
vn 6.269815659077049e-05 -3.275016677905039e-06 3.011674022665926e-05
vn 6.608529273609883e-05 -3.317334239675106e-06 2.5240224057034904e-05
vn 6.964831187339734e-05 -2.257600290879495e-06 2.3548756611198463e-05
vn 6.667005027862698e-05 -3.2637008817998065e-06 1.80312822304579e-05
vn 6.497637539443075e-05 -2.3405143413917274e-06 4.03886629960602e-05
vn 6.269452499862863e-05 -3.4264622809512486e-06 3.6979043022911486e-05
vn 6.980290376633802e-05 -2.185613708158566e-06 1.578605038875476e-05
vn 6.619523740800134e-05 -3.1891848314213536e-06 1.1093659501106653e-05
vn 6.599222428650251e-05 -2.554904543577481e-09 4.1310624550112306e-05
vn 5.989748697250635e-05 2.3466990305738995e-06 4.8925396798540826e-05
vn 6.43508158460705e-05 2.3430806190924466e-06 4.16970330747739e-05
vn 6.90437585933098e-05 -3.6841811386740093e-09 3.3313529318179746e-05
vn 5.426873277569425e-05 2.3402679472919364e-06 5.537570080687593e-05
vn 7.071115784024591e-05 -4.708865794326187e-09 2.5154062753277157e-05
vn 7.104839745561531e-05 -5.567420104403808e-09 1.7125360208364837e-05
vn 6.948474781163217e-05 2.26232754682336e-06 2.4911324642245574e-05
vn 6.98538884716986e-05 2.191207569599918e-06 1.71036062593577e-05
vn 6.881553794988704e-05 -2.1104537610038513e-06 8.421430751978823e-06
vn 7.017688654925853e-05 -6.260249427096554e-09 9.480823145909816e-06
vn 6.696179835321519e-05 2.4473450754176105e-06 3.293504646362155e-05
vn 6.745212432753114e-05 -2.0471929534310473e-06 1.6008378595909886e-06
vn 6.485539353072301e-05 -3.1007575958755352e-06 4.601227243733727e-06
vn 6.423118692845784e-05 -3.074868549021491e-06 -1.4790549093828758e-06
vn 6.558741156679159e-05 -3.1653894256207763e-06 -7.711543074764625e-06
vn 6.656325585155821e-05 -3.2682181000165226e-06 -1.4438750058380832e-05
vn 6.946353263672835e-05 -2.1271061166637965e-06 -1.2181677878072903e-05
vn 6.809028763685133e-05 -2.064713445197875e-06 -5.073120599108206e-06
vn 6.654133909629061e-05 -3.3543180579773625e-06 -2.1534976474360877e-05
vn 6.987803976059171e-05 -2.1877615801695095e-06 -1.9779861329544816e-05
vn 6.697521033482794e-05 -2.2921970119272157e-06 -3.556653148588801e-05
vn 6.541186837352355e-05 -3.4202071582225814e-06 -2.8804832858619467e-05
vn 6.311359439813795e-05 -3.4629213852354225e-06 -3.6018122494181254e-05
vn 6.354005618943804e-05 -2.3341734535761723e-06 -4.320970157240269e-05
vn 5.9645091856758984e-05 -3.4803928873346952e-06 -4.2925226269564256e-05
vn 5.507264616076342e-05 -3.4715405684480875e-06 -4.927649741415543e-05
vn 5.174282506038636e-05 -3.3715959367368023e-06 -4.964465938408922e-05
vn 5.53135865902164e-05 -2.728143493179031e-06 -5.2752288084449646e-05
vn 5.882950881353337e-05 -2.367890918728141e-06 -5.029493360413095e-05
vn 6.907959784547513e-05 -2.243081772857648e-06 -2.766061699521805e-05
vn 6.883440798748513e-05 -3.840669151471553e-09 2.3840690334405926e-06
vn 6.91068486058135e-05 5.809218902954513e-09 -4.492724527534537e-06
vn 7.055891580104414e-05 6.065432442048496e-09 -1.1754253232479417e-05
vn 7.034742896454777e-05 4.415082427367245e-09 -2.7636896851438307e-05
vn 6.826132850596222e-05 3.3476329872309023e-09 -3.5779309174812e-05
vn 6.0565386612778155e-05 -2.458366621055992e-07 -5.032101765865822e-05
vn 5.723052847804667e-05 3.1215827093944994e-10 -5.443200019493374e-05
vn 6.479038091061493e-05 2.175765561261104e-09 -4.366556963872887e-05
vn 7.10790879695985e-05 5.327233619408384e-09 -1.953942548082011e-05
vn 6.905550786200231e-05 2.116740675828606e-06 9.655762635997896e-06
vn 4.872742162104383e-05 3.543564163173411e-06 5.555949675329178e-05
vn 5.908600414802506e-05 3.4902805249907587e-06 4.3829756767769845e-05
vn 6.269452499862862e-05 3.4264622809512486e-06 3.6979043022911486e-05
vn 5.4384730101167606e-05 3.529951963547376e-06 5.0098401060361917e-05
vn 6.779121534281249e-05 2.058880204107394e-06 -3.9122038425051965e-06
vn 6.619523740800134e-05 3.1891848314213528e-06 1.1093659501106653e-05
vn 6.766026440263841e-05 2.0510496368309304e-06 2.7355323846987637e-06
vn 6.485539353072301e-05 3.1007575958755357e-06 4.601227243733727e-06
vn 6.423118692845782e-05 3.074868549021491e-06 -1.4790549093828758e-06
vn 6.667005027862698e-05 3.2637008817998065e-06 1.80312822304579e-05
vn 6.608529273609883e-05 3.317334239675106e-06 2.52402240570349e-05
vn 6.269815659077049e-05 3.275016677905039e-06 3.011674022665926e-05
vn 6.989000265234958e-05 2.1824101886611026e-06 -1.8444147498230767e-05
vn 6.927789419135572e-05 2.12101345622759e-06 -1.0918560285751857e-05
vn 6.558741156679159e-05 3.1653894256207763e-06 -7.711543074764625e-06
vn 6.656325585155821e-05 3.2682181000165226e-06 -1.4438750058380832e-05
vn 6.931187732717251e-05 2.238648227249523e-06 -2.6293242445157084e-05
vn 6.743934205209198e-05 2.288835236320282e-06 -3.421581953506584e-05
vn 6.423458038464317e-05 2.331987103067184e-06 -4.192782965497516e-05
vn 5.940041467953731e-05 2.206147717711364e-06 -4.990976778862399e-05
vn 6.541186837352356e-05 3.4202071582225823e-06 -2.8804832858619467e-05
vn 6.654133909629061e-05 3.3543180579773625e-06 -2.1534976474360877e-05
vn -1.8982099210772648e-07 -3.604717662260668e-09 1.278727865538311e-07
vn -9.490997499338516e-08 -1.7548034004773676e-09 6.39364063217993e-08
vn 6.311359439813795e-05 3.4629213852354225e-06 -3.6018122494181254e-05
vn 5.9645091856758984e-05 3.4803928873346952e-06 -4.292522626956426e-05
vn 5.506353439841856e-05 3.4711161264680814e-06 -4.9267182831210764e-05
vn 5.53133473267683e-05 2.7281352622269434e-06 -5.275215307215455e-05
vn 5.171738030361353e-05 3.3704531804879195e-06 -4.962024640798257e-05
vn -1.4785095830793802e-06 -9.421068120001818e-09 1.8387820294469064e-06
vn -1.2717198118594583e-06 -9.626073154586882e-08 2.1178197877934735e-06
vn -1.1290795110393644e-06 6.076109819669739e-08 2.1563473141021085e-06
vn -1.31687269663299e-06 2.991020348544585e-08 2.0081614038673198e-06
vn -9.186622883381446e-07 8.205209749531614e-08 2.2783359601211946e-06
vn -8.201163605610183e-07 -7.368835810539278e-08 2.3097306928688348e-06
vn -6.906297710437621e-07 9.693704825095977e-08 2.369964783997206e-06
vn -1.0521953681706636e-06 -9.009022065257283e-08 2.2302362486860743e-06
vn -4.5052926449553574e-07 9.758727821535597e-08 2.427973391760388e-06
vn -5.823288626480285e-07 -4.902835999223229e-08 2.3544048212055324e-06
vn -3.445297797601996e-07 -1.6994482511751156e-08 2.3650110106445808e-06
vn -2.0491532471623422e-07 8.183414884183175e-08 2.4507045818504656e-06
vn -1.4728696983689738e-06 -8.604104369213118e-08 1.9743818841296986e-06
vn 7.029083654718923e-08 7.762515497942479e-08 2.390912817854809e-06
vn -1.1343793335044916e-07 2.5590931885976526e-08 2.3450429468821566e-06
vn 6.00198691081655e-07 1.0463234749777728e-07 2.4087281087160124e-06
vn 3.5430793576120106e-07 9.848545992639805e-08 2.4482234655916055e-06
vn 4.880884184905779e-07 -3.668926211211005e-08 2.367435167214217e-06
vn 2.515066971027739e-07 2.4371006668115672e-11 2.3619711966825736e-06
vn 1.0608788719606933e-06 8.2428598418878e-08 2.2257429594365483e-06
vn 8.37924965821834e-07 9.918738964909038e-08 2.3338336242403816e-06
vn 9.659012913287225e-07 -8.460359015772018e-08 2.2744869432623047e-06
vn 1.441313145578774e-06 2.9687689022605858e-08 1.926034669624449e-06
vn 1.2636123355409275e-06 6.04790778230244e-08 2.0882401348600585e-06
vn 1.4058014702324193e-06 -1.0130151702657998e-07 2.044371312452446e-06
vn 1.1939319274483384e-06 -9.793687595324027e-08 2.1755523873459843e-06
vn 7.286175772181286e-07 -6.38481263226597e-08 2.3384255087038125e-06
vn 1.5908528562444075e-06 -8.971488451049666e-09 1.744586083220548e-06
vn 1.5958278481493974e-06 -8.817028249772373e-08 1.8836970052571244e-06
vn 6.116493115091932e-08 1.3447544301533514e-09 2.2267328391206095e-06
vn 1.7416553907754944e-06 -7.512508473033839e-08 1.6368138268007154e-06
vn 1.6209851308345996e-06 7.884967074977778e-10 1.5232593504309818e-06
vn 1.9745173137680797e-06 -8.545377835750992e-08 1.47296322508681e-06
vn 1.8389157194824795e-06 -8.765869054432632e-09 1.4786185903734897e-06
vn 2.1564351670464542e-06 6.107281472480552e-08 1.129126680773893e-06
vn 2.0082740073074596e-06 3.0351034765261157e-08 1.3169383479540254e-06
vn 2.117927305368771e-06 -9.588195533798246e-08 1.2717825388879644e-06
vn 2.3700037356958383e-06 9.694567188166492e-08 6.906425687122737e-07
vn 2.2784038591793213e-06 8.229603301969177e-08 9.186929165840692e-07
vn 2.3097951424571257e-06 -7.355618675028016e-08 8.201417860407945e-07
vn 2.4507176381053225e-06 8.176581453542445e-08 2.0491193012758816e-07
vn 2.4279944388828377e-06 9.755221609987797e-08 4.505330795472604e-07
vn 2.365033830694637e-06 -1.70280400075578e-08 3.445321784059716e-07
vn 2.2303275314757836e-06 -8.97860307710626e-08 1.0522387658762092e-06
vn 2.3544428970073268e-06 -4.9075468526250524e-08 5.823360284289227e-07
vn 2.39091472544373e-06 7.753077199043536e-08 -7.029083654718923e-08
vn 2.345052472614064e-06 2.5527061059847507e-08 1.13436682753885e-07
vn 2.4482227204813307e-06 9.82427937172021e-08 -3.5431041952598394e-07
vn 2.3619755430308374e-06 -1.5263850698472226e-10 -2.5151037726793277e-07
vn 2.0881635412156266e-06 5.966867130361867e-08 -1.2635727173537518e-06
vn 2.2256873866225878e-06 8.17269421752052e-08 -1.0608648723936064e-06
vn 2.1754905021555553e-06 -9.869286843265593e-08 -1.19391598106764e-06
vn 1.7444710456849548e-06 -9.864618386630321e-09 -1.5907502203735935e-06
vn 1.925939443063279e-06 2.8812200511350092e-08 -1.441253341605884e-06
vn 1.8835946238362739e-06 -8.905774735276564e-08 -1.5957581794516393e-06
vn 2.0442905727899228e-06 -1.0213398894698624e-07 -1.4057638821249223e-06
vn 2.3337975921899426e-06 9.866296517534338e-08 -8.379203850094522e-07
vn 2.274448193584444e-06 -8.52050701537324e-08 -9.659063137165885e-07
vn 2.2267361774012205e-06 1.3403344310019996e-09 -6.116874632876058e-08
vn 2.3674360202657585e-06 -3.6920215949287375e-08 -4.881031493036008e-07
vn 2.3384069911134393e-06 -6.423543095776211e-08 -7.286273374262806e-07
vn 2.408713177953592e-06 1.0434048799120729e-07 -6.002057363678289e-07
vn 0.0 0.00010402290364828465 0.0
vn 0.0 2.392405571556045e-06 0.0
vn 0.0 3.2973720995832045e-05 0.0
vn 0.0 2.058740775675089e-06 0.0
vn 0.0 6.354149441019659e-06 0.0
vn 0.0 6.28440376129154e-05 0.0
vn 0.0 0.0001534482164724888 0.0
vn 0.0 0.0008998040274832108 0.0
vn 0.0 2.627882185433027e-06 0.0
vn 0.0 0.00021082038558183967 0.0
vn 0.0 2.713168509298161e-06 0.0
vn 0.0 1.6416338974782458e-05 0.0
vn 0.0 2.3924534935203714e-06 0.0
vn 0.0 2.6277916563881836e-06 0.0
vn 0.0 0.0011182148221803002 0.0
vn 0.0 2.058635569974606e-06 0.0
vn 0.0 1.7840734117552398e-06 0.0
vn 0.0 0.001025608119315269 0.0
vn 0.0 2.6278833412044508e-06 0.0
vn 0.0 0.00010402297308900627 0.0
vn 0.0 3.297367745499579e-05 0.0
vn 0.0 2.392289088353018e-06 0.0
vn 0.0 6.284409631690696e-05 0.0
vn 0.0 2.058609647423186e-06 0.0
vn 0.0 6.354063751127377e-06 0.0
vn 0.0 1.6416339876972188e-05 0.0
vn 0.0 1.7839542289388528e-06 0.0
vn 0.0 0.00015344849220690792 0.0
vn 0.0 2.05870640463013e-06 0.0
vn 0.0 2.3924207957712035e-06 0.0
vn 0.0 2.6280778264058e-06 0.0
vn 0.0 0.0011182148592942625 0.0
vn 0.0 2.7133207281666755e-06 0.0
vn 0.0 0.0010256081053059184 0.0
vn 0.0 2.6277772598933185e-06 0.0
vn 0.0 0.0001534483379307011 0.0
vn 0.0 0.00021082039945932515 0.0
vn 0.0 6.284402999831432e-05 0.0
vn 0.0 0.00010402290011779032 0.0
vn 0.0 2.0587180371412313e-06 0.0
vn 0.0 1.6416336755644278e-05 0.0
vn 0.0 2.392365003260896e-06 0.0
vn 0.0 3.297371023846448e-05 0.0
vn 0.0 6.3540719059632365e-06 0.0
vn 0.0 2.0586324605210647e-06 0.0
vn 0.0 2.6278552494279258e-06 0.0
vn 0.0 2.3924423043770706e-06 0.0
vn 0.0 1.7839757377484448e-06 0.0
vn 0.0 0.0008998040687179848 0.0
vn 0.0 2.05868606075967e-06 0.0
vn 0.0 6.284406860107047e-05 0.0
vn 0.0 1.6416275553579022e-05 0.0
vn 0.0 6.354101382810585e-06 0.0
vn 0.0 1.7840246196736112e-06 0.0
vn 0.0 3.2973625639217975e-05 0.0
vn 0.0 2.627943370538023e-06 0.0
vn 0.0 0.0001534483502005192 0.0
vn 0.0 0.00010402299430869544 0.0
vn 0.0 2.392515271979771e-06 0.0
vn 0.0 2.627809400937091e-06 0.0
vn 0.0 2.058580075309287e-06 0.0
vn 0.0 2.392380453492783e-06 0.0
vn 0.0 2.7131685407885084e-06 0.0
vn 0.0 2.71316479730796e-06 0.0
vn -1.4785095830793802e-06 1.0271543885066564e-08 1.8387718562602115e-06
vn -1.4448132430126644e-06 5.072593948676135e-08 1.6209057700158946e-06
vn -1.4334135308161718e-06 -5.492458530179285e-08 1.4944519106185622e-06
vn -8.202130111121151e-07 7.571274907063043e-08 2.3096390340630004e-06
vn -9.187284172336806e-07 -8.072484690657334e-08 2.2783239570995016e-06
vn -6.906501185619027e-07 -9.405110091555078e-08 2.3699309092237634e-06
vn -1.2717554190994336e-06 9.743846227616085e-08 2.117713124724e-06
vn -1.3169184766522066e-06 -2.926229884941513e-08 2.0081332664196045e-06
vn -1.1290845977879323e-06 -5.90349680309529e-08 2.15632030553651e-06
vn -1.0521648481449176e-06 9.175852604220746e-08 2.230315901233494e-06
vn -5.822525609344465e-07 5.175015994354926e-08 2.3544626030671304e-06
vn -4.5057504684305886e-07 -9.556432056479169e-08 2.427989367265232e-06
vn -2.0493567242840034e-07 -7.834574382443163e-08 2.4506767625743437e-06
vn -3.4465186564514513e-07 1.9416272699640037e-08 2.3649692021120113e-06
vn -1.472879871361643e-06 8.694982956913186e-08 1.9744604065288137e-06
vn 1.4058421654627262e-06 1.0244388563180552e-07 2.0442962806215677e-06
vn 1.2636326831560808e-06 -5.8749886882324936e-08 2.0882782866384708e-06
vn 1.441389449135599e-06 -2.906099090435274e-08 1.926070277950967e-06
vn 8.379198789180457e-07 -9.630490462118724e-08 2.33384952081472e-06
vn 7.285310998537269e-07 6.643817382246255e-08 2.3385100784792937e-06
vn 6.002190386968084e-07 -1.0261807246168702e-07 2.4087773880964616e-06
vn 4.881952434701329e-07 3.9110602587568184e-08 2.3673998768191854e-06
vn 3.542926750498361e-07 -9.492038915496848e-08 2.4482142455784892e-06
vn 9.65982681789336e-07 8.665154277203283e-08 2.2744182700611623e-06
vn 1.0609399148061533e-06 -8.103522054440531e-08 2.225787469844696e-06
vn 1.1939115798331851e-06 9.959344021839099e-08 2.175665570955275e-06
vn 1.5908986383785024e-06 9.786380103985892e-09 1.7446401315732988e-06
vn 1.5958634564759157e-06 8.901504314305986e-08 1.8838076454145205e-06
vn 7.027557583582422e-08 -7.489214013761166e-08 2.3909428623803086e-06
vn -1.133361958373566e-07 -2.2287238372146598e-08 2.3450569354370804e-06
vn 2.513846114118539e-07 3.1918356083959406e-09 2.3619972670644888e-06
vn 6.116493115091932e-08 -1.9428266777364295e-10 2.2267328391206095e-06
vn 1.7415981631078758e-06 7.584038750917596e-08 1.6367623218998587e-06
vn 1.620870675499362e-06 -7.884451937125901e-10 1.523156340629268e-06
vn 1.8389157194824795e-06 9.5561419300675e-09 1.4786185903734897e-06
vn 2.008268920403671e-06 -2.986344928332129e-08 1.3169834942251468e-06
vn 1.974603791132481e-06 8.624407249834524e-08 1.4729753064833074e-06
vn 2.2304190957439734e-06 9.097723436667017e-08 1.052205701001585e-06
vn 2.1564351670464542e-06 -5.970710749439078e-08 1.129126680773893e-06
vn 2.278419119890686e-06 -8.15275291516203e-08 9.187412421700585e-07
vn 2.117835741100581e-06 9.678650286255647e-08 1.2718156037625884e-06
vn 2.3700037356958383e-06 -9.496641455830412e-08 6.906425687122735e-07
vn 2.4280453079207214e-06 -9.660957266655053e-08 4.5056614442188454e-07
vn 2.354519200564152e-06 5.074738168738082e-08 5.822546379683093e-07
vn 2.309718838900301e-06 7.483066161261903e-08 8.202231765014077e-07
vn 2.4507176381053225e-06 -7.940053786044411e-08 2.0491193012758816e-07
vn 2.3650083961756956e-06 1.8328275487587973e-08 3.4464663374120907e-07
vn 2.3909605075778248e-06 -7.599850092255192e-08 -7.029274413610986e-08
vn 2.3450779071330056e-06 -2.3399645357172612e-08 1.1332222741864751e-07
vn 2.3674004119392404e-06 3.8300989264033126e-08 -4.882150611869441e-07
vn 2.4482227204813307e-06 -9.588403350689518e-08 -3.5431041952598394e-07
vn 2.4087589594280003e-06 -1.0336471228847882e-07 -6.002400730023545e-07
vn 2.1755871489037515e-06 9.990653009818114e-08 -1.1938886402112424e-06
vn 2.225702645878761e-06 -8.09290787870365e-08 -1.060915104731781e-06
vn 2.088163541215626e-06 -5.8271055367757215e-08 -1.2635727173537515e-06
vn 2.3337975921899426e-06 -9.666216379764802e-08 -8.37920385009452e-07
vn 2.338488379711407e-06 6.589945666964859e-08 -7.285497639188425e-07
vn 2.2743668040551533e-06 8.653126547689382e-08 -9.659838881116937e-07
vn 1.9259267251053158e-06 -2.8322259190526264e-08 -1.441297849714829e-06
vn 1.7444710456849548e-06 1.063890753407236e-08 -1.5907502203735935e-06
vn 1.8836785510257958e-06 8.983203650020768e-08 -1.595775346376769e-06
vn 2.3620111510857196e-06 2.2102290690969524e-09 -2.5139846623830196e-07
vn 2.0441939249357815e-06 1.0307051716048776e-07 -1.405791223294186e-06
vn 2.2267361774012205e-06 -1.3403344310020128e-09 -6.116874632876058e-08
vn -2.886448360437259e-06 2.0391092506368915e-07 2.297057564067519e-07
vn -2.587138529762729e-06 9.867945692064603e-12 1.88222034670083e-07
vn -2.7713015840134973e-06 5.3904239435896294e-08 3.0482619243031626e-07
vn -2.950360695248721e-06 2.622756554066341e-07 4.684099262308122e-07
vn -2.706656821262069e-06 1.4250782624426784e-08 6.141848112890365e-07
vn -2.862941491513834e-06 3.1121156286470935e-07 8.213163486502802e-07
vn -2.598748873734412e-06 2.1934240423725615e-08 9.085591656365501e-07
vn -2.729218975859212e-06 2.783716117052695e-07 1.1572164364281589e-06
vn -2.4529745793894144e-06 7.732108735099161e-08 1.1806971763545484e-06
vn -2.513592864019055e-06 2.3733555675901027e-07 1.3006949210166325e-06
vn -1.8768798359709138e-06 -6.343057944819871e-08 1.132433262401762e-06
vn -1.5042910824221055e-06 -2.436838676042406e-08 1.209340716482872e-06
vn -1.7356040872306912e-06 -1.2430498286455341e-07 1.2727963232655573e-06
vn -1.582584674748243e-06 -1.108420988153447e-07 1.3889674088588352e-06
vn -1.6109542278423776e-06 -4.575533130784584e-08 1.0944795905502628e-06
vn -1.3876636965045274e-06 -2.5441632878932174e-08 1.3085040743710945e-06
vn -1.4427882013045122e-06 -2.0552443139114815e-08 9.286175812560416e-07
vn 0.0 -7.12210504714213e-06 0.0
vn 0.0 -6.952907964653859e-06 0.0
vn 0.0 -7.1664523941959185e-06 0.0
vn 0.0 -7.046229103625428e-06 0.0
vn 0.0 -7.150529558091079e-06 0.0
vn 0.0 -7.207055140087603e-06 0.0
vn 0.0 -7.904242357106564e-06 0.0
vn 0.0 -7.633773356461736e-06 0.0
vn 0.0 -7.030167384338896e-06 0.0
vn 0.0 -6.827771979282634e-06 0.0
vn 0.0 -7.323651916436642e-06 0.0
vn 0.0 -7.305529174159519e-06 0.0
vn 0.0 -7.288322606349536e-06 0.0
vn 0.0 -7.309766558748175e-06 0.0
vn 0.0 -7.36233790936732e-06 0.0
vn 0.0 -7.329354314453981e-06 0.0
vn 0.0 -7.2497483125337774e-06 0.0
vn 0.0 -7.278194883451013e-06 0.0
vn 0.0 -6.432946433899215e-06 0.0
vn 0.0 -5.5816300871938965e-06 0.0
vn 0.0 -6.068536674042182e-06 0.0
vn 0.0 -6.6698288820039756e-06 0.0
vn 0.0 -6.001868959548268e-06 0.0
vn 0.0 -6.14798253490435e-06 0.0
vn 0.0 -6.713543245006301e-06 0.0
vn 0.0 -6.140866758470297e-06 0.0
vn 0.0 -6.7075169206606706e-06 0.0
vn 0.0 -6.100225620834244e-06 0.0
vn 0.0 -6.559057395131924e-06 0.0
vn 0.0 -5.8567360046354085e-06 0.0
vn 0.0 -7.156335890010194e-06 0.0
vn 0.0 -6.283849173748815e-06 0.0
vn 0.0 -5.975270474289274e-06 0.0
vn 0.0 -6.609037167370234e-06 0.0
vn 0.0 -5.288375889045934e-06 0.0
vn 0.0 -7.350254655249965e-06 0.0
vn 0.0 -7.335714145168776e-06 0.0
vn 0.0 -7.309713938358025e-06 0.0
vn 0.0 -7.2925851334292725e-06 0.0
vn 0.0 -7.27081468188953e-06 0.0
vn 0.0 -7.257225210416985e-06 0.0
vn 0.0 -7.210044989292078e-06 0.0
vn 0.0 -7.241327656113574e-06 0.0
vn 0.0 -7.087084709246882e-06 0.0
vn 0.0 -7.186032114605006e-06 0.0
vn 0.0 -6.965938725105827e-06 0.0
vn 0.0 -7.111481726282354e-06 0.0
vn 0.0 -6.849586010242555e-06 0.0
vn 0.0 -7.080718855590813e-06 0.0
vn 0.0 -6.760474806909183e-06 0.0
vn 0.0 -7.03479183139936e-06 0.0
vn 0.0 -7.022310626367696e-06 0.0
vn 0.0 -6.80817302430539e-06 0.0
vn 0.0 -7.095984912165822e-06 0.0
vn 0.0 -6.946350062640995e-06 0.0
vn 0.0 -7.183784246867777e-06 0.0
vn 0.0 -7.07105673244012e-06 0.0
vn 0.0 -7.226773773480709e-06 0.0
vn 0.0 -7.2516216139568505e-06 0.0
vn 0.0 -7.147111639074983e-06 0.0
vn 0.0 -7.228786150927471e-06 0.0
vn 0.0 -7.3088061957564325e-06 0.0
vn 0.0 -7.310032074939507e-06 0.0
vn 0.0 -7.333769578935526e-06 0.0
vn 0.0 -7.331025187424709e-06 0.0
vn 0.0 -7.3140239024352134e-06 0.0
vn 0.0 -7.341485524994603e-06 0.0
vn 0.0 -7.280157199142018e-06 0.0
vn 0.0 -7.3225713115400206e-06 0.0
vn 0.0 -6.6293936417934595e-06 0.0
vn 0.0 -6.093429757988972e-06 0.0
vn 0.0 -6.365762732618476e-06 0.0
vn 0.0 -5.605206805962188e-06 0.0
vn 0.0 -6.621672484945579e-06 0.0
vn 0.0 -6.051982859899114e-06 0.0
vn 0.0 -6.603820984667295e-06 0.0
vn 0.0 -6.024820781825249e-06 0.0
vn 0.0 -6.248369872416564e-06 0.0
vn 0.0 -5.969365333206549e-06 0.0
vn 0.0 -5.85602839894977e-06 0.0
vn 0.0 -5.351045490491706e-06 0.0
vn 0.0 -6.5009864507728564e-06 0.0
vn 0.0 -5.799045765173428e-06 0.0
vn 0.0 -6.478877305816297e-06 0.0
vn 0.0 -7.106859242576181e-06 0.0
vn 0.0 -7.832675663619056e-06 0.0
vn 0.0 -7.83287060198649e-06 0.0
vn 0.0 -8.548480750931945e-06 0.0
vn 0.0 -6.456280354234746e-06 0.0
vn 0.0 -7.142455142330104e-06 0.0
vn 0.0 -6.533968697773689e-06 0.0
vn 0.0 -5.839547333044111e-06 0.0
vn 0.0 -6.518571085101027e-06 0.0
vn 0.0 -5.8773213681874205e-06 0.0
vn 0.0 -6.312727776843297e-06 0.0
vn 0.0 -5.9485818797112215e-06 0.0
vn 0.0 -6.638584079754565e-06 0.0
vn 0.0 -6.040248552998039e-06 0.0
vn 0.0 -5.4740717506900236e-06 0.0
vn 0.0 -6.060632134474442e-06 0.0
vn 0.0 -6.080093517746926e-06 0.0
vn 0.0 -6.619978206996864e-06 0.0
vn 0.0 -6.371144876594637e-06 0.0
vn 0.0 -6.806986092065956e-06 0.0
vn 0.0 -6.971657278539721e-06 0.0
vn 0.0 -6.955621482600115e-06 0.0
vn 0.0 -7.094526292057431e-06 0.0
vn 0.0 -7.05282852003297e-06 0.0
vn 0.0 -6.925290296644261e-06 0.0
vn 0.0 -6.864660932544261e-06 0.0
vn 0.0 -6.987884933180995e-06 0.0
vn 0.0 -6.77349856953848e-06 0.0
vn 0.0 -7.049291674306337e-06 0.0
vn 0.0 -7.3039725197837475e-06 0.0
vn 0.0 -7.193683102247109e-06 0.0
vn 0.0 -7.244773699890541e-06 0.0
vn 0.0 -7.23666385214863e-06 0.0
vn 0.0 -7.170650867236044e-06 0.0
vn 0.0 -7.1061015514539654e-06 0.0
vn 0.0 -7.13207931175084e-06 0.0
vn 0.0 -7.4368526742682655e-06 0.0
vn 0.0 -7.237887359722789e-06 0.0
vn 0.0 -7.231118125696507e-06 0.0
vn 0.0 -7.330158918794391e-06 0.0
vn 0.0 -6.976013352678447e-06 0.0
vn 0.0 -7.35931301173587e-06 0.0
vn 0.0 -5.626093415181606e-06 0.0
vn 0.0 -7.212414119081745e-06 0.0
vn 0.0 -7.0953984334107995e-06 0.0
vn 0.0 -7.099666627608342e-06 0.0
vn 0.0 -6.9728353613560615e-06 0.0
vn 0.0 -7.176839301378208e-06 0.0
vn 0.0 -7.215626990591549e-06 0.0
vn 0.0 -7.2892610616248485e-06 0.0
vn 0.0 -7.219636987261089e-06 0.0
vn -4.944770017029413e-06 -4.854683168679226e-06 2.0076118016917057e-06
vn -3.3466664590383452e-06 -3.91346146202813e-06 1.5894003727052028e-06
vn -1.8462586369672332e-06 -3.847819149987407e-06 2.3892772901834933e-06
vn -6.3013250105147995e-06 -3.9415590245989075e-06 1.3080302953777743e-06
vn -5.5007235461485215e-06 -4.535763802166388e-06 1.5402782257915252e-06
vn -5.544183626078712e-06 -2.199876408026595e-06 6.928057669000177e-07
vn -6.167867650789711e-06 -2.812229051616983e-06 9.72892697664692e-07
vn -8.984147584684415e-07 -4.319921762456175e-06 2.9933858570413062e-06
vn -1.9144957352011592e-06 -4.234334136813869e-06 2.288844858615222e-06
vn -1.2559109635125233e-06 -4.844406851265895e-06 3.265020829902707e-06
vn -3.1475238533608246e-07 -4.44937641803011e-06 3.644929622699767e-06
vn -2.7306433108262467e-06 -4.770415508905283e-06 1.7308413415929895e-06
vn -3.1028446384206235e-06 -8.930505761794302e-07 3.599487666445015e-07
vn -2.040040093198294e-06 -3.8684597079792943e-07 2.401845448798305e-07
vn -2.221985760588073e-06 -4.714892993295303e-07 2.6213762773878956e-07
vn -4.404322544341978e-06 -1.4193108683092193e-06 5.674176918427951e-07
vn -1.9628900212858346e-06 -2.8432508061437195e-07 2.2994971948457522e-07
vn -1.8192833661346368e-06 -2.2242543545619228e-07 2.1494720743806978e-07
vn -3.071400081759662e-06 -3.528210790151086e-06 1.2142505469619505e-06
vn -1.7720812352753405e-06 -1.3818116855759005e-07 2.0762999708269943e-07
vn -1.688166141772379e-06 -9.331934551575461e-08 1.993338013367376e-07
vn -4.404298656517149e-06 1.4193021041361033e-06 5.674211529658354e-07
vn -3.1028157640808283e-06 8.930422211285991e-07 3.599582313153539e-07
vn -5.544193721461158e-06 2.199881424867755e-06 6.928160988275074e-07
vn -1.9144818408529184e-06 4.2343216975736155e-06 2.2888383461364087e-06
vn -1.8462296478419197e-06 3.84778102618748e-06 2.3892654540437857e-06
vn -8.984005840139958e-07 4.319913449673811e-06 2.9933997265967195e-06
vn -3.346656864098251e-06 3.913452099796464e-06 1.5893997521248945e-06
vn -4.944768411011987e-06 4.854670714751237e-06 2.007603405374065e-06
vn -5.500710985181485e-06 4.535760454345176e-06 1.5402845360710016e-06
vn -6.301303626808034e-06 3.941543602710513e-06 1.308032149730327e-06
vn -1.819315232688032e-06 2.224264509083359e-07 2.1495060728207993e-07
vn -1.7720926083550527e-06 1.3818036408883468e-07 2.0763029436321828e-07
vn -1.6881596493737015e-06 9.331642446102692e-08 1.9933884152418773e-07
vn -1.6388008333901392e-06 -1.2053061490377382e-12 1.936415674447753e-07
vn -1.683148195779222e-06 -7.181661885762025e-13 1.9728798783216762e-07
vn -6.167882078927719e-06 2.8122309357215357e-06 9.728899814536565e-07
vn -2.0400856221872475e-06 3.8685287589578933e-07 2.4018510163130943e-07
vn -1.962939787552799e-06 2.8432950276720697e-07 2.2994738414812918e-07
vn -2.2220001176351176e-06 4.7149162814065435e-07 2.621359043401471e-07
vn -3.147884085328927e-07 4.449401468456064e-06 3.6448924926405237e-06
vn -2.9355715640618267e-06 -4.158655674687213e-06 1.4589734660229167e-06
vn -6.46410750070486e-06 -3.770935943941994e-06 1.2294907380436047e-06
vn -6.4640287918326345e-06 3.770896589505881e-06 1.2294863265136691e-06
vn -3.0714033495865632e-06 3.5282214758659853e-06 1.2142628752110974e-06
vn -1.2558878470071835e-06 4.844395592593532e-06 3.26498870924435e-06
vn -2.7305769664847343e-06 4.7703712793442755e-06 1.7308514805099208e-06
vn -2.9355715640618267e-06 4.1586491092989955e-06 1.4589676346788478e-06
vn 7.101985027822923e-07 -2.1972065288127432e-06 2.663922160847928e-06
vn 8.354822312349901e-07 -3.6174611477198487e-06 4.016056411574358e-06
vn -5.411826712565414e-07 -3.092915564463348e-06 2.0303682896618666e-06
vn -8.381219940676236e-07 -1.8876672336582973e-06 6.551158318521025e-07
vn 8.896411461694077e-08 -1.5731731688090616e-06 1.48456438528935e-06
vn -1.6988398457473627e-06 -3.971324871102216e-06 1.5531596107179244e-06
vn 1.2265776569416394e-06 -1.7275214267175627e-06 2.8437613644920624e-06
vn 6.808252902860672e-07 -1.378445712335228e-06 2.0203447508971475e-06
vn 9.175602877391278e-07 -9.296843080855915e-07 2.1138489326021447e-06
vn 8.689035433956003e-07 -1.061724759409438e-06 2.0183338462377392e-06
vn -1.0656007031828758e-07 -2.105021558765726e-06 1.5267767068638588e-06
vn 7.284248897702589e-07 -1.2868641044621705e-06 2.085944359332068e-06
vn 8.329410570262143e-08 -2.0730787913449465e-06 1.6505008670763668e-06
vn 9.119726969320716e-07 -8.204353571268191e-07 2.1740104905569432e-06
vn 2.077165805090588e-07 -2.049180279828548e-06 1.7216470063648622e-06
vn -8.57502211760934e-07 -2.6364189557053283e-06 1.089278181022491e-06
vn -1.4487174507409048e-06 -3.518942104715375e-06 1.374980149798451e-06
vn -5.524311278074089e-07 -2.3268754696693017e-06 9.688299161889576e-07
vn -9.171639128749995e-07 -2.2822261751334214e-06 6.063427443034767e-07
vn -3.964668419522838e-07 -2.391095481530213e-06 1.0147908436467329e-06
vn -7.65924974460473e-07 -2.394572315423773e-06 6.32435296648143e-07
vn -5.960821738004473e-07 -2.460591262071664e-06 6.443854332120267e-07
vn -2.3829365690831835e-07 -2.415115721800844e-06 1.0376811551059716e-06
vn 3.069409683188205e-07 -2.006118987279873e-06 1.7567974239303087e-06
vn 7.378788298452757e-07 -1.2074925465023377e-06 2.1201738359282605e-06
vn 8.690928756856673e-07 -7.387398255958867e-07 2.2053704882138726e-06
vn 3.86474161664516e-07 -1.9533566876521204e-06 1.7633050007520988e-06
vn 7.223455776325368e-07 -1.1445559974326076e-06 2.1282378503718408e-06
vn 8.067388084754527e-07 -6.840142596323249e-07 2.2111852331770614e-06
vn 7.138595072912653e-07 -1.0132579396319286e-06 2.1335916838138502e-06
vn 7.62446498894866e-07 -6.551819286027862e-07 2.2066305633010543e-06
vn 5.013898581732951e-07 -1.7796667178223908e-06 1.841081084091624e-06
vn 6.666972075113501e-07 -1.2348618245984777e-06 2.090373774555403e-06
vn -8.218725301924398e-08 -2.407858434940238e-06 1.0422766583335076e-06
vn -4.16504641436168e-07 -2.4893551775265383e-06 6.458244944537048e-07
vn -2.330588768053214e-07 -2.4873164305056054e-06 6.393879622832682e-07
vn 1.0983160945317622e-07 -2.3479493415443577e-06 1.0901897083485256e-06
vn 4.315537852407274e-07 -1.985638478860963e-06 1.640272515585228e-06
vn 1.1970006761939514e-07 -2.3741601453996384e-06 8.96113592521426e-07
vn -4.922952118849147e-08 -2.4628685395250686e-06 6.282643117909366e-07
vn 1.4791703616505174e-08 -2.4405322680178833e-06 6.415654281242687e-07
vn 2.7655847107370356e-06 -2.90704141066087e-07 1.9391168459633198e-06
vn 2.7232281456803135e-06 -5.202056797168301e-07 1.9051542103360278e-06
vn 2.8911348600667216e-06 -5.552999619539753e-07 1.319295521408793e-06
vn 2.7185530743402226e-06 -1.2253504351114254e-07 1.8790118119429716e-06
vn 2.766139518922805e-06 -1.26838603115209e-07 1.9306077564930727e-06
vn 2.9996201609683525e-06 -2.710348971329633e-07 1.2709165041967502e-06
vn 3.153003059130703e-06 -5.831480523550545e-07 8.007780273567951e-07
vn 3.723251792726092e-06 -1.2601567909121941e-06 1.7078375962448336e-06
vn 2.106571280756854e-06 -1.0976320652311786e-06 7.170967462510048e-07
vn 2.0406889129995093e-06 -1.141120657847231e-06 7.005285666971781e-07
vn 2.557066977664829e-06 -1.3446587408242578e-06 9.113682771354314e-07
vn 4.352714174740192e-06 -1.9458373084551573e-06 1.4841169393467088e-06
vn 2.6477159689862834e-06 -6.855785026485122e-07 1.801899435617796e-06
vn 1.2291197777841203e-06 -5.197821976491533e-07 2.4166961911205924e-07
vn 2.630423953275114e-06 -1.6814918563290566e-06 8.219527295162267e-07
vn 8.327053409579104e-07 -6.283272993419138e-07 2.1196927944926404e-07
vn 2.4788384286814587e-06 -1.5753330758177171e-06 9.959971261953197e-07
vn 1.9205406984734695e-06 -1.1283209467512198e-06 6.353847255929023e-07
vn 2.130033965016784e-06 -1.1369917854649517e-06 9.266860023276357e-07
vn 3.2058153742522425e-06 -1.6135275214489507e-07 8.023332738152091e-07
vn 3.2191565747533183e-06 -1.6235090608572704e-07 8.036566803675891e-07
vn 3.019443027062846e-06 -8.655026558844973e-07 7.731810540655796e-07
vn 3.215114771923673e-06 -3.241716760704374e-07 8.090638008308209e-07
vn 3.818354537670044e-06 -1.3669404969461455e-06 1.929276170562864e-06
vn 4.585859461228951e-06 -2.786437340835425e-06 1.5635441400285164e-06
vn 6.714381691754492e-06 -2.7168345680231596e-06 3.1753441938293016e-06
vn 3.4556020286133337e-06 -2.337159950431365e-06 1.1125802287467845e-06
vn 1.8854135212989825e-06 -1.6733579678065147e-06 6.043238692658769e-07
vn 1.5672007259122812e-06 -1.2409426869627305e-06 1.0581090217380269e-06
vn 1.4182568060405867e-06 -6.761033486633437e-07 9.286243389842166e-07
vn 1.490005242775372e-06 -7.630319038154544e-07 1.2794186431911315e-06
vn 1.436293512215926e-06 -8.668167655789794e-07 1.7533716527736783e-06
vn 2.092110497954074e-06 -2.031879185252276e-06 2.17588023261844e-06
vn 2.622089225139811e-06 -3.4542840287799303e-06 3.133554854233625e-06
vn 2.3267720301106855e-06 -2.9164445354697607e-06 1.3947358911276424e-06
vn 2.053556115913865e-06 -1.739846772743024e-06 3.5762577060640417e-06
vn 2.009829722851779e-06 -2.1036008896622267e-06 4.658918976523093e-06
vn 1.502915602745377e-06 -1.500926285953699e-06 6.415590119045655e-07
vn 1.8275384228255032e-06 -2.258602400579384e-06 4.821684897142987e-06
vn 2.141440872568516e-06 -3.575496227371395e-06 3.5119272995717348e-06
vn 1.7352338521295909e-06 -2.3367966071907305e-06 4.898906699639736e-06
vn 1.8472359061719683e-06 -3.7398371627736957e-06 3.6018009328468394e-06
vn 1.436375673795073e-06 -3.1209025891450006e-06 3.3242360790381355e-06
vn 1.4051168271195198e-06 -1.740047648138428e-06 4.016713324734741e-06
vn 8.313817068593838e-07 -7.296708239001139e-07 2.563042290001265e-06
vn 8.297856524563446e-07 -1.2778779413898221e-06 2.5157335468319056e-06
vn 1.0181596101166429e-06 -1.4369319912167492e-06 2.939321036403201e-06
vn 8.137936401245607e-07 -7.192890635318337e-07 2.473938950782287e-06
vn 7.847396104186164e-07 -2.128646346048857e-06 2.165232964309384e-06
vn 2.8948029209462707e-06 -4.426361540598533e-06 2.1510703587946235e-06
vn 2.0674931865931706e-06 -5.057312203529461e-06 2.343720145899046e-06
vn 2.501697587670264e-06 -4.752219107028466e-06 2.260427647475017e-06
vn 1.389234246408458e-06 -4.690133690446645e-06 1.96443512680235e-06
vn 7.095860843087473e-07 -3.1910706132072565e-06 1.5086715245262816e-06
vn 6.695401654980071e-07 -2.4025680267512174e-06 1.9959273031336655e-06
vn 3.7391475150917524e-07 -2.8951413568050787e-06 1.0744798120939634e-06
vn 3.5859071666413655e-07 -2.9661622178065856e-06 7.268347945341112e-07
vn 2.5312238303570196e-07 -3.028235760476169e-06 7.121761848944723e-07
vn -5.406598972320726e-07 3.091800461472623e-06 2.0300271530588914e-06
vn 8.463603538069097e-07 3.6371548027189893e-06 4.044672145648187e-06
vn 7.155072326252539e-07 2.205384033880175e-06 2.6772932944837738e-06
vn 8.892408063542611e-08 1.5731821533952078e-06 1.4845501791735716e-06
vn -8.380926910477675e-07 1.8876369834687408e-06 6.55145409288364e-07
vn -1.695299088997296e-06 3.9633811558153e-06 1.55043636593106e-06
vn 1.2421426715257517e-06 1.7538349317624485e-06 2.8845195341439414e-06
vn 8.681472105953618e-07 1.056606563490066e-06 2.015604616754465e-06
vn 9.13756999240605e-07 9.223465784464211e-07 2.105187275785209e-06
vn 6.814216251997286e-07 1.377875877422141e-06 2.0214689715458393e-06
vn -1.0656168291512036e-07 2.105024044710386e-06 1.526780409565571e-06
vn 7.281443470078999e-07 1.2863429758859715e-06 2.085716744585558e-06
vn 8.329769993871277e-08 2.0730747006823467e-06 1.6505035060373403e-06
vn 9.062675817808634e-07 8.127857522660392e-07 2.1610542734431697e-06
vn 2.077158210251284e-07 2.0491815155554793e-06 1.7216490178102052e-06
vn -1.446119665385561e-06 3.514149433065407e-06 1.3744836998758392e-06
vn -8.587395968864201e-07 2.5886361746760045e-06 1.0177314924136933e-06
vn -9.530301672549174e-07 2.2493164451376175e-06 5.884113627383936e-07
vn -8.315945283681798e-07 2.3429662278438496e-06 5.910242901451365e-07
vn -5.1935220858525e-07 2.3510729021674508e-06 9.889700311043888e-07
vn -3.6013106840161267e-07 2.4018599313131877e-06 1.0301348452299103e-06
vn -6.695726042036594e-07 2.438850337961735e-06 6.130237271934351e-07
vn 7.36819889347339e-07 1.2066094968115731e-06 2.1180699559767963e-06
vn 3.069450975415741e-07 2.00610537527762e-06 1.756797585779454e-06
vn 8.627651110310433e-07 7.316564328345632e-07 2.190005223275556e-06
vn 7.211768497437705e-07 1.1436736710963964e-06 2.1254593165852308e-06
vn 3.864836996309471e-07 1.953336208870841e-06 1.7633091099332254e-06
vn 8.020130113515269e-07 6.791286702875455e-07 2.1986491854008757e-06
vn -2.0120321178480628e-07 2.4156523124554054e-06 1.0491861639360548e-06
vn 7.59693642165508e-07 6.525104576114141e-07 2.1987686800570764e-06
vn 6.9769933226898e-07 1.0966305002172969e-06 2.1165760810100197e-06
vn 6.881057534767612e-07 1.0673110299850297e-06 2.1036592143592736e-06
vn 5.279585137591677e-07 1.7428199346765627e-06 1.8331571566890326e-06
vn 4.5546030720644446e-07 1.89893335486085e-06 1.7500485673153676e-06
vn -4.5761414203014145e-08 2.400635181523763e-06 1.0506958392813774e-06
vn -4.922356753762519e-07 2.491809664069039e-06 6.227016416693033e-07
vn -3.0735693054777076e-07 2.5084948402090203e-06 6.228565189644054e-07
vn 1.0597504726521427e-07 2.3660216406835484e-06 1.0397999558028321e-06
vn 2.3289905308578324e-07 2.288008289759051e-06 1.1700057267862192e-06
vn -1.1999758983939258e-07 2.495795881260652e-06 6.160699001338171e-07
vn 9.013669490250025e-09 2.4641227356243444e-06 6.152886123199191e-07
vn -5.999420735929973e-06 0.0 0.0
vn -5.999420735929973e-06 0.0 0.0
vn -5.999420735929973e-06 0.0 0.0
vn -5.999420735929973e-06 0.0 0.0
vn 0.0 4.465069996018062e-06 0.0
vn 0.0 4.710309698783377e-06 0.0
vn 0.0 4.465069996018062e-06 0.0
vn 0.0 4.2198302932527465e-06 0.0
vn 0.0 -4.2198302932527465e-06 0.0
vn 0.0 -4.465069996018063e-06 0.0
vn 0.0 -4.465069996018063e-06 0.0
vn 0.0 -4.710309698783378e-06 0.0
vn 0.0 0.0 -2.121254168793138e-06
vn 0.0 0.0 -1.406746044277551e-06
vn 0.0 0.0 -1.8830847939550585e-06
vn 0.0 0.0 -1.4067460442788993e-06
vn 0.0 0.0 -2.1212541687938123e-06
vn -1.9258616252437126e-06 -1.7700144315990376e-09 2.3493349502981068e-05
vn -4.997189642429561e-06 5.335312212927706e-09 2.3062680613945632e-05
vn -6.47710750126699e-06 -3.791085154539e-09 2.265078027350488e-05
vn -4.224551058614947e-06 -2.8796155160641588e-09 2.3185493171170994e-05
vn -1.4625149891852026e-05 -6.5087482773010495e-09 1.841336398518758e-05
vn -1.2778024616810416e-05 -2.8083596019566203e-09 1.9806000463568416e-05
vn -1.341785918875314e-05 3.377442355576858e-09 1.9362326470823484e-05
vn -1.0747181191297235e-05 -3.815158264071077e-09 2.0906529151761484e-05
vn -1.1455528595101865e-05 4.801916841537522e-09 2.057548552431292e-05
vn -8.644900295590998e-06 -5.24435820361361e-09 2.1847916188328765e-05
vn -7.2127684839207976e-06 3.8100616104989805e-09 2.239390165938864e-05
vn -9.354290396539774e-06 2.825465379932779e-09 2.153133362584586e-05
vn -2.7055956359660736e-06 2.120180111386198e-09 2.34557742583352e-05
vn -1.690781739349609e-05 3.4389317120465836e-09 1.63385111107e-05
vn -1.7958678093334924e-05 -2.6211975071226517e-09 1.5229399244795948e-05
vn -1.6344608345829506e-05 -5.087815417402553e-09 1.6875417487114473e-05
vn -2.0538946618901787e-05 -6.13509134151602e-09 1.1405510921729776e-05
vn -1.9367209345254625e-05 -3.4657350618745964e-09 1.339509787304549e-05
vn -1.9769130946867675e-05 1.965585429056859e-09 1.2730931581769479e-05
vn -2.0892242929304757e-05 4.340352049143488e-10 1.0714406168260103e-05
vn -2.1576404845692656e-05 -3.7024553191386025e-09 9.346679978969368e-06
vn -1.8468836744838206e-05 4.4015567701239804e-09 1.4639156366294472e-05
vn -2.3553968990303574e-05 -1.736489289553812e-09 3.8147456493266186e-07
vn -2.334227603840361e-05 -3.240485595411511e-09 2.6792103118915644e-06
vn -2.34473087019484e-05 3.089639186061076e-09 1.908707985640574e-06
vn -2.191362836109313e-05 4.145203552032599e-09 8.642821259212115e-06
vn -2.244199606516253e-05 -2.1624524881164244e-09 7.205355161542274e-06
vn -1.520343990065228e-05 8.450982498002192e-10 1.7893337858271375e-05
vn -2.3099047855802542e-05 1.723359425039325e-09 4.189137503170364e-06
vn -2.297982433844226e-05 -4.144580574781187e-09 4.954744239171386e-06
vn -2.264824664660279e-05 3.235397469262146e-09 6.455611409533035e-06
vn -2.356302265331131e-05 2.6641867015637956e-09 -3.955764080163393e-07
vn -1.8456248084195427e-05 -9.537906671133135e-10 -1.4650886709166152e-05
vn -1.9747259738478205e-05 -3.1480816622306283e-09 -1.2738217745959693e-05
vn -1.9346457128922288e-05 2.5815057381799253e-09 -1.3403763703578875e-05
vn -2.1596750155822396e-05 1.41518883036079e-09 -9.370490349730584e-06
vn -2.0902975080398193e-05 -5.125315221444403e-09 -1.0743290150734922e-05
vn -2.1916883610713883e-05 -1.5563732327428302e-09 -8.664984931434702e-06
vn -2.295373147820086e-05 1.5560306612231603e-09 -4.970594507344338e-06
vn -2.2616457099525065e-05 -1.881498052036656e-09 -6.462217277415786e-06
vn -2.3110848135677795e-05 -4.416163033292192e-09 -4.2128652211091765e-06
vn -1.796328121975178e-05 2.607181527899149e-09 -1.5250189608584779e-05
vn -1.6902476749587032e-05 -2.599502268075824e-09 -1.6365608520629048e-05
vn -2.0513209801587668e-05 -8.144294452589842e-10 -1.1411830683688827e-05
vn -2.24285681604769e-05 3.4266435303887814e-09 -7.21798832755096e-06
vn -2.334578560440099e-05 9.576627963057335e-11 -2.6970760373492437e-06
vn -2.3457989989766518e-05 -4.838737653150413e-09 -1.9290278641326538e-06
vn -1.5194996596948438e-05 -4.35573249367812e-09 -1.7915113698019614e-05
vn -1.4598879010146998e-05 -7.201089664527933e-10 -1.8408195004832744e-05
vn -1.3389197733107865e-05 -1.8045602838800125e-09 -1.9350119284745638e-05
vn -7.188099795388486e-06 -1.269289742814538e-09 -2.2377946485710332e-05
vn -9.341701735896998e-06 -2.6059478358116785e-09 -2.1560907441492262e-05
vn -8.620562218348293e-06 1.8619869974656485e-10 -2.1834059124757588e-05
vn -1.1443270545748694e-05 -1.0691290029485607e-09 -2.0596492057021875e-05
vn -1.0747206622934898e-05 1.2557830612701718e-09 -2.0934287784269752e-05
vn -2.6848179879960746e-06 -3.829262195078718e-09 -2.33647703219158e-05
vn -1.9136798708035294e-06 -1.7649194660489042e-09 -2.3404850582871398e-05
vn -4.97488609619983e-06 -1.6631886080328604e-10 -2.3037840261859098e-05
vn -4.214887036303319e-06 7.817639625382162e-10 -2.317954216795804e-05
vn -6.4585169741359395e-06 2.0431895003703553e-09 -2.2642193916839188e-05
vn -1.276276563421311e-05 2.6386597682508965e-09 -1.980956725075054e-05
vn -1.6331129577868553e-05 5.736221949037512e-11 -1.6885278604617985e-05
vn 0.0 -4.339330620049051e-06 0.0
vn 0.0 -2.175033622241149e-06 0.0
vn 0.0 -0.0007689128899557465 0.0
vn 0.0 -2.870719976821136e-05 0.0
vn 0.0 -6.591618330793956e-05 0.0
vn 0.0 -7.207749904677569e-06 0.0
vn 0.0 -2.174840897230539e-06 0.0
vn 0.0 -2.1747949168938824e-06 0.0
vn 0.0 -9.724244915121617e-06 0.0
vn 0.0 -0.00035148205461190665 0.0
vn 0.0 -4.339269500556828e-06 0.0
vn 0.0 -2.174902528375426e-06 0.0
vn 0.0 -1.4991044287498954e-05 0.0
vn 0.0 -9.724193326161615e-06 0.0
vn 0.0 -0.0003285625213630961 0.0
vn 0.0 -4.339204468303429e-06 0.0
vn 0.0 -2.1748404829029134e-06 0.0
vn 0.0 -0.0007460910147816538 0.0
vn 0.0 -0.0010077495209539625 0.0
vn 0.0 -4.339277266361751e-06 0.0
vn 0.0 -2.174954592048054e-06 0.0
vn 0.0 -0.0006849945788535565 0.0
vn 0.0 -0.000494085478374095 0.0
vn 0.0 -2.17494642679302e-06 0.0
vn 0.0 -1.0764906154295056e-05 0.0
vn 0.0 -2.1747593348384254e-06 0.0
vn 0.0 -4.339296991572028e-06 0.0
vn 0.0 -2.17485786400315e-06 0.0
vn 0.0 -0.0003235223922753458 0.0
vn 0.0 -4.339344677620686e-06 0.0
vn 0.0 -2.1749199786845817e-06 0.0
vn 0.0 -1.3628141265389173e-05 0.0
vn 0.0 -2.7624944964651188e-05 0.0
vn 0.0 -2.174867323214608e-06 0.0
vn 0.0 -5.990992042849441e-05 0.0
vn 0.0 -0.00048489424442674044 0.0
vn 0.0 -2.174880357308109e-06 0.0
vn 0.0 -8.935414301967546e-05 0.0
vn 0.0 -1.719034481238578e-05 0.0
vn 0.0 -7.2077621625154505e-06 0.0
vn 0.0 -4.33933676350263e-06 0.0
vn 0.0 -2.1749070930788388e-06 0.0
vn 0.0 -2.1748367739104056e-06 0.0
vn 0.0 -3.251845589505876e-05 0.0
vn 0.0 -1.3628107906480953e-05 0.0
vn 0.0 -2.1748525894863494e-06 0.0
vn 0.0 -7.2077421586377865e-06 0.0
vn 0.0 -2.174948052996988e-06 0.0
vn 0.0 -2.1749528413651744e-06 0.0
vn 0.0 -4.339276391020311e-06 0.0
vn 0.0 -1.3628085571925277e-05 0.0
vn 0.0 -2.17491997868458e-06 0.0
vn 0.0 -0.0002763633206850912 0.0
vn 0.0 -2.8707141574635266e-05 0.0
vn 0.0 -1.0764904055908681e-05 0.0
vn 0.0 -4.3393017731281015e-06 0.0
vn 0.0 -4.3392518979764185e-06 0.0
vn 0.0 -2.174867323214608e-06 0.0
vn 0.0 -2.174880357308109e-06 0.0
vn 0.0 -0.0003771861294204749 0.0
vn 0.0 -2.1749464267930183e-06 0.0
vn 0.0 -2.1749237913449403e-06 0.0
vn 0.0 -2.174841280406148e-06 0.0
vn 0.0 -2.1747946964614493e-06 0.0
vn 0.0 -4.820579986739087e-06 0.0
vn 0.0 -4.929993144105435e-06 0.0
vn 0.0 -4.820579986739087e-06 0.0
vn 0.0 -4.71116682937274e-06 0.0
vn 0.0 0.0 3.804611378989667e-06
vn 0.0 0.0 7.502327828190647e-07
vn 0.0 0.0 2.6256501961833164e-06
vn 0.0 0.0 5.3318006770749685e-06
vn 0.0 0.0 6.162533744602369e-06
vn 0.0 0.0 -3.713430679119829e-06
vn 0.0 0.0 -5.8889630296347295e-06
vn 0.0 0.0 -5.195018180674397e-06
vn 0.0 0.0 -2.625664503862378e-06
vn 0.0 0.0 -7.502556760106921e-07
usemtl Diffuse_4
f 1 2 3
f 4 5 6
f 7 8 5
f 9 2 10
f 7 9 11
f 12 3 13
f 14 15 4
f 16 17 18
f 19 20 21
f 22 23 20
f 19 24 25
f 26 25 27
f 28 22 17
f 29 18 30
f 30 15 31
f 12 1 3
f 13 32 12
f 8 7 11
f 10 2 1
f 10 11 9
f 8 6 5
f 31 15 14
f 14 4 6
f 16 28 17
f 28 23 22
f 29 30 31
f 21 20 23
f 16 18 29
f 27 25 24
f 19 21 24
f 27 33 26
f 34 35 36
f 37 38 33
f 39 38 37
f 40 41 42
f 43 41 39
f 44 45 46
f 45 40 47
f 44 48 49
f 26 33 38
f 50 51 52
f 51 53 54
f 55 56 57
f 56 58 59
f 60 59 61
f 57 62 63
f 64 62 54
f 52 49 65
f 66 60 67
f 37 43 39
f 42 41 43
f 46 45 47
f 44 46 48
f 42 47 40
f 68 43 37
f 49 48 65
f 50 52 65
f 63 62 64
f 61 67 60
f 59 58 61
f 53 51 50
f 63 55 57
f 55 58 56
f 54 53 64
f 67 34 66
f 34 36 66
f 27 69 33
f 70 71 72
f 72 71 73
f 74 75 76
f 73 74 76
f 77 78 75
f 79 80 77
f 81 82 83
f 84 85 86
f 87 83 85
f 88 89 90
f 91 90 92
f 93 92 94
f 79 82 95
f 96 86 89
f 79 95 80
f 80 78 77
f 95 82 81
f 72 73 76
f 76 75 78
f 72 97 70
f 89 98 96
f 98 89 88
f 84 86 96
f 83 87 81
f 85 84 87
f 93 94 99
f 90 91 88
f 92 93 91
f 94 100 99
f 101 100 102
f 103 102 104
f 105 106 107
f 108 109 110
f 109 111 107
f 106 105 104
f 110 112 113
f 114 115 116
f 117 118 115
f 119 120 121
f 121 122 123
f 124 125 122
f 118 126 112
f 127 116 120
f 101 102 103
f 103 104 105
f 128 107 111
f 129 109 108
f 109 129 111
f 107 128 105
f 113 112 126
f 117 115 114
f 108 110 113
f 114 116 127
f 119 121 123
f 120 119 127
f 122 125 123
f 117 126 118
f 100 101 99
f 130 131 132
f 132 133 130
f 132 131 134
f 132 135 136
f 132 134 135
f 132 136 137
f 133 132 138
f 132 139 140
f 139 132 141
f 142 132 140
f 143 132 144
f 144 132 142
f 145 132 143
f 145 138 132
f 146 132 137
f 147 148 132
f 148 149 132
f 132 150 147
f 132 151 152
f 132 152 153
f 132 149 151
f 150 132 146
f 132 154 155
f 132 155 156
f 154 132 157
f 158 132 159
f 160 161 132
f 132 158 160
f 159 132 156
f 157 132 153
f 162 132 161
f 162 163 132
f 164 165 166
f 132 163 166
f 166 167 164
f 168 167 166
f 166 169 170
f 169 166 171
f 170 168 166
f 172 171 166
f 166 173 174
f 173 166 175
f 166 176 175
f 177 166 178
f 179 180 166
f 166 180 178
f 176 166 177
f 172 166 174
f 181 179 166
f 182 166 183
f 182 184 166
f 185 183 166
f 163 186 166
f 187 166 186
f 185 166 187
f 166 184 188
f 189 190 166
f 191 166 190
f 189 166 192
f 188 193 166
f 194 166 193
f 166 194 195
f 192 166 195
f 191 196 166
f 196 181 166
f 197 198 199
f 197 200 198
f 201 202 198
f 203 204 205
f 206 207 208
f 209 206 204
f 210 208 211
f 202 205 204
f 212 208 207
f 213 214 210
f 215 216 217
f 214 217 216
f 216 215 218
f 218 219 220
f 213 221 217
f 222 220 223
f 224 222 225
f 226 227 228
f 229 230 231
f 232 226 233
f 227 224 234
f 235 232 236
f 237 215 238
f 218 215 219
f 217 221 238
f 215 239 219
f 219 240 223
f 223 220 219
f 215 217 238
f 225 223 241
f 224 225 234
f 227 234 228
f 234 225 242
f 243 233 244
f 232 233 236
f 235 236 245
f 246 236 247
f 233 226 228
f 248 228 249
f 225 222 223
f 250 245 236
f 245 251 235
f 214 213 217
f 239 215 237
f 239 252 219
f 240 219 252
f 242 249 234
f 240 241 223
f 248 244 228
f 243 247 233
f 225 241 242
f 246 250 236
f 253 245 250
f 253 254 245
f 255 256 257
f 258 259 251
f 258 260 259
f 261 259 260
f 262 261 260
f 263 260 258
f 230 264 265
f 254 258 245
f 266 267 262
f 253 250 254
f 268 269 270
f 266 268 267
f 233 247 236
f 271 270 272
f 261 262 267
f 273 262 260
f 274 263 258
f 262 275 266
f 276 273 263
f 273 260 263
f 275 262 273
f 277 275 273
f 266 278 269
f 279 263 274
f 280 272 269
f 270 269 272
f 271 272 281
f 230 281 272
f 282 280 278
f 269 278 280
f 272 280 230
f 231 230 280
f 281 265 283
f 266 275 278
f 269 268 266
f 284 278 275
f 281 285 271
f 274 258 254
f 286 285 283
f 228 244 233
f 287 288 289
f 234 249 228
f 210 290 213
f 291 287 292
f 288 286 293
f 294 295 296
f 208 212 211
f 297 294 298
f 299 300 301
f 297 301 300
f 302 206 209
f 206 302 207
f 303 295 291
f 290 210 211
f 301 297 304
f 283 305 293
f 293 286 283
f 293 306 289
f 283 265 305
f 292 287 289
f 289 307 292
f 293 289 288
f 265 281 230
f 303 296 295
f 291 292 303
f 296 298 294
f 308 296 303
f 304 298 309
f 304 297 298
f 310 304 257
f 311 298 296
f 312 310 257
f 313 303 292
f 304 309 257
f 285 281 283
f 264 314 265
f 279 274 254
f 276 263 315
f 277 273 276
f 279 315 263
f 284 282 278
f 275 277 284
f 316 280 282
f 231 280 316
f 264 230 229
f 265 317 305
f 314 318 265
f 314 319 318
f 317 318 319
f 320 317 319
f 318 317 265
f 305 321 306
f 322 307 306
f 289 306 307
f 321 322 306
f 323 313 307
f 322 323 307
f 324 322 321
f 313 292 307
f 317 320 321
f 308 325 311
f 296 308 311
f 298 311 309
f 326 325 308
f 313 323 326
f 311 327 309
f 328 309 327
f 329 326 323
f 328 257 309
f 308 313 326
f 308 303 313
f 329 323 322
f 322 324 329
f 330 325 331
f 329 331 326
f 324 321 320
f 327 325 332
f 311 325 327
f 328 327 333
f 333 327 334
f 332 334 327
f 335 333 334
f 299 310 312
f 200 201 198
f 330 332 325
f 325 326 331
f 202 201 205
f 321 305 317
f 306 293 305
f 204 203 209
f 251 245 258
f 256 312 257
f 336 337 338
f 339 337 336
f 338 340 341
f 342 340 337
f 343 344 345
f 346 347 348
f 342 346 340
f 349 350 351
f 352 348 353
f 338 337 340
f 354 337 355
f 356 357 337
f 358 342 337
f 359 357 360
f 356 360 357
f 358 337 357
f 361 358 357
f 342 362 347
f 363 353 347
f 348 347 353
f 352 353 364
f 365 364 353
f 366 363 362
f 347 362 363
f 353 363 365
f 367 365 363
f 364 368 369
f 342 358 362
f 347 346 342
f 370 362 358
f 364 371 352
f 369 372 371
f 373 374 375
f 372 376 377
f 369 376 372
f 378 379 380
f 377 381 382
f 364 365 368
f 383 382 384
f 385 386 387
f 388 383 389
f 390 391 392
f 393 394 395
f 396 390 397
f 398 399 400
f 391 388 401
f 402 396 403
f 376 404 381
f 377 376 381
f 369 368 405
f 404 376 405
f 381 395 384
f 406 405 368
f 384 382 381
f 376 369 405
f 389 384 407
f 388 389 401
f 391 401 392
f 401 389 408
f 397 392 409
f 396 397 403
f 402 403 410
f 403 397 411
f 397 390 392
f 392 401 412
f 389 383 384
f 410 403 413
f 410 414 402
f 371 364 369
f 415 368 365
f 336 416 417
f 418 359 419
f 420 361 418
f 357 359 418
f 361 357 418
f 421 370 361
f 358 361 370
f 422 418 419
f 366 367 363
f 366 362 370
f 423 415 367
f 415 365 367
f 406 368 415
f 424 406 415
f 405 406 425
f 426 367 366
f 405 425 404
f 426 366 370
f 418 427 420
f 420 428 361
f 429 427 422
f 427 418 422
f 430 356 337
f 424 431 406
f 423 367 426
f 432 425 431
f 421 361 428
f 370 421 426
f 424 415 423
f 406 431 425
f 425 432 404
f 433 355 337
f 407 395 394
f 384 395 407
f 412 408 434
f 401 408 412
f 409 412 435
f 436 408 407
f 408 389 407
f 434 435 412
f 437 411 409
f 397 409 411
f 403 411 413
f 438 413 411
f 411 437 439
f 411 439 438
f 438 440 413
f 435 437 409
f 409 392 412
f 407 394 441
f 432 442 404
f 408 436 434
f 436 407 441
f 395 404 442
f 395 381 404
f 413 440 410
f 443 444 385
f 395 442 393
f 445 446 447
f 354 448 337
f 449 445 450
f 446 443 387
f 451 452 453
f 433 337 454
f 454 337 455
f 456 457 458
f 459 460 451
f 461 452 449
f 448 462 337
f 458 460 463
f 410 440 400
f 400 444 414
f 464 387 386
f 385 444 400
f 387 443 385
f 447 387 464
f 446 387 447
f 465 385 399
f 461 450 466
f 450 445 447
f 461 449 450
f 453 461 467
f 463 459 468
f 459 451 453
f 463 460 459
f 456 463 469
f 461 453 452
f 459 453 470
f 463 456 458
f 450 447 471
f 456 472 457
f 380 473 474
f 455 337 475
f 374 351 375
f 349 351 374
f 379 375 380
f 344 476 345
f 475 337 477
f 478 479 345
f 343 350 344
f 345 476 478
f 477 337 339
f 351 350 343
f 462 430 337
f 473 480 474
f 472 456 481
f 473 472 480
f 378 380 474
f 379 373 375
f 473 457 472
f 469 481 456
f 385 465 386
f 399 385 400
f 471 447 464
f 467 482 453
f 466 467 461
f 471 466 450
f 399 398 440
f 400 440 398
f 459 470 483
f 470 453 482
f 483 468 459
f 463 468 469
f 400 414 410
f 484 485 486
f 486 487 488
f 489 486 490
f 486 485 487
f 491 485 484
f 492 493 494
f 495 494 496
f 497 498 499
f 500 501 502
f 503 502 493
f 497 496 498
f 497 499 491
f 504 501 500
f 505 486 489
f 484 486 505
f 491 484 497
f 497 484 506
f 484 505 506
f 497 506 507
f 507 508 497
f 509 495 496
f 503 510 502
f 493 492 503
f 509 496 497
f 509 497 508
f 500 510 511
f 511 512 500
f 492 494 495
f 500 502 510
f 500 513 504
f 500 514 515
f 516 517 514
f 515 514 517
f 518 519 520
f 518 517 516
f 519 518 516
f 521 516 514
f 500 512 514
f 522 523 524
f 525 522 526
f 527 528 529
f 525 529 528
f 529 530 527
f 527 531 528
f 529 525 526
f 520 532 523
f 530 529 533
f 519 534 535
f 516 521 534
f 532 519 535
f 523 532 524
f 532 520 519
f 524 532 536
f 512 521 514
f 532 535 536
f 536 537 524
f 534 519 516
f 538 533 526
f 529 526 533
f 539 540 538
f 530 533 538
f 538 540 530
f 541 538 526
f 526 537 541
f 540 539 542
f 539 538 541
f 524 537 526
f 526 522 524
f 515 513 500
f 543 544 545
f 546 547 548
f 549 550 551
f 552 553 554
f 555 552 556
f 557 550 558
f 559 560 561
f 561 562 559
f 563 559 564
f 561 556 562
f 556 561 560
f 565 563 564
f 566 567 568
f 566 569 570
f 570 569 571
f 566 572 567
f 563 567 573
f 574 575 576
f 577 578 570
f 577 570 571
f 579 580 577
f 580 579 574
f 574 581 582
f 570 578 572
f 579 575 574
f 583 577 580
f 567 572 584
f 585 559 563
f 555 586 587
f 555 556 586
f 587 586 588
f 589 590 591
f 587 588 592
f 588 591 592
f 560 593 586
f 592 591 590
f 560 585 594
f 586 556 560
f 585 595 594
f 595 585 573
f 563 573 585
f 560 594 596
f 593 596 597
f 593 560 596
f 598 599 596
f 596 594 598
f 595 600 601
f 602 597 603
f 595 598 594
f 604 588 593
f 584 600 573
f 593 588 586
f 585 560 559
f 602 593 597
f 589 557 558
f 591 557 589
f 591 604 605
f 562 556 554
f 549 551 606
f 557 551 550
f 605 606 557
f 605 557 591
f 604 602 546
f 546 605 604
f 602 607 608
f 604 593 602
f 605 546 609
f 606 610 549
f 610 606 609
f 609 548 611
f 609 606 605
f 611 548 547
f 546 548 609
f 608 547 546
f 606 551 557
f 591 588 604
f 554 556 552
f 599 597 596
f 598 595 601
f 612 584 613
f 601 614 615
f 612 614 600
f 573 567 584
f 616 598 601
f 599 603 597
f 599 616 617
f 617 603 599
f 618 616 615
f 598 616 599
f 603 617 619
f 572 613 584
f 595 573 600
f 612 600 584
f 613 620 621
f 620 613 578
f 583 622 623
f 578 583 620
f 613 621 612
f 615 616 601
f 614 624 625
f 624 614 612
f 621 626 627
f 624 627 628
f 625 615 614
f 612 621 624
f 616 618 617
f 623 626 620
f 614 601 600
f 578 577 583
f 629 615 625
f 607 619 630
f 607 603 619
f 630 631 632
f 633 631 619
f 618 633 617
f 607 630 608
f 547 608 634
f 545 634 608
f 545 608 543
f 608 630 543
f 633 619 617
f 608 546 602
f 631 630 619
f 631 633 635
f 635 633 618
f 629 636 637
f 618 629 635
f 631 635 638
f 544 543 632
f 638 544 632
f 639 544 638
f 632 631 638
f 637 640 635
f 632 543 630
f 618 615 629
f 628 636 625
f 603 607 602
f 572 578 613
f 582 622 580
f 641 558 550
f 642 643 644
f 645 646 647
f 648 642 649
f 645 650 646
f 644 650 651
f 650 645 651
f 652 653 654
f 655 653 645
f 645 656 655
f 657 645 653
f 644 658 649
f 658 644 651
f 658 651 659
f 659 651 657
f 652 657 653
f 657 652 660
f 651 645 657
f 649 658 661
f 653 655 654
f 644 649 642
f 662 663 664
f 662 649 663
f 665 666 667
f 576 665 581
f 580 574 582
f 668 582 581
f 665 667 668
f 622 583 580
f 663 667 666
f 667 663 669
f 663 661 669
f 670 661 658
f 671 659 660
f 661 663 649
f 672 661 670
f 667 673 668
f 673 667 669
f 669 674 673
f 674 669 672
f 675 672 676
f 677 668 673
f 669 661 672
f 582 668 678
f 670 671 676
f 668 581 665
f 659 670 658
f 674 679 673
f 660 659 657
f 680 654 681
f 654 680 652
f 654 682 681
f 682 654 683
f 654 684 683
f 680 681 685
f 686 660 687
f 652 687 660
f 681 688 685
f 685 687 680
f 688 681 682
f 689 687 685
f 683 690 682
f 687 652 680
f 691 682 690
f 577 571 579
f 682 692 688
f 682 691 692
f 692 693 688
f 685 688 694
f 690 683 684
f 654 655 684
f 688 693 694
f 676 672 670
f 671 686 695
f 671 695 676
f 689 686 687
f 671 660 686
f 696 686 689
f 676 697 675
f 697 676 695
f 695 698 697
f 698 695 696
f 696 699 700
f 701 697 698
f 695 686 696
f 702 675 697
f 694 699 689
f 675 674 672
f 699 696 689
f 699 694 703
f 703 694 693
f 699 703 704
f 700 704 705
f 700 699 704
f 698 700 706
f 700 698 696
f 689 685 694
f 707 674 675
f 671 670 659
f 706 700 705
f 620 626 621
f 622 678 708
f 708 623 622
f 708 678 677
f 622 582 678
f 623 708 709
f 624 628 625
f 626 709 710
f 627 626 710
f 710 711 627
f 626 623 709
f 629 625 636
f 708 712 709
f 621 627 624
f 712 710 709
f 677 679 713
f 677 713 712
f 707 679 674
f 677 673 679
f 679 707 714
f 711 628 627
f 711 710 715
f 712 716 715
f 715 710 712
f 717 713 714
f 715 716 718
f 713 716 712
f 711 715 719
f 717 720 716
f 712 708 677
f 678 668 677
f 628 711 636
f 638 635 640
f 637 636 721
f 637 722 640
f 722 637 721
f 711 721 636
f 640 639 638
f 639 640 723
f 724 722 725
f 724 723 640
f 722 724 640
f 719 726 721
f 629 637 635
f 726 725 722
f 719 718 727
f 727 726 719
f 728 727 729
f 711 719 721
f 726 727 730
f 725 726 730
f 727 731 730
f 727 732 731
f 728 732 727
f 729 718 720
f 722 721 726
f 715 718 719
f 714 713 679
f 583 623 620
f 707 733 714
f 733 707 702
f 702 734 733
f 734 702 701
f 702 697 701
f 714 733 735
f 736 717 735
f 717 714 735
f 737 735 733
f 734 738 739
f 734 737 733
f 740 735 737
f 706 738 701
f 717 716 713
f 738 734 701
f 738 706 741
f 741 706 742
f 741 743 738
f 738 744 739
f 744 738 745
f 746 744 747
f 744 746 739
f 739 746 748
f 743 749 745
f 737 739 750
f 739 737 734
f 701 698 706
f 748 746 747
f 729 727 718
f 720 736 751
f 720 751 729
f 736 735 740
f 717 736 720
f 752 736 740
f 729 753 754
f 753 729 751
f 751 755 753
f 755 751 752
f 755 752 756
f 753 755 757
f 751 736 752
f 750 756 740
f 729 754 728
f 758 755 756
f 750 748 759
f 750 759 756
f 748 750 739
f 740 737 750
f 759 748 760
f 567 565 568
f 755 758 757
f 759 761 762
f 761 759 760
f 575 579 571
f 762 758 756
f 759 762 756
f 752 740 756
f 747 760 748
f 572 566 570
f 720 718 716
f 707 675 702
f 576 581 574
f 666 665 763
f 563 565 567
f 763 665 764
f 576 764 665
f 765 664 663
f 663 666 765
f 648 649 766
f 662 766 649
f 646 650 767
f 650 644 643
f 645 647 656
f 767 647 646
f 706 705 742
f 738 743 745
f 744 745 749
f 768 769 770
f 771 772 773
f 774 775 776
f 777 778 779
f 779 775 780
f 781 782 783
f 784 777 785
f 784 778 777
f 784 785 786
f 785 777 779
f 787 788 789
f 790 791 792
f 793 794 795
f 796 794 793
f 797 795 792
f 798 794 796
f 799 800 801
f 801 796 799
f 802 803 800
f 804 801 800
f 796 793 805
f 806 807 803
f 796 808 799
f 791 809 810
f 811 812 785
f 779 780 811
f 779 811 785
f 811 780 813
f 814 815 813
f 811 813 815
f 815 814 816
f 811 815 812
f 817 786 785
f 818 792 810
f 810 819 818
f 820 797 792
f 792 791 810
f 821 818 819
f 812 822 785
f 822 817 785
f 823 824 822
f 821 817 824
f 825 826 827
f 812 826 822
f 821 819 817
f 812 815 828
f 818 829 820
f 817 819 786
f 809 786 819
f 826 812 827
f 830 831 832
f 833 834 835
f 816 835 834
f 771 834 772
f 836 837 834
f 836 771 773
f 816 837 828
f 816 834 837
f 770 827 828
f 828 837 770
f 838 839 827
f 827 812 828
f 840 770 837
f 773 841 836
f 840 836 841
f 842 768 840
f 837 836 840
f 769 768 842
f 840 768 770
f 770 769 838
f 834 771 836
f 828 815 816
f 843 844 845
f 822 824 817
f 846 781 847
f 829 818 821
f 848 805 797
f 849 850 829
f 820 850 848
f 805 793 797
f 829 821 851
f 822 826 823
f 852 851 824
f 824 823 852
f 849 851 853
f 824 851 821
f 854 852 823
f 797 820 848
f 820 792 818
f 820 829 850
f 855 856 848
f 805 848 856
f 857 858 808
f 856 808 805
f 850 855 848
f 851 852 853
f 859 860 849
f 850 849 860
f 861 862 855
f 863 861 860
f 849 853 859
f 860 855 850
f 864 859 853
f 856 862 857
f 829 851 849
f 808 796 805
f 865 853 852
f 827 839 825
f 866 854 825
f 825 839 866
f 867 865 854
f 854 823 825
f 868 866 839
f 869 838 769
f 838 787 789
f 868 838 789
f 870 871 868
f 868 839 838
f 869 787 838
f 866 871 867
f 827 770 838
f 871 866 868
f 872 864 865
f 865 867 872
f 873 874 864
f 864 853 865
f 871 872 867
f 789 788 870
f 789 870 868
f 871 870 875
f 788 875 870
f 871 875 872
f 867 854 866
f 865 852 854
f 859 874 863
f 826 825 823
f 790 792 795
f 799 858 802
f 845 876 843
f 877 876 878
f 878 879 877
f 880 844 881
f 845 878 876
f 882 878 845
f 879 878 882
f 883 884 885
f 879 884 886
f 886 877 879
f 884 879 887
f 880 888 844
f 888 882 844
f 889 882 888
f 887 882 889
f 884 887 885
f 890 885 887
f 887 879 882
f 891 888 880
f 883 886 884
f 882 845 844
f 892 893 881
f 893 880 881
f 894 892 806
f 807 800 803
f 892 895 806
f 802 800 799
f 803 802 896
f 858 897 802
f 858 799 808
f 896 894 806
f 808 856 857
f 894 893 892
f 898 893 894
f 891 893 898
f 888 891 899
f 890 889 900
f 893 891 880
f 899 891 901
f 896 902 894
f 898 894 902
f 902 903 898
f 901 898 903
f 904 901 905
f 902 896 906
f 901 891 898
f 896 802 897
f 904 900 899
f 806 803 896
f 888 899 889
f 902 907 903
f 887 889 890
f 908 883 909
f 885 909 883
f 908 910 883
f 911 883 910
f 911 912 883
f 913 908 909
f 914 890 915
f 890 914 885
f 913 916 908
f 909 914 913
f 910 908 916
f 913 914 917
f 910 918 911
f 909 885 914
f 918 910 919
f 776 779 778
f 916 920 910
f 920 919 910
f 916 921 920
f 922 916 913
f 912 911 918
f 912 886 883
f 922 921 916
f 899 901 904
f 923 915 900
f 904 923 900
f 914 915 917
f 915 890 900
f 917 915 924
f 905 925 904
f 923 904 925
f 925 926 923
f 924 923 926
f 927 928 924
f 926 925 929
f 924 915 923
f 925 905 930
f 917 928 922
f 901 903 905
f 917 924 928
f 931 922 928
f 921 922 931
f 932 931 928
f 831 932 927
f 932 928 927
f 832 927 926
f 924 926 927
f 922 913 917
f 933 905 903
f 889 899 900
f 775 779 776
f 832 831 927
f 861 855 860
f 934 935 857
f 858 857 935
f 906 897 935
f 935 897 858
f 862 934 857
f 874 859 864
f 936 861 937
f 862 861 936
f 874 937 863
f 936 934 862
f 873 864 872
f 934 938 935
f 863 860 859
f 934 936 938
f 939 907 906
f 938 939 906
f 903 907 933
f 907 902 906
f 940 933 907
f 861 863 937
f 941 936 937
f 941 942 938
f 938 936 941
f 940 939 943
f 941 937 944
f 938 942 939
f 945 937 874
f 942 946 943
f 906 935 938
f 906 896 897
f 942 941 947
f 875 948 872
f 948 873 872
f 948 949 873
f 945 873 949
f 945 874 873
f 950 948 875
f 951 952 948
f 948 950 951
f 953 949 952
f 948 952 949
f 945 954 944
f 875 788 950
f 949 953 954
f 955 947 944
f 944 954 955
f 956 955 957
f 947 941 944
f 958 955 954
f 958 954 953
f 958 959 955
f 959 960 955
f 955 960 957
f 946 947 956
f 954 945 949
f 944 937 945
f 907 939 940
f 855 862 856
f 940 961 933
f 930 933 961
f 961 962 930
f 929 930 962
f 929 925 930
f 963 961 940
f 963 943 964
f 963 940 943
f 961 963 965
f 966 783 962
f 961 965 962
f 965 963 967
f 929 783 832
f 939 942 943
f 929 962 783
f 968 832 783
f 830 832 968
f 783 782 968
f 966 847 783
f 781 783 847
f 969 847 970
f 966 970 847
f 971 970 966
f 781 846 782
f 972 966 965
f 962 965 966
f 832 926 929
f 969 970 971
f 947 955 956
f 973 964 946
f 956 973 946
f 967 963 964
f 946 964 943
f 967 964 974
f 975 976 956
f 973 956 976
f 976 977 973
f 974 973 977
f 978 974 977
f 979 977 976
f 974 964 973
f 798 801 804
f 967 978 972
f 957 975 956
f 978 977 980
f 981 971 972
f 978 981 972
f 966 972 971
f 972 965 967
f 982 971 981
f 793 795 797
f 979 980 977
f 983 984 981
f 982 981 984
f 810 809 819
f 978 980 983
f 978 983 981
f 978 967 974
f 971 982 969
f 796 801 798
f 942 947 946
f 930 905 933
f 807 806 895
f 985 816 814
f 807 804 800
f 816 985 835
f 833 772 834
f 772 833 986
f 987 988 989
f 990 988 987
f 989 991 987
f 992 993 994
f 995 996 997
f 998 995 997
f 997 991 998
f 991 997 999
f 999 1000 991
f 997 996 999
f 998 991 989
f 1001 1002 1003
f 987 991 1004
f 1005 1006 990
f 990 987 1007
f 1005 990 1007
f 1008 1009 1010
f 1010 1009 1005
f 1007 1010 1005
f 1004 1011 1007
f 1012 1013 1014
f 991 1015 1004
f 1004 1007 987
f 1015 1016 1017
f 1004 1015 1018
f 1010 1011 1008
f 1011 1018 1019
f 1019 1020 1011
f 1018 1021 1022
f 1011 1004 1018
f 1020 1019 1023
f 1024 1021 1015
f 1011 1010 1007
f 1015 991 1016
f 1020 1008 1011
f 1017 1016 1000
f 1025 994 993
f 1026 1024 1015
f 1026 1027 1024
f 1021 1028 1029
f 1021 1024 1027
f 1030 1021 1029
f 1031 1029 1028
f 1031 1030 1029
f 1018 1015 1021
f 1022 1019 1018
f 1015 1017 1026
f 1032 1033 1031
f 1020 1034 1008
f 1035 1036 1037
f 1038 1020 1023
f 1034 1020 1038
f 1030 1022 1021
f 1022 1030 1039
f 1040 1023 1041
f 1023 1040 1038
f 1041 1042 1043
f 1042 1041 1023
f 1019 1042 1023
f 1042 1039 1043
f 1038 1040 1034
f 1042 1019 1022
f 1022 1039 1042
f 1030 1002 1039
f 1002 1030 1033
f 1044 1002 1045
f 1039 1002 1001
f 1033 1046 1045
f 1047 1048 1049
f 1048 1045 1046
f 1045 1050 1044
f 1045 1047 1051
f 1051 1050 1045
f 1052 1051 1053
f 1048 1047 1045
f 1044 1050 1054
f 1055 1047 1049
f 1045 1002 1033
f 1033 1032 1046
f 1054 1050 1051
f 1054 1051 1052
f 1047 1056 1053
f 1030 1031 1033
f 1057 1058 1059
f 1060 1061 1062
f 1058 1061 1060
f 1063 1064 1065
f 1055 1063 1065
f 1053 1051 1047
f 1056 1065 1066
f 1066 1053 1056
f 1066 1065 1064
f 1056 1055 1065
f 1053 1066 1067
f 1064 1068 1066
f 1055 1056 1047
f 1068 1069 1070
f 1070 1069 1071
f 1072 1073 1070
f 1072 1074 1073
f 1070 1073 1068
f 1059 1075 1057
f 1073 1074 1057
f 1072 1057 1074
f 1060 1076 1059
f 1058 1060 1059
f 1069 1068 1064
f 1066 1068 1067
f 994 1013 992
f 993 992 1077
f 1025 993 1077
f 1013 1012 992
f 1078 1036 1079
f 1080 1012 1081
f 1012 1014 1081
f 1080 1081 1035
f 1035 1079 1036
f 1081 1079 1035
f 992 1012 1082
f 992 1082 1083
f 1084 1077 1085
f 1084 1062 1061
f 1086 1060 1062
f 1085 1062 1084
f 1087 1085 1083
f 1083 1077 992
f 1085 1077 1083
f 1088 1062 1085
f 1084 1061 1089
f 1080 1037 1090
f 1037 1080 1035
f 1091 1092 1037
f 1093 1082 1094
f 1094 1080 1090
f 1092 1095 1090
f 1096 1095 1092
f 1037 1092 1090
f 1097 1094 1090
f 1094 1082 1012
f 1094 1012 1080
f 1098 1083 1082
f 1099 1090 1095
f 1100 1067 1101
f 1100 1101 1102
f 1068 1101 1067
f 1073 1075 1103
f 1075 1073 1057
f 1076 1075 1059
f 1075 1076 1104
f 1105 1102 1106
f 1102 1101 1106
f 1107 1106 1103
f 1104 1103 1075
f 1106 1073 1103
f 1103 1104 1108
f 1076 1086 1104
f 1101 1068 1106
f 1106 1068 1073
f 1109 1102 1105
f 1105 1110 1109
f 1110 1105 1107
f 1110 1107 1111
f 1112 1113 1111
f 1114 1115 1111
f 1111 1115 1112
f 1113 1110 1111
f 1107 1108 1116
f 1105 1106 1107
f 1107 1103 1108
f 1088 1117 1104
f 1088 1086 1062
f 1087 1088 1085
f 1087 1118 1088
f 1108 1119 1120
f 1104 1119 1108
f 1098 1121 1087
f 1119 1104 1117
f 1118 1117 1088
f 1119 1117 1122
f 1087 1083 1098
f 1086 1088 1104
f 1093 1097 1123
f 1097 1093 1094
f 1099 1097 1090
f 1097 1099 1124
f 1123 1097 1125
f 1096 1124 1099
f 1097 1124 1125
f 1099 1095 1096
f 1098 1093 1126
f 1098 1082 1093
f 1123 1126 1093
f 1108 1120 1116
f 1127 1117 1118
f 1119 1122 1120
f 1116 1120 1114
f 1114 1122 1128
f 1122 1114 1120
f 1122 1117 1128
f 1128 1117 1127
f 1121 1129 1118
f 1116 1114 1111
f 1098 1126 1121
f 1129 1127 1118
f 1118 1087 1121
f 1126 1130 1121
f 1116 1111 1107
f 1076 1060 1086
f 1121 1130 1129
f 1067 1052 1053
f 1037 1036 1091
f 1131 1003 1002
f 1002 1044 1131
f 1001 1043 1039
f 991 1000 1016
f 1021 1027 1028
f 1046 1032 1048
f 1069 1064 1071
f 1132 1133 1134
f 1134 1133 1135
f 1134 1136 1132
f 1137 1138 1139
f 1140 1141 1142
f 1140 1142 1143
f 1143 1136 1140
f 1144 1140 1136
f 1145 1140 1144
f 1146 1144 1136
f 1132 1136 1143
f 1147 1136 1134
f 1135 1148 1149
f 1150 1134 1135
f 1150 1135 1149
f 1149 1151 1152
f 1152 1150 1149
f 1153 1154 1155
f 1147 1156 1136
f 1147 1150 1157
f 1156 1158 1146
f 1159 1156 1147
f 1157 1152 1160
f 1157 1150 1152
f 1161 1162 1157
f 1159 1157 1162
f 1159 1147 1157
f 1160 1152 1151
f 1156 1163 1164
f 1147 1134 1150
f 1146 1136 1156
f 1157 1160 1161
f 1158 1144 1146
f 1165 1156 1164
f 1163 1156 1159
f 1164 1163 1166
f 1166 1167 1168
f 1167 1169 1168
f 1170 1167 1163
f 1171 1172 1162
f 1172 1159 1162
f 1163 1172 1170
f 1137 1170 1172
f 1172 1163 1159
f 1173 1174 1169
f 1175 1162 1161
f 1160 1176 1161
f 1155 1177 1153
f 1178 1175 1179
f 1179 1161 1176
f 1162 1175 1171
f 1180 1171 1175
f 1175 1178 1180
f 1180 1138 1171
f 1137 1171 1138
f 1137 1172 1171
f 1179 1176 1178
f 1175 1161 1179
f 1181 1182 1183
f 1139 1153 1137
f 1184 1153 1177
f 1154 1153 1139
f 1184 1185 1173
f 1153 1170 1137
f 1186 1184 1187
f 1188 1189 1187
f 1185 1184 1186
f 1177 1190 1184
f 1191 1188 1184
f 1184 1190 1191
f 1192 1191 1193
f 1188 1187 1184
f 1194 1190 1177
f 1192 1195 1188
f 1173 1153 1184
f 1185 1174 1173
f 1191 1190 1194
f 1193 1191 1194
f 1153 1173 1170
f 1189 1195 1196
f 1197 1198 1199
f 1199 1200 1201
f 1195 1202 1196
f 1202 1203 1196
f 1204 1205 1202
f 1204 1202 1195
f 1192 1204 1195
f 1205 1204 1206
f 1207 1205 1206
f 1208 1204 1192
f 1188 1191 1192
f 1199 1209 1197
f 1199 1210 1209
f 1210 1201 1211
f 1212 1210 1206
f 1210 1211 1206
f 1213 1197 1209
f 1199 1201 1210
f 1214 1197 1213
f 1215 1209 1210
f 1197 1214 1198
f 1207 1206 1211
f 1216 1207 1211
f 1208 1206 1204
f 1217 1218 1219
f 1218 1217 1220
f 1221 1222 1223
f 1221 1223 1224
f 1221 1224 1225
f 1223 1222 1226
f 1227 1224 1228
f 1220 1229 1218
f 1221 1230 1222
f 1231 1232 1219
f 1233 1220 1217
f 1229 1220 1227
f 1227 1220 1234
f 1235 1214 1236
f 1231 1235 1232
f 1233 1232 1237
f 1220 1233 1234
f 1232 1233 1217
f 1232 1235 1238
f 1227 1239 1225
f 1240 1214 1235
f 1241 1230 1225
f 1221 1225 1230
f 1230 1242 1243
f 1239 1234 1244
f 1241 1225 1239
f 1241 1245 1242
f 1242 1245 1246
f 1241 1242 1230
f 1241 1239 1247
f 1227 1234 1239
f 1225 1224 1227
f 1234 1233 1248
f 1245 1241 1249
f 1250 1251 1208
f 1251 1212 1206
f 1206 1208 1251
f 1212 1215 1210
f 1252 1212 1251
f 1215 1212 1253
f 1254 1209 1215
f 1255 1212 1252
f 1254 1215 1256
f 1254 1236 1213
f 1251 1250 1252
f 1209 1254 1213
f 1252 1257 1255
f 1258 1255 1257
f 1253 1258 1259
f 1255 1258 1253
f 1215 1253 1256
f 1260 1256 1253
f 1259 1261 1262
f 1259 1263 1264
f 1262 1263 1259
f 1259 1258 1261
f 1259 1260 1253
f 1253 1212 1255
f 1256 1265 1254
f 1254 1266 1238
f 1235 1236 1238
f 1232 1238 1237
f 1238 1267 1237
f 1254 1265 1266
f 1267 1238 1266
f 1237 1183 1248
f 1268 1266 1265
f 1248 1233 1237
f 1265 1256 1269
f 1270 1247 1244
f 1239 1244 1247
f 1241 1247 1249
f 1271 1249 1247
f 1272 1247 1270
f 1249 1271 1246
f 1272 1271 1247
f 1246 1245 1249
f 1273 1244 1248
f 1244 1234 1248
f 1244 1273 1270
f 1256 1260 1269
f 1267 1266 1274
f 1269 1268 1265
f 1264 1269 1260
f 1275 1268 1264
f 1269 1264 1268
f 1275 1266 1268
f 1274 1266 1275
f 1267 1181 1183
f 1259 1264 1260
f 1183 1273 1248
f 1267 1274 1181
f 1183 1237 1267
f 1254 1238 1236
f 1236 1214 1213
f 1183 1182 1273
f 1192 1193 1208
f 1243 1222 1230
f 1228 1229 1227
f 1232 1217 1219
f 1231 1240 1235
f 1214 1240 1198
f 1200 1211 1201
f 1216 1205 1207
f 1203 1202 1205
f 1188 1195 1189
f 1185 1186 1174
f 1169 1170 1173
f 1170 1169 1167
f 1167 1166 1163
f 1164 1166 1165
f 1165 1158 1156
f 1145 1141 1140
f 1276 1277 1278
f 1279 1280 1281
f 1282 1283 1284
f 1282 1284 1280
f 1285 1281 1277
f 1286 1287 1288
f 1289 1290 1291
f 1292 1291 1287
f 1293 1294 1295
f 1296 1297 1298
f 1299 1298 1294
f 1289 1295 1290
f 1300 1288 1283
f 1301 1302 1303
f 1276 1304 1305
f 1305 1302 1301
f 1305 1304 1302
f 1278 1304 1276
f 1279 1281 1285
f 1276 1285 1277
f 1280 1279 1282
f 1286 1292 1287
f 1292 1289 1291
f 1293 1295 1289
f 1283 1282 1300
f 1293 1299 1294
f 1298 1299 1296
f 1300 1286 1288
f 1296 1306 1297
f 1306 1307 1297
f 1308 1309 1310
f 1311 1312 1310
f 1311 1313 1314
f 1315 1316 1317
f 1315 1309 1308
f 1317 1318 1319
f 1320 1313 1307
f 1321 1322 1323
f 1324 1322 1325
f 1326 1327 1328
f 1326 1329 1330
f 1331 1327 1332
f 1330 1333 1334
f 1335 1323 1319
f 1336 1332 1324
f 1313 1320 1314
f 1310 1312 1308
f 1312 1311 1314
f 1317 1316 1318
f 1323 1335 1321
f 1335 1319 1318
f 1316 1315 1308
f 1324 1325 1336
f 1331 1332 1336
f 1326 1328 1329
f 1334 1333 1337
f 1333 1330 1329
f 1328 1327 1338
f 1325 1322 1321
f 1306 1320 1307
f 1339 1340 1341
f 1342 1343 1344
f 1343 1341 1340
f 1340 1345 1343
f 1346 1347 1343
f 1343 1345 1348
f 1348 1345 1349
f 1350 1351 1352
f 1353 1352 1354
f 1348 1349 1351
f 1355 1354 1356
f 1350 1357 1348
f 1350 1348 1351
f 1358 1347 1346
f 1346 1343 1359
f 1346 1359 1360
f 1357 1359 1348
f 1343 1348 1359
f 1353 1355 1361
f 1355 1353 1354
f 1362 1355 1356
f 1362 1363 1355
f 1357 1364 1365
f 1357 1350 1364
f 1361 1364 1353
f 1364 1361 1366
f 1363 1361 1355
f 1364 1350 1353
f 1350 1352 1353
f 1359 1357 1367
f 1356 1368 1362
f 1369 1370 1368
f 1371 1372 1373
f 1372 1369 1373
f 1374 1371 1375
f 1376 1377 1378
f 1379 1380 1376
f 1381 1382 1383
f 1384 1383 1385
f 1375 1378 1386
f 1387 1379 1382
f 1372 1388 1370
f 1372 1370 1369
f 1389 1363 1362
f 1389 1370 1388
f 1374 1390 1372
f 1363 1389 1391
f 1372 1371 1374
f 1362 1370 1389
f 1392 1374 1386
f 1377 1386 1378
f 1380 1377 1376
f 1393 1386 1377
f 1394 1380 1387
f 1381 1387 1382
f 1384 1381 1383
f 1395 1387 1381
f 1380 1379 1387
f 1396 1377 1380
f 1374 1375 1386
f 1397 1381 1384
f 1398 1399 1384
f 1370 1362 1368
f 1361 1363 1400
f 1401 1358 1402
f 1403 1401 1402
f 1402 1358 1346
f 1402 1360 1404
f 1360 1402 1346
f 1367 1360 1359
f 1357 1365 1367
f 1364 1366 1365
f 1367 1365 1405
f 1366 1400 1406
f 1366 1361 1400
f 1400 1363 1391
f 1400 1391 1407
f 1408 1391 1389
f 1365 1366 1409
f 1388 1408 1389
f 1360 1367 1410
f 1411 1401 1403
f 1404 1360 1412
f 1412 1360 1410
f 1343 1413 1414
f 1402 1404 1403
f 1343 1415 1413
f 1365 1409 1405
f 1405 1410 1367
f 1366 1406 1409
f 1343 1414 1416
f 1343 1416 1417
f 1406 1400 1407
f 1407 1391 1418
f 1408 1419 1418
f 1418 1391 1408
f 1390 1420 1388
f 1343 1347 1415
f 1390 1392 1421
f 1392 1390 1374
f 1390 1421 1420
f 1392 1393 1422
f 1392 1422 1421
f 1420 1421 1423
f 1392 1386 1393
f 1424 1408 1420
f 1394 1425 1396
f 1394 1396 1380
f 1395 1394 1387
f 1396 1425 1426
f 1426 1422 1393
f 1395 1427 1394
f 1428 1395 1397
f 1422 1426 1429
f 1395 1381 1397
f 1426 1393 1396
f 1393 1377 1396
f 1421 1422 1430
f 1430 1422 1429
f 1423 1424 1420
f 1423 1421 1430
f 1419 1408 1424
f 1425 1427 1431
f 1427 1425 1394
f 1428 1427 1395
f 1427 1428 1432
f 1431 1433 1425
f 1432 1431 1427
f 1428 1434 1432
f 1433 1429 1426
f 1425 1433 1426
f 1397 1399 1435
f 1408 1388 1420
f 1388 1372 1390
f 1343 1417 1436
f 1398 1384 1385
f 1437 1438 1439
f 1398 1439 1440
f 1439 1398 1437
f 1441 1439 1438
f 1439 1441 1442
f 1438 1443 1441
f 1437 1398 1385
f 1444 1445 1446
f 1447 1446 1448
f 1449 1443 1450
f 1443 1449 1441
f 1444 1450 1445
f 1451 1448 1452
f 1398 1440 1399
f 1449 1453 1441
f 1440 1442 1454
f 1440 1439 1442
f 1442 1441 1453
f 1442 1453 1455
f 1444 1456 1449
f 1399 1440 1457
f 1444 1447 1458
f 1447 1444 1446
f 1451 1447 1448
f 1447 1451 1459
f 1456 1458 1460
f 1458 1456 1444
f 1459 1458 1447
f 1458 1459 1461
f 1451 1462 1463
f 1456 1453 1449
f 1449 1450 1444
f 1453 1456 1464
f 1451 1452 1462
f 1428 1397 1435
f 1465 1466 1467
f 1468 1469 1470
f 1471 1467 1468
f 1472 1473 1469
f 1474 1475 1476
f 1477 1476 1478
f 1479 1480 1481
f 1478 1479 1482
f 1472 1475 1483
f 1481 1482 1479
f 1465 1484 1462
f 1465 1462 1466
f 1471 1485 1465
f 1484 1463 1462
f 1470 1471 1468
f 1470 1486 1471
f 1465 1467 1471
f 1463 1459 1451
f 1487 1473 1483
f 1483 1473 1472
f 1474 1483 1475
f 1488 1483 1474
f 1489 1477 1482
f 1482 1477 1478
f 1490 1482 1481
f 1474 1477 1491
f 1474 1476 1477
f 1470 1473 1492
f 1470 1469 1473
f 1489 1482 1490
f 1466 1462 1452
f 1459 1463 1493
f 1435 1457 1494
f 1435 1399 1457
f 1454 1455 1495
f 1454 1442 1455
f 1455 1453 1464
f 1455 1464 1496
f 1440 1454 1457
f 1457 1454 1497
f 1460 1458 1461
f 1460 1464 1456
f 1485 1484 1465
f 1484 1485 1498
f 1461 1493 1499
f 1461 1459 1493
f 1493 1463 1500
f 1493 1500 1501
f 1500 1498 1502
f 1460 1461 1503
f 1484 1500 1463
f 1464 1460 1504
f 1497 1454 1495
f 1455 1496 1495
f 1457 1497 1494
f 1494 1434 1435
f 1499 1503 1461
f 1493 1501 1499
f 1503 1504 1460
f 1504 1505 1464
f 1500 1502 1501
f 1464 1505 1496
f 1484 1498 1500
f 1434 1428 1435
f 1486 1492 1506
f 1492 1486 1470
f 1498 1507 1508
f 1498 1485 1507
f 1506 1507 1486
f 1507 1506 1509
f 1487 1510 1492
f 1507 1485 1486
f 1487 1488 1511
f 1488 1487 1483
f 1491 1488 1474
f 1491 1512 1488
f 1487 1511 1510
f 1511 1488 1512
f 1513 1491 1489
f 1510 1511 1514
f 1491 1477 1489
f 1510 1506 1492
f 1492 1473 1487
f 1506 1510 1515
f 1343 1516 1517
f 1508 1507 1509
f 1343 1517 1344
f 1515 1510 1514
f 1514 1511 1518
f 1506 1515 1509
f 1519 1512 1513
f 1513 1512 1491
f 1513 1489 1490
f 1520 1513 1521
f 1520 1519 1513
f 1522 1520 1521
f 1512 1519 1518
f 1511 1512 1518
f 1341 1343 1342
f 1490 1521 1513
f 1498 1508 1502
f 1485 1471 1486
f 1397 1384 1399
f 1343 1436 1516
f 1523 1334 1337
f 1524 1525 1526
f 1527 1528 1529
f 1530 1527 1525
f 1531 1529 1532
f 1531 1533 1534
f 1526 1523 1535
f 1536 1534 1537
f 1538 1539 1540
f 1539 1536 1541
f 1542 1543 1544
f 1545 1546 1547
f 1546 1542 1548
f 1543 1538 1549
f 1550 1545 1551
f 1535 1523 1337
f 1524 1526 1535
f 1525 1524 1530
f 1528 1527 1530
f 1533 1531 1532
f 1528 1532 1529
f 1534 1533 1537
f 1552 1536 1537
f 1540 1539 1541
f 1552 1541 1536
f 1544 1543 1549
f 1547 1546 1548
f 1551 1545 1547
f 1544 1548 1542
f 1540 1549 1538
f 1551 1553 1550
f 1553 1554 1550
f 1555 1556 1553
f 1557 1558 1559
f 1558 1556 1555
f 1560 1561 1562
f 1563 1564 1565
f 1566 1561 1557
f 1560 1567 1564
f 1568 1563 1569
f 1570 1568 1571
f 1572 1573 1574
f 1575 1576 1577
f 1576 1572 1578
f 1573 1579 1580
f 1303 1575 1301
f 1559 1558 1555
f 1562 1561 1566
f 1559 1566 1557
f 1565 1564 1567
f 1581 1568 1569
f 1565 1569 1563
f 1562 1567 1560
f 1582 1570 1571
f 1582 1583 1584
f 1583 1579 1584
f 1571 1568 1581
f 1580 1579 1583
f 1578 1572 1574
f 1577 1576 1578
f 1580 1574 1573
f 1577 1301 1575
f 1584 1570 1582
f 1554 1553 1556
f 1585 1586 1587
f 1588 1589 1587
f 1590 1585 1587
f 1591 1592 1585
f 1593 1585 1592
f 1594 1595 1592
f 1589 1596 1587
f 1590 1597 1591
f 1598 1599 1591
f 1591 1599 1592
f 1590 1591 1585
f 1600 1590 1596
f 1596 1590 1587
f 1589 1601 1596
f 1602 1592 1599
f 1603 1594 1604
f 1605 1606 1604
f 1607 1605 1604
f 1608 1605 1609
f 1610 1609 1605
f 1609 1610 1611
f 1612 1604 1594
f 1613 1610 1607
f 1612 1614 1607
f 1610 1605 1607
f 1615 1612 1602
f 1607 1604 1612
f 1602 1612 1594
f 1592 1602 1594
f 1602 1616 1617
f 1602 1599 1616
f 1618 1616 1599
f 1619 1620 1618
f 1620 1621 1618
f 1620 1622 1623
f 1624 1625 1622
f 1622 1620 1626
f 1622 1625 1627
f 1627 1625 1628
f 1629 1627 1628
f 1622 1627 1623
f 1621 1620 1623
f 1630 1621 1623
f 1623 1627 1631
f 1628 1625 1632
f 1633 1618 1621
f 1634 1635 1636
f 1636 1637 1638
f 1639 1636 1635
f 1640 1616 1641
f 1642 1635 1641
f 1635 1643 1641
f 1616 1633 1641
f 1644 1642 1633
f 1633 1642 1641
f 1639 1635 1642
f 1645 1637 1639
f 1637 1636 1639
f 1642 1646 1639
f 1616 1618 1633
f 1621 1647 1633
f 1618 1599 1648
f 1649 1650 1651
f 1652 1653 1654
f 1655 1656 1657
f 1657 1653 1658
f 1659 1654 1660
f 1661 1662 1660
f 1663 1649 1656
f 1664 1665 1666
f 1667 1668 1669
f 1669 1670 1671
f 1672 1667 1673
f 1673 1665 1674
f 1666 1675 1676
f 1661 1677 1678
f 1677 1671 1679
f 1663 1650 1649
f 1658 1655 1657
f 1663 1656 1655
f 1659 1652 1654
f 1678 1662 1661
f 1659 1660 1662
f 1658 1653 1652
f 1679 1680 1677
f 1668 1670 1669
f 1679 1671 1670
f 1674 1672 1673
f 1676 1664 1666
f 1681 1676 1675
f 1674 1665 1664
f 1668 1667 1672
f 1678 1677 1680
f 1675 1682 1681
f 1683 1684 1685
f 1686 1687 1688
f 1689 1684 1687
f 1690 1691 1692
f 1688 1690 1693
f 1694 1695 1691
f 1696 1697 1694
f 1698 1699 1700
f 1701 1702 1703
f 1704 1705 1700
f 1706 1704 1702
f 1707 1708 1709
f 97 1708 70
f 1696 1699 1710
f 1703 1707 1711
f 1683 1681 1682
f 1683 1685 1681
f 1685 1684 1689
f 1686 1689 1687
f 1686 1688 1693
f 1692 1691 1695
f 1690 1692 1693
f 1697 1695 1694
f 1696 1712 1697
f 1698 1710 1699
f 1712 1696 1710
f 1709 1711 1707
f 1700 1705 1698
f 1702 1701 1706
f 1703 1711 1701
f 1706 1705 1704
f 1708 97 1709
f 1713 1714 1715
f 1716 1715 1717
f 1718 1717 1719
f 1713 1715 1716
f 1719 1720 1718
f 1718 1716 1717
f 1720 1721 1722
f 1720 1719 1721
f 1723 1722 1721
f 1724 1725 1726
f 1723 1725 1727
f 1728 1726 1651
f 1727 1729 1723
f 1728 1724 1726
f 1650 1728 1651
f 1727 1725 1724
f 1730 1731 1732
f 1733 1732 1731
f 1734 1735 1733
f 1732 1733 1735
f 1736 1737 1738
f 1739 1738 1737
f 1738 1739 1730
f 1731 1730 1739
f 1740 1741 1742
f 1743 1742 1741
f 1744 1745 1740
f 1741 1740 1745
f 1746 1747 1734
f 1735 1734 1747
f 1742 1743 1746
f 1747 1746 1743
f 1748 1749 1750
f 1748 1750 1751
f 1752 1751 1750
f 1748 1753 1749
f 1754 1755 1753
f 1755 1754 1756
f 1756 1757 1755
f 1748 1754 1753
f 1758 1759 1760
f 1760 1736 1758
f 1758 1761 1759
f 1737 1736 1760
f 1762 1763 1752
f 1751 1752 1763
f 1764 1761 1762
f 1763 1762 1761
f 1759 1761 1764
f 1765 1766 1744
f 1766 1745 1744
f 1765 1767 1768
f 1768 1766 1765
f 1767 1769 1770
f 1771 1772 1769
f 1770 1769 1772
f 1768 1767 1770
f 1773 1774 1771
f 1772 1771 1774
f 1775 1776 1773
f 1774 1773 1776
f 1777 1778 1775
f 1776 1775 1778
f 1779 1780 1777
f 1778 1777 1780
f 1781 1780 1779
f 1779 1782 1781
f 1783 1781 1782
f 1782 1784 1783
f 1785 1783 1784
f 1786 1787 1785
f 1788 1787 1789
f 1786 1789 1787
f 1784 1786 1785
f 1789 1790 1788
f 1790 1791 1788
f 1791 1790 1792
f 1792 1793 1791
f 1794 1795 1793
f 1794 1796 1795
f 1797 1795 1796
f 1798 1797 1796
f 1792 1794 1793
f 1799 1800 1757
f 1800 1799 1801
f 1801 1802 1800
f 1801 1803 1804
f 1805 1806 1803
f 1804 1803 1806
f 1802 1801 1804
f 1807 1808 1805
f 1806 1805 1808
f 1809 1810 1807
f 1808 1807 1810
f 1807 1811 1809
f 1812 1809 1811
f 1813 1814 1812
f 1815 1814 1813
f 1811 1813 1812
f 1816 1817 1815
f 1814 1815 1817
f 1816 1818 1819
f 1819 1817 1816
f 1818 1820 1821
f 1822 1823 1820
f 1821 1820 1823
f 1819 1818 1821
f 1824 1825 1822
f 1823 1822 1825
f 1824 1826 1827
f 1828 1825 1824
f 1827 1826 1829
f 1830 1829 1831
f 1829 1826 1831
f 1832 1830 1831
f 1828 1824 1827
f 1833 1834 1835
f 1836 1835 1837
f 1834 1837 1835
f 1833 1838 1834
f 1839 1840 1841
f 1841 1838 1833
f 1839 1842 1840
f 1840 1838 1841
f 1843 1844 1845
f 1845 1798 1843
f 1843 1846 1844
f 1845 1797 1798
f 1847 1836 1848
f 1837 1848 1836
f 1847 1849 1846
f 1844 1846 1849
f 1848 1849 1847
f 1850 1851 1852
f 1851 1853 1854
f 1853 1851 1850
f 1850 1852 1855
f 1856 1830 1832
f 1857 1855 1852
f 1858 1859 1860
f 1860 1842 1839
f 1858 1861 1859
f 1860 1859 1842
f 1862 1863 1857
f 1855 1857 1863
f 1858 1864 1861
f 1862 1861 1864
f 1863 1862 1864
f 1799 1757 1756
f 1865 1866 1867
f 1865 1868 1869
f 1870 1871 1868
f 1872 1867 1873
f 1873 1874 1875
f 1876 1874 1873
f 1867 1866 1873
f 1877 1878 1879
f 1870 1877 1880
f 1881 1878 1882
f 1866 1883 1873
f 1872 1873 1875
f 1884 1882 1885
f 1886 1887 1888
f 1889 1890 1891
f 1890 1892 1893
f 1894 1895 1893
f 1896 1897 1898
f 1885 1899 1900
f 1900 1899 1898
f 1888 1895 1901
f 1902 1903 1896
f 1904 1902 1887
f 1891 1905 1889
f 1866 1865 1869
f 1873 1883 1906
f 1869 1883 1866
f 1868 1907 1869
f 1868 1871 1907
f 1880 1871 1870
f 1877 1879 1880
f 1878 1881 1879
f 1885 1900 1884
f 1898 1897 1900
f 1882 1884 1881
f 1896 1903 1897
f 1892 1894 1893
f 1894 1908 1895
f 1909 1892 1889
f 1910 1911 1889
f 1889 1911 1912
f 1905 1910 1889
f 1894 1892 1909
f 1890 1889 1892
f 1901 1886 1888
f 1908 1901 1895
f 1889 1912 1909
f 1886 1904 1887
f 1902 1904 1903
f 1876 1873 1906
f 1913 1914 1915
f 1916 1915 1917
f 1914 1917 1915
f 1918 1915 1916
f 1913 1919 1914
f 1920 1921 1922
f 1923 1913 1915
f 1922 1913 1920
f 1921 1920 1924
f 1920 1913 1925
f 1924 1926 1921
f 1919 1913 1922
f 1924 1920 1927
f 1928 1915 1929
f 1930 1928 1931
f 1915 1918 1929
f 1931 1928 1929
f 1930 1925 1923
f 1923 1915 1928
f 1932 1927 1925
f 1920 1925 1927
f 1933 1932 1930
f 1925 1930 1932
f 1934 1932 1933
f 1931 1933 1930
f 1927 1935 1936
f 1923 1928 1930
f 1925 1913 1923
f 1924 1936 1937
f 1937 1938 1926
f 1937 1939 1940
f 1938 1937 1940
f 1936 1939 1937
f 1936 1924 1927
f 1940 1941 1938
f 1927 1932 1935
f 1942 1943 1941
f 1944 1940 1939
f 1944 1942 1940
f 1943 1942 1945
f 1945 1942 1944
f 1941 1940 1942
f 1946 1939 1936
f 1947 1946 1935
f 1946 1936 1935
f 1935 1934 1947
f 1946 1947 1948
f 1948 1949 1946
f 1935 1932 1934
f 1950 1944 1949
f 1945 1944 1950
f 1951 1950 1949
f 1949 1952 1951
f 1953 1951 1952
f 1948 1952 1949
f 1939 1946 1949
f 1939 1949 1944
f 1926 1924 1937
f 1954 1955 1956
f 1957 1958 1959
f 1959 1956 1960
f 1959 1958 1954
f 1954 1956 1959
f 1956 1955 1961
f 1962 1963 1964
f 1965 1962 1964
f 1966 1967 1961
f 1968 1969 1970
f 1963 1968 1971
f 1967 1965 1961
f 1955 1966 1961
f 1970 1969 1972
f 1973 1959 1974
f 1956 1961 1975
f 1959 1960 1976
f 1974 1959 1976
f 1960 1956 1975
f 1961 1977 1975
f 1968 1978 1971
f 1979 1977 1961
f 1978 1970 1980
f 1981 1970 1982
f 1979 1965 1964
f 1980 1970 1981
f 1961 1965 1979
f 1964 1963 1971
f 1978 1968 1970
f 1972 1983 1970
f 1984 1982 1970
f 1982 1985 1986
f 1985 1982 1984
f 1986 1987 1988
f 1986 1985 1989
f 1989 1987 1986
f 1982 1986 1988
f 1989 1990 1987
f 1982 1991 1981
f 1990 1992 1993
f 1992 1994 1995
f 1996 1994 1997
f 1998 1999 2000
f 1999 1998 2001
f 1997 1998 2000
f 2000 1996 1997
f 1990 1993 1987
f 2002 2000 1999
f 1988 1987 2003
f 1988 1991 1982
f 1995 1993 1992
f 2004 1993 1995
f 1987 2005 2003
f 1993 2004 2005
f 1995 2006 2004
f 1993 2005 1987
f 1996 2002 2007
f 2002 1996 2000
f 2007 2008 2009
f 2008 2007 2002
f 2002 1999 2008
f 1996 2007 2006
f 2006 2007 2010
f 2009 2011 2010
f 2007 2009 2010
f 1996 2006 1995
f 1995 1994 1996
f 1970 1983 1984
f 2012 2013 2014
f 2015 2012 2016
f 2012 2015 2013
f 2016 2012 2017
f 2013 2018 2014
f 2019 2020 2021
f 2012 2014 2022
f 2021 2014 2019
f 2023 2021 2020
f 2024 2014 2021
f 2020 2025 2023
f 2019 2014 2018
f 2026 2021 2023
f 2027 2012 2028
f 2029 2028 2030
f 2017 2012 2027
f 2029 2027 2028
f 2022 2024 2031
f 2028 2012 2022
f 2026 2032 2024
f 2026 2024 2021
f 2031 2033 2030
f 2032 2033 2031
f 2031 2030 2028
f 2024 2032 2031
f 2031 2028 2022
f 2022 2014 2024
f 2034 2035 2023
f 2025 2036 2034
f 2037 2038 2034
f 2037 2034 2036
f 2035 2034 2038
f 2026 2023 2035
f 2036 2039 2037
f 2035 2040 2026
f 2039 2041 2042
f 2042 2043 2044
f 2043 2042 2041
f 2037 2042 2045
f 2039 2042 2037
f 2044 2045 2042
f 2040 2032 2026
f 2035 2038 2046
f 2047 2040 2048
f 2040 2047 2032
f 2046 2048 2040
f 2035 2046 2040
f 2032 2047 2033
f 2046 2038 2049
f 2049 2038 2045
f 2050 2045 2044
f 2049 2045 2050
f 2051 2049 2052
f 2049 2051 2046
f 2052 2049 2050
f 2046 2051 2048
f 2038 2037 2045
f 2034 2023 2025
f 2053 2054 2055
f 2056 2055 2054
f 2057 2058 2059
f 2059 2060 2057
f 2061 2062 2063
f 2064 2063 2062
f 2065 2066 2067
f 2067 2068 2069
f 2067 2069 2065
f 35 2070 36
f 2071 2072 2073
f 2074 2075 2076
f 2077 2078 2075
f 2079 2072 2080
f 2077 2079 2081
f 2082 2073 2070
f 2083 2084 2085
f 2086 2087 2088
f 2086 2089 2090
f 2084 2091 2087
f 2092 2093 2094
f 2095 2096 2090
f 2097 2085 2074
f 2073 2082 2071
f 2075 2078 2076
f 2076 2097 2074
f 2078 2077 2081
f 2072 2071 2080
f 2081 2079 2080
f 35 2082 2070
f 2091 2084 2083
f 2091 2088 2087
f 2094 2093 2098
f 2083 2085 2097
f 2098 2093 2099
f 2089 2086 2088
f 2100 2096 2095
f 2099 2100 2098
f 2089 2095 2090
f 2100 2099 2096
f 2094 2101 2092
f 2102 2103 2104
f 2105 2106 2107
f 2108 2109 2110
f 2102 2111 2112
f 2113 2103 2106
f 2114 2107 2109
f 2115 2110 2116
f 2117 2118 2119
f 2120 2121 2122
f 2123 2124 2121
f 13 2125 2126
f 2127 2128 2125
f 2129 2127 2120
f 2123 2119 2130
f 2131 2117 2112
f 2116 2101 2115
f 2108 2114 2109
f 2115 2108 2110
f 2104 2103 2113
f 2105 2107 2114
f 2105 2113 2106
f 2104 2111 2102
f 2119 2118 2130
f 2120 2122 2129
f 2128 2127 2129
f 2124 2123 2130
f 2121 2124 2122
f 13 2126 32
f 2126 2125 2128
f 2112 2111 2131
f 2117 2131 2118
f 2092 2101 2116
f 2132 2133 2134
f 2132 2134 2135
f 2136 2135 2134
f 2136 2137 2135
f 2138 2135 2137
f 2139 2137 2136
f 2134 2140 2141
f 2142 2143 2144
f 2142 2144 2145
f 2146 2141 2144
f 2147 2148 2141
f 2145 2144 2141
f 2134 2149 2150
f 2140 2147 2141
f 2134 2141 2149
f 2151 2136 2150
f 2150 2152 2151
f 2150 2153 2154
f 2155 2150 2154
f 2156 2157 2158
f 2158 2154 2156
f 2150 2136 2134
f 2159 2156 2160
f 2161 2162 2160
f 2156 2154 2160
f 2161 2160 2163
f 2164 2165 2163
f 2160 2164 2163
f 2160 2166 2164
f 2154 2167 2160
f 2144 2168 2146
f 2169 2146 2170
f 2169 2170 2171
f 2172 2171 2173
f 2146 2169 2149
f 2174 2175 2169
f 2169 2171 2172
f 2149 2169 2175
f 2176 2177 2178
f 2176 2178 2149
f 2149 2178 2179
f 2149 2180 2181
f 2181 2182 2149
f 2150 2149 2153
f 2149 2175 2176
f 2153 2149 2182
f 2183 2184 2185
f 2185 2186 2187
f 2167 2185 2184
f 2166 2160 2184
f 2188 2189 2166
f 2184 2188 2166
f 2166 2190 2164
f 2184 2160 2167
f 2191 2167 2154
f 2167 2191 2192
f 2187 2186 2193
f 2167 2194 2186
f 2167 2186 2185
f 2191 2154 2153
f 2182 2195 2153
f 2141 2146 2149
f 2196 2197 2198
f 2198 2199 2196
f 2200 2201 2202
f 2203 2204 2200
f 2202 2203 2200
f 2205 2206 2207
f 2208 2209 2205
f 2207 2208 2205
