mtllib LINK5_Mesh.mtl
v -1.344221157874188e-16 0.038500001828651875 -0.20200000959448516
v -0.003773660123773531 0.03831461516213164 -0.20200000959448516
v -0.003773660123773531 0.03831461516213164 -0.19600000930950046
v -0.007510977624971271 0.03776023662627859 -0.20200000959448516
v -0.011175961071601126 0.036842202982820815 -0.20200000959448516
v -0.011175961071601126 0.036842202982820815 -0.19600000930950046
v -0.007510977624971271 0.03776023662627859 -0.19600000930950046
v -0.014733313306606322 0.03556936432983493 -0.20200000959448516
v -0.01814877596272857 0.03395396966082265 -0.20200000959448516
v -0.01814877596272857 0.03395396966082265 -0.19600000930950046
v -0.021389454903883998 0.03201158294136697 -0.20200000959448516
v -0.024424142090260226 0.02976090381835217 -0.20200000959448516
v -0.024424142090260226 0.02976090381835217 -0.19600000930950046
v -0.021389454903883998 0.03201158294136697 -0.19600000930950046
v -0.014733313306606322 0.03556936432983493 -0.19600000930950046
v -0.027223613124717216 0.027223613124717216 -0.20200000959448516
v -0.02976090381835217 0.024424142090260226 -0.20200000959448516
v -0.02976090381835217 0.024424142090260226 -0.19600000930950046
v -0.03201158294136697 0.021389454903883998 -0.20200000959448516
v -0.03395396966082265 0.01814877596272857 -0.20200000959448516
v -0.03395396966082265 0.01814877596272857 -0.19600000930950046
v -0.03201158294136697 0.021389454903883998 -0.19600000930950046
v -0.03556936432983493 0.014733313306606322 -0.20200000959448516
v -0.036842202982820815 0.011175961071601126 -0.20200000959448516
v -0.036842202982820815 0.011175961071601126 -0.19600000930950046
v -0.03776023662627859 0.007510977624971271 -0.20200000959448516
v -0.03831461516213164 0.003773660123773531 -0.20200000959448516
v -0.03831461516213164 0.003773660123773531 -0.19600000930950046
v -0.03776023662627859 0.007510977624971271 -0.19600000930950046
v -0.03556936432983493 0.014733313306606322 -0.19600000930950046
v -0.027223613124717216 0.027223613124717216 -0.19600000930950046
v -1.344221157874188e-16 0.038500001828651875 -0.19600000930950046
v -0.038500001828651875 -1.32064667129175e-16 -0.19600000930950046
v -0.038500001828651875 -1.32064667129175e-16 -0.20200000959448516
v -0.03831461516213164 -0.003773660123773531 -0.20200000959448516
v -0.03776023662627859 -0.007510977624971271 -0.20200000959448516
v -0.03776023662627859 -0.007510977624971271 -0.19600000930950046
v -0.036842202982820815 -0.011175961071601126 -0.20200000959448516
v -0.03556936432983493 -0.014733313306606322 -0.20200000959448516
v -0.03556936432983493 -0.014733313306606322 -0.19600000930950046
v -0.036842202982820815 -0.011175961071601126 -0.19600000930950046
v -0.03395396966082265 -0.01814877596272857 -0.20200000959448516
v -0.03201158294136697 -0.021389454903883998 -0.20200000959448516
v -0.03201158294136697 -0.021389454903883998 -0.19600000930950046
v -0.02976090381835217 -0.024424142090260226 -0.20200000959448516
v -0.027223613124717216 -0.027223613124717216 -0.20200000959448516
v -0.027223613124717216 -0.027223613124717216 -0.19600000930950046
v -0.02976090381835217 -0.024424142090260226 -0.19600000930950046
v -0.03395396966082265 -0.01814877596272857 -0.19600000930950046
v -0.024424142090260226 -0.02976090381835217 -0.20200000959448516
v -0.021389454903883998 -0.03201158294136697 -0.20200000959448516
v -0.021389454903883998 -0.03201158294136697 -0.19600000930950046
v -0.01814877596272857 -0.03395396966082265 -0.20200000959448516
v -0.014733313306606322 -0.03556936432983493 -0.20200000959448516
v -0.014733313306606322 -0.03556936432983493 -0.19600000930950046
v -0.01814877596272857 -0.03395396966082265 -0.19600000930950046
v -0.011175961071601126 -0.036842202982820815 -0.20200000959448516
v -0.007510977624971271 -0.03776023662627859 -0.20200000959448516
v -0.007510977624971271 -0.03776023662627859 -0.19600000930950046
v -0.003773660123773531 -0.03831461516213164 -0.20200000959448516
v 1.2970723202345898e-16 -0.038500001828651875 -0.20200000959448516
v 1.2970723202345898e-16 -0.038500001828651875 -0.19600000930950046
v -0.003773660123773531 -0.03831461516213164 -0.19600000930950046
v -0.011175961071601126 -0.036842202982820815 -0.19600000930950046
v -0.024424142090260226 -0.02976090381835217 -0.19600000930950046
v -0.03831461516213164 -0.003773660123773531 -0.19600000930950046
v 0.002438629027800704 -0.041000001947395504 0.012259816752048791
v 0.004783543337099905 -0.04500000213738531 0.011548494887513305
v 0.002438629027800704 -0.04500000213738531 0.012259816752048791
v 1.4860297943357928e-16 -0.041000001947395504 0.012500000593718141
v 1.4860297943357928e-16 -0.04500000213738531 0.012500000593718141
v 0.006944628091692939 -0.041000001947395504 0.010393371122015549
v 0.008838835182395366 -0.04500000213738531 0.008838835182395366
v 0.006944628091692939 -0.04500000213738531 0.010393371122015549
v 0.010393371122015549 -0.041000001947395504 0.006944628091692939
v 0.011548494887513305 -0.04500000213738531 0.004783543337099905
v 0.010393371122015549 -0.04500000213738531 0.006944628091692939
v 0.008838835182395366 -0.041000001947395504 0.008838835182395366
v 0.004783543337099905 -0.041000001947395504 0.011548494887513305
v 0.011548494887513305 -0.041000001947395504 0.004783543337099905
v 0.012259816752048791 -0.041000001947395504 0.002438629027800704
v 0.012259816752048791 -0.04500000213738531 0.002438629027800704
v 0.002438629027800704 -0.041000001947395504 -0.012259816752048791
v 1.4315082460478366e-16 -0.041000001947395504 -0.012500000593718141
v 1.5711675871256743e-16 -0.04500000213738531 -0.012500000593718141
v 0.012259816752048791 -0.041000001947395504 -0.002438629027800704
v 0.012259816752048791 -0.04500000213738531 -0.002438629027800704
v 0.012500000593718141 -0.04500000213738531 2.2962128319299886e-18
v 0.010393371122015549 -0.041000001947395504 -0.006944628091692939
v 0.010393371122015549 -0.04500000213738531 -0.006944628091692939
v 0.011548494887513305 -0.04500000213738531 -0.004783543337099905
v 0.011548494887513305 -0.041000001947395504 -0.004783543337099905
v 0.006944628091692939 -0.041000001947395504 -0.010393371122015549
v 0.006944628091692939 -0.04500000213738531 -0.010393371122015549
v 0.008838835182395366 -0.04500000213738531 -0.008838835182395366
v 0.002438629027800704 -0.04500000213738531 -0.012259816752048791
v 0.004783543337099905 -0.04500000213738531 -0.011548494887513305
v 0.004783543337099905 -0.041000001947395504 -0.011548494887513305
v 0.008838835182395366 -0.041000001947395504 -0.008838835182395366
v 0.012500000593718141 -0.041000001947395504 2.2962128319299886e-18
v 0.005740251813785013 -0.04000000189989805 0.013858194055750839
v 0.005740251813785013 -0.041000001947395504 0.013858194055750839
v 0.002926355024095717 -0.041000001947395504 0.014711780293193422
v 1.380816913166654e-16 -0.04000000189989805 0.01500000071246177
v 1.395681190132174e-16 -0.041000001947395504 0.01500000071246177
v 0.008333038725876207 -0.04000000189989805 0.012471274014594913
v 0.010606602218874439 -0.041000001947395504 0.010606602218874439
v 0.008333553710031527 -0.041000001947395504 0.01247204458347917
v 0.013858194055750839 -0.04000000189989805 0.005740251813785013
v 0.013858194055750839 -0.041000001947395504 0.005740251813785013
v 0.01247204458347917 -0.041000001947395504 0.008333553710031527
v 0.010606602218874439 -0.04000000189989805 0.010606602218874439
v 0.0029261743028041742 -0.04000000189989805 0.014710871441526718
v 0.014710871441526718 -0.04000000189989805 0.0029261743028041742
v 0.014711780293193422 -0.041000001947395504 0.002926355024095717
v 0.012471274014594913 -0.04000000189989805 0.008333038725876207
v 0.0029261743028041742 -0.04000000189989805 -0.014710871441526718
v 1.4083166183757423e-16 -0.04000000189989805 -0.01500000071246177
v 1.4315082460478366e-16 -0.041000001947395504 -0.01500000071246177
v 0.01500000071246177 -0.04000000189989805 -2.610891092495533e-17
v 0.014711780293193422 -0.041000001947395504 -0.002926355024095717
v 0.01500000071246177 -0.041000001947395504 2.755455483019285e-18
v 0.013858194055750839 -0.04000000189989805 -0.005740251813785013
v 0.01247204458347917 -0.041000001947395504 -0.008333553710031527
v 0.013858194055750839 -0.041000001947395504 -0.005740251813785013
v 0.010606602218874439 -0.04000000189989805 -0.010606602218874439
v 0.008333553710031527 -0.041000001947395504 -0.01247204458347917
v 0.010606602218874439 -0.041000001947395504 -0.010606602218874439
v 0.005740251813785013 -0.04000000189989805 -0.013858194055750839
v 0.002926355024095717 -0.041000001947395504 -0.014711780293193422
v 0.005740251813785013 -0.041000001947395504 -0.013858194055750839
v 0.014710871441526718 -0.04000000189989805 -0.0029261743028041742
v 0.008333038725876207 -0.04000000189989805 -0.012471274014594913
v 0.012471274014594913 -0.04000000189989805 -0.008333038725876207
v 0.002438629027800704 0.04500000213738531 0.012259816752048791
v 0.004783543337099905 0.041000001947395504 0.011548494887513305
v 0.002438629027800704 0.041000001947395504 0.012259816752048791
v -1.5166460388377182e-16 0.04500000213738531 0.012500000593718141
v -1.5166460388377182e-16 0.041000001947395504 0.012500000593718141
v 0.006944628091692939 0.04500000213738531 0.010393371122015549
v 0.008838835182395366 0.041000001947395504 0.008838835182395366
v 0.006944628091692939 0.041000001947395504 0.010393371122015549
v 0.010393371122015549 0.04500000213738531 0.006944628091692939
v 0.011548494887513305 0.041000001947395504 0.004783543337099905
v 0.010393371122015549 0.041000001947395504 0.006944628091692939
v 0.008838835182395366 0.04500000213738531 0.008838835182395366
v 0.004783543337099905 0.04500000213738531 0.011548494887513305
v 0.011548494887513305 0.04500000213738531 0.004783543337099905
v 0.012259816752048791 0.04500000213738531 0.002438629027800704
v 0.012259816752048791 0.041000001947395504 0.002438629027800704
v 0.002438629027800704 0.04500000213738531 -0.012259816752048791
v -1.5711675871256743e-16 0.04500000213738531 -0.012500000593718141
v -1.4315082460478366e-16 0.041000001947395504 -0.012500000593718141
v 0.012259816752048791 0.04500000213738531 -0.002438629027800704
v 0.012259816752048791 0.041000001947395504 -0.002438629027800704
v 0.012500000593718141 0.041000001947395504 2.2962128319299886e-18
v 0.010393371122015549 0.04500000213738531 -0.006944628091692939
v 0.010393371122015549 0.041000001947395504 -0.006944628091692939
v 0.011548494887513305 0.041000001947395504 -0.004783543337099905
v 0.011548494887513305 0.04500000213738531 -0.004783543337099905
v 0.006944628091692939 0.04500000213738531 -0.010393371122015549
v 0.006944628091692939 0.041000001947395504 -0.010393371122015549
v 0.008838835182395366 0.041000001947395504 -0.008838835182395366
v 0.002438629027800704 0.041000001947395504 -0.012259816752048791
v 0.004783543337099905 0.041000001947395504 -0.011548494887513305
v 0.004783543337099905 0.04500000213738531 -0.011548494887513305
v 0.008838835182395366 0.04500000213738531 -0.008838835182395366
v 0.012500000593718141 0.04500000213738531 2.2962128319299886e-18
v 0.0029261743028041742 0.04000000189989805 0.014710871441526718
v -1.4123699083901003e-16 0.04000000189989805 0.01500000071246177
v 0.002926355024095717 0.041000001947395504 0.014711780293193422
v 0.005740251813785013 0.041000001947395504 0.013858194055750839
v 0.005740251813785013 0.04000000189989805 0.013858194055750839
v 0.010606602218874439 0.04000000189989805 0.010606602218874439
v 0.008333038725876207 0.04000000189989805 0.012471274014594913
v 0.010606602218874439 0.041000001947395504 0.010606602218874439
v 0.01247204458347917 0.041000001947395504 0.008333553710031527
v 0.012471274014594913 0.04000000189989805 0.008333038725876207
v 0.013858194055750839 0.04000000189989805 0.005740251813785013
v -1.4324204666940398e-16 0.041000001947395504 0.01500000071246177
v 0.008333553710031527 0.041000001947395504 0.01247204458347917
v 0.013858194055750839 0.041000001947395504 0.005740251813785013
v 0.014711780293193422 0.041000001947395504 0.002926355024095717
v 0.014710871441526718 0.04000000189989805 0.0029261743028041742
v 0.0029261743028041742 0.04000000189989805 -0.014710871441526718
v -1.4315082460478366e-16 0.041000001947395504 -0.01500000071246177
v -1.419564674348447e-16 0.04000000189989805 -0.01500000071246177
v 0.013858194055750839 0.041000001947395504 -0.005740251813785013
v 0.013858194055750839 0.04000000189989805 -0.005740251813785013
v 0.014710871441526718 0.04000000189989805 -0.0029261743028041742
v 0.01500000071246177 0.04000000189989805 -2.6330955540426914e-17
v 0.014711780293193422 0.041000001947395504 -0.002926355024095717
v 0.01247204458347917 0.041000001947395504 -0.008333553710031527
v 0.012471274014594913 0.04000000189989805 -0.008333038725876207
v 0.008333038725876207 0.04000000189989805 -0.012471274014594913
v 0.010606602218874439 0.04000000189989805 -0.010606602218874439
v 0.008333553710031527 0.041000001947395504 -0.01247204458347917
v 0.005740251813785013 0.041000001947395504 -0.013858194055750839
v 0.005740251813785013 0.04000000189989805 -0.013858194055750839
v 0.010606602218874439 0.041000001947395504 -0.010606602218874439
v 0.01500000071246177 0.041000001947395504 2.755455483019285e-18
v 0.002926355024095717 0.041000001947395504 -0.014711780293193422
v -0.010606602218874439 0.04000000189989805 -0.010606602218874439
v -0.008333038725876207 0.04000000189989805 -0.012471274014594913
v -0.010606602218874439 0.041000001947395504 -0.010606602218874439
v -0.002926355024095717 0.041000001947395504 -0.014711780293193422
v -0.0029261743028041742 0.04000000189989805 -0.014710871441526718
v -0.014711780293193422 0.041000001947395504 -0.002926355024095717
v -0.014710871441526718 0.04000000189989805 -0.0029261743028041742
v -0.013858194055750839 0.04000000189989805 -0.005740251813785013
v -0.012471274014594913 0.04000000189989805 -0.008333038725876207
v -0.01500000071246177 0.041000001947395504 -9.18485090420346e-19
v -0.01500000071246177 0.04000000189989805 1.6840026936854597e-18
v -0.013858194055750839 0.041000001947395504 -0.005740251813785013
v -0.005740251813785013 0.041000001947395504 -0.013858194055750839
v -0.005740251813785013 0.04000000189989805 -0.013858194055750839
v -0.008333553710031527 0.041000001947395504 -0.01247204458347917
v -0.01247204458347917 0.041000001947395504 -0.008333553710031527
v -0.013858194055750839 0.04000000189989805 0.005740251813785013
v -0.014710871441526718 0.04000000189989805 0.0029261743028041742
v -0.013858194055750839 0.041000001947395504 0.005740251813785013
v -0.010606602218874439 0.04000000189989805 0.010606602218874439
v -0.012471274014594913 0.04000000189989805 0.008333038725876207
v -0.010606602218874439 0.041000001947395504 0.010606602218874439
v -0.01247204458347917 0.041000001947395504 0.008333553710031527
v -0.005740251813785013 0.04000000189989805 0.013858194055750839
v -0.008333038725876207 0.04000000189989805 0.012471274014594913
v -0.008333553710031527 0.041000001947395504 0.01247204458347917
v -1.4324204666940398e-16 0.041000001947395504 0.01500000071246177
v -1.4123699083901003e-16 0.04000000189989805 0.01500000071246177
v -0.0029261743028041742 0.04000000189989805 0.014710871441526718
v -0.005740251813785013 0.041000001947395504 0.013858194055750839
v -0.014711780293193422 0.041000001947395504 0.002926355024095717
v -0.002926355024095717 0.041000001947395504 0.014711780293193422
v -0.002438629027800704 0.041000001947395504 -0.012259816752048791
v -0.004783543337099905 0.04500000213738531 -0.011548494887513305
v -0.006944628091692939 0.041000001947395504 -0.010393371122015549
v -0.004783543337099905 0.041000001947395504 -0.011548494887513305
v -0.002438629027800704 0.04500000213738531 -0.012259816752048791
v -0.008838835182395366 0.04500000213738531 -0.008838835182395366
v -0.010393371122015549 0.041000001947395504 -0.006944628091692939
v -0.008838835182395366 0.041000001947395504 -0.008838835182395366
v -0.011548494887513305 0.04500000213738531 -0.004783543337099905
v -0.012259816752048791 0.041000001947395504 -0.002438629027800704
v -0.011548494887513305 0.041000001947395504 -0.004783543337099905
v -0.010393371122015549 0.04500000213738531 -0.006944628091692939
v -0.006944628091692939 0.04500000213738531 -0.010393371122015549
v -0.012259816752048791 0.04500000213738531 -0.002438629027800704
v -0.012500000593718141 0.04500000213738531 2.0101534866708876e-18
v -0.012500000593718141 0.041000001947395504 -3.5409619001187154e-18
v -0.012259816752048791 0.04500000213738531 0.002438629027800704
v -0.011548494887513305 0.041000001947395504 0.004783543337099905
v -0.012259816752048791 0.041000001947395504 0.002438629027800704
v -0.010393371122015549 0.04500000213738531 0.006944628091692939
v -0.008838835182395366 0.041000001947395504 0.008838835182395366
v -0.010393371122015549 0.041000001947395504 0.006944628091692939
v -0.011548494887513305 0.04500000213738531 0.004783543337099905
v -0.006944628091692939 0.04500000213738531 0.010393371122015549
v -0.004783543337099905 0.041000001947395504 0.011548494887513305
v -0.006944628091692939 0.041000001947395504 0.010393371122015549
v -0.002438629027800704 0.04500000213738531 0.012259816752048791
v -0.002438629027800704 0.041000001947395504 0.012259816752048791
v -0.004783543337099905 0.04500000213738531 0.011548494887513305
v -0.008838835182395366 0.04500000213738531 0.008838835182395366
v -0.002926355024095717 -0.041000001947395504 -0.014711780293193422
v -0.008333038725876207 -0.04000000189989805 -0.012471274014594913
v -0.008333553710031527 -0.041000001947395504 -0.01247204458347917
v -0.005740251813785013 -0.041000001947395504 -0.013858194055750839
v -0.005740251813785013 -0.04000000189989805 -0.013858194055750839
v -0.010606602218874439 -0.04000000189989805 -0.010606602218874439
v -0.01247204458347917 -0.041000001947395504 -0.008333553710031527
v -0.010606602218874439 -0.041000001947395504 -0.010606602218874439
v -0.013858194055750839 -0.04000000189989805 -0.005740251813785013
v -0.014711780293193422 -0.041000001947395504 -0.002926355024095717
v -0.013858194055750839 -0.041000001947395504 -0.005740251813785013
v -0.0029261743028041742 -0.04000000189989805 -0.014710871441526718
v -0.012471274014594913 -0.04000000189989805 -0.008333038725876207
v -0.014710871441526718 -0.04000000189989805 -0.0029261743028041742
v -0.01500000071246177 -0.04000000189989805 1.4619580782138756e-18
v -0.01500000071246177 -0.041000001947395504 -9.18485090420346e-19
v -0.014710871441526718 -0.04000000189989805 0.0029261743028041742
v -0.013858194055750839 -0.041000001947395504 0.005740251813785013
v -0.014711780293193422 -0.041000001947395504 0.002926355024095717
v -0.010606602218874439 -0.04000000189989805 0.010606602218874439
v -0.010606602218874439 -0.041000001947395504 0.010606602218874439
v -0.01247204458347917 -0.041000001947395504 0.008333553710031527
v -0.013858194055750839 -0.04000000189989805 0.005740251813785013
v -0.008333038725876207 -0.04000000189989805 0.012471274014594913
v -0.005740251813785013 -0.041000001947395504 0.013858194055750839
v -0.008333553710031527 -0.041000001947395504 0.01247204458347917
v -0.0029261743028041742 -0.04000000189989805 0.014710871441526718
v -0.002926355024095717 -0.041000001947395504 0.014711780293193422
v -0.005740251813785013 -0.04000000189989805 0.013858194055750839
v -0.012471274014594913 -0.04000000189989805 0.008333038725876207
v -0.002438629027800704 -0.04500000213738531 -0.012259816752048791
v -0.004783543337099905 -0.041000001947395504 -0.011548494887513305
v -0.006944628091692939 -0.04500000213738531 -0.010393371122015549
v -0.004783543337099905 -0.04500000213738531 -0.011548494887513305
v -0.002438629027800704 -0.041000001947395504 -0.012259816752048791
v -0.008838835182395366 -0.041000001947395504 -0.008838835182395366
v -0.010393371122015549 -0.04500000213738531 -0.006944628091692939
v -0.008838835182395366 -0.04500000213738531 -0.008838835182395366
v -0.011548494887513305 -0.041000001947395504 -0.004783543337099905
v -0.012259816752048791 -0.04500000213738531 -0.002438629027800704
v -0.011548494887513305 -0.04500000213738531 -0.004783543337099905
v -0.010393371122015549 -0.041000001947395504 -0.006944628091692939
v -0.006944628091692939 -0.041000001947395504 -0.010393371122015549
v -0.012259816752048791 -0.041000001947395504 -0.002438629027800704
v -0.012500000593718141 -0.041000001947395504 2.0101534866708876e-18
v -0.012500000593718141 -0.04500000213738531 -3.5409619001187154e-18
v -0.012259816752048791 -0.041000001947395504 0.002438629027800704
v -0.011548494887513305 -0.04500000213738531 0.004783543337099905
v -0.012259816752048791 -0.04500000213738531 0.002438629027800704
v -0.010393371122015549 -0.041000001947395504 0.006944628091692939
v -0.008838835182395366 -0.04500000213738531 0.008838835182395366
v -0.010393371122015549 -0.04500000213738531 0.006944628091692939
v -0.011548494887513305 -0.041000001947395504 0.004783543337099905
v -0.006944628091692939 -0.041000001947395504 0.010393371122015549
v -0.004783543337099905 -0.04500000213738531 0.011548494887513305
v -0.006944628091692939 -0.04500000213738531 0.010393371122015549
v -0.002438629027800704 -0.041000001947395504 0.012259816752048791
v -0.002438629027800704 -0.04500000213738531 0.012259816752048791
v -0.004783543337099905 -0.041000001947395504 0.011548494887513305
v -0.008838835182395366 -0.041000001947395504 0.008838835182395366
v 0.003773660123773531 -0.03831461516213164 -0.20200000959448516
v 0.007510977624971271 -0.03776023662627859 -0.20200000959448516
v 0.007510977624971271 -0.03776023662627859 -0.19600000930950046
v 0.003773660123773531 -0.03831461516213164 -0.19600000930950046
v 0.011175961071601126 -0.036842202982820815 -0.20200000959448516
v 0.014733313306606322 -0.03556936432983493 -0.20200000959448516
v 0.014733313306606322 -0.03556936432983493 -0.19600000930950046
v 0.01814877596272857 -0.03395396966082265 -0.20200000959448516
v 0.021389454903883998 -0.03201158294136697 -0.20200000959448516
v 0.021389454903883998 -0.03201158294136697 -0.19600000930950046
v 0.01814877596272857 -0.03395396966082265 -0.19600000930950046
v 0.011175961071601126 -0.036842202982820815 -0.19600000930950046
v 0.024424142090260226 -0.02976090381835217 -0.20200000959448516
v 0.027223613124717216 -0.027223613124717216 -0.20200000959448516
v 0.027223613124717216 -0.027223613124717216 -0.19600000930950046
v 0.02976090381835217 -0.024424142090260226 -0.20200000959448516
v 0.03201158294136697 -0.021389454903883998 -0.20200000959448516
v 0.03201158294136697 -0.021389454903883998 -0.19600000930950046
v 0.02976090381835217 -0.024424142090260226 -0.19600000930950046
v 0.03395396966082265 -0.01814877596272857 -0.20200000959448516
v 0.03556936432983493 -0.014733313306606322 -0.20200000959448516
v 0.03556936432983493 -0.014733313306606322 -0.19600000930950046
v 0.036842202982820815 -0.011175961071601126 -0.20200000959448516
v 0.03776023662627859 -0.007510977624971271 -0.20200000959448516
v 0.03776023662627859 -0.007510977624971271 -0.19600000930950046
v 0.036842202982820815 -0.011175961071601126 -0.19600000930950046
v 0.03395396966082265 -0.01814877596272857 -0.19600000930950046
v 0.024424142090260226 -0.02976090381835217 -0.19600000930950046
v 0.03831461516213164 -0.003773660123773531 -0.19600000930950046
v 0.03831461516213164 -0.003773660123773531 -0.20200000959448516
v 0.003773660123773531 0.03831461516213164 -0.19600000930950046
v 0.038500001828651875 1.2734978336521517e-16 -0.20200000959448516
v 0.03831461516213164 0.003773660123773531 -0.20200000959448516
v 0.03831461516213164 0.003773660123773531 -0.19600000930950046
v 0.03776023662627859 0.007510977624971271 -0.20200000959448516
v 0.036842202982820815 0.011175961071601126 -0.20200000959448516
v 0.036842202982820815 0.011175961071601126 -0.19600000930950046
v 0.03776023662627859 0.007510977624971271 -0.19600000930950046
v 0.03556936432983493 0.014733313306606322 -0.20200000959448516
v 0.03395396966082265 0.01814877596272857 -0.20200000959448516
v 0.03395396966082265 0.01814877596272857 -0.19600000930950046
v 0.03201158294136697 0.021389454903883998 -0.20200000959448516
v 0.02976090381835217 0.024424142090260226 -0.20200000959448516
v 0.02976090381835217 0.024424142090260226 -0.19600000930950046
v 0.03201158294136697 0.021389454903883998 -0.19600000930950046
v 0.03556936432983493 0.014733313306606322 -0.19600000930950046
v 0.027223613124717216 0.027223613124717216 -0.20200000959448516
v 0.024424142090260226 0.02976090381835217 -0.20200000959448516
v 0.024424142090260226 0.02976090381835217 -0.19600000930950046
v 0.021389454903883998 0.03201158294136697 -0.20200000959448516
v 0.01814877596272857 0.03395396966082265 -0.20200000959448516
v 0.01814877596272857 0.03395396966082265 -0.19600000930950046
v 0.021389454903883998 0.03201158294136697 -0.19600000930950046
v 0.014733313306606322 0.03556936432983493 -0.20200000959448516
v 0.011175961071601126 0.036842202982820815 -0.20200000959448516
v 0.011175961071601126 0.036842202982820815 -0.19600000930950046
v 0.007510977624971271 0.03776023662627859 -0.20200000959448516
v 0.003773660123773531 0.03831461516213164 -0.20200000959448516
v 0.007510977624971271 0.03776023662627859 -0.19600000930950046
v 0.014733313306606322 0.03556936432983493 -0.19600000930950046
v 0.027223613124717216 0.027223613124717216 -0.19600000930950046
v 0.038500001828651875 1.2734978336521517e-16 -0.19600000930950046
v 0.020850903547737776 0.04000000189989805 0.00805287017924372
v 0.01806588067986059 0.04000000189989805 0.011134724192201073
v 0.013858194055750839 0.04000000189989805 0.005740251813785013
v 0.012471274014594913 0.04000000189989805 0.008333038725876207
v 0.014832140673360916 0.04000000189989805 0.013734826740320893
v 0.014710871441526718 0.04000000189989805 0.0029261743028041742
v 0.024728965026491467 0.04000000189989805 0.0010000000474974513
v 0.02308597102145149 0.04000000189989805 0.004629441958015346
v 0.02300000109244138 0.04000000189989805 0.0010000000474974513
v 0.02261686241762706 0.04000000189989805 0.0009235993466373202
v 0.02229226027513409 0.04000000189989805 0.0007061167098693089
v 0.008333038725876207 0.04000000189989805 0.012471274014594913
v 0.011307424128687571 0.04000000189989805 0.015761637482646362
v 0.0075097326030920675 0.04000000189989805 0.017218949182113974
v 0.0037960657492273897 0.04000000189989805 0.01803987398001694
v 0.005740251813785013 0.04000000189989805 0.013858194055750839
v 2.4074687423559604e-09 0.04000000189989805 0.01831352702341027
v 0.0029261743028041742 0.04000000189989805 0.014710871441526718
v 0.010606602218874439 0.04000000189989805 0.010606602218874439
v 0.026167651465675013 0.04000000189989805 -0.005204093226612305
v 0.022616643072523868 0.04000000189989805 -0.0009233307084905579
v 0.013858194055750839 0.04000000189989805 -0.005740251813785013
v 0.022293025121972176 0.04000000189989805 -0.0007068634368945226
v 0.014710871441526718 0.04000000189989805 -0.0029261743028041742
v 0.027089488362487257 0.04000000189989805 -0.016577894998223153
v 0.012471274014594913 0.04000000189989805 -0.008333038725876207
v 0.025367991698689307 0.04000000189989805 -0.0010000000474974513
v 0.02300000109244138 0.04000000189989805 -0.0010000000474974513
v 0.0276000016923994 0.04000000189989805 -0.028000001329928637
v 0.008333038725876207 0.04000000189989805 -0.012471274014594913
v 0.022076809978035516 0.04000000189989805 -0.00038282983333274775
v 0.022000369163247546 0.04000000189989805 -5.835263568533983e-07
v 0.022076407527454878 0.04000000189989805 0.0003816009643130454
v 0.01500000071246177 0.04000000189989805 -2.6330955540426914e-17
v 0.010606602218874439 0.04000000189989805 -0.010606602218874439
v 0.005740251813785013 0.04000000189989805 -0.013858194055750839
v 0.0029261743028041742 0.04000000189989805 -0.014710871441526718
v -1.419564674348447e-16 0.04000000189989805 -0.01500000071246177
v -1.4123699083901003e-16 0.04000000189989805 0.01500000071246177
v -0.0029261743028041742 0.04000000189989805 0.014710871441526718
v -0.00371237486352316 0.04000000189989805 0.018049824618306953
v -0.005740251813785013 0.04000000189989805 0.013858194055750839
v -0.007509620546354567 0.04000000189989805 0.017219113214104187
v -0.008333038725876207 0.04000000189989805 0.012471274014594913
v -0.011308771670560658 0.04000000189989805 0.015761256966576043
v -0.010606602218874439 0.04000000189989805 0.010606602218874439
v -0.014832073916155597 0.04000000189989805 0.013734831508692702
v -0.012471274014594913 0.04000000189989805 0.008333038725876207
v -0.01806673135739123 0.04000000189989805 0.011133455805300008
v -0.013858194055750839 0.04000000189989805 0.005740251813785013
v -0.020850533522085435 0.04000000189989805 0.008052736664833082
v -0.014710871441526718 0.04000000189989805 0.0029261743028041742
v -0.023086337232406384 0.04000000189989805 0.004629383783879282
v -0.022293025121972176 0.04000000189989805 0.0007068634368945226
v -0.022076809978035516 0.04000000189989805 0.00038282983333274775
v -0.022616643072523868 0.04000000189989805 0.0009233307084905579
v -0.02300000109244138 0.04000000189989805 0.0010000000474974513
v -0.024728940230958063 0.04000000189989805 0.0010000000474974513
v -0.012471274014594913 0.04000000189989805 -0.008333038725876207
v -0.013858194055750839 0.04000000189989805 -0.005740251813785013
v -0.026167651465675013 0.04000000189989805 -0.005204093226612305
v -0.014710871441526718 0.04000000189989805 -0.0029261743028041742
v -0.01500000071246177 0.04000000189989805 1.6840026936854597e-18
v -0.022076407527454878 0.04000000189989805 -0.0003816009643130454
v -0.02261686241762706 0.04000000189989805 -0.0009235993466373202
v -0.0029261743028041742 0.04000000189989805 -0.014710871441526718
v -0.0276000016923994 0.04000000189989805 -0.028000001329928637
v -0.008333038725876207 0.04000000189989805 -0.012471274014594913
v -0.010606602218874439 0.04000000189989805 -0.010606602218874439
v -0.027089488362487257 0.04000000189989805 -0.016577894998223153
v -0.005740251813785013 0.04000000189989805 -0.013858194055750839
v -0.022000369163247546 0.04000000189989805 5.835263568533983e-07
v -0.02229226027513409 0.04000000189989805 -0.0007061167098693089
v -0.02300000109244138 0.04000000189989805 -0.0010000000474974513
v -0.02536797643989952 0.04000000189989805 -0.0010000000474974513
v 0.020988837285368378 0.04750000225612894 0.007872853176217054
v 0.020850903547737776 0.04000000189989805 0.00805287017924372
v 0.02308597102145149 0.04000000189989805 0.004629441958015346
v 0.01806588067986059 0.04000000189989805 0.011134724192201073
v 0.024728976470583808 0.043000002042390406 0.0010000000474974513
v 0.024728965026491467 0.04000000189989805 0.0010000000474974513
v 0.013554045367293321 0.04750000225612894 0.014554843640231518
v 0.011307424128687571 0.04000000189989805 0.015761637482646362
v 0.014832140673360916 0.04000000189989805 0.013734826740320893
v 0.004509951805702905 0.04750000225612894 0.017924248593055303
v 0.0037960657492273897 0.04000000189989805 0.01803987398001694
v 0.0075097326030920675 0.04000000189989805 0.017218949182113974
v -1.6622213293507156e-16 0.04750000225612894 0.018313548004246227
v 0.009107651189426136 0.04750000225612894 0.016687393981085208
v 0.017591639400621473 0.04750000225612894 0.01157009179710844
v 0.026167651465675013 0.04000000189989805 -0.005204093226612305
v 0.026167651465675013 0.04750000225612894 -0.005204093226612305
v 0.025367995513386754 0.043000002042390406 -0.0010000000474974513
v 0.0253009026146922 0.04750000225612894 -0.0007613420252021788
v 0.02358212201547638 0.04750000225612894 0.003678572352609766
v 0.025367991698689307 0.04000000189989805 -0.0010000000474974513
v 2.4074687423559604e-09 0.04000000189989805 0.01831352702341027
v -0.007509620546354567 0.04000000189989805 0.017219113214104187
v -0.00371237486352316 0.04000000189989805 0.018049824618306953
v -0.00450976393185365 0.04750000225612894 0.017924265759193814
v -0.014832073916155597 0.04000000189989805 0.013734831508692702
v -0.011308771670560658 0.04000000189989805 0.015761256966576043
v -0.01355373637680013 0.04750000225612894 0.01455492851724971
v -0.01806673135739123 0.04000000189989805 0.011133455805300008
v -0.01759138000119509 0.04750000225612894 0.011570190979242057
v -0.009107360318745816 0.04750000225612894 0.01668744547950074
v -0.023086337232406384 0.04000000189989805 0.004629383783879282
v -0.020850533522085435 0.04000000189989805 0.008052736664833082
v -0.02098866562398327 0.04750000225612894 0.007872939006909607
v -0.026167651465675013 0.04000000189989805 -0.005204093226612305
v -0.02536797643989952 0.04000000189989805 -0.0010000000474974513
v -0.025367980254596967 0.043000002042390406 -0.0010000000474974513
v -0.024728945953004233 0.043000002042390406 0.0010000000474974513
v -0.024728940230958063 0.04000000189989805 0.0010000000474974513
v -0.025300881633856243 0.04750000225612894 -0.0007613258127380299
v -0.026167651465675013 0.04750000225612894 -0.005204093226612305
v -0.023582039999481275 0.04750000225612894 0.003678624089443888
v -0.04031552315511888 0.007460485335890887 -0.19400000921450555
v -0.040834154161197844 0.0036840321383305175 -0.19400000921450555
v -0.0401167201976782 0.009022867631321985 -0.1829076930138207
v -0.04130732923250058 -1.4465675438883954e-16 -0.17400000826455653
v -0.041345747050487436 -1.4474017019744718e-16 -0.1715000081458129
v -0.04101888469975723 0.0047929665934678956 -0.17097888995699861
v -0.038771146708473925 0.013878905955538312 -0.1831913081395964
v -0.038121320627804156 0.015091882468840079 -0.19400000921450555
v -0.03941736027066156 0.011281487047072325 -0.19400000921450555
v -0.03685714896741743 0.01853131573004374 -0.18343457902517457
v -0.03903767961908278 0.014694440585948931 -0.1716629262443714
v -0.03641964513193985 0.018831078470111784 -0.19400000921450555
v -0.03727401528970775 0.019387675252530157 -0.17194852501281943
v -0.041767141418647125 0.0015889230529173015 -0.14728536160993677
v -0.04165772063708273 0.0010000000474974513 -0.1520000072196126
v -0.04166363723282274 -5.618786343289215e-10 -0.1520000072196126
v -0.04152775770976724 0.0067487586365888586 -0.14773516021528543
v -0.04160839659909543 0.0010000000474974513 -0.1540000073146075
v -0.04146100050444801 -1.449904040707423e-16 -0.16400000778958201
v -0.04098116115670569 0.011843843068961024 -0.14817124116861535
v -0.04028457832943033 0.009813568581353849 -0.17133641866050375
v -0.04008923911727136 0.016852797355030313 -0.1485880044940746
v -0.0388050517393812 0.0217476244765602 -0.14897569982498915
v -0.034995511763515896 0.023835105120754152 -0.17218090112248952
v -0.034393693650214274 0.022918881551234893 -0.18362737383413652
v -0.034316816052568644 0.022435599439046827 -0.19400000921450555
v -0.03140818935801981 0.026979028075868605 -0.18375829425051116
v -0.031830482087428225 0.025842221533836085 -0.19400000921450555
v -0.027670365694154597 0.030377437127054874 -0.18955895370571518
v -0.025842225348533532 0.031830476365382054 -0.19400000921450555
v -0.02899138016119629 0.028991376346498843 -0.19400000921450555
v -0.027934686080244298 0.030642850423963086 -0.18381548419463378
v -0.02370704763481335 0.033571328804025136 -0.1895324644466445
v -0.024028838345288017 0.03383724754834505 -0.18378788104390864
v -0.02243560134639555 0.0343168122378712 -0.19400000921450555
v -0.03221121750285105 0.02797433223080903 -0.1723455282055042
v -0.028919509353949602 0.03172745092408724 -0.17242650660290515
v -0.033416543640423235 0.029386481727203817 -0.1609949264700905
v -0.030351460944790798 0.0333227898212729 -0.16112215425933663
v -0.03707975182222878 0.026486209220063506 -0.1493195719116347
v -0.0251404621621254 0.03499720548918228 -0.17240798243210342
v -0.026715239840072735 0.03674778540631474 -0.16113166048537408
v -0.022566331027897846 0.039516786544915306 -0.16100467683676456
v -0.020940264742778103 0.037690641286058923 -0.1722795491984641
v -0.03204961166021425 0.03517679381558336 -0.14978073831537486
v -0.01976452730595213 0.03649987584864123 -0.1836685725665621
v -0.019399416891271448 0.036235486797997485 -0.1894194731082699
v -0.0285643305040717 0.03880552094716716 -0.1498309702513545
v -0.04180581100666547 -6.25118803005719e-08 -0.1458754952099639
v -0.04229924975080568 -1.862714213783313e-07 -0.12137645535003294
v -0.04226949892541798 0.003596706084378065 -0.12388133828150849
v -0.04223232851349623 -2.483618854698311e-07 -0.12750194392222802
v -0.04194798478050821 -1.244618820236583e-07 -0.1397509832003152
v -0.04210423860262713 0.008767786442448466 -0.12432660502629034
v -0.04124003796953879 0.019056431721782285 -0.12519708846607358
v -0.04177609069885735 0.013921251004546664 -0.12476615735429686
v -0.04043650246994712 0.024165330127283724 -0.12561219621284092
v -0.042185949421937874 0.012819765699848551 -0.10300000489223748
v -0.042500009648036574 -1.4981633724749352e-16 -0.10300000489223748
v -0.04236616717341768 -1.2418094273491556e-07 -0.11525097440723275
v -0.04154827696733365 0.019979882235614532 -0.11340253224179975
v -0.040893590962116644 0.025139474155486674 -0.11380991904093474
v -0.04101947979255893 0.025588567041807675 -0.10300000489223748
v -0.03996650885631503 0.03028526640734497 -0.11418933647838969
v -0.03929202457134906 0.029225089507624036 -0.125998419070541
v -0.03770858943754618 0.03417360849571782 -0.1263328841132827
v -0.03486293958314679 0.031003850502144825 -0.14959793801372356
v -0.038666925359529536 0.035363813172610836 -0.114517446235185
v -0.03544534470114158 0.03883572190685358 -0.126579374603506
v -0.030493428724971405 0.040929872549533286 -0.13836441697234747
v -0.03228398285664902 0.04288212026188898 -0.12668832236258698
v -0.02824372616450299 0.04594510487392567 -0.12662023764255625
v -0.026423053089134063 0.04391339701375285 -0.1382768620365482
v -0.03368942039288614 0.044363710603256834 -0.11486505672532843
v -0.024457699983699843 0.04167987639985382 -0.14971958108590755
v -0.03667960531884784 0.04018608665605106 -0.11475887843659383
v -0.03999903296674656 0.03168561704453676 -0.10299936402306642
v -0.038712221077013 0.03691293510287963 -0.10300000489223748
v -0.03704781517520406 0.04061187937036692 -0.10883332578698113
v -0.03413841791177097 0.04480700133476123 -0.10893081419493189
v -0.0358667581427885 0.043029630797459806 -0.10299985230433961
v -0.03702685341273382 0.04107751659951475 -0.102999753122206
v -0.034450196948796474 0.044823614342142104 -0.10300000489223748
v 4.519193554197366e-10 0.04899859088931979 -0.1371868961644651
v 1.15056348939745e-09 0.04796305312040783 -0.1428386908665047
v -0.0014864168873124362 0.04939874120739818 -0.13569672275384193
v -0.02968170306996143 0.047444303858708015 -0.11479998561628069
v -0.018831078470111784 0.036419637502544955 -0.19400000921450555
v -0.014818954217961644 0.038340261373066564 -0.1892184843291922
v -0.015221972234845671 0.038605825350523926 -0.18345662797641715
v -0.01509188342251444 0.03812131299840926 -0.19400000921450555
v -0.011281487047072325 0.03941734882656922 -0.19400000921450555
v -0.0104598689279084 0.040153982162338675 -0.18315320694149761
v -0.010019533633250921 0.03987127874925278 -0.18893077984775353
v -0.007460485335890887 0.04031551171102654 -0.19400000921450555
v -0.016430506532970623 0.039791116697105444 -0.1720404897388672
v -0.018056937121696537 0.041615190575248207 -0.16073896027140933
v -0.019931447022132343 0.043783842259064176 -0.14944188637056932
v -0.011694079000873492 0.04134253126053977 -0.17169463400954932
v -0.013304336226099278 0.04314338507532378 -0.1603443221911416
v -0.006771600568063196 0.04236943255443215 -0.17124858906648832
v -0.0055169408557601 0.04113327603209482 -0.18276027784568605
v -0.01514377856658089 0.04527925324928184 -0.14901354162366154
v -0.00835806695582475 0.044178171348838724 -0.15983884426185924
v -0.021870347108121635 0.0460162947576781 -0.13800762069075212
v -0.005042938471948588 0.040811586411102496 -0.18855896891700752
v -0.0036840321383305175 0.040834142717105504 -0.19400000921450555
v -0.0004298722054096697 0.041525228565360006 -0.1822836542878914
v -1.389239267093105e-16 0.040999986688605716 -0.19400000921450555
v -1.589136577868944e-10 0.04150701338505147 -0.1825212794212483
v -1.3853541052855956e-09 0.042847589620600424 -0.17110858967019027
v -0.0016964633078497132 0.042878210197005995 -0.17071414995418976
v -0.0032534169311861094 0.04476348708098543 -0.1592470473587504
v -0.010154664521932477 0.04629640799119761 -0.14846439303800807
v -0.0050026590816076855 0.046914930664618826 -0.14783173309584896
v -4.2283072919591264e-10 0.04474519942142541 -0.15977382655857575
v 1.849207566531742e-09 0.04692751535149586 -0.14849048556854427
v -0.017041737412222258 0.047469213833035706 -0.1375759647864605
v -0.02365485494434605 0.048014879599920235 -0.12637176350966062
v -0.030160205366248638 0.04786847151191154 -0.10885973112270797
v -0.02506083607496934 0.049433004819865456 -0.11456799097635528
v -0.0187811688760664 0.04940451665933265 -0.1259639418350167
v -0.020151778224614114 0.05073776867578372 -0.11419218987207991
v -0.015050837277986728 0.0516255708419755 -0.11370488516143418
v -0.015545696996925873 0.051940306269522285 -0.10779872643364108
v -0.020640084293339633 0.051074118179064154 -0.10826642359941019
v -0.013707157786064794 0.050341909892333 -0.1254330198737641
v -0.025544789573908044 0.04980861900396594 -0.10863005581883023
v -0.0314266944553343 0.04737163005764877 -0.10300040925016685
v -0.02932856889791502 0.04853840104812601 -0.10300064576140855
v -0.022533370134608655 0.05079421856860167 -0.10299937165246131
v -0.02683624395043438 0.049559107273364766 -0.10300000489223748
v -0.018042933367369285 0.05167499787679386 -0.10300000489223748
v 1.499885527964596e-09 0.047445284235951846 -0.14566458821752448
v -0.012008263204639213 0.048452635205429306 -0.13701808817304872
v -0.006812526072784153 0.04907198948289393 -0.1363782565996896
v -0.00848372118237406 0.05094473890045803 -0.12482240125345268
v -0.003150060326469195 0.05128491073058017 -0.12417061441829524
v -9.453688556922687e-10 0.05106967024184117 -0.12588332201917574
v -0.00982065152083822 0.05220929203058944 -0.11314302600388793
v -0.010329526438196956 0.052512869468104295 -0.10726015981870507
v -0.008942168660509009 0.05269431173746453 -0.10300076783172685
v -0.005048985721076149 0.05284469855491025 -0.10667838031109156
v -0.004514208531216368 0.05254797612870732 -0.11253812942974672
v 3.5508002706019256e-09 0.05246451054857104 -0.11447717065954155
v -1.8504864048066278e-16 0.053000006332062366 -0.10300000489223748
v -0.04161467559109289 -1.4532405375264507e-16 -0.1540000073146075
v -0.04099997905921082 -1.43989455025034e-16 -0.19400000921450555
v -0.041384164868474294 -1.4482358600605482e-16 -0.16900000802706927
v -0.040758352308232215 -0.004447769376296762 -0.19400032964909109
v -0.0401167201976782 -0.009022865723973261 -0.1829076930138207
v -0.04130732923250058 -1.4465675438883954e-16 -0.17400000826455653
v -0.04101888469975723 -0.004792964686119172 -0.17097888995699861
v -0.040098196026876476 -0.008551932741094892 -0.19400049749577875
v -0.041767141418647125 -0.001588921026359283 -0.14728536160993677
v -0.04194798478050821 -1.244618820236583e-07 -0.1397509832003152
v -0.04180581100666547 -6.25118803005719e-08 -0.1458754952099639
v -0.039111867855028404 -0.012298847782650224 -0.19400026861393194
v -0.038771146708473925 -0.01387890500186395 -0.1831913081395964
v -0.03787922466903959 -0.015689639836709568 -0.19400000921450555
v -0.03685715278211488 -0.01853131573004374 -0.18343457902517457
v -0.03610798053583775 -0.019421965567879562 -0.19400003973208513
v -0.03903767961908278 -0.014694438678600208 -0.1716629262443714
v -0.03727401528970775 -0.019387675252530157 -0.17194852501281943
v -0.04166363723282274 -5.618786343289215e-10 -0.1520000072196126
v -0.04165772063708273 -0.0010000000474974513 -0.1520000072196126
v -0.04160839659909543 -0.0010000000474974513 -0.1540000073146075
v -0.04152776152446469 -0.006748756729240135 -0.14773516021528543
v -0.04146100050444801 -1.449904040707423e-16 -0.16400000778958201
v -0.04028457832943033 -0.009813566674005125 -0.17133641866050375
v -0.04098116115670569 -0.011843842115286662 -0.14817124116861535
v -0.04008923911727136 -0.01685279544768159 -0.1485880044940746
v -0.0388050517393812 -0.021747622569211478 -0.14897569982498915
v -0.034393693650214274 -0.02291887964388617 -0.18362737383413652
v -0.03499551557821334 -0.023835105120754152 -0.17218090112248952
v -0.03409042520319261 -0.02277814210363216 -0.19400000921450555
v -0.03163977391796968 -0.026075429247549575 -0.1940000702496647
v -0.03140818935801981 -0.026979026168519882 -0.18375829425051116
v -0.028991378253847566 -0.028991378253847566 -0.19400000921450555
v -0.025970687192403696 -0.031725757198420856 -0.19400011602603406
v -0.027670365694154597 -0.030377437127054874 -0.18955895370571518
v -0.027934686080244298 -0.030642850423963086 -0.18381548419463378
v -0.02370704763481335 -0.033571328804025136 -0.1895324644466445
v -0.024028838345288017 -0.03383724754834505 -0.18378788104390864
v -0.022778140196283436 -0.03409042138849516 -0.19400000921450555
v -0.03221121750285105 -0.02797433223080903 -0.1723455282055042
v -0.028919509353949602 -0.03172745092408724 -0.17242650660290515
v -0.033416543640423235 -0.029386481727203817 -0.1609949264700905
v -0.030351460944790798 -0.0333227898212729 -0.16112215425933663
v -0.03707975182222878 -0.026486209220063506 -0.1493195719116347
v -0.0251404621621254 -0.03499720548918228 -0.17240798243210342
v -0.026715239840072735 -0.03674778540631474 -0.16113166048537408
v -0.020940264742778103 -0.037690641286058923 -0.1722795491984641
v -0.022566331027897846 -0.039516786544915306 -0.16100467683676456
v -0.03204961166021425 -0.03517679381558336 -0.14978073831537486
v -0.01976452730595213 -0.03649987584864123 -0.1836685878253519
v -0.019399416891271448 -0.036235486797997485 -0.1894194731082699
v -0.0285643305040717 -0.03880552094716716 -0.1498309702513545
v -0.04223232851349623 -2.483618854698311e-07 -0.12750194392222802
v -0.04226949892541798 -0.0035967041770293418 -0.12388133828150849
v -0.04229924975080568 -1.862714213783313e-07 -0.12137645535003294
v -0.04099997905921082 -1.43989455025034e-16 -0.19400000921450555
v -0.04210423860262713 -0.008767784535099743 -0.12432660502629034
v -0.04124003796953879 -0.019056429814433562 -0.12519708846607358
v -0.04177609069885735 -0.01392124909719794 -0.12476615735429686
v -0.04043650246994712 -0.024165330127283724 -0.12561219621284092
v -0.04218595323663532 -0.012819763792499828 -0.10300000489223748
v -0.04236616717341768 -1.2418094273491556e-07 -0.11525097440723275
v -0.042500009648036574 -1.4981633724749352e-16 -0.10300000489223748
v -0.04154827696733365 -0.01997988032826581 -0.11340253224179975
v -0.040893590962116644 -0.02513947224813795 -0.11380991904093474
v -0.0410194607190717 -0.02558852508013576 -0.10300000489223748
v -0.03996650885631503 -0.03028526640734497 -0.11418933647838969
v -0.03929202457134906 -0.029225087600275312 -0.125998419070541
v -0.04161467559109289 -1.4532405375264507e-16 -0.1540000073146075
v -0.03486293958314679 -0.031003848594796102 -0.14959793801372356
v -0.03770858943754618 -0.03417360849571782 -0.1263328841132827
v -0.038666925359529536 -0.035363813172610836 -0.114517446235185
v -0.03544534470114158 -0.03883572190685358 -0.12657938223290088
v -0.030493428724971405 -0.040929872549533286 -0.13836443223113726
v -0.03228398285664902 -0.04288211644719153 -0.12668832236258698
v -0.026423053089134063 -0.04391339701375285 -0.1382768620365482
v -0.02824372616450299 -0.04594510487392567 -0.12662023764255625
v -0.03368942039288614 -0.044363710603256834 -0.11486506435472332
v -0.024457699983699843 -0.04167987639985382 -0.14971958108590755
v -0.03667960531884784 -0.04018608665605106 -0.11475887843659383
v -0.039957933416454594 -0.03188962515664362 -0.10300140870089791
v -0.03871226685338236 -0.036913095320172395 -0.10300000489223748
v -0.03704781517520406 -0.04061187937036692 -0.10883332578698113
v -0.041345747050487436 -1.4474017019744718e-16 -0.1715000081458129
v -0.035747762470632605 -0.043201749946260026 -0.10300066864959323
v -0.03413841791177097 -0.04480700133476123 -0.10893081419493189
v -0.03689605888137493 -0.04132610135863635 -0.10300110352510217
v -0.0344511277349735 -0.04482255004155444 -0.10300000489223748
v -0.001486415695219484 -0.04939874120739818 -0.13569672275384193
v -1.150563375710607e-09 -0.04796305312040783 -0.1428386908665047
v -4.5191932699802584e-10 -0.04899859088931979 -0.1371868961644651
v -0.041384164868474294 -1.4482358600605482e-16 -0.16900000802706927
v -0.02968170306996143 -0.047444303858708015 -0.11479999324567558
v -0.019325528109075396 -0.03615970401851909 -0.1940000702496647
v -0.014818954217961644 -0.038340261373066564 -0.1892184843291922
v -0.01522197128117131 -0.038605825350523926 -0.18345662797641715
v -0.01568965795652244 -0.0378792094102498 -0.19400000921450555
v -0.011932182878759967 -0.039225278810122166 -0.19400005499087492
v -0.010019533633250921 -0.03987127874925278 -0.18893077984775353
v -0.0104598689279084 -0.040153982162338675 -0.18315320694149761
v -0.007998618028992321 -0.04021222877765407 -0.19400000921450555
v -0.016430506532970623 -0.039791116697105444 -0.1720404897388672
v -0.018056937121696537 -0.041615190575248207 -0.16073896027140933
v -0.01993144511478362 -0.043783842259064176 -0.14944188637056932
v -0.013304336226099278 -0.04314338507532378 -0.1603443221911416
v -0.011694079000873492 -0.04134253126053977 -0.17169463400954932
v -0.005516939902085738 -0.04113327603209482 -0.18276027784568605
v -0.006771599614388835 -0.04236943255443215 -0.17124858906648832
v -0.015143777612906528 -0.04527925324928184 -0.14901354162366154
v -0.008358066002150388 -0.044178171348838724 -0.15983884426185924
v -0.021870347108121635 -0.0460162947576781 -0.13800762069075212
v -0.005042937518274226 -0.040811586411102496 -0.18855896891700752
v -0.004129602628396567 -0.040791765243168854 -0.19400011602603406
v -0.0004298712815376318 -0.041525228565360006 -0.1822836542878914
v 1.4737764118509003e-16 -0.040999986688605716 -0.19400000921450555
v 1.3853541052855956e-09 -0.042847589620600424 -0.17110858967019027
v 1.589136577868944e-10 -0.04150701338505147 -0.1825212794212483
v -0.0016964623541753515 -0.042878210197005995 -0.17071414995418976
v -0.0032534159775117477 -0.04476348708098543 -0.1592470473587504
v -0.010154663568258115 -0.04629640799119761 -0.14846439303800807
v -0.005002658127933324 -0.046914930664618826 -0.14783173309584896
v 4.2283070077420186e-10 -0.04474519942142541 -0.15977382655857575
v -1.8492074528448988e-09 -0.04692751535149586 -0.14849048556854427
v -0.017041737412222258 -0.047469213833035706 -0.1375759647864605
v -0.02365485494434605 -0.048014879599920235 -0.12637176350966062
v -0.030160205366248638 -0.04786847151191154 -0.10885973112270797
v -0.02506083607496934 -0.049433004819865456 -0.11456799860575018
v -0.0187811688760664 -0.04940451665933265 -0.1259639418350167
v -0.020151778224614114 -0.05073776867578372 -0.11419218987207991
v -0.015545696043251511 -0.051940306269522285 -0.10779872643364108
v -0.015050836324312367 -0.0516255708419755 -0.11370488516143418
v -0.020640084293339633 -0.051074118179064154 -0.10826642359941019
v -0.013707156832390432 -0.050341909892333 -0.1254330198737641
v -0.025544789573908044 -0.04980861900396594 -0.10863005581883023
v -0.03286782230088381 -0.04632193594651168 -0.10300035584440259
v -0.031046098276368284 -0.04761079251407674 -0.10300041687956174
v -0.026837365471483743 -0.049558641880276255 -0.1029999896334477
v -0.02269809639975695 -0.050755243804787575 -0.10300049317351068
v -0.018043763064063967 -0.051674860547685775 -0.10300000489223748
v -1.4998854142777529e-09 -0.047445284235951846 -0.14566458821752448
v -0.012008262250964852 -0.048452635205429306 -0.13701808817304872
v -0.006812525119109791 -0.04907198948289393 -0.1363782565996896
v -0.008483720228699698 -0.05094473890045803 -0.12482240125345268
v -0.003150059134376243 -0.05128491073058017 -0.12417061441829524
v 9.453687988488471e-10 -0.05106967024184117 -0.12588332201917574
v -0.009820650567163858 -0.05220929203058944 -0.11314302600388793
v -0.010329525484522595 -0.052512869468104295 -0.10726015981870507
v -0.00928273435814253 -0.052670290587641944 -0.10300013459195068
v -0.0050489842905646065 -0.05284469855491025 -0.10667838031109156
v -0.0045142075775420065 -0.05254797612870732 -0.11253812942974672
v -3.5508002706019256e-09 -0.05246451054857104 -0.11447717065954155
v 1.8504864048066278e-16 -0.053000006332062366 -0.10300000489223748
v -0.040834154161197844 0.003684030707818975 -0.19400000921450555
v -0.04099997905921082 -1.43989455025034e-16 -0.19400000921450555
v -0.040834154161197844 0.0036840321383305175 -0.19400000921450555
v -0.04031552315511888 0.007460483905379345 -0.19400000921450555
v -0.04031552315511888 0.007460485335890887 -0.19400000921450555
v -0.041000001947395504 -1.437005828949817e-16 -0.19600000930950046
v -0.040834154161197844 0.0036840321383305175 -0.19600000930950046
v -0.03941736027066156 0.011281486093397963 -0.19400000921450555
v -0.0381213244425016 0.015091882468840079 -0.19400000921450555
v -0.03941736027066156 0.011281487047072325 -0.19400000921450555
v -0.038121320627804156 0.015091882468840079 -0.19400000921450555
v -0.034316816052568644 0.022435599439046827 -0.19400000921450555
v -0.03431681986726609 0.022435599439046827 -0.19400000921450555
v -0.03641964513193985 0.018831078470111784 -0.19400000921450555
v -0.031830482087428225 0.025842221533836085 -0.19400000921450555
v -0.04031552315511888 0.007460485335890887 -0.19600000930950046
v -0.03941736027066156 0.011281487047072325 -0.19600000930950046
v -0.038121320627804156 0.015091881515165717 -0.19600000930950046
v -0.038121320627804156 0.01509188342251444 -0.19600000930950046
v -0.03641964513193985 0.018831078470111784 -0.19400000921450555
v -0.03641964513193985 0.018831078470111784 -0.19600000930950046
v -0.031830482087428225 0.02584222344118481 -0.19400000921450555
v -0.034316816052568644 0.02243560134639555 -0.19600000930950046
v -0.031830482087428225 0.025842225348533532 -0.19600000930950046
v -0.02899138016119629 0.028991378253847566 -0.19400000921450555
v -0.02899138016119629 0.028991376346498843 -0.19400000921450555
v -0.025842225348533532 0.031830476365382054 -0.19400000921450555
v -0.025842225348533532 0.031830482087428225 -0.19400000921450555
v -0.02243560134639555 0.0343168122378712 -0.19400000921450555
v -0.02899138016119629 0.02899138016119629 -0.19600000930950046
v -0.02243560134639555 0.034316816052568644 -0.19400000921450555
v -0.025842225348533532 0.031830482087428225 -0.19600000930950046
v -0.018831078470111784 0.036419637502544955 -0.19400000921450555
v -0.018831080377460507 0.03641964513193985 -0.19400000921450555
v -0.01509188342251444 0.03812131299840926 -0.19400000921450555
v -0.015091884376188802 0.038121320627804156 -0.19400000921450555
v -0.007460485335890887 0.04031551171102654 -0.19400000921450555
v -0.011281488000746687 0.03941736027066156 -0.19400000921450555
v -0.011281487047072325 0.03941734882656922 -0.19400000921450555
v -0.007460485335890887 0.04031552315511888 -0.19600000930950046
v -0.0036840321383305175 0.040834142717105504 -0.19400000921450555
v -0.018831078470111784 0.03641964513193985 -0.19600000930950046
v -0.01509188342251444 0.038121320627804156 -0.19600000930950046
v -0.02243560134639555 0.034316816052568644 -0.19600000930950046
v -0.015091884376188802 0.038121320627804156 -0.19600000930950046
v -0.011281487047072325 0.03941736027066156 -0.19600000930950046
v -1.389239267093105e-16 0.040999986688605716 -0.19400000921450555
v -0.0036840321383305175 0.040834154161197844 -0.19600000930950046
v -1.3328816223388347e-16 0.041000001947395504 -0.19600000930950046
v 0.011932186693457414 0.03922527499542472 -0.19400005499087492
v 0.011281420289867006 0.03941744800870284 -0.19600000930950046
v 0.007998618028992321 0.04021222877765407 -0.19400000921450555
v 0.0074604529109625894 0.04031556130209335 -0.19600000930950046
v 0.004129605012582471 0.040791765243168854 -0.19400011602603406
v -1.389239267093105e-16 0.040999986688605716 -0.19400000921450555
v 0.0036840233168426717 0.04083416179059274 -0.19600000930950046
v 0.01932553001642412 0.03615970020382164 -0.1940000702496647
v 0.018830933511608805 0.036419885457879 -0.19600000930950046
v 0.01568965795652244 0.0378792094102498 -0.19400000921450555
v 0.022778140196283436 0.03409042138849516 -0.19400000921450555
v 0.022435423962964274 0.03431714411654907 -0.19600000930950046
v 0.015091777564660291 0.038121477030399475 -0.19600000930950046
v 0.025970691007101143 0.03172575529107213 -0.19400011602603406
v 0.025842025076917574 0.03183089979679865 -0.19600000930950046
v -1.3328816223388347e-16 0.041000001947395504 -0.19600000930950046
v 0.02899117416753416 0.028991876071864375 -0.19600000930950046
v 0.028991378253847566 0.028991378253847566 -0.19400000921450555
v 0.03602338961995466 0.019578577971558486 -0.19400037542546045
v 0.03787922466903959 0.015689639836709568 -0.19400000921450555
v 0.03641950017343687 0.01883167547026221 -0.19600000930950046
v 0.03151008755621909 0.026231995874859138 -0.19400045171940938
v 0.03183028372316099 0.02584278420170949 -0.19600000930950046
v 0.040098196026876476 0.008551930833746169 -0.19400049749577875
v 0.040758352308232215 0.004447767945785219 -0.19400032964909109
v 0.04031548882284186 0.007460842963776526 -0.19600000930950046
v 0.04099997905921082 1.4329685309182628e-16 -0.19400000921450555
v 0.040834142717105504 0.0036842285952490283 -0.19600000930950046
v 0.038121213816275645 0.015092442275690399 -0.19600000930950046
v 0.039111867855028404 0.0122988458753015 -0.19400026861393194
v 0.03941729160610752 0.011281966745276262 -0.19600000930950046
v 0.03387688225481744 0.0230945197584298 -0.19400075689520513
v 0.03431664057648609 0.022436196439197253 -0.19600000930950046
v 0.041000001947395504 1.4314997079553228e-16 -0.19600000930950046
v -0.036550790615463846 -0.018488884850342835 -0.19400003973208513
v -0.036993600695089945 -0.017555802225457384 -0.19400002447329534
v -0.03641964513193985 -0.018831078470111784 -0.19600000930950046
v -0.03427956934669796 -0.02246350013617282 -0.19400000921450555
v -0.034316816052568644 -0.02243560134639555 -0.19600000930950046
v -0.03421652384199447 -0.022568381427775508 -0.19400000921450555
v -0.03225243530876387 -0.02525110746157022 -0.19400005499087492
v -0.032865098606906784 -0.024426785675590867 -0.19400003973208513
v -0.031830482087428225 -0.025842225348533532 -0.19600000930950046
v -0.038110345743249674 -0.015053866147759498 -0.19400005499087492
v -0.038121320627804156 -0.01509188342251444 -0.19600000930950046
v -0.03807182492843175 -0.015159828906088357 -0.19400005499087492
v -0.03644008809555732 -0.018722153599215474 -0.19400003973208513
v -0.03638473683560406 -0.018838789881000517 -0.19400003973208513
v -0.041000001947395504 -1.437005828949817e-16 -0.19600000930950046
v -0.040834154161197844 -0.0036840321383305175 -0.19600000930950046
v -0.04087916759107024 -0.002223884688148381 -0.19400016180240343
v -0.040788557082616084 -0.0038917982042596666 -0.19400028387272172
v -0.04080365565511057 -0.003613812618241119 -0.19400026861393194
v -0.04034575463238488 -0.007012871598504888 -0.1940004364606196
v -0.04031552315511888 -0.007460485335890887 -0.19600000930950046
v -0.04026323509721541 -0.007525891661476769 -0.19400045171940938
v -0.040758352308232215 -0.004447769376296762 -0.19400032964909109
v -0.040428274167554346 -0.006499851058695827 -0.19400040594304002
v -0.03941736027066156 -0.011281487047072325 -0.19600000930950046
v -0.040098196026876476 -0.008551932741094892 -0.19400049749577875
v -0.0030972019712974252 -0.04084382060452807 -0.1940000855084545
v -0.0036840321383305175 -0.040834154161197844 -0.19600000930950046
v -0.0020648013141982835 -0.040895875965887285 -0.1940000702496647
v -0.03948174091947143 -0.01089375452285768 -0.19400036016667066
v -0.03935844989799042 -0.011362119260679981 -0.19400032964909109
v -0.03787922466903959 -0.015689639836709568 -0.19400000921450555
v -0.039111867855028404 -0.012298847782650224 -0.19400026861393194
v -0.038495546262034 -0.013994244286517077 -0.19400013128482385
v -0.0038715023449124863 -0.04080478099085738 -0.19400011602603406
v -0.004129602628396567 -0.040791765243168854 -0.19400011602603406
v -0.03610798053583775 -0.019421965567879562 -0.19400003973208513
v -0.03509920286951518 -0.0211000528820815 -0.19400002447329534
v -0.03409042520319261 -0.02277814210363216 -0.19400000921450555
v -0.02899138016119629 -0.02899138016119629 -0.19600000930950046
v -0.03163977391796968 -0.026075429247549575 -0.1940000702496647
v -0.03186952170109891 -0.0257663090546445 -0.1940000702496647
v -0.03179293974250541 -0.025869347847380375 -0.1940000702496647
v -0.003613402299846996 -0.04081779292384846 -0.19400010076724428
v 1.4737764118509003e-16 -0.040999986688605716 -0.19400000921450555
v 1.5301348697568385e-16 -0.041000001947395504 -0.19600000930950046
v -0.022778140196283436 -0.03409042138849516 -0.19400000921450555
v -0.024374413694343566 -0.03290809024713237 -0.1940000702496647
v -0.02243560134639555 -0.034316816052568644 -0.19600000930950046
v -0.02245445739587515 -0.03428441782715286 -0.19400000921450555
v -0.02256235229846082 -0.03421975107603448 -0.19400000921450555
v -0.011281487047072325 -0.03941736027066156 -0.19600000930950046
v -0.011194639737649448 -0.03941033359796453 -0.19400003973208513
v -0.011317563594501201 -0.0393794879544096 -0.19400005499087492
v -0.0037424523223797412 -0.0408112850500042 -0.19400010076724428
v -0.025842225348533532 -0.031830482087428225 -0.19600000930950046
v -0.02242748367022873 -0.03430058451493245 -0.19400000921450555
v -0.018831078470111784 -0.03641964513193985 -0.19600000930950046
v -0.021051835106353778 -0.035125062703507126 -0.19400003973208513
v -0.025970687192403696 -0.031725757198420856 -0.19400011602603406
v -0.006064110090275854 -0.04050199701041146 -0.1940000702496647
v -0.007031364298052678 -0.04035711098668404 -0.19400003973208513
v -0.007460485335890887 -0.04031552315511888 -0.19600000930950046
v -0.007454537745734124 -0.04029372597390779 -0.19400002447329534
v -0.0075149911635225 -0.040284669882169055 -0.19400002447329534
v -0.028991378253847566 -0.028991378253847566 -0.19400000921450555
v -0.01509188342251444 -0.038121320627804156 -0.19600000930950046
v -0.017507592079124557 -0.03701945671438445 -0.19400003973208513
v -0.009965400215457554 -0.039718751886539394 -0.19400003973208513
v -0.007998618028992321 -0.04021222877765407 -0.19400000921450555
v -0.013810920417641204 -0.038552244110185985 -0.19400003973208513
v -0.01509188342251444 -0.038121320627804156 -0.19600000930950046
v -0.0072731774923689985 -0.04032089043442655 -0.19400002447329534
v -0.007394084327945749 -0.040302782065646525 -0.19400002447329534
v -0.010948792023945941 -0.039472017255679503 -0.19400003973208513
v -0.011440487451352954 -0.03934864612555211 -0.19400005499087492
v -0.011932182878759967 -0.039225278810122166 -0.19400005499087492
v -0.014750288710244641 -0.038215726760217894 -0.19400002447329534
v -0.015043842076543634 -0.03811056699570159 -0.19400002447329534
v -0.015102552177598816 -0.03808953275397986 -0.19400000921450555
v -0.01521997333338354 -0.03804746808523385 -0.19400000921450555
v -0.01568965795652244 -0.0378792094102498 -0.19400000921450555
v -0.014985131021814091 -0.03813159742272587 -0.19400002447329534
v -0.018416560094099976 -0.036589578459103045 -0.19400005499087492
v -0.01875742429180871 -0.036428376974395604 -0.19400005499087492
v -0.018871045055262048 -0.03637464314615979 -0.1940000702496647
v -0.019325528109075396 -0.03615970401851909 -0.1940000702496647
v -0.01864380162100665 -0.03648211080263142 -0.19400005499087492
v -0.021914986697644245 -0.03460774395334987 -0.19400002447329534
v -0.022346564400638202 -0.03434908076357379 -0.19400000921450555
v -0.022400509944582314 -0.0343167473880146 -0.19400000921450555
v -0.025172551397047993 -0.03231692276910225 -0.1940000855084545
v -0.025571618341051483 -0.032021340937435916 -0.19400010076724428
v -0.02577115372040195 -0.031873548114254024 -0.19400011602603406
v -0.025870919502728462 -0.0317996536100118 -0.19400011602603406
v -0.03194610556704114 -0.0256632683545599 -0.1940000702496647
v -0.03459481212900517 -0.02193909749285683 -0.19400000921450555
v -0.03434261866609889 -0.022358620751918856 -0.19400000921450555
v -0.03429533167654819 -0.02243727981327215 -0.19400000921450555
v -0.034311094006398424 -0.022411059490371477 -0.19400000921450555
v -0.0363293855756508 -0.018955424255436837 -0.19400003973208513
v -0.038121320627804156 -0.01509188342251444 -0.19600000930950046
v -0.03818738737288552 -0.014841941584776142 -0.1940000702496647
v -0.03803330411361383 -0.015265790710742855 -0.19400003973208513
v -0.03960503194095244 -0.010425390738709739 -0.19400037542546045
v -0.04099997905921082 -1.43989455025034e-16 -0.19400000921450555
v -0.040818758042302505 -0.0033358270322225714 -0.19400025335514215
v 0.011281420289867006 -0.03941744800870284 -0.19400000921450555
v 0.011281419336192644 -0.039417440379307944 -0.19400000921450555
v 0.007460452434125409 -0.04031554985800101 -0.19400000921450555
v 0.0074604529109625894 -0.04031556130209335 -0.19600000930950046
v 0.0036840230784240813 -0.0408341503465004 -0.19400000921450555
v 0.015091777564660291 -0.038121477030399475 -0.19400000921450555
v 0.011281420289867006 -0.03941744800870284 -0.19600000930950046
v 0.015091775657311568 -0.03812146940100458 -0.19400000921450555
v 0.01883093160426008 -0.036419877828484104 -0.19400000921450555
v 0.022435423962964274 -0.03431714411654907 -0.19400000921450555
v 0.022435420148266827 -0.03431714030185162 -0.19400000921450555
v 0.025842025076917574 -0.03183089979679865 -0.19400000921450555
v 0.025842021262220127 -0.03183089407475248 -0.19400000921450555
v 0.018830933511608805 -0.036419885457879 -0.19400000921450555
v 0.028991166538139268 -0.02899187225716693 -0.19400000921450555
v 0.015091777564660291 -0.038121477030399475 -0.19600000930950046
v 0.0036840233168426717 -0.04083416179059274 -0.19600000930950046
v 1.4737764118509003e-16 -0.040999986688605716 -0.19400000921450555
v 1.5301348697568385e-16 -0.041000001947395504 -0.19600000930950046
v 0.022435423962964274 -0.03431714411654907 -0.19600000930950046
v 0.02899117416753416 -0.028991876071864375 -0.19400000921450555
v 0.025842025076917574 -0.03183089979679865 -0.19600000930950046
v 0.018830933511608805 -0.036419885457879 -0.19600000930950046
v 0.02899117416753416 -0.028991876071864375 -0.19600000930950046
v 0.03183027418641737 -0.025842780387012043 -0.19400000921450555
v 0.03431662913239375 -0.02243619453184853 -0.19400000921450555
v 0.03183028372316099 -0.02584278420170949 -0.19400000921450555
v 0.03641948872934453 -0.018831673562913487 -0.19400000921450555
v 0.03431664057648609 -0.022436196439197253 -0.19400000921450555
v 0.03431664057648609 -0.022436196439197253 -0.19600000930950046
v 0.03641950017343687 -0.01883167547026221 -0.19400000921450555
v 0.03641950017343687 -0.01883167547026221 -0.19600000930950046
v 0.03812119855748586 -0.015092441322016037 -0.19400000921450555
v 0.039417272532620284 -0.0112819657916019 -0.19400000921450555
v 0.03941729160610752 -0.011281966745276262 -0.19400000921450555
v 0.04031546974935463 -0.007460842963776526 -0.19400000921450555
v 0.04031548882284186 -0.007460842963776526 -0.19400000921450555
v 0.04083412364361827 -0.0036842285952490283 -0.19400000921450555
v 0.038121213816275645 -0.015092442275690399 -0.19400000921450555
v 0.040834142717105504 -0.0036842285952490283 -0.19400000921450555
v 0.04099997905921082 1.4329685309182628e-16 -0.19400000921450555
v 0.038121213816275645 -0.015092442275690399 -0.19600000930950046
v 0.03183028372316099 -0.02584278420170949 -0.19600000930950046
v 0.03941729160610752 -0.011281966745276262 -0.19600000930950046
v 0.04031548882284186 -0.007460842963776526 -0.19600000930950046
v 0.040834142717105504 -0.0036842285952490283 -0.19600000930950046
v 0.041000001947395504 1.4314997079553228e-16 -0.19600000930950046
v 0.041234403661409846 -1.413015628525795e-07 -0.17124857380769853
v 0.04099997905921082 1.4329685309182628e-16 -0.19400000921450555
v 0.04101888469975723 0.004792964686119172 -0.17097888995699861
v 0.0401167201976782 0.009022865723973261 -0.1829076930138207
v 0.040758352308232215 0.004447767945785219 -0.19400032964909109
v 0.040098196026876476 0.008551930833746169 -0.19400049749577875
v 0.039111867855028404 0.0122988458753015 -0.19400026861393194
v 0.038771146708473925 0.013878904048189589 -0.1831913081395964
v 0.03787922466903959 0.015689639836709568 -0.19400000921450555
v 0.03685715278211488 0.01853131573004374 -0.18343457902517457
v 0.03602338961995466 0.019578577971558486 -0.19400037542546045
v 0.03903767961908278 0.014694438678600208 -0.1716629262443714
v 0.03727401528970775 0.019387675252530157 -0.17194852501281943
v 0.04175000198301859 1.811562192057881e-07 -0.14849997653579194
v 0.041767141418647125 0.0015889209071499877 -0.14728536160993677
v 0.04200779923647424 2.9709622278055795e-07 -0.13712567789983865
v 0.04149220472956294 1.9927328176604294e-08 -0.15987427517174524
v 0.04136330228813767 -6.068711733798761e-08 -0.1655614244897219
v 0.04218595323663532 0.012819763792499828 -0.10300000489223748
v 0.04238280688368068 2.065181131776639e-07 -0.11437569970745631
v 0.04226949892541798 0.0035967039386107513 -0.12388133828150849
v 0.04152776152446469 0.006748756729240135 -0.14773516021528543
v 0.04028457832943033 0.009813566674005125 -0.17133641866050375
v 0.04008923911727136 0.01685279544768159 -0.1485880044940746
v 0.04098116115670569 0.011843842115286662 -0.14817124116861535
v 0.0388050517393812 0.021747622569211478 -0.14897569982498915
v 0.034393693650214274 0.02291887964388617 -0.18362737383413652
v 0.03499551557821334 0.023835105120754152 -0.17218090112248952
v 0.03387688225481744 0.0230945197584298 -0.19400075689520513
v 0.03140818935801981 0.026979026168519882 -0.18375829425051116
v 0.03151008755621909 0.026231995874859138 -0.19400045171940938
v 0.028991378253847566 0.028991378253847566 -0.19400000921450555
v 0.025970691007101143 0.03172575529107213 -0.19400011602603406
v 0.027670365694154597 0.030377437127054874 -0.18955895370571518
v 0.027934686080244298 0.030642850423963086 -0.18381548419463378
v 0.02370704763481335 0.033571328804025136 -0.1895324644466445
v 0.024028838345288017 0.03383724754834505 -0.18378788104390864
v 0.022778140196283436 0.03409042138849516 -0.19400000921450555
v 0.03221121750285105 0.02797433223080903 -0.1723455282055042
v 0.028919509353949602 0.03172745092408724 -0.17242650660290515
v 0.033416543640423235 0.029386481727203817 -0.1609949264700905
v 0.030351460944790798 0.0333227898212729 -0.16112215425933663
v 0.03707975182222878 0.026486209220063506 -0.1493195719116347
v 0.0251404621621254 0.03499720548918228 -0.17240798243210342
v 0.026715239840072735 0.03674778540631474 -0.16113166048537408
v 0.020940264742778103 0.037690641286058923 -0.1722795491984641
v 0.022566331027897846 0.039516786544915306 -0.16100467683676456
v 0.03204961166021425 0.03517679381558336 -0.14978073831537486
v 0.01976452730595213 0.03649987584864123 -0.1836685878253519
v 0.019399416891271448 0.036235486797997485 -0.1894194731082699
v 0.0285643305040717 0.03880552094716716 -0.1498309702513545
v 0.04226560030462734 4.130362263553278e-07 -0.12575139452267514
v 0.04210423860262713 0.008767784535099743 -0.12432660502629034
v 0.04177609069885735 0.01392124909719794 -0.12476615735429686
v 0.04043650246994712 0.024165330127283724 -0.12561219621284092
v 0.04124003796953879 0.019056429814433562 -0.12519708846607358
v 0.03929202457134906 0.029225087600275312 -0.125998419070541
v 0.04154827696733365 0.01997988032826581 -0.11340253224179975
v 0.042500009648036574 1.507938675251638e-16 -0.10300000489223748
v 0.03996650885631503 0.03028526640734497 -0.11418933647838969
v 0.040893590962116644 0.02513947224813795 -0.11380991904093474
v 0.0410194607190717 0.02558852508013576 -0.10300000489223748
v 0.03486293958314679 0.031003848594796102 -0.14959793801372356
v 0.03770858943754618 0.03417360849571782 -0.1263328841132827
v 0.038666925359529536 0.035363813172610836 -0.114517446235185
v 0.03544534470114158 0.03883572190685358 -0.12657938223290088
v 0.039957933416454594 0.03188962515664362 -0.10300140870089791
v 0.03667960531884784 0.04018608665605106 -0.11475887843659383
v 0.030493428724971405 0.040929872549533286 -0.13836443223113726
v 0.03228398285664902 0.04288211644719153 -0.12668832236258698
v 0.026423053089134063 0.04391339701375285 -0.1382768620365482
v 0.02824372616450299 0.04594510487392567 -0.12662023764255625
v 0.024457699983699843 0.04167987639985382 -0.14971958108590755
v 0.03368942039288614 0.044363710603256834 -0.11486506435472332
v 0.03704781517520406 0.04061187937036692 -0.10883332578698113
v 0.03871226685338236 0.036913095320172395 -0.10300000489223748
v 0.03413841791177097 0.04480700133476123 -0.10893081419493189
v 0.03689605888137493 0.04132610135863635 -0.10300110352510217
v 0.035747762470632605 0.043201749946260026 -0.10300066864959323
v 0.02968170306996143 0.047444303858708015 -0.11479999324567558
v 0.030160205366248638 0.04786847151191154 -0.10885973112270797
v 0.0344511277349735 0.04482255004155444 -0.10300000489223748
v 0.001486415695219484 0.04939874120739818 -0.13569672275384193
v 1.15056348939745e-09 0.04796305312040783 -0.1428386908665047
v 4.519193554197366e-10 0.04899859088931979 -0.1371868961644651
v 0.03286782230088381 0.04632193594651168 -0.10300035584440259
v 0.01932553001642412 0.03615970020382164 -0.1940000702496647
v 0.014818954217961644 0.038340261373066564 -0.1892184843291922
v 0.01522197128117131 0.038605825350523926 -0.18345662797641715
v 0.01568965795652244 0.0378792094102498 -0.19400000921450555
v 0.011932186693457414 0.03922527499542472 -0.19400005499087492
v 0.010019533633250921 0.03987127874925278 -0.18893077984775353
v 0.0104598689279084 0.040153982162338675 -0.18315320694149761
v 0.007998618028992321 0.04021222877765407 -0.19400000921450555
v 0.016430506532970623 0.039791116697105444 -0.1720404897388672
v 0.018056937121696537 0.041615190575248207 -0.16073896027140933
v 0.01993144511478362 0.043783842259064176 -0.14944188637056932
v 0.013304336226099278 0.04314338507532378 -0.1603443221911416
v 0.011694079000873492 0.04134253126053977 -0.17169463400954932
v 0.005516940378922919 0.04113327603209482 -0.18276027784568605
v 0.006771599614388835 0.04236943255443215 -0.17124858906648832
v 0.015143777612906528 0.04527925324928184 -0.14901354162366154
v 0.008358066002150388 0.044178171348838724 -0.15983884426185924
v 0.021870347108121635 0.0460162947576781 -0.13800762069075212
v 0.005042937518274226 0.040811586411102496 -0.18855896891700752
v 0.004129605012582471 0.040791765243168854 -0.19400011602603406
v 0.0004298713113399556 0.041525228565360006 -0.1822836542878914
v -1.389239267093105e-16 0.040999986688605716 -0.19400000921450555
v -1.3853541052855956e-09 0.042847589620600424 -0.17110858967019027
v -1.589136577868944e-10 0.04150701338505147 -0.1825212794212483
v 0.0016964623541753515 0.042878210197005995 -0.17071414995418976
v 0.0032534159775117477 0.04476348708098543 -0.1592470473587504
v 0.005002658127933324 0.046914930664618826 -0.14783173309584896
v -4.2283072919591264e-10 0.04474519942142541 -0.15977382655857575
v 1.849207566531742e-09 0.04692751535149586 -0.14849048556854427
v 0.010154663568258115 0.04629640799119761 -0.14846439303800807
v 0.02365485494434605 0.048014879599920235 -0.12637176350966062
v 0.02506083607496934 0.049433004819865456 -0.11456799860575018
v 0.0187811688760664 0.04940451665933265 -0.1259639418350167
v 0.017041737412222258 0.047469213833035706 -0.1375759647864605
v 0.013707156832390432 0.050341909892333 -0.1254330198737641
v 0.012008263204639213 0.048452635205429306 -0.13701808817304872
v 0.020151778224614114 0.05073776867578372 -0.11419218987207991
v 0.015050836324312367 0.0516255708419755 -0.11370488516143418
v 0.025544789573908044 0.04980861900396594 -0.10863005581883023
v 0.026837365471483743 0.049558641880276255 -0.1029999896334477
v 0.031046098276368284 0.04761079251407674 -0.10300041687956174
v 1.499885527964596e-09 0.047445284235951846 -0.14566458821752448
v 0.020640084293339633 0.051074118179064154 -0.10826642359941019
v 0.02269809639975695 0.050755243804787575 -0.10300049317351068
v 0.018043763064063967 0.051674860547685775 -0.10300000489223748
v 0.015545696043251511 0.051940306269522285 -0.10779872643364108
v 0.006812525119109791 0.04907198948289393 -0.1363782565996896
v 0.008483720228699698 0.05094473890045803 -0.12482240125345268
v 0.003150059134376243 0.05128491073058017 -0.12417061441829524
v -9.453688556922687e-10 0.05106967024184117 -0.12588332201917574
v 0.009820650567163858 0.05220929203058944 -0.11314302600388793
v 0.010329525484522595 0.052512869468104295 -0.10726015981870507
v 0.00928273435814253 0.052670290587641944 -0.10300013459195068
v 0.0050489842905646065 0.05284469855491025 -0.10667838031109156
v 0.0045142075775420065 0.05254797612870732 -0.11253812942974672
v 3.5508002706019256e-09 0.05246451054857104 -0.11447717065954155
v -1.8504864048066278e-16 0.053000006332062366 -0.10300000489223748
v 0.005343918100502165 0.052940764080713354 -0.0795332603083887
v -1.22590319189982e-09 0.05306746925640926 -0.08095555499264329
v -1.5323789330313535e-09 0.05308433403382162 -0.07544444633244218
v 0.02441101571634574 0.051078199905332244 -0.030079825876346833
v 0.02379757040522623 0.0512181916722354 -0.017837040794723702
v 0.027125323630302622 0.04968373343895216 -0.025572678826941697
v 0.0107714314808538 0.052689898132518564 -0.07942929454417325
v 0.00928273435814253 0.052670290587641944 -0.10300013459195068
v -1.8504864048066278e-16 0.053000006332062366 -0.10300000489223748
v 0.010473290940875013 0.052931543956984406 -0.05497685502825256
v 0.016012141034583705 0.05221382389115625 -0.07932504649234673
v 0.018043763064063967 0.051674860547685775 -0.10300000489223748
v -2.451806156425954e-09 0.053134932180756156 -0.05891110509304909
v 0.0049474866355972424 0.05314300789525106 -0.055094595664948454
v -1.838854674162887e-09 0.053101198811233985 -0.06993333004284619
v 0.015758106980159337 0.05250225697980726 -0.05486435197115114
v -1.8998822262978544e-09 0.05326729073806824 -0.05340166727032969
v 0.004695081456982664 0.05359276835362525 -0.042872079978208966
v -1.347958296169755e-09 0.053399649295380325 -0.04789223326230774
v 6.167536250444207e-09 0.053793375662958276 -0.04239639483598623
v 0.026542584726281238 0.049789156417592295 -0.018881775799179934
v 0.015455093164192246 0.05284863913737281 -0.042608213541115436
v 0.010196103580297211 0.05334198251407685 -0.04273684132432454
v 0.004537768579485069 0.05411986798803614 -0.03678116019427691
v 0.020721240074171865 0.05176196534918631 -0.05475440857603653
v 0.03171350439022169 0.04715543207985062 -0.07896405404355988
v 0.02269809639975695 0.050755243804787575 -0.10300049317351068
v 0.025275801905492168 0.05058454372343757 -0.054645609590155964
v 0.020393261924438466 0.05203739794893858 -0.04248156558588123
v 0.031046098276368284 0.04761079251407674 -0.10300041687956174
v 0.026837365471483743 0.049558641880276255 -0.1029999896334477
v 0.027375487674167198 0.0497846588893025 -0.05459144470110866
v 0.03286782230088381 0.04632193594651168 -0.10300035584440259
v 0.028404717840850857 0.04927625508707845 -0.03921081347740385
v 0.01987974642763568 0.05257496129844608 -0.03024334288240449
v 0.02937262674607699 0.0487649673735846 -0.046519373242266404
v 0.014980363603679936 0.05369441478179304 -0.030404716028497036
v 0.030555856248688507 0.04801572264805598 -0.0520396486204322
v 0.03113099055334967 0.047607179995594606 -0.05448826476456725
v 0.029335061512969496 0.048801054411431455 -0.0545384242212954
v 0.031524259157234 0.047304087024655495 -0.05524549365185205
v 0.03263194429895755 0.046359823521553434 -0.05818144502421241
v 1.3683031024431856e-08 0.054187105845233674 -0.03690056022436217
v -6.395231188420928e-07 0.05499022172810619 -0.031203015855842953
v 0.031040057702961255 0.04765990674370446 -0.05364257304349085
v 0.009778597342510187 0.05447656127280043 -0.03056396438811171
v 0.004345232693112322 0.054919207320436314 -0.03072471764586915
v 0.009511258577065695 0.05518728899820857 -0.024509122105282888
v -1.2927292296003435e-06 0.05579333761097871 -0.025505469579975015
v 0.004118092255687988 0.055762877251865905 -0.024686043958168646
v 0.04132437330069294 0.02254323875690356 -0.07863855353981819
v 0.04111300091516501 0.023403996625546153 -0.07269259988825993
v 0.04148232847787314 0.020074833869763165 -0.07318147625425375
v -1.1412208510583831e-06 0.05633379250115089 -0.020144953730881765
v 1.012855730455499e-08 0.05649992638965706 -0.014999924418512833
v 0.0038554272098716147 0.05628012733746912 -0.018622815063003006
v 0.009209858378118607 0.055624350328782324 -0.01843104640765425
v 0.006218770322536371 0.05610937766505231 -0.012670717841206658
v 0.014355958666795732 0.05450882216910813 -0.018237059505740172
v 0.01923433204456315 0.05302146781989814 -0.01803907289355311
v 0.02652680904498994 0.050159265993277025 -0.02999756574060375
v 0.013029454850128075 0.05478601334438338 -0.010122586731102223
v 0.019318116151936238 0.052732645632107555 -0.007767982851869526
v 0.025377105010889744 0.05000000618957001 -0.005499970697330769
v 0.027708062534324007 0.049578310460312025 -0.03226358185470346
v 0.04206230744829176 0.011403470581003439 -0.07860112372847006
v 0.04202578934963341 0.006726442179687819 -0.07384575240885205
v 0.042500009648036574 1.507938675251638e-16 -0.10300000489223748
v 0.033410844482437696 0.045687036776951295 -0.0789166220955062
v 0.0344511277349735 0.04482255004155444 -0.10300000489223748
v 0.035747762470632605 0.043201749946260026 -0.10300066864959323
v 0.036194917490650624 0.04209516725209861 -0.07883158486002184
v 0.03871226685338236 0.036913095320172395 -0.10300000489223748
v 0.03689605888137493 0.04132610135863635 -0.10300110352510217
v 0.039957933416454594 0.03188962515664362 -0.10300140870089791
v 0.03821151914893406 0.03780854595474503 -0.07876189796706345
v 0.0365798128336392 0.04119099240446511 -0.06584562995855414
v 0.03773429286894281 0.038753488473992626 -0.06770689713680333
v 0.03534629608193507 0.043212225105448976 -0.06372596661935015
v 0.03869809525236745 0.03610104160118199 -0.06920346398034738
v 0.03962746617663715 0.033027352948109545 -0.07870768348694934
v 0.03954469868613364 0.03306700672806917 -0.07048079253222816
v 0.0410194607190717 0.02558852508013576 -0.10300000489223748
v 0.03395567864527882 0.04500075363278233 -0.06108918289425613
v 0.0406311741100529 0.027903724088417237 -0.07866759864617823
v 0.04020466423261704 0.02999338483220204 -0.071446338232386
v 0.04218595323663532 0.012819763792499828 -0.10300000489223748
v 0.040743677167154324 0.026733161288677865 -0.07220371589287122
v 0.042158392047582094 3.463971716794231e-09 -0.07399997299723182
v 0.04189319046638218 0.013452880544678192 -0.07369152419107738
v 0.019372332539399073 0.052407091722601606 -0.0034934670200262308
v 0.025377105010889744 0.05000000618957001 -0.005499970697330769
v 0.019318116151936238 0.052732645632107555 -0.007767982851869526
v 0.023633858849598788 0.050000002374872565 0.0012842488898864857
v 0.02449078103995861 0.050000002374872565 -0.0008971326181234432
v 0.017963194746638544 0.05233167133938066 0.00035511355298644895
v -0.004803563822975143 0.056035662451590085 -0.008238005075732469
v -0.009905926221238648 0.055410700568878646 -0.011291286051138827
v -0.010425438422427824 0.055391955145625005 -0.010660529643005678
v 0.013029454850128075 0.05478601334438338 -0.010122586731102223
v 0.013846584024071462 0.05429459638988998 -0.005476137421357441
v 0.008185470016169316 0.055591116684625685 -0.007551645160777387
v 0.012396193139446732 0.05412866849504594 -0.0016390447202988684
v 0.02277693856658769 0.05000000618957001 0.003465630457501062
v 0.02029337025709621 0.050000002374872565 0.007441165800671501
v 0.006698314984900922 0.05534552646299984 -0.003728657184319112
v 0.0009369461981433014 0.055984747684767466 -0.005926014228003762
v 0.00935958906760348 0.053070517199669265 0.00597033338294084
v 0.006218770322536371 0.05610937766505231 -0.012670717841206658
v 0.003637108737130218 0.05418989820376474 0.0038726434162862644
v 0.014975301500168015 0.05142419296375822 0.007962128063727647
v 0.01712454495704896 0.050000002374872565 0.010894437353700659
v 0.013377210298774478 0.050000002374872565 0.0137094561412765
v 0.006264823734300207 0.05121686797222136 0.01338896338160811
v 0.009177315194199842 0.050000002374872565 0.01579131582878257
v 0.0005569505956065646 0.05224299106783459 0.011287079393529353
v 0.004667436344585607 0.050000002374872565 0.017069210863234208
v -2.540107864346816e-09 0.05000000618957001 0.017499993201810504
v 0.0232053996617676 0.05000000618957001 0.002374939792903069
v -0.002137192589227871 0.05476838562748165 0.001645119745192214
v 1.012855730455499e-08 0.05649992638965706 -0.014999924418512833
v -0.0067825401666662954 0.05603540686686115 -0.012460135098050218
v -0.007892154114786387 0.054775973060703365 -0.0007169061047604397
v -0.005186597116772496 0.05274924338069864 0.009047512484177123
v -0.013029312752648181 0.0547859904561987 -0.010122437004227436
v -0.013541694330634901 0.0541304499587536 -0.0031940218535206344
v -0.01652988893820373 0.05202668627850793 0.004160941321596501
v -0.018989863343986668 0.05275131094671481 -0.005757683073768227
v -0.01931842514242943 0.052732611299830534 -0.007768098246467292
v -0.01090641359633493 0.052695604919899 0.006662801582182631
v -0.0046674349140740645 0.04999999856017512 0.0170692184926291
v -0.009177310425828034 0.04999999856017512 0.01579133204124672
v 0.024933942071749815 0.050000002374872565 -0.003198551568320135
v 0.024712361555854212 0.050000002374872565 -0.002047842123024113
v -0.013377207437751393 0.050000002374872565 0.013709435160440542
v -0.017124546864397683 0.05000000618957001 0.010894445936769914
v -0.025377166046048893 0.05000000618957001 -0.005500003122259067
v -0.024490800113445843 0.05000001000426746 -0.0008971292206585296
v -0.021972872824050915 0.05069399120788409 0.0015843338526794898
v -0.020293368349747487 0.04999999856017512 0.007441150541881714
v -0.022776948103331307 0.05000000618957001 0.0034656290269895196
v 0.02449078103995861 0.050000002374872565 -0.0008971326181234432
v 0.02277693856658769 0.05000000618957001 0.003465630457501062
v 0.02358212201547638 0.04750000225612894 0.003678572352609766
v 0.02029337025709621 0.050000002374872565 0.007441165800671501
v 0.01712454495704896 0.050000002374872565 0.010894437353700659
v 0.017591639400621473 0.04750000225612894 0.01157009179710844
v 0.020988837285368378 0.04750000225612894 0.007872853176217054
v 0.013377210298774478 0.050000002374872565 0.0137094561412765
v 0.009177315194199842 0.050000002374872565 0.01579131582878257
v 0.013554045367293321 0.04750000225612894 0.014554843640231518
v 0.004667436344585607 0.050000002374872565 0.017069210863234208
v -2.540107864346816e-09 0.05000000618957001 0.017499993201810504
v 0.004509951805702905 0.04750000225612894 0.017924248593055303
v 0.009107651189426136 0.04750000225612894 0.016687393981085208
v -0.020293368349747487 0.04999999856017512 0.007441150541881714
v -0.01759138000119509 0.04750000225612894 0.011570190979242057
v -0.017124546864397683 0.05000000618957001 0.010894445936769914
v -0.009177310425828034 0.04999999856017512 0.01579133204124672
v -0.013377207437751393 0.050000002374872565 0.013709435160440542
v -0.01355373637680013 0.04750000225612894 0.01455492851724971
v -0.025300881633856243 0.04750000225612894 -0.0007613258127380299
v -0.024490800113445843 0.05000001000426746 -0.0008971292206585296
v -0.025377166046048893 0.05000000618957001 -0.005500003122259067
v -0.022776948103331307 0.05000000618957001 0.0034656290269895196
v -0.023582039999481275 0.04750000225612894 0.003678624089443888
v -0.02098866562398327 0.04750000225612894 0.007872939006909607
v -0.009107360318745816 0.04750000225612894 0.01668744547950074
v -0.0046674349140740645 0.04999999856017512 0.0170692184926291
v -0.00450976393185365 0.04750000225612894 0.017924265759193814
v 0.0253009026146922 0.04750000225612894 -0.0007613420252021788
v 0.025377105010889744 0.05000000618957001 -0.005499970697330769
v -1.6622213293507156e-16 0.04750000225612894 0.018313548004246227
v -0.026167651465675013 0.04750000225612894 -0.005204093226612305
v 0.026167651465675013 0.04750000225612894 -0.005204093226612305
v 0.028404717840850857 0.04927625508707845 -0.03921081347740385
v 0.029566070053604898 0.046123525902908025 -0.03827591124183627
v 0.02937262674607699 0.0487649673735846 -0.046519373242266404
v 0.027708062534324007 0.049578310460312025 -0.03226358185470346
v 0.028934251252232812 0.04682394250111743 -0.03254898225888425
v 0.028376225865620608 0.047170095776836174 -0.026869622553093997
v 0.025377105010889744 0.05000000618957001 -0.005499970697330769
v 0.031524259157234 0.047304087024655495 -0.05524549365185205
v 0.030555856248688507 0.04801572264805598 -0.0520396486204322
v 0.031566358158257035 0.0422246418981409 -0.04891707080488139
v 0.03218151245383272 0.040393281947874726 -0.051079779190075225
v 0.03263194429895755 0.046359823521553434 -0.05818144502421241
v 0.030969955007981165 0.043683336425432984 -0.04648268348222295
v 0.03395567864527882 0.04500075363278233 -0.06108918289425613
v 0.03277612460365731 0.03825039091591709 -0.05294213355709676
v 0.026167651465675013 0.04750000225612894 -0.005204093226612305
v 0.030428596034514088 0.04477302000990502 -0.043849313911343835
v 0.03332292333568354 0.035879586970302135 -0.054522558894614104
v 0.03379927223526202 0.0333308731651627 -0.055824805050217474
v 0.0365798128336392 0.04119099240446511 -0.06584562995855414
v 0.03534629608193507 0.043212225105448976 -0.06372596661935015
v 0.03773429286894281 0.038753488473992626 -0.06770689713680333
v 0.03451034328344038 0.02787655009115486 -0.0576589802471994
v 0.03869809525236745 0.03610104160118199 -0.06920346398034738
v 0.04189319046638218 0.013452880544678192 -0.07369152419107738
v 0.04148232847787314 0.020074833869763165 -0.07318147625425375
v 0.03539823700237088 0.01086786035658871 -0.05977361962986594
v 0.040743677167154324 0.026733161288677865 -0.07220371589287122
v 0.03524100661770557 0.016436856096870844 -0.05941498847879867
v 0.03954469868613364 0.03306700672806917 -0.07048079253222816
v 0.042158392047582094 3.463971716794231e-09 -0.07399997299723182
v 0.03550000168615952 1.2394766520658098e-16 -0.06000000284984708
v 0.03496236204270309 0.02219694624472801 -0.05876124851854847
v 0.04020466423261704 0.02999338483220204 -0.071446338232386
v -0.00453776953315943 0.054119864173338694 -0.036781186897159035
v -6.395231188420928e-07 0.05499022172810619 -0.031203015855842953
v 1.3683031024431856e-08 0.054187105845233674 -0.03690056022436217
v -2.451806156425954e-09 0.053134932180756156 -0.05891110509304909
v -1.838854674162887e-09 0.053101198811233985 -0.06993333004284619
v -0.004947487589271604 0.05314300789525106 -0.05509461473843569
v -0.005343919054176527 0.052940764080713354 -0.07953326793778359
v -1.5323789330313535e-09 0.05308433403382162 -0.07544444633244218
v -1.8504864048066278e-16 0.053000006332062366 -0.10300000489223748
v -0.008942168660509009 0.05269431173746453 -0.10300076783172685
v -0.018042933367369285 0.05167499787679386 -0.10300000489223748
v -0.016012141034583705 0.05221382389115625 -0.07932505412174162
v -0.010473292848223736 0.052931543956984406 -0.05497687410173979
v -0.010771432434528161 0.052689898132518564 -0.07942930217356814
v -0.020721240074171865 0.05176196534918631 -0.05475442764952376
v -0.015758107933833698 0.05250225697980726 -0.054864367229940925
v -1.8998822262978544e-09 0.05326729073806824 -0.05340166727032969
v 6.167536250444207e-09 0.053793375662958276 -0.04239639483598623
v -1.347958296169755e-09 0.053399649295380325 -0.04789223326230774
v -0.004695082887494206 0.05359276835362525 -0.04287210286639365
v -0.015455094117866608 0.052848635322675364 -0.04260823261460267
v -0.010196104533971573 0.05334198251407685 -0.04273686039781177
v -0.01498036551102866 0.053694410967095596 -0.030404742731379164
v -0.02039326383178719 0.05203739794893858 -0.04248158847406591
v -0.022533370134608655 0.05079421856860167 -0.10299937165246131
v -1.2927292296003435e-06 0.05579333761097871 -0.025505469579975015
v -0.0043452341236238645 0.05491920350573887 -0.030724744348751276
v -0.02683624395043438 0.049559107273364766 -0.10300000489223748
v -0.02932856889791502 0.04853840104812601 -0.10300064576140855
v -0.031713506297570415 0.04715543207985062 -0.07896406167295478
v -0.0314266944553343 0.04737163005764877 -0.10300040925016685
v -0.034450196948796474 0.044823614342142104 -0.10300000489223748
v -0.033410844482437696 0.045687036776951295 -0.0789166297249011
v -0.03312298741310116 0.04588834980531198 -0.05931907935559089
v -0.03188430746840276 0.0470138457694147 -0.0562663867972657
v -0.03448785182729397 0.04436665936438322 -0.06213647374600173
v -0.0358667581427885 0.043029630797459806 -0.10299985230433961
v -0.02527580381284089 0.05058454372343757 -0.05464562484894575
v -0.023797572312574955 0.0512181916722354 -0.017837071312303276
v -0.024411019531043188 0.051078199905332244 -0.030079850671880237
v -0.02703123983982314 0.04972007606152795 -0.024558556769496143
v -0.02933506342031822 0.048801054411431455 -0.05453843948008519
v -0.02737548958151592 0.0497846588893025 -0.054591463774595894
v -0.028926072540906844 0.04901335758313641 -0.04357976357505455
v -0.0300165972661659 0.048373186501704524 -0.04982573555140979
v -0.03113099055334967 0.047607179995594606 -0.054488283838054485
v -0.03083477357455844 0.047820387250594454 -0.05304696525763264
v -0.0313595405214806 0.047417116510004576 -0.05465667602744917
v -0.00977859924985891 0.05447655745810298 -0.030563991090993836
v -0.009511260484414419 0.055187285183511126 -0.02450915071551374
v -0.004118094163036712 0.05576287343716846 -0.024686072568399497
v -1.1412208510583831e-06 0.05633379250115089 -0.020144953730881765
v -0.0038554293556389285 0.05628012733746912 -0.01862284558058258
v 1.012855730455499e-08 0.05649992638965706 -0.014999924418512833
v -1.22590319189982e-09 0.05306746925640926 -0.08095555499264329
v -0.009209861239141692 0.055624350328782324 -0.018431078832582548
v -0.0067825401666662954 0.05603540686686115 -0.012460135098050218
v -0.013029312752648181 0.0547859904561987 -0.010122437004227436
v -0.014355961527818817 0.05450882216910813 -0.018237090023319746
v -0.019879748334984404 0.05257495748374863 -0.030243369585286617
v -0.019234333951911875 0.05302146781989814 -0.018039103411132684
v -0.026526812859687388 0.050159265993277025 -0.029997592443485877
v -0.027582599042647038 0.04962676474728145 -0.030911407031567473
v -0.01931842514242943 0.052732611299830534 -0.007768098246467292
v -0.025377166046048893 0.05000000618957001 -0.005500003122259067
v -0.026479882544347966 0.049813387375774454 -0.01820570460007609
v -0.03702685341273382 0.04107751659951475 -0.102999753122206
v -0.038712221077013 0.03691293510287963 -0.10300000489223748
v -0.03619492130534807 0.04209516725209861 -0.07883159248941674
v -0.038311719806769506 0.03724991784593623 -0.06860807363224364
v -0.037744089011986226 0.03863082687759034 -0.06771387040373611
v -0.038211522963631506 0.037808542140047585 -0.07876190559645835
v -0.03962746617663715 0.0330273491334121 -0.07870769111634424
v -0.03999903296674656 0.03168561704453676 -0.10299936402306642
v -0.04101947979255893 0.025588567041807675 -0.10300000489223748
v -0.042185949421937874 0.012819765699848551 -0.10300000489223748
v -0.04132437330069294 0.022543236849554837 -0.07863856116921308
v -0.04063117792475035 0.027903722181068513 -0.07866760627557312
v -0.04100844768754275 0.02426850243443024 -0.07255160867062571
v -0.04060120584691074 0.027683265093570997 -0.07200683172824629
v -0.037176458217202946 0.04001173590924445 -0.06681965954583369
v -0.04000519751782061 0.031008302254065256 -0.07115856508639329
v -0.041871553502463854 0.013925619786797627 -0.07366566817178288
v -0.04206230744829176 0.011403466766305992 -0.07860113135786495
v -0.03924975772363837 0.034218042091578305 -0.07003930233791866
v -0.042500009648036574 -1.4981633724749352e-16 -0.10300000489223748
v -0.04215456972074039 0.001741906010394173 -0.0739959370473331
v -0.042142934893527606 0.0034837981925101014 -0.07398332565757393
v -0.0421574231144306 0.000870944898965012 -0.07399897354650076
v -0.04209394273421818 0.006966912600502861 -0.07392833297918067
v -0.04141568571347731 0.02085373977528948 -0.07309638561300513
v -0.042158403491674434 4.252584096399861e-07 -0.0739999958854165
v -0.042158403491674434 -1.4330388685375437e-16 -0.0740000035148114
v -0.042158403491674434 2.1262895743742242e-07 -0.0739999958854165
v -0.04215839967697699 6.804142936143347e-06 -0.0739999958854165
v -0.042158403491674434 8.505173431489453e-07 -0.0739999958854165
v -0.042158403491674434 1.7010351519592e-06 -0.0739999958854165
v -0.042158403491674434 1.328884145004524e-08 -0.0739999958854165
v -0.042158403491674434 2.6578179484221236e-08 -0.0739999958854165
v -0.042158403491674434 5.3156861009541697e-08 -0.0739999958854165
v -0.042158403491674434 1.0631422406018262e-07 -0.0739999958854165
v -0.04215839586227954 5.4433210544375336e-05 -0.07399998825602161
v -0.04215838060348975 0.00010886655519920779 -0.07399997299723182
v -0.042158331012422945 0.00021773363193908213 -0.07399991959146757
v -0.04215814409224805 0.00043546920102921147 -0.07399972885659523
v -0.042158403491674434 3.4020710024103642e-06 -0.0739999958854165
v -0.04215839967697699 1.3608288666254551e-05 -0.0739999958854165
v -0.04215839967697699 2.721658664573529e-05 -0.0739999958854165
v -0.03587497118639149 0.042405435668935176 -0.06465483400355687
v -0.03207682189710237 0.040730722454624946 -0.050731253172544566
v -0.03150590474046866 0.04238583575345345 -0.04868753664480918
v -0.03083477357455844 0.047820387250594454 -0.05304696525763264
v -0.029176743939531846 0.046595041580821395 -0.03489890455067535
v -0.027582599042647038 0.04962676474728145 -0.030911407031567473
v -0.028926072540906844 0.04901335758313641 -0.04357976357505455
v -0.0300165972661659 0.048373186501704524 -0.04982573555140979
v -0.030380757821182325 0.04485964415952726 -0.04359115044693329
v -0.025377166046048893 0.05000000618957001 -0.005500003122259067
v -0.0274062818193066 0.04742728649339778 -0.01708863530263338
v -0.03188430746840276 0.0470138457694147 -0.0562663867972657
v -0.030932536640725372 0.04376534479114458 -0.046315325075836355
v -0.03315653004775099 0.03664948828250525 -0.05405213803486797
v -0.03312298741310116 0.04588834980531198 -0.05931907935559089
v -0.03448785182729397 0.04436665936438322 -0.06213647374600173
v -0.0326349388364533 0.03879628937934587 -0.05251581059983579
v -0.037176458217202946 0.04001173590924445 -0.06681965954583369
v -0.038311719806769506 0.03724991784593623 -0.06860807363224364
v -0.034021630949436776 0.031898614491177035 -0.05641186028439993
v -0.03924975772363837 0.034218042091578305 -0.07003930233791866
v -0.034616739009929454 0.026769748051890252 -0.05792285431368782
v -0.03587497118639149 0.042405435668935176 -0.06465483400355687
v -0.033623761820431586 0.03434023829489208 -0.0553523356979424
v -0.04000519751782061 0.031008302254065256 -0.07115856508639329
v -0.026167651465675013 0.04750000225612894 -0.005204093226612305
v -0.028581365035520445 0.04706760248583519 -0.028973668520950735
v -0.029907624711551506 0.045638925812752085 -0.040747625379011776
v -0.03500498747197378 0.021484007902149438 -0.05886258595622307
v -0.04060120584691074 0.027683265093570997 -0.07200683172824629
v -0.03550000168615952 -1.2394766520658098e-16 -0.06000000284984708
v -0.042142934893527606 0.0034837981925101014 -0.07398332565757393
v -0.04215456972074039 0.001741906010394173 -0.0739959370473331
v -0.04209394273421818 0.006966912600502861 -0.07392833297918067
v -0.0421574231144306 0.000870944898965012 -0.07399897354650076
v -0.04215814409224805 0.00043546920102921147 -0.07399972885659523
v -0.042158331012422945 0.00021773363193908213 -0.07399991959146757
v -0.04215838060348975 0.00010886655519920779 -0.07399997299723182
v -0.042158403491674434 6.6442706583897e-09 -0.0740000035148114
v -0.042158403491674434 -1.4330388685375437e-16 -0.0740000035148114
v -0.03550000168615952 -1.2394766520658098e-16 -0.06000000284984708
v -0.042158403491674434 1.0631422406018262e-07 -0.0739999958854165
v -0.042158403491674434 5.3156861009541697e-08 -0.0739999958854165
v -0.042158403491674434 2.6578179484221236e-08 -0.0739999958854165
v -0.042158403491674434 1.328884145004524e-08 -0.0739999958854165
v -0.04141568571347731 0.02085373977528948 -0.07309638561300513
v -0.041871553502463854 0.013925619786797627 -0.07366566817178288
v -0.035400327456571734 0.010765350853123579 -0.05977832315181786
v -0.04215839586227954 5.4433210544375336e-05 -0.07399998825602161
v -0.04215839967697699 2.721658664573529e-05 -0.0739999958854165
v -0.04215839967697699 1.3608288666254551e-05 -0.0739999958854165
v -0.042158403491674434 1.7010351519592e-06 -0.0739999958854165
v -0.042158403491674434 8.505173431489453e-07 -0.0739999958854165
v -0.042158403491674434 4.252584096399861e-07 -0.0739999958854165
v -0.042158403491674434 2.1262895743742242e-07 -0.0739999958854165
v -0.04215839967697699 6.804142936143347e-06 -0.0739999958854165
v -0.042158403491674434 3.4020710024103642e-06 -0.0739999958854165
v -0.0276000016923994 0.04000000189989805 -0.028000001329928637
v -0.027089488362487257 0.04000000189989805 -0.016577894998223153
v -0.0274062818193066 0.04742728649339778 -0.01708863530263338
v -0.027657060029460112 0.03988358877791365 -0.03373803108245088
v -0.028581365035520445 0.04706760248583519 -0.028973668520950735
v -0.026167651465675013 0.04750000225612894 -0.005204093226612305
v -0.026167651465675013 0.04000000189989805 -0.005204093226612305
v -0.030380757821182325 0.04485964415952726 -0.04359115044693329
v -0.027728961354286374 0.03853409759443149 -0.04222002611423026
v -0.027698302630906335 0.03922295565937706 -0.03943560215385222
v -0.029907624711551506 0.045638925812752085 -0.040747625379011776
v -0.030932536640725372 0.04376534479114458 -0.046315325075836355
v -0.027774159796984943 0.03749152170873016 -0.044891165004530276
v -0.03150590474046866 0.04238583575345345 -0.04868753664480918
v -0.02783483828192268 0.036069772526210464 -0.04738071666696708
v -0.029176743939531846 0.046595041580821395 -0.03489890455067535
v -0.03207682189710237 0.040730722454624946 -0.050731253172544566
v -0.0326349388364533 0.03879628937934587 -0.05251581059983579
v -0.02799023379711607 0.032256200415143876 -0.05164563615054574
v -0.027908107175783625 0.03430516978126352 -0.04964015815001721
v -0.033623761820431586 0.03434023829489208 -0.0553523356979424
v -0.02807751407469916 0.029986594670746713 -0.053398008975478195
v -0.02825440731735407 0.024998093838712876 -0.05621802024833755
v -0.034021630949436776 0.031898614491177035 -0.05641186028439993
v -0.035400327456571734 0.010765350853123579 -0.05977832315181786
v -0.028537255688942942 0.006996750687094655 -0.05982936380365622
v -0.02850000516837481 0.014000000664964318 -0.059317622141166204
v -0.03500498747197378 0.021484007902149438 -0.05886258595622307
v -0.028408355154866394 0.019624772050290673 -0.05821554460468947
v -0.02854967252913232 -9.968071221621315e-17 -0.06000000284984708
v -0.03550000168615952 -1.2394766520658098e-16 -0.06000000284984708
v -0.03315653004775099 0.03664948828250525 -0.05405213803486797
v -0.034616739009929454 0.026769748051890252 -0.05792285431368782
v 0.0276000016923994 0.04000000189989805 -0.028000001329928637
v 0.028376225865620608 0.047170095776836174 -0.026869622553093997
v 0.027089488362487257 0.04000000189989805 -0.016577894998223153
v 0.028934251252232812 0.04682394250111743 -0.03254898225888425
v 0.027657060029460112 0.03988358877791365 -0.03373803108245088
v 0.026167651465675013 0.04000000189989805 -0.005204093226612305
v 0.026167651465675013 0.04750000225612894 -0.005204093226612305
v 0.027698302630906335 0.03922295565937706 -0.03943560215385222
v 0.027728961354286374 0.03853409759443149 -0.04222002611423026
v 0.030428596034514088 0.04477302000990502 -0.043849313911343835
v 0.031566358158257035 0.0422246418981409 -0.04891707080488139
v 0.027774159796984943 0.03749152170873016 -0.044891165004530276
v 0.02783483828192268 0.036069772526210464 -0.04738071666696708
v 0.030969955007981165 0.043683336425432984 -0.04648268348222295
v 0.029566070053604898 0.046123525902908025 -0.03827591124183627
v 0.03218151245383272 0.040393281947874726 -0.051079779190075225
v 0.027908107175783625 0.03430516978126352 -0.04964015815001721
v 0.02799023379711607 0.032256200415143876 -0.05164563615054574
v 0.03277612460365731 0.03825039091591709 -0.05294213355709676
v 0.03496236204270309 0.02219694624472801 -0.05876124851854847
v 0.02825440731735407 0.024998093838712876 -0.05621802024833755
v 0.028408355154866394 0.019624772050290673 -0.05821554460468947
v 0.028537255688942942 0.006996750687094655 -0.05982936380365622
v 0.03539823700237088 0.01086786035658871 -0.05977361962986594
v 0.02850000516837481 0.014000000664964318 -0.059317622141166204
v 0.02850000516837481 0.014000000664964318 -0.059317622141166204
v 0.03524100661770557 0.016436856096870844 -0.05941498847879867
v 0.02854967252913232 9.968071221621315e-17 -0.06000000284984708
v 0.03550000168615952 1.2394766520658098e-16 -0.06000000284984708
v 0.03332292333568354 0.035879586970302135 -0.054522558894614104
v 0.02807751407469916 0.029986594670746713 -0.053398008975478195
v 0.03379927223526202 0.0333308731651627 -0.055824805050217474
v 0.03451034328344038 0.02787655009115486 -0.0576589802471994
v 0.02854967252913232 9.968071221621315e-17 -0.06000000284984708
v 0.028537255688942942 0.006996750687094655 -0.05982936380365622
v -0.02854967252913232 -9.968071221621315e-17 -0.06000000284984708
v -0.028537255688942942 0.006996750687094655 -0.05982936380365622
v 0.02850000516837481 0.014000000664964318 -0.059317622141166204
v -0.02850000516837481 0.014000000664964318 -0.059317622141166204
v 0.02825440731735407 0.024998093838712876 -0.05621802024833755
v 0.02807751407469916 0.029986594670746713 -0.053398008975478195
v -0.02825440731735407 0.024998093838712876 -0.05621802024833755
v 0.028408355154866394 0.019624772050290673 -0.05821554460468947
v -0.028408355154866394 0.019624772050290673 -0.05821554460468947
v -0.02799023379711607 0.032256200415143876 -0.05164563615054574
v 0.02799023379711607 0.032256200415143876 -0.05164563615054574
v 0.027908107175783625 0.03430516978126352 -0.04964015815001721
v 0.02850000516837481 0.014000000664964318 -0.059317622141166204
v -0.027908107175783625 0.03430516978126352 -0.04964015815001721
v 0.02783483828192268 0.036069772526210464 -0.04738071666696708
v 0.027774159796984943 0.03749152170873016 -0.044891165004530276
v -0.02783483828192268 0.036069772526210464 -0.04738071666696708
v 0.027728961354286374 0.03853409759443149 -0.04222002611423026
v -0.027728961354286374 0.03853409759443149 -0.04222002611423026
v 0.027698302630906335 0.03922295565937706 -0.03943560215385222
v -0.027698302630906335 0.03922295565937706 -0.03943560215385222
v 0.027657060029460112 0.03988358877791365 -0.03373803108245088
v -0.027657060029460112 0.03988358877791365 -0.03373803108245088
v 0.0276000016923994 0.04000000189989805 -0.028000001329928637
v -0.02807751407469916 0.029986594670746713 -0.053398008975478195
v -0.02850000516837481 0.014000000664964318 -0.059317622141166204
v -0.027774159796984943 0.03749152170873016 -0.044891165004530276
v -0.0276000016923994 0.04000000189989805 -0.028000001329928637
v 0.04101888469975723 -0.004792966116630715 -0.17097888995699861
v 0.04099997905921082 1.4329685309182628e-16 -0.19400000921450555
v 0.041234403661409846 -1.413015628525795e-07 -0.17124857380769853
v 0.04031546974935463 -0.007460842963776526 -0.19400000921450555
v 0.04083412364361827 -0.0036842285952490283 -0.19400000921450555
v 0.0401167201976782 -0.009022866677647623 -0.1829076930138207
v 0.038771146708473925 -0.013878905955538312 -0.1831913081395964
v 0.03812119855748586 -0.015092441322016037 -0.19400000921450555
v 0.039417272532620284 -0.0112819657916019 -0.19400000921450555
v 0.03685714896741743 -0.01853131573004374 -0.18343457902517457
v 0.03903767961908278 -0.01469443963227457 -0.1716629262443714
v 0.03641948872934453 -0.018831673562913487 -0.19400000921450555
v 0.03727401528970775 -0.019387675252530157 -0.17194852501281943
v 0.04200779923647424 2.9709622278055795e-07 -0.13712567789983865
v 0.041767141418647125 -0.001588922814498711 -0.14728536160993677
v 0.04175000198301859 1.811562192057881e-07 -0.14849997653579194
v 0.04136330228813767 -6.068711733798761e-08 -0.1655614244897219
v 0.04149220472956294 1.9927328176604294e-08 -0.15987427517174524
v 0.04152775770976724 -0.006748758159751678 -0.14773516021528543
v 0.04028457832943033 -0.009813567627679487 -0.17133641866050375
v 0.04008923911727136 -0.016852797355030313 -0.1485880044940746
v 0.04098116115670569 -0.011843843068961024 -0.14817124116861535
v 0.0388050517393812 -0.0217476244765602 -0.14897569982498915
v 0.034995511763515896 -0.023835105120754152 -0.17218090112248952
v 0.034393693650214274 -0.02291887964388617 -0.18362737383413652
v 0.03431662913239375 -0.02243619453184853 -0.19400000921450555
v 0.03140818935801981 -0.026979028075868605 -0.18375829425051116
v 0.03183027418641737 -0.025842780387012043 -0.19400000921450555
v 0.027670365694154597 -0.030377437127054874 -0.18955895370571518
v 0.025842021262220127 -0.03183089407475248 -0.19400000921450555
v 0.028991166538139268 -0.02899187225716693 -0.19400000921450555
v 0.027934686080244298 -0.030642850423963086 -0.18381548419463378
v 0.02370704763481335 -0.033571328804025136 -0.1895324644466445
v 0.024028838345288017 -0.03383724754834505 -0.18378788104390864
v 0.022435420148266827 -0.03431714030185162 -0.19400000921450555
v 0.03221121750285105 -0.02797433223080903 -0.1723455282055042
v 0.028919509353949602 -0.03172745092408724 -0.17242650660290515
v 0.033416543640423235 -0.029386481727203817 -0.1609949264700905
v 0.030351460944790798 -0.0333227898212729 -0.16112215425933663
v 0.03707975182222878 -0.026486209220063506 -0.1493195719116347
v 0.0251404621621254 -0.03499720548918228 -0.17240798243210342
v 0.026715239840072735 -0.03674778540631474 -0.16113166048537408
v 0.022566331027897846 -0.039516786544915306 -0.16100467683676456
v 0.020940264742778103 -0.037690641286058923 -0.1722795491984641
v 0.03204961166021425 -0.03517679381558336 -0.14978073831537486
v 0.01976452730595213 -0.03649987584864123 -0.1836685878253519
v 0.019399416891271448 -0.036235486797997485 -0.1894194731082699
v 0.0285643305040717 -0.03880552094716716 -0.1498309702513545
v 0.04226560030462734 4.130362263553278e-07 -0.12575139452267514
v 0.04226949892541798 -0.0035967058459594747 -0.12388133828150849
v 0.04238280688368068 2.065181131776639e-07 -0.11437569970745631
v 0.04210423860262713 -0.008767786442448466 -0.12432660502629034
v 0.04177609069885735 -0.013921250050872302 -0.12476615735429686
v 0.04043650246994712 -0.024165330127283724 -0.12561219621284092
v 0.04124003796953879 -0.019056431721782285 -0.12519708846607358
v 0.03929202457134906 -0.029225089507624036 -0.125998419070541
v 0.042185949421937874 -0.012819765699848551 -0.10300000489223748
v 0.04154827696733365 -0.019979882235614532 -0.11340253224179975
v 0.042500009648036574 1.507938675251638e-16 -0.10300000489223748
v 0.03996650885631503 -0.03028526640734497 -0.11418933647838969
v 0.04101947979255893 -0.025588567041807675 -0.10300000489223748
v 0.040893590962116644 -0.02513947224813795 -0.11380991904093474
v 0.03770858943754618 -0.03417360849571782 -0.1263328841132827
v 0.03486293958314679 -0.031003850502144825 -0.14959793801372356
v 0.038666925359529536 -0.035363813172610836 -0.114517446235185
v 0.03544534470114158 -0.03883572190685358 -0.126579374603506
v 0.03999903296674656 -0.03168561513718804 -0.10299936402306642
v 0.03667960531884784 -0.04018608665605106 -0.11475887843659383
v 0.030493428724971405 -0.040929872549533286 -0.13836441697234747
v 0.03228398285664902 -0.04288211644719153 -0.12668832236258698
v 0.02824372616450299 -0.04594510487392567 -0.12662023764255625
v 0.026423053089134063 -0.04391339701375285 -0.1382768620365482
v 0.024457699983699843 -0.04167987639985382 -0.14971958108590755
v 0.03368942039288614 -0.044363710603256834 -0.11486505672532843
v 0.038712221077013 -0.03691293510287963 -0.10300000489223748
v 0.03704781517520406 -0.04061187937036692 -0.10883332578698113
v 0.03413841791177097 -0.04480700133476123 -0.10893081419493189
v 0.03702685341273382 -0.04107751659951475 -0.102999753122206
v 0.0358667581427885 -0.043029630797459806 -0.10299985230433961
v 0.030160205366248638 -0.04786847151191154 -0.10885973112270797
v 0.02968170306996143 -0.047444303858708015 -0.11479999324567558
v 0.034450196948796474 -0.044823614342142104 -0.10300000489223748
v -4.5191932699802584e-10 -0.04899859088931979 -0.1371868961644651
v -1.150563375710607e-09 -0.04796305312040783 -0.1428386908665047
v 0.0014864168873124362 -0.04939874120739818 -0.13569672275384193
v 0.0314266944553343 -0.04737163005764877 -0.10300040925016685
v 0.01883093160426008 -0.036419877828484104 -0.19400000921450555
v 0.014818954217961644 -0.038340261373066564 -0.1892184843291922
v 0.015221972234845671 -0.038605825350523926 -0.18345662797641715
v 0.015091775657311568 -0.03812146940100458 -0.19400000921450555
v 0.011281419336192644 -0.039417440379307944 -0.19400000921450555
v 0.0104598689279084 -0.040153982162338675 -0.18315320694149761
v 0.010019533633250921 -0.03987127874925278 -0.18893077984775353
v 0.007460452434125409 -0.04031554985800101 -0.19400000921450555
v 0.016430506532970623 -0.039791116697105444 -0.1720404897388672
v 0.018056937121696537 -0.041615190575248207 -0.16073896027140933
v 0.019931447022132343 -0.043783842259064176 -0.14944188637056932
v 0.011694079000873492 -0.04134253126053977 -0.17169463400954932
v 0.013304336226099278 -0.04314338507532378 -0.1603443221911416
v 0.006771600568063196 -0.04236943255443215 -0.17124858906648832
v 0.0055169408557601 -0.04113327603209482 -0.18276027784568605
v 0.01514377856658089 -0.04527925324928184 -0.14901354162366154
v 0.00835806695582475 -0.044178171348838724 -0.15983884426185924
v 0.021870347108121635 -0.0460162947576781 -0.13800762069075212
v 0.005042938471948588 -0.040811586411102496 -0.18855896891700752
v 0.0036840230784240813 -0.0408341503465004 -0.19400000921450555
v 0.0004298722352119935 -0.041525228565360006 -0.1822836542878914
v 1.4737764118509003e-16 -0.040999986688605716 -0.19400000921450555
v 1.589136577868944e-10 -0.04150701338505147 -0.1825212794212483
v 1.3853541052855956e-09 -0.042847589620600424 -0.17110858967019027
v 0.0016964633078497132 -0.042878210197005995 -0.17071414995418976
v 0.0032534169311861094 -0.04476348708098543 -0.1592470473587504
v 0.0050026590816076855 -0.046914930664618826 -0.14783173309584896
v 4.2283070077420186e-10 -0.04474519942142541 -0.15977382655857575
v -1.8492074528448988e-09 -0.04692751535149586 -0.14849048556854427
v 0.010154664521932477 -0.04629640799119761 -0.14846439303800807
v 0.02365485494434605 -0.048014879599920235 -0.12637176350966062
v 0.02506083607496934 -0.049433004819865456 -0.11456799097635528
v 0.017041737412222258 -0.047469213833035706 -0.1375759647864605
v 0.0187811688760664 -0.04940451665933265 -0.1259639418350167
v 0.012008263204639213 -0.048452635205429306 -0.13701808817304872
v 0.013707157786064794 -0.050341909892333 -0.1254330198737641
v 0.020151778224614114 -0.05073776867578372 -0.11419218987207991
v 0.015050837277986728 -0.0516255708419755 -0.11370488516143418
v 0.025544789573908044 -0.04980861900396594 -0.10863005581883023
v 0.02683624395043438 -0.049559107273364766 -0.10300000489223748
v 0.02932856889791502 -0.04853840104812601 -0.10300064576140855
v -1.4998854142777529e-09 -0.047445284235951846 -0.14566458821752448
v 0.020640084293339633 -0.051074118179064154 -0.10826642359941019
v 0.018042933367369285 -0.05167499787679386 -0.10300000489223748
v 0.022533370134608655 -0.05079421856860167 -0.10299937165246131
v 0.015545696996925873 -0.051940306269522285 -0.10779872643364108
v 0.006812526072784153 -0.04907198948289393 -0.1363782565996896
v 0.00848372118237406 -0.05094473890045803 -0.12482240125345268
v 0.003150060326469195 -0.05128491073058017 -0.12417061441829524
v 9.453687988488471e-10 -0.05106967024184117 -0.12588332201917574
v 0.00982065152083822 -0.05220929203058944 -0.11314302600388793
v 0.010329526438196956 -0.052512869468104295 -0.10726015981870507
v 0.008942168660509009 -0.05269431173746453 -0.10300076783172685
v 0.005048985721076149 -0.05284469855491025 -0.10667838031109156
v 0.004514208531216368 -0.05254797612870732 -0.11253812942974672
v -3.5508002706019256e-09 -0.05246451054857104 -0.11447717065954155
v 1.8504864048066278e-16 -0.053000006332062366 -0.10300000489223748
v 1.5323789330313535e-09 -0.05308433403382162 -0.07544444633244218
v 1.22590319189982e-09 -0.05306746925640926 -0.08095555499264329
v 0.005343919531013708 -0.052940764080713354 -0.0795332603083887
v 0.042500009648036574 1.507938675251638e-16 -0.10300000489223748
v 0.042014967052976804 -0.006962804171352643 -0.07383281295511246
v 0.04206230744829176 -0.011403461997934183 -0.07860111609907516
v 0.008942168660509009 -0.05269431173746453 -0.10300076783172685
v 0.010771433388202523 -0.052689898132518564 -0.07942929454417325
v 1.8504864048066278e-16 -0.053000006332062366 -0.10300000489223748
v 0.010473292848223736 -0.052931543956984406 -0.05497685502825256
v 0.016012142941932428 -0.05221382389115625 -0.07932504649234673
v 0.018042933367369285 -0.05167499787679386 -0.10300000489223748
v 1.838854674162887e-09 -0.053101198811233985 -0.06993333004284619
v 0.004947487589271604 -0.05314300789525106 -0.055094595664948454
v 2.451806156425954e-09 -0.053134932180756156 -0.05891110509304909
v 0.01575810888750806 -0.05250225697980726 -0.05486435197115114
v 1.8998822262978544e-09 -0.05326729073806824 -0.05340166727032969
v -6.167536250444207e-09 -0.053793375662958276 -0.04239639483598623
v 1.347958296169755e-09 -0.053399649295380325 -0.04789223326230774
v 0.0046950824106570255 -0.05359276835362525 -0.042872079978208966
v 0.04063117792475035 -0.027903718366371066 -0.07866759864617823
v 0.041008440058147855 -0.024268494805035346 -0.07255159341183592
v 0.04060120203221329 -0.02768325555682738 -0.0720068164694565
v 0.01545509507154097 -0.05284863913737281 -0.042608213541115436
v 0.010196104533971573 -0.05334198251407685 -0.04273684132432454
v 0.00453776953315943 -0.05411986798803614 -0.03678116019427691
v 0.02072124198152059 -0.05176196534918631 -0.05475440857603653
v 0.022533370134608655 -0.05079421856860167 -0.10299937165246131
v 0.031713506297570415 -0.047155428265153176 -0.07896405404355988
v 0.02527580381284089 -0.05058454372343757 -0.054645609590155964
v 0.02039326383178719 -0.05203739794893858 -0.04248156558588123
v 0.02932856889791502 -0.04853840104812601 -0.10300064576140855
v 0.0314266944553343 -0.04737163005764877 -0.10300040925016685
v 0.02683624395043438 -0.049559107273364766 -0.10300000489223748
v 0.034450196948796474 -0.044823614342142104 -0.10300000489223748
v 0.027375491488864645 -0.0497846588893025 -0.05459144470110866
v 0.028926072540906844 -0.04901335758313641 -0.04357976357505455
v 0.024411019531043188 -0.051078199905332244 -0.03007982396899811
v 0.0300165972661659 -0.04837318268700708 -0.04982573555140979
v 0.02933506342031822 -0.048801054411431455 -0.0545384242212954
v 0.031130992460698392 -0.04760717618089716 -0.05448826476456725
v 0.03083477357455844 -0.04782038343589701 -0.05304696144293519
v 0.03188430746840276 -0.04701384195471725 -0.05626638298256825
v 0.01498036551102866 -0.05369441478179304 -0.030404716028497036
v -1.3683031024431856e-08 -0.054187105845233674 -0.03690056022436217
v 0.004345233646786684 -0.054919207320436314 -0.03072471764586915
v 0.00977859924985891 -0.05447656127280043 -0.03056396438811171
v 0.009511259530740057 -0.05518728899820857 -0.024509122105282888
v 0.00411809320936235 -0.055762877251865905 -0.024686042050819923
v 1.2769882475271798e-06 -0.055793597010405094 -0.025503493566697566
v 6.31652627805511e-07 -0.054990351427819384 -0.031202027849204228
v 0.0313595405214806 -0.04741711269530713 -0.05465667221275172
v 0.003855428401964567 -0.05628012733746912 -0.018622815063003006
v 1.012855730455499e-08 -0.05649992638965706 -0.014999924418512833
v 1.1278051487338355e-06 -0.05633389168328451 -0.020143464091528784
v 0.006782322252074646 -0.05603543738444072 -0.01246021425302224
v 0.00920986028546733 -0.055624350328782324 -0.01843104640765425
v 0.0371764544025055 -0.04001172446515211 -0.0668196519164388
v 0.038211522963631506 -0.037808542140047585 -0.07876189796706345
v 0.03774408519728878 -0.038630815433498 -0.06771385514494632
v 0.019879748334984404 -0.05257496129844608 -0.03024334288240449
v 0.019234333951911875 -0.05302146781989814 -0.01803907289355311
v 0.026526812859687388 -0.050159265993277025 -0.02999756574060375
v 0.02758260094999576 -0.04962676474728145 -0.030911407031567473
v 0.027031226488382076 -0.04972007606152795 -0.024558547232752526
v 0.023797572312574955 -0.0512181916722354 -0.01783703888737498
v 0.014355960574144455 -0.05450882216910813 -0.018237059505740172
v 0.013029312752648181 -0.0547859904561987 -0.010122437004227436
v 0.01931842514242943 -0.052732611299830534 -0.007768098246467292
v 0.025377105010889744 -0.05000000618957001 -0.005499970697330769
v 0.02647985202676839 -0.049813387375774454 -0.018205689341286302
v 0.04141567808408242 -0.020853732145894588 -0.07309637035421535
v 0.04132437330069294 -0.022543231127508667 -0.07863855353981819
v 0.03341084829713514 -0.045687036776951295 -0.07891661446611131
v 0.0358667581427885 -0.043029630797459806 -0.10299985230433961
v 0.03312298741310116 -0.04588834599061453 -0.05931907554089344
v 0.03619492130534807 -0.04209516343740116 -0.07883158486002184
v 0.038712221077013 -0.03691293510287963 -0.10300000489223748
v 0.03702685341273382 -0.04107751659951475 -0.102999753122206
v 0.03999903296674656 -0.03168561513718804 -0.10299936402306642
v 0.03448785182729397 -0.04436665173498833 -0.06213646993130428
v 0.03587497118639149 -0.04240542803954028 -0.06465482637416198
v 0.03924975390894092 -0.03421803446218341 -0.07003929470852377
v 0.03831171599207206 -0.03724990640184389 -0.06860806600284874
v 0.03962746617663715 -0.0330273491334121 -0.07870768348694934
v 0.04101947979255893 -0.025588567041807675 -0.10300000489223748
v 0.040005193703123165 -0.031008290809972916 -0.0711585574569984
v 0.042185949421937874 -0.012819765699848551 -0.10300000489223748
v 0.041871542058371514 -0.013925612157402734 -0.0736656452835982
v 0.042158392047582094 3.463971716794231e-09 -0.07399997299723182
v 0.01931842514242943 -0.052732611299830534 -0.007768098246467292
v 0.025377105010889744 -0.05000000618957001 -0.005499970697330769
v 0.01936042305397012 -0.05241231785810374 -0.003502070354861747
v 0.024567477439475516 -0.05000000618957001 -0.0011671416121760564
v 0.02374531667959978 -0.050000002374872565 0.0010016811369785439
v 0.017951533216543636 -0.052337004286411304 0.0003457726404391265
v -0.010427403945287295 -0.05539173007847564 -0.010666731387379835
v -0.009667060357537172 -0.05544226337555358 -0.01138075691873075
v -0.004807668914265095 -0.056035891333436894 -0.008244995508803754
v 0.013836283387290704 -0.054297957138340625 -0.005484223149433143
v 0.013029312752648181 -0.0547859904561987 -0.010122437004227436
v 0.00817698994374505 -0.05559297062758484 -0.00755918300293229
v 0.012386161438835974 -0.05413217801669701 -0.0016478828974459542
v 0.020419665352816585 -0.050000002374872565 0.0072738555548401695
v 0.022923155919724048 -0.050000002374872565 0.003170503766923849
v 0.006690103371809475 -0.05534757495552878 -0.003736951290242846
v 0.0009307337845372229 -0.055985720432616404 -0.005933697505498825
v 0.00935014959877134 -0.05307457985245012 0.005960125252573167
v 0.006782322252074646 -0.05603543738444072 -0.01246021425302224
v 0.00362950676037449 -0.05419261426834687 0.0038629400180745233
v 0.014964170213018213 -0.051429895936441206 0.007951437850970133
v 0.017124762394803428 -0.050000002374872565 0.01089436487444917
v 0.013198691995007228 -0.050000002374872565 0.013818539322116852
v 0.008869609300373171 -0.050000002374872565 0.01590779380062357
v 0.00625599080236211 -0.05122170500858392 0.013377540270103627
v 0.0005499589108376793 -0.052246611215711614 0.01127615410004168
v 0.004391512125699881 -0.050000002374872565 0.017119026997192144
v -1.8063935334222073e-08 -0.050000002374872565 0.017500000831205398
v 0.02476988337865471 -0.05000000618957001 -0.0022503489132670584
v 0.02497229122518263 -0.05000000618957001 -0.0033335560951487653
v -0.002142822844240777 -0.05477008698254293 0.0016359957041552076
v 1.012855730455499e-08 -0.05649992638965706 -0.014999924418512833
v -0.007895719903224796 -0.05477698014082932 -0.0007253285394904704
v -0.013543158220780116 -0.054131079383832326 -0.00320163384385716
v -0.01090945391020004 -0.05269766485652028 0.006653094130854853
v -0.006304845155726269 -0.05609852866551357 -0.012639060620769915
v -0.005191647299354896 -0.05275192511300375 0.009037143182842322
v -0.013029275559348075 -0.05478600190029104 -0.010122453216691585
v -0.018989283509974753 -0.0527519861481629 -0.005764410292715683
v -0.025377166046048893 -0.05000000618957001 -0.005500003122259067
v -0.01931840797629092 -0.052732611299830534 -0.007768104445350643
v -0.021971909612945595 -0.05069583752144835 0.0015762681517653837
v -0.016530899833027135 -0.052028448668728355 0.004152020651617128
v -0.004391366213522541 -0.050000002374872565 0.01711903653393576
v -0.013198432595580845 -0.050000002374872565 0.013818603218299086
v -0.008869364206062214 -0.050000002374872565 0.01590783194759804
v 0.023334237253336276 -0.050000002374872565 0.002086092332741901
v -0.017124554493792576 -0.050000002374872565 0.010894436400026297
v -0.02456751367910126 -0.050000002374872565 -0.0011671596127796335
v -0.020419547097195734 -0.050000002374872565 0.007273908960604425
v -0.022923127309493196 -0.050000002374872565 0.0031705214098995405
v 0.022923155919724048 -0.050000002374872565 0.003170503766923849
v 0.024567477439475516 -0.05000000618957001 -0.0011671416121760564
v 0.02358212201547638 -0.04750000225612894 0.003678572352609766
v 0.017591639400621473 -0.04750000225612894 0.01157009179710844
v 0.017124762394803428 -0.050000002374872565 0.01089436487444917
v 0.020419665352816585 -0.050000002374872565 0.0072738555548401695
v -1.8063935334222073e-08 -0.050000002374872565 0.017500000831205398
v 0.004391512125699881 -0.050000002374872565 0.017119026997192144
v 1.3390443633052284e-16 -0.04750000225612894 0.018313548004246227
v 0.004509951805702905 -0.04750000225612894 0.017924248593055303
v 0.008869609300373171 -0.050000002374872565 0.01590779380062357
v 0.013198691995007228 -0.050000002374872565 0.013818539322116852
v 0.009107651189426136 -0.04750000225612894 0.016687393981085208
v 0.013554045367293321 -0.04750000225612894 0.014554843640231518
v 0.025377105010889744 -0.05000000618957001 -0.005499970697330769
v 0.0253009026146922 -0.04750000225612894 -0.0007613420252021788
v -0.023582039999481275 -0.04750000225612894 0.003678624089443888
v -0.022923127309493196 -0.050000002374872565 0.0031705214098995405
v -0.020419547097195734 -0.050000002374872565 0.007273908960604425
v -0.025300881633856243 -0.04750000225612894 -0.0007613258127380299
v -0.02456751367910126 -0.050000002374872565 -0.0011671596127796335
v -0.017124554493792576 -0.050000002374872565 0.010894436400026297
v -0.02098866562398327 -0.04750000225612894 0.007872939006909607
v -0.009107360318745816 -0.04750000225612894 0.01668744547950074
v -0.008869364206062214 -0.050000002374872565 0.01590783194759804
v -0.004391366213522541 -0.050000002374872565 0.01711903653393576
v -0.026167651465675013 -0.04750000225612894 -0.005204093226612305
v -0.025377166046048893 -0.05000000618957001 -0.005500003122259067
v -0.01355373637680013 -0.04750000225612894 0.01455492851724971
v -0.013198432595580845 -0.050000002374872565 0.013818603218299086
v -0.01759138000119509 -0.04750000225612894 0.011570190979242057
v -0.00450976393185365 -0.04750000225612894 0.017924265759193814
v 0.020988837285368378 -0.04750000225612894 0.007872853176217054
v 0.026167651465675013 -0.04750000225612894 -0.005204093226612305
v 0.02758260094999576 -0.04962676474728145 -0.030911407031567473
v 0.0274062818193066 -0.04742728649339778 -0.01708863530263338
v 0.025377105010889744 -0.05000000618957001 -0.005499970697330769
v 0.029176743939531846 -0.046595041580821395 -0.03489890455067535
v 0.028926072540906844 -0.04901335758313641 -0.04357976357505455
v 0.0300165972661659 -0.04837318268700708 -0.04982573555140979
v 0.030380757821182325 -0.04485964415952726 -0.04359115044693329
v 0.03150590474046866 -0.04238583575345345 -0.04868753664480918
v 0.03083477357455844 -0.04782038343589701 -0.05304696144293519
v 0.03207682189710237 -0.040730722454624946 -0.050731253172544566
v 0.0326349388364533 -0.03879628937934587 -0.05251581059983579
v 0.03188430746840276 -0.04701384195471725 -0.05626638298256825
v 0.03312298741310116 -0.04588834599061453 -0.05931907554089344
v 0.030932536640725372 -0.04376534479114458 -0.046315325075836355
v 0.026167651465675013 -0.04750000225612894 -0.005204093226612305
v 0.028581365035520445 -0.04706760248583519 -0.028973668520950735
v 0.029907624711551506 -0.045638925812752085 -0.040747625379011776
v 0.03315653004775099 -0.03664948828250525 -0.05405213803486797
v 0.03448785182729397 -0.04436665173498833 -0.06213646993130428
v 0.03587497118639149 -0.04240542803954028 -0.06465482637416198
v 0.033623761820431586 -0.03434023829489208 -0.0553523356979424
v 0.034021630949436776 -0.031898614491177035 -0.05641186028439993
v 0.0371764544025055 -0.04001172446515211 -0.0668196519164388
v 0.03831171599207206 -0.03724990640184389 -0.06860806600284874
v 0.034616739009929454 -0.026769748051890252 -0.05792285431368782
v 0.03924975390894092 -0.03421803446218341 -0.07003929470852377
v 0.040005193703123165 -0.031008290809972916 -0.0711585574569984
v 0.04141567808408242 -0.020853732145894588 -0.07309637035421535
v 0.041871542058371514 -0.013925612157402734 -0.0736656452835982
v 0.035400327456571734 -0.010765350853123579 -0.05977832315181786
v 0.04060120203221329 -0.02768325555682738 -0.0720068164694565
v 0.03500498747197378 -0.021484007902149438 -0.05886258595622307
v 0.03550000168615952 1.2394766520658098e-16 -0.06000000284984708
v 0.042158392047582094 3.463971716794231e-09 -0.07399997299723182
v -0.005343918577339346 -0.052940764080713354 -0.07953326793778359
v 1.22590319189982e-09 -0.05306746925640926 -0.08095555499264329
v 1.5323789330313535e-09 -0.05308433403382162 -0.07544444633244218
v -0.024411019531043188 -0.051078199905332244 -0.03007985257922896
v -0.023797572312574955 -0.0512181916722354 -0.017837071312303276
v -0.02712533888909241 -0.04968373343895216 -0.02557268645633659
v -0.010771432434528161 -0.052689898132518564 -0.07942930217356814
v -0.00928273435814253 -0.052670290587641944 -0.10300013459195068
v 1.8504864048066278e-16 -0.053000006332062366 -0.10300000489223748
v -0.010473291894549375 -0.052931543956984406 -0.05497687410173979
v -0.016012141034583705 -0.05221382389115625 -0.07932505412174162
v -0.018043763064063967 -0.051674860547685775 -0.10300000489223748
v 2.451806156425954e-09 -0.053134932180756156 -0.05891110509304909
v -0.004947487112434423 -0.05314300789525106 -0.05509461473843569
v 1.838854674162887e-09 -0.053101198811233985 -0.06993333004284619
v -0.015758107933833698 -0.05250225697980726 -0.05486437104463837
v 1.8998822262978544e-09 -0.05326729073806824 -0.05340166727032969
v -0.0046950824106570255 -0.05359276835362525 -0.04287210286639365
v 1.347958296169755e-09 -0.053399649295380325 -0.04789223326230774
v -6.167536250444207e-09 -0.053793375662958276 -0.04239639483598623
v -0.026542615243860812 -0.049789156417592295 -0.018881792965318445
v -0.015455094117866608 -0.052848635322675364 -0.04260823642930012
v -0.010196104533971573 -0.05334198251407685 -0.04273686421250922
v -0.0045377690563222495 -0.054119864173338694 -0.036781186897159035
v -0.020721240074171865 -0.05176196534918631 -0.05475442764952376
v -0.031713506297570415 -0.04715543207985062 -0.07896406930234967
v -0.02269809639975695 -0.050755243804787575 -0.10300049317351068
v -0.02527580381284089 -0.05058454372343757 -0.0546456286636432
v -0.02039326383178719 -0.05203739794893858 -0.04248158847406591
v -0.031046098276368284 -0.04761079251407674 -0.10300041687956174
v -0.026837365471483743 -0.049558641880276255 -0.1029999896334477
v -0.02737548958151592 -0.0497846588893025 -0.054591463774595894
v -0.03286782230088381 -0.04632193594651168 -0.10300035584440259
v -0.028404717840850857 -0.04927625508707845 -0.03921081347740385
v -0.019879748334984404 -0.05257495748374863 -0.030243369585286617
v -0.02937262674607699 -0.0487649673735846 -0.046519373242266404
v -0.014980364557354298 -0.053694410967095596 -0.030404742731379164
v -0.030555856248688507 -0.04801572264805598 -0.0520396486204322
v -0.03113099055334967 -0.047607179995594606 -0.054488283838054485
v -0.02933506342031822 -0.048801054411431455 -0.054538443294782635
v -0.031524259157234 -0.047304087024655495 -0.05524549365185205
v -0.03263194429895755 -0.046359823521553434 -0.05818144502421241
v -1.3683031024431856e-08 -0.054187105845233674 -0.03690056022436217
v 6.31652627805511e-07 -0.054990351427819384 -0.031202027849204228
v -0.031040057702961255 -0.04765990674370446 -0.05364257304349085
v -0.00977859924985891 -0.05447655745810298 -0.030563991090993836
v -0.0043452341236238645 -0.05491920350573887 -0.030724744348751276
v -0.009511260484414419 -0.055187285183511126 -0.02450915071551374
v 1.2769882475271798e-06 -0.055793597010405094 -0.025503493566697566
v -0.004118093686199531 -0.05576287343716846 -0.024686072568399497
v -0.04132437330069294 -0.022543236849554837 -0.07863856116921308
v -0.04111300091516501 -0.023403996625546153 -0.07269259988825993
v -0.04148232847787314 -0.020074833869763165 -0.07318147625425375
v 1.1278051487338355e-06 -0.05633389168328451 -0.020143464091528784
v 1.012855730455499e-08 -0.05649992638965706 -0.014999924418512833
v -0.0038554288788017477 -0.05628012733746912 -0.018622847487931304
v -0.00920986028546733 -0.055624350328782324 -0.018431078832582548
v -0.006304845155726269 -0.05609852866551357 -0.012639060620769915
v -0.014355961527818817 -0.05450882216910813 -0.018237090023319746
v -0.019234333951911875 -0.05302146781989814 -0.018039103411132684
v -0.026526810952338664 -0.050159265993277025 -0.029997592443485877
v -0.013029275559348075 -0.05478600190029104 -0.010122453216691585
v -0.01931840797629092 -0.052732611299830534 -0.007768104445350643
v -0.025377166046048893 -0.05000000618957001 -0.005500003122259067
v -0.027708062534324007 -0.049578310460312025 -0.03226358185470346
v -0.04206230744829176 -0.011403466766305992 -0.07860113135786495
v -0.04202579697902831 -0.006726440272339096 -0.07384576766764184
v -0.042500009648036574 -1.4981633724749352e-16 -0.10300000489223748
v -0.033410844482437696 -0.045687036776951295 -0.0789166297249011
v -0.0344511277349735 -0.04482255004155444 -0.10300000489223748
v -0.035747762470632605 -0.043201749946260026 -0.10300066864959323
v -0.036194917490650624 -0.04209516725209861 -0.07883160011881163
v -0.03871226685338236 -0.036913095320172395 -0.10300000489223748
v -0.03689605888137493 -0.04132610135863635 -0.10300110352510217
v -0.039957933416454594 -0.03188962515664362 -0.10300140870089791
v -0.038211522963631506 -0.037808542140047585 -0.07876190559645835
v -0.0365798128336392 -0.04119099240446511 -0.06584562995855414
v -0.03773429286894281 -0.038753488473992626 -0.06770689713680333
v -0.03534629608193507 -0.043212225105448976 -0.06372596661935015
v -0.03869809525236745 -0.03610104160118199 -0.06920346398034738
v -0.03962746617663715 -0.0330273491334121 -0.07870769111634424
v -0.03954469868613364 -0.03306700672806917 -0.07048079253222816
v -0.0410194607190717 -0.02558852508013576 -0.10300000489223748
v -0.03395567864527882 -0.04500075363278233 -0.06108918289425613
v -0.04063117792475035 -0.027903722181068513 -0.07866760627557312
v -0.04020466423261704 -0.02999338483220204 -0.071446338232386
v -0.04218595323663532 -0.012819763792499828 -0.10300000489223748
v -0.040743677167154324 -0.026733161288677865 -0.07220371589287122
v -0.042158403491674434 -1.4330388685375437e-16 -0.0740000035148114
v -0.04189319046638218 -0.013452880544678192 -0.07369152419107738
v -0.028404717840850857 -0.04927625508707845 -0.03921081347740385
v -0.029566070053604898 -0.046123525902908025 -0.03827591124183627
v -0.02937262674607699 -0.0487649673735846 -0.046519373242266404
v -0.027708062534324007 -0.049578310460312025 -0.03226358185470346
v -0.028934251252232812 -0.04682394250111743 -0.03254898225888425
v -0.028376225865620608 -0.047170095776836174 -0.026869622553093997
v -0.025377166046048893 -0.05000000618957001 -0.005500003122259067
v -0.031524259157234 -0.047304087024655495 -0.05524549365185205
v -0.030555856248688507 -0.04801572264805598 -0.0520396486204322
v -0.031566358158257035 -0.0422246418981409 -0.04891707080488139
v -0.03218151245383272 -0.040393281947874726 -0.051079779190075225
v -0.03263194429895755 -0.046359823521553434 -0.05818144502421241
v -0.030969955007981165 -0.043683336425432984 -0.04648268348222295
v -0.03395567864527882 -0.04500075363278233 -0.06108918289425613
v -0.03277612460365731 -0.03825039091591709 -0.05294213355709676
v -0.026167651465675013 -0.04750000225612894 -0.005204093226612305
v -0.030428596034514088 -0.04477302000990502 -0.043849313911343835
v -0.03332292333568354 -0.035879586970302135 -0.054522558894614104
v -0.03379927223526202 -0.0333308731651627 -0.055824805050217474
v -0.0365798128336392 -0.04119099240446511 -0.06584562995855414
v -0.03534629608193507 -0.043212225105448976 -0.06372596661935015
v -0.03773429286894281 -0.038753488473992626 -0.06770689713680333
v -0.03451034328344038 -0.02787655009115486 -0.0576589802471994
v -0.03869809525236745 -0.03610104160118199 -0.06920346398034738
v -0.04189319046638218 -0.013452880544678192 -0.07369152419107738
v -0.04148232847787314 -0.020074833869763165 -0.07318147625425375
v -0.03539823700237088 -0.01086786035658871 -0.05977361962986594
v -0.040743677167154324 -0.026733161288677865 -0.07220371589287122
v -0.03524100661770557 -0.016436856096870844 -0.05941498847879867
v -0.03954469868613364 -0.03306700672806917 -0.07048079253222816
v -0.042158403491674434 -1.4330388685375437e-16 -0.0740000035148114
v -0.03550000168615952 -1.2394766520658098e-16 -0.06000000284984708
v -0.03496236204270309 -0.02219694624472801 -0.05876124851854847
v -0.04020466423261704 -0.02999338483220204 -0.071446338232386
v -0.0276000016923994 -0.04000000189989805 -0.028000001329928637
v -0.028376225865620608 -0.047170095776836174 -0.026869622553093997
v -0.027090113972868535 -0.04000000189989805 -0.016589142633645082
v -0.026167651465675013 -0.04000000189989805 -0.005204093226612305
v -0.026167651465675013 -0.04750000225612894 -0.005204093226612305
v -0.027653169038064362 -0.03991211127072347 -0.0331764465831208
v -0.028934251252232812 -0.04682394250111743 -0.03254898225888425
v -0.02772492731173637 -0.03862671081904523 -0.041914026343836674
v -0.027768124945624084 -0.03763127314969417 -0.04459163496100649
v -0.030969955007981165 -0.043683336425432984 -0.04648268348222295
v -0.03218151245383272 -0.040393281947874726 -0.051079779190075225
v -0.027825143228361604 -0.0362991540983848 -0.047031744329835146
v -0.027893920315978926 -0.03465133068637716 -0.04924517674697926
v -0.031566358158257035 -0.0422246418981409 -0.04891707080488139
v -0.029566070053604898 -0.046123525902908025 -0.03827591124183627
v -0.0276948121827425 -0.03929687686650141 -0.039038820213619374
v -0.030428596034514088 -0.04477302000990502 -0.043849313911343835
v -0.03277612460365731 -0.03825039091591709 -0.05294213355709676
v -0.03332292333568354 -0.035879586970302135 -0.054522558894614104
v -0.027972346680787963 -0.03270931399257382 -0.05124359755723118
v -0.02805831470244935 -0.030494622725272258 -0.05303867210538327
v -0.03451034328344038 -0.02787655009115486 -0.0576589802471994
v -0.028149691965090318 -0.028029086490611865 -0.054641859742565746
v -0.02824266186391533 -0.025353808653582055 -0.05605179480709266
v -0.03379927223526202 -0.0333308731651627 -0.055824805050217474
v -0.028537230893409538 -0.0070096467486507885 -0.05982889459587026
v -0.03539823700237088 -0.01086786035658871 -0.05977361962986594
v -0.02850000516837481 -0.014000000664964318 -0.059317622141166204
v -0.03550000168615952 -1.2394766520658098e-16 -0.06000000284984708
v -0.02854967252913232 -9.968071221621315e-17 -0.06000000284984708
v -0.03496236204270309 -0.02219694624472801 -0.05876124851854847
v -0.028407512106730648 -0.019660397509746463 -0.058205344103716694
v -0.02850000516837481 -0.014000000664964318 -0.059317622141166204
v -0.03524100661770557 -0.016436856096870844 -0.05941498847879867
v -0.02846612111830349 -0.01678931125277172 -0.05890310567250312
v 0.017591622234482962 -0.04000000189989805 0.011570078445667376
v 0.02098882202657859 -0.04000000189989805 0.00787284506998498
v 0.013858194055750839 -0.04000000189989805 0.005740251813785013
v 0.012471274014594913 -0.04000000189989805 0.008333038725876207
v 0.02358211057138404 -0.04000000189989805 0.003678568061075138
v 0.014710871441526718 -0.04000000189989805 0.0029261743028041742
v 0.01500000071246177 -0.04000000189989805 -2.610891092495533e-17
v 0.010606602218874439 -0.04000000189989805 0.010606602218874439
v 0.013554032015852258 -0.04000000189989805 0.014554826474093008
v 0.004509947037331097 -0.04000000189989805 0.017924227612219346
v 0.009107641652682519 -0.04000000189989805 0.016687374907597974
v 0.005740251813785013 -0.04000000189989805 0.013858194055750839
v 9.292016924857124e-17 -0.04000000189989805 0.01831352702341027
v 0.0029261743028041742 -0.04000000189989805 0.014710871441526718
v 0.008333038725876207 -0.04000000189989805 0.012471274014594913
v 0.014710871441526718 -0.04000000189989805 -0.0029261743028041742
v 0.025300894985297306 -0.04000000189989805 -0.0007613431576904833
v 0.026167651465675013 -0.04000000189989805 -0.005204093226612305
v 0.027090113972868535 -0.04000000189989805 -0.016589142633645082
v 0.012471274014594913 -0.04000000189989805 -0.008333038725876207
v 0.008333038725876207 -0.04000000189989805 -0.012471274014594913
v 0.0276000016923994 -0.04000000189989805 -0.028000001329928637
v 0.013858194055750839 -0.04000000189989805 -0.005740251813785013
v 0.010606602218874439 -0.04000000189989805 -0.010606602218874439
v 0.005740251813785013 -0.04000000189989805 -0.013858194055750839
v 1.4083166183757423e-16 -0.04000000189989805 -0.01500000071246177
v 0.0029261743028041742 -0.04000000189989805 -0.014710871441526718
v -0.0276000016923994 -0.04000000189989805 -0.028000001329928637
v 1.380816913166654e-16 -0.04000000189989805 0.01500000071246177
v -0.0029261743028041742 -0.04000000189989805 0.014710871441526718
v -0.004509759640319022 -0.04000000189989805 0.017924242871009133
v -0.005740251813785013 -0.04000000189989805 0.013858194055750839
v -0.008333038725876207 -0.04000000189989805 0.012471274014594913
v -0.009107351735676561 -0.04000000189989805 0.016687426406013506
v -0.010606602218874439 -0.04000000189989805 0.010606602218874439
v -0.013553723979033427 -0.04000000189989805 0.014554912304785561
v -0.017591364742405302 -0.04000000189989805 0.011570177627800993
v -0.012471274014594913 -0.04000000189989805 0.008333038725876207
v -0.014710871441526718 -0.04000000189989805 0.0029261743028041742
v -0.020988650365193484 -0.04000000189989805 0.007872930423840352
v -0.013858194055750839 -0.04000000189989805 0.005740251813785013
v -0.026167651465675013 -0.04000000189989805 -0.005204093226612305
v -0.013858194055750839 -0.04000000189989805 -0.005740251813785013
v -0.012471274014594913 -0.04000000189989805 -0.008333038725876207
v -0.005740251813785013 -0.04000000189989805 -0.013858194055750839
v -0.0029261743028041742 -0.04000000189989805 -0.014710871441526718
v -0.027090113972868535 -0.04000000189989805 -0.016589142633645082
v -0.010606602218874439 -0.04000000189989805 -0.010606602218874439
v -0.008333038725876207 -0.04000000189989805 -0.012471274014594913
v -0.02530087400446135 -0.04000000189989805 -0.0007613269452263344
v -0.02358202664804021 -0.04000000189989805 0.003678620036327851
v -0.01500000071246177 -0.04000000189989805 1.4619580782138756e-18
v -0.014710871441526718 -0.04000000189989805 -0.0029261743028041742
v 0.0253009026146922 -0.04750000225612894 -0.0007613420252021788
v 0.026167651465675013 -0.04000000189989805 -0.005204093226612305
v 0.025300894985297306 -0.04000000189989805 -0.0007613431576904833
v 0.02358211057138404 -0.04000000189989805 0.003678568061075138
v 0.02358212201547638 -0.04750000225612894 0.003678572352609766
v 0.02098882202657859 -0.04000000189989805 0.00787284506998498
v 0.004509951805702905 -0.04750000225612894 0.017924248593055303
v 0.009107641652682519 -0.04000000189989805 0.016687374907597974
v 0.004509947037331097 -0.04000000189989805 0.017924227612219346
v 0.013554045367293321 -0.04750000225612894 0.014554843640231518
v 0.013554032015852258 -0.04000000189989805 0.014554826474093008
v 0.017591622234482962 -0.04000000189989805 0.011570078445667376
v 0.017591639400621473 -0.04750000225612894 0.01157009179710844
v 0.020988837285368378 -0.04750000225612894 0.007872853176217054
v 0.026167651465675013 -0.04750000225612894 -0.005204093226612305
v 1.3390443633052284e-16 -0.04750000225612894 0.018313548004246227
v 0.009107651189426136 -0.04750000225612894 0.016687393981085208
v 9.292016924857124e-17 -0.04000000189989805 0.01831352702341027
v -0.00450976393185365 -0.04750000225612894 0.017924265759193814
v -0.004509759640319022 -0.04000000189989805 0.017924242871009133
v -0.009107351735676561 -0.04000000189989805 0.016687426406013506
v -0.02530087400446135 -0.04000000189989805 -0.0007613269452263344
v -0.025300881633856243 -0.04750000225612894 -0.0007613258127380299
v -0.02358202664804021 -0.04000000189989805 0.003678620036327851
v -0.02098866562398327 -0.04750000225612894 0.007872939006909607
v -0.020988650365193484 -0.04000000189989805 0.007872930423840352
v -0.026167651465675013 -0.04000000189989805 -0.005204093226612305
v -0.026167651465675013 -0.04750000225612894 -0.005204093226612305
v -0.017591364742405302 -0.04000000189989805 0.011570177627800993
v -0.01759138000119509 -0.04750000225612894 0.011570190979242057
v -0.009107360318745816 -0.04750000225612894 0.01668744547950074
v -0.013553723979033427 -0.04000000189989805 0.014554912304785561
v -0.01355373637680013 -0.04750000225612894 0.01455492851724971
v -0.023582039999481275 -0.04750000225612894 0.003678624089443888
v 0.027090113972868535 -0.04000000189989805 -0.016589142633645082
v 0.0274062818193066 -0.04742728649339778 -0.01708863530263338
v 0.0276000016923994 -0.04000000189989805 -0.028000001329928637
v 0.026167651465675013 -0.04750000225612894 -0.005204093226612305
v 0.026167651465675013 -0.04000000189989805 -0.005204093226612305
v 0.028581365035520445 -0.04706760248583519 -0.028973668520950735
v 0.027653169038064362 -0.03991211127072347 -0.0331764465831208
v 0.030932536640725372 -0.04376534479114458 -0.046315325075836355
v 0.027768124945624084 -0.03763127314969417 -0.04459163496100649
v 0.02772492731173637 -0.03862671081904523 -0.041914026343836674
v 0.0276948121827425 -0.03929687686650141 -0.039038820213619374
v 0.030380757821182325 -0.04485964415952726 -0.04359115044693329
v 0.027825143228361604 -0.0362991540983848 -0.047031744329835146
v 0.03150590474046866 -0.04238583575345345 -0.04868753664480918
v 0.029176743939531846 -0.046595041580821395 -0.03489890455067535
v 0.029907624711551506 -0.045638925812752085 -0.040747625379011776
v 0.03207682189710237 -0.040730722454624946 -0.050731253172544566
v 0.027893920315978926 -0.03465133068637716 -0.04924517674697926
v 0.027972346680787963 -0.03270931399257382 -0.05124359755723118
v 0.0326349388364533 -0.03879628937934587 -0.05251581059983579
v 0.03315653004775099 -0.03664948828250525 -0.05405213803486797
v 0.02805831470244935 -0.030494622725272258 -0.05303867210538327
v 0.034021630949436776 -0.031898614491177035 -0.05641186028439993
v 0.028149691965090318 -0.028029086490611865 -0.054641859742565746
v 0.02850000516837481 -0.014000000664964318 -0.059317622141166204
v 0.035400327456571734 -0.010765350853123579 -0.05977832315181786
v 0.028537230893409538 -0.0070096467486507885 -0.05982889459587026
v 0.034616739009929454 -0.026769748051890252 -0.05792285431368782
v 0.028407512106730648 -0.019660397509746463 -0.058205344103716694
v 0.02824266186391533 -0.025353808653582055 -0.05605179480709266
v 0.03550000168615952 1.2394766520658098e-16 -0.06000000284984708
v 0.02854967252913232 9.968071221621315e-17 -0.06000000284984708
v 0.033623761820431586 -0.03434023829489208 -0.0553523356979424
v 0.03500498747197378 -0.021484007902149438 -0.05886258595622307
v 0.02846612111830349 -0.01678931125277172 -0.05890310567250312
v 0.02854967252913232 9.968071221621315e-17 -0.06000000284984708
v -0.028537230893409538 -0.0070096467486507885 -0.05982889459587026
v 0.028537230893409538 -0.0070096467486507885 -0.05982889459587026
v 0.02850000516837481 -0.014000000664964318 -0.059317622141166204
v -0.02854967252913232 -9.968071221621315e-17 -0.06000000284984708
v -0.02850000516837481 -0.014000000664964318 -0.059317622141166204
v 0.02805831470244935 -0.030494622725272258 -0.05303867210538327
v -0.02805831470244935 -0.030494622725272258 -0.05303867210538327
v 0.027972346680787963 -0.03270931399257382 -0.05124359755723118
v 0.028149691965090318 -0.028029086490611865 -0.054641859742565746
v -0.02846612111830349 -0.01678931125277172 -0.05890310567250312
v 0.028407512106730648 -0.019660397509746463 -0.058205344103716694
v 0.02846612111830349 -0.01678931125277172 -0.05890310567250312
v -0.028407512106730648 -0.019660397509746463 -0.058205344103716694
v 0.02824266186391533 -0.025353808653582055 -0.05605179480709266
v 0.02850000516837481 -0.014000000664964318 -0.059317622141166204
v 0.027893920315978926 -0.03465133068637716 -0.04924517674697926
v -0.027893920315978926 -0.03465133068637716 -0.04924517674697926
v 0.027825143228361604 -0.0362991540983848 -0.047031744329835146
v -0.027825143228361604 -0.0362991540983848 -0.047031744329835146
v 0.027768124945624084 -0.03763127314969417 -0.04459163496100649
v -0.027768124945624084 -0.03763127314969417 -0.04459163496100649
v 0.0276948121827425 -0.03929687686650141 -0.039038820213619374
v 0.02772492731173637 -0.03862671081904523 -0.041914026343836674
v -0.02772492731173637 -0.03862671081904523 -0.041914026343836674
v -0.0276948121827425 -0.03929687686650141 -0.039038820213619374
v 0.027653169038064362 -0.03991211127072347 -0.0331764465831208
v -0.0276000016923994 -0.04000000189989805 -0.028000001329928637
v 0.0276000016923994 -0.04000000189989805 -0.028000001329928637
v -0.028149691965090318 -0.028029086490611865 -0.054641859742565746
v -0.02824266186391533 -0.025353808653582055 -0.05605179480709266
v -0.027972346680787963 -0.03270931399257382 -0.05124359755723118
v -0.02850000516837481 -0.014000000664964318 -0.059317622141166204
v -0.027653169038064362 -0.03991211127072347 -0.0331764465831208
v -0.027223613124717216 0.027223613124717216 -0.20200000959448516
v -0.03556936432983493 0.014733313306606322 -0.20200000959448516
v -0.03395396966082265 0.01814877596272857 -0.20200000959448516
v -0.03201158294136697 0.021389454903883998 -0.20200000959448516
v -0.02976090381835217 0.024424142090260226 -0.20200000959448516
v -0.036842202982820815 -0.011175961071601126 -0.20200000959448516
v -0.038500001828651875 -1.32064667129175e-16 -0.20200000959448516
v -0.03831461516213164 0.003773660123773531 -0.20200000959448516
v -0.03776023662627859 0.007510977624971271 -0.20200000959448516
v -0.036842202982820815 0.011175961071601126 -0.20200000959448516
v -0.01814877596272857 0.03395396966082265 -0.20200000959448516
v -0.014733313306606322 0.03556936432983493 -0.20200000959448516
v -0.011175961071601126 0.036842202982820815 -0.20200000959448516
v -0.007510977624971271 0.03776023662627859 -0.20200000959448516
v -0.003773660123773531 0.03831461516213164 -0.20200000959448516
v -0.03201158294136697 -0.021389454903883998 -0.20200000959448516
v -0.024424142090260226 0.02976090381835217 -0.20200000959448516
v -0.021389454903883998 0.03201158294136697 -0.20200000959448516
v 0.007510977624971271 0.03776023662627859 -0.20200000959448516
v -0.03776023662627859 -0.007510977624971271 -0.20200000959448516
v -0.03395396966082265 -0.01814877596272857 -0.20200000959448516
v -0.03556936432983493 -0.014733313306606322 -0.20200000959448516
v -0.024424142090260226 -0.02976090381835217 -0.20200000959448516
v -0.027223613124717216 -0.027223613124717216 -0.20200000959448516
v -0.02976090381835217 -0.024424142090260226 -0.20200000959448516
v -0.03831461516213164 -0.003773660123773531 -0.20200000959448516
v -0.021389454903883998 -0.03201158294136697 -0.20200000959448516
v -0.01814877596272857 -0.03395396966082265 -0.20200000959448516
v -0.011175961071601126 -0.036842202982820815 -0.20200000959448516
v -0.014733313306606322 -0.03556936432983493 -0.20200000959448516
v -0.007510977624971271 -0.03776023662627859 -0.20200000959448516
v -0.003773660123773531 -0.03831461516213164 -0.20200000959448516
v 0.01814877596272857 -0.03395396966082265 -0.20200000959448516
v 0.007510977624971271 -0.03776023662627859 -0.20200000959448516
v 1.2970723202345898e-16 -0.038500001828651875 -0.20200000959448516
v 0.003773660123773531 0.03831461516213164 -0.20200000959448516
v 0.011175961071601126 0.036842202982820815 -0.20200000959448516
v 0.03201158294136697 0.021389454903883998 -0.20200000959448516
v 0.014733313306606322 0.03556936432983493 -0.20200000959448516
v 0.01814877596272857 0.03395396966082265 -0.20200000959448516
v 0.021389454903883998 0.03201158294136697 -0.20200000959448516
v 0.027223613124717216 0.027223613124717216 -0.20200000959448516
v 0.024424142090260226 0.02976090381835217 -0.20200000959448516
v 0.02976090381835217 0.024424142090260226 -0.20200000959448516
v 0.03395396966082265 0.01814877596272857 -0.20200000959448516
v 0.03776023662627859 -0.007510977624971271 -0.20200000959448516
v 0.036842202982820815 0.011175961071601126 -0.20200000959448516
v 0.03776023662627859 0.007510977624971271 -0.20200000959448516
v 0.03556936432983493 0.014733313306606322 -0.20200000959448516
v 0.03831461516213164 0.003773660123773531 -0.20200000959448516
v 0.038500001828651875 1.2734978336521517e-16 -0.20200000959448516
v 0.021389454903883998 -0.03201158294136697 -0.20200000959448516
v 0.024424142090260226 -0.02976090381835217 -0.20200000959448516
v 0.036842202982820815 -0.011175961071601126 -0.20200000959448516
v 0.027223613124717216 -0.027223613124717216 -0.20200000959448516
v 0.003773660123773531 -0.03831461516213164 -0.20200000959448516
v 0.011175961071601126 -0.036842202982820815 -0.20200000959448516
v 0.014733313306606322 -0.03556936432983493 -0.20200000959448516
v 0.03831461516213164 -0.003773660123773531 -0.20200000959448516
v 0.03201158294136697 -0.021389454903883998 -0.20200000959448516
v 0.02976090381835217 -0.024424142090260226 -0.20200000959448516
v 0.03556936432983493 -0.014733313306606322 -0.20200000959448516
v 0.03395396966082265 -0.01814877596272857 -0.20200000959448516
v -1.344221157874188e-16 0.038500001828651875 -0.20200000959448516
v -0.03641964513193985 0.018831078470111784 -0.19600000930950046
v -0.034316816052568644 0.02243560134639555 -0.19600000930950046
v -0.03395396966082265 0.01814877596272857 -0.19600000930950046
v -0.03556936432983493 0.014733313306606322 -0.19600000930950046
v -0.038121320627804156 0.01509188342251444 -0.19600000930950046
v -0.03201158294136697 0.021389454903883998 -0.19600000930950046
v -0.031830482087428225 0.025842225348533532 -0.19600000930950046
v -0.02899138016119629 0.02899138016119629 -0.19600000930950046
v -0.02976090381835217 0.024424142090260226 -0.19600000930950046
v -0.027223613124717216 0.027223613124717216 -0.19600000930950046
v -0.040834154161197844 0.0036840321383305175 -0.19600000930950046
v -0.04031552315511888 0.007460485335890887 -0.19600000930950046
v -0.03831461516213164 0.003773660123773531 -0.19600000930950046
v -0.038500001828651875 -1.32064667129175e-16 -0.19600000930950046
v -0.041000001947395504 -1.437005828949817e-16 -0.19600000930950046
v -0.03776023662627859 0.007510977624971271 -0.19600000930950046
v -0.03941736027066156 0.011281487047072325 -0.19600000930950046
v -0.036842202982820815 0.011175961071601126 -0.19600000930950046
v -0.01509188342251444 0.038121320627804156 -0.19600000930950046
v -0.011281487047072325 0.03941736027066156 -0.19600000930950046
v -0.011175961071601126 0.036842202982820815 -0.19600000930950046
v -0.007510977624971271 0.03776023662627859 -0.19600000930950046
v -0.007460485335890887 0.04031552315511888 -0.19600000930950046
v -0.014733313306606322 0.03556936432983493 -0.19600000930950046
v -0.0036840321383305175 0.040834154161197844 -0.19600000930950046
v -0.003773660123773531 0.03831461516213164 -0.19600000930950046
v -1.344221157874188e-16 0.038500001828651875 -0.19600000930950046
v -1.3328816223388347e-16 0.041000001947395504 -0.19600000930950046
v -0.024424142090260226 0.02976090381835217 -0.19600000930950046
v -0.025842225348533532 0.031830482087428225 -0.19600000930950046
v -0.021389454903883998 0.03201158294136697 -0.19600000930950046
v -0.02243560134639555 0.034316816052568644 -0.19600000930950046
v -0.018831078470111784 0.03641964513193985 -0.19600000930950046
v -0.01814877596272857 0.03395396966082265 -0.19600000930950046
v -0.04031552315511888 -0.007460485335890887 -0.19600000930950046
v -0.040834154161197844 -0.0036840321383305175 -0.19600000930950046
v -0.03831461516213164 -0.003773660123773531 -0.19600000930950046
v -0.03776023662627859 -0.007510977624971271 -0.19600000930950046
v -0.03941736027066156 -0.011281487047072325 -0.19600000930950046
v -0.036842202982820815 -0.011175961071601126 -0.19600000930950046
v -0.038121320627804156 -0.01509188342251444 -0.19600000930950046
v -0.03556936432983493 -0.014733313306606322 -0.19600000930950046
v -0.03641964513193985 -0.018831078470111784 -0.19600000930950046
v -0.03395396966082265 -0.01814877596272857 -0.19600000930950046
v -0.034316816052568644 -0.02243560134639555 -0.19600000930950046
v -0.03201158294136697 -0.021389454903883998 -0.19600000930950046
v -0.02976090381835217 -0.024424142090260226 -0.19600000930950046
v -0.031830482087428225 -0.025842225348533532 -0.19600000930950046
v -0.02899138016119629 -0.02899138016119629 -0.19600000930950046
v -0.027223613124717216 -0.027223613124717216 -0.19600000930950046
v -0.024424142090260226 -0.02976090381835217 -0.19600000930950046
v -0.025842225348533532 -0.031830482087428225 -0.19600000930950046
v -0.021389454903883998 -0.03201158294136697 -0.19600000930950046
v -0.02243560134639555 -0.034316816052568644 -0.19600000930950046
v -0.01814877596272857 -0.03395396966082265 -0.19600000930950046
v -0.018831078470111784 -0.03641964513193985 -0.19600000930950046
v -0.014733313306606322 -0.03556936432983493 -0.19600000930950046
v -0.01509188342251444 -0.038121320627804156 -0.19600000930950046
v -0.011175961071601126 -0.036842202982820815 -0.19600000930950046
v -0.007510977624971271 -0.03776023662627859 -0.19600000930950046
v -0.011281487047072325 -0.03941736027066156 -0.19600000930950046
v -0.007460485335890887 -0.04031552315511888 -0.19600000930950046
v -0.003773660123773531 -0.03831461516213164 -0.19600000930950046
v 1.2970723202345898e-16 -0.038500001828651875 -0.19600000930950046
v -0.0036840321383305175 -0.040834154161197844 -0.19600000930950046
v 1.5301348697568385e-16 -0.041000001947395504 -0.19600000930950046
v 0.0036840233168426717 0.04083416179059274 -0.19600000930950046
v 0.003773660123773531 0.03831461516213164 -0.19600000930950046
v 0.0074604529109625894 0.04031556130209335 -0.19600000930950046
v 0.007510977624971271 0.03776023662627859 -0.19600000930950046
v 0.011281420289867006 0.03941744800870284 -0.19600000930950046
v 0.015091777564660291 0.038121477030399475 -0.19600000930950046
v 0.011175961071601126 0.036842202982820815 -0.19600000930950046
v 0.014733313306606322 0.03556936432983493 -0.19600000930950046
v 0.018830933511608805 0.036419885457879 -0.19600000930950046
v 0.01814877596272857 0.03395396966082265 -0.19600000930950046
v 0.022435423962964274 0.03431714411654907 -0.19600000930950046
v 0.021389454903883998 0.03201158294136697 -0.19600000930950046
v 0.025842025076917574 0.03183089979679865 -0.19600000930950046
v 0.024424142090260226 0.02976090381835217 -0.19600000930950046
v 0.02899117416753416 0.028991876071864375 -0.19600000930950046
v 0.027223613124717216 0.027223613124717216 -0.19600000930950046
v 0.03183028372316099 0.02584278420170949 -0.19600000930950046
v 0.02976090381835217 0.024424142090260226 -0.19600000930950046
v 0.03201158294136697 0.021389454903883998 -0.19600000930950046
v 0.03431664057648609 0.022436196439197253 -0.19600000930950046
v 0.03641950017343687 0.01883167547026221 -0.19600000930950046
v 0.03395396966082265 0.01814877596272857 -0.19600000930950046
v 0.03556936432983493 0.014733313306606322 -0.19600000930950046
v 0.038121213816275645 0.015092442275690399 -0.19600000930950046
v 0.036842202982820815 0.011175961071601126 -0.19600000930950046
v 0.03831461516213164 0.003773660123773531 -0.19600000930950046
v 0.03776023662627859 0.007510977624971271 -0.19600000930950046
v 0.04031548882284186 0.007460842963776526 -0.19600000930950046
v 0.03941729160610752 0.011281966745276262 -0.19600000930950046
v 0.040834142717105504 0.0036842285952490283 -0.19600000930950046
v 0.038500001828651875 1.2734978336521517e-16 -0.19600000930950046
v 0.041000001947395504 1.4314997079553228e-16 -0.19600000930950046
v 0.018830933511608805 -0.036419885457879 -0.19600000930950046
v 0.01814877596272857 -0.03395396966082265 -0.19600000930950046
v 0.022435423962964274 -0.03431714411654907 -0.19600000930950046
v 0.014733313306606322 -0.03556936432983493 -0.19600000930950046
v 0.015091777564660291 -0.038121477030399475 -0.19600000930950046
v 0.021389454903883998 -0.03201158294136697 -0.19600000930950046
v 0.025842025076917574 -0.03183089979679865 -0.19600000930950046
v 0.024424142090260226 -0.02976090381835217 -0.19600000930950046
v 0.02899117416753416 -0.028991876071864375 -0.19600000930950046
v 0.027223613124717216 -0.027223613124717216 -0.19600000930950046
v 0.003773660123773531 -0.03831461516213164 -0.19600000930950046
v 0.0074604529109625894 -0.04031556130209335 -0.19600000930950046
v 0.0036840233168426717 -0.04083416179059274 -0.19600000930950046
v 0.007510977624971271 -0.03776023662627859 -0.19600000930950046
v 0.011175961071601126 -0.036842202982820815 -0.19600000930950046
v 0.011281420289867006 -0.03941744800870284 -0.19600000930950046
v 0.03776023662627859 -0.007510977624971271 -0.19600000930950046
v 0.03831461516213164 -0.003773660123773531 -0.19600000930950046
v 0.04031548882284186 -0.007460842963776526 -0.19600000930950046
v 0.038121213816275645 -0.015092442275690399 -0.19600000930950046
v 0.03556936432983493 -0.014733313306606322 -0.19600000930950046
v 0.036842202982820815 -0.011175961071601126 -0.19600000930950046
v 0.03941729160610752 -0.011281966745276262 -0.19600000930950046
v 0.040834142717105504 -0.0036842285952490283 -0.19600000930950046
v 0.02976090381835217 -0.024424142090260226 -0.19600000930950046
v 0.03201158294136697 -0.021389454903883998 -0.19600000930950046
v 0.03183028372316099 -0.02584278420170949 -0.19600000930950046
v 0.03431664057648609 -0.022436196439197253 -0.19600000930950046
v 0.03641950017343687 -0.01883167547026221 -0.19600000930950046
v 0.03395396966082265 -0.01814877596272857 -0.19600000930950046
v -0.04000000189989805 0.0010000000474974513 -0.1520000072196126
v -0.04165772063708273 0.0010000000474974513 -0.1520000072196126
v -0.04160839659909543 0.0010000000474974513 -0.1540000073146075
v -0.04000000189989805 0.0010000000474974513 -0.1540000073146075
v -0.04000000189989805 -0.0010000000474974513 -0.1520000072196126
v -0.04000000189989805 -0.0010000000474974513 -0.1540000073146075
v -0.04160839659909543 -0.0010000000474974513 -0.1540000073146075
v -0.04165772063708273 -0.0010000000474974513 -0.1520000072196126
v -0.04166363723282274 -5.618786343289215e-10 -0.1520000072196126
v -0.04165772063708273 0.0010000000474974513 -0.1520000072196126
v -0.04000000189989805 0.0010000000474974513 -0.1520000072196126
v -0.0390000018524006 -1.3693601482658327e-16 -0.1520000072196126
v -0.04000000189989805 -0.0010000000474974513 -0.1520000072196126
v -0.04165772063708273 -0.0010000000474974513 -0.1520000072196126
v -0.039617319081428626 0.0009238795480857181 -0.1520000072196126
v -0.039292894322366934 0.0007071068026706998 -0.1520000072196126
v -0.03907612413995176 0.0003826834443182263 -0.1520000072196126
v -0.03907612413995176 -0.0003826834443182263 -0.1520000072196126
v -0.039292894322366934 -0.0007071068026706998 -0.1520000072196126
v -0.039617319081428626 -0.0009238795480857181 -0.1520000072196126
v -0.04000000189989805 0.0010000000474974513 -0.1540000073146075
v -0.04160839659909543 0.0010000000474974513 -0.1540000073146075
v -0.04161467559109289 -1.4532405375264507e-16 -0.1540000073146075
v -0.0390000018524006 -1.3693601482658327e-16 -0.1540000073146075
v -0.04160839659909543 -0.0010000000474974513 -0.1540000073146075
v -0.04000000189989805 -0.0010000000474974513 -0.1540000073146075
v -0.039292894322366934 0.0007071068026706998 -0.1540000073146075
v -0.039617319081428626 0.0009238795480857181 -0.1540000073146075
v -0.03907612413995176 0.0003826834443182263 -0.1540000073146075
v -0.03907612413995176 -0.0003826834443182263 -0.1540000073146075
v -0.039617319081428626 -0.0009238795480857181 -0.1540000073146075
v -0.039292894322366934 -0.0007071068026706998 -0.1540000073146075
v -0.039292894322366934 0.0007071068026706998 -0.1540000073146075
v -0.039292894322366934 0.0007071068026706998 -0.1520000072196126
v -0.039617319081428626 0.0009238795480857181 -0.1520000072196126
v -0.039617319081428626 0.0009238795480857181 -0.1540000073146075
v -0.04000000189989805 0.0010000000474974513 -0.1520000072196126
v -0.04000000189989805 0.0010000000474974513 -0.1540000073146075
v -0.03907612413995176 0.0003826834443182263 -0.1540000073146075
v -0.03907612413995176 0.0003826834443182263 -0.1520000072196126
v -0.039617319081428626 -0.0009238795480857181 -0.1540000073146075
v -0.04000000189989805 -0.0010000000474974513 -0.1540000073146075
v -0.04000000189989805 -0.0010000000474974513 -0.1520000072196126
v -0.03907612413995176 -0.0003826834443182263 -0.1540000073146075
v -0.03907612413995176 -0.0003826834443182263 -0.1520000072196126
v -0.0390000018524006 -1.3693601482658327e-16 -0.1520000072196126
v -0.039617319081428626 -0.0009238795480857181 -0.1520000072196126
v -0.039292894322366934 -0.0007071068026706998 -0.1520000072196126
v -0.039292894322366934 -0.0007071068026706998 -0.1540000073146075
v -0.0390000018524006 -1.3693601482658327e-16 -0.1540000073146075
v -0.008838835182395366 -0.04500000213738531 -0.008838835182395366
v 0.004783543337099905 -0.04500000213738531 -0.011548494887513305
v 1.5711675871256743e-16 -0.04500000213738531 -0.012500000593718141
v 0.002438629027800704 -0.04500000213738531 -0.012259816752048791
v 0.006944628091692939 -0.04500000213738531 -0.010393371122015549
v -0.008838835182395366 -0.04500000213738531 0.008838835182395366
v 0.011548494887513305 -0.04500000213738531 -0.004783543337099905
v 0.010393371122015549 -0.04500000213738531 -0.006944628091692939
v 0.008838835182395366 -0.04500000213738531 -0.008838835182395366
v 0.011548494887513305 -0.04500000213738531 0.004783543337099905
v -0.004783543337099905 -0.04500000213738531 -0.011548494887513305
v -0.002438629027800704 -0.04500000213738531 -0.012259816752048791
v -0.006944628091692939 -0.04500000213738531 -0.010393371122015549
v -0.011548494887513305 -0.04500000213738531 -0.004783543337099905
v -0.010393371122015549 -0.04500000213738531 -0.006944628091692939
v -0.012259816752048791 -0.04500000213738531 -0.002438629027800704
v -0.012500000593718141 -0.04500000213738531 -3.5409619001187154e-18
v -0.011548494887513305 -0.04500000213738531 0.004783543337099905
v 0.012500000593718141 -0.04500000213738531 2.2962128319299886e-18
v 0.012259816752048791 -0.04500000213738531 -0.002438629027800704
v 0.012259816752048791 -0.04500000213738531 0.002438629027800704
v -0.004783543337099905 -0.04500000213738531 0.011548494887513305
v 0.010393371122015549 -0.04500000213738531 0.006944628091692939
v 0.008838835182395366 -0.04500000213738531 0.008838835182395366
v 0.006944628091692939 -0.04500000213738531 0.010393371122015549
v 0.004783543337099905 -0.04500000213738531 0.011548494887513305
v 0.002438629027800704 -0.04500000213738531 0.012259816752048791
v -0.010393371122015549 -0.04500000213738531 0.006944628091692939
v -0.012259816752048791 -0.04500000213738531 0.002438629027800704
v -0.002438629027800704 -0.04500000213738531 0.012259816752048791
v 1.4860297943357928e-16 -0.04500000213738531 0.012500000593718141
v -0.006944628091692939 -0.04500000213738531 0.010393371122015549
v 0.008333553710031527 -0.041000001947395504 -0.01247204458347917
v 0.005740251813785013 -0.041000001947395504 -0.013858194055750839
v 0.004783543337099905 -0.041000001947395504 -0.011548494887513305
v 0.006944628091692939 -0.041000001947395504 -0.010393371122015549
v 0.008838835182395366 -0.041000001947395504 -0.008838835182395366
v 0.010606602218874439 -0.041000001947395504 -0.010606602218874439
v 0.002926355024095717 -0.041000001947395504 -0.014711780293193422
v 1.4315082460478366e-16 -0.041000001947395504 -0.01500000071246177
v 1.4315082460478366e-16 -0.041000001947395504 -0.012500000593718141
v 0.002438629027800704 -0.041000001947395504 -0.012259816752048791
v 0.013858194055750839 -0.041000001947395504 -0.005740251813785013
v 0.01247204458347917 -0.041000001947395504 -0.008333553710031527
v 0.010393371122015549 -0.041000001947395504 -0.006944628091692939
v 0.012259816752048791 -0.041000001947395504 -0.002438629027800704
v 0.014711780293193422 -0.041000001947395504 -0.002926355024095717
v 0.01500000071246177 -0.041000001947395504 2.755455483019285e-18
v 0.012500000593718141 -0.041000001947395504 2.2962128319299886e-18
v 0.011548494887513305 -0.041000001947395504 -0.004783543337099905
v -0.002438629027800704 -0.041000001947395504 -0.012259816752048791
v -0.002926355024095717 -0.041000001947395504 -0.014711780293193422
v -0.004783543337099905 -0.041000001947395504 -0.011548494887513305
v -0.005740251813785013 -0.041000001947395504 -0.013858194055750839
v -0.008333553710031527 -0.041000001947395504 -0.01247204458347917
v -0.008838835182395366 -0.041000001947395504 -0.008838835182395366
v -0.006944628091692939 -0.041000001947395504 -0.010393371122015549
v -0.010606602218874439 -0.041000001947395504 -0.010606602218874439
v -0.01247204458347917 -0.041000001947395504 -0.008333553710031527
v -0.010393371122015549 -0.041000001947395504 -0.006944628091692939
v -0.014711780293193422 -0.041000001947395504 -0.002926355024095717
v -0.012259816752048791 -0.041000001947395504 -0.002438629027800704
v -0.011548494887513305 -0.041000001947395504 -0.004783543337099905
v -0.013858194055750839 -0.041000001947395504 -0.005740251813785013
v -0.01500000071246177 -0.041000001947395504 -9.18485090420346e-19
v -0.012500000593718141 -0.041000001947395504 2.0101534866708876e-18
v 0.014711780293193422 -0.041000001947395504 0.002926355024095717
v 0.012259816752048791 -0.041000001947395504 0.002438629027800704
v 0.011548494887513305 -0.041000001947395504 0.004783543337099905
v 0.013858194055750839 -0.041000001947395504 0.005740251813785013
v 0.010393371122015549 -0.041000001947395504 0.006944628091692939
v 0.01247204458347917 -0.041000001947395504 0.008333553710031527
v 0.008838835182395366 -0.041000001947395504 0.008838835182395366
v 0.010606602218874439 -0.041000001947395504 0.010606602218874439
v 0.008333553710031527 -0.041000001947395504 0.01247204458347917
v 0.006944628091692939 -0.041000001947395504 0.010393371122015549
v 0.004783543337099905 -0.041000001947395504 0.011548494887513305
v 0.005740251813785013 -0.041000001947395504 0.013858194055750839
v 0.002438629027800704 -0.041000001947395504 0.012259816752048791
v 1.395681190132174e-16 -0.041000001947395504 0.01500000071246177
v 0.002926355024095717 -0.041000001947395504 0.014711780293193422
v 1.4860297943357928e-16 -0.041000001947395504 0.012500000593718141
v -0.013858194055750839 -0.041000001947395504 0.005740251813785013
v -0.011548494887513305 -0.041000001947395504 0.004783543337099905
v -0.012259816752048791 -0.041000001947395504 0.002438629027800704
v -0.010606602218874439 -0.041000001947395504 0.010606602218874439
v -0.010393371122015549 -0.041000001947395504 0.006944628091692939
v -0.01247204458347917 -0.041000001947395504 0.008333553710031527
v -0.014711780293193422 -0.041000001947395504 0.002926355024095717
v -0.008838835182395366 -0.041000001947395504 0.008838835182395366
v -0.002926355024095717 -0.041000001947395504 0.014711780293193422
v -0.002438629027800704 -0.041000001947395504 0.012259816752048791
v -0.004783543337099905 -0.041000001947395504 0.011548494887513305
v -0.005740251813785013 -0.041000001947395504 0.013858194055750839
v -0.006944628091692939 -0.041000001947395504 0.010393371122015549
v -0.008333553710031527 -0.041000001947395504 0.01247204458347917
v 0.011548494887513305 0.04500000213738531 -0.004783543337099905
v 0.012500000593718141 0.04500000213738531 2.2962128319299886e-18
v 0.011548494887513305 0.04500000213738531 0.004783543337099905
v 0.012259816752048791 0.04500000213738531 -0.002438629027800704
v 0.006944628091692939 0.04500000213738531 -0.010393371122015549
v 0.010393371122015549 0.04500000213738531 -0.006944628091692939
v -0.010393371122015549 0.04500000213738531 -0.006944628091692939
v 0.008838835182395366 0.04500000213738531 -0.008838835182395366
v -0.008838835182395366 0.04500000213738531 -0.008838835182395366
v 0.004783543337099905 0.04500000213738531 -0.011548494887513305
v -0.004783543337099905 0.04500000213738531 0.011548494887513305
v 0.010393371122015549 0.04500000213738531 0.006944628091692939
v 0.008838835182395366 0.04500000213738531 0.008838835182395366
v 0.006944628091692939 0.04500000213738531 0.010393371122015549
v 0.012259816752048791 0.04500000213738531 0.002438629027800704
v 0.004783543337099905 0.04500000213738531 0.011548494887513305
v 0.002438629027800704 0.04500000213738531 0.012259816752048791
v -0.002438629027800704 0.04500000213738531 0.012259816752048791
v -1.5166460388377182e-16 0.04500000213738531 0.012500000593718141
v -1.5711675871256743e-16 0.04500000213738531 -0.012500000593718141
v 0.002438629027800704 0.04500000213738531 -0.012259816752048791
v -0.004783543337099905 0.04500000213738531 -0.011548494887513305
v -0.002438629027800704 0.04500000213738531 -0.012259816752048791
v -0.006944628091692939 0.04500000213738531 -0.010393371122015549
v -0.012500000593718141 0.04500000213738531 2.0101534866708876e-18
v -0.011548494887513305 0.04500000213738531 -0.004783543337099905
v -0.012259816752048791 0.04500000213738531 -0.002438629027800704
v -0.006944628091692939 0.04500000213738531 0.010393371122015549
v -0.008838835182395366 0.04500000213738531 0.008838835182395366
v -0.010393371122015549 0.04500000213738531 0.006944628091692939
v -0.012259816752048791 0.04500000213738531 0.002438629027800704
v -0.011548494887513305 0.04500000213738531 0.004783543337099905
v 0.010393371122015549 0.041000001947395504 -0.006944628091692939
v 0.010606602218874439 0.041000001947395504 -0.010606602218874439
v 0.01247204458347917 0.041000001947395504 -0.008333553710031527
v 0.008838835182395366 0.041000001947395504 -0.008838835182395366
v 0.008333553710031527 0.041000001947395504 -0.01247204458347917
v 0.013858194055750839 0.041000001947395504 -0.005740251813785013
v 0.012259816752048791 0.041000001947395504 -0.002438629027800704
v 0.014711780293193422 0.041000001947395504 -0.002926355024095717
v 0.011548494887513305 0.041000001947395504 -0.004783543337099905
v 0.01500000071246177 0.041000001947395504 2.755455483019285e-18
v 0.002926355024095717 0.041000001947395504 -0.014711780293193422
v 0.005740251813785013 0.041000001947395504 -0.013858194055750839
v 0.004783543337099905 0.041000001947395504 -0.011548494887513305
v -1.4315082460478366e-16 0.041000001947395504 -0.012500000593718141
v -1.4315082460478366e-16 0.041000001947395504 -0.01500000071246177
v -0.002438629027800704 0.041000001947395504 -0.012259816752048791
v 0.002438629027800704 0.041000001947395504 -0.012259816752048791
v 0.006944628091692939 0.041000001947395504 -0.010393371122015549
v 0.012259816752048791 0.041000001947395504 0.002438629027800704
v 0.014711780293193422 0.041000001947395504 0.002926355024095717
v 0.012500000593718141 0.041000001947395504 2.2962128319299886e-18
v 0.013858194055750839 0.041000001947395504 0.005740251813785013
v 0.011548494887513305 0.041000001947395504 0.004783543337099905
v 0.01247204458347917 0.041000001947395504 0.008333553710031527
v 0.010606602218874439 0.041000001947395504 0.010606602218874439
v 0.010393371122015549 0.041000001947395504 0.006944628091692939
v 0.008333553710031527 0.041000001947395504 0.01247204458347917
v 0.008838835182395366 0.041000001947395504 0.008838835182395366
v 0.005740251813785013 0.041000001947395504 0.013858194055750839
v 0.004783543337099905 0.041000001947395504 0.011548494887513305
v 0.006944628091692939 0.041000001947395504 0.010393371122015549
v -1.4324204666940398e-16 0.041000001947395504 0.01500000071246177
v 0.002438629027800704 0.041000001947395504 0.012259816752048791
v 0.002926355024095717 0.041000001947395504 0.014711780293193422
v -0.002926355024095717 0.041000001947395504 -0.014711780293193422
v -0.004783543337099905 0.041000001947395504 -0.011548494887513305
v -0.005740251813785013 0.041000001947395504 -0.013858194055750839
v -0.008333553710031527 0.041000001947395504 -0.01247204458347917
v -0.006944628091692939 0.041000001947395504 -0.010393371122015549
v -0.008838835182395366 0.041000001947395504 -0.008838835182395366
v -0.010393371122015549 0.041000001947395504 -0.006944628091692939
v -0.010606602218874439 0.041000001947395504 -0.010606602218874439
v -0.01247204458347917 0.041000001947395504 -0.008333553710031527
v -0.011548494887513305 0.041000001947395504 -0.004783543337099905
v -0.013858194055750839 0.041000001947395504 -0.005740251813785013
v -0.012259816752048791 0.041000001947395504 -0.002438629027800704
v -0.014711780293193422 0.041000001947395504 -0.002926355024095717
v -0.012500000593718141 0.041000001947395504 -3.5409619001187154e-18
v -0.01500000071246177 0.041000001947395504 -9.18485090420346e-19
v -0.012259816752048791 0.041000001947395504 0.002438629027800704
v -0.004783543337099905 0.041000001947395504 0.011548494887513305
v -0.002438629027800704 0.041000001947395504 0.012259816752048791
v -0.005740251813785013 0.041000001947395504 0.013858194055750839
v -0.008333553710031527 0.041000001947395504 0.01247204458347917
v -0.006944628091692939 0.041000001947395504 0.010393371122015549
v -0.010606602218874439 0.041000001947395504 0.010606602218874439
v -0.002926355024095717 0.041000001947395504 0.014711780293193422
v -1.5166460388377182e-16 0.041000001947395504 0.012500000593718141
v -0.014711780293193422 0.041000001947395504 0.002926355024095717
v -0.011548494887513305 0.041000001947395504 0.004783543337099905
v -0.013858194055750839 0.041000001947395504 0.005740251813785013
v -0.010393371122015549 0.041000001947395504 0.006944628091692939
v -0.01247204458347917 0.041000001947395504 0.008333553710031527
v -0.008838835182395366 0.041000001947395504 0.008838835182395366
v -0.02300000109244138 0.043000002042390406 -0.0010000000474974513
v -0.022076121425146367 0.043000002042390406 -0.0003826834443182263
v -0.02200000104494393 0.043000002042390406 -3.2406455073724934e-18
v -0.02229289351491026 0.043000002042390406 0.0007071068026706998
v -0.02300000109244138 0.043000002042390406 0.0010000000474974513
v -0.022076121425146367 0.043000002042390406 0.0003826834443182263
v -0.02229289351491026 0.043000002042390406 -0.0007071068026706998
v -0.024728945953004233 0.043000002042390406 0.0010000000474974513
v -0.025367980254596967 0.043000002042390406 -0.0010000000474974513
v -0.022617318273971954 0.043000002042390406 0.0009238795480857181
v -0.022617318273971954 0.043000002042390406 -0.0009238795480857181
v -0.024728945953004233 0.043000002042390406 0.0010000000474974513
v -0.02300000109244138 0.043000002042390406 0.0010000000474974513
v -0.024728940230958063 0.04000000189989805 0.0010000000474974513
v -0.02300000109244138 0.04000000189989805 0.0010000000474974513
v -0.02261686241762706 0.04000000189989805 -0.0009235993466373202
v -0.02229289351491026 0.043000002042390406 -0.0007071068026706998
v -0.022617318273971954 0.043000002042390406 -0.0009238795480857181
v -0.02300000109244138 0.04000000189989805 -0.0010000000474974513
v -0.02300000109244138 0.043000002042390406 -0.0010000000474974513
v -0.02229226027513409 0.04000000189989805 -0.0007061167098693089
v -0.022076407527454878 0.04000000189989805 -0.0003816009643130454
v -0.022076121425146367 0.043000002042390406 -0.0003826834443182263
v -0.022617318273971954 0.043000002042390406 0.0009238795480857181
v -0.02300000109244138 0.04000000189989805 0.0010000000474974513
v -0.02300000109244138 0.043000002042390406 0.0010000000474974513
v -0.022000369163247546 0.04000000189989805 5.835263568533983e-07
v -0.022076121425146367 0.043000002042390406 0.0003826834443182263
v -0.02200000104494393 0.043000002042390406 -3.2406455073724934e-18
v -0.022616643072523868 0.04000000189989805 0.0009233307084905579
v -0.02229289351491026 0.043000002042390406 0.0007071068026706998
v -0.022076809978035516 0.04000000189989805 0.00038282983333274775
v -0.022293025121972176 0.04000000189989805 0.0007068634368945226
v -0.025367980254596967 0.043000002042390406 -0.0010000000474974513
v -0.02536797643989952 0.04000000189989805 -0.0010000000474974513
v -0.02300000109244138 0.043000002042390406 -0.0010000000474974513
v -0.02300000109244138 0.04000000189989805 -0.0010000000474974513
v 0.024728976470583808 0.043000002042390406 0.0010000000474974513
v 0.02300000109244138 0.043000002042390406 -0.0010000000474974513
v 0.025367995513386754 0.043000002042390406 -0.0010000000474974513
v 0.02300000109244138 0.043000002042390406 0.0010000000474974513
v 0.02200000104494393 0.043000002042390406 3.8285689864042006e-19
v 0.02229289351491026 0.043000002042390406 0.0007071068026706998
v 0.022617318273971954 0.043000002042390406 0.0009238795480857181
v 0.022076121425146367 0.043000002042390406 -0.0003826834443182263
v 0.02229289351491026 0.043000002042390406 -0.0007071068026706998
v 0.022076121425146367 0.043000002042390406 0.0003826834443182263
v 0.022617318273971954 0.043000002042390406 -0.0009238795480857181
v 0.02300000109244138 0.04000000189989805 -0.0010000000474974513
v 0.025367991698689307 0.04000000189989805 -0.0010000000474974513
v 0.02300000109244138 0.043000002042390406 -0.0010000000474974513
v 0.025367995513386754 0.043000002042390406 -0.0010000000474974513
v 0.02300000109244138 0.04000000189989805 0.0010000000474974513
v 0.022617318273971954 0.043000002042390406 0.0009238795480857181
v 0.02300000109244138 0.043000002042390406 0.0010000000474974513
v 0.02229226027513409 0.04000000189989805 0.0007061167098693089
v 0.022076121425146367 0.043000002042390406 0.0003826834443182263
v 0.02229289351491026 0.043000002042390406 0.0007071068026706998
v 0.02261686241762706 0.04000000189989805 0.0009235993466373202
v 0.022076407527454878 0.04000000189989805 0.0003816009643130454
v 0.022000369163247546 0.04000000189989805 -5.835263568533983e-07
v 0.02200000104494393 0.043000002042390406 3.8285689864042006e-19
v 0.022076809978035516 0.04000000189989805 -0.00038282983333274775
v 0.02229289351491026 0.043000002042390406 -0.0007071068026706998
v 0.022076121425146367 0.043000002042390406 -0.0003826834443182263
v 0.02300000109244138 0.04000000189989805 -0.0010000000474974513
v 0.02300000109244138 0.043000002042390406 -0.0010000000474974513
v 0.022617318273971954 0.043000002042390406 -0.0009238795480857181
v 0.022616643072523868 0.04000000189989805 -0.0009233307084905579
v 0.022293025121972176 0.04000000189989805 -0.0007068634368945226
v 0.024728965026491467 0.04000000189989805 0.0010000000474974513
v 0.024728976470583808 0.043000002042390406 0.0010000000474974513
usemtl Diffuse_1
f 1 2 3
f 4 5 6
f 2 4 7
f 8 9 10
f 11 12 13
f 9 11 14
f 5 8 15
f 16 17 18
f 19 20 21
f 17 19 22
f 23 24 25
f 26 27 28
f 24 26 29
f 20 23 30
f 12 16 31
f 32 1 3
f 7 4 6
f 2 7 3
f 15 8 10
f 14 11 13
f 9 14 10
f 5 15 6
f 31 16 18
f 19 21 22
f 22 18 17
f 13 12 31
f 21 20 30
f 25 24 29
f 29 26 28
f 23 25 30
f 33 28 27
f 27 34 33
f 35 36 37
f 38 39 40
f 36 38 41
f 42 43 44
f 45 46 47
f 43 45 48
f 39 42 49
f 50 51 52
f 53 54 55
f 51 53 56
f 57 58 59
f 60 61 62
f 58 60 63
f 54 57 64
f 46 50 65
f 33 34 66
f 41 37 36
f 66 35 37
f 49 40 39
f 48 44 43
f 49 42 44
f 41 38 40
f 65 47 46
f 56 52 51
f 65 50 52
f 64 55 54
f 63 59 58
f 62 63 60
f 64 57 59
f 56 53 55
f 48 45 47
f 66 34 35
f 67 68 69
f 70 69 71
f 72 73 74
f 75 76 77
f 78 77 73
f 79 74 68
f 79 68 67
f 70 67 69
f 72 78 73
f 74 79 72
f 75 77 78
f 80 76 75
f 80 81 82
f 80 82 76
f 83 84 85
f 86 87 88
f 89 90 91
f 92 91 87
f 93 94 95
f 83 96 97
f 98 97 94
f 99 95 90
f 100 82 81
f 87 86 92
f 86 88 100
f 90 89 99
f 94 93 98
f 97 98 83
f 93 95 99
f 89 91 92
f 83 85 96
f 88 82 100
f 101 102 103
f 104 103 105
f 106 107 108
f 109 110 111
f 112 111 107
f 101 108 102
f 103 113 101
f 113 103 104
f 114 115 109
f 111 116 109
f 112 107 106
f 116 111 112
f 108 101 106
f 109 115 110
f 117 118 119
f 120 121 122
f 123 124 125
f 123 125 121
f 126 127 128
f 129 130 131
f 129 131 127
f 126 128 124
f 121 120 132
f 132 123 121
f 122 114 120
f 126 133 127
f 134 126 124
f 117 130 129
f 124 123 134
f 127 133 129
f 117 119 130
f 115 114 122
f 135 136 137
f 138 137 139
f 140 141 142
f 143 144 145
f 146 145 141
f 147 142 136
f 147 136 135
f 138 135 137
f 140 146 141
f 142 147 140
f 143 145 146
f 148 144 143
f 148 149 150
f 148 150 144
f 151 152 153
f 154 155 156
f 157 158 159
f 160 159 155
f 161 162 163
f 151 164 165
f 166 165 162
f 167 163 158
f 168 150 149
f 155 154 160
f 154 156 168
f 158 157 167
f 162 161 166
f 165 166 151
f 161 163 167
f 157 159 160
f 151 153 164
f 156 150 168
f 169 170 171
f 172 173 169
f 174 175 176
f 177 178 174
f 175 173 172
f 178 177 179
f 169 171 172
f 171 170 180
f 175 181 176
f 179 177 182
f 182 183 184
f 177 174 176
f 181 175 172
f 184 179 182
f 185 186 187
f 188 189 190
f 191 192 190
f 189 193 194
f 195 196 197
f 198 199 195
f 200 196 194
f 199 198 185
f 183 201 184
f 201 191 184
f 192 191 201
f 190 192 188
f 193 189 188
f 197 196 200
f 198 195 197
f 193 200 194
f 198 202 185
f 202 186 185
f 203 204 205
f 206 207 187
f 208 209 210
f 203 205 211
f 209 212 213
f 210 211 214
f 186 206 187
f 215 216 207
f 215 207 206
f 215 217 216
f 204 216 217
f 218 211 205
f 214 211 218
f 217 205 204
f 214 208 210
f 209 208 212
f 219 220 221
f 222 223 224
f 223 219 225
f 226 227 228
f 229 230 231
f 222 228 227
f 231 226 232
f 233 213 212
f 219 221 225
f 221 220 233
f 222 224 228
f 231 232 234
f 231 234 229
f 232 226 228
f 224 223 225
f 220 213 233
f 152 235 153
f 236 237 238
f 239 238 235
f 240 241 242
f 243 244 245
f 246 245 241
f 247 242 237
f 239 235 152
f 247 237 236
f 239 236 238
f 240 246 241
f 242 247 240
f 243 245 246
f 248 244 243
f 248 249 250
f 248 250 244
f 251 252 253
f 254 255 256
f 257 256 252
f 258 259 260
f 261 139 262
f 263 262 259
f 264 260 255
f 253 249 251
f 256 257 254
f 257 252 251
f 260 264 258
f 262 263 261
f 139 261 138
f 263 259 258
f 264 255 254
f 250 249 253
f 118 265 119
f 266 267 268
f 269 268 265
f 270 271 272
f 273 274 275
f 273 275 271
f 270 272 267
f 269 266 268
f 118 276 265
f 265 276 269
f 270 277 271
f 267 266 270
f 273 271 277
f 278 274 273
f 279 280 274
f 279 274 278
f 281 282 283
f 284 285 286
f 287 286 282
f 288 289 290
f 291 105 292
f 293 292 289
f 288 290 285
f 283 279 281
f 294 286 287
f 281 287 282
f 284 286 294
f 293 291 292
f 289 288 293
f 105 291 104
f 285 284 288
f 280 279 283
f 84 295 85
f 296 297 298
f 299 298 295
f 300 301 302
f 303 304 305
f 306 305 301
f 307 302 297
f 299 295 84
f 307 297 296
f 299 296 298
f 300 306 301
f 302 307 300
f 303 305 306
f 308 304 303
f 308 309 310
f 308 310 304
f 311 312 313
f 314 315 316
f 317 316 312
f 318 319 320
f 321 71 322
f 323 322 319
f 324 320 315
f 313 309 311
f 316 317 314
f 317 312 311
f 320 324 318
f 322 323 321
f 71 321 70
f 323 319 318
f 324 315 314
f 310 309 313
f 325 326 327
f 61 325 328
f 329 330 331
f 332 333 334
f 330 332 335
f 326 329 336
f 337 338 339
f 340 341 342
f 338 340 343
f 344 345 346
f 347 348 349
f 345 347 350
f 341 344 351
f 333 337 352
f 328 325 327
f 61 328 62
f 336 329 331
f 335 332 334
f 330 335 331
f 326 336 327
f 352 337 339
f 340 342 343
f 343 339 338
f 334 333 352
f 342 341 351
f 346 345 350
f 350 347 349
f 344 346 351
f 353 349 348
f 348 354 353
f 1 32 355
f 356 357 358
f 359 360 361
f 357 359 362
f 363 364 365
f 366 367 368
f 364 366 369
f 360 363 370
f 371 372 373
f 374 375 376
f 372 374 377
f 378 379 380
f 381 382 355
f 379 381 383
f 375 378 384
f 367 371 385
f 353 354 386
f 362 358 357
f 386 356 358
f 370 361 360
f 369 365 364
f 370 363 365
f 362 359 361
f 385 368 367
f 377 373 372
f 385 371 373
f 384 376 375
f 383 380 379
f 355 383 381
f 384 378 380
f 377 374 376
f 369 366 368
f 382 1 355
f 386 354 356
f 387 388 389
f 388 390 389
f 390 388 391
f 387 389 392
f 393 394 395
f 394 396 395
f 397 396 394
f 397 394 392
f 394 387 392
f 398 399 400
f 400 401 402
f 403 404 401
f 390 391 405
f 402 398 400
f 404 402 401
f 405 399 398
f 405 391 399
f 406 407 408
f 409 410 407
f 411 406 412
f 406 413 414
f 414 407 406
f 415 411 416
f 410 409 417
f 418 419 420
f 408 407 410
f 410 417 420
f 397 392 419
f 408 412 406
f 421 411 412
f 422 423 415
f 416 422 415
f 421 416 411
f 420 417 418
f 392 420 419
f 415 423 424
f 404 403 425
f 426 425 427
f 427 425 403
f 428 427 429
f 430 429 431
f 428 426 427
f 432 430 431
f 433 434 432
f 428 429 430
f 432 431 433
f 434 435 436
f 435 434 433
f 436 437 438
f 437 436 435
f 438 437 439
f 438 440 441
f 438 439 440
f 440 439 442
f 442 439 443
f 439 444 443
f 445 446 447
f 448 449 450
f 446 448 451
f 424 452 453
f 454 455 456
f 457 454 453
f 452 457 453
f 445 456 455
f 458 450 449
f 451 447 446
f 458 449 441
f 448 459 451
f 460 461 447
f 454 456 453
f 447 456 445
f 451 460 447
f 448 450 459
f 449 438 441
f 424 453 415
f 462 463 464
f 462 465 463
f 466 464 467
f 468 469 470
f 471 472 473
f 474 472 471
f 475 473 469
f 476 470 465
f 477 478 479
f 478 480 479
f 466 479 480
f 481 466 480
f 482 477 479
f 481 464 466
f 481 462 464
f 470 476 468
f 465 462 476
f 469 468 475
f 475 471 473
f 474 483 472
f 484 485 486
f 487 488 489
f 490 487 491
f 488 484 492
f 493 494 495
f 496 497 498
f 495 494 490
f 499 500 493
f 489 491 487
f 492 489 488
f 484 486 492
f 485 474 486
f 498 499 501
f 496 498 502
f 502 498 501
f 493 495 503
f 501 499 503
f 490 491 495
f 499 493 503
f 483 474 485
f 504 505 506
f 507 506 505
f 508 509 507
f 510 511 512
f 506 507 509
f 512 506 510
f 511 510 513
f 510 506 514
f 513 515 511
f 504 506 512
f 513 510 516
f 517 518 519
f 520 521 518
f 522 521 509
f 509 523 524
f 506 524 514
f 510 514 516
f 524 525 514
f 524 506 509
f 520 509 521
f 514 526 516
f 513 527 528
f 528 529 515
f 530 531 528
f 529 528 531
f 513 516 527
f 532 533 534
f 532 530 535
f 534 530 532
f 533 532 536
f 536 532 537
f 536 538 533
f 531 530 534
f 539 530 528
f 527 539 528
f 540 535 530
f 527 541 539
f 540 539 542
f 539 540 530
f 543 527 516
f 540 544 535
f 537 535 544
f 542 545 540
f 544 540 545
f 546 547 544
f 542 541 548
f 537 547 549
f 539 541 542
f 537 532 535
f 543 541 527
f 536 549 550
f 515 513 528
f 545 542 551
f 517 519 552
f 553 554 555
f 556 555 554
f 554 557 556
f 509 520 523
f 523 558 525
f 559 523 520
f 514 525 526
f 526 525 560
f 525 524 523
f 557 520 556
f 520 518 517
f 561 559 557
f 520 557 559
f 562 561 563
f 561 564 559
f 557 554 561
f 565 560 558
f 525 558 560
f 566 565 564
f 558 564 565
f 567 565 566
f 561 566 564
f 560 567 568
f 559 564 558
f 558 523 559
f 554 563 561
f 526 568 543
f 552 556 517
f 569 570 543
f 541 543 570
f 571 569 568
f 543 568 569
f 570 572 548
f 526 560 568
f 573 551 548
f 542 548 551
f 574 573 572
f 548 572 573
f 575 576 573
f 577 574 572
f 551 576 578
f 570 569 572
f 548 541 570
f 579 572 569
f 580 571 567
f 568 567 571
f 580 581 571
f 571 581 582
f 579 571 582
f 553 563 554
f 579 569 571
f 566 580 567
f 583 582 584
f 577 579 583
f 585 584 582
f 583 584 586
f 587 588 589
f 583 579 582
f 581 585 582
f 577 572 579
f 574 590 575
f 560 565 567
f 543 516 526
f 545 578 546
f 520 517 556
f 550 591 538
f 549 536 537
f 592 550 593
f 594 591 550
f 537 544 547
f 592 595 594
f 592 596 597
f 595 592 597
f 593 596 592
f 593 550 549
f 597 598 595
f 594 550 592
f 599 593 549
f 547 600 599
f 599 549 547
f 578 545 551
f 600 546 601
f 546 600 547
f 546 544 545
f 602 599 603
f 604 605 596
f 600 606 603
f 603 599 600
f 601 606 600
f 546 578 601
f 602 607 604
f 602 593 599
f 593 602 596
f 608 601 578
f 597 605 609
f 576 551 573
f 609 610 598
f 605 597 596
f 609 605 611
f 612 610 609
f 596 602 604
f 613 611 614
f 612 611 613
f 609 611 612
f 615 611 605
f 616 615 604
f 615 605 604
f 603 606 617
f 617 607 603
f 604 607 616
f 607 618 616
f 616 619 615
f 603 607 602
f 616 620 619
f 615 619 614
f 615 614 611
f 616 618 620
f 597 609 598
f 621 606 601
f 576 622 608
f 608 578 576
f 590 577 623
f 622 575 624
f 575 622 576
f 590 574 577
f 622 625 608
f 621 608 625
f 624 626 622
f 625 622 626
f 627 626 628
f 629 626 624
f 627 630 625
f 575 590 624
f 608 621 601
f 631 624 590
f 632 623 583
f 623 577 583
f 623 632 633
f 633 631 623
f 586 632 583
f 634 629 631
f 624 631 629
f 635 634 631
f 636 629 634
f 628 629 636
f 633 635 631
f 631 590 623
f 618 637 620
f 630 638 621
f 574 575 573
f 617 639 618
f 607 617 618
f 621 625 630
f 639 638 640
f 638 639 617
f 606 621 638
f 618 639 588
f 637 618 588
f 641 639 640
f 589 639 641
f 587 589 642
f 642 589 641
f 638 630 640
f 643 640 630
f 644 643 627
f 643 630 627
f 645 644 628
f 627 628 644
f 644 645 646
f 636 645 628
f 646 647 643
f 626 629 628
f 647 648 641
f 642 641 648
f 647 646 648
f 649 648 646
f 645 649 646
f 643 644 646
f 640 643 647
f 640 647 641
f 522 650 521
f 625 626 627
f 617 606 638
f 651 507 505
f 550 538 536
f 652 522 509
f 589 588 639
f 509 508 652
f 653 654 655
f 654 656 655
f 653 657 654
f 658 659 660
f 661 662 654
f 662 663 664
f 663 662 661
f 664 663 665
f 666 654 662
f 661 654 657
f 667 662 664
f 668 669 658
f 669 670 671
f 656 670 672
f 673 674 656
f 666 673 654
f 667 666 662
f 666 675 673
f 656 654 673
f 670 656 671
f 667 676 666
f 677 678 664
f 665 679 677
f 677 680 681
f 680 677 679
f 678 667 664
f 682 683 684
f 685 681 684
f 684 681 682
f 686 684 683
f 687 684 686
f 683 688 686
f 682 681 680
f 677 681 689
f 677 689 678
f 681 685 690
f 689 691 678
f 692 689 690
f 681 690 689
f 667 678 693
f 685 694 690
f 694 685 687
f 690 695 692
f 695 690 694
f 694 696 697
f 698 691 692
f 699 696 687
f 692 691 689
f 685 684 687
f 678 691 693
f 700 699 686
f 677 664 665
f 701 692 695
f 660 668 658
f 702 703 704
f 703 702 659
f 653 655 705
f 659 706 703
f 674 671 656
f 675 707 674
f 671 674 708
f 676 675 666
f 709 675 676
f 674 673 675
f 659 671 706
f 658 669 671
f 706 708 710
f 708 706 671
f 711 710 712
f 708 713 710
f 710 703 706
f 707 709 714
f 709 707 675
f 713 714 715
f 714 713 707
f 715 714 716
f 713 715 710
f 717 716 709
f 707 713 708
f 708 674 707
f 693 717 676
f 670 718 672
f 693 719 720
f 719 693 691
f 717 720 721
f 720 717 693
f 698 722 719
f 717 709 676
f 698 701 723
f 701 698 692
f 722 723 724
f 723 722 698
f 723 725 726
f 722 724 727
f 728 725 701
f 722 720 719
f 719 691 698
f 720 722 729
f 716 721 730
f 721 716 717
f 721 731 730
f 732 731 721
f 732 721 729
f 655 656 733
f 721 720 729
f 716 730 715
f 734 732 735
f 735 729 727
f 732 734 736
f 737 734 735
f 738 739 740
f 732 729 735
f 732 736 731
f 729 722 727
f 741 733 656
f 726 742 724
f 716 714 709
f 676 667 693
f 656 672 741
f 697 728 695
f 688 743 700
f 687 686 699
f 700 744 745
f 743 746 700
f 696 694 687
f 746 747 744
f 748 749 744
f 748 744 747
f 744 749 745
f 699 700 745
f 747 750 748
f 744 700 746
f 699 745 751
f 751 752 696
f 696 699 751
f 701 695 728
f 753 697 752
f 696 752 697
f 695 694 697
f 754 751 755
f 749 756 757
f 754 758 752
f 752 751 754
f 752 758 753
f 753 728 697
f 757 759 755
f 751 745 755
f 749 755 745
f 728 753 760
f 761 756 748
f 723 701 725
f 750 762 761
f 749 748 756
f 763 756 761
f 761 762 764
f 757 755 749
f 659 658 671
f 765 763 766
f 766 763 764
f 764 763 761
f 756 763 767
f 757 767 768
f 757 756 767
f 769 758 754
f 754 759 769
f 768 759 757
f 768 770 759
f 767 771 768
f 755 759 754
f 771 772 768
f 765 771 767
f 763 765 767
f 772 770 768
f 750 761 748
f 753 758 773
f 760 774 725
f 725 728 760
f 775 727 742
f 776 726 774
f 725 774 726
f 727 724 742
f 760 777 774
f 777 760 773
f 774 778 776
f 778 774 777
f 779 778 780
f 776 778 781
f 777 782 780
f 776 742 726
f 753 773 760
f 742 776 783
f 735 775 784
f 735 727 775
f 785 784 775
f 775 786 785
f 735 784 737
f 783 781 787
f 781 783 776
f 783 787 786
f 787 781 788
f 710 711 703
f 788 781 779
f 783 786 775
f 775 742 783
f 772 789 770
f 773 790 782
f 723 726 724
f 770 791 769
f 770 769 759
f 782 777 773
f 792 790 791
f 769 791 790
f 790 773 758
f 739 791 770
f 739 770 789
f 792 791 793
f 793 791 738
f 794 738 740
f 793 738 794
f 792 782 790
f 782 792 795
f 780 795 796
f 780 782 795
f 779 796 797
f 796 779 780
f 798 797 796
f 779 797 788
f 795 799 798
f 779 781 778
f 793 800 799
f 800 793 794
f 800 798 799
f 798 800 801
f 798 801 797
f 798 796 795
f 799 795 792
f 793 799 792
f 703 711 704
f 780 778 777
f 790 758 769
f 686 688 700
f 791 739 738
f 802 803 804
f 805 804 806
f 803 802 807
f 805 802 804
f 802 805 808
f 806 809 805
f 810 809 811
f 812 810 811
f 813 814 815
f 814 813 816
f 811 809 806
f 805 809 817
f 805 817 808
f 808 807 802
f 809 818 817
f 819 818 810
f 810 820 819
f 810 818 809
f 821 814 822
f 823 814 816
f 814 823 824
f 822 820 821
f 825 824 823
f 822 814 824
f 823 826 825
f 821 820 810
f 810 812 821
f 816 827 823
f 826 827 828
f 829 828 830
f 826 829 831
f 829 826 828
f 832 829 830
f 829 832 833
f 830 834 832
f 826 831 825
f 835 834 836
f 837 835 836
f 838 839 840
f 836 840 837
f 841 838 842
f 834 835 832
f 832 835 843
f 829 833 831
f 844 835 837
f 832 845 833
f 845 832 843
f 843 835 844
f 837 846 844
f 847 839 841
f 842 848 849
f 839 838 841
f 839 847 846
f 841 842 849
f 848 850 849
f 839 846 837
f 837 840 839
f 826 823 827
f 851 852 853
f 853 854 855
f 856 855 857
f 858 859 860
f 861 862 858
f 851 860 863
f 864 865 861
f 854 857 855
f 857 866 856
f 853 852 854
f 865 862 861
f 860 859 863
f 859 858 862
f 865 864 867
f 851 863 852
f 864 868 867
f 869 870 871
f 872 873 867
f 874 875 876
f 877 878 875
f 879 870 880
f 874 881 880
f 873 882 883
f 882 873 872
f 883 882 869
f 871 883 869
f 871 870 879
f 879 880 881
f 876 875 878
f 876 881 874
f 877 884 878
f 872 867 868
f 885 886 887
f 888 889 890
f 891 892 893
f 894 895 896
f 897 887 898
f 899 900 901
f 900 902 903
f 904 905 906
f 907 900 908
f 909 910 905
f 911 912 913
f 914 909 915
f 916 895 886
f 917 909 918
f 919 920 912
f 921 887 922
f 892 923 889
f 893 924 925
f 926 893 927
f 928 912 911
f 929 913 930
f 931 932 933
f 934 935 933
f 936 937 938
f 912 928 939
f 932 940 933
f 933 941 934
f 933 942 943
f 924 940 944
f 945 946 947
f 947 948 949
f 950 924 944
f 942 951 952
f 912 930 913
f 912 945 947
f 953 936 947
f 949 954 947
f 936 955 956
f 920 945 912
f 925 924 950
f 939 919 912
f 957 947 946
f 958 947 957
f 948 947 958
f 954 953 947
f 959 936 953
f 960 961 936
f 937 936 959
f 938 960 936
f 961 955 936
f 962 956 955
f 956 963 964
f 965 966 951
f 967 956 962
f 964 965 951
f 963 956 967
f 966 952 951
f 968 942 952
f 942 969 970
f 970 971 942
f 972 942 968
f 969 942 972
f 971 943 942
f 973 933 943
f 974 933 973
f 935 931 933
f 975 933 974
f 941 933 975
f 932 976 940
f 976 977 940
f 977 978 940
f 940 978 979
f 979 944 940
f 893 892 889
f 891 893 980
f 927 893 925
f 926 980 893
f 889 922 887
f 981 922 889
f 982 981 889
f 890 889 923
f 889 983 984
f 984 982 889
f 983 889 888
f 887 886 895
f 985 887 921
f 897 885 887
f 898 887 985
f 986 918 909
f 987 918 986
f 988 895 916
f 894 987 986
f 896 895 988
f 989 910 909
f 915 909 917
f 914 989 909
f 905 908 900
f 906 905 910
f 904 908 905
f 901 990 899
f 991 901 900
f 902 900 907
f 903 991 900
f 992 993 994
f 995 994 996
f 997 993 992
f 998 997 992
f 992 994 995
f 997 999 993
f 1000 1001 1002
f 1002 1003 1004
f 1005 1000 999
f 1000 1005 1001
f 997 1005 999
f 1003 1006 1004
f 1007 1005 997
f 998 1007 997
f 998 992 995
f 996 1008 995
f 1009 1010 1008
f 996 1009 1008
f 1011 1003 1001
f 1002 1001 1003
f 1006 1003 1012
f 1013 1012 1003
f 1014 1011 1001
f 1013 1003 1011
f 1013 1015 1012
f 1005 1007 1014
f 1001 1005 1014
f 1012 1016 1006
f 1017 1016 1018
f 1019 1017 1020
f 1021 1020 1018
f 1017 1018 1020
f 1019 1020 1022
f 1023 1022 1020
f 1022 1024 1019
f 1012 1015 1018
f 1025 1026 1027
f 1027 1028 1029
f 1030 1025 1024
f 1025 1030 1026
f 1022 1030 1024
f 1031 1032 1029
f 1033 1030 1022
f 1018 1034 1021
f 1023 1020 1021
f 1030 1033 1035
f 1033 1022 1023
f 1018 1015 1034
f 1036 1028 1026
f 1027 1026 1028
f 1029 1028 1031
f 1037 1031 1028
f 1028 1036 1037
f 1031 1037 1038
f 1038 1032 1031
f 1035 1036 1026
f 1030 1035 1026
f 1016 1012 1018
f 1039 1040 1041
f 1042 1041 1043
f 1040 1043 1041
f 1043 1044 1042
f 1045 1046 1042
f 1046 1047 1048
f 1047 1046 1045
f 1048 1047 1049
f 1050 1042 1046
f 1045 1042 1044
f 1051 1046 1048
f 1052 1053 1054
f 1041 1055 1056
f 1057 1058 1059
f 1055 1060 1053
f 1061 1041 1042
f 1061 1050 1062
f 1041 1061 1063
f 1051 1050 1046
f 1051 1064 1050
f 1061 1042 1050
f 1055 1041 1060
f 1039 1041 1056
f 1065 1066 1048
f 1049 1067 1065
f 1068 1067 1069
f 1067 1068 1065
f 1066 1051 1048
f 1070 1071 1072
f 1073 1068 1072
f 1072 1068 1070
f 1074 1072 1071
f 1075 1072 1074
f 1071 1076 1074
f 1070 1068 1069
f 1065 1068 1077
f 1065 1077 1066
f 1068 1073 1078
f 1077 1079 1066
f 1080 1077 1078
f 1068 1078 1077
f 1051 1066 1081
f 1073 1082 1078
f 1082 1073 1075
f 1078 1083 1080
f 1083 1078 1082
f 1082 1084 1085
f 1086 1079 1080
f 1087 1084 1075
f 1080 1079 1077
f 1073 1072 1075
f 1066 1079 1081
f 1088 1087 1074
f 1065 1048 1049
f 1089 1080 1083
f 1059 1090 1054
f 1058 1090 1059
f 1091 1059 1054
f 1091 1054 1060
f 1060 1092 1091
f 1062 1063 1061
f 1064 1093 1062
f 1063 1062 1094
f 1081 1064 1051
f 1095 1064 1081
f 1062 1050 1064
f 1092 1060 1063
f 1060 1041 1063
f 1059 1091 1057
f 1057 1092 1096
f 1094 1092 1063
f 1058 1057 1097
f 1092 1094 1096
f 1057 1091 1092
f 1095 1098 1093
f 1095 1093 1064
f 1096 1099 1100
f 1096 1094 1099
f 1098 1100 1099
f 1096 1100 1057
f 1093 1098 1099
f 1099 1094 1093
f 1094 1062 1093
f 1053 1052 1055
f 1101 1102 1081
f 1054 1053 1060
f 1103 1095 1102
f 1101 1086 1104
f 1098 1103 1105
f 1098 1095 1103
f 1104 1106 1102
f 1095 1081 1102
f 1086 1089 1107
f 1089 1086 1080
f 1104 1107 1108
f 1107 1104 1086
f 1107 1109 1110
f 1102 1106 1103
f 1111 1109 1089
f 1104 1102 1101
f 1101 1079 1086
f 1112 1104 1108
f 1113 1114 1103
f 1106 1112 1115
f 1105 1103 1114
f 1113 1116 1114
f 1103 1106 1113
f 1117 1113 1115
f 1112 1118 1119
f 1117 1116 1113
f 1117 1115 1120
f 1121 1122 1123
f 1115 1124 1120
f 1113 1106 1115
f 1106 1104 1112
f 1110 1118 1108
f 1098 1105 1100
f 1081 1079 1101
f 1085 1111 1083
f 1076 1125 1088
f 1075 1074 1087
f 1088 1126 1127
f 1125 1128 1088
f 1084 1082 1075
f 1128 1129 1126
f 1130 1131 1126
f 1130 1126 1129
f 1126 1131 1127
f 1087 1088 1127
f 1129 1132 1130
f 1126 1088 1128
f 1087 1127 1133
f 1133 1134 1084
f 1084 1087 1133
f 1089 1083 1111
f 1135 1085 1134
f 1084 1134 1085
f 1083 1082 1085
f 1136 1133 1137
f 1131 1138 1139
f 1136 1140 1134
f 1134 1133 1136
f 1135 1134 1140
f 1135 1111 1085
f 1139 1141 1137
f 1133 1127 1137
f 1131 1137 1127
f 1111 1135 1142
f 1143 1138 1130
f 1107 1089 1109
f 1132 1144 1143
f 1131 1130 1138
f 1145 1138 1143
f 1143 1144 1146
f 1139 1137 1131
f 1147 1145 1148
f 1148 1145 1146
f 1146 1145 1143
f 1138 1145 1149
f 1139 1149 1150
f 1139 1138 1149
f 1151 1141 1150
f 1150 1141 1139
f 1149 1152 1150
f 1136 1137 1141
f 1152 1153 1150
f 1147 1152 1149
f 1145 1147 1149
f 1154 1136 1141
f 1132 1143 1130
f 1153 1151 1150
f 1142 1155 1109
f 1109 1111 1142
f 1115 1112 1119
f 1156 1110 1155
f 1109 1155 1110
f 1112 1108 1118
f 1157 1142 1158
f 1159 1158 1160
f 1157 1161 1155
f 1155 1142 1157
f 1155 1161 1156
f 1156 1118 1110
f 1157 1159 1162
f 1142 1135 1158
f 1140 1158 1135
f 1118 1156 1163
f 1119 1164 1165
f 1164 1119 1163
f 1165 1124 1119
f 1153 1166 1151
f 1124 1115 1119
f 1156 1167 1163
f 1163 1119 1118
f 1168 1167 1169
f 1167 1168 1163
f 1170 1169 1167
f 1170 1161 1162
f 1163 1168 1164
f 1161 1167 1156
f 1140 1154 1160
f 1107 1110 1108
f 1151 1171 1154
f 1151 1154 1141
f 1159 1157 1158
f 1172 1160 1171
f 1154 1171 1160
f 1160 1158 1140
f 1122 1171 1151
f 1122 1151 1166
f 1172 1171 1173
f 1173 1171 1121
f 1174 1121 1123
f 1173 1121 1174
f 1172 1159 1160
f 1159 1172 1175
f 1162 1175 1176
f 1162 1159 1175
f 1170 1176 1177
f 1176 1170 1162
f 1178 1177 1176
f 1170 1177 1169
f 1175 1179 1178
f 1170 1167 1161
f 1173 1180 1179
f 1180 1173 1174
f 1180 1178 1179
f 1178 1180 1181
f 1178 1181 1177
f 1178 1176 1175
f 1179 1175 1172
f 1173 1179 1172
f 1162 1161 1157
f 1140 1136 1154
f 1074 1076 1088
f 1171 1122 1121
f 1182 1183 1184
f 1185 1186 1187
f 1188 1189 1182
f 1190 1182 1189
f 1188 1182 1191
f 1189 1188 1192
f 1192 1193 1189
f 1194 1195 1196
f 1192 1188 1197
f 1195 1194 1198
f 1199 1200 1201
f 1199 1195 1200
f 1202 1187 1186
f 1191 1203 1197
f 1188 1191 1197
f 1204 1199 1205
f 1204 1195 1199
f 1191 1204 1203
f 1191 1195 1204
f 1191 1182 1195
f 1197 1206 1192
f 1207 1208 1192
f 1206 1209 1192
f 1206 1197 1210
f 1207 1211 1212
f 1213 1207 1209
f 1209 1207 1192
f 1207 1214 1211
f 1212 1208 1207
f 1210 1209 1206
f 1197 1203 1210
f 1215 1213 1209
f 1216 1210 1203
f 1209 1210 1185
f 1215 1217 1213
f 1218 1203 1204
f 1219 1220 1221
f 1221 1220 1222
f 1221 1217 1219
f 1213 1217 1221
f 1221 1207 1213
f 1223 1207 1221
f 1208 1193 1192
f 1224 1225 1205
f 1209 1185 1215
f 1220 1226 1222
f 1227 1205 1228
f 1229 1227 1228
f 1230 1231 1228
f 1205 1227 1204
f 1228 1205 1225
f 1201 1224 1205
f 1232 1233 1234
f 1235 1236 1237
f 1238 1237 1239
f 1237 1236 1239
f 1229 1231 1238
f 1231 1235 1237
f 1235 1231 1230
f 1231 1229 1228
f 1240 1218 1229
f 1227 1218 1204
f 1216 1186 1185
f 1241 1216 1218
f 1216 1185 1210
f 1227 1229 1218
f 1215 1185 1242
f 1187 1242 1185
f 1203 1218 1216
f 1243 1240 1238
f 1229 1238 1240
f 1244 1241 1243
f 1240 1243 1241
f 1241 1218 1240
f 1239 1243 1238
f 1186 1245 1202
f 1186 1244 1245
f 1241 1244 1186
f 1186 1216 1241
f 1231 1237 1238
f 1246 1215 1242
f 1247 1248 1249
f 1226 1220 1219
f 1242 1187 1246
f 1250 1251 1214
f 1199 1201 1205
f 1252 1251 1250
f 1250 1207 1223
f 1253 1254 1255
f 1184 1196 1182
f 1255 1252 1253
f 1198 1200 1195
f 1253 1252 1250
f 1256 1254 1257
f 1258 1259 1253
f 1257 1253 1259
f 1253 1260 1258
f 1250 1260 1253
f 1261 1262 1257
f 1256 1257 1262
f 1261 1263 1262
f 1257 1259 1261
f 1257 1254 1253
f 1262 1264 1256
f 1265 1260 1250
f 1232 1264 1266
f 1266 1262 1267
f 1268 1264 1232
f 1232 1266 1269
f 1247 1249 1268
f 1234 1247 1232
f 1270 1249 1248
f 1183 1182 1190
f 1232 1247 1268
f 1182 1196 1195
f 1247 1271 1248
f 1267 1262 1263
f 1247 1234 1271
f 1233 1232 1269
f 1269 1266 1267
f 1264 1262 1266
f 1223 1221 1222
f 1265 1250 1223
f 1214 1207 1250
f 1228 1225 1230
f 1272 1273 1274
f 1272 1275 1276
f 1275 1272 1277
f 1278 1279 1280
f 1274 1281 1282
f 1282 1281 1283
f 1284 1272 1282
f 1285 1277 1286
f 1272 1284 1277
f 1287 1284 1282
f 1287 1283 1288
f 1283 1287 1282
f 1289 1277 1284
f 1281 1290 1283
f 1282 1272 1274
f 1291 1284 1287
f 1286 1277 1292
f 1293 1286 1292
f 1294 1293 1292
f 1292 1289 1294
f 1294 1295 1296
f 1295 1294 1289
f 1292 1277 1289
f 1289 1291 1297
f 1296 1295 1298
f 1297 1299 1298
f 1297 1298 1295
f 1289 1297 1295
f 1284 1291 1289
f 1277 1285 1300
f 1288 1301 1287
f 1300 1275 1277
f 1278 1302 1303
f 1290 1302 1288
f 1278 1304 1288
f 1278 1288 1302
f 1288 1304 1301
f 1291 1287 1301
f 1301 1305 1291
f 1279 1306 1280
f 1307 1278 1280
f 1304 1307 1308
f 1278 1307 1304
f 1307 1306 1309
f 1280 1306 1307
f 1309 1306 1310
f 1278 1303 1279
f 1301 1304 1311
f 1297 1305 1312
f 1291 1305 1297
f 1305 1301 1311
f 1305 1311 1313
f 1273 1272 1314
f 1312 1305 1313
f 1314 1272 1315
f 1316 1313 1311
f 1317 1316 1311
f 1311 1308 1317
f 1297 1312 1299
f 1309 1318 1319
f 1318 1309 1310
f 1309 1319 1320
f 1308 1321 1317
f 1321 1308 1322
f 1320 1322 1308
f 1322 1320 1319
f 1307 1320 1308
f 1308 1311 1304
f 1307 1309 1320
f 1276 1315 1272
f 1288 1283 1290
f 1323 1324 1325
f 1326 1327 1328
f 1329 1324 1326
f 1330 1331 1332
f 1333 1334 1335
f 1336 1331 1333
f 1328 1327 1330
f 1337 1338 1339
f 1340 1341 1342
f 1339 1338 1341
f 1343 1344 1345
f 1346 1344 1347
f 1346 1348 1337
f 1349 1350 1340
f 1351 1334 1350
f 1352 1353 1323
f 1323 1325 1352
f 1328 1329 1326
f 1325 1324 1329
f 1328 1330 1332
f 1333 1335 1336
f 1332 1331 1336
f 1334 1354 1335
f 1338 1342 1341
f 1351 1354 1334
f 1345 1355 1343
f 1338 1337 1348
f 1351 1350 1349
f 1342 1349 1340
f 1348 1346 1347
f 1347 1344 1343
f 1356 1353 1352
f 1357 1358 1359
f 1360 1361 1357
f 1362 1360 1363
f 1364 1365 1366
f 1367 1368 1364
f 1369 1365 1359
f 1370 1368 1371
f 1362 1361 1360
f 1361 1358 1357
f 1363 1372 1362
f 1366 1365 1369
f 1367 1364 1366
f 1367 1371 1368
f 1359 1358 1373
f 1359 1373 1369
f 1371 1374 1370
f 1375 1376 1377
f 1378 1379 1380
f 1375 1378 1376
f 1381 1382 1383
f 1384 1385 1382
f 1379 1386 1380
f 1387 1381 1388
f 1374 1375 1377
f 1386 1389 1390
f 1379 1378 1375
f 1386 1379 1389
f 1385 1384 1389
f 1385 1383 1382
f 1381 1383 1388
f 1384 1390 1389
f 1370 1374 1377
f 1391 1392 1393
f 1394 1395 1396
f 1397 1395 1398
f 1399 1400 1397
f 1400 1401 1402
f 1403 1397 1404
f 1402 1404 1400
f 1402 1405 1406
f 1400 1404 1397
f 1406 1404 1402
f 1407 1394 1396
f 1408 1409 1410
f 1409 1396 1410
f 1391 1408 1410
f 1403 1406 1411
f 1406 1403 1404
f 1410 1412 1391
f 1410 1396 1412
f 1411 1412 1403
f 1412 1411 1413
f 1406 1405 1414
f 1412 1396 1403
f 1396 1397 1403
f 1415 1402 1401
f 1416 1392 1417
f 1418 1419 1420
f 1420 1415 1418
f 1420 1419 1421
f 1420 1422 1423
f 1422 1420 1421
f 1420 1424 1425
f 1424 1420 1423
f 1426 1424 1423
f 1423 1422 1427
f 1420 1428 1402
f 1429 1430 1431
f 1432 1420 1425
f 1414 1405 1428
f 1405 1402 1428
f 1433 1434 1428
f 1434 1433 1435
f 1428 1420 1433
f 1414 1411 1406
f 1432 1436 1437
f 1436 1432 1425
f 1437 1435 1432
f 1437 1436 1438
f 1432 1435 1433
f 1433 1420 1432
f 1402 1415 1420
f 1430 1428 1434
f 1408 1391 1393
f 1396 1409 1407
f 1417 1391 1439
f 1440 1417 1439
f 1417 1441 1416
f 1412 1439 1391
f 1392 1391 1417
f 1442 1443 1444
f 1398 1445 1397
f 1441 1440 1446
f 1440 1441 1417
f 1443 1446 1447
f 1446 1443 1441
f 1447 1446 1448
f 1443 1447 1444
f 1440 1449 1446
f 1441 1443 1442
f 1416 1441 1442
f 1439 1413 1440
f 1399 1397 1445
f 1411 1450 1413
f 1413 1439 1412
f 1450 1430 1429
f 1430 1450 1414
f 1428 1430 1414
f 1413 1450 1451
f 1430 1434 1452
f 1434 1453 1452
f 1452 1431 1430
f 1449 1451 1448
f 1449 1413 1451
f 1454 1448 1451
f 1451 1429 1454
f 1448 1446 1449
f 1429 1451 1450
f 1455 1429 1456
f 1429 1455 1454
f 1449 1440 1413
f 1414 1450 1411
f 1396 1395 1397
f 1457 1458 1459
f 1460 1461 1462
f 1459 1426 1423
f 1459 1427 1457
f 1458 1462 1459
f 1436 1425 1438
f 1463 1464 1465
f 1463 1462 1464
f 1464 1462 1458
f 1465 1466 1467
f 1468 1469 1470
f 1471 1462 1461
f 1471 1459 1462
f 1472 1463 1468
f 1468 1463 1465
f 1467 1469 1468
f 1473 1467 1474
f 1468 1465 1467
f 1462 1463 1475
f 1476 1477 1478
f 1479 1477 1476
f 1476 1480 1474
f 1478 1480 1476
f 1474 1480 1473
f 1467 1466 1474
f 1474 1466 1476
f 1481 1467 1473
f 1482 1483 1484
f 1485 1476 1483
f 1483 1482 1486
f 1487 1483 1486
f 1483 1488 1489
f 1490 1491 1483
f 1489 1490 1483
f 1483 1491 1484
f 1492 1493 1476
f 1494 1495 1476
f 1493 1494 1476
f 1487 1496 1483
f 1497 1498 1476
f 1485 1497 1476
f 1496 1485 1483
f 1492 1476 1498
f 1476 1495 1479
f 1471 1499 1459
f 1499 1426 1459
f 1475 1460 1462
f 1481 1469 1467
f 1472 1468 1470
f 1475 1463 1472
f 1459 1423 1427
f 1429 1431 1456
f 1453 1431 1452
f 1500 1501 1502
f 1503 1504 1505
f 1505 1506 1507
f 1501 1506 1502
f 1508 1504 1509
f 1500 1502 1510
f 1506 1501 1511
f 1512 1513 1514
f 1515 1510 1513
f 1516 1517 1518
f 1517 1519 1520
f 1521 1516 1518
f 1522 1514 1521
f 1520 1519 1523
f 1524 1508 1509
f 1509 1504 1525
f 1503 1505 1526
f 1507 1506 1511
f 1505 1507 1526
f 1504 1503 1525
f 1500 1510 1515
f 1517 1520 1518
f 1515 1513 1512
f 1522 1521 1518
f 1514 1522 1512
f 1520 1523 1527
f 1523 1528 1527
f 1529 1530 1531
f 1532 1530 1529
f 1533 1534 1529
f 1529 1531 1533
f 1535 1529 1534
f 1536 1529 1535
f 1537 1538 1539
f 1539 1540 1541
f 1539 1542 1543
f 1539 1541 1542
f 1543 1537 1539
f 1544 1545 1546
f 1544 1546 1527
f 1546 1532 1529
f 1546 1545 1532
f 1529 1547 1548
f 1547 1529 1536
f 1529 1548 1549
f 1544 1527 1528
f 1529 1550 1551
f 1539 1551 1552
f 1539 1552 1553
f 1554 1555 1529
f 1529 1555 1550
f 1554 1529 1549
f 1553 1540 1539
f 1556 1557 1558
f 1559 1556 1560
f 1561 1557 1562
f 1563 1564 1565
f 1565 1559 1566
f 1567 1568 1564
f 1568 1569 1570
f 1560 1556 1558
f 1557 1561 1558
f 1571 1559 1560
f 1568 1567 1569
f 1563 1565 1566
f 1559 1571 1566
f 1564 1563 1567
f 1569 1572 1570
f 1573 1574 1575
f 1576 1577 1574
f 1578 1577 1579
f 1580 1581 1582
f 1583 1584 1578
f 1584 1583 1582
f 1585 1581 1586
f 1573 1575 1572
f 1587 1574 1573
f 1574 1587 1576
f 1580 1582 1583
f 1576 1579 1577
f 1579 1588 1578
f 1578 1588 1583
f 1580 1586 1581
f 1570 1572 1575
f 1589 1590 1591
f 1592 1589 1593
f 1594 1591 1595
f 1596 1597 1598
f 1599 1600 1601
f 1597 1600 1602
f 1596 1603 1593
f 1589 1592 1590
f 1590 1595 1591
f 1593 1603 1592
f 1603 1596 1598
f 1597 1602 1598
f 1599 1602 1600
f 1601 1604 1599
f 1601 1605 1604
f 1605 1606 1607
f 1608 1609 1610
f 1611 1612 1613
f 1610 1614 1615
f 1616 1617 1611
f 1618 1619 1620
f 1618 1607 1606
f 1619 1621 1620
f 1618 1606 1619
f 1621 1609 1608
f 1619 1609 1621
f 1613 1612 1615
f 1615 1608 1610
f 1611 1617 1612
f 1605 1607 1604
f 1622 1623 1624
f 1625 1623 1626
f 1627 1625 1626
f 1625 1624 1623
f 1628 1629 1630
f 1631 1628 1632
f 1633 1634 1635
f 1631 1632 1636
f 1637 1635 1638
f 1638 1639 1640
f 1641 1642 1639
f 1641 1643 1644
f 1645 1646 1643
f 1646 1645 1647
f 1633 1629 1634
f 1629 1648 1630
f 1632 1628 1630
f 1635 1637 1633
f 1649 1636 1632
f 1638 1640 1637
f 1639 1642 1650
f 1644 1642 1641
f 1646 1644 1643
f 1640 1639 1650
f 1647 1651 1646
f 1633 1648 1629
f 1652 1653 1654
f 1655 1656 1657
f 1656 1653 1652
f 1658 1659 1660
f 1657 1656 1652
f 1660 1657 1658
f 1659 1658 1661
f 1658 1657 1662
f 1661 1663 1659
f 1655 1657 1660
f 1661 1658 1664
f 1665 1666 1667
f 1668 1669 1652
f 1669 1667 1666
f 1666 1670 1669
f 1657 1652 1671
f 1672 1662 1671
f 1673 1671 1652
f 1658 1662 1664
f 1662 1674 1664
f 1662 1657 1671
f 1670 1652 1669
f 1668 1652 1654
f 1661 1675 1676
f 1676 1677 1663
f 1678 1679 1676
f 1677 1676 1679
f 1661 1664 1675
f 1680 1681 1682
f 1680 1678 1683
f 1682 1678 1680
f 1681 1680 1684
f 1684 1680 1685
f 1684 1686 1681
f 1679 1678 1682
f 1687 1678 1676
f 1675 1687 1676
f 1688 1683 1678
f 1675 1689 1687
f 1688 1687 1690
f 1687 1688 1678
f 1691 1675 1664
f 1688 1692 1683
f 1685 1683 1692
f 1690 1693 1688
f 1692 1688 1693
f 1694 1695 1692
f 1690 1689 1696
f 1685 1695 1697
f 1687 1689 1690
f 1685 1680 1683
f 1691 1689 1675
f 1684 1697 1698
f 1663 1661 1676
f 1693 1690 1699
f 1665 1700 1701
f 1701 1700 1702
f 1665 1701 1703
f 1670 1665 1703
f 1703 1704 1670
f 1671 1673 1672
f 1672 1705 1674
f 1706 1672 1673
f 1664 1674 1691
f 1691 1674 1707
f 1674 1662 1672
f 1673 1670 1704
f 1673 1652 1670
f 1708 1703 1701
f 1709 1704 1708
f 1673 1704 1706
f 1710 1708 1702
f 1709 1706 1704
f 1704 1703 1708
f 1705 1711 1707
f 1674 1705 1707
f 1712 1713 1709
f 1713 1706 1709
f 1713 1712 1711
f 1708 1712 1709
f 1713 1711 1705
f 1705 1706 1713
f 1705 1672 1706
f 1670 1666 1665
f 1691 1714 1715
f 1714 1707 1716
f 1717 1696 1715
f 1718 1716 1711
f 1716 1707 1711
f 1714 1719 1717
f 1714 1691 1707
f 1720 1699 1696
f 1690 1696 1699
f 1721 1720 1717
f 1696 1717 1720
f 1722 1723 1720
f 1716 1719 1714
f 1699 1723 1724
f 1715 1714 1717
f 1696 1689 1715
f 1721 1717 1725
f 1716 1726 1727
f 1728 1725 1719
f 1701 1702 1708
f 1726 1716 1718
f 1726 1729 1727
f 1727 1719 1716
f 1728 1727 1730
f 1731 1732 1725
f 1727 1729 1730
f 1733 1728 1730
f 1734 1735 1736
f 1733 1737 1728
f 1728 1719 1727
f 1725 1717 1719
f 1721 1732 1722
f 1712 1718 1711
f 1715 1689 1691
f 1693 1724 1694
f 1698 1738 1686
f 1697 1684 1685
f 1739 1698 1740
f 1741 1738 1698
f 1685 1692 1695
f 1739 1742 1741
f 1739 1743 1744
f 1742 1739 1744
f 1740 1743 1739
f 1740 1698 1697
f 1744 1745 1742
f 1741 1698 1739
f 1746 1740 1697
f 1695 1747 1746
f 1746 1697 1695
f 1724 1693 1699
f 1747 1694 1748
f 1694 1747 1695
f 1694 1692 1693
f 1749 1746 1750
f 1751 1752 1743
f 1747 1753 1750
f 1750 1746 1747
f 1753 1747 1748
f 1694 1724 1748
f 1749 1754 1751
f 1749 1740 1746
f 1740 1749 1743
f 1755 1748 1724
f 1744 1752 1756
f 1699 1720 1723
f 1756 1757 1745
f 1752 1744 1743
f 1756 1752 1758
f 1759 1757 1756
f 1743 1749 1751
f 1760 1758 1761
f 1759 1758 1760
f 1756 1758 1759
f 1762 1758 1752
f 1763 1762 1751
f 1762 1752 1751
f 1763 1754 1764
f 1751 1754 1763
f 1763 1765 1762
f 1754 1749 1750
f 1763 1766 1765
f 1762 1765 1761
f 1762 1761 1758
f 1754 1750 1767
f 1744 1756 1745
f 1763 1764 1766
f 1723 1768 1755
f 1755 1724 1723
f 1731 1725 1728
f 1768 1722 1769
f 1722 1768 1723
f 1732 1721 1725
f 1770 1755 1771
f 1772 1770 1773
f 1768 1774 1771
f 1771 1755 1768
f 1769 1774 1768
f 1722 1732 1769
f 1775 1773 1771
f 1770 1748 1755
f 1748 1770 1753
f 1776 1769 1732
f 1777 1776 1778
f 1731 1778 1776
f 1731 1737 1778
f 1764 1779 1766
f 1731 1728 1737
f 1776 1780 1769
f 1732 1731 1776
f 1781 1780 1782
f 1776 1782 1780
f 1780 1781 1783
f 1775 1774 1783
f 1777 1782 1776
f 1769 1780 1774
f 1772 1767 1753
f 1721 1722 1720
f 1767 1784 1764
f 1754 1767 1764
f 1770 1771 1773
f 1784 1772 1785
f 1772 1784 1767
f 1753 1770 1772
f 1764 1784 1735
f 1779 1764 1735
f 1786 1784 1785
f 1736 1784 1786
f 1734 1736 1787
f 1787 1736 1786
f 1772 1773 1785
f 1788 1785 1773
f 1789 1788 1775
f 1788 1773 1775
f 1790 1789 1783
f 1775 1783 1789
f 1789 1790 1791
f 1781 1790 1783
f 1791 1792 1788
f 1774 1780 1783
f 1792 1793 1786
f 1787 1786 1793
f 1792 1791 1793
f 1794 1793 1791
f 1790 1794 1791
f 1788 1789 1791
f 1785 1788 1792
f 1785 1792 1786
f 1771 1774 1775
f 1767 1750 1753
f 1684 1698 1686
f 1736 1735 1784
f 1795 1796 1797
f 1798 1799 1800
f 1797 1801 1802
f 1801 1797 1803
f 1804 1797 1802
f 1805 1802 1801
f 1801 1806 1805
f 1807 1808 1809
f 1810 1802 1805
f 1811 1809 1808
f 1812 1813 1814
f 1813 1808 1814
f 1815 1816 1817
f 1810 1818 1804
f 1810 1804 1802
f 1814 1819 1820
f 1814 1808 1819
f 1818 1819 1804
f 1819 1808 1804
f 1808 1797 1804
f 1805 1821 1810
f 1805 1822 1823
f 1821 1805 1824
f 1825 1810 1821
f 1826 1827 1823
f 1828 1823 1822
f 1823 1828 1826
f 1827 1829 1823
f 1805 1823 1824
f 1824 1830 1831
f 1830 1824 1823
f 1832 1824 1831
f 1821 1824 1825
f 1830 1833 1831
f 1825 1818 1810
f 1834 1835 1836
f 1837 1835 1834
f 1836 1833 1834
f 1834 1833 1830
f 1830 1823 1834
f 1834 1823 1837
f 1805 1806 1822
f 1803 1797 1796
f 1819 1818 1838
f 1812 1820 1839
f 1840 1820 1841
f 1840 1841 1842
f 1840 1843 1844
f 1819 1841 1820
f 1845 1820 1840
f 1835 1837 1846
f 1847 1848 1849
f 1850 1847 1851
f 1850 1848 1847
f 1851 1843 1842
f 1847 1849 1843
f 1844 1843 1849
f 1840 1842 1843
f 1852 1853 1854
f 1818 1855 1838
f 1838 1842 1841
f 1855 1825 1832
f 1838 1855 1856
f 1824 1832 1825
f 1831 1857 1832
f 1831 1858 1857
f 1857 1859 1832
f 1855 1832 1860
f 1851 1847 1843
f 1851 1842 1861
f 1862 1861 1856
f 1861 1862 1851
f 1838 1861 1842
f 1851 1862 1850
f 1856 1860 1863
f 1861 1838 1856
f 1864 1863 1860
f 1860 1865 1864
f 1856 1863 1862
f 1855 1860 1856
f 1841 1819 1838
f 1825 1855 1818
f 1860 1832 1859
f 1835 1846 1836
f 1866 1816 1867
f 1868 1829 1869
f 1870 1823 1868
f 1868 1869 1871
f 1871 1872 1853
f 1820 1812 1814
f 1873 1871 1869
f 1871 1873 1872
f 1872 1874 1853
f 1808 1813 1811
f 1868 1871 1875
f 1876 1871 1852
f 1870 1868 1875
f 1875 1871 1876
f 1853 1877 1878
f 1879 1877 1853
f 1878 1854 1853
f 1852 1871 1853
f 1853 1874 1879
f 1870 1837 1823
f 1879 1880 1815
f 1880 1879 1874
f 1815 1880 1867
f 1879 1815 1881
f 1882 1798 1800
f 1867 1800 1883
f 1800 1867 1882
f 1884 1799 1798
f 1882 1867 1880
f 1820 1845 1839
f 1867 1816 1815
f 1817 1881 1815
f 1799 1883 1800
f 1883 1866 1867
f 1858 1859 1857
f 1881 1877 1879
f 1844 1845 1840
f 1860 1859 1865
f 1823 1829 1868
f 1808 1807 1797
f 1797 1807 1795
f 1885 1886 1887
f 1888 1889 1887
f 1890 1887 1889
f 1891 1892 1893
f 1894 1895 1885
f 1896 1895 1894
f 1894 1887 1897
f 1898 1890 1899
f 1890 1897 1887
f 1894 1897 1900
f 1901 1896 1900
f 1894 1900 1896
f 1897 1890 1902
f 1896 1903 1895
f 1885 1887 1894
f 1900 1897 1904
f 1905 1890 1898
f 1905 1898 1906
f 1905 1906 1907
f 1907 1902 1905
f 1908 1909 1907
f 1902 1907 1909
f 1902 1890 1905
f 1910 1904 1902
f 1911 1909 1908
f 1911 1912 1910
f 1909 1911 1910
f 1909 1910 1902
f 1902 1904 1897
f 1913 1887 1914
f 1900 1915 1901
f 1914 1887 1886
f 1901 1916 1903
f 1893 1916 1901
f 1900 1904 1915
f 1915 1917 1901
f 1893 1901 1917
f 1918 1891 1893
f 1919 1917 1915
f 1893 1920 1916
f 1904 1921 1915
f 1891 1922 1892
f 1893 1917 1918
f 1923 1922 1918
f 1891 1918 1922
f 1924 1925 1923
f 1922 1923 1925
f 1926 1923 1918
f 1892 1920 1893
f 1927 1918 1917
f 1928 1921 1910
f 1910 1921 1904
f 1919 1915 1921
f 1929 1919 1921
f 1928 1930 1921
f 1929 1921 1930
f 1889 1931 1890
f 1929 1932 1919
f 1912 1928 1910
f 1926 1918 1927
f 1917 1919 1927
f 1926 1933 1923
f 1934 1927 1932
f 1934 1935 1926
f 1933 1926 1935
f 1934 1926 1927
f 1919 1932 1927
f 1923 1933 1924
f 1890 1931 1899
f 1903 1896 1901
f 1887 1913 1888
f 1936 1937 1938
f 1939 1940 1941
f 1942 1943 1944
f 1945 1943 1946
f 1946 1947 1948
f 1949 1947 1940
f 1937 1950 1951
f 1952 1953 1954
f 1953 1955 1956
f 1957 1958 1954
f 1959 1960 1961
f 1956 1962 1963
f 1964 1965 1960
f 1966 1957 1965
f 1967 1961 1942
f 1936 1968 1941
f 1938 1937 1951
f 1968 1939 1941
f 1936 1938 1968
f 1951 1950 1969
f 1949 1940 1939
f 1949 1948 1947
f 1945 1944 1943
f 1967 1942 1944
f 1964 1960 1959
f 1959 1961 1967
f 1958 1957 1966
f 1955 1953 1952
f 1962 1956 1955
f 1952 1954 1958
f 1966 1965 1964
f 1948 1945 1946
f 1970 1971 1972
f 1973 1970 1974
f 1974 1975 1976
f 1977 1978 1979
f 1980 1981 1982
f 1978 1981 1979
f 1978 1977 1975
f 1975 1977 1983
f 1984 1972 1971
f 1971 1970 1985
f 1973 1985 1970
f 1973 1974 1986
f 1976 1975 1983
f 1974 1976 1986
f 1981 1980 1979
f 1982 1987 1980
f 1988 1989 1990
f 1991 1992 1993
f 1989 1992 1991
f 1994 1995 1996
f 1997 1998 1999
f 1996 2000 2001
f 1995 1994 1993
f 2000 1997 2001
f 1990 1989 1991
f 1990 1987 1988
f 1991 1993 1994
f 1998 2002 1999
f 1999 2001 1997
f 2001 1994 1996
f 2002 1998 2003
f 1988 1987 1982
f 2004 2005 2006
f 2007 2008 2009
f 2010 2011 2004
f 2012 2004 2011
f 2010 2004 2013
f 2011 2010 2014
f 2014 2015 2011
f 2016 2017 2018
f 2014 2010 2019
f 2017 2016 2020
f 2021 2022 2023
f 2021 2017 2022
f 2024 2009 2008
f 2013 2025 2019
f 2010 2013 2019
f 2026 2021 2027
f 2026 2017 2021
f 2013 2026 2025
f 2013 2017 2026
f 2013 2004 2017
f 2019 2028 2014
f 2029 2030 2014
f 2028 2031 2014
f 2028 2019 2032
f 2029 2033 2034
f 2035 2029 2031
f 2031 2029 2014
f 2029 2036 2033
f 2034 2030 2029
f 2032 2031 2028
f 2019 2025 2032
f 2037 2035 2031
f 2038 2032 2025
f 2031 2032 2007
f 2037 2039 2035
f 2040 2025 2026
f 2041 2042 2043
f 2043 2042 2044
f 2043 2039 2041
f 2035 2039 2043
f 2043 2029 2035
f 2045 2029 2043
f 2030 2015 2014
f 2046 2047 2027
f 2031 2007 2037
f 2042 2048 2044
f 2049 2027 2050
f 2051 2049 2050
f 2052 2053 2050
f 2027 2049 2026
f 2050 2027 2047
f 2023 2046 2027
f 2054 2055 2056
f 2057 2058 2059
f 2060 2059 2061
f 2059 2058 2061
f 2051 2053 2060
f 2053 2057 2059
f 2057 2053 2052
f 2053 2051 2050
f 2062 2040 2051
f 2049 2040 2026
f 2038 2008 2007
f 2063 2038 2040
f 2038 2007 2032
f 2049 2051 2040
f 2037 2007 2064
f 2009 2064 2007
f 2025 2040 2038
f 2065 2062 2060
f 2051 2060 2062
f 2066 2063 2065
f 2062 2065 2063
f 2063 2040 2062
f 2061 2065 2060
f 2008 2067 2024
f 2008 2066 2067
f 2063 2066 2008
f 2008 2038 2063
f 2053 2059 2060
f 2068 2037 2064
f 2069 2070 2071
f 2048 2042 2041
f 2064 2009 2068
f 2072 2073 2036
f 2021 2023 2027
f 2074 2073 2072
f 2072 2029 2045
f 2075 2076 2077
f 2006 2018 2004
f 2077 2074 2075
f 2020 2022 2017
f 2075 2074 2072
f 2078 2076 2079
f 2080 2081 2075
f 2079 2075 2081
f 2075 2082 2080
f 2072 2082 2075
f 2083 2084 2079
f 2078 2079 2084
f 2083 2085 2084
f 2079 2081 2083
f 2079 2076 2075
f 2084 2086 2078
f 2087 2082 2072
f 2054 2086 2088
f 2088 2084 2089
f 2090 2086 2054
f 2054 2088 2091
f 2069 2071 2090
f 2056 2069 2054
f 2092 2071 2070
f 2005 2004 2012
f 2054 2069 2090
f 2004 2018 2017
f 2069 2093 2070
f 2089 2084 2085
f 2069 2056 2093
f 2055 2054 2091
f 2091 2088 2089
f 2086 2084 2088
f 2045 2043 2044
f 2087 2072 2045
f 2036 2029 2072
f 2050 2047 2052
f 2094 2095 2096
f 2097 2098 2094
f 2099 2097 2100
f 2101 2102 2103
f 2104 2105 2101
f 2106 2102 2096
f 2107 2105 2108
f 2099 2098 2097
f 2098 2095 2094
f 2100 2109 2099
f 2103 2102 2106
f 2104 2101 2103
f 2104 2108 2105
f 2096 2095 2110
f 2096 2110 2106
f 2108 2111 2107
f 2112 2113 2114
f 2115 2116 2117
f 2112 2115 2113
f 2118 2119 2120
f 2121 2122 2119
f 2116 2123 2117
f 2124 2118 2125
f 2111 2112 2114
f 2123 2126 2127
f 2116 2115 2112
f 2123 2116 2126
f 2122 2121 2126
f 2122 2120 2119
f 2118 2120 2125
f 2121 2127 2126
f 2107 2111 2114
f 2128 2129 2130
f 2131 2130 2132
f 2128 2133 2134
f 2135 2136 2137
f 2138 2139 2140
f 2136 2139 2141
f 2133 2142 2134
f 2128 2134 2129
f 2129 2132 2130
f 2143 2144 2142
f 2143 2135 2144
f 2137 2144 2135
f 2136 2141 2137
f 2139 2138 2141
f 2142 2133 2143
f 2140 2145 2138
f 2146 2147 2148
f 2149 2150 2151
f 2152 2148 2150
f 2153 2154 2155
f 2156 2153 2157
f 2158 2151 2159
f 2152 2150 2149
f 2146 2148 2152
f 2145 2147 2146
f 2160 2161 2162
f 2155 2154 2161
f 2158 2159 2161
f 2153 2156 2154
f 2158 2149 2151
f 2162 2161 2159
f 2147 2145 2140
f 2163 2164 2165
f 2163 2165 2166
f 2167 2168 2164
f 2165 2164 2168
f 2169 2168 2167
f 2170 2171 2163
f 2172 2173 2174
f 2175 2172 2176
f 2176 2172 2174
f 2170 2163 2166
f 2173 2177 2174
f 2170 2177 2171
f 2177 2173 2171
f 2178 2169 2179
f 2167 2179 2169
f 2180 2178 2179
f 2180 2181 2182
f 2183 2181 2184
f 2178 2180 2185
f 2181 2186 2182
f 2180 2182 2185
f 2184 2187 2183
f 2184 2188 2189
f 2184 2189 2187
f 2181 2183 2186
f 2190 2188 2184
f 2175 2191 2192
f 2176 2191 2175
f 2193 2175 2192
f 2193 2192 2194
f 2194 2195 2196
f 2196 2193 2194
f 2197 2198 2195
f 2199 2198 2197
f 2200 2199 2197
f 2201 2202 2203
f 2199 2200 2203
f 2199 2203 2202
f 2196 2195 2198
f 2204 2205 2206
f 2190 2207 2208
f 2209 2210 2211
f 2190 2211 2207
f 2210 2209 2206
f 2212 2213 2214
f 2201 2214 2213
f 2215 2212 2214
f 2206 2209 2204
f 2212 2215 2204
f 2209 2211 2190
f 2204 2215 2205
f 2213 2202 2201
f 2188 2190 2208
f 2216 2217 2218
f 2218 2219 2220
f 2219 2221 2220
f 2222 2223 2224
f 2223 2225 2226
f 2221 2227 2228
f 2226 2225 2227
f 2220 2221 2229
f 2216 2230 2217
f 2220 2216 2218
f 2231 2222 2224
f 2227 2225 2228
f 2225 2223 2232
f 2222 2232 2223
f 2221 2228 2229
f 2224 2233 2231
f 2234 2235 2236
f 2234 2233 2235
f 2237 2238 2239
f 2239 2240 2241
f 2237 2242 2243
f 2244 2241 2245
f 2236 2246 2234
f 2246 2236 2247
f 2248 2246 2247
f 2247 2245 2248
f 2247 2244 2245
f 2241 2240 2245
f 2239 2249 2240
f 2238 2249 2239
f 2237 2243 2238
f 2233 2234 2231
f 2250 2251 2252
f 2253 2250 2254
f 2255 2256 2252
f 2257 2258 2259
f 2259 2260 2261
f 2262 2258 2263
f 2264 2260 2256
f 2255 2252 2251
f 2250 2253 2251
f 2264 2256 2255
f 2263 2258 2257
f 2260 2265 2261
f 2263 2266 2262
f 2260 2264 2265
f 2259 2261 2257
f 2266 2267 2262
f 2268 2267 2269
f 2270 2271 2268
f 2271 2272 2273
f 2274 2275 2276
f 2277 2278 2279
f 2280 2281 2276
f 2272 2279 2273
f 2282 2271 2270
f 2271 2282 2272
f 2268 2269 2270
f 2283 2275 2284
f 2275 2274 2284
f 2278 2277 2283
f 2275 2280 2276
f 2279 2272 2277
f 2278 2283 2284
f 2266 2269 2267
f 2285 2286 2287
f 2288 2287 2286
f 2285 2289 2286
f 2290 2288 2286
f 2291 2292 2293
f 2294 2292 2291
f 2295 2296 2297
f 2298 2299 2296
f 2297 2300 2295
f 2301 2293 2302
f 2303 2301 2304
f 2305 2303 2306
f 2307 2308 2309
f 2310 2311 2307
f 2308 2305 2306
f 2312 2313 2311
f 2299 2314 2294
f 2298 2315 2299
f 2296 2295 2298
f 2299 2315 2314
f 2316 2293 2292
f 2300 2317 2295
f 2316 2302 2293
f 2301 2302 2304
f 2304 2306 2303
f 2312 2311 2318
f 2308 2306 2309
f 2318 2311 2310
f 2307 2309 2310
f 2294 2314 2292
f 2319 2320 2321
f 2322 2323 2321
f 2324 2325 2320
f 2325 2326 2327
f 2328 2320 2327
f 2327 2320 2325
f 2319 2321 2323
f 2329 2330 2331
f 2332 2333 2331
f 2334 2319 2331
f 2335 2329 2331
f 2336 2329 2335
f 2335 2331 2319
f 2319 2334 2320
f 2331 2337 2334
f 2338 2325 2324
f 2339 2340 2324
f 2324 2320 2334
f 2339 2324 2334
f 2341 2342 2343
f 2343 2334 2341
f 2338 2344 2325
f 2345 2341 2346
f 2347 2348 2346
f 2346 2341 2347
f 2349 2347 2350
f 2347 2341 2334
f 2350 2347 2334
f 2350 2334 2351
f 2350 2352 2353
f 2337 2331 2333
f 2354 2337 2333
f 2337 2351 2334
f 2355 2356 2337
f 2357 2358 2359
f 2357 2359 2356
f 2355 2357 2356
f 2360 2359 2361
f 2360 2362 2356
f 2363 2337 2356
f 2364 2337 2363
f 2365 2366 2363
f 2366 2364 2363
f 2363 2367 2365
f 2356 2359 2360
f 2366 2368 2369
f 2370 2351 2371
f 2371 2372 2373
f 2364 2371 2351
f 2352 2374 2353
f 2375 2352 2351
f 2376 2375 2351
f 2352 2350 2351
f 2371 2364 2372
f 2369 2377 2364
f 2372 2378 2373
f 2373 2378 2379
f 2380 2381 2378
f 2372 2380 2378
f 2337 2364 2351
f 2366 2369 2364
f 2333 2382 2354
f 2383 2384 2385
f 2386 2383 2385
f 2383 2386 2387
f 2384 2388 2385
f 2389 2390 2391
f 2391 2388 2389
f 2390 2392 2391
f 2389 2388 2384
f 2393 2394 2395
f 2393 2396 2397
f 2398 2394 2399
f 2400 2399 2387
f 2398 2395 2394
f 2400 2398 2399
f 2387 2386 2400
f 2395 2396 2393
f 2401 2402 2403
f 2404 2403 2402
f 2402 2405 2404
f 2401 2403 2406
f 2405 2407 2408
f 2409 2408 2407
f 2407 2410 2409
f 2405 2408 2404
f 2411 2412 2413
f 2392 2390 2411
f 2412 2414 2413
f 2411 2390 2412
f 2415 2406 2416
f 2406 2415 2401
f 2413 2414 2416
f 2416 2414 2415
f 2417 2418 2419
f 2396 2418 2397
f 2420 2421 2417
f 2419 2418 2396
f 2419 2420 2417
f 2421 2422 2423
f 2420 2422 2421
f 2423 2422 2424
f 2424 2425 2423
f 2425 2424 2426
f 2427 2425 2426
f 2426 2428 2427
f 2428 2429 2430
f 2431 2430 2429
f 2429 2432 2431
f 2428 2430 2427
f 2433 2434 2431
f 2435 2436 2434
f 2434 2433 2435
f 2433 2431 2432
f 2437 2438 2436
f 2438 2439 2440
f 2439 2438 2437
f 2437 2436 2435
f 2441 2442 2443
f 2443 2440 2441
f 2442 2444 2443
f 2441 2440 2439
f 2445 2446 2447
f 2447 2444 2445
f 2446 2448 2447
f 2445 2444 2442
f 2449 2450 2409
f 2450 2451 2452
f 2451 2450 2449
f 2453 2454 2455
f 2455 2452 2453
f 2454 2456 2455
f 2453 2452 2451
f 2456 2457 2458
f 2457 2456 2454
f 2459 2460 2458
f 2458 2457 2459
f 2461 2462 2460
f 2463 2464 2462
f 2462 2461 2463
f 2461 2460 2459
f 2463 2465 2466
f 2467 2466 2465
f 2465 2468 2467
f 2463 2466 2464
f 2468 2469 2470
f 2471 2469 2472
f 2469 2471 2470
f 2468 2470 2467
f 2471 2472 2473
f 2474 2475 2476
f 2473 2477 2475
f 2476 2478 2474
f 2478 2479 2474
f 2475 2477 2476
f 2472 2477 2473
f 2480 2479 2478
f 2481 2482 2483
f 2484 2481 2485
f 2481 2484 2482
f 2482 2486 2483
f 2487 2488 2489
f 2483 2486 2487
f 2488 2490 2489
f 2487 2486 2488
f 2491 2492 2493
f 2492 2491 2494
f 2448 2446 2493
f 2491 2493 2446
f 2494 2495 2496
f 2485 2496 2495
f 2495 2484 2485
f 2494 2496 2492
f 2497 2498 2499
f 2500 2501 2502
f 2497 2503 2502
f 2504 2499 2498
f 2504 2479 2480
f 2503 2497 2499
f 2498 2479 2504
f 2500 2502 2503
f 2505 2506 2507
f 2507 2489 2505
f 2506 2508 2507
f 2505 2489 2490
f 2501 2509 2510
f 2509 2501 2500
f 2509 2508 2510
f 2510 2508 2506
f 2409 2410 2449
f 2511 2512 2513
f 2513 2514 2511
f 2515 2516 2517
f 2517 2518 2515
f 2519 2520 2521
f 2521 2522 2519
f 2519 2523 2524
f 2522 2523 2519
f 2521 2525 2526
f 2527 2522 2521
f 2528 2523 2522
f 2523 2529 2530
f 2523 2528 2529
f 2521 2526 2527
f 2531 2532 2533
f 2533 2534 2531
f 2535 2536 2533
f 2533 2536 2534
f 2537 2538 2531
f 2531 2534 2539
f 2534 2536 2540
f 2541 2542 2536
f 2542 2540 2536
f 2539 2537 2531
f 2543 2544 2545
f 2546 2545 2547
f 2546 2543 2545
f 2547 2548 2546
f 2543 2549 2544
f 2549 2550 2544
f 2551 2552 2553
f 2554 2555 2556
f 2551 2557 2558
f 2559 2558 2555
f 2560 2550 2549
f 2555 2554 2559
f 2558 2559 2551
f 2554 2556 2560
f 2551 2553 2557
f 2556 2550 2560
f 2561 2562 2563
f 2562 2564 2563
f 2565 2562 2561
f 2565 2561 2566
f 2565 2567 2568
f 2565 2568 2569
f 2565 2570 2567
f 2571 2563 2572
f 2571 2573 2561
f 2563 2571 2561
f 2574 2561 2575
f 2574 2576 2577
f 2577 2578 2574
f 2578 2561 2574
f 2579 2580 2567
f 2570 2581 2579
f 2582 2570 2565
f 2583 2570 2584
f 2585 2570 2582
f 2582 2586 2585
f 2584 2570 2585
f 2586 2582 2587
f 2578 2588 2566
f 2578 2566 2561
f 2578 2577 2589
f 2582 2590 2591
f 2582 2566 2592
f 2565 2566 2582
f 2587 2582 2591
f 2579 2567 2570
f 2593 2594 2595
f 2596 2597 2593
f 2598 2593 2597
f 2596 2593 2595
f 2599 2600 2601
f 2599 2602 2595
f 2595 2594 2599
f 2599 2601 2602
f 2603 2604 2605
f 2606 2607 2603
f 2607 2606 2608
f 2606 2609 2608
f 2605 2598 2597
f 2603 2610 2606
f 2610 2603 2605
f 2604 2598 2605
f 2611 2601 2612
f 2600 2612 2601
f 2612 2613 2611
f 2614 2613 2612
f 2615 2613 2614
f 2616 2617 2618
f 2615 2618 2617
f 2615 2617 2613
f 2619 2620 2616
f 2621 2622 2623
f 2624 2623 2620
f 2624 2620 2619
f 2621 2623 2624
f 2621 2625 2622
f 2618 2619 2616
f 2625 2626 2622
f 2627 2608 2628
f 2629 2630 2627
f 2630 2631 2632
f 2627 2628 2629
f 2632 2631 2633
f 2631 2630 2629
f 2633 2634 2632
f 2635 2634 2636
f 2633 2636 2634
f 2637 2635 2636
f 2638 2635 2637
f 2639 2638 2637
f 2640 2641 2642
f 2639 2642 2641
f 2639 2641 2638
f 2643 2644 2645
f 2646 2647 2648
f 2648 2647 2644
f 2625 2649 2626
f 2649 2645 2626
f 2643 2645 2649
f 2643 2648 2644
f 2646 2650 2647
f 2651 2652 2653
f 2652 2651 2640
f 2654 2651 2653
f 2655 2650 2656
f 2646 2656 2650
f 2655 2656 2654
f 2654 2653 2655
f 2652 2640 2642
f 2608 2609 2628
f 2657 2658 2659
f 2657 2660 2658
f 2661 2662 2657
f 2659 2663 2661
f 2659 2661 2657
f 2661 2664 2662
f 2661 2665 2666
f 2667 2659 2668
f 2668 2669 2670
f 2658 2671 2659
f 2672 2673 2674
f 2673 2675 2674
f 2670 2672 2674
f 2670 2667 2668
f 2676 2677 2666
f 2678 2679 2676
f 2665 2678 2676
f 2680 2678 2665
f 2659 2667 2663
f 2681 2682 2663
f 2663 2665 2661
f 2682 2681 2683
f 2667 2684 2685
f 2686 2667 2685
f 2667 2670 2674
f 2686 2687 2681
f 2687 2686 2688
f 2663 2667 2686
f 2663 2686 2681
f 2666 2665 2676
f 2689 2690 2691
f 2690 2689 2692
f 2692 2693 2690
f 2694 2689 2691
f 2695 2694 2696
f 2694 2695 2697
f 2697 2689 2694
f 2698 2695 2696
f 2699 2700 2701
f 2699 2702 2703
f 2704 2703 2702
f 2702 2699 2705
f 2692 2706 2693
f 2701 2693 2706
f 2700 2693 2701
f 2701 2705 2699
f 2707 2698 2708
f 2698 2707 2709
f 2709 2695 2698
f 2710 2707 2708
f 2711 2710 2712
f 2713 2714 2712
f 2711 2712 2714
f 2711 2707 2710
f 2713 2715 2716
f 2717 2718 2719
f 2715 2719 2716
f 2717 2719 2715
f 2720 2721 2722
f 2718 2717 2722
f 2718 2722 2721
f 2714 2713 2716
f 2723 2704 2724
f 2703 2704 2723
f 2725 2723 2724
f 2726 2725 2727
f 2725 2724 2727
f 2728 2729 2730
f 2728 2726 2727
f 2730 2726 2728
f 2730 2729 2731
f 2732 2731 2729
f 2732 2733 2731
f 2734 2733 2732
f 2735 2734 2736
f 2736 2737 2735
f 2735 2733 2734
f 2738 2737 2736
f 2739 2740 2741
f 2739 2742 2743
f 2744 2743 2742
f 2742 2739 2741
f 2745 2746 2720
f 2721 2720 2746
f 2740 2746 2745
f 2745 2741 2740
f 2747 2738 2748
f 2748 2749 2747
f 2747 2737 2738
f 2750 2749 2748
f 2751 2750 2752
f 2752 2744 2751
f 2751 2749 2750
f 2743 2744 2752
f 2753 2754 2755
f 2756 2757 2758
f 2758 2757 2755
f 2759 2754 2753
f 2753 2755 2760
f 2761 2753 2760
f 2756 2762 2757
f 2757 2760 2755
f 2763 2759 2753
f 2764 2765 2766
f 2767 2766 2765
f 2768 2769 2770
f 2771 2770 2772
f 2768 2773 2769
f 2770 2771 2768
f 2774 2775 2773
f 2775 2769 2773
f 2776 2777 2778
f 2779 2780 2781
f 2782 2776 2783
f 2784 2783 2780
f 2781 2774 2779
f 2783 2784 2785
f 2783 2785 2782
f 2784 2780 2779
f 2782 2777 2776
f 2775 2774 2781
f 2786 2787 2788
f 2789 2788 2787
f 2790 2791 2792
f 2793 2794 2790
f 2795 2793 2796
f 2791 2790 2794
f 2791 2797 2798
f 2791 2794 2797
f 2795 2799 2793
f 2799 2794 2793
f 2791 2798 2800
f 2801 2802 2803
f 2804 2803 2802
f 2805 2806 2807
f 2808 2809 2810
f 2811 2810 2806
f 2811 2806 2805
f 2808 2812 2809
f 2810 2811 2808
f 2813 2814 2812
f 2814 2809 2812
f 2815 2816 2817
f 2818 2819 2820
f 2821 2820 2816
f 2815 2817 2813
f 2822 2821 2816
f 2818 2820 2821
f 2815 2822 2816
f 2814 2813 2817
f 2805 2807 2823
f 2824 2823 2807
