v 0.0720192676419229 -0.00039206858351407275 0.03300000156741589
v 0.07207686194397489 -0.0007803613318115715 0.030300000676233285
v 0.0720192676419229 -0.00039206858351407275 0.030300000676233285
v 0.0720000034198165 -5.692495356796901e-16 0.030300000676233285
v 0.07217224463893501 -0.0011611387089063147 0.03300000156741589
v 0.07230448494062625 -0.0015307337772729052 0.030300000676233285
v 0.07217224463893501 -0.0011611387089063147 0.030300000676233285
v 0.07247231636949625 -0.0018855870665655805 0.03300000156741589
v 0.07267412149382757 -0.0022222810847091767 0.030300000676233285
v 0.07247231636949625 -0.0018855870665655805 0.030300000676233285
v 0.07230448494062625 -0.0015307337772729052 0.03300000156741589
v 0.07207686194397489 -0.0007803613318115715 0.03300000156741589
v 0.07290796244731723 -0.0025375732196646072 0.03300000156741589
v 0.07317157329968182 -0.002828427210682799 0.030300000676233285
v 0.07290796244731723 -0.0025375732196646072 0.030300000676233285
v 0.07346242872121156 -0.003092041877744839 0.03300000156741589
v 0.07377772109458558 -0.0033258785396998725 0.030300000676233285
v 0.07346242872121156 -0.003092041877744839 0.030300000676233285
v 0.07317157329968182 -0.002828427210682799 0.03300000156741589
v 0.07411441392063622 -0.003527685332961328 0.03300000156741589
v 0.0744692723359286 -0.0036955181923428726 0.030300000676233285
v 0.07411441392063622 -0.003527685332961328 0.030300000676233285
v 0.07483886311276056 -0.0038277615934757814 0.03300000156741589
v 0.07521963858250658 -0.003923141188994228 0.030300000676233285
v 0.07483886311276056 -0.0038277615934757814 0.030300000676233285
v 0.0744692723359286 -0.0036955181923428726 0.03300000156741589
v 0.07377772109458558 -0.0033258785396998725 0.03300000156741589
v 0.07267412149382757 -0.0022222810847091767 0.03300000156741589
v 0.0720000034198165 -5.692495356796901e-16 0.03300000156741589
v 0.07560793663561771 -0.003980739067325073 0.03300000156741589
v 0.07560793663561771 -0.003980739067325073 0.030300000676233285
v 0.07521963858250658 -0.003923141188994228 0.03300000156741589
v 0.0799807395776897 -0.00039206858351407275 0.03300000156741589
v 0.0800000037997961 -5.725152069884361e-16 0.03300000156741589
v 0.0800000037997961 -5.725152069884361e-16 0.030300000676233285
v 0.0760000036098063 -0.004000000189989805 0.03300000156741589
v 0.07639207058399489 -0.003980739067325073 0.030300000676233285
v 0.0760000036098063 -0.004000000189989805 0.030300000676233285
v 0.07678036863710602 -0.003923141188994228 0.03300000156741589
v 0.07716114410685204 -0.0038277615934757814 0.030300000676233285
v 0.07678036863710602 -0.003923141188994228 0.030300000676233285
v 0.07639207058399489 -0.003980739067325073 0.03300000156741589
v 0.077530734883684 -0.0036955181923428726 0.03300000156741589
v 0.07788559329897637 -0.003527685332961328 0.030300000676233285
v 0.077530734883684 -0.0036955181923428726 0.030300000676233285
v 0.07822228612502702 -0.0033258785396998725 0.03300000156741589
v 0.07853757849840104 -0.003092041877744839 0.030300000676233285
v 0.07822228612502702 -0.0033258785396998725 0.030300000676233285
v 0.07788559329897637 -0.003527685332961328 0.03300000156741589
v 0.07716114410685204 -0.0038277615934757814 0.03300000156741589
v 0.07882843391993077 -0.002828427210682799 0.03300000156741589
v 0.07909204477229537 -0.0025375732196646072 0.030300000676233285
v 0.07882843391993077 -0.002828427210682799 0.030300000676233285
v 0.07932588572578503 -0.0022222810847091767 0.03300000156741589
v 0.07952769085011635 -0.0018855870665655805 0.030300000676233285
v 0.07932588572578503 -0.0022222810847091767 0.030300000676233285
v 0.07909204477229537 -0.0025375732196646072 0.03300000156741589
v 0.07969552227898635 -0.0015307337772729052 0.03300000156741589
v 0.07982776258067759 -0.0011611387089063147 0.030300000676233285
v 0.07969552227898635 -0.0015307337772729052 0.030300000676233285
v 0.07992314527563771 -0.0007803613318115715 0.03300000156741589
v 0.0799807395776897 -0.00039206858351407275 0.030300000676233285
v 0.07992314527563771 -0.0007803613318115715 0.030300000676233285
v 0.07982776258067759 -0.0011611387089063147 0.03300000156741589
v 0.07952769085011635 -0.0018855870665655805 0.03300000156741589
v 0.07853757849840104 -0.003092041877744839 0.03300000156741589
v 0.07932588572578503 -0.0022222810847091767 0.030300000676233285
v 0.08033012771684334 -0.0025000001187436283 0.030300000676233285
v 0.08015735244008226 -0.0027778512366771757 0.030300000676233285
v 0.07952769085011635 -0.0018855870665655805 0.030300000676233285
v 0.08048437119340779 -0.00221144352926278 0.030300000676233285
v 0.07969552227898635 -0.0015307337772729052 0.030300000676233285
v 0.08061940385363009 -0.0019134173109981029 0.030300000676233285
v 0.07996677015563947 -0.0030438071742971973 0.030300000676233285
v 0.07882843391993077 -0.002828427210682799 0.030300000676233285
v 0.07975920483816346 -0.003296729244415819 0.030300000676233285
v 0.07953554149746189 -0.0035355340729581464 0.030300000676233285
v 0.07909204477229537 -0.0025375732196646072 0.030300000676233285
v 0.07929673380789648 -0.003759199321008433 0.030300000676233285
v 0.07992314527563771 -0.0007803613318115715 0.030300000676233285
v 0.08090392687739811 -0.0009754516349621406 0.030300000676233285
v 0.08082963182992398 -0.0012940953392524823 0.030300000676233285
v 0.08095722583012499 -0.000652631015781481 0.030300000676233285
v 0.0809892998062578 -0.0003270156538838498 0.030300000676233285
v 0.0799807395776897 -0.00039206858351407275 0.030300000676233285
v 0.07982776258067759 -0.0011611387089063147 0.030300000676233285
v 0.08073465349289322 -0.001607197361036261 0.030300000676233285
v 0.0800000037997961 -5.725152069884361e-16 0.030300000676233285
v 0.08100000384729356 -5.530375682447045e-16 0.030300000676233285
v 0.07791341770215343 -0.004619397859637886 0.030300000676233285
v 0.077530734883684 -0.0036955181923428726 0.030300000676233285
v 0.07821144475488317 -0.004484363768904043 0.030300000676233285
v 0.07788559329897637 -0.003527685332961328 0.030300000676233285
v 0.07850000372854993 -0.004330127444897303 0.030300000676233285
v 0.07822228612502702 -0.0033258785396998725 0.030300000676233285
v 0.07877785866118092 -0.004157348353438783 0.030300000676233285
v 0.07760720430870283 -0.004734650836761278 0.030300000676233285
v 0.07639207058399489 -0.003980739067325073 0.030300000676233285
v 0.07665263730779692 -0.004957224604504595 0.030300000676233285
v 0.07632702236313182 -0.004989294765939956 0.030300000676233285
v 0.07678036863710602 -0.003923141188994228 0.030300000676233285
v 0.07697545226453606 -0.00490392660545208 0.030300000676233285
v 0.07729410157166328 -0.004829629173792038 0.030300000676233285
v 0.07716114410685204 -0.0038277615934757814 0.030300000676233285
v 0.0760000036098063 -0.004000000189989805 0.030300000676233285
v 0.07904381173777786 -0.003966766784251757 0.030300000676233285
v 0.07853757849840104 -0.003092041877744839 0.030300000676233285
v 0.08095722583012499 0.000652631015781481 0.030300000676233285
v 0.0809892998062578 0.0003270156538838498 0.030300000676233285
v 0.0799807395776897 0.00039206858351407275 0.030300000676233285
v 0.08090392687739811 0.0009754516349621406 0.030300000676233285
v 0.07992314527563771 0.0007803613318115715 0.030300000676233285
v 0.08082963182992398 0.0012940953392524823 0.030300000676233285
v 0.07982776258067759 0.0011611387089063147 0.030300000676233285
v 0.08073465349289322 0.001607197361036261 0.030300000676233285
v 0.07969552227898635 0.0015307337772729052 0.030300000676233285
v 0.08061940385363009 0.0019134173109981029 0.030300000676233285
v 0.08048437119340779 0.00221144352926278 0.030300000676233285
v 0.07952769085011635 0.0018855870665655805 0.030300000676233285
v 0.08033012771684334 0.0025000001187436283 0.030300000676233285
v 0.07932588572578503 0.0022222810847091767 0.030300000676233285
v 0.08015735244008226 0.0027778512366771757 0.030300000676233285
v 0.07996677015563947 0.0030438071742971973 0.030300000676233285
v 0.07909204477229537 0.0025375732196646072 0.030300000676233285
v 0.07975920483816346 0.003296729244415819 0.030300000676233285
v 0.07882843391993077 0.002828427210682799 0.030300000676233285
v 0.07953554149746189 0.0035355340729581464 0.030300000676233285
v 0.07929673380789648 0.003759199321008433 0.030300000676233285
v 0.07853757849840104 0.003092041877744839 0.030300000676233285
v 0.07904381173777786 0.003966766784251757 0.030300000676233285
v 0.07822228612502702 0.0033258785396998725 0.030300000676233285
v 0.07877785866118092 0.004157348353438783 0.030300000676233285
v 0.07850000372854993 0.004330127444897303 0.030300000676233285
v 0.07788559329897637 0.003527685332961328 0.030300000676233285
v 0.07729410157166328 0.004829629173792038 0.030300000676233285
v 0.07716114410685204 0.0038277615934757814 0.030300000676233285
v 0.07678036863710602 0.003923141188994228 0.030300000676233285
v 0.07760720430870283 0.004734650836761278 0.030300000676233285
v 0.077530734883684 0.0036955181923428726 0.030300000676233285
v 0.07821144475488317 0.004484363768904043 0.030300000676233285
v 0.07665263730779692 0.004957224604504595 0.030300000676233285
v 0.07639207058399489 0.003980739067325073 0.030300000676233285
v 0.07791341770215343 0.004619397859637886 0.030300000676233285
v 0.07697545226453606 0.00490392660545208 0.030300000676233285
v 0.07632702236313182 0.004989294765939956 0.030300000676233285
v 0.0760000036098063 0.004000000189989805 0.030300000676233285
v 0.0760000036098063 0.0050000002374872565 0.030300000676233285
v 0.0760000036098063 -0.0050000002374872565 0.030300000676233285
v 0.07567298485648077 -0.004989294765939956 0.030300000676233285
v 0.07560793663561771 -0.003980739067325073 0.030300000676233285
v 0.07502455495507654 -0.00490392660545208 0.030300000676233285
v 0.07521963858250658 -0.003923141188994228 0.030300000676233285
v 0.07534736991181568 -0.004957224604504595 0.030300000676233285
v 0.07470590564794932 -0.004829629173792038 0.030300000676233285
v 0.0744692723359286 -0.0036955181923428726 0.030300000676233285
v 0.07439280291090977 -0.004734650836761278 0.030300000676233285
v 0.07408658951745917 -0.004619397859637886 0.030300000676233285
v 0.07411441392063622 -0.003527685332961328 0.030300000676233285
v 0.07378856246472942 -0.004484363768904043 0.030300000676233285
v 0.07350000349106267 -0.004330127444897303 0.030300000676233285
v 0.07483886311276056 -0.0038277615934757814 0.030300000676233285
v 0.07377772109458558 -0.0033258785396998725 0.030300000676233285
v 0.07322214855843168 -0.004157348353438783 0.030300000676233285
v 0.07295619548183474 -0.003966766784251757 0.030300000676233285
v 0.07346242872121156 -0.003092041877744839 0.030300000676233285
v 0.07270327341171612 -0.003759199321008433 0.030300000676233285
v 0.07317157329968182 -0.002828427210682799 0.030300000676233285
v 0.07224080238144914 -0.003296729244415819 0.030300000676233285
v 0.07290796244731723 -0.0025375732196646072 0.030300000676233285
v 0.0724644657221507 -0.0035355340729581464 0.030300000676233285
v 0.07247231636949625 -0.0018855870665655805 0.030300000676233285
v 0.07267412149382757 -0.0022222810847091767 0.030300000676233285
v 0.07166987950276926 -0.0025000001187436283 0.030300000676233285
v 0.07203323706397313 -0.0030438071742971973 0.030300000676233285
v 0.07184265477953033 -0.0027778512366771757 0.030300000676233285
v 0.07151563602620481 -0.00221144352926278 0.030300000676233285
v 0.07230448494062625 -0.0015307337772729052 0.030300000676233285
v 0.07138060336598251 -0.0019134173109981029 0.030300000676233285
v 0.07217224463893501 -0.0011611387089063147 0.030300000676233285
v 0.07126535372671938 -0.001607197361036261 0.030300000676233285
v 0.0720192676419229 -0.00039206858351407275 0.030300000676233285
v 0.07207686194397489 -0.0007803613318115715 0.030300000676233285
v 0.07104278138948761 -0.000652631015781481 0.030300000676233285
v 0.0720000034198165 -5.692495356796901e-16 0.030300000676233285
v 0.0710107074133548 -0.0003270156538838498 0.030300000676233285
v 0.07117037538968862 -0.0012940953392524823 0.030300000676233285
v 0.07109608034221448 -0.0009754516349621406 0.030300000676233285
v 0.07100000337231904 -5.462617922358156e-16 0.030300000676233285
v 0.07378856246472942 0.004484363768904043 0.030300000676233285
v 0.0744692723359286 0.0036955181923428726 0.030300000676233285
v 0.07411441392063622 0.003527685332961328 0.030300000676233285
v 0.07470590564794932 0.004829629173792038 0.030300000676233285
v 0.07521963858250658 0.003923141188994228 0.030300000676233285
v 0.07483886311276056 0.0038277615934757814 0.030300000676233285
v 0.07534736991181568 0.004957224604504595 0.030300000676233285
v 0.07560793663561771 0.003980739067325073 0.030300000676233285
v 0.07439280291090977 0.004734650836761278 0.030300000676233285
v 0.07270327341171612 0.003759199321008433 0.030300000676233285
v 0.07346242872121156 0.003092041877744839 0.030300000676233285
v 0.07317157329968182 0.002828427210682799 0.030300000676233285
v 0.07377772109458558 0.0033258785396998725 0.030300000676233285
v 0.07295619548183474 0.003966766784251757 0.030300000676233285
v 0.07350000349106267 0.004330127444897303 0.030300000676233285
v 0.07290796244731723 0.0025375732196646072 0.030300000676233285
v 0.07224080238144914 0.003296729244415819 0.030300000676233285
v 0.07322214855843168 0.004157348353438783 0.030300000676233285
v 0.07502455495507654 0.00490392660545208 0.030300000676233285
v 0.07567298485648077 0.004989294765939956 0.030300000676233285
v 0.07408658951745917 0.004619397859637886 0.030300000676233285
v 0.07117037538968862 0.0012940953392524823 0.030300000676233285
v 0.07217224463893501 0.0011611387089063147 0.030300000676233285
v 0.07207686194397489 0.0007803613318115715 0.030300000676233285
v 0.07230448494062625 0.0015307337772729052 0.030300000676233285
v 0.07126535372671938 0.001607197361036261 0.030300000676233285
v 0.07138060336598251 0.0019134173109981029 0.030300000676233285
v 0.0720192676419229 0.00039206858351407275 0.030300000676233285
v 0.07104278138948761 0.000652631015781481 0.030300000676233285
v 0.0710107074133548 0.0003270156538838498 0.030300000676233285
v 0.07109608034221448 0.0009754516349621406 0.030300000676233285
v 0.07203323706397313 0.0030438071742971973 0.030300000676233285
v 0.0724644657221507 0.0035355340729581464 0.030300000676233285
v 0.07267412149382757 0.0022222810847091767 0.030300000676233285
v 0.07247231636949625 0.0018855870665655805 0.030300000676233285
v 0.07166987950276926 0.0025000001187436283 0.030300000676233285
v 0.07151563602620481 0.00221144352926278 0.030300000676233285
v 0.07184265477953033 0.0027778512366771757 0.030300000676233285
v 0.08015735244008226 -0.0027778512366771757 0.03300000156741589
v 0.08033012771684334 -0.0025000001187436283 0.03300000156741589
v 0.07932588572578503 -0.0022222810847091767 0.03300000156741589
v 0.08048437119340779 -0.00221144352926278 0.03300000156741589
v 0.07952769085011635 -0.0018855870665655805 0.03300000156741589
v 0.08061940385363009 -0.0019134173109981029 0.03300000156741589
v 0.07969552227898635 -0.0015307337772729052 0.03300000156741589
v 0.07996677015563947 -0.0030438071742971973 0.03300000156741589
v 0.07953554149746189 -0.0035355340729581464 0.03300000156741589
v 0.07975920483816346 -0.003296729244415819 0.03300000156741589
v 0.07882843391993077 -0.002828427210682799 0.03300000156741589
v 0.07909204477229537 -0.0025375732196646072 0.03300000156741589
v 0.07929673380789648 -0.003759199321008433 0.03300000156741589
v 0.08082963182992398 -0.0012940953392524823 0.03300000156741589
v 0.08090392687739811 -0.0009754516349621406 0.03300000156741589
v 0.07992314527563771 -0.0007803613318115715 0.03300000156741589
v 0.08095722583012499 -0.000652631015781481 0.03300000156741589
v 0.0799807395776897 -0.00039206858351407275 0.03300000156741589
v 0.0809892998062578 -0.0003270156538838498 0.03300000156741589
v 0.08073465349289322 -0.001607197361036261 0.03300000156741589
v 0.07982776258067759 -0.0011611387089063147 0.03300000156741589
v 0.0800000037997961 -5.725152069884361e-16 0.03300000156741589
v 0.07821144475488317 -0.004484363768904043 0.03300000156741589
v 0.077530734883684 -0.0036955181923428726 0.03300000156741589
v 0.07791341770215343 -0.004619397859637886 0.03300000156741589
v 0.07850000372854993 -0.004330127444897303 0.03300000156741589
v 0.07788559329897637 -0.003527685332961328 0.03300000156741589
v 0.07877785866118092 -0.004157348353438783 0.03300000156741589
v 0.07822228612502702 -0.0033258785396998725 0.03300000156741589
v 0.07760720430870283 -0.004734650836761278 0.03300000156741589
v 0.07639207058399489 -0.003980739067325073 0.03300000156741589
v 0.07632702236313182 -0.004989294765939956 0.03300000156741589
v 0.07665263730779692 -0.004957224604504595 0.03300000156741589
v 0.07697545226453606 -0.00490392660545208 0.03300000156741589
v 0.07678036863710602 -0.003923141188994228 0.03300000156741589
v 0.07729410157166328 -0.004829629173792038 0.03300000156741589
v 0.07716114410685204 -0.0038277615934757814 0.03300000156741589
v 0.0760000036098063 -0.0050000002374872565 0.03300000156741589
v 0.0760000036098063 -0.004000000189989805 0.03300000156741589
v 0.07904381173777786 -0.003966766784251757 0.03300000156741589
v 0.07853757849840104 -0.003092041877744839 0.03300000156741589
v 0.07567298485648077 -0.004989294765939956 0.03300000156741589
v 0.0799807395776897 0.00039206858351407275 0.03300000156741589
v 0.0809892998062578 0.0003270156538838498 0.03300000156741589
v 0.08095722583012499 0.000652631015781481 0.03300000156741589
v 0.08082963182992398 0.0012940953392524823 0.03300000156741589
v 0.07992314527563771 0.0007803613318115715 0.03300000156741589
v 0.08090392687739811 0.0009754516349621406 0.03300000156741589
v 0.08100000384729356 -5.954468429672195e-16 0.03300000156741589
v 0.08073465349289322 0.001607197361036261 0.03300000156741589
v 0.07982776258067759 0.0011611387089063147 0.03300000156741589
v 0.07969552227898635 0.0015307337772729052 0.03300000156741589
v 0.08061940385363009 0.0019134173109981029 0.03300000156741589
v 0.08048437119340779 0.00221144352926278 0.03300000156741589
v 0.08015735244008226 0.0027778512366771757 0.03300000156741589
v 0.07932588572578503 0.0022222810847091767 0.03300000156741589
v 0.08033012771684334 0.0025000001187436283 0.03300000156741589
v 0.07952769085011635 0.0018855870665655805 0.03300000156741589
v 0.07996677015563947 0.0030438071742971973 0.03300000156741589
v 0.07975920483816346 0.003296729244415819 0.03300000156741589
v 0.07909204477229537 0.0025375732196646072 0.03300000156741589
v 0.07882843391993077 0.002828427210682799 0.03300000156741589
v 0.07953554149746189 0.0035355340729581464 0.03300000156741589
v 0.07929673380789648 0.003759199321008433 0.03300000156741589
v 0.07904381173777786 0.003966766784251757 0.03300000156741589
v 0.07853757849840104 0.003092041877744839 0.03300000156741589
v 0.07822228612502702 0.0033258785396998725 0.03300000156741589
v 0.07877785866118092 0.004157348353438783 0.03300000156741589
v 0.07716114410685204 0.0038277615934757814 0.03300000156741589
v 0.077530734883684 0.0036955181923428726 0.03300000156741589
v 0.07760720430870283 0.004734650836761278 0.03300000156741589
v 0.07788559329897637 0.003527685332961328 0.03300000156741589
v 0.07821144475488317 0.004484363768904043 0.03300000156741589
v 0.07850000372854993 0.004330127444897303 0.03300000156741589
v 0.07678036863710602 0.003923141188994228 0.03300000156741589
v 0.07729410157166328 0.004829629173792038 0.03300000156741589
v 0.07791341770215343 0.004619397859637886 0.03300000156741589
v 0.07697545226453606 0.00490392660545208 0.03300000156741589
v 0.07665263730779692 0.004957224604504595 0.03300000156741589
v 0.07632702236313182 0.004989294765939956 0.03300000156741589
v 0.07639207058399489 0.003980739067325073 0.03300000156741589
v 0.0760000036098063 0.004000000189989805 0.03300000156741589
v 0.07560793663561771 -0.003980739067325073 0.03300000156741589
v 0.07534736991181568 -0.004957224604504595 0.03300000156741589
v 0.07521963858250658 -0.003923141188994228 0.03300000156741589
v 0.07502455495507654 -0.00490392660545208 0.03300000156741589
v 0.07470590564794932 -0.004829629173792038 0.03300000156741589
v 0.07408658951745917 -0.004619397859637886 0.03300000156741589
v 0.07439280291090977 -0.004734650836761278 0.03300000156741589
v 0.0744692723359286 -0.0036955181923428726 0.03300000156741589
v 0.07350000349106267 -0.004330127444897303 0.03300000156741589
v 0.07378856246472942 -0.004484363768904043 0.03300000156741589
v 0.07411441392063622 -0.003527685332961328 0.03300000156741589
v 0.07483886311276056 -0.0038277615934757814 0.03300000156741589
v 0.07322214855843168 -0.004157348353438783 0.03300000156741589
v 0.07377772109458558 -0.0033258785396998725 0.03300000156741589
v 0.07346242872121156 -0.003092041877744839 0.03300000156741589
v 0.07270327341171612 -0.003759199321008433 0.03300000156741589
v 0.07295619548183474 -0.003966766784251757 0.03300000156741589
v 0.07317157329968182 -0.002828427210682799 0.03300000156741589
v 0.07290796244731723 -0.0025375732196646072 0.03300000156741589
v 0.07224080238144914 -0.003296729244415819 0.03300000156741589
v 0.0724644657221507 -0.0035355340729581464 0.03300000156741589
v 0.07203323706397313 -0.0030438071742971973 0.03300000156741589
v 0.07166987950276926 -0.0025000001187436283 0.03300000156741589
v 0.07267412149382757 -0.0022222810847091767 0.03300000156741589
v 0.07247231636949625 -0.0018855870665655805 0.03300000156741589
v 0.07184265477953033 -0.0027778512366771757 0.03300000156741589
v 0.07151563602620481 -0.00221144352926278 0.03300000156741589
v 0.07230448494062625 -0.0015307337772729052 0.03300000156741589
v 0.07138060336598251 -0.0019134173109981029 0.03300000156741589
v 0.07126535372671938 -0.001607197361036261 0.03300000156741589
v 0.07217224463893501 -0.0011611387089063147 0.03300000156741589
v 0.07104278138948761 -0.000652631015781481 0.03300000156741589
v 0.07207686194397489 -0.0007803613318115715 0.03300000156741589
v 0.0720192676419229 -0.00039206858351407275 0.03300000156741589
v 0.0710107074133548 -0.0003270156538838498 0.03300000156741589
v 0.0720000034198165 -5.692495356796901e-16 0.03300000156741589
v 0.07117037538968862 -0.0012940953392524823 0.03300000156741589
v 0.07109608034221448 -0.0009754516349621406 0.03300000156741589
v 0.07100000337231904 -5.931119592677623e-16 0.03300000156741589
v 0.0710107074133548 0.0003270156538838498 0.03300000156741589
v 0.0744692723359286 0.0036955181923428726 0.03300000156741589
v 0.07483886311276056 0.0038277615934757814 0.03300000156741589
v 0.07439280291090977 0.004734650836761278 0.03300000156741589
v 0.07521963858250658 0.003923141188994228 0.03300000156741589
v 0.07560793663561771 0.003980739067325073 0.03300000156741589
v 0.07534736991181568 0.004957224604504595 0.03300000156741589
v 0.07567298485648077 0.004989294765939956 0.03300000156741589
v 0.07470590564794932 0.004829629173792038 0.03300000156741589
v 0.07270327341171612 0.003759199321008433 0.03300000156741589
v 0.07346242872121156 0.003092041877744839 0.03300000156741589
v 0.07295619548183474 0.003966766784251757 0.03300000156741589
v 0.07377772109458558 0.0033258785396998725 0.03300000156741589
v 0.07411441392063622 0.003527685332961328 0.03300000156741589
v 0.07350000349106267 0.004330127444897303 0.03300000156741589
v 0.07378856246472942 0.004484363768904043 0.03300000156741589
v 0.07317157329968182 0.002828427210682799 0.03300000156741589
v 0.07322214855843168 0.004157348353438783 0.03300000156741589
v 0.07502455495507654 0.00490392660545208 0.03300000156741589
v 0.0760000036098063 0.0050000002374872565 0.03300000156741589
v 0.07408658951745917 0.004619397859637886 0.03300000156741589
v 0.07104278138948761 0.000652631015781481 0.03300000156741589
v 0.0720192676419229 0.00039206858351407275 0.03300000156741589
v 0.07207686194397489 0.0007803613318115715 0.03300000156741589
v 0.07126535372671938 0.001607197361036261 0.03300000156741589
v 0.07217224463893501 0.0011611387089063147 0.03300000156741589
v 0.07230448494062625 0.0015307337772729052 0.03300000156741589
v 0.07247231636949625 0.0018855870665655805 0.03300000156741589
v 0.07151563602620481 0.00221144352926278 0.03300000156741589
v 0.07117037538968862 0.0012940953392524823 0.03300000156741589
v 0.07109608034221448 0.0009754516349621406 0.03300000156741589
v 0.07138060336598251 0.0019134173109981029 0.03300000156741589
v 0.07203323706397313 0.0030438071742971973 0.03300000156741589
v 0.07290796244731723 0.0025375732196646072 0.03300000156741589
v 0.07224080238144914 0.003296729244415819 0.03300000156741589
v 0.0724644657221507 0.0035355340729581464 0.03300000156741589
v 0.07267412149382757 0.0022222810847091767 0.03300000156741589
v 0.07166987950276926 0.0025000001187436283 0.03300000156741589
v 0.07184265477953033 0.0027778512366771757 0.03300000156741589
v 0.0799807395776897 0.00039206858351407275 0.030300000676233285
v 0.07992314527563771 0.0007803613318115715 0.03300000156741589
v 0.07982776258067759 0.0011611387089063147 0.030300000676233285
v 0.07992314527563771 0.0007803613318115715 0.030300000676233285
v 0.0799807395776897 0.00039206858351407275 0.03300000156741589
v 0.07969552227898635 0.0015307337772729052 0.03300000156741589
v 0.07952769085011635 0.0018855870665655805 0.030300000676233285
v 0.07969552227898635 0.0015307337772729052 0.030300000676233285
v 0.07932588572578503 0.0022222810847091767 0.03300000156741589
v 0.07909204477229537 0.0025375732196646072 0.030300000676233285
v 0.07932588572578503 0.0022222810847091767 0.030300000676233285
v 0.07952769085011635 0.0018855870665655805 0.03300000156741589
v 0.07982776258067759 0.0011611387089063147 0.03300000156741589
v 0.07882843391993077 0.002828427210682799 0.03300000156741589
v 0.07853757849840104 0.003092041877744839 0.030300000676233285
v 0.07882843391993077 0.002828427210682799 0.030300000676233285
v 0.07822228612502702 0.0033258785396998725 0.03300000156741589
v 0.07788559329897637 0.003527685332961328 0.030300000676233285
v 0.07822228612502702 0.0033258785396998725 0.030300000676233285
v 0.07853757849840104 0.003092041877744839 0.03300000156741589
v 0.077530734883684 0.0036955181923428726 0.03300000156741589
v 0.07716114410685204 0.0038277615934757814 0.030300000676233285
v 0.077530734883684 0.0036955181923428726 0.030300000676233285
v 0.07678036863710602 0.003923141188994228 0.03300000156741589
v 0.07639207058399489 0.003980739067325073 0.030300000676233285
v 0.07678036863710602 0.003923141188994228 0.030300000676233285
v 0.07716114410685204 0.0038277615934757814 0.03300000156741589
v 0.07788559329897637 0.003527685332961328 0.03300000156741589
v 0.07909204477229537 0.0025375732196646072 0.03300000156741589
v 0.07639207058399489 0.003980739067325073 0.03300000156741589
v 0.0760000036098063 0.004000000189989805 0.03300000156741589
v 0.0760000036098063 0.004000000189989805 0.030300000676233285
v 0.07560793663561771 0.003980739067325073 0.03300000156741589
v 0.07521963858250658 0.003923141188994228 0.030300000676233285
v 0.07560793663561771 0.003980739067325073 0.030300000676233285
v 0.07483886311276056 0.0038277615934757814 0.03300000156741589
v 0.0744692723359286 0.0036955181923428726 0.030300000676233285
v 0.07483886311276056 0.0038277615934757814 0.030300000676233285
v 0.07521963858250658 0.003923141188994228 0.03300000156741589
v 0.07411441392063622 0.003527685332961328 0.03300000156741589
v 0.07377772109458558 0.0033258785396998725 0.030300000676233285
v 0.07411441392063622 0.003527685332961328 0.030300000676233285
v 0.07346242872121156 0.003092041877744839 0.03300000156741589
v 0.07317157329968182 0.002828427210682799 0.030300000676233285
v 0.07346242872121156 0.003092041877744839 0.030300000676233285
v 0.07377772109458558 0.0033258785396998725 0.03300000156741589
v 0.0744692723359286 0.0036955181923428726 0.03300000156741589
v 0.07290796244731723 0.0025375732196646072 0.03300000156741589
v 0.07267412149382757 0.0022222810847091767 0.030300000676233285
v 0.07290796244731723 0.0025375732196646072 0.030300000676233285
v 0.07247231636949625 0.0018855870665655805 0.03300000156741589
v 0.07230448494062625 0.0015307337772729052 0.030300000676233285
v 0.07247231636949625 0.0018855870665655805 0.030300000676233285
v 0.07267412149382757 0.0022222810847091767 0.03300000156741589
v 0.07217224463893501 0.0011611387089063147 0.03300000156741589
v 0.07207686194397489 0.0007803613318115715 0.030300000676233285
v 0.07217224463893501 0.0011611387089063147 0.030300000676233285
v 0.0720192676419229 0.00039206858351407275 0.030300000676233285
v 0.07207686194397489 0.0007803613318115715 0.03300000156741589
v 0.07230448494062625 0.0015307337772729052 0.03300000156741589
v 0.07317157329968182 0.002828427210682799 0.03300000156741589
v 0.0720192676419229 0.00039206858351407275 0.03300000156741589
v 0.0703543429412612 0.00022143138506729165 0.03241870271168068
v 0.0703543429412612 0.00022143138506729165 0.030881299531968498
v 0.0703543429412612 -0.00022143138506729165 0.030881299531968498
v 0.0703543429412612 -0.00022143138506729165 0.03241870271168068
v 0.07166987950276926 0.0025000001187436283 0.030300000676233285
v 0.07151563602620481 0.00221144352926278 0.030300000676233285
v 0.07150021701912479 0.002206143722416204 0.030309226522008403
v 0.07141563754733404 0.002059649565296362 0.030323049078206932
v 0.07138060336598251 0.0019134173109981029 0.030300000676233285
v 0.0713310580755433 0.0019131556465951105 0.030336873541754183
v 0.07132044558724626 0.001827968803445254 0.030319222936667778
v 0.07124698214381553 0.0017675284986793521 0.030359868537963575
v 0.07116290621208776 0.0016219013507635938 0.030382863534172966
v 0.07126535372671938 0.001607197361036261 0.030300000676233285
v 0.07132297854635095 0.0017603073956218296 0.030300000676233285
v 0.07121786837290145 0.0014506463501443717 0.030300000676233285
v 0.07104278138948761 0.000652631015781481 0.030300000676233285
v 0.0710267444014212 0.0004898233348326654 0.030300000676233285
v 0.07098409608396583 0.0005923852605853666 0.030340989600299295
v 0.07098409608396583 0.001179406222095447 0.030425385966612595
v 0.07117037538968862 0.0012940953392524823 0.030300000676233285
v 0.07109608034221448 0.0009754516349621406 0.030300000676233285
v 0.07098409608396583 0.0008869002286641947 0.030376201165082106
v 0.07099624971003138 0.0013332411684052053 0.03044705726280794
v 0.07083157685064734 0.0010480280420271937 0.030529267807484217
v 0.07066939117399862 0.0007671046025327713 0.030629249120216473
v 0.07066176177910499 0.0005663624674868625 0.030613524937340708
v 0.07098409608396583 0.0002965284726796219 0.03031982947356182
v 0.07066176177910499 0.00028350229417776346 0.030593293689431533
v 0.07100535920753437 0.0001635078269419249 0.030300000676233285
v 0.07051015044377884 0.0004913007850352105 0.030746709376650028
v 0.0703543429412612 0.00022143138506729165 0.030881299531968498
v 0.07066176177910499 -5.496641814450058e-16 0.03058654548964812
v 0.07075048401232298 0.0009075663520823063 0.030579259417524707
v 0.07098409608396583 -5.447765978192934e-16 0.030312772283285216
v 0.07098409608396583 -0.0002965284726796219 0.03031982947356182
v 0.07100535920753437 -0.0001635078269419249 0.030300000676233285
v 0.0710107074133548 -0.0003270156538838498 0.030300000676233285
v 0.07098409608396583 -0.0008869002286641947 0.030376201165082106
v 0.07104278138948761 -0.000652631015781481 0.030300000676233285
v 0.07109608034221448 -0.0009754516349621406 0.030300000676233285
v 0.07117037538968862 -0.0012940953392524823 0.030300000676233285
v 0.07098409608396583 -0.001179406222095447 0.030425385966612595
v 0.0710267444014212 -0.0004898233348326654 0.030300000676233285
v 0.07098409608396583 -0.0005923852605853666 0.030340989600299295
v 0.07099624971003138 -0.0013332411684052053 0.03044705726280794
v 0.07107957796105957 -0.0014775713191890472 0.030414960398490454
v 0.07138060336598251 -0.0019134173109981029 0.030300000676233285
v 0.0713310580755433 -0.0019131556465951105 0.030336873541754183
v 0.07132044558724626 -0.001827968803445254 0.030319222936667778
v 0.07141563754733404 -0.002059649565296362 0.030323049078206932
v 0.07150021701912479 -0.002206143722416204 0.030309226522008403
v 0.07151563602620481 -0.00221144352926278 0.030300000676233285
v 0.07166987950276926 -0.0025000001187436283 0.030300000676233285
v 0.07116290621208776 -0.0016219013507635938 0.030382863534172966
v 0.07121786837290145 -0.0014506463501443717 0.030300000676233285
v 0.07126535372671938 -0.001607197361036261 0.030300000676233285
v 0.07124698214381553 -0.0017675284986793521 0.030359868537963575
v 0.07132297854635095 -0.0017603073956218296 0.030300000676233285
v 0.07066176177910499 -0.00028350229417776346 0.030593293689431533
v 0.07066939117399862 -0.0007671046025327713 0.030629249120216473
v 0.07075048401232298 -0.0009075663520823063 0.030579259417524707
v 0.07066176177910499 -0.0005663624674868625 0.030613524937340708
v 0.0703543429412612 -5.548617384865548e-16 0.030881299531968498
v 0.0703543429412612 -0.00022143138506729165 0.030881299531968498
v 0.07051015044377884 -0.0004913007850352105 0.030746709376650028
v 0.07083157685064734 -0.0010480280420271937 0.030529267807484217
v 0.07091391328033936 -0.001190634545611552 0.03048816253514608
v 0.07100000337231904 -5.462617922358156e-16 0.030300000676233285
v 0.07091391328033936 0.001190634545611552 0.03048816253514608
v 0.07107957796105957 0.0014775713191890472 0.030414960398490454
v 0.0710107074133548 0.0003270156538838498 0.030300000676233285
v 0.07166987950276926 -0.0025000001187436283 0.03300000156741589
v 0.07151563602620481 -0.00221144352926278 0.03300000156741589
v 0.07150021701912479 -0.002206143722416204 0.0329907776289895
v 0.07141563754733404 -0.002059649565296362 0.032976953165442247
v 0.07138060336598251 -0.0019134173109981029 0.03300000156741589
v 0.0713310580755433 -0.0019131556465951105 0.032963128701894995
v 0.07132044558724626 -0.001827968803445254 0.0329807793069814
v 0.07124698214381553 -0.0017675284986793521 0.032940133705685604
v 0.07116290621208776 -0.0016219013507635938 0.03291713870947621
v 0.07126535372671938 -0.001607197361036261 0.03300000156741589
v 0.07132297854635095 -0.0017603073956218296 0.03300000156741589
v 0.07121786837290145 -0.0014506463501443717 0.03300000156741589
v 0.07104278138948761 -0.000652631015781481 0.03300000156741589
v 0.0710267444014212 -0.0004898233348326654 0.03300000156741589
v 0.07098409608396583 -0.0005923852605853666 0.03295901264334988
v 0.07098409608396583 -0.001179406222095447 0.032874616277036584
v 0.07117037538968862 -0.0012940953392524823 0.03300000156741589
v 0.07109608034221448 -0.0009754516349621406 0.03300000156741589
v 0.07083157685064734 -0.0010480280420271937 0.03277073443616496
v 0.07091391328033936 -0.001190634545611552 0.032811837801154375
v 0.07098409608396583 -0.0008869002286641947 0.032923802985915795
v 0.07099624971003138 -0.0013332411684052053 0.03285294498084124
v 0.07066939117399862 -0.0007671046025327713 0.03267075503078143
v 0.07066176177910499 -0.00028350229417776346 0.032706708554217645
v 0.07098409608396583 -0.0002965284726796219 0.03298017277008736
v 0.07066176177910499 -0.0005663624674868625 0.032686479213657194
v 0.07100535920753437 -0.0001635078269419249 0.03300000156741589
v 0.07051015044377884 -0.0004913007850352105 0.03255329286699915
v 0.0703543429412612 -0.00022143138506729165 0.03241870271168068
v 0.07066176177910499 -5.888332636110384e-16 0.03271345675400106
v 0.07098409608396583 -5.935083436008502e-16 0.03298722996036396
v 0.07075048401232298 -0.0009075663520823063 0.03272074282612447
v 0.07100000337231904 -5.931119592677623e-16 0.03300000156741589
v 0.07098409608396583 0.0002965284726796219 0.03298017277008736
v 0.07100535920753437 0.0001635078269419249 0.03300000156741589
v 0.0710107074133548 0.0003270156538838498 0.03300000156741589
v 0.07098409608396583 0.0008869002286641947 0.032923802985915795
v 0.07104278138948761 0.000652631015781481 0.03300000156741589
v 0.07109608034221448 0.0009754516349621406 0.03300000156741589
v 0.07117037538968862 0.0012940953392524823 0.03300000156741589
v 0.07098409608396583 0.001179406222095447 0.032874616277036584
v 0.0710267444014212 0.0004898233348326654 0.03300000156741589
v 0.07098409608396583 0.0005923852605853666 0.03295901264334988
v 0.07099624971003138 0.0013332411684052053 0.03285294498084124
v 0.07121786837290145 0.0014506463501443717 0.03300000156741589
v 0.07107957796105957 0.0014775713191890472 0.032885041845158725
v 0.07138060336598251 0.0019134173109981029 0.03300000156741589
v 0.0713310580755433 0.0019131556465951105 0.032963128701894995
v 0.07132044558724626 0.001827968803445254 0.0329807793069814
v 0.07141563754733404 0.002059649565296362 0.032976953165442247
v 0.07150021701912479 0.002206143722416204 0.0329907776289895
v 0.07151563602620481 0.00221144352926278 0.03300000156741589
v 0.07166987950276926 0.0025000001187436283 0.03300000156741589
v 0.07126535372671938 0.001607197361036261 0.03300000156741589
v 0.07116290621208776 0.0016219013507635938 0.03291713870947621
v 0.07124698214381553 0.0017675284986793521 0.032940133705685604
v 0.07132297854635095 0.0017603073956218296 0.03300000156741589
v 0.07066176177910499 0.00028350229417776346 0.032706708554217645
v 0.07066939117399862 0.0007671046025327713 0.03267075503078143
v 0.07075048401232298 0.0009075663520823063 0.03272074282612447
v 0.07066176177910499 0.0005663624674868625 0.032686479213657194
v 0.0703543429412612 -5.838663163825304e-16 0.03241870271168068
v 0.0703543429412612 0.00022143138506729165 0.03241870271168068
v 0.07051015044377884 0.0004913007850352105 0.03255329286699915
v 0.07083157685064734 0.0010480280420271937 0.03277073443616496
v 0.07091391328033936 0.001190634545611552 0.032811837801154375
v 0.07107957796105957 -0.0014775713191890472 0.032885041845158725
v 0.0710107074133548 -0.0003270156538838498 0.03300000156741589
v 0.07336893811618506 0.0050000002374872565 0.03241870271168068
v 0.07336893811618506 0.0050000002374872565 0.030881299531968498
v 0.07298540843488244 0.00477856897162926 0.03241870271168068
v 0.07298540843488244 0.00477856897162926 0.030881299531968498
v 0.07566068627191225 0.0050000002374872565 0.030309226522008403
v 0.0760000036098063 0.0050000002374872565 0.030300000676233285
v 0.07567298485648077 0.004989294765939956 0.030300000676233285
v 0.07551018119884567 0.0049732596852222755 0.030300000676233285
v 0.07532237601414415 0.0050000002374872565 0.030336873541754183
v 0.07439280291090977 0.004734650836761278 0.030300000676233285
v 0.07432341356435224 0.0050000002374872565 0.030529267807484217
v 0.07465274402433053 0.0050000002374872565 0.03044705726280794
v 0.07502455495507654 0.00490392660545208 0.030300000676233285
v 0.07498606465783819 0.0050000002374872565 0.030382863534172966
v 0.07470590564794932 0.004829629173792038 0.030300000676233285
v 0.07534736991181568 0.004957224604504595 0.030300000676233285
v 0.07408658951745917 0.004619397859637886 0.030300000676233285
v 0.07399902695226501 0.0050000002374872565 0.030629249120216473
v 0.0732008091409142 0.004461271974746939 0.030523242492866975
v 0.07336893811618506 0.0050000002374872565 0.030881299531968498
v 0.07368056075061524 0.0050000002374872565 0.030746709376650028
v 0.07374328963543064 0.00456890461688314 0.03037796164795381
v 0.07282960093236479 0.004508699631265989 0.030746709376650028
v 0.07298540843488244 0.00477856897162926 0.030881299531968498
v 0.0726703678315399 0.004232895575349838 0.030629249120216473
v 0.07350000349106267 0.004330127444897303 0.030300000676233285
v 0.07322214855843168 0.004157348353438783 0.030300000676233285
v 0.07295619548183474 0.003966766784251757 0.030300000676233285
v 0.0725081745254963 0.003951972195460063 0.030529267807484217
v 0.07267262613242842 0.0038151196861370418 0.03035036994132101
v 0.07378856246472942 0.004484363768904043 0.030300000676233285
v 0.07270327341171612 0.003759199321008433 0.030300000676233285
v 0.07234350166611225 0.0036667591882913464 0.03044705726280794
v 0.0724644657221507 0.0035355340729581464 0.030300000676233285
v 0.07217684516405587 0.0033780988867236628 0.030382863534172966
v 0.07224080238144914 0.003296729244415819 0.030300000676233285
v 0.07203323706397313 0.0030438071742971973 0.030300000676233285
v 0.07200869330060033 0.003086844590892146 0.030336873541754183
v 0.07213701972271114 0.003170268209356508 0.030300000676233285
v 0.07183953435701884 0.0027938565150710526 0.030309226522008403
v 0.07184265477953033 0.0027778512366771757 0.030300000676233285
v 0.0726703678315399 0.004232895575349838 0.03267075503078143
v 0.07322214855843168 0.004157348353438783 0.03300000156741589
v 0.0732008091409142 0.004461271974746939 0.032776761658130926
v 0.07295619548183474 0.003966766784251757 0.03300000156741589
v 0.07350000349106267 0.004330127444897303 0.03300000156741589
v 0.07270327341171612 0.003759199321008433 0.03300000156741589
v 0.07267262613242842 0.0038151196861370418 0.03294963230232817
v 0.07203323706397313 0.0030438071742971973 0.03300000156741589
v 0.07200869330060033 0.003086844590892146 0.032963128701894995
v 0.07183953435701884 0.0027938565150710526 0.0329907776289895
v 0.07184265477953033 0.0027778512366771757 0.03300000156741589
v 0.07234350166611225 0.0036667591882913464 0.03285294498084124
v 0.0724644657221507 0.0035355340729581464 0.03300000156741589
v 0.0725081745254963 0.003951972195460063 0.03277073443616496
v 0.07224080238144914 0.003296729244415819 0.03300000156741589
v 0.07217684516405587 0.0033780988867236628 0.03291713870947621
v 0.07213701972271114 0.003170268209356508 0.03300000156741589
v 0.07378856246472942 0.004484363768904043 0.03300000156741589
v 0.07374328963543064 0.00456890461688314 0.03292204059569537
v 0.07551018119884567 0.0049732596852222755 0.03300000156741589
v 0.07567298485648077 0.004989294765939956 0.03300000156741589
v 0.07566068627191225 0.0050000002374872565 0.0329907776289895
v 0.07502455495507654 0.00490392660545208 0.03300000156741589
v 0.07534736991181568 0.004957224604504595 0.03300000156741589
v 0.07532237601414415 0.0050000002374872565 0.032963128701894995
v 0.07439280291090977 0.004734650836761278 0.03300000156741589
v 0.07470590564794932 0.004829629173792038 0.03300000156741589
v 0.07465274402433053 0.0050000002374872565 0.03285294498084124
v 0.07498606465783819 0.0050000002374872565 0.03291713870947621
v 0.0760000036098063 0.0050000002374872565 0.03300000156741589
v 0.07432341356435224 0.0050000002374872565 0.03277073443616496
v 0.07408658951745917 0.004619397859637886 0.03300000156741589
v 0.07368056075061524 0.0050000002374872565 0.03255329286699915
v 0.07298540843488244 0.00477856897162926 0.03241870271168068
v 0.07282960093236479 0.004508699631265989 0.03255329286699915
v 0.07399902695226501 0.0050000002374872565 0.03267075503078143
v 0.07336893811618506 0.0050000002374872565 0.03241870271168068
v 0.07317717327553375 0.004889284366139668 0.03241870271168068
v 0.07083157685064734 -0.0010480280420271937 0.03277073443616496
v 0.07066939117399862 -0.0007671046025327713 0.03267075503078143
v 0.07083157685064734 -0.0010480280420271937 0.030529267807484217
v 0.07051015044377884 -0.0004913007850352105 0.03255329286699915
v 0.07051015044377884 -0.0004913007850352105 0.030746709376650028
v 0.07099624971003138 -0.0013332411684052053 0.03044705726280794
v 0.07099624971003138 -0.0013332411684052053 0.03285294498084124
v 0.07150021701912479 -0.002206143722416204 0.030309226522008403
v 0.07150021701912479 -0.002206143722416204 0.0329907776289895
v 0.0713310580755433 -0.0019131556465951105 0.032963128701894995
v 0.07116290621208776 -0.0016219013507635938 0.03291713870947621
v 0.0713310580755433 -0.0019131556465951105 0.030336873541754183
v 0.07166987950276926 -0.0025000001187436283 0.03300000156741589
v 0.0703543429412612 -0.00022143138506729165 0.03241870271168068
v 0.0703543429412612 -0.00022143138506729165 0.030881299531968498
v 0.07066939117399862 -0.0007671046025327713 0.030629249120216473
v 0.07116290621208776 -0.0016219013507635938 0.030382863534172966
v 0.07166987950276926 -0.0025000001187436283 0.030300000676233285
v 0.07200869330060033 -0.003086844590892146 0.032963128701894995
v 0.07183953435701884 -0.0027938565150710526 0.0329907776289895
v 0.07200869330060033 -0.003086844590892146 0.030336873541754183
v 0.07217684516405587 -0.0033780988867236628 0.03291713870947621
v 0.07217684516405587 -0.0033780988867236628 0.030382863534172966
v 0.07234350166611225 -0.0036667591882913464 0.03285294498084124
v 0.0726703678315399 -0.004232895575349838 0.03267075503078143
v 0.0725081745254963 -0.003951972195460063 0.03277073443616496
v 0.0726703678315399 -0.004232895575349838 0.030629249120216473
v 0.07282960093236479 -0.004508699631265989 0.03255329286699915
v 0.0725081745254963 -0.003951972195460063 0.030529267807484217
v 0.07298540843488244 -0.00477856897162926 0.03241870271168068
v 0.07298540843488244 -0.00477856897162926 0.030881299531968498
v 0.07183953435701884 -0.0027938565150710526 0.030309226522008403
v 0.07234350166611225 -0.0036667591882913464 0.03044705726280794
v 0.07282960093236479 -0.004508699631265989 0.030746709376650028
v 0.07298540843488244 -0.00477856897162926 0.03241870271168068
v 0.07298540843488244 -0.00477856897162926 0.030881299531968498
v 0.07336893811618506 -0.0050000002374872565 0.03241870271168068
v 0.07336893811618506 -0.0050000002374872565 0.030881299531968498
v 0.0726703678315399 -0.004232895575349838 0.030629249120216473
v 0.07322214855843168 -0.004157348353438783 0.030300000676233285
v 0.0732008091409142 -0.004461271974746939 0.030523242492866975
v 0.07295619548183474 -0.003966766784251757 0.030300000676233285
v 0.07350000349106267 -0.004330127444897303 0.030300000676233285
v 0.07270327341171612 -0.003759199321008433 0.030300000676233285
v 0.07267262613242842 -0.0038151196861370418 0.03035036994132101
v 0.07203323706397313 -0.0030438071742971973 0.030300000676233285
v 0.07200869330060033 -0.003086844590892146 0.030336873541754183
v 0.07183953435701884 -0.0027938565150710526 0.030309226522008403
v 0.07184265477953033 -0.0027778512366771757 0.030300000676233285
v 0.07234350166611225 -0.0036667591882913464 0.03044705726280794
v 0.0724644657221507 -0.0035355340729581464 0.030300000676233285
v 0.0725081745254963 -0.003951972195460063 0.030529267807484217
v 0.07224080238144914 -0.003296729244415819 0.030300000676233285
v 0.07217684516405587 -0.0033780988867236628 0.030382863534172966
v 0.07213701972271114 -0.003170268209356508 0.030300000676233285
v 0.07378856246472942 -0.004484363768904043 0.030300000676233285
v 0.07374328963543064 -0.00456890461688314 0.03037796164795381
v 0.07551018119884567 -0.0049732596852222755 0.030300000676233285
v 0.07567298485648077 -0.004989294765939956 0.030300000676233285
v 0.07566068627191225 -0.0050000002374872565 0.030309226522008403
v 0.07502455495507654 -0.00490392660545208 0.030300000676233285
v 0.07534736991181568 -0.004957224604504595 0.030300000676233285
v 0.07532237601414415 -0.0050000002374872565 0.030336873541754183
v 0.07439280291090977 -0.004734650836761278 0.030300000676233285
v 0.07470590564794932 -0.004829629173792038 0.030300000676233285
v 0.07465274402433053 -0.0050000002374872565 0.03044705726280794
v 0.07498606465783819 -0.0050000002374872565 0.030382863534172966
v 0.0760000036098063 -0.0050000002374872565 0.030300000676233285
v 0.07432341356435224 -0.0050000002374872565 0.030529267807484217
v 0.07408658951745917 -0.004619397859637886 0.030300000676233285
v 0.07368056075061524 -0.0050000002374872565 0.030746709376650028
v 0.07298540843488244 -0.00477856897162926 0.030881299531968498
v 0.07282960093236479 -0.004508699631265989 0.030746709376650028
v 0.07399902695226501 -0.0050000002374872565 0.030629249120216473
v 0.07336893811618506 -0.0050000002374872565 0.030881299531968498
v 0.07317717327553375 -0.004889284366139668 0.030881299531968498
v 0.07566068627191225 -0.0050000002374872565 0.0329907776289895
v 0.0760000036098063 -0.0050000002374872565 0.03300000156741589
v 0.07567298485648077 -0.004989294765939956 0.03300000156741589
v 0.07551018119884567 -0.0049732596852222755 0.03300000156741589
v 0.07532237601414415 -0.0050000002374872565 0.032963128701894995
v 0.07439280291090977 -0.004734650836761278 0.03300000156741589
v 0.07432341356435224 -0.0050000002374872565 0.03277073443616496
v 0.07465274402433053 -0.0050000002374872565 0.03285294498084124
v 0.07502455495507654 -0.00490392660545208 0.03300000156741589
v 0.07498606465783819 -0.0050000002374872565 0.03291713870947621
v 0.07470590564794932 -0.004829629173792038 0.03300000156741589
v 0.07534736991181568 -0.004957224604504595 0.03300000156741589
v 0.07408658951745917 -0.004619397859637886 0.03300000156741589
v 0.07399902695226501 -0.0050000002374872565 0.03267075503078143
v 0.0732008091409142 -0.004461271974746939 0.032776761658130926
v 0.07336893811618506 -0.0050000002374872565 0.03241870271168068
v 0.07368056075061524 -0.0050000002374872565 0.03255329286699915
v 0.07374328963543064 -0.00456890461688314 0.03292204059569537
v 0.07282960093236479 -0.004508699631265989 0.03255329286699915
v 0.07298540843488244 -0.00477856897162926 0.03241870271168068
v 0.0726703678315399 -0.004232895575349838 0.03267075503078143
v 0.07350000349106267 -0.004330127444897303 0.03300000156741589
v 0.07322214855843168 -0.004157348353438783 0.03300000156741589
v 0.07295619548183474 -0.003966766784251757 0.03300000156741589
v 0.0725081745254963 -0.003951972195460063 0.03277073443616496
v 0.07267262613242842 -0.0038151196861370418 0.03294963230232817
v 0.07378856246472942 -0.004484363768904043 0.03300000156741589
v 0.07270327341171612 -0.003759199321008433 0.03300000156741589
v 0.07234350166611225 -0.0036667591882913464 0.03285294498084124
v 0.0724644657221507 -0.0035355340729581464 0.03300000156741589
v 0.07217684516405587 -0.0033780988867236628 0.03291713870947621
v 0.07224080238144914 -0.003296729244415819 0.03300000156741589
v 0.07203323706397313 -0.0030438071742971973 0.03300000156741589
v 0.07200869330060033 -0.003086844590892146 0.032963128701894995
v 0.07213701972271114 -0.003170268209356508 0.03300000156741589
v 0.07183953435701884 -0.0027938565150710526 0.0329907776289895
v 0.07184265477953033 -0.0027778512366771757 0.03300000156741589
v 0.07667763120546844 -0.0050000002374872565 0.030336873541754183
v 0.07667763120546844 -0.0050000002374872565 0.032963128701894995
v 0.07633932094770035 -0.0050000002374872565 0.0329907776289895
v 0.0760000036098063 -0.0050000002374872565 0.030300000676233285
v 0.0760000036098063 -0.0050000002374872565 0.03300000156741589
v 0.0770139425617744 -0.0050000002374872565 0.030382863534172966
v 0.0770139425617744 -0.0050000002374872565 0.03291713870947621
v 0.07800098026734759 -0.0050000002374872565 0.03267075503078143
v 0.07767659365526036 -0.0050000002374872565 0.03277073443616496
v 0.07800098026734759 -0.0050000002374872565 0.030629249120216473
v 0.07767659365526036 -0.0050000002374872565 0.030529267807484217
v 0.07734726319528207 -0.0050000002374872565 0.03285294498084124
v 0.07831944646899736 -0.0050000002374872565 0.03255329286699915
v 0.07566068627191225 -0.0050000002374872565 0.030309226522008403
v 0.07566068627191225 -0.0050000002374872565 0.0329907776289895
v 0.07532237601414415 -0.0050000002374872565 0.032963128701894995
v 0.07498606465783819 -0.0050000002374872565 0.03291713870947621
v 0.07532237601414415 -0.0050000002374872565 0.030336873541754183
v 0.07465274402433053 -0.0050000002374872565 0.03285294498084124
v 0.07465274402433053 -0.0050000002374872565 0.03044705726280794
v 0.07432341356435224 -0.0050000002374872565 0.03277073443616496
v 0.07399902695226501 -0.0050000002374872565 0.03267075503078143
v 0.07399902695226501 -0.0050000002374872565 0.030629249120216473
v 0.07368056075061524 -0.0050000002374872565 0.03255329286699915
v 0.07336893811618506 -0.0050000002374872565 0.03241870271168068
v 0.07336893811618506 -0.0050000002374872565 0.030881299531968498
v 0.07863106910342754 -0.0050000002374872565 0.030881299531968498
v 0.07863106910342754 -0.0050000002374872565 0.03241870271168068
v 0.07831944646899736 -0.0050000002374872565 0.030746709376650028
v 0.07734726319528207 -0.0050000002374872565 0.03044705726280794
v 0.07633932094770035 -0.0050000002374872565 0.030309226522008403
v 0.07432341356435224 -0.0050000002374872565 0.030529267807484217
v 0.07368056075061524 -0.0050000002374872565 0.030746709376650028
v 0.07498606465783819 -0.0050000002374872565 0.030382863534172966
v 0.07863106910342754 -0.0050000002374872565 0.03241870271168068
v 0.07863106910342754 -0.0050000002374872565 0.030881299531968498
v 0.07901459878473016 -0.00477856897162926 0.030881299531968498
v 0.07901459878473016 -0.00477856897162926 0.03241870271168068
v 0.08015735244008226 -0.0027778512366771757 0.030300000676233285
v 0.08033012771684334 -0.0025000001187436283 0.030300000676233285
v 0.08016047286259376 -0.0027938565150710526 0.030309226522008403
v 0.07996677015563947 -0.0030438071742971973 0.030300000676233285
v 0.07999131391901226 -0.003086844590892146 0.030336873541754183
v 0.07986298749690146 -0.003170268209356508 0.030300000676233285
v 0.07982316205555673 -0.0033780988867236628 0.030382863534172966
v 0.07965650555350035 -0.0036667591882913464 0.03044705726280794
v 0.07953554149746189 -0.0035355340729581464 0.030300000676233285
v 0.07932738108718418 -0.0038151196861370418 0.03035036994132101
v 0.0794918326941163 -0.003951972195460063 0.030529267807484217
v 0.07904381173777786 -0.003966766784251757 0.030300000676233285
v 0.07932963938807269 -0.004232895575349838 0.030629249120216473
v 0.07975920483816346 -0.003296729244415819 0.030300000676233285
v 0.07667763120546844 -0.0050000002374872565 0.030336873541754183
v 0.07648982602076693 -0.0049732596852222755 0.030300000676233285
v 0.07665263730779692 -0.004957224604504595 0.030300000676233285
v 0.07929673380789648 -0.003759199321008433 0.030300000676233285
v 0.0787991980786984 -0.004461271974746939 0.030523242492866975
v 0.07850000372854993 -0.004330127444897303 0.030300000676233285
v 0.07877785866118092 -0.004157348353438783 0.030300000676233285
v 0.07821144475488317 -0.004484363768904043 0.030300000676233285
v 0.07825671758418196 -0.00456890461688314 0.03037796164795381
v 0.07917040628724781 -0.004508699631265989 0.030746709376650028
v 0.07901459878473016 -0.00477856897162926 0.030881299531968498
v 0.07791341770215343 -0.004619397859637886 0.030300000676233285
v 0.07800098026734759 -0.0050000002374872565 0.030629249120216473
v 0.07831944646899736 -0.0050000002374872565 0.030746709376650028
v 0.07863106910342754 -0.0050000002374872565 0.030881299531968498
v 0.07882283394407885 -0.004889284366139668 0.030881299531968498
v 0.07767659365526036 -0.0050000002374872565 0.030529267807484217
v 0.07697545226453606 -0.00490392660545208 0.030300000676233285
v 0.07729410157166328 -0.004829629173792038 0.030300000676233285
v 0.0770139425617744 -0.0050000002374872565 0.030382863534172966
v 0.07760720430870283 -0.004734650836761278 0.030300000676233285
v 0.07734726319528207 -0.0050000002374872565 0.03044705726280794
v 0.07632702236313182 -0.004989294765939956 0.030300000676233285
v 0.07633932094770035 -0.0050000002374872565 0.030309226522008403
v 0.07901459878473016 -0.00477856897162926 0.03241870271168068
v 0.07917040628724781 -0.004508699631265989 0.03255329286699915
v 0.0787991980786984 -0.004461271974746939 0.032776761658130926
v 0.07932963938807269 -0.004232895575349838 0.03267075503078143
v 0.07831944646899736 -0.0050000002374872565 0.03255329286699915
v 0.07863106910342754 -0.0050000002374872565 0.03241870271168068
v 0.07825671758418196 -0.00456890461688314 0.03292204059569537
v 0.07850000372854993 -0.004330127444897303 0.03300000156741589
v 0.07800098026734759 -0.0050000002374872565 0.03267075503078143
v 0.0794918326941163 -0.003951972195460063 0.03277073443616496
v 0.07904381173777786 -0.003966766784251757 0.03300000156741589
v 0.07932738108718418 -0.0038151196861370418 0.03294963230232817
v 0.07821144475488317 -0.004484363768904043 0.03300000156741589
v 0.07877785866118092 -0.004157348353438783 0.03300000156741589
v 0.07791341770215343 -0.004619397859637886 0.03300000156741589
v 0.07767659365526036 -0.0050000002374872565 0.03277073443616496
v 0.0770139425617744 -0.0050000002374872565 0.03291713870947621
v 0.07734726319528207 -0.0050000002374872565 0.03285294498084124
v 0.07729410157166328 -0.004829629173792038 0.03300000156741589
v 0.07760720430870283 -0.004734650836761278 0.03300000156741589
v 0.07633932094770035 -0.0050000002374872565 0.0329907776289895
v 0.07648982602076693 -0.0049732596852222755 0.03300000156741589
v 0.07632702236313182 -0.004989294765939956 0.03300000156741589
v 0.07667763120546844 -0.0050000002374872565 0.032963128701894995
v 0.07665263730779692 -0.004957224604504595 0.03300000156741589
v 0.07697545226453606 -0.00490392660545208 0.03300000156741589
v 0.07953554149746189 -0.0035355340729581464 0.03300000156741589
v 0.07965650555350035 -0.0036667591882913464 0.03285294498084124
v 0.07982316205555673 -0.0033780988867236628 0.03291713870947621
v 0.07975920483816346 -0.003296729244415819 0.03300000156741589
v 0.07986298749690146 -0.003170268209356508 0.03300000156741589
v 0.07929673380789648 -0.003759199321008433 0.03300000156741589
v 0.07996677015563947 -0.0030438071742971973 0.03300000156741589
v 0.07999131391901226 -0.003086844590892146 0.032963128701894995
v 0.08016047286259376 -0.0027938565150710526 0.0329907776289895
v 0.08033012771684334 -0.0025000001187436283 0.03300000156741589
v 0.08015735244008226 -0.0027778512366771757 0.03300000156741589
v 0.07932963938807269 -0.004232895575349838 0.03267075503078143
v 0.07917040628724781 -0.004508699631265989 0.03255329286699915
v 0.07932963938807269 -0.004232895575349838 0.030629249120216473
v 0.07901459878473016 -0.00477856897162926 0.03241870271168068
v 0.07917040628724781 -0.004508699631265989 0.030746709376650028
v 0.0794918326941163 -0.003951972195460063 0.03277073443616496
v 0.07982316205555673 -0.0033780988867236628 0.030382863534172966
v 0.07999131391901226 -0.003086844590892146 0.032963128701894995
v 0.07982316205555673 -0.0033780988867236628 0.03291713870947621
v 0.07965650555350035 -0.0036667591882913464 0.03285294498084124
v 0.0794918326941163 -0.003951972195460063 0.030529267807484217
v 0.07999131391901226 -0.003086844590892146 0.030336873541754183
v 0.08016047286259376 -0.0027938565150710526 0.0329907776289895
v 0.07901459878473016 -0.00477856897162926 0.030881299531968498
v 0.07965650555350035 -0.0036667591882913464 0.03044705726280794
v 0.08016047286259376 -0.0027938565150710526 0.030309226522008403
v 0.08033012771684334 -0.0025000001187436283 0.030300000676233285
v 0.08033012771684334 -0.0025000001187436283 0.03300000156741589
v 0.08049979020048781 -0.002206143722416204 0.0329907776289895
v 0.08049979020048781 -0.002206143722416204 0.030309226522008403
v 0.0806689491440693 -0.0019131556465951105 0.032963128701894995
v 0.0806689491440693 -0.0019131556465951105 0.030336873541754183
v 0.08083710100752484 -0.0016219013507635938 0.03291713870947621
v 0.08116843036896526 -0.0010480280420271937 0.03277073443616496
v 0.08100375750958122 -0.0013332411684052053 0.03285294498084124
v 0.08100375750958122 -0.0013332411684052053 0.03044705726280794
v 0.08133061604561398 -0.0007671046025327713 0.030629249120216473
v 0.08133061604561398 -0.0007671046025327713 0.03267075503078143
v 0.08148985677583376 -0.0004913007850352105 0.03255329286699915
v 0.08083710100752484 -0.0016219013507635938 0.030382863534172966
v 0.08148985677583376 -0.0004913007850352105 0.030746709376650028
v 0.0816456642783514 -0.00022143138506729165 0.030881299531968498
v 0.08116843036896526 -0.0010480280420271937 0.030529267807484217
v 0.0816456642783514 -0.00022143138506729165 0.03241870271168068
v 0.0816456642783514 -0.00022143138506729165 0.03241870271168068
v 0.0816456642783514 -0.00022143138506729165 0.030881299531968498
v 0.0816456642783514 0.00022143138506729165 0.03241870271168068
v 0.0816456642783514 0.00022143138506729165 0.030881299531968498
v 0.08116843036896526 0.0010480280420271937 0.030529267807484217
v 0.08090392687739811 0.0009754516349621406 0.030300000676233285
v 0.08101591113564677 0.001179406222095447 0.030425385966612595
v 0.08108609393927324 0.001190634545611552 0.03048816253514608
v 0.0813382454405076 0.0005663624674868625 0.030613524937340708
v 0.08148985677583376 0.0004913007850352105 0.030746709376650028
v 0.0813382454405076 0.00028350229417776346 0.030593293689431533
v 0.08133061604561398 0.0007671046025327713 0.030629249120216473
v 0.0813382454405076 -5.523102853928571e-16 0.03058654548964812
v 0.0816456642783514 0.00022143138506729165 0.030881299531968498
v 0.0816456642783514 -5.573597404106101e-16 0.030881299531968498
v 0.08101591113564677 0.0002965284726796219 0.03031982947356182
v 0.0809732628181914 0.0004898233348326654 0.030300000676233285
v 0.08101591113564677 0.0008869002286641947 0.030376201165082106
v 0.08101591113564677 0.0005923852605853666 0.030340989600299295
v 0.08124952320728962 0.0009075663520823063 0.030579259417524707
v 0.08101591113564677 -5.475442950465643e-16 0.030312772283285216
v 0.08099464801207823 0.0001635078269419249 0.030300000676233285
v 0.0809892998062578 0.0003270156538838498 0.030300000676233285
v 0.08095722583012499 0.000652631015781481 0.030300000676233285
v 0.0816456642783514 -0.00022143138506729165 0.030881299531968498
v 0.08078213884671115 0.0014506463501443717 0.030300000676233285
v 0.08083710100752484 0.0016219013507635938 0.030382863534172966
v 0.08092042925855303 0.0014775713191890472 0.030414960398490454
v 0.08073465349289322 0.001607197361036261 0.030300000676233285
v 0.08067702867326165 0.0017603073956218296 0.030300000676233285
v 0.08075302507579707 0.0017675284986793521 0.030359868537963575
v 0.0806689491440693 0.0019131556465951105 0.030336873541754183
v 0.08067956163236634 0.001827968803445254 0.030319222936667778
v 0.08048437119340779 0.00221144352926278 0.030300000676233285
v 0.08033012771684334 0.0025000001187436283 0.030300000676233285
v 0.08049979020048781 0.002206143722416204 0.030309226522008403
v 0.08061940385363009 0.0019134173109981029 0.030300000676233285
v 0.08058436967227856 0.002059649565296362 0.030323049078206932
v 0.08082963182992398 0.0012940953392524823 0.030300000676233285
v 0.08100375750958122 0.0013332411684052053 0.03044705726280794
v 0.08100000384729356 -5.530375682447045e-16 0.030300000676233285
v 0.0813382454405076 -0.00028350229417776346 0.030593293689431533
v 0.08099464801207823 -0.0001635078269419249 0.030300000676233285
v 0.08101591113564677 -0.0002965284726796219 0.03031982947356182
v 0.08148985677583376 -0.0004913007850352105 0.030746709376650028
v 0.0813382454405076 -0.0005663624674868625 0.030613524937340708
v 0.08133061604561398 -0.0007671046025327713 0.030629249120216473
v 0.08101591113564677 -0.0005923852605853666 0.030340989600299295
v 0.0809732628181914 -0.0004898233348326654 0.030300000676233285
v 0.08101591113564677 -0.0008869002286641947 0.030376201165082106
v 0.08095722583012499 -0.000652631015781481 0.030300000676233285
v 0.08090392687739811 -0.0009754516349621406 0.030300000676233285
v 0.08116843036896526 -0.0010480280420271937 0.030529267807484217
v 0.08101591113564677 -0.001179406222095447 0.030425385966612595
v 0.08108609393927324 -0.001190634545611552 0.03048816253514608
v 0.08100375750958122 -0.0013332411684052053 0.03044705726280794
v 0.08082963182992398 -0.0012940953392524823 0.030300000676233285
v 0.08075302507579707 -0.0017675284986793521 0.030359868537963575
v 0.08067702867326165 -0.0017603073956218296 0.030300000676233285
v 0.08073465349289322 -0.001607197361036261 0.030300000676233285
v 0.0806689491440693 -0.0019131556465951105 0.030336873541754183
v 0.08067956163236634 -0.001827968803445254 0.030319222936667778
v 0.08083710100752484 -0.0016219013507635938 0.030382863534172966
v 0.08092042925855303 -0.0014775713191890472 0.030414960398490454
v 0.08078213884671115 -0.0014506463501443717 0.030300000676233285
v 0.08061940385363009 -0.0019134173109981029 0.030300000676233285
v 0.08049979020048781 -0.002206143722416204 0.030309226522008403
v 0.08048437119340779 -0.00221144352926278 0.030300000676233285
v 0.08058436967227856 -0.002059649565296362 0.030323049078206932
v 0.08124952320728962 -0.0009075663520823063 0.030579259417524707
v 0.0809892998062578 -0.0003270156538838498 0.030300000676233285
v 0.08116843036896526 -0.0010480280420271937 0.03277073443616496
v 0.08090392687739811 -0.0009754516349621406 0.03300000156741589
v 0.08101591113564677 -0.001179406222095447 0.032874616277036584
v 0.08108609393927324 -0.001190634545611552 0.032811837801154375
v 0.0813382454405076 -0.0005663624674868625 0.032686479213657194
v 0.08148985677583376 -0.0004913007850352105 0.03255329286699915
v 0.0813382454405076 -0.00028350229417776346 0.032706708554217645
v 0.08133061604561398 -0.0007671046025327713 0.03267075503078143
v 0.0813382454405076 -5.888332636110384e-16 0.03271345675400106
v 0.0816456642783514 -0.00022143138506729165 0.03241870271168068
v 0.08100375750958122 0.0013332411684052053 0.03285294498084124
v 0.08101591113564677 0.001179406222095447 0.032874616277036584
v 0.08108609393927324 0.001190634545611552 0.032811837801154375
v 0.0816456642783514 -5.838663163825304e-16 0.03241870271168068
v 0.08101591113564677 -0.0002965284726796219 0.03298017277008736
v 0.0809732628181914 -0.0004898233348326654 0.03300000156741589
v 0.08101591113564677 -0.0008869002286641947 0.032923802985915795
v 0.08101591113564677 -0.0005923852605853666 0.03295901264334988
v 0.08124952320728962 -0.0009075663520823063 0.03272074282612447
v 0.08099464801207823 -0.0001635078269419249 0.03300000156741589
v 0.08101591113564677 -5.935083436008502e-16 0.03298722996036396
v 0.08100000384729356 -5.954468429672195e-16 0.03300000156741589
v 0.0809892998062578 -0.0003270156538838498 0.03300000156741589
v 0.08095722583012499 -0.000652631015781481 0.03300000156741589
v 0.0816456642783514 0.00022143138506729165 0.03241870271168068
v 0.08078213884671115 -0.0014506463501443717 0.03300000156741589
v 0.08073465349289322 -0.001607197361036261 0.03300000156741589
v 0.08083710100752484 -0.0016219013507635938 0.03291713870947621
v 0.08067702867326165 -0.0017603073956218296 0.03300000156741589
v 0.08075302507579707 -0.0017675284986793521 0.032940133705685604
v 0.0806689491440693 -0.0019131556465951105 0.032963128701894995
v 0.08067956163236634 -0.001827968803445254 0.0329807793069814
v 0.08048437119340779 -0.00221144352926278 0.03300000156741589
v 0.08049979020048781 -0.002206143722416204 0.0329907776289895
v 0.08061940385363009 -0.0019134173109981029 0.03300000156741589
v 0.08058436967227856 -0.002059649565296362 0.032976953165442247
v 0.08082963182992398 -0.0012940953392524823 0.03300000156741589
v 0.08100375750958122 -0.0013332411684052053 0.03285294498084124
v 0.08092042925855303 -0.0014775713191890472 0.032885041845158725
v 0.08099464801207823 0.0001635078269419249 0.03300000156741589
v 0.0813382454405076 0.00028350229417776346 0.032706708554217645
v 0.08148985677583376 0.0004913007850352105 0.03255329286699915
v 0.0813382454405076 0.0005663624674868625 0.032686479213657194
v 0.08133061604561398 0.0007671046025327713 0.03267075503078143
v 0.08101591113564677 0.0005923852605853666 0.03295901264334988
v 0.0809732628181914 0.0004898233348326654 0.03300000156741589
v 0.08101591113564677 0.0002965284726796219 0.03298017277008736
v 0.08101591113564677 0.0008869002286641947 0.032923802985915795
v 0.08095722583012499 0.000652631015781481 0.03300000156741589
v 0.08090392687739811 0.0009754516349621406 0.03300000156741589
v 0.08116843036896526 0.0010480280420271937 0.03277073443616496
v 0.08082963182992398 0.0012940953392524823 0.03300000156741589
v 0.08075302507579707 0.0017675284986793521 0.032940133705685604
v 0.08067702867326165 0.0017603073956218296 0.03300000156741589
v 0.08073465349289322 0.001607197361036261 0.03300000156741589
v 0.0806689491440693 0.0019131556465951105 0.032963128701894995
v 0.08067956163236634 0.001827968803445254 0.0329807793069814
v 0.08083710100752484 0.0016219013507635938 0.03291713870947621
v 0.08092042925855303 0.0014775713191890472 0.032885041845158725
v 0.08078213884671115 0.0014506463501443717 0.03300000156741589
v 0.08061940385363009 0.0019134173109981029 0.03300000156741589
v 0.08049979020048781 0.002206143722416204 0.0329907776289895
v 0.08033012771684334 0.0025000001187436283 0.03300000156741589
v 0.08048437119340779 0.00221144352926278 0.03300000156741589
v 0.08058436967227856 0.002059649565296362 0.032976953165442247
v 0.08124952320728962 0.0009075663520823063 0.03272074282612447
v 0.0809892998062578 0.0003270156538838498 0.03300000156741589
v 0.08133061604561398 0.0007671046025327713 0.03267075503078143
v 0.08148985677583376 0.0004913007850352105 0.03255329286699915
v 0.08133061604561398 0.0007671046025327713 0.030629249120216473
v 0.0816456642783514 0.00022143138506729165 0.03241870271168068
v 0.0816456642783514 0.00022143138506729165 0.030881299531968498
v 0.08116843036896526 0.0010480280420271937 0.03277073443616496
v 0.0806689491440693 0.0019131556465951105 0.030336873541754183
v 0.0806689491440693 0.0019131556465951105 0.032963128701894995
v 0.08083710100752484 0.0016219013507635938 0.03291713870947621
v 0.08100375750958122 0.0013332411684052053 0.03285294498084124
v 0.08083710100752484 0.0016219013507635938 0.030382863534172966
v 0.08116843036896526 0.0010480280420271937 0.030529267807484217
v 0.08049979020048781 0.002206143722416204 0.0329907776289895
v 0.08148985677583376 0.0004913007850352105 0.030746709376650028
v 0.08100375750958122 0.0013332411684052053 0.03044705726280794
v 0.08049979020048781 0.002206143722416204 0.030309226522008403
v 0.08033012771684334 0.0025000001187436283 0.030300000676233285
v 0.08033012771684334 0.0025000001187436283 0.03300000156741589
v 0.08016047286259376 0.0027938565150710526 0.0329907776289895
v 0.08016047286259376 0.0027938565150710526 0.030309226522008403
v 0.07999131391901226 0.003086844590892146 0.032963128701894995
v 0.07999131391901226 0.003086844590892146 0.030336873541754183
v 0.07982316205555673 0.0033780988867236628 0.03291713870947621
v 0.0794918326941163 0.003951972195460063 0.03277073443616496
v 0.07965650555350035 0.0036667591882913464 0.03285294498084124
v 0.07965650555350035 0.0036667591882913464 0.03044705726280794
v 0.07932963938807269 0.004232895575349838 0.030629249120216473
v 0.07932963938807269 0.004232895575349838 0.03267075503078143
v 0.07917040628724781 0.004508699631265989 0.03255329286699915
v 0.07917040628724781 0.004508699631265989 0.030746709376650028
v 0.07982316205555673 0.0033780988867236628 0.030382863534172966
v 0.07901459878473016 0.00477856897162926 0.030881299531968498
v 0.07901459878473016 0.00477856897162926 0.03241870271168068
v 0.0794918326941163 0.003951972195460063 0.030529267807484217
v 0.08015735244008226 0.0027778512366771757 0.03300000156741589
v 0.08016047286259376 0.0027938565150710526 0.0329907776289895
v 0.07996677015563947 0.0030438071742971973 0.03300000156741589
v 0.07999131391901226 0.003086844590892146 0.032963128701894995
v 0.07986298749690146 0.003170268209356508 0.03300000156741589
v 0.07982316205555673 0.0033780988867236628 0.03291713870947621
v 0.07965650555350035 0.0036667591882913464 0.03285294498084124
v 0.07953554149746189 0.0035355340729581464 0.03300000156741589
v 0.07932738108718418 0.0038151196861370418 0.03294963230232817
v 0.0794918326941163 0.003951972195460063 0.03277073443616496
v 0.07904381173777786 0.003966766784251757 0.03300000156741589
v 0.07932963938807269 0.004232895575349838 0.03267075503078143
v 0.07975920483816346 0.003296729244415819 0.03300000156741589
v 0.07929673380789648 0.003759199321008433 0.03300000156741589
v 0.0787991980786984 0.004461271974746939 0.032776761658130926
v 0.07850000372854993 0.004330127444897303 0.03300000156741589
v 0.07877785866118092 0.004157348353438783 0.03300000156741589
v 0.07821144475488317 0.004484363768904043 0.03300000156741589
v 0.07825671758418196 0.00456890461688314 0.03292204059569537
v 0.07917040628724781 0.004508699631265989 0.03255329286699915
v 0.07901459878473016 0.00477856897162926 0.03241870271168068
v 0.07791341770215343 0.004619397859637886 0.03300000156741589
v 0.07800098026734759 0.0050000002374872565 0.03267075503078143
v 0.07831944646899736 0.0050000002374872565 0.03255329286699915
v 0.07863106910342754 0.0050000002374872565 0.03241870271168068
v 0.07882283394407885 0.004889284366139668 0.03241870271168068
v 0.07767659365526036 0.0050000002374872565 0.03277073443616496
v 0.07697545226453606 0.00490392660545208 0.03300000156741589
v 0.07729410157166328 0.004829629173792038 0.03300000156741589
v 0.0770139425617744 0.0050000002374872565 0.03291713870947621
v 0.07760720430870283 0.004734650836761278 0.03300000156741589
v 0.07734726319528207 0.0050000002374872565 0.03285294498084124
v 0.07632702236313182 0.004989294765939956 0.03300000156741589
v 0.07648982602076693 0.0049732596852222755 0.03300000156741589
v 0.07633932094770035 0.0050000002374872565 0.0329907776289895
v 0.07667763120546844 0.0050000002374872565 0.032963128701894995
v 0.07665263730779692 0.004957224604504595 0.03300000156741589
v 0.07901459878473016 0.00477856897162926 0.030881299531968498
v 0.07917040628724781 0.004508699631265989 0.030746709376650028
v 0.0787991980786984 0.004461271974746939 0.030523242492866975
v 0.07932963938807269 0.004232895575349838 0.030629249120216473
v 0.07831944646899736 0.0050000002374872565 0.030746709376650028
v 0.07863106910342754 0.0050000002374872565 0.030881299531968498
v 0.07825671758418196 0.00456890461688314 0.03037796164795381
v 0.07850000372854993 0.004330127444897303 0.030300000676233285
v 0.07800098026734759 0.0050000002374872565 0.030629249120216473
v 0.0794918326941163 0.003951972195460063 0.030529267807484217
v 0.07904381173777786 0.003966766784251757 0.030300000676233285
v 0.07932738108718418 0.0038151196861370418 0.03035036994132101
v 0.07821144475488317 0.004484363768904043 0.030300000676233285
v 0.07877785866118092 0.004157348353438783 0.030300000676233285
v 0.07791341770215343 0.004619397859637886 0.030300000676233285
v 0.07767659365526036 0.0050000002374872565 0.030529267807484217
v 0.0770139425617744 0.0050000002374872565 0.030382863534172966
v 0.07734726319528207 0.0050000002374872565 0.03044705726280794
v 0.07729410157166328 0.004829629173792038 0.030300000676233285
v 0.07760720430870283 0.004734650836761278 0.030300000676233285
v 0.07633932094770035 0.0050000002374872565 0.030309226522008403
v 0.07648982602076693 0.0049732596852222755 0.030300000676233285
v 0.07632702236313182 0.004989294765939956 0.030300000676233285
v 0.07667763120546844 0.0050000002374872565 0.030336873541754183
v 0.07665263730779692 0.004957224604504595 0.030300000676233285
v 0.07697545226453606 0.00490392660545208 0.030300000676233285
v 0.07953554149746189 0.0035355340729581464 0.030300000676233285
v 0.07965650555350035 0.0036667591882913464 0.03044705726280794
v 0.07982316205555673 0.0033780988867236628 0.030382863534172966
v 0.07975920483816346 0.003296729244415819 0.030300000676233285
v 0.07986298749690146 0.003170268209356508 0.030300000676233285
v 0.07929673380789648 0.003759199321008433 0.030300000676233285
v 0.07996677015563947 0.0030438071742971973 0.030300000676233285
v 0.07999131391901226 0.003086844590892146 0.030336873541754183
v 0.08016047286259376 0.0027938565150710526 0.030309226522008403
v 0.08015735244008226 0.0027778512366771757 0.030300000676233285
v 0.07901459878473016 0.00477856897162926 0.03241870271168068
v 0.07901459878473016 0.00477856897162926 0.030881299531968498
v 0.07863106910342754 0.0050000002374872565 0.030881299531968498
v 0.07863106910342754 0.0050000002374872565 0.03241870271168068
v 0.07667763120546844 0.0050000002374872565 0.030336873541754183
v 0.07633932094770035 0.0050000002374872565 0.030309226522008403
v 0.07667763120546844 0.0050000002374872565 0.032963128701894995
v 0.0760000036098063 0.0050000002374872565 0.030300000676233285
v 0.07633932094770035 0.0050000002374872565 0.0329907776289895
v 0.0770139425617744 0.0050000002374872565 0.03291713870947621
v 0.0770139425617744 0.0050000002374872565 0.030382863534172966
v 0.07767659365526036 0.0050000002374872565 0.03277073443616496
v 0.07800098026734759 0.0050000002374872565 0.030629249120216473
v 0.07767659365526036 0.0050000002374872565 0.030529267807484217
v 0.07734726319528207 0.0050000002374872565 0.03044705726280794
v 0.07734726319528207 0.0050000002374872565 0.03285294498084124
v 0.07831944646899736 0.0050000002374872565 0.03255329286699915
v 0.07831944646899736 0.0050000002374872565 0.030746709376650028
v 0.07566068627191225 0.0050000002374872565 0.0329907776289895
v 0.07566068627191225 0.0050000002374872565 0.030309226522008403
v 0.07532237601414415 0.0050000002374872565 0.032963128701894995
v 0.07532237601414415 0.0050000002374872565 0.030336873541754183
v 0.07498606465783819 0.0050000002374872565 0.030382863534172966
v 0.07465274402433053 0.0050000002374872565 0.03044705726280794
v 0.07465274402433053 0.0050000002374872565 0.03285294498084124
v 0.07432341356435224 0.0050000002374872565 0.03277073443616496
v 0.07432341356435224 0.0050000002374872565 0.030529267807484217
v 0.07399902695226501 0.0050000002374872565 0.030629249120216473
v 0.07368056075061524 0.0050000002374872565 0.030746709376650028
v 0.07399902695226501 0.0050000002374872565 0.03267075503078143
v 0.07336893811618506 0.0050000002374872565 0.030881299531968498
v 0.07336893811618506 0.0050000002374872565 0.03241870271168068
v 0.07863106910342754 0.0050000002374872565 0.03241870271168068
v 0.07863106910342754 0.0050000002374872565 0.030881299531968498
v 0.07800098026734759 0.0050000002374872565 0.03267075503078143
v 0.0760000036098063 0.0050000002374872565 0.03300000156741589
v 0.07368056075061524 0.0050000002374872565 0.03255329286699915
v 0.07498606465783819 0.0050000002374872565 0.03291713870947621
v 0.0725081745254963 0.003951972195460063 0.03277073443616496
v 0.0726703678315399 0.004232895575349838 0.03267075503078143
v 0.0725081745254963 0.003951972195460063 0.030529267807484217
v 0.07282960093236479 0.004508699631265989 0.03255329286699915
v 0.07282960093236479 0.004508699631265989 0.030746709376650028
v 0.07234350166611225 0.0036667591882913464 0.03285294498084124
v 0.07183953435701884 0.0027938565150710526 0.030309226522008403
v 0.07183953435701884 0.0027938565150710526 0.0329907776289895
v 0.07200869330060033 0.003086844590892146 0.032963128701894995
v 0.07217684516405587 0.0033780988867236628 0.03291713870947621
v 0.07217684516405587 0.0033780988867236628 0.030382863534172966
v 0.07166987950276926 0.0025000001187436283 0.030300000676233285
v 0.07298540843488244 0.00477856897162926 0.03241870271168068
v 0.07298540843488244 0.00477856897162926 0.030881299531968498
v 0.0726703678315399 0.004232895575349838 0.030629249120216473
v 0.07234350166611225 0.0036667591882913464 0.03044705726280794
v 0.07200869330060033 0.003086844590892146 0.030336873541754183
v 0.07166987950276926 0.0025000001187436283 0.03300000156741589
v 0.0713310580755433 0.0019131556465951105 0.032963128701894995
v 0.07150021701912479 0.002206143722416204 0.0329907776289895
v 0.0713310580755433 0.0019131556465951105 0.030336873541754183
v 0.07116290621208776 0.0016219013507635938 0.03291713870947621
v 0.07116290621208776 0.0016219013507635938 0.030382863534172966
v 0.07099624971003138 0.0013332411684052053 0.03285294498084124
v 0.07066939117399862 0.0007671046025327713 0.03267075503078143
v 0.07083157685064734 0.0010480280420271937 0.03277073443616496
v 0.07083157685064734 0.0010480280420271937 0.030529267807484217
v 0.07051015044377884 0.0004913007850352105 0.030746709376650028
v 0.07051015044377884 0.0004913007850352105 0.03255329286699915
v 0.0703543429412612 0.00022143138506729165 0.03241870271168068
v 0.07150021701912479 0.002206143722416204 0.030309226522008403
v 0.07066939117399862 0.0007671046025327713 0.030629249120216473
v 0.07099624971003138 0.0013332411684052053 0.03044705726280794
v 0.0703543429412612 0.00022143138506729165 0.030881299531968498
vn 1.0534881456670764e-06 1.0375904186132505e-07 0.0
vn 1.041626930127988e-06 1.8951423171018273e-07 0.0
vn 1.0534881456670764e-06 1.0375904186132505e-07 0.0
vn 1.0585855248921867e-06 1.7337805618413454e-08 0.0
vn 1.0079710951436549e-06 3.23877075409634e-07 0.0
vn 9.846394084207618e-07 3.8908095745020994e-07 0.0
vn 1.0180351763208188e-06 2.907052184026814e-07 0.0
vn 9.25417498472143e-07 5.142976795323437e-07 0.0
vn 8.898124478165517e-07 5.737062712988836e-07 0.0
vn 9.417608479007231e-07 4.837213435249001e-07 0.0
vn 9.713718028750324e-07 4.211129824838332e-07 0.0
vn 1.034863093812985e-06 2.2352379655295575e-07 0.0
vn 8.073003717562671e-07 6.849566184788974e-07 0.0
vn 7.60790635300862e-07 7.362696566517306e-07 0.0
vn 8.292947085593983e-07 6.581637006479869e-07 0.0
vn 6.581594091119426e-07 8.292964251738159e-07 0.0
vn 6.025323043307158e-07 8.70550102859134e-07 0.0
vn 6.849596225541283e-07 8.073031612546958e-07 0.0
vn 7.362752356485881e-07 7.607897769936532e-07 0.0
vn 4.837254204841421e-07 9.41769001819207e-07 0.0
vn 4.211183469038884e-07 9.713771672950876e-07 0.0
vn 5.143019710683879e-07 9.254199661053683e-07 0.0
vn 2.907024289042527e-07 1.0180278807095436e-06 0.0
vn 2.2352143620813148e-07 1.0348644349179988e-06 0.0
vn 3.238798649080627e-07 1.0079616537643577e-06 0.0
vn 3.890878239078806e-07 9.846362970571297e-07 0.0
vn 5.737054129916748e-07 8.898105166253319e-07 0.0
vn 8.705507465895406e-07 6.025385270579799e-07 0.0
vn 1.0585855248932114e-06 -1.7337805618413454e-08 0.0
vn 8.650813984780586e-08 1.0551891496231488e-06 0.0
vn 1.2101123133565747e-07 1.0517971195338434e-06 0.0
vn 1.8951787951582025e-07 1.0416347621812684e-06 0.0
vn -1.055187272075099e-06 8.651050019263015e-08 0.0
vn -1.0585855248932144e-06 -1.7337805618413454e-08 0.0
vn -1.058585524892184e-06 1.7337805618413454e-08 0.0
vn -1.7335016119984753e-08 1.0585811797124542e-06 0.0
vn -8.650813984780586e-08 1.0551891496231488e-06 0.0
vn 1.7335016119984753e-08 1.0585811797124542e-06 0.0
vn -2.2352143620813148e-07 1.0348644349179988e-06 0.0
vn -2.907024289042527e-07 1.0180278807095436e-06 0.0
vn -1.8951787951582025e-07 1.0416347621812684e-06 0.0
vn -1.2101123133565747e-07 1.0517971195338434e-06 0.0
vn -4.211183469038884e-07 9.713771672950876e-07 0.0
vn -4.837254204841421e-07 9.41769001819207e-07 0.0
vn -3.890878239078806e-07 9.846362970571297e-07 0.0
vn -6.025323043307158e-07 8.70550102859134e-07 0.0
vn -6.581594091119426e-07 8.292964251738159e-07 0.0
vn -5.737054129916748e-07 8.898105166253319e-07 0.0
vn -5.143019710683879e-07 9.254199661053683e-07 0.0
vn -3.238798649080627e-07 1.0079616537643577e-06 0.0
vn -7.60790635300862e-07 7.362696566517306e-07 0.0
vn -8.073003717562672e-07 6.849566184788974e-07 0.0
vn -7.362752356485878e-07 7.607897769936532e-07 0.0
vn -8.898124478165517e-07 5.737062712988836e-07 0.0
vn -9.25417498472143e-07 5.142976795323437e-07 0.0
vn -8.705507465895406e-07 6.025385270579799e-07 0.0
vn -8.292947085593983e-07 6.581637006479869e-07 0.0
vn -9.846394084207618e-07 3.8908095745020994e-07 0.0
vn -1.0079710951436549e-06 3.23877075409634e-07 0.0
vn -9.713718028750326e-07 4.211129824838332e-07 0.0
vn -1.041626930127988e-06 1.8951423171018273e-07 0.0
vn -1.0517890192590448e-06 1.2100758353001992e-07 0.0
vn -1.034863093812985e-06 2.2352379655295575e-07 0.0
vn -1.0180351763208188e-06 2.907052184026814e-07 0.0
vn -9.417608479007231e-07 4.837213435249001e-07 0.0
vn -6.849596225541283e-07 8.073031612546958e-07 0.0
vn 0.0 0.0 -3.6059193519859376e-07
vn 0.0 0.0 -3.491659296532941e-07
vn 0.0 0.0 -3.2701404059476775e-07
vn 0.0 0.0 -3.715517228203361e-07
vn 0.0 0.0 -3.4916782683607853e-07
vn 0.0 0.0 -3.605925694900361e-07
vn 0.0 0.0 -3.270154080847559e-07
vn 0.0 0.0 -3.4916718961219763e-07
vn 0.0 0.0 -3.605928256903978e-07
vn 0.0 0.0 -3.491654958940081e-07
vn 0.0 0.0 -3.2701626732268105e-07
vn 0.0 0.0 -3.715513883578721e-07
vn 0.0 0.0 -3.491678549252188e-07
vn 0.0 0.0 -3.605922768802106e-07
vn 0.0 0.0 -3.2701437941272656e-07
vn 0.0 0.0 -3.4916677326791783e-07
vn 0.0 0.0 -3.491667575250178e-07
vn 0.0 0.0 -3.491678177472718e-07
vn 0.0 0.0 -3.715524086287813e-07
vn 0.0 0.0 -3.715518444052374e-07
vn 0.0 0.0 -3.491665784507994e-07
vn 0.0 0.0 -3.6059362776725764e-07
vn 0.0 0.0 -3.270156694162599e-07
vn 0.0 0.0 -3.270130114686732e-07
vn 0.0 0.0 -3.6059160409201395e-07
vn 0.0 0.0 -3.491688714632992e-07
vn 0.0 0.0 -3.7155298486198264e-07
vn 0.0 0.0 -3.4916809546718766e-07
vn 0.0 0.0 -3.605929578881938e-07
vn 0.0 0.0 -3.270165739579394e-07
vn 0.0 0.0 -3.4916388025533986e-07
vn 0.0 0.0 -3.7155290126000905e-07
vn 0.0 0.0 -3.491666644195816e-07
vn 0.0 0.0 -3.491673164018344e-07
vn 0.0 0.0 -3.6059353145289647e-07
vn 0.0 0.0 -3.2701528732294743e-07
vn 0.0 0.0 -3.4916813135221403e-07
vn 0.0 0.0 -3.715500021047033e-07
vn 0.0 0.0 -3.605936240767552e-07
vn 0.0 0.0 -3.4916620231073667e-07
vn 0.0 0.0 -3.7155186656053047e-07
vn 0.0 0.0 -3.491667575250178e-07
vn 0.0 0.0 -3.491678177480256e-07
vn 0.0 0.0 -3.715524086291663e-07
vn 0.0 0.0 -3.270143794127266e-07
vn 0.0 0.0 -3.605922768802106e-07
vn 0.0 0.0 -3.4916677326791783e-07
vn 0.0 0.0 -3.715518444052373e-07
vn 0.0 0.0 -3.491665784507994e-07
vn 0.0 0.0 -3.605925694900361e-07
vn 0.0 0.0 -3.270154080847559e-07
vn 0.0 0.0 -3.4916782683607853e-07
vn 0.0 0.0 -3.715517228203361e-07
vn 0.0 0.0 -3.491659296532941e-07
vn 0.0 0.0 -3.605919351985938e-07
vn 0.0 0.0 -3.270140405947678e-07
vn 0.0 0.0 -3.4916718961219763e-07
vn 0.0 0.0 -3.715513883578721e-07
vn 0.0 0.0 -3.491654958940081e-07
vn 0.0 0.0 -3.6059282569039787e-07
vn 0.0 0.0 -3.270162673226811e-07
vn 0.0 0.0 -3.491678549252188e-07
vn 0.0 0.0 -3.7155186656053036e-07
vn 0.0 0.0 -3.4916620231073667e-07
vn 0.0 0.0 -3.605929578881938e-07
vn 0.0 0.0 -3.270165739579394e-07
vn 0.0 0.0 -3.4916809546718766e-07
vn 0.0 0.0 -3.7155298486198264e-07
vn 0.0 0.0 -3.4916813135221403e-07
vn 0.0 0.0 -3.715500021047032e-07
vn 0.0 0.0 -3.6059353145289647e-07
vn 0.0 0.0 -3.491638802553398e-07
vn 0.0 0.0 -3.6059160409201395e-07
vn 0.0 0.0 -3.491688714632992e-07
vn 0.0 0.0 -3.491666644195816e-07
vn 0.0 0.0 -3.7155290126000905e-07
vn 0.0 0.0 -3.2701301146867315e-07
vn 0.0 0.0 -3.2701528732294743e-07
vn 0.0 0.0 -3.491673164018344e-07
vn 0.0 0.0 -3.605936240767552e-07
vn 0.0 0.0 -3.2701876885808265e-07
vn 0.0 0.0 -3.2701876885808265e-07
vn 0.0 0.0 -3.491673164018344e-07
vn 0.0 0.0 -3.7155290126000905e-07
vn 0.0 0.0 -3.270152873229475e-07
vn 0.0 0.0 -3.605935314528965e-07
vn 0.0 0.0 -3.491666644195816e-07
vn 0.0 0.0 -3.4916813135221403e-07
vn 0.0 0.0 -3.6059160409201395e-07
vn 0.0 0.0 -3.491638802553398e-07
vn 0.0 0.0 -3.2701301146867315e-07
vn 0.0 0.0 -3.7155298486198264e-07
vn 0.0 0.0 -3.4916887146329915e-07
vn 0.0 0.0 -3.4916809546718766e-07
vn 0.0 0.0 -3.715500021047033e-07
vn 0.0 0.0 -3.6059295788819383e-07
vn 0.0 0.0 -3.270165739579394e-07
vn 0.0 0.0 -3.4916620231073667e-07
vn 0.0 0.0 -3.7155186656053047e-07
vn 0.0 0.0 -3.491678549252188e-07
vn 0.0 0.0 -3.605928256903978e-07
vn 0.0 0.0 -3.491654958940081e-07
vn 0.0 0.0 -3.715513883578721e-07
vn 0.0 0.0 -3.270162673226811e-07
vn 0.0 0.0 -3.715517228203361e-07
vn 0.0 0.0 -3.605919351985938e-07
vn 0.0 0.0 -3.491659296532941e-07
vn 0.0 0.0 -3.491671896121977e-07
vn 0.0 0.0 -3.270140405947678e-07
vn 0.0 0.0 -3.4916782683607853e-07
vn 0.0 0.0 -3.605925694900361e-07
vn 0.0 0.0 -3.270154080847559e-07
vn 0.0 0.0 -3.715518444052373e-07
vn 0.0 0.0 -3.491665784507994e-07
vn 0.0 0.0 -3.7155240862878243e-07
vn 0.0 0.0 -3.605922768802106e-07
vn 0.0 0.0 -3.491667575250178e-07
vn 0.0 0.0 -3.6059362776725775e-07
vn 0.0 0.0 -3.491678177472752e-07
vn 0.0 0.0 -3.4916677326791783e-07
vn 0.0 0.0 -3.2701437941272656e-07
vn 0.0 0.0 -3.270156694162599e-07
vn 0.0 0.0 -3.491688714632992e-07
vn 0.0 0.0 -3.6059160409201395e-07
vn 0.0 0.0 -3.7155298486198264e-07
vn 0.0 0.0 -3.4916813135221403e-07
vn 0.0 0.0 -3.6059353145289647e-07
vn 0.0 0.0 -3.715500021047033e-07
vn 0.0 0.0 -3.491666644195816e-07
vn 0.0 0.0 -3.7155290126000905e-07
vn 0.0 0.0 -3.491638802553398e-07
vn 0.0 0.0 -3.491678549252188e-07
vn 0.0 0.0 -3.7155186656053047e-07
vn 0.0 0.0 -3.6059282569039787e-07
vn 0.0 0.0 -3.6059295788819383e-07
vn 0.0 0.0 -3.4916620231073667e-07
vn 0.0 0.0 -3.4916809546718766e-07
vn 0.0 0.0 -3.715513883578721e-07
vn 0.0 0.0 -3.491654958940081e-07
vn 0.0 0.0 -3.270165739579394e-07
vn 0.0 0.0 -3.2701528732294743e-07
vn 0.0 0.0 -3.491673164018344e-07
vn 0.0 0.0 -3.2701301146867315e-07
vn 0.0 0.0 -3.4916677326791783e-07
vn 0.0 0.0 -3.715518444052374e-07
vn 0.0 0.0 -3.605922768802106e-07
vn 0.0 0.0 -3.605925694900361e-07
vn 0.0 0.0 -3.491665784507994e-07
vn 0.0 0.0 -3.270154080847559e-07
vn 0.0 0.0 -3.7155240862916524e-07
vn 0.0 0.0 -3.491667575250178e-07
vn 0.0 0.0 -3.491678177480223e-07
vn 0.0 0.0 -3.2701437941272656e-07
vn 0.0 0.0 -3.491671896121977e-07
vn 0.0 0.0 -3.2701626732268105e-07
vn 0.0 0.0 -3.6059193519859376e-07
vn 0.0 0.0 -3.715517228203361e-07
vn 0.0 0.0 -3.491659296532941e-07
vn 0.0 0.0 -3.4916782683607853e-07
vn 0.0 0.0 -3.2701404059476775e-07
vn 0.0 0.0 3.270140405947678e-07
vn 0.0 0.0 3.491659296532941e-07
vn 0.0 0.0 3.605919351985938e-07
vn 0.0 0.0 3.4916782683607853e-07
vn 0.0 0.0 3.715517228203361e-07
vn 0.0 0.0 3.270154080847559e-07
vn 0.0 0.0 3.605925694900361e-07
vn 0.0 0.0 3.4916718961219763e-07
vn 0.0 0.0 3.270162673226811e-07
vn 0.0 0.0 3.491654958940081e-07
vn 0.0 0.0 3.6059282569039787e-07
vn 0.0 0.0 3.715513883578721e-07
vn 0.0 0.0 3.491678549252188e-07
vn 0.0 0.0 3.4916677326791783e-07
vn 0.0 0.0 3.270143794127266e-07
vn 0.0 0.0 3.605922768802106e-07
vn 0.0 0.0 3.4916675752501774e-07
vn 0.0 0.0 3.715524086287813e-07
vn 0.0 0.0 3.4916781774725783e-07
vn 0.0 0.0 3.491665784507994e-07
vn 0.0 0.0 3.715518444052374e-07
vn 0.0 0.0 3.605936277672577e-07
vn 0.0 0.0 3.4916887146329915e-07
vn 0.0 0.0 3.6059160409201395e-07
vn 0.0 0.0 3.2701301146867315e-07
vn 0.0 0.0 3.4916809546718766e-07
vn 0.0 0.0 3.7155298486198264e-07
vn 0.0 0.0 3.270165739579394e-07
vn 0.0 0.0 3.605929578881938e-07
vn 0.0 0.0 3.491638802553398e-07
vn 0.0 0.0 3.7155290126000905e-07
vn 0.0 0.0 3.491673164018344e-07
vn 0.0 0.0 3.491666644195816e-07
vn 0.0 0.0 3.2701528732294743e-07
vn 0.0 0.0 3.605935314528965e-07
vn 0.0 0.0 3.4916813135221403e-07
vn 0.0 0.0 3.715500021047033e-07
vn 0.0 0.0 3.2701876885808265e-07
vn 0.0 0.0 3.605936240767552e-07
vn 0.0 0.0 3.491662023107366e-07
vn 0.0 0.0 3.7155186656053036e-07
vn 0.0 0.0 3.491673164018344e-07
vn 0.0 0.0 3.715524086291663e-07
vn 0.0 0.0 3.491678177480396e-07
vn 0.0 0.0 3.4916675752501774e-07
vn 0.0 0.0 3.4916677326791783e-07
vn 0.0 0.0 3.605922768802106e-07
vn 0.0 0.0 3.270143794127266e-07
vn 0.0 0.0 3.270156694162599e-07
vn 0.0 0.0 3.491665784507994e-07
vn 0.0 0.0 3.715518444052374e-07
vn 0.0 0.0 3.605925694900361e-07
vn 0.0 0.0 3.270154080847559e-07
vn 0.0 0.0 3.4916782683607853e-07
vn 0.0 0.0 3.270140405947678e-07
vn 0.0 0.0 3.605919351985938e-07
vn 0.0 0.0 3.491659296532941e-07
vn 0.0 0.0 3.71551722820336e-07
vn 0.0 0.0 3.4916718961219763e-07
vn 0.0 0.0 3.491654958940081e-07
vn 0.0 0.0 3.715513883578721e-07
vn 0.0 0.0 3.605928256903978e-07
vn 0.0 0.0 3.2701626732268105e-07
vn 0.0 0.0 3.491678549252188e-07
vn 0.0 0.0 3.4916620231073667e-07
vn 0.0 0.0 3.7155186656053036e-07
vn 0.0 0.0 3.6059295788819383e-07
vn 0.0 0.0 3.270165739579394e-07
vn 0.0 0.0 3.715500021047033e-07
vn 0.0 0.0 3.6059160409201395e-07
vn 0.0 0.0 3.491638802553398e-07
vn 0.0 0.0 3.7155298486198264e-07
vn 0.0 0.0 3.4916887146329915e-07
vn 0.0 0.0 3.4916809546718766e-07
vn 0.0 0.0 3.6059353145289647e-07
vn 0.0 0.0 3.4916813135221403e-07
vn 0.0 0.0 3.2701301146867315e-07
vn 0.0 0.0 3.2701528732294743e-07
vn 0.0 0.0 3.491666644195816e-07
vn 0.0 0.0 3.491673164018344e-07
vn 0.0 0.0 3.7155290126000905e-07
vn 0.0 0.0 3.605936240767552e-07
vn 0.0 0.0 3.7155290126000905e-07
vn 0.0 0.0 3.491666644195816e-07
vn 0.0 0.0 3.605935314528965e-07
vn 0.0 0.0 3.2701528732294743e-07
vn 0.0 0.0 3.4916813135221403e-07
vn 0.0 0.0 3.2701301146867315e-07
vn 0.0 0.0 3.491638802553398e-07
vn 0.0 0.0 3.6059160409201395e-07
vn 0.0 0.0 3.4916809546718766e-07
vn 0.0 0.0 3.491688714632992e-07
vn 0.0 0.0 3.7155298486198264e-07
vn 0.0 0.0 3.715500021047033e-07
vn 0.0 0.0 3.270165739579394e-07
vn 0.0 0.0 3.6059295788819383e-07
vn 0.0 0.0 3.7155186656053047e-07
vn 0.0 0.0 3.491678549252188e-07
vn 0.0 0.0 3.4916620231073667e-07
vn 0.0 0.0 3.6059282569039787e-07
vn 0.0 0.0 3.715513883578721e-07
vn 0.0 0.0 3.491654958940081e-07
vn 0.0 0.0 3.270162673226811e-07
vn 0.0 0.0 3.491671896121977e-07
vn 0.0 0.0 3.491659296532941e-07
vn 0.0 0.0 3.605919351985938e-07
vn 0.0 0.0 3.715517228203361e-07
vn 0.0 0.0 3.270140405947678e-07
vn 0.0 0.0 3.4916782683607853e-07
vn 0.0 0.0 3.605925694900361e-07
vn 0.0 0.0 3.270154080847559e-07
vn 0.0 0.0 3.491665784507994e-07
vn 0.0 0.0 3.715518444052373e-07
vn 0.0 0.0 3.4916675752501774e-07
vn 0.0 0.0 3.605922768802106e-07
vn 0.0 0.0 3.7155240862878243e-07
vn 0.0 0.0 3.4916781774725974e-07
vn 0.0 0.0 3.605936277672577e-07
vn 0.0 0.0 3.4916677326791783e-07
vn 0.0 0.0 3.2701437941272656e-07
vn 0.0 0.0 3.270156694162599e-07
vn 0.0 0.0 3.4916781774803774e-07
vn 0.0 0.0 3.60591604092014e-07
vn 0.0 0.0 3.715500021047033e-07
vn 0.0 0.0 3.4916388025533986e-07
vn 0.0 0.0 3.605935314528965e-07
vn 0.0 0.0 3.7155290126000905e-07
vn 0.0 0.0 3.491666644195816e-07
vn 0.0 0.0 3.491673164018344e-07
vn 0.0 0.0 3.4916813135221403e-07
vn 0.0 0.0 3.491678549252188e-07
vn 0.0 0.0 3.7155186656053047e-07
vn 0.0 0.0 3.4916620231073667e-07
vn 0.0 0.0 3.6059295788819383e-07
vn 0.0 0.0 3.7155298486198264e-07
vn 0.0 0.0 3.4916809546718766e-07
vn 0.0 0.0 3.491688714632992e-07
vn 0.0 0.0 3.6059282569039787e-07
vn 0.0 0.0 3.270165739579394e-07
vn 0.0 0.0 3.2701528732294743e-07
vn 0.0 0.0 3.2701876885808265e-07
vn 0.0 0.0 3.270130114686732e-07
vn 0.0 0.0 3.491667575250178e-07
vn 0.0 0.0 3.715524086291652e-07
vn 0.0 0.0 3.605922768802106e-07
vn 0.0 0.0 3.491665784507994e-07
vn 0.0 0.0 3.715518444052373e-07
vn 0.0 0.0 3.605925694900361e-07
vn 0.0 0.0 3.715517228203361e-07
vn 0.0 0.0 3.4916782683607853e-07
vn 0.0 0.0 3.4916677326791783e-07
vn 0.0 0.0 3.270143794127266e-07
vn 0.0 0.0 3.270154080847559e-07
vn 0.0 0.0 3.491671896121977e-07
vn 0.0 0.0 3.715513883578721e-07
vn 0.0 0.0 3.491654958940081e-07
vn 0.0 0.0 3.270162673226811e-07
vn 0.0 0.0 3.605919351985938e-07
vn 0.0 0.0 3.491659296532941e-07
vn 0.0 0.0 3.270140405947678e-07
vn -1.0551872720771601e-06 -8.651050019263015e-08 0.0
vn -1.034863093812985e-06 -2.2352379655295575e-07 0.0
vn -1.0180351763208188e-06 -2.907052184026814e-07 0.0
vn -1.041626930127988e-06 -1.8951423171018273e-07 0.0
vn -1.0517890192600754e-06 -1.2100758353001992e-07 0.0
vn -9.713718028750326e-07 -4.211129824838332e-07 0.0
vn -9.417608479007231e-07 -4.837213435249001e-07 0.0
vn -9.846394084207618e-07 -3.8908095745020994e-07 0.0
vn -8.705507465895406e-07 -6.025385270579799e-07 0.0
vn -8.292947085593983e-07 -6.581637006479869e-07 0.0
vn -8.898124478165517e-07 -5.737062712988836e-07 0.0
vn -9.25417498472143e-07 -5.142976795323437e-07 0.0
vn -1.0079710951436549e-06 -3.23877075409634e-07 0.0
vn -7.362752356485881e-07 -7.607897769936532e-07 0.0
vn -6.849596225541283e-07 -8.073031612546958e-07 0.0
vn -7.60790635300862e-07 -7.362696566517306e-07 0.0
vn -5.737054129916748e-07 -8.898105166253319e-07 0.0
vn -5.143019710683879e-07 -9.254199661053683e-07 0.0
vn -6.025323043307158e-07 -8.70550102859134e-07 0.0
vn -6.581594091119426e-07 -8.292964251738159e-07 0.0
vn -3.890878239078806e-07 -9.846362970571297e-07 0.0
vn -3.238798649080627e-07 -1.0079616537643577e-06 0.0
vn -4.211183469038884e-07 -9.713771672950876e-07 0.0
vn -1.8951787951582025e-07 -1.0416347621812684e-06 0.0
vn -1.2101123133565747e-07 -1.0517971195338434e-06 0.0
vn -2.2352143620813148e-07 -1.0348644349179988e-06 0.0
vn -2.907024289042527e-07 -1.0180278807095436e-06 0.0
vn -4.837254204841421e-07 -9.41769001819207e-07 0.0
vn -8.073003717562672e-07 -6.849566184788974e-07 0.0
vn -8.650813984780586e-08 -1.0551891496231488e-06 0.0
vn 1.7335016119984753e-08 -1.0585811797124542e-06 0.0
vn -1.7335016119984753e-08 -1.0585811797124542e-06 0.0
vn 1.2101123133565747e-07 -1.0517971195338434e-06 0.0
vn 1.8951787951582025e-07 -1.0416347621812684e-06 0.0
vn 8.650813984780586e-08 -1.0551891496231488e-06 0.0
vn 3.238798649080627e-07 -1.0079616537643577e-06 0.0
vn 3.890878239078806e-07 -9.846362970571297e-07 0.0
vn 2.907024289042527e-07 -1.0180278807095436e-06 0.0
vn 2.2352143620813148e-07 -1.0348644349179988e-06 0.0
vn 5.143019710683879e-07 -9.254199661053683e-07 0.0
vn 5.737054129916748e-07 -8.898105166253319e-07 0.0
vn 4.837254204841421e-07 -9.41769001819207e-07 0.0
vn 6.849596225541283e-07 -8.073031612546958e-07 0.0
vn 7.362752356485878e-07 -7.607897769936532e-07 0.0
vn 6.581594091119426e-07 -8.292964251738159e-07 0.0
vn 6.025323043307158e-07 -8.70550102859134e-07 0.0
vn 4.211183469038884e-07 -9.713771672950876e-07 0.0
vn 8.292947085593983e-07 -6.581637006479869e-07 0.0
vn 8.705507465895406e-07 -6.025385270579799e-07 0.0
vn 8.073003717562672e-07 -6.849566184788974e-07 0.0
vn 9.417608479007231e-07 -4.837213435249001e-07 0.0
vn 9.713718028750326e-07 -4.211129824838332e-07 0.0
vn 9.25417498472143e-07 -5.142976795323437e-07 0.0
vn 8.898124478165517e-07 -5.737062712988836e-07 0.0
vn 1.0180351763208188e-06 -2.907052184026814e-07 0.0
vn 1.034863093812985e-06 -2.2352379655295575e-07 0.0
vn 1.0079710951436549e-06 -3.23877075409634e-07 0.0
vn 1.0534881456686133e-06 -1.0375904186132505e-07 0.0
vn 1.041626930127988e-06 -1.8951423171018273e-07 0.0
vn 9.846394084207618e-07 -3.8908095745020994e-07 0.0
vn 7.60790635300862e-07 -7.362696566517306e-07 0.0
vn 1.0534881456686133e-06 -1.0375904186132505e-07 0.0
vn -6.808586309810537e-07 0.0 0.0
vn -6.808586309810537e-07 0.0 0.0
vn -6.808586309810537e-07 0.0 0.0
vn -6.808586309810537e-07 0.0 0.0
vn -2.6127950772217455e-09 1.5085122918763596e-09 -3.6320623752195618e-09
vn -3.6031607639199517e-09 1.7008335431898097e-09 -4.915786925064285e-09
vn -1.9702271072549286e-09 9.951067985975055e-10 -2.721167522595794e-09
vn -4.515112297905109e-09 2.0377415101738824e-09 -6.117172541592534e-09
vn -4.58897037156816e-09 1.979883489907348e-09 -6.261401398424647e-09
vn -4.35767105119945e-09 1.8091976110557805e-09 -5.690159697823302e-09
vn -3.632509128154458e-09 1.3526753730586527e-09 -4.8112642957920775e-09
vn -7.50319663388275e-09 2.774517875689364e-09 -9.736936804305061e-09
vn -1.4277937151717686e-08 4.5621559709992345e-09 -1.8364982408019275e-08
vn -1.1514611471294653e-08 3.998546212618256e-09 -1.4981267906262797e-08
vn -5.340475644336002e-09 1.9555779401854943e-09 -7.154152328048606e-09
vn -1.6141890776138782e-08 4.845085432006679e-09 -2.062260236470085e-08
vn -1.5155199879561103e-08 2.2617155253995528e-09 -1.9101029763742993e-08
vn -3.573119331931722e-08 3.0439273697375975e-09 -4.231799758411389e-08
vn -3.674960408187406e-08 4.50833573748843e-09 -4.3446771842334874e-08
vn -2.3643038364314543e-08 5.38693480726081e-09 -2.9156723048218914e-08
vn -2.5551388261002297e-08 6.7502915126664425e-09 -3.235501572673133e-08
vn -3.201116904810633e-08 6.596616022764739e-09 -3.990897038480565e-08
vn -3.37465372126149e-08 5.384062127954604e-09 -4.032142748465851e-08
vn -1.7889718882660013e-08 4.8365983516362765e-09 -2.219631670082956e-08
vn -2.561532053258025e-08 5.020348362782268e-09 -3.0697825463290654e-08
vn -4.78335343893756e-08 6.604357165826375e-09 -5.538609693561888e-08
vn -4.7675825992923206e-08 4.517621501742267e-09 -5.49325116196456e-08
vn -2.3926514640647993e-08 1.5680319882247143e-09 -2.823395755812516e-08
vn -6.419147633217752e-08 3.455790776135326e-09 -7.269777149337739e-08
vn -3.381373176602772e-08 9.548919658632717e-10 -4.001160213221152e-08
vn -4.54923360099048e-08 3.3217631525544608e-09 -4.867958016664891e-08
vn -7.22356034838398e-08 1.8574818793030499e-09 -7.617264961409526e-08
vn -6.861013433848784e-08 8.271806125530277e-25 -7.633524145791192e-08
vn -2.9555024421165828e-08 4.788149239277642e-09 -3.4489427941799945e-08
vn -2.3426159881469514e-08 -4.1359030627651384e-25 -2.765257394390195e-08
vn -2.3926514640647993e-08 -1.5680319882247155e-09 -2.823395755812516e-08
vn -3.38137317659008e-08 -9.548919658632705e-10 -4.0011602132062297e-08
vn -3.2352220355618984e-09 -2.1202133770675857e-10 -4.015857592047054e-09
vn -3.37465372126149e-08 -5.384062127954602e-09 -4.032142748465851e-08
vn -1.5155199879561103e-08 -2.2617155253995528e-09 -1.9101029763742993e-08
vn -3.201116904810633e-08 -6.5966160227647395e-09 -3.990897038480565e-08
vn -2.555138826100229e-08 -6.750291512666443e-09 -3.235501572673133e-08
vn -2.3643038364314536e-08 -5.386934807260811e-09 -2.9156723048218914e-08
vn -3.5731193319317216e-08 -3.0439273697375975e-09 -4.231799758411389e-08
vn -3.674960408187406e-08 -4.508335737488431e-09 -4.344677184233488e-08
vn -1.7889718882660013e-08 -4.836598351636277e-09 -2.219631670082956e-08
vn -1.9311521944518698e-08 -5.755188005227412e-09 -2.4508286679678965e-08
vn -4.588970371568161e-09 -1.9798834899073484e-09 -6.261401398424647e-09
vn -4.35767105119945e-09 -1.8091976110557805e-09 -5.690159697823302e-09
vn -3.6325091281544574e-09 -1.3526753730586527e-09 -4.8112642957920775e-09
vn -4.5151122979051085e-09 -2.0377415101738824e-09 -6.117172541592534e-09
vn -1.9702271072549282e-09 -9.951067985975057e-10 -2.7211675225957926e-09
vn -3.6031607639199517e-09 -1.7008335431898097e-09 -4.915786925064284e-09
vn -2.612795077221745e-09 -1.5085122918763598e-09 -3.6320623752195597e-09
vn -1.4277937151717686e-08 -4.5621559709992345e-09 -1.8364982408019275e-08
vn -1.6141890776138782e-08 -4.845085432006679e-09 -2.062260236470085e-08
vn -1.1514611471294653e-08 -3.998546212618256e-09 -1.49812679062628e-08
vn -7.50319663388275e-09 -2.7745178756893643e-09 -9.736936804305064e-09
vn -5.340475644336002e-09 -1.9555779401854943e-09 -7.154152328048606e-09
vn -6.419147633208624e-08 -3.455790776135325e-09 -7.269777149327517e-08
vn -4.783353438937561e-08 -6.604357165826374e-09 -5.5386096935618883e-08
vn -2.9555024421165828e-08 -4.78814923927764e-09 -3.4489427941799945e-08
vn -4.7675825992923206e-08 -4.517621501742267e-09 -5.493251161964559e-08
vn -6.526779584518432e-08 0.0 -6.807217905952935e-08
vn -7.223560348362523e-08 -1.8574818793030499e-09 -7.617264961386889e-08
vn -4.54923360099048e-08 -3.3217631525544608e-09 -4.867958016664891e-08
vn -2.561532053258025e-08 -5.020348362782268e-09 -3.0697825463290654e-08
vn -9.413893983389543e-09 -2.2839152648433485e-09 -1.0933028489883216e-08
vn -2.0882577156174434e-09 0.0 -2.6009661511722634e-09
vn -9.413893983389542e-09 2.2839152648433485e-09 -1.0933028489883217e-08
vn -1.93115219445187e-08 5.75518800522741e-09 -2.4508286679678965e-08
vn -3.2352220355618984e-09 2.1202133770675852e-10 -4.015857592047054e-09
vn -2.612254908712913e-09 -1.5082004224755169e-09 3.6320623752195618e-09
vn -3.602880796564628e-09 -1.7006719005000975e-09 4.915786925064285e-09
vn -1.969807156221944e-09 -9.948643345629376e-10 2.721167522595794e-09
vn -4.515015789897312e-09 -2.03767793285021e-09 6.117172541592534e-09
vn -4.58897037156816e-09 -1.979883489907348e-09 6.261401398424647e-09
vn -4.35767105119945e-09 -1.8091976110557805e-09 5.690159697823302e-09
vn -3.632509128154458e-09 -1.3526753730586527e-09 4.8112642957920775e-09
vn -7.50319663388275e-09 -2.774517875689364e-09 9.736936804305061e-09
vn -1.4277937151717686e-08 -4.5621559709992345e-09 1.8364982408019275e-08
vn -1.1514611471294653e-08 -3.998546212618256e-09 1.4981267906262797e-08
vn -5.340475644336002e-09 -1.9555779401854943e-09 7.154152328048606e-09
vn -1.6141890776138782e-08 -4.845085432006679e-09 2.062260236470085e-08
vn -1.5154956332507725e-08 -2.2616443277222148e-09 1.9101029763742993e-08
vn -3.5731075489810895e-08 -3.04380440895262e-09 4.231799758411389e-08
vn -3.6749419700211656e-08 -4.508206659077712e-09 4.3446771842334874e-08
vn -2.364314716449304e-08 -5.386997624974435e-09 2.9156723048218914e-08
vn -2.5551388261002297e-08 -6.7502915126664425e-09 3.235501572673133e-08
vn -3.201098050810301e-08 -6.596716732941623e-09 3.990897038480565e-08
vn -2.561541554880817e-08 -5.020585882803168e-09 3.0697825463290654e-08
vn -9.414165983835791e-09 -2.2840723091274114e-09 1.0933028489883217e-08
vn -3.374643701923948e-08 -5.384136391235709e-09 4.032142748465851e-08
vn -1.78898166882895e-08 -4.836606078703997e-09 2.219631670082956e-08
vn -4.783353438937561e-08 -6.604357165826378e-09 5.538609693561888e-08
vn -6.419147673465624e-08 -3.4556500154459483e-09 7.26977714932715e-08
vn -2.3926514640647993e-08 -1.5680319882247136e-09 2.823395755812516e-08
vn -4.7675787432254126e-08 -4.517440705819912e-09 5.49325116196456e-08
vn -3.38137317658957e-08 -9.548919658632688e-10 4.001160213205628e-08
vn -4.54925957530519e-08 -3.3216716112977017e-09 4.867958016664891e-08
vn -7.223560348361862e-08 -1.8574818793030499e-09 7.61726496138619e-08
vn -6.861013433848785e-08 -2.0679515313825692e-25 7.633524145791192e-08
vn -2.3426159881469514e-08 -4.1359030627651384e-25 2.7652573943901947e-08
vn -2.9555272621895616e-08 -4.7885267014426075e-09 3.4489427941799945e-08
vn -2.0882577156174434e-09 6.462348535570529e-27 2.6009661511722634e-09
vn -2.3926514640647993e-08 1.5680319882247155e-09 2.823395755812516e-08
vn -3.381373176603282e-08 9.5489196586327e-10 4.001160213221754e-08
vn -3.2352220355618984e-09 2.1202133770675857e-10 4.015857592047054e-09
vn -3.374643701923948e-08 5.384136391235706e-09 4.032142748465851e-08
vn -1.5154956332507725e-08 2.2616443277222148e-09 1.9101029763742993e-08
vn -3.201098050810302e-08 6.596716732941623e-09 3.990897038480565e-08
vn -2.555138826100229e-08 6.7502915126664425e-09 3.235501572673133e-08
vn -2.364314716449304e-08 5.386997624974436e-09 2.9156723048218914e-08
vn -3.5731075489810895e-08 3.04380440895262e-09 4.231799758411389e-08
vn -3.6749419700211656e-08 4.50820665907771e-09 4.344677184233488e-08
vn -1.78898166882895e-08 4.836606078703998e-09 2.219631670082956e-08
vn -1.6141890776138782e-08 4.845085432006679e-09 2.062260236470085e-08
vn -1.93115219445187e-08 5.75518800522741e-09 2.4508286679678965e-08
vn -4.588970371568161e-09 1.9798834899073484e-09 6.261401398424647e-09
vn -4.35767105119945e-09 1.8091976110557805e-09 5.690159697823302e-09
vn -3.632509128154458e-09 1.3526753730586527e-09 4.8112642957920775e-09
vn -4.515015789897312e-09 2.0376779328502105e-09 6.117172541592534e-09
vn -1.969807156221944e-09 9.948643345629376e-10 2.7211675225957926e-09
vn -3.602880796564629e-09 1.700671900500098e-09 4.915786925064284e-09
vn -2.612254908712913e-09 1.5082004224755169e-09 3.6320623752195597e-09
vn -1.1514611471294653e-08 3.998546212618256e-09 1.4981267906262797e-08
vn -1.4277937151717686e-08 4.5621559709992345e-09 1.8364982408019275e-08
vn -7.50319663388275e-09 2.7745178756893643e-09 9.736936804305064e-09
vn -5.340475644336002e-09 1.9555779401854943e-09 7.154152328048606e-09
vn -6.419147673475403e-08 3.45565001544595e-09 7.269777149338104e-08
vn -4.783353438937561e-08 6.604357165826377e-09 5.5386096935618883e-08
vn -2.9555272621895616e-08 4.788526701442607e-09 3.4489427941799945e-08
vn -4.7675787432254126e-08 4.517440705819912e-09 5.493251161964559e-08
vn -6.526779584518432e-08 0.0 6.807217905952935e-08
vn -7.223560348384641e-08 1.8574818793030499e-09 7.617264961410225e-08
vn -4.54925957530519e-08 3.3216716112977017e-09 4.867958016664891e-08
vn -2.561541554880817e-08 5.020585882803166e-09 3.0697825463290654e-08
vn -9.414165983835791e-09 2.2840723091274114e-09 1.0933028489883216e-08
vn -1.93115219445187e-08 -5.75518800522741e-09 2.4508286679678965e-08
vn -3.2352220355618984e-09 -2.1202133770675852e-10 4.015857592047054e-09
vn -3.404291322177773e-07 5.896397515486463e-07 0.0
vn -3.404291322177773e-07 5.896397515486463e-07 0.0
vn -3.404291322177773e-07 5.896397515486463e-07 0.0
vn -3.404291322177773e-07 5.896397515486463e-07 0.0
vn -3.286669292070664e-10 3.933747003313308e-09 -4.873084652278742e-09
vn 0.0 3.0170245837527192e-09 -3.6325521063306726e-09
vn -1.2335210556910151e-10 2.2595130103596583e-09 -2.78632541360466e-09
vn -4.928310443652177e-10 4.929178372709538e-09 -6.1172789588492145e-09
vn -1.9285578779854395e-09 1.2821549458008214e-08 -1.5965782623965374e-08
vn -2.073514274623209e-08 6.201619994693304e-08 -7.83437861247735e-08
vn -2.8763787854271168e-08 7.935131571632061e-08 -1.00033608438913e-07
vn -1.5572820878529952e-08 5.3816095110641764e-08 -6.752289334626524e-08
vn -4.18005769515606e-09 2.146828547331035e-08 -2.6974972950012466e-08
vn -7.170558987991618e-09 3.2702031896704505e-08 -4.085745696236641e-08
vn -1.0353480465771024e-08 3.9350787927812654e-08 -4.9551522117529824e-08
vn -1.2782546632580612e-09 8.953215589959104e-09 -1.1252936935622232e-08
vn -3.03252966383901e-08 7.442320031746374e-08 -9.47760223736307e-08
vn -4.499556011162828e-08 1.04773064667221e-07 -1.3194459000686116e-07
vn -6.611887982886335e-08 1.1028033477356038e-07 -1.4411863541718246e-07
vn -7.589627198714266e-08 1.3576634239554726e-07 -1.6863459378650512e-07
vn -7.515445034041307e-08 1.4506595505116013e-07 -1.819273154596366e-07
vn -4.414758009575913e-08 8.842718524711802e-08 -1.1316951553241055e-07
vn -5.4992886537908457e-08 8.198216185234946e-08 -1.0875004070542077e-07
vn -6.660429413994718e-08 1.1105214479828064e-07 -1.3847828309351704e-07
vn -6.69744133705017e-08 9.122101300440744e-08 -1.3118276905404573e-07
vn -3.1225608869850015e-08 5.405410033609671e-08 -7.428594847110755e-08
vn -6.150709456820478e-08 8.858267946829958e-08 -1.2649066611420143e-07
vn -4.3277972021585175e-08 5.6182524425959755e-08 -8.324047236355931e-08
vn -4.656048715088772e-08 5.580174720099767e-08 -8.554846514140577e-08
vn -2.600436993880452e-08 2.9379644177829374e-08 -4.7006983609921985e-08
vn -1.1275901311587637e-08 2.28654083077763e-08 -3.134328509599364e-08
vn -1.0860437374822943e-08 1.2384033308523993e-08 -2.0356908523570588e-08
vn -3.6101347182053885e-08 3.731885981616263e-08 -6.245411819861505e-08
vn -2.4896166811554072e-08 2.4884812889621344e-08 -4.290109152719459e-08
vn -1.9717143653375457e-08 1.7877038418392454e-08 -3.253509412500104e-08
vn -1.513348668291865e-08 1.3566555667238849e-08 -2.5002776047121882e-08
vn -5.576700938468291e-09 4.166994557242605e-09 -8.640592861252945e-09
vn -9.617488805082816e-09 7.614891045426171e-09 -1.5129781992323255e-08
vn -9.905978528567694e-09 8.176154651649031e-09 -1.5817001925874227e-08
vn -4.876844546176127e-09 3.422739236610361e-09 -7.327913543776223e-09
vn -2.508540012979182e-09 1.6761404104449875e-09 -3.756273350823186e-09
vn -6.697431543951353e-08 9.122067255504237e-08 1.311827690540457e-07
vn -6.150671835189611e-08 8.858199647894409e-08 1.2649066611420143e-07
vn -5.87722631646106e-08 9.802704743485515e-08 1.2810544354409486e-07
vn -4.327787409059699e-08 5.6182183976594685e-08 8.32404723635593e-08
vn -3.122534720941212e-08 5.4053769003507416e-08 7.428594847110755e-08
vn -1.0860437374822943e-08 1.2384033308523993e-08 2.035690852357059e-08
vn -2.6004369938804514e-08 2.937964417782938e-08 4.700698360992199e-08
vn -5.576504485775056e-09 4.166888992788872e-09 8.640592861252946e-09
vn -9.617461442628949e-09 7.614906649931417e-09 1.5129781992323258e-08
vn -4.876471440491197e-09 3.4225238245887724e-09 7.327913543776224e-09
vn -2.508021398132587e-09 1.6757938856547365e-09 3.756273350823185e-09
vn -3.610134718205388e-08 3.731885981616262e-08 6.245411819861504e-08
vn -2.4896166811554072e-08 2.4884812889621344e-08 4.290109152719459e-08
vn -4.6560477744741025e-08 5.580146235693129e-08 8.554846514140577e-08
vn -1.513348668291865e-08 1.3566555667238849e-08 2.5002776047121882e-08
vn -1.9717143653375457e-08 1.7877038418392454e-08 3.253509412500104e-08
vn -9.905978528567694e-09 8.176154651649031e-09 1.5817001925874227e-08
vn -1.1275901311587637e-08 2.2865408307776304e-08 3.134328509599364e-08
vn -4.41474881391664e-08 8.842699877643326e-08 1.1316951553241055e-07
vn -4.928378507210474e-10 4.9289554616002565e-09 6.1172789588492145e-09
vn -1.2332660378998862e-10 2.2590458792845374e-09 2.78632541360466e-09
vn -3.286669292070664e-10 3.933316179270131e-09 4.873084652278742e-09
vn -4.18005769515606e-09 2.146828547331035e-08 2.697497295001246e-08
vn -1.2782546632580612e-09 8.953215589959104e-09 1.1252936935622232e-08
vn -1.9285706288749957e-09 1.2821459905513393e-08 1.5965782623965374e-08
vn -2.073514274623209e-08 6.201619994693304e-08 7.83437861247735e-08
vn -1.0353480465771024e-08 3.935078792781266e-08 4.9551522117529824e-08
vn -1.5572820878529952e-08 5.3816095110641764e-08 6.752289334626524e-08
vn -7.170558987991618e-09 3.2702031896704505e-08 4.085745696236641e-08
vn 0.0 3.0164008449510338e-09 3.6325521063306726e-09
vn -2.876354587378466e-08 7.935116514763943e-08 1.00033608438913e-07
vn -3.0325091075969685e-08 7.442292369280493e-08 9.47760223736307e-08
vn -7.515445034041307e-08 1.4506615317550479e-07 1.819273154596366e-07
vn -4.678335855571994e-08 7.672110074542156e-08 9.613094064178201e-08
vn -5.49933617020963e-08 8.198281631024709e-08 1.0875004070542077e-07
vn -4.499556011162826e-08 1.0477265595238979e-07 1.3194459000686116e-07
vn -5.607516440335381e-08 1.0143544693958465e-07 1.262872569699998e-07
vn -3.964272288212926e-08 6.866311680980717e-08 8.469458782763437e-08
vn -6.517223258179049e-07 -3.7627563690078654e-07 0.0
vn -5.661262809572666e-07 -3.2685234137449784e-07 0.0
vn -6.141610272743594e-07 -3.545818394347358e-07 0.0
vn -4.929021128994111e-07 -2.845804679635499e-07 0.0
vn -4.90939355748542e-07 -2.834476944167751e-07 0.0
vn -6.878786960708558e-07 -3.9715084905911585e-07 0.0
vn -6.903373725980171e-07 -3.985706206566658e-07 0.0
vn -7.841318554660558e-07 -4.527275946879749e-07 0.0
vn -7.86826721957797e-07 -4.542834866233518e-07 0.0
vn -7.733440141252957e-07 -4.464908666563206e-07 0.0
vn -7.322637376594026e-07 -4.227657649289863e-07 0.0
vn -7.57496024983938e-07 -4.3733578026286616e-07 0.0
vn -7.907017384145177e-07 -4.5651347443883057e-07 0.0
vn -4.512198380750817e-07 -2.6050910575727644e-07 0.0
vn -4.148980736176972e-07 -2.3953894979364344e-07 0.0
vn -5.682809928608743e-07 -3.2809695471684636e-07 0.0
vn -7.348314329378063e-07 -4.242482646003551e-07 0.0
vn -7.934125319637553e-07 -4.5807855735382487e-07 0.0
vn -7.671847716627866e-07 -4.429321237761279e-07 0.0
vn -7.810382966334892e-07 -4.509336876997487e-07 0.0
vn -7.64537643500532e-07 -4.4140392330132605e-07 0.0
vn -7.448570884418231e-07 -4.3003540942936696e-07 0.0
vn -7.21382480736749e-07 -4.164844535428514e-07 0.0
vn -6.878787047972307e-07 -3.9715084905911585e-07 0.0
vn -5.682811753857349e-07 -3.2809695471684636e-07 0.0
vn -6.141608531114509e-07 -3.54592731597676e-07 0.0
vn -5.661264465000121e-07 -3.2685317084829656e-07 0.0
vn -4.909395352832679e-07 -2.8344035476836875e-07 0.0
vn -6.517220966146833e-07 -3.762813372454702e-07 0.0
vn -4.148979819813224e-07 -2.3953894979364344e-07 0.0
vn -4.512197384165082e-07 -2.6050910575727644e-07 0.0
vn -7.890219919597831e-07 -4.555382574338999e-07 0.0
vn -6.90337372598017e-07 -3.985706206566658e-07 0.0
vn -4.929022744205696e-07 -2.8457357639412185e-07 0.0
vn -3.404291322177773e-07 -5.896397515486463e-07 0.0
vn -3.404291322177773e-07 -5.896397515486463e-07 0.0
vn -3.404291322177773e-07 -5.896397515486463e-07 0.0
vn -3.404291322177773e-07 -5.896397515486463e-07 0.0
vn -6.69744133705017e-08 -9.122101300440744e-08 -1.311827690540457e-07
vn -6.150709456820478e-08 -8.858267946829958e-08 -1.2649066611420143e-07
vn -5.8772337625656304e-08 -9.802696424316477e-08 -1.2810544354409486e-07
vn -4.3277972021585175e-08 -5.6182524425959755e-08 -8.32404723635593e-08
vn -3.1225608869850015e-08 -5.4054100336096725e-08 -7.428594847110755e-08
vn -1.0860437374822943e-08 -1.2384033308523993e-08 -2.035690852357059e-08
vn -2.6004369938804514e-08 -2.937964417782938e-08 -4.700698360992199e-08
vn -5.576700938468291e-09 -4.166994557242606e-09 -8.640592861252946e-09
vn -9.617488805082816e-09 -7.614891045426171e-09 -1.5129781992323258e-08
vn -4.876844546176127e-09 -3.422739236610361e-09 -7.327913543776224e-09
vn -2.508540012979182e-09 -1.6761404104449877e-09 -3.756273350823185e-09
vn -3.610134718205388e-08 -3.731885981616262e-08 -6.245411819861504e-08
vn -2.4896166811554072e-08 -2.4884812889621344e-08 -4.290109152719459e-08
vn -4.656048715088771e-08 -5.580174720099767e-08 -8.554846514140577e-08
vn -1.513348668291865e-08 -1.3566555667238849e-08 -2.5002776047121882e-08
vn -1.9717143653375457e-08 -1.7877038418392454e-08 -3.253509412500104e-08
vn -9.905978528567694e-09 -8.176154651649031e-09 -1.5817001925874227e-08
vn -1.1275901311587637e-08 -2.2865408307776304e-08 -3.134328509599364e-08
vn -4.414758009575911e-08 -8.842718524711804e-08 -1.1316951553241055e-07
vn -4.928310443652177e-10 -4.9291783727095386e-09 -6.1172789588492145e-09
vn -1.2335210556910151e-10 -2.2595130103596583e-09 -2.78632541360466e-09
vn -3.286669292070664e-10 -3.933747003313308e-09 -4.873084652278742e-09
vn -4.18005769515606e-09 -2.146828547331035e-08 -2.697497295001246e-08
vn -1.2782546632580612e-09 -8.953215589959104e-09 -1.1252936935622232e-08
vn -1.9285578779854395e-09 -1.2821549458008215e-08 -1.5965782623965374e-08
vn -2.073514274623209e-08 -6.201619994693304e-08 -7.83437861247735e-08
vn -1.0353480465771024e-08 -3.935078792781266e-08 -4.9551522117529824e-08
vn -1.5572820878529952e-08 -5.3816095110641764e-08 -6.752289334626524e-08
vn -7.170558987991618e-09 -3.2702031896704505e-08 -4.085745696236641e-08
vn 0.0 -3.0170245837527192e-09 -3.6325521063306726e-09
vn -2.8763787854271168e-08 -7.935131571632061e-08 -1.00033608438913e-07
vn -3.0325296638390095e-08 -7.442320031746373e-08 -9.47760223736307e-08
vn -7.515445034041307e-08 -1.450659550511601e-07 -1.819273154596366e-07
vn -4.6782995601815835e-08 -7.672076927458905e-08 -9.613094064178201e-08
vn -5.4992886537908457e-08 -8.198216185234944e-08 -1.0875004070542077e-07
vn -4.499556011162827e-08 -1.04773064667221e-07 -1.3194459000686116e-07
vn -5.6075058816465874e-08 -1.0143496687185568e-07 -1.262872569699998e-07
vn -3.9642511708808135e-08 -6.866275104738316e-08 -8.469458782763437e-08
vn -3.286669292070664e-10 -3.933316179270131e-09 4.873084652278742e-09
vn 0.0 -3.0164008449510338e-09 3.6325521063306726e-09
vn -1.2332660378998862e-10 -2.2590458792845374e-09 2.78632541360466e-09
vn -4.928378507210474e-10 -4.9289554616002565e-09 6.1172789588492145e-09
vn -1.9285706288749957e-09 -1.2821459905513393e-08 1.5965782623965374e-08
vn -2.073514274623209e-08 -6.201619994693304e-08 7.83437861247735e-08
vn -2.8763545873784666e-08 -7.935116514763943e-08 1.00033608438913e-07
vn -1.5572820878529952e-08 -5.3816095110641764e-08 6.752289334626524e-08
vn -4.18005769515606e-09 -2.146828547331035e-08 2.6974972950012466e-08
vn -7.170558987991618e-09 -3.2702031896704505e-08 4.085745696236641e-08
vn -1.0353480465771024e-08 -3.9350787927812654e-08 4.9551522117529824e-08
vn -1.2782546632580612e-09 -8.953215589959104e-09 1.1252936935622232e-08
vn -3.032509107596969e-08 -7.442292369280493e-08 9.47760223736307e-08
vn -4.499556011162827e-08 -1.0477265595238979e-07 1.3194459000686116e-07
vn -6.611879606018694e-08 -1.1028042836421205e-07 1.4411863541718246e-07
vn -7.589648316046379e-08 -1.3576700534448824e-07 1.6863459378650512e-07
vn -7.515445034041307e-08 -1.4506615317550479e-07 1.819273154596366e-07
vn -4.414748813916641e-08 -8.842699877643326e-08 1.1316951553241055e-07
vn -5.499336170209629e-08 -8.198281631024709e-08 1.0875004070542077e-07
vn -6.660476268073922e-08 -1.1105265915032515e-07 1.3847828309351704e-07
vn -6.697431543951352e-08 -9.122067255504237e-08 1.3118276905404573e-07
vn -3.122534720941212e-08 -5.405376900350741e-08 7.428594847110755e-08
vn -6.150671835189611e-08 -8.858199647894406e-08 1.2649066611420143e-07
vn -4.327787409059699e-08 -5.618218397659469e-08 8.324047236355931e-08
vn -4.656047774474104e-08 -5.58014623569313e-08 8.554846514140577e-08
vn -2.600436993880452e-08 -2.9379644177829374e-08 4.7006983609921985e-08
vn -1.1275901311587637e-08 -2.28654083077763e-08 3.134328509599364e-08
vn -1.0860437374822943e-08 -1.2384033308523993e-08 2.0356908523570588e-08
vn -3.6101347182053885e-08 -3.731885981616263e-08 6.245411819861505e-08
vn -2.4896166811554072e-08 -2.4884812889621344e-08 4.290109152719459e-08
vn -1.9717143653375457e-08 -1.7877038418392454e-08 3.253509412500104e-08
vn -1.513348668291865e-08 -1.3566555667238849e-08 2.5002776047121882e-08
vn -5.576504485775056e-09 -4.166888992788872e-09 8.640592861252945e-09
vn -9.617461442628949e-09 -7.614906649931417e-09 1.5129781992323255e-08
vn -9.905978528567694e-09 -8.176154651649031e-09 1.5817001925874227e-08
vn -4.876471440491197e-09 -3.4225238245887724e-09 7.327913543776223e-09
vn -2.508021398132587e-09 -1.6757938856547365e-09 3.756273350823186e-09
vn 0.0 -8.929749137752004e-07 0.0
vn 0.0 -8.746780055210927e-07 0.0
vn 0.0 -9.054348010421084e-07 0.0
vn 0.0 -9.140703374876573e-07 0.0
vn 0.0 -9.140703374876573e-07 0.0
vn 0.0 -8.45550795402308e-07 0.0
vn 0.0 -8.485158641867917e-07 0.0
vn 0.0 -6.561939094336927e-07 0.0
vn 0.0 -7.091740625059846e-07 0.0
vn 0.0 -6.537063416965931e-07 0.0
vn 0.0 -7.525390368232594e-07 0.0
vn 0.0 -7.942933924808589e-07 0.0
vn 0.0 -5.668870876854437e-07 0.0
vn 0.0 -9.054348010421084e-07 0.0
vn 0.0 -9.085465146343809e-07 0.0
vn 0.0 -8.929749137752004e-07 0.0
vn 0.0 -8.45550795402308e-07 0.0
vn 0.0 -8.746780055210928e-07 0.0
vn 0.0 -7.971320635795963e-07 0.0
vn 0.0 -7.942933924808588e-07 0.0
vn 0.0 -7.299635740884969e-07 0.0
vn 0.0 -6.561939094336927e-07 0.0
vn 0.0 -6.537063416965931e-07 0.0
vn 0.0 -5.668870876854438e-07 0.0
vn 0.0 -4.790896290432556e-07 0.0
vn 0.0 -5.210309678119653e-07 0.0
vn 0.0 -5.210309678119653e-07 0.0
vn 0.0 -4.790896290432556e-07 0.0
vn 0.0 -5.691540443576718e-07 0.0
vn 0.0 -7.971320635795963e-07 0.0
vn 0.0 -9.085465146343809e-07 0.0
vn 0.0 -7.326425008168721e-07 0.0
vn 0.0 -5.691540443576719e-07 0.0
vn 0.0 -8.485158641867917e-07 0.0
vn 3.404291322177773e-07 -5.896397515486463e-07 0.0
vn 3.404291322177773e-07 -5.896397515486463e-07 0.0
vn 3.404291322177773e-07 -5.896397515486463e-07 0.0
vn 3.404291322177773e-07 -5.896397515486463e-07 0.0
vn 2.508540012979182e-09 -1.6761404104449877e-09 -3.756273350823186e-09
vn 2.612795077221745e-09 -1.5085122918763598e-09 -3.6320623752195605e-09
vn 4.876844546176128e-09 -3.422739236610361e-09 -7.327913543776224e-09
vn 5.576700938468291e-09 -4.166994557242606e-09 -8.640592861252946e-09
vn 9.617488805082816e-09 -7.614891045426171e-09 -1.5129781992323258e-08
vn 9.905978528567694e-09 -8.17615465164903e-09 -1.5817001925874227e-08
vn 1.9717143653375454e-08 -1.7877038418392454e-08 -3.253509412500104e-08
vn 3.610134718205388e-08 -3.731885981616263e-08 -6.245411819861505e-08
vn 2.489616681155407e-08 -2.4884812889621344e-08 -4.290109152719459e-08
vn 2.6004369938804524e-08 -2.9379644177829374e-08 -4.700698360992199e-08
vn 4.656048715088771e-08 -5.580174720099767e-08 -8.554846514140577e-08
vn 4.327797202158518e-08 -5.6182524425959755e-08 -8.324047236355931e-08
vn 6.69744133705017e-08 -9.122101300440744e-08 -1.311827690540457e-07
vn 1.513348668291865e-08 -1.3566555667238849e-08 -2.5002776047121882e-08
vn 1.9285578779854395e-09 -1.2821549458008214e-08 -1.5965782623965374e-08
vn 4.928310443652177e-10 -4.9291783727095386e-09 -6.1172789588492145e-09
vn 1.2782546632580612e-09 -8.953215589959104e-09 -1.1252936935622232e-08
vn 1.0860437374822943e-08 -1.2384033308523993e-08 -2.035690852357059e-08
vn 5.8772337625656304e-08 -9.802696424316477e-08 -1.2810544354409486e-07
vn 3.1225608869850015e-08 -5.4054100336096725e-08 -7.428594847110755e-08
vn 6.150709456820478e-08 -8.858267946829958e-08 -1.2649066611420143e-07
vn 1.1275901311587637e-08 -2.2865408307776304e-08 -3.134328509599364e-08
vn 4.414758009575912e-08 -8.842718524711804e-08 -1.1316951553241055e-07
vn 5.499288653790845e-08 -8.198216185234946e-08 -1.0875004070542077e-07
vn 4.6782995601815835e-08 -7.672076927458905e-08 -9.613094064178201e-08
vn 3.03252966383901e-08 -7.442320031746373e-08 -9.477602237363068e-08
vn 4.499556011162827e-08 -1.04773064667221e-07 -1.3194459000686116e-07
vn 7.515445034041307e-08 -1.450659550511601e-07 -1.819273154596366e-07
vn 5.607505881646587e-08 -1.0143496687185568e-07 -1.262872569699998e-07
vn 3.9642511708808135e-08 -6.866275104738316e-08 -8.469458782763439e-08
vn 2.8763787854271168e-08 -7.935131571632061e-08 -1.0003360843891299e-07
vn 4.18005769515606e-09 -2.146828547331035e-08 -2.697497295001246e-08
vn 1.0353480465771024e-08 -3.9350787927812654e-08 -4.9551522117529824e-08
vn 7.170558987991618e-09 -3.270203189670451e-08 -4.085745696236641e-08
vn 2.073514274623209e-08 -6.201619994693304e-08 -7.83437861247735e-08
vn 1.5572820878529952e-08 -5.3816095110641764e-08 -6.752289334626524e-08
vn 1.2335210556910151e-10 -2.2595130103596583e-09 -2.78632541360466e-09
vn 3.286669292070664e-10 -3.933747003313308e-09 -4.873084652278742e-09
vn 6.660476268073922e-08 -1.1105265915032515e-07 1.3847828309351707e-07
vn 5.4993361702096293e-08 -8.198281631024709e-08 1.0875004070542077e-07
vn 6.611879606018694e-08 -1.1028042836421207e-07 1.4411863541718246e-07
vn 6.697431543951352e-08 -9.122067255504237e-08 1.311827690540457e-07
vn 7.515445034041306e-08 -1.4506615317550479e-07 1.819273154596366e-07
vn 7.589648316046379e-08 -1.3576700534448824e-07 1.6863459378650512e-07
vn 4.414748813916641e-08 -8.842699877643327e-08 1.1316951553241054e-07
vn 3.122534720941212e-08 -5.4053769003507416e-08 7.428594847110755e-08
vn 4.499556011162827e-08 -1.0477265595238979e-07 1.3194459000686116e-07
vn 4.656047774474104e-08 -5.58014623569313e-08 8.554846514140577e-08
vn 4.3277874090596995e-08 -5.618218397659469e-08 8.324047236355931e-08
vn 2.600436993880452e-08 -2.9379644177829374e-08 4.700698360992199e-08
vn 1.1275901311587637e-08 -2.2865408307776304e-08 3.134328509599364e-08
vn 6.150671835189611e-08 -8.858199647894409e-08 1.2649066611420143e-07
vn 3.032509107596969e-08 -7.442292369280491e-08 9.477602237363068e-08
vn 2.8763545873784666e-08 -7.935116514763943e-08 1.0003360843891299e-07
vn 7.170558987991618e-09 -3.2702031896704505e-08 4.085745696236641e-08
vn 1.5572820878529952e-08 -5.381609511064177e-08 6.752289334626524e-08
vn 1.0353480465771024e-08 -3.9350787927812654e-08 4.9551522117529824e-08
vn 2.073514274623209e-08 -6.201619994693307e-08 7.83437861247735e-08
vn 3.286669292070664e-10 -3.933316179270131e-09 4.873084652278742e-09
vn 4.928378507210474e-10 -4.9289554616002565e-09 6.1172789588492145e-09
vn 1.2332660378998862e-10 -2.2590458792845374e-09 2.78632541360466e-09
vn 1.9285706288749957e-09 -1.2821459905513393e-08 1.5965782623965374e-08
vn 1.2782546632580612e-09 -8.953215589959104e-09 1.1252936935622232e-08
vn 4.18005769515606e-09 -2.146828547331035e-08 2.697497295001246e-08
vn 2.4896166811554072e-08 -2.4884812889621344e-08 4.290109152719459e-08
vn 3.6101347182053885e-08 -3.731885981616263e-08 6.245411819861505e-08
vn 1.9717143653375457e-08 -1.7877038418392454e-08 3.253509412500104e-08
vn 1.513348668291865e-08 -1.3566555667238849e-08 2.5002776047121882e-08
vn 9.905978528567694e-09 -8.176154651649031e-09 1.5817001925874227e-08
vn 1.0860437374822943e-08 -1.2384033308523993e-08 2.0356908523570588e-08
vn 5.576504485775056e-09 -4.166888992788872e-09 8.640592861252946e-09
vn 9.617461442628949e-09 -7.614906649931417e-09 1.5129781992323258e-08
vn 4.876471440491197e-09 -3.4225238245887724e-09 7.327913543776224e-09
vn 2.612254908712913e-09 -1.5082004224755169e-09 3.6320623752195597e-09
vn 2.508021398132587e-09 -1.6757938856547365e-09 3.756273350823185e-09
vn 5.682811753857349e-07 -3.2809695471684636e-07 0.0
vn 5.162867197172497e-07 -2.9807415642661054e-07 0.0
vn 5.661264465000121e-07 -3.2685317084829656e-07 0.0
vn 4.512197384165082e-07 -2.6050910575727644e-07 0.0
vn 4.669008436074872e-07 -2.6956203419396235e-07 0.0
vn 6.141608531114509e-07 -3.54592731597676e-07 0.0
vn 7.322638848877366e-07 -4.2276576492898625e-07 0.0
vn 7.57496024983938e-07 -4.373357802628661e-07 0.0
vn 7.348315839923851e-07 -4.242482646003551e-07 0.0
vn 6.878787047972307e-07 -3.9715084905911585e-07 0.0
vn 6.517220966146833e-07 -3.762813372454702e-07 0.0
vn 7.733440141252957e-07 -4.464908666563206e-07 0.0
vn 7.810382966334894e-07 -4.509336876997487e-07 0.0
vn 4.148979819813224e-07 -2.3953894979364344e-07 0.0
vn 6.90337372598017e-07 -3.985706206566658e-07 0.0
vn 7.890219919597831e-07 -4.555382574338999e-07 0.0
vn 7.934125319637553e-07 -4.5807855735382487e-07 0.0
vn 7.907017384145177e-07 -4.5651347443883057e-07 0.0
vn 7.86826721957797e-07 -4.542834866233518e-07 0.0
vn 7.841318554660558e-07 -4.527275946879749e-07 0.0
vn 7.733440141252957e-07 -4.464908666563206e-07 0.0
vn 7.57496024983938e-07 -4.3733578026286616e-07 0.0
vn 7.322637376594026e-07 -4.227657649289863e-07 0.0
vn 6.321684598994537e-07 -3.6498248204742377e-07 0.0
vn 6.903373725980171e-07 -3.985706206566658e-07 0.0
vn 6.878786960708558e-07 -3.9715084905911585e-07 0.0
vn 5.661262809572666e-07 -3.2685234137449784e-07 0.0
vn 5.682809928608743e-07 -3.2809695471684636e-07 0.0
vn 4.90939355748542e-07 -2.8344769441677516e-07 0.0
vn 7.348314329378063e-07 -4.242482646003551e-07 0.0
vn 4.929021128994111e-07 -2.845804679635499e-07 0.0
vn 4.512198380750817e-07 -2.6050910575727644e-07 0.0
vn 6.344881098394893e-07 -3.6632125040843605e-07 0.0
vn 4.148980736176972e-07 -2.3953894979364344e-07 0.0
vn 6.808586309810537e-07 0.0 0.0
vn 6.808586309810537e-07 0.0 0.0
vn 6.808586309810537e-07 0.0 0.0
vn 6.808586309810537e-07 0.0 0.0
vn 2.561532053258025e-08 5.020348362782269e-09 -3.0697825463290654e-08
vn 3.201116904810633e-08 6.5966160227647395e-09 -3.990897038480565e-08
vn 2.3643038364314536e-08 5.386934807260811e-09 -2.9156723048218914e-08
vn 9.413893983389542e-09 2.283915264843349e-09 -1.0933028489883216e-08
vn 4.7675825992923206e-08 4.517621501742265e-09 -5.493251161964559e-08
vn 4.54923360099048e-08 3.3217631525544608e-09 -4.867958016664891e-08
vn 6.419147633217775e-08 3.455790776135325e-09 -7.269777149337764e-08
vn 4.78335343893756e-08 6.604357165826375e-09 -5.538609693561888e-08
vn 6.861013433848784e-08 -2.0679515313825692e-25 -7.633524145791192e-08
vn 7.22356034838403e-08 1.8574818793030499e-09 -7.617264961409579e-08
vn 6.526779584518431e-08 0.0 -6.807217905952935e-08
vn 2.3926514640647993e-08 1.5680319882247155e-09 -2.823395755812516e-08
vn 3.5731193319317216e-08 3.0439273697375975e-09 -4.231799758411389e-08
vn 3.37465372126149e-08 5.384062127954602e-09 -4.032142748465851e-08
vn 3.674960408187405e-08 4.50833573748843e-09 -4.3446771842334874e-08
vn 2.9555024421165828e-08 4.78814923927764e-09 -3.4489427941799945e-08
vn 2.3426159881469514e-08 -4.329773518832254e-25 -2.765257394390195e-08
vn 3.381373176602804e-08 9.5489196586327e-10 -4.0011602132211904e-08
vn 3.2352220355618984e-09 2.1202133770675855e-10 -4.015857592047054e-09
vn 1.5155199879561103e-08 2.2617155253995524e-09 -1.9101029763742993e-08
vn 7.223560348362474e-08 -1.8574818793030499e-09 -7.617264961386836e-08
vn 1.6141890776138782e-08 4.845085432006679e-09 -2.062260236470085e-08
vn 1.4277937151717686e-08 4.5621559709992345e-09 -1.8364982408019275e-08
vn 1.93115219445187e-08 5.755188005227412e-09 -2.4508286679678965e-08
vn 1.1514611471294652e-08 3.998546212618256e-09 -1.49812679062628e-08
vn 5.340475644336002e-09 1.9555779401854943e-09 -7.154152328048606e-09
vn 7.50319663388275e-09 2.7745178756893643e-09 -9.736936804305063e-09
vn 4.357671051199449e-09 1.8091976110557805e-09 -5.690159697823301e-09
vn 3.632509128154458e-09 1.3526753730586527e-09 -4.8112642957920775e-09
vn 3.6031607639199517e-09 1.7008335431898097e-09 -4.915786925064285e-09
vn 2.6127950772217455e-09 1.5085122918763598e-09 -3.6320623752195597e-09
vn 1.9702271072549286e-09 9.951067985975055e-10 -2.721167522595793e-09
vn 4.588970371568161e-09 1.9798834899073484e-09 -6.2614013984246465e-09
vn 4.5151122979051085e-09 2.0377415101738824e-09 -6.117172541592534e-09
vn 2.555138826100229e-08 6.750291512666443e-09 -3.235501572673133e-08
vn 1.7889718882660013e-08 4.836598351636277e-09 -2.219631670082956e-08
vn 2.0882577156174434e-09 0.0 -2.6009661511722634e-09
vn 6.419147633208602e-08 -3.4557907761353244e-09 -7.26977714932749e-08
vn 3.381373176590048e-08 -9.548919658632703e-10 -4.0011602132061906e-08
vn 2.3926514640647997e-08 -1.5680319882247143e-09 -2.823395755812516e-08
vn 4.54923360099048e-08 -3.3217631525544608e-09 -4.867958016664891e-08
vn 4.76758259929232e-08 -4.517621501742265e-09 -5.49325116196456e-08
vn 4.783353438937561e-08 -6.604357165826376e-09 -5.5386096935618883e-08
vn 3.6749604081874053e-08 -4.50833573748843e-09 -4.3446771842334874e-08
vn 3.573119331931722e-08 -3.0439273697375963e-09 -4.231799758411389e-08
vn 3.37465372126149e-08 -5.384062127954605e-09 -4.032142748465851e-08
vn 1.5155199879561103e-08 -2.2617155253995528e-09 -1.9101029763742993e-08
vn 3.201116904810633e-08 -6.5966160227647395e-09 -3.990897038480565e-08
vn 2.561532053258025e-08 -5.020348362782269e-09 -3.0697825463290654e-08
vn 2.3643038364314536e-08 -5.386934807260811e-09 -2.9156723048218914e-08
vn 9.413893983389542e-09 -2.2839152648433485e-09 -1.0933028489883217e-08
vn 1.7889718882660013e-08 -4.8365983516362765e-09 -2.219631670082956e-08
vn 2.555138826100229e-08 -6.7502915126664425e-09 -3.235501572673133e-08
vn 7.50319663388275e-09 -2.774517875689364e-09 -9.736936804305064e-09
vn 5.340475644336002e-09 -1.9555779401854943e-09 -7.154152328048606e-09
vn 1.1514611471294653e-08 -3.998546212618256e-09 -1.49812679062628e-08
vn 4.357671051199449e-09 -1.8091976110557805e-09 -5.690159697823302e-09
vn 3.6325091281544574e-09 -1.3526753730586527e-09 -4.8112642957920775e-09
vn 1.4277937151717686e-08 -4.5621559709992345e-09 -1.8364982408019275e-08
vn 1.93115219445187e-08 -5.75518800522741e-09 -2.4508286679678965e-08
vn 1.6141890776138782e-08 -4.845085432006679e-09 -2.062260236470085e-08
vn 4.58897037156816e-09 -1.9798834899073484e-09 -6.261401398424647e-09
vn 1.9702271072549282e-09 -9.951067985975057e-10 -2.721167522595793e-09
vn 3.6031607639199513e-09 -1.7008335431898097e-09 -4.915786925064285e-09
vn 4.515112297905109e-09 -2.0377415101738824e-09 -6.117172541592534e-09
vn 2.9555024421165828e-08 -4.788149239277642e-09 -3.4489427941799945e-08
vn 3.2352220355618984e-09 -2.1202133770675852e-10 -4.015857592047054e-09
vn 2.561541554880817e-08 -5.020585882803168e-09 3.0697825463290654e-08
vn 3.201098050810302e-08 -6.5967167329416235e-09 3.990897038480565e-08
vn 2.364314716449304e-08 -5.386997624974436e-09 2.9156723048218914e-08
vn 9.41416598383579e-09 -2.2840723091274114e-09 1.0933028489883216e-08
vn 4.7675787432254126e-08 -4.517440705819911e-09 5.493251161964559e-08
vn 4.54925957530519e-08 -3.3216716112977017e-09 4.867958016664891e-08
vn 6.419147673465624e-08 -3.4556500154459495e-09 7.269777149327151e-08
vn 4.783353438937561e-08 -6.604357165826377e-09 5.538609693561888e-08
vn 6.861013433848784e-08 1.2407709188295415e-24 7.633524145791192e-08
vn 7.223560348361862e-08 -1.8574818793030499e-09 7.61726496138619e-08
vn 1.78898166882895e-08 4.836606078703998e-09 2.219631670082956e-08
vn 2.3643147164493037e-08 5.386997624974435e-09 2.915672304821891e-08
vn 9.414165983835791e-09 2.2840723091274114e-09 1.0933028489883217e-08
vn 6.526779584518432e-08 0.0 6.807217905952935e-08
vn 2.3926514640647993e-08 -1.5680319882247155e-09 2.823395755812516e-08
vn 3.5731075489810895e-08 -3.0438044089526195e-09 4.231799758411389e-08
vn 3.374643701923948e-08 -5.384136391235706e-09 4.032142748465851e-08
vn 3.6749419700211656e-08 -4.5082066590777094e-09 4.3446771842334874e-08
vn 2.9555272621895616e-08 -4.788526701442607e-09 3.4489427941799945e-08
vn 3.381373176589569e-08 -9.5489196586327e-10 4.001160213205627e-08
vn 2.3426159881469517e-08 4.1359030627651384e-25 2.7652573943901954e-08
vn 2.0882577156174434e-09 -6.462348535570529e-27 2.600966151172264e-09
vn 3.2352220355618984e-09 -2.1202133770675855e-10 4.015857592047054e-09
vn 1.5154956332507725e-08 -2.261644327722215e-09 1.9101029763742993e-08
vn 7.223560348384641e-08 1.8574818793030499e-09 7.617264961410225e-08
vn 1.6141890776138782e-08 -4.845085432006679e-09 2.062260236470085e-08
vn 1.1514611471294652e-08 -3.998546212618256e-09 1.49812679062628e-08
vn 1.4277937151717686e-08 -4.5621559709992345e-09 1.8364982408019275e-08
vn 5.340475644336002e-09 -1.9555779401854943e-09 7.154152328048606e-09
vn 7.50319663388275e-09 -2.7745178756893643e-09 9.736936804305063e-09
vn 4.357671051199449e-09 -1.8091976110557805e-09 5.690159697823301e-09
vn 3.632509128154458e-09 -1.3526753730586527e-09 4.8112642957920775e-09
vn 3.602880796564629e-09 -1.700671900500098e-09 4.915786925064285e-09
vn 1.969807156221944e-09 -9.948643345629376e-10 2.721167522595793e-09
vn 4.588970371568161e-09 -1.9798834899073484e-09 6.261401398424647e-09
vn 4.515015789897312e-09 -2.0376779328502105e-09 6.117172541592534e-09
vn 2.555138826100229e-08 -6.7502915126664425e-09 3.235501572673133e-08
vn 1.78898166882895e-08 -4.836606078703998e-09 2.219631670082956e-08
vn 1.93115219445187e-08 -5.7551880052274105e-09 2.4508286679678965e-08
vn 3.381373176603283e-08 9.548919658632705e-10 4.001160213221755e-08
vn 6.419147673475403e-08 3.4556500154459504e-09 7.269777149338104e-08
vn 4.54925957530519e-08 3.3216716112977017e-09 4.867958016664891e-08
vn 4.7675787432254126e-08 4.517440705819914e-09 5.49325116196456e-08
vn 4.78335343893756e-08 6.604357165826375e-09 5.5386096935618883e-08
vn 3.6749419700211656e-08 4.508206659077712e-09 4.3446771842334874e-08
vn 3.5731075489810895e-08 3.043804408952623e-09 4.231799758411389e-08
vn 2.3926514640647993e-08 1.5680319882247136e-09 2.823395755812516e-08
vn 3.374643701923948e-08 5.384136391235706e-09 4.032142748465851e-08
vn 1.515495633250772e-08 2.261644327722215e-09 1.9101029763742993e-08
vn 3.201098050810302e-08 6.596716732941623e-09 3.990897038480565e-08
vn 2.561541554880817e-08 5.020585882803168e-09 3.0697825463290654e-08
vn 2.5551388261002297e-08 6.7502915126664425e-09 3.235501572673133e-08
vn 7.50319663388275e-09 2.774517875689364e-09 9.736936804305064e-09
vn 5.340475644336002e-09 1.9555779401854943e-09 7.154152328048606e-09
vn 1.1514611471294653e-08 3.998546212618256e-09 1.49812679062628e-08
vn 4.357671051199449e-09 1.8091976110557805e-09 5.690159697823302e-09
vn 3.6325091281544574e-09 1.3526753730586527e-09 4.8112642957920775e-09
vn 1.4277937151717686e-08 4.5621559709992345e-09 1.8364982408019275e-08
vn 1.93115219445187e-08 5.75518800522741e-09 2.4508286679678965e-08
vn 1.6141890776138782e-08 4.845085432006679e-09 2.062260236470085e-08
vn 4.58897037156816e-09 1.9798834899073484e-09 6.261401398424647e-09
vn 1.969807156221944e-09 9.948643345629376e-10 2.721167522595793e-09
vn 2.612254908712913e-09 1.5082004224755169e-09 3.6320623752195605e-09
vn 3.602880796564628e-09 1.7006719005000975e-09 4.915786925064285e-09
vn 4.515015789897312e-09 2.03767793285021e-09 6.117172541592534e-09
vn 2.9555272621895616e-08 4.7885267014426075e-09 3.4489427941799945e-08
vn 3.2352220355618984e-09 2.1202133770675852e-10 4.015857592047054e-09
vn 5.682809928608743e-07 3.2809695471684636e-07 0.0
vn 4.90939355748542e-07 2.8344769441677516e-07 0.0
vn 5.661262809572666e-07 3.2685234137449784e-07 0.0
vn 4.148980736176972e-07 2.3953894979364344e-07 0.0
vn 4.512198380750817e-07 2.6050910575727644e-07 0.0
vn 6.141610272743594e-07 3.545818394347358e-07 0.0
vn 7.64537643500532e-07 4.414039233013261e-07 0.0
vn 7.671847716627865e-07 4.4293212377612796e-07 0.0
vn 7.448569877387706e-07 4.3003540942936696e-07 0.0
vn 6.878786960708557e-07 3.9715084905911585e-07 0.0
vn 7.213822844323035e-07 4.1648445354285144e-07 0.0
vn 6.517223258179049e-07 3.7627563690078654e-07 0.0
vn 7.841318554660558e-07 4.527275946879749e-07 0.0
vn 4.929021128994111e-07 2.845804679635499e-07 0.0
vn 6.903373725980171e-07 3.985706206566658e-07 0.0
vn 7.86826721957797e-07 4.542834866233517e-07 0.0
vn 7.916053362642635e-07 4.5703857851254906e-07 0.0
vn 7.916053362642635e-07 4.5703175897510823e-07 0.0
vn 7.86826721957797e-07 4.5427325731719045e-07 0.0
vn 7.841318554660558e-07 4.5271733019164125e-07 0.0
vn 7.733440141252957e-07 4.464908666563206e-07 0.0
vn 7.57496024983938e-07 4.3733578026286616e-07 0.0
vn 7.322638848877366e-07 4.227657649289863e-07 0.0
vn 6.321682575762274e-07 3.6499065116962885e-07 0.0
vn 6.90337372598017e-07 3.985706206566658e-07 0.0
vn 6.878787047972309e-07 3.9715084905911585e-07 0.0
vn 5.887475773368677e-07 3.3991493077528393e-07 0.0
vn 5.449418015869716e-07 3.1462060016700896e-07 0.0
vn 4.929022744205696e-07 2.8457357639412185e-07 0.0
vn 4.909395352832679e-07 2.8344035476836875e-07 0.0
vn 7.348315839923851e-07 4.242482646003551e-07 0.0
vn 4.148979819813224e-07 2.3953894979364344e-07 0.0
vn 4.512197384165082e-07 2.6050910575727644e-07 0.0
vn 6.344879094367466e-07 3.663298009254616e-07 0.0
vn 2.508021398132587e-09 1.6757938856547365e-09 3.756273350823186e-09
vn 4.876471440491197e-09 3.4225238245887724e-09 7.327913543776224e-09
vn 5.576504485775056e-09 4.166888992788872e-09 8.640592861252946e-09
vn 9.617461442628949e-09 7.614906649931417e-09 1.5129781992323258e-08
vn 9.905978528567694e-09 8.176154651649031e-09 1.5817001925874227e-08
vn 1.9717143653375454e-08 1.7877038418392454e-08 3.253509412500104e-08
vn 3.610134718205388e-08 3.731885981616263e-08 6.245411819861505e-08
vn 2.489616681155407e-08 2.4884812889621344e-08 4.290109152719459e-08
vn 2.6004369938804524e-08 2.9379644177829374e-08 4.700698360992199e-08
vn 4.6560477744741025e-08 5.580146235693129e-08 8.554846514140577e-08
vn 4.3277874090596995e-08 5.6182183976594685e-08 8.324047236355931e-08
vn 6.697431543951352e-08 9.122067255504237e-08 1.311827690540457e-07
vn 1.513348668291865e-08 1.3566555667238849e-08 2.5002776047121882e-08
vn 1.0860437374822943e-08 1.2384033308523993e-08 2.035690852357059e-08
vn 5.87722631646106e-08 9.802704743485515e-08 1.2810544354409486e-07
vn 3.122534720941212e-08 5.405376900350741e-08 7.428594847110755e-08
vn 6.150671835189611e-08 8.858199647894409e-08 1.2649066611420143e-07
vn 1.1275901311587637e-08 2.2865408307776304e-08 3.134328509599364e-08
vn 4.414748813916641e-08 8.842699877643327e-08 1.1316951553241055e-07
vn 5.4993361702096293e-08 8.198281631024709e-08 1.0875004070542077e-07
vn 4.678335855571994e-08 7.672110074542156e-08 9.613094064178201e-08
vn 3.032509107596969e-08 7.442292369280493e-08 9.477602237363068e-08
vn 4.499556011162828e-08 1.0477265595238979e-07 1.3194459000686116e-07
vn 7.515445034041306e-08 1.4506615317550479e-07 1.819273154596366e-07
vn 5.6075164403353804e-08 1.0143544693958466e-07 1.262872569699998e-07
vn 3.9642722882129265e-08 6.866311680980718e-08 8.469458782763439e-08
vn 2.8763545873784666e-08 7.935116514763943e-08 1.0003360843891299e-07
vn 4.18005769515606e-09 2.146828547331035e-08 2.697497295001246e-08
vn 1.0353480465771024e-08 3.9350787927812654e-08 4.9551522117529824e-08
vn 7.170558987991618e-09 3.270203189670451e-08 4.085745696236641e-08
vn 2.073514274623209e-08 6.201619994693304e-08 7.83437861247735e-08
vn 1.5572820878529952e-08 5.3816095110641764e-08 6.752289334626524e-08
vn 1.2332660378998862e-10 2.2590458792845374e-09 2.78632541360466e-09
vn 4.928378507210474e-10 4.9289554616002565e-09 6.1172789588492145e-09
vn 3.286669292070664e-10 3.933316179270131e-09 4.873084652278742e-09
vn 1.9285706288749957e-09 1.2821459905513393e-08 1.5965782623965374e-08
vn 1.2782546632580612e-09 8.953215589959104e-09 1.1252936935622232e-08
vn 6.660429413994718e-08 1.1105214479828064e-07 -1.3847828309351707e-07
vn 5.499288653790845e-08 8.198216185234946e-08 -1.0875004070542077e-07
vn 6.611887982886335e-08 1.1028033477356037e-07 -1.4411863541718246e-07
vn 6.69744133705017e-08 9.122101300440744e-08 -1.311827690540457e-07
vn 7.515445034041307e-08 1.4506595505116013e-07 -1.819273154596366e-07
vn 7.589627198714266e-08 1.3576634239554726e-07 -1.6863459378650512e-07
vn 4.414758009575912e-08 8.842718524711806e-08 -1.1316951553241054e-07
vn 3.1225608869850015e-08 5.4054100336096725e-08 -7.428594847110755e-08
vn 4.499556011162828e-08 1.04773064667221e-07 -1.3194459000686116e-07
vn 4.656048715088771e-08 5.580174720099767e-08 -8.554846514140577e-08
vn 4.327797202158517e-08 5.6182524425959755e-08 -8.324047236355931e-08
vn 2.600436993880452e-08 2.9379644177829374e-08 -4.700698360992199e-08
vn 1.1275901311587637e-08 2.2865408307776304e-08 -3.134328509599364e-08
vn 6.150709456820478e-08 8.858267946829958e-08 -1.2649066611420143e-07
vn 3.03252966383901e-08 7.442320031746373e-08 -9.477602237363068e-08
vn 2.8763787854271168e-08 7.935131571632061e-08 -1.0003360843891299e-07
vn 7.170558987991618e-09 3.2702031896704505e-08 -4.085745696236641e-08
vn 1.5572820878529952e-08 5.381609511064177e-08 -6.752289334626524e-08
vn 1.0353480465771024e-08 3.9350787927812654e-08 -4.9551522117529824e-08
vn 2.073514274623209e-08 6.201619994693307e-08 -7.83437861247735e-08
vn 3.286669292070664e-10 3.933747003313308e-09 -4.873084652278742e-09
vn 4.928310443652177e-10 4.929178372709538e-09 -6.1172789588492145e-09
vn 1.2335210556910151e-10 2.2595130103596583e-09 -2.78632541360466e-09
vn 1.9285578779854395e-09 1.2821549458008215e-08 -1.5965782623965374e-08
vn 1.2782546632580612e-09 8.953215589959104e-09 -1.1252936935622232e-08
vn 4.18005769515606e-09 2.146828547331035e-08 -2.697497295001246e-08
vn 2.4896166811554072e-08 2.4884812889621344e-08 -4.290109152719459e-08
vn 3.6101347182053885e-08 3.731885981616263e-08 -6.245411819861505e-08
vn 1.9717143653375457e-08 1.7877038418392454e-08 -3.253509412500104e-08
vn 1.513348668291865e-08 1.3566555667238849e-08 -2.5002776047121882e-08
vn 9.905978528567694e-09 8.176154651649031e-09 -1.5817001925874227e-08
vn 1.0860437374822943e-08 1.2384033308523993e-08 -2.0356908523570588e-08
vn 5.576700938468291e-09 4.166994557242606e-09 -8.640592861252946e-09
vn 9.617488805082816e-09 7.614891045426171e-09 -1.5129781992323258e-08
vn 4.876844546176127e-09 3.422739236610361e-09 -7.327913543776224e-09
vn 2.508540012979182e-09 1.6761404104449877e-09 -3.756273350823185e-09
vn 3.404291322177773e-07 5.896397515486463e-07 0.0
vn 3.404291322177773e-07 5.896397515486463e-07 0.0
vn 3.404291322177773e-07 5.896397515486463e-07 0.0
vn 3.404291322177773e-07 5.896397515486463e-07 0.0
vn 0.0 8.746780055210927e-07 0.0
vn 0.0 9.018606964869279e-07 0.0
vn 0.0 8.929749137752004e-07 0.0
vn 0.0 9.130269488776611e-07 0.0
vn 0.0 9.110833813254705e-07 0.0
vn 0.0 8.45550795402308e-07 0.0
vn 0.0 8.485158641867917e-07 0.0
vn 0.0 7.091740625059845e-07 0.0
vn 0.0 6.53706341696593e-07 0.0
vn 0.0 7.525390368232592e-07 0.0
vn 0.0 8.129967780246699e-07 0.0
vn 0.0 7.774824543362061e-07 0.0
vn 0.0 5.961529072328398e-07 0.0
vn 0.0 5.391325725861997e-07 0.0
vn 0.0 9.110833813254705e-07 0.0
vn 0.0 9.018606964869279e-07 0.0
vn 0.0 8.82807565696092e-07 0.0
vn 0.0 8.85864247552256e-07 0.0
vn 0.0 8.45550795402308e-07 0.0
vn 0.0 7.774824543362061e-07 0.0
vn 0.0 8.129967780246699e-07 0.0
vn 0.0 7.299635740884968e-07 0.0
vn 0.0 7.326425008168721e-07 0.0
vn 0.0 6.798298615505679e-07 0.0
vn 0.0 5.668870876854437e-07 0.0
vn 0.0 6.292412003340179e-07 0.0
vn 0.0 4.790896290432556e-07 0.0
vn 0.0 5.210309678119653e-07 0.0
vn 0.0 5.210309678119653e-07 0.0
vn 0.0 4.790896290432556e-07 0.0
vn 0.0 6.561939094336927e-07 0.0
vn 0.0 9.161571147076497e-07 0.0
vn 0.0 5.691540443576718e-07 0.0
vn 0.0 8.485158641867917e-07 0.0
vn -6.344879094367466e-07 3.663298009254616e-07 0.0
vn -5.661264465000121e-07 3.268531708482965e-07 0.0
vn -6.321682575762274e-07 3.6499065116962885e-07 0.0
vn -4.929022744205696e-07 2.8457357639412185e-07 0.0
vn -4.909395352832679e-07 2.8344035476836875e-07 0.0
vn -6.878787047972307e-07 3.9715084905911585e-07 0.0
vn -7.810382966334892e-07 4.509336876997487e-07 0.0
vn -7.890219919597831e-07 4.555382574338999e-07 0.0
vn -7.64537643500532e-07 4.414039233013261e-07 0.0
vn -7.348315839923851e-07 4.242482646003551e-07 0.0
vn -7.322638848877366e-07 4.2276576492898625e-07 0.0
vn -7.907017384145177e-07 4.5651347443883057e-07 0.0
vn -4.512197384165082e-07 2.6050910575727644e-07 0.0
vn -4.148979819813224e-07 2.3953894979364344e-07 0.0
vn -5.682811753857349e-07 3.2809695471684636e-07 0.0
vn -6.90337372598017e-07 3.985706206566658e-07 0.0
vn -7.671847716627866e-07 4.429321237761279e-07 0.0
vn -7.934125319637553e-07 4.5807855735382487e-07 0.0
vn -7.671847716627866e-07 4.429321237761279e-07 0.0
vn -7.841318554660558e-07 4.527275946879749e-07 0.0
vn -7.64537643500532e-07 4.4140392330132605e-07 0.0
vn -7.448569877387707e-07 4.3003540942936696e-07 0.0
vn -7.213822844323035e-07 4.164844535428514e-07 0.0
vn -6.878786960708557e-07 3.9715084905911585e-07 0.0
vn -5.661262809572666e-07 3.268523413744978e-07 0.0
vn -6.344881098394893e-07 3.6632125040843605e-07 0.0
vn -6.321684598994537e-07 3.649824820474237e-07 0.0
vn -4.90939355748542e-07 2.8344769441677516e-07 0.0
vn -4.929021128994111e-07 2.845804679635499e-07 0.0
vn -4.512198380750817e-07 2.6050910575727644e-07 0.0
vn -7.86826721957797e-07 4.542834866233517e-07 0.0
vn -5.682809928608744e-07 3.2809695471684636e-07 0.0
vn -6.903373725980171e-07 3.985706206566658e-07 0.0
vn -4.148980736176972e-07 2.3953894979364344e-07 0.0
f 1 2 3
f 1 3 4
f 5 6 7
f 8 9 10
f 11 10 6
f 12 7 2
f 13 14 15
f 16 17 18
f 19 18 14
f 20 21 22
f 23 24 25
f 26 25 21
f 27 22 17
f 28 15 9
f 4 29 1
f 12 2 1
f 8 10 11
f 7 12 5
f 5 11 6
f 8 28 9
f 27 20 22
f 17 16 27
f 30 31 32
f 20 26 21
f 16 18 19
f 23 32 24
f 19 14 13
f 23 25 26
f 15 28 13
f 31 24 32
f 33 34 35
f 36 37 38
f 39 40 41
f 42 41 37
f 43 44 45
f 46 47 48
f 49 48 44
f 50 45 40
f 51 52 53
f 54 55 56
f 57 56 52
f 58 59 60
f 61 62 63
f 64 63 59
f 65 60 55
f 66 53 47
f 30 36 38
f 42 37 36
f 45 50 43
f 49 44 43
f 39 41 42
f 39 50 40
f 49 46 48
f 53 66 51
f 51 57 52
f 60 65 58
f 55 54 65
f 57 54 56
f 59 58 64
f 61 63 64
f 61 33 62
f 46 66 47
f 33 35 62
f 31 30 38
f 67 68 69
f 70 71 68
f 72 73 71
f 67 69 74
f 75 76 77
f 67 70 68
f 76 78 74
f 78 67 74
f 77 79 75
f 72 71 70
f 80 81 82
f 80 83 81
f 84 83 85
f 86 82 87
f 72 86 87
f 85 88 84
f 80 85 83
f 86 80 82
f 87 73 72
f 84 88 89
f 90 91 92
f 93 94 92
f 95 96 94
f 97 91 90
f 98 99 100
f 101 102 99
f 103 102 101
f 103 104 97
f 100 105 98
f 106 95 107
f 106 96 95
f 78 76 75
f 75 79 107
f 79 106 107
f 104 103 101
f 95 94 93
f 93 92 91
f 91 97 104
f 99 98 101
f 108 109 110
f 111 112 113
f 108 112 111
f 109 89 88
f 114 113 112
f 115 114 116
f 115 113 114
f 115 116 117
f 112 108 110
f 88 110 109
f 118 119 120
f 120 121 122
f 123 122 121
f 117 116 118
f 123 124 125
f 125 126 127
f 128 127 126
f 121 124 123
f 121 120 119
f 116 119 118
f 129 128 126
f 130 129 131
f 130 128 129
f 132 130 131
f 126 125 124
f 133 131 134
f 135 136 137
f 138 139 136
f 140 134 139
f 141 137 142
f 133 134 140
f 139 143 140
f 143 139 138
f 131 133 132
f 137 144 135
f 135 138 136
f 141 144 137
f 142 145 141
f 146 147 145
f 146 145 142
f 105 100 148
f 105 149 150
f 151 152 153
f 149 153 150
f 154 152 151
f 149 105 148
f 155 156 157
f 158 159 160
f 159 155 157
f 156 161 154
f 162 160 163
f 150 153 152
f 161 156 155
f 155 159 158
f 154 161 152
f 162 164 165
f 162 158 160
f 166 167 165
f 168 169 167
f 166 165 164
f 164 162 163
f 168 167 170
f 171 172 173
f 169 168 174
f 172 169 174
f 170 167 166
f 175 173 172
f 171 176 177
f 171 173 176
f 172 174 175
f 177 176 178
f 179 177 180
f 181 182 183
f 184 181 185
f 179 186 182
f 182 186 187
f 185 181 183
f 182 187 183
f 186 179 180
f 177 178 180
f 184 185 188
f 189 190 191
f 192 193 194
f 195 196 193
f 194 190 197
f 198 199 200
f 201 199 202
f 198 202 199
f 191 201 203
f 200 204 205
f 202 206 201
f 192 207 193
f 195 193 207
f 196 195 208
f 208 147 146
f 209 190 189
f 190 209 197
f 197 192 194
f 191 203 189
f 201 206 203
f 146 196 208
f 210 211 212
f 213 211 214
f 210 214 211
f 213 214 215
f 212 216 217
f 218 217 216
f 212 219 210
f 212 217 219
f 184 218 216
f 184 188 218
f 204 220 205
f 221 198 200
f 200 205 221
f 222 223 224
f 222 220 204
f 225 224 223
f 222 226 220
f 222 224 226
f 213 225 223
f 213 215 225
f 227 228 229
f 230 231 228
f 230 232 233
f 234 227 229
f 235 236 237
f 234 229 238
f 236 238 237
f 236 234 238
f 237 239 235
f 228 231 229
f 240 241 242
f 241 243 242
f 244 243 245
f 246 240 247
f 232 246 233
f 243 244 242
f 240 242 247
f 246 247 233
f 233 231 230
f 248 244 245
f 249 250 251
f 249 252 253
f 252 254 255
f 251 250 256
f 257 258 259
f 259 260 261
f 260 262 261
f 256 263 262
f 264 258 265
f 266 255 254
f 255 253 252
f 267 239 237
f 266 267 255
f 266 239 267
f 257 259 261
f 250 249 253
f 263 256 250
f 261 262 263
f 257 265 258
f 265 268 264
f 269 270 271
f 272 273 274
f 274 273 271
f 275 270 248
f 270 269 248
f 276 277 272
f 272 277 273
f 271 273 269
f 248 245 275
f 278 277 276
f 278 279 280
f 281 282 283
f 283 284 280
f 279 278 276
f 281 285 282
f 286 287 285
f 288 286 289
f 282 285 287
f 284 283 282
f 278 280 284
f 289 290 288
f 291 292 290
f 288 290 292
f 293 292 291
f 287 286 288
f 294 293 291
f 295 296 297
f 296 298 299
f 298 293 300
f 301 295 302
f 299 298 300
f 303 297 296
f 299 303 296
f 293 294 300
f 302 304 301
f 295 297 302
f 301 304 305
f 306 307 305
f 308 307 306
f 305 307 301
f 309 310 268
f 310 311 312
f 309 311 310
f 312 311 313
f 314 315 316
f 317 318 319
f 314 316 318
f 313 320 315
f 321 317 322
f 320 313 311
f 319 318 316
f 322 317 319
f 320 316 315
f 323 324 325
f 324 323 326
f 326 327 328
f 329 324 326
f 322 323 325
f 322 325 321
f 328 327 330
f 331 332 333
f 330 327 332
f 330 332 334
f 329 326 328
f 335 331 333
f 336 337 335
f 335 333 336
f 334 332 331
f 338 337 336
f 339 338 336
f 340 341 342
f 343 342 344
f 341 345 339
f 341 340 346
f 344 347 343
f 343 340 342
f 346 345 341
f 339 345 338
f 348 347 344
f 349 350 351
f 352 353 354
f 353 308 355
f 356 350 352
f 357 358 359
f 360 361 362
f 358 360 359
f 363 361 349
f 357 364 358
f 365 359 360
f 352 354 366
f 355 354 353
f 352 366 356
f 308 367 355
f 361 363 362
f 351 368 349
f 368 363 349
f 350 356 351
f 365 360 362
f 306 367 308
f 369 370 371
f 372 373 374
f 374 375 376
f 373 377 371
f 369 371 378
f 372 377 373
f 377 378 371
f 348 370 369
f 348 344 370
f 372 374 379
f 380 381 382
f 364 357 383
f 383 382 364
f 380 384 381
f 382 381 364
f 375 384 385
f 380 386 384
f 386 385 384
f 375 385 376
f 376 379 374
f 268 265 309
f 34 387 35
f 388 389 390
f 391 390 387
f 392 393 394
f 395 396 397
f 398 397 393
f 399 394 389
f 400 401 402
f 403 404 405
f 406 405 401
f 407 408 409
f 410 411 412
f 413 412 408
f 414 409 404
f 415 402 396
f 390 391 388
f 392 394 399
f 388 399 389
f 391 387 34
f 398 393 392
f 398 395 397
f 395 415 396
f 406 403 405
f 401 400 406
f 413 410 412
f 403 414 404
f 400 402 415
f 407 413 408
f 410 416 411
f 409 414 407
f 416 417 418
f 418 411 416
f 419 420 421
f 422 423 424
f 425 424 420
f 426 427 428
f 429 430 431
f 432 431 427
f 433 428 423
f 434 435 436
f 437 438 439
f 440 439 435
f 441 442 443
f 29 4 444
f 445 444 442
f 446 443 438
f 447 436 430
f 419 421 417
f 425 422 424
f 433 426 428
f 423 422 433
f 432 427 426
f 425 420 419
f 432 429 431
f 434 436 447
f 446 441 443
f 429 447 430
f 437 446 438
f 437 439 440
f 445 442 441
f 448 444 445
f 448 29 444
f 440 435 434
f 418 417 421
f 449 450 451
f 451 452 449
f 453 454 455
f 456 454 457
f 458 457 459
f 460 458 459
f 461 460 462
f 460 463 462
f 461 462 464
f 465 466 467
f 468 469 470
f 471 470 465
f 472 469 468
f 470 473 468
f 474 471 467
f 474 467 475
f 471 465 467
f 476 477 466
f 466 477 475
f 471 473 470
f 476 478 477
f 479 474 475
f 479 477 480
f 477 479 475
f 481 480 477
f 467 466 475
f 478 481 477
f 474 482 471
f 481 478 483
f 484 485 486
f 487 488 489
f 490 491 489
f 492 488 493
f 491 490 494
f 490 495 494
f 496 497 498
f 497 496 499
f 500 501 502
f 500 499 501
f 503 495 504
f 505 506 503
f 505 507 506
f 505 503 504
f 481 485 508
f 483 485 481
f 493 487 509
f 487 493 488
f 487 510 509
f 511 508 492
f 486 492 484
f 509 511 493
f 512 481 513
f 508 511 514
f 508 484 492
f 514 511 509
f 508 514 513
f 481 508 513
f 481 512 480
f 515 491 516
f 487 489 515
f 489 491 515
f 483 517 485
f 497 506 498
f 501 499 496
f 491 494 516
f 487 515 510
f 473 471 482
f 472 468 518
f 473 518 468
f 472 519 469
f 460 459 463
f 454 456 455
f 458 456 457
f 459 457 463
f 469 519 464
f 464 519 461
f 476 466 520
f 483 478 517
f 520 478 476
f 484 508 485
f 492 493 511
f 495 490 504
f 496 498 507
f 507 498 506
f 521 522 523
f 524 522 525
f 526 525 527
f 528 526 527
f 529 528 530
f 528 531 530
f 529 530 532
f 533 534 535
f 536 537 538
f 539 540 536
f 541 538 533
f 542 537 536
f 538 539 536
f 543 541 535
f 544 534 545
f 538 541 539
f 534 544 546
f 543 535 546
f 535 541 533
f 544 545 547
f 548 543 546
f 548 544 549
f 544 548 546
f 550 549 544
f 535 534 546
f 551 550 547
f 543 552 541
f 551 547 553
f 554 555 556
f 553 555 551
f 557 558 559
f 560 561 559
f 562 558 563
f 561 560 564
f 565 566 560
f 567 568 569
f 568 567 570
f 571 572 573
f 571 570 572
f 574 575 565
f 576 575 574
f 574 577 576
f 564 560 566
f 550 555 578
f 550 551 555
f 563 557 579
f 557 563 558
f 557 580 579
f 581 578 562
f 556 562 554
f 579 581 563
f 582 550 583
f 578 581 584
f 578 554 562
f 584 581 579
f 578 584 583
f 550 578 583
f 550 582 549
f 585 561 586
f 557 559 585
f 559 561 585
f 550 544 547
f 542 536 540
f 539 541 552
f 542 587 537
f 528 527 531
f 522 524 523
f 526 524 525
f 527 525 531
f 537 587 532
f 532 587 529
f 545 534 588
f 588 547 545
f 554 578 555
f 562 563 581
f 567 569 577
f 569 576 577
f 572 570 567
f 568 576 569
f 565 575 566
f 561 564 586
f 557 585 580
f 589 590 591
f 592 591 590
f 593 594 595
f 595 596 593
f 596 597 593
f 598 599 600
f 601 602 597
f 603 600 602
f 604 601 597
f 603 598 600
f 598 605 599
f 601 603 602
f 599 605 606
f 607 608 609
f 606 610 609
f 606 605 610
f 607 609 610
f 611 612 607
f 613 611 607
f 612 608 607
f 610 614 607
f 615 607 614
f 615 616 613
f 615 613 607
f 617 613 616
f 616 618 617
f 610 619 614
f 605 619 610
f 620 618 616
f 621 618 622
f 621 622 623
f 622 618 620
f 622 624 623
f 621 617 618
f 625 626 627
f 628 629 453
f 628 626 625
f 625 629 628
f 624 627 623
f 626 623 627
f 597 596 604
f 630 631 632
f 633 631 630
f 631 634 632
f 635 633 636
f 637 638 639
f 573 640 639
f 640 637 639
f 641 642 636
f 643 636 633
f 633 630 643
f 641 636 643
f 644 642 645
f 642 641 645
f 646 644 645
f 635 636 642
f 634 647 648
f 649 650 651
f 652 653 654
f 655 656 657
f 652 658 656
f 659 651 650
f 654 653 649
f 658 657 656
f 657 660 655
f 654 658 652
f 661 655 660
f 648 632 634
f 662 632 648
f 632 663 664
f 648 661 665
f 664 630 632
f 648 647 661
f 632 662 666
f 661 660 665
f 665 662 648
f 654 649 651
f 637 646 638
f 645 638 646
f 666 667 632
f 663 632 667
f 668 669 670
f 671 672 669
f 668 673 674
f 675 676 677
f 677 678 679
f 674 673 678
f 675 680 676
f 672 681 682
f 671 681 672
f 669 672 683
f 683 670 669
f 678 673 684
f 673 668 670
f 684 679 678
f 679 675 677
f 675 685 680
f 686 687 688
f 689 686 688
f 689 690 691
f 692 693 694
f 694 695 692
f 691 696 693
f 697 695 698
f 688 687 699
f 685 699 680
f 688 690 689
f 696 694 693
f 691 690 700
f 691 700 696
f 694 701 695
f 701 698 695
f 687 680 699
f 702 703 704
f 705 704 703
f 706 707 708
f 709 707 706
f 707 710 708
f 711 709 712
f 713 714 715
f 502 716 715
f 716 713 715
f 717 718 712
f 719 712 709
f 709 706 719
f 717 712 719
f 720 718 721
f 718 717 721
f 722 720 721
f 711 712 718
f 710 723 724
f 725 726 727
f 728 729 730
f 731 732 733
f 728 734 732
f 735 727 726
f 730 729 725
f 734 733 732
f 733 736 731
f 730 734 728
f 737 731 736
f 724 708 710
f 738 708 724
f 708 739 740
f 724 737 741
f 740 706 708
f 724 723 737
f 708 738 742
f 737 736 741
f 741 738 724
f 730 725 727
f 713 722 714
f 721 714 722
f 742 743 708
f 739 708 743
f 744 745 746
f 746 747 744
f 747 748 744
f 749 750 751
f 752 753 748
f 754 751 753
f 755 752 748
f 754 749 751
f 749 756 750
f 752 754 753
f 750 756 757
f 758 759 760
f 757 761 760
f 757 756 761
f 758 760 761
f 762 763 758
f 764 762 758
f 763 759 758
f 761 765 758
f 766 758 765
f 766 767 764
f 766 764 758
f 768 764 767
f 767 769 768
f 761 770 765
f 756 770 761
f 771 769 767
f 772 769 773
f 772 773 774
f 773 769 771
f 773 775 774
f 772 768 769
f 776 777 778
f 779 780 521
f 779 777 776
f 776 780 779
f 775 778 774
f 777 774 778
f 748 747 755
f 781 782 783
f 784 783 785
f 782 786 787
f 788 789 790
f 791 789 792
f 792 787 786
f 793 788 790
f 794 785 795
f 794 795 796
f 796 797 798
f 799 800 797
f 800 799 801
f 801 802 803
f 802 804 803
f 805 806 804
f 807 808 793
f 793 790 809
f 790 789 791
f 792 810 791
f 781 786 782
f 811 781 783
f 810 792 786
f 811 783 784
f 812 801 803
f 803 804 813
f 813 804 806
f 794 796 798
f 814 797 800
f 797 814 798
f 800 801 812
f 785 794 784
f 807 793 809
f 815 816 817
f 817 818 815
f 819 820 821
f 819 821 822
f 822 821 823
f 823 824 822
f 825 826 827
f 827 826 828
f 828 829 830
f 826 829 828
f 830 829 831
f 825 827 832
f 833 834 835
f 836 827 828
f 837 838 839
f 830 831 839
f 840 838 841
f 836 828 830
f 837 839 831
f 842 843 837
f 842 837 831
f 840 841 844
f 838 837 841
f 841 845 844
f 841 837 846
f 847 846 837
f 837 848 847
f 845 841 846
f 849 844 845
f 850 851 852
f 853 854 851
f 855 834 856
f 850 833 835
f 854 852 851
f 854 853 849
f 856 735 855
f 834 833 856
f 852 833 850
f 853 844 849
f 837 843 848
f 823 825 824
f 832 824 825
f 857 858 859
f 859 858 860
f 861 862 859
f 859 863 861
f 863 859 864
f 862 857 859
f 865 861 863
f 860 866 867
f 867 866 868
f 869 863 864
f 867 870 860
f 859 870 864
f 859 860 870
f 871 863 869
f 872 865 871
f 873 874 875
f 872 876 874
f 877 878 879
f 879 745 877
f 878 880 881
f 880 873 882
f 876 875 874
f 876 872 871
f 882 881 880
f 875 882 873
f 865 863 871
f 883 884 885
f 886 885 887
f 883 885 886
f 888 867 868
f 883 888 868
f 868 884 883
f 884 868 866
f 889 890 891
f 892 893 891
f 889 891 893
f 880 878 877
f 889 887 890
f 885 890 887
f 894 895 896
f 897 898 895
f 894 896 899
f 900 901 902
f 902 903 900
f 899 904 903
f 905 906 901
f 895 898 896
f 899 896 904
f 898 897 907
f 900 903 908
f 905 909 906
f 901 900 905
f 908 903 904
f 910 911 909
f 911 906 909
f 912 911 913
f 914 912 913
f 914 915 916
f 917 918 919
f 920 921 917
f 916 919 918
f 922 921 920
f 916 923 919
f 923 916 915
f 913 915 914
f 922 924 925
f 917 926 920
f 920 924 922
f 917 919 926
f 925 927 922
f 910 913 911
f 928 929 930
f 931 930 929
f 932 933 934
f 935 932 934
f 936 937 938
f 937 936 939
f 940 938 941
f 941 938 937
f 940 941 942
f 938 943 944
f 945 939 946
f 945 947 939
f 936 946 939
f 944 936 938
f 940 948 949
f 943 950 944
f 940 949 938
f 945 946 951
f 942 952 940
f 933 932 945
f 953 954 955
f 956 954 953
f 957 958 956
f 959 958 960
f 957 960 958
f 961 962 963
f 964 959 960
f 965 961 963
f 964 965 959
f 934 966 967
f 934 933 966
f 946 944 951
f 933 945 951
f 943 949 950
f 948 968 949
f 966 955 967
f 969 970 940
f 970 969 971
f 969 952 972
f 973 972 974
f 972 973 969
f 973 975 976
f 948 940 970
f 975 974 977
f 969 973 976
f 971 969 976
f 974 975 973
f 977 978 975
f 969 940 952
f 979 980 981
f 980 982 981
f 977 980 979
f 981 983 984
f 978 977 979
f 979 981 984
f 978 976 975
f 985 986 987
f 988 989 985
f 985 987 990
f 984 991 992
f 988 993 989
f 994 820 995
f 988 996 993
f 995 993 996
f 990 987 992
f 956 958 954
f 961 965 964
f 934 967 935
f 945 932 947
f 980 977 997
f 974 997 977
f 983 981 982
f 983 991 984
f 985 989 986
f 995 996 994
f 989 993 986
f 992 991 990
f 971 976 998
f 948 970 968
f 998 970 971
f 943 938 949
f 944 946 936
f 955 966 953
f 964 960 957
f 999 1000 1001
f 1002 999 1001
f 1003 1004 1005
f 1004 1003 1006
f 1007 1005 1008
f 1008 1005 1004
f 1009 1010 1011
f 1007 1008 1012
f 1005 1013 1014
f 1015 1006 1016
f 1015 1017 1006
f 1003 1016 1006
f 1014 1003 1005
f 1018 1019 1020
f 1013 1021 1014
f 1007 1018 1005
f 1015 1016 1022
f 1012 1023 1007
f 1000 999 1015
f 1024 1025 1026
f 1027 1028 1025
f 1029 1028 1030
f 1030 1028 1027
f 1031 892 1032
f 1033 1029 1030
f 1034 1031 1032
f 1033 1034 1029
f 1001 1035 1036
f 1001 1000 1035
f 1016 1014 1022
f 1000 1015 1022
f 1013 1018 1021
f 1035 1037 1036
f 1024 1037 1035
f 1007 1019 1018
f 1038 1007 1039
f 1039 1023 1040
f 1041 1040 1042
f 1040 1041 1039
f 1041 1043 1044
f 1019 1038 1020
f 1039 1045 1038
f 1043 1042 1046
f 1039 1041 1044
f 1047 1043 1046
f 1042 1043 1041
f 1039 1044 1045
f 1039 1007 1023
f 1048 1049 1010
f 1049 1011 1010
f 1046 1049 1048
f 1050 1010 1009
f 1047 1046 1048
f 1048 1010 1050
f 1047 1044 1043
f 1051 1052 1053
f 1054 1055 1051
f 1051 1053 1056
f 1050 1057 1058
f 1054 1059 1055
f 1060 1061 1062
f 1054 1063 1059
f 1062 1059 1063
f 1056 1053 1058
f 1038 1019 1007
f 1042 1064 1046
f 1049 1046 1064
f 1009 1057 1050
f 1051 1055 1052
f 1062 1063 1060
f 1055 1059 1052
f 1058 1057 1056
f 1045 1044 1065
f 1065 1038 1045
f 1013 1005 1018
f 1014 1016 1003
f 1033 1030 1027
f 1031 1034 1033
f 1028 1026 1025
f 1024 1026 1037
f 1001 1036 1002
f 1015 999 1017
f 1066 1067 1068
f 1069 1070 1067
f 1066 1068 1071
f 1072 1073 1074
f 1074 1075 1076
f 1071 1077 1075
f 1072 1078 1073
f 1067 1079 1068
f 1071 1068 1077
f 1079 1067 1070
f 1076 1075 1080
f 1072 1081 1078
f 1074 1076 1072
f 1080 1075 1077
f 1081 1082 1078
f 1082 1083 1078
f 1084 1083 1085
f 1086 1084 1085
f 1086 1087 1088
f 1089 1090 1091
f 1092 1093 1089
f 1088 1091 1090
f 1094 1093 1095
f 1088 1096 1091
f 1096 1088 1087
f 1085 1087 1086
f 1095 1097 1098
f 1089 1099 1092
f 1092 1095 1093
f 1089 1091 1099
f 1098 1094 1095
f 1082 1085 1083
f 1100 1061 1101
f 1100 1101 1102
f 1102 1101 1103
f 1103 1104 1102
f 1105 1106 1107
f 1107 1106 1108
f 1108 1109 1110
f 1106 1109 1108
f 1110 1109 1111
f 1105 1107 1112
f 1112 1104 1105
f 1113 1107 1108
f 1114 1115 1116
f 1110 1111 1116
f 1117 1115 1118
f 1113 1108 1110
f 1114 1116 1111
f 1119 1120 1114
f 1119 1114 1111
f 1117 1118 1121
f 1115 1114 1118
f 1118 1122 1121
f 1118 1114 1123
f 1124 1123 1114
f 1114 1125 1124
f 1122 1118 1123
f 1126 1121 1122
f 1127 1128 1129
f 1130 1131 1128
f 1132 1133 1134
f 1127 1135 1136
f 1131 1129 1128
f 1131 1130 1126
f 1134 659 1132
f 1133 1135 1134
f 1129 1135 1127
f 1130 1121 1126
f 1103 1105 1104
f 1135 1133 1136
f 1114 1120 1125
f 1137 1138 1139
f 1139 1138 1140
f 1141 1142 1139
f 1139 1143 1141
f 1143 1139 1144
f 1142 1137 1139
f 1145 1141 1143
f 1140 1146 1147
f 1147 1146 1148
f 1149 1143 1144
f 1147 1150 1140
f 1139 1150 1144
f 1139 1140 1150
f 1151 1143 1149
f 1152 1145 1151
f 1153 1154 1155
f 1152 1156 1154
f 1157 1158 1159
f 1159 594 1157
f 1158 1160 1161
f 1160 1153 1162
f 1156 1155 1154
f 1156 1152 1151
f 1162 1161 1160
f 1155 1162 1153
f 1145 1143 1151
f 1163 1164 1165
f 1166 1165 1167
f 1163 1165 1166
f 1168 1147 1148
f 1163 1168 1148
f 1148 1164 1163
f 1164 1148 1146
f 1169 1170 1171
f 962 1172 1171
f 1169 1171 1172
f 1160 1158 1157
f 1169 1167 1170
f 1165 1170 1167
f 1173 1174 1175
f 1175 1176 1173
f 1177 1178 1179
f 1180 1181 1178
f 1177 1182 1183
f 1184 1185 1186
f 1187 1188 1186
f 1187 1183 1182
f 1189 1190 1185
f 1191 1180 1192
f 1193 1192 1194
f 1194 1195 1193
f 1196 1197 1195
f 1198 1196 1199
f 1199 1200 1198
f 1200 1201 1202
f 1203 1204 1201
f 1205 1206 1190
f 1185 1207 1189
f 1184 1207 1185
f 1184 1186 1188
f 1179 1182 1177
f 1181 1179 1178
f 1182 1188 1187
f 1181 1180 1208
f 1198 1200 1202
f 1202 1201 1209
f 1209 1201 1204
f 1191 1192 1193
f 1210 1195 1197
f 1195 1210 1193
f 1197 1196 1198
f 1180 1191 1208
f 1205 1190 1189
f 1211 1212 1213
f 1214 1215 1212
f 1211 1213 1216
f 1217 1218 1219
f 1219 1220 1221
f 1216 1221 1220
f 1222 1218 1217
f 1215 1223 1224
f 1214 1223 1215
f 1212 1215 1225
f 1225 1213 1212
f 1216 1226 1221
f 1226 1216 1213
f 1221 1227 1219
f 1227 1217 1219
f 1222 1228 1218
f 1229 1230 1231
f 1232 1229 1231
f 1232 1233 1234
f 1235 1236 1237
f 1238 1239 1235
f 1234 1237 1236
f 1240 1239 1238
f 1231 1230 1241
f 1241 1230 1222
f 1231 1233 1232
f 1237 1242 1235
f 1234 1233 1243
f 1234 1243 1237
f 1242 1238 1235
f 1238 1244 1240
f 1228 1222 1230
