v 0.07365000502406627 0.026800000509992206 4.732190341960139e-16
v 0.07450000353856012 0.026800000509992206 4.73431158361136e-16
v 0.07450000353856012 0.03800000180490315 6.701969484592374e-16
v 0.07365000502406627 0.03800000180490315 6.699848242941152e-16
v 0.07365000502406627 0.02660000164490195 -0.00020000001247972264
v 0.07451002856345035 0.02660000164490195 -0.00020000001247972264
v 0.07450000353856012 0.026800000509992206 4.73431158361136e-16
v 0.07365000502406627 0.026800000509992206 4.732190341960139e-16
v 0.07365000502406627 0.03820000257734213 -0.00020000001247972264
v 0.07365000502406627 0.03800000180490315 6.699848242941152e-16
v 0.07450000353856012 0.03800000180490315 6.701969484592374e-16
v 0.07451002856345035 0.03820000257734213 -0.00020000001247972264
v 0.07875545112837834 0.03190000113369895 -0.005397728222686915
v 0.08023913192394705 0.03190000113369895 -0.005619733123673476
v 0.079672237365771 0.03190000113369895 -0.00595813922571492
v 0.07839473333780766 0.03190000113369895 -0.0055346644169351755
v 0.07907499307470811 0.03190000113369895 -0.006239544687994536
v 0.08077025987886177 0.03190000113369895 -0.0052275636294910055
v 0.07944592662504135 0.03190000113369895 -0.005054113151281847
v 0.0797726783495456 0.03190000113369895 -0.00484892915868701
v 0.07910635751711581 0.03190000113369895 -0.005237312088816337
v 0.0784531134675337 0.03190000113369895 -0.006461257764626416
v 0.07765017306074373 0.03190000113369895 -0.0057358181816774545
v 0.07781255710165969 0.03190000113369895 -0.00662115700699295
v 0.07715943512239587 0.03190000113369895 -0.006717712244580787
v 0.07688563139845339 0.03190000113369895 -0.005837276259158808
v 0.07650000363355502 0.03190000113369895 -0.005850000182492654
v 0.07650000363355502 0.03190000113369895 -0.006750000320607796
v 0.07726957306708027 0.03190000113369895 -0.005799160279107429
v 0.07802577580075187 0.03190000113369895 -0.005647524625085054
v 0.08159026724202878 0.03190000113369895 -0.002883011716449252
v 0.08185000236178741 0.03190000113369895 -0.0033674918820542077
v 0.08138914876323788 0.03190000113369895 -0.003212284955965844
v 0.08181132132967672 0.03190000113369895 -0.003758949219907076
v 0.08116676716087845 0.03190000113369895 -0.0035275844818975777
v 0.08092407610931218 0.03190000113369895 -0.003827539148930914
v 0.08169676596534892 0.03190000113369895 -0.004135263639407638
v 0.08170247275272935 0.03190000113369895 -0.0026512607403232635
v 0.08183343131607845 0.03190000113369895 -0.002154319865508292
v 0.08185000236178741 0.03190000113369895 -0.001897366733072045
v 0.08178397757837796 0.03190000113369895 -0.0024070140074544666
v 0.08038211441364851 0.03190000113369895 -0.004376266210516511
v 0.08151076894723719 0.03190000113369895 -0.004481878016680263
v 0.08126053242412112 0.03190000113369895 -0.0047853829749436305
v 0.08008519362317834 0.03190000113369895 -0.004622652273397199
v 0.08066215135321908 0.03190000113369895 -0.004110843853701862
v 0.07584057214471418 0.03190000113369895 -0.006717712244580787
v 0.07611437586865666 0.03190000113369895 -0.005837276259158808
v 0.07518745016545036 0.03190000113369895 -0.00662115700699295
v 0.07573043420002978 0.03190000113369895 -0.005799160279107429
v 0.07454689379957635 0.03190000113369895 -0.006461257764626416
v 0.07534983420636632 0.03190000113369895 -0.0057358181816774545
v 0.07392501419240194 0.03190000113369895 -0.006239544687994536
v 0.07460527392930238 0.03190000113369895 -0.0055346644169351755
v 0.07497423146635818 0.03190000113369895 -0.005647524625085054
v 0.07332776990133905 0.03190000113369895 -0.00595813922571492
v 0.07424455613873171 0.03190000113369895 -0.005397728222686915
v 0.072760875343163 0.03190000113369895 -0.005619733123673476
v 0.07389364974999424 0.03190000113369895 -0.005237312088816337
v 0.0735540806420687 0.03190000113369895 -0.005054113151281847
v 0.07222974738824828 0.03190000113369895 -0.0052275636294910055
v 0.07322732891756445 0.03190000113369895 -0.00484892915868701
v 0.07291481364393171 0.03190000113369895 -0.004622652273397199
v 0.07233785591389097 0.03190000113369895 -0.004110843853701862
v 0.07261789285346154 0.03190000113369895 -0.004376266210516511
v 0.07148923831987286 0.03190000113369895 -0.004481878016680263
v 0.07173947484298893 0.03190000113369895 -0.0047853829749436305
v 0.07130324130176113 0.03190000113369895 -0.004135263639407638
v 0.07207593115779787 0.03190000113369895 -0.003827539148930914
v 0.07115000490532264 0.03190000113369895 -0.0033674918820542077
v 0.07161085850387217 0.03190000113369895 -0.003212284955965844
v 0.0718332401062316 0.03190000113369895 -0.0035275844818975777
v 0.07118868593743333 0.03190000113369895 -0.003758949219907076
v 0.07140974002508127 0.03190000113369895 -0.002883011716449252
v 0.0712975345143807 0.03190000113369895 -0.0026512607403232635
v 0.0711665759510316 0.03190000113369895 -0.002154319865508292
v 0.07121602968873209 0.03190000113369895 -0.0024070140074544666
v 0.07115000490532264 0.03190000113369895 -0.001897366733072045
v 0.07173947484298893 0.03190000113369895 -0.0047853829749436305
v 0.07222974738824828 0.03190000113369895 -0.0052275636294910055
v 0.07173947484298893 0.027100001668650675 -0.0047853829749436305
v 0.07332776990133905 0.03190000113369895 -0.00595813922571492
v 0.07332776990133905 0.027100001668650675 -0.00595813922571492
v 0.072760875343163 0.03190000113369895 -0.005619733123673476
v 0.072760875343163 0.027100001668650675 -0.005619733123673476
v 0.07392501419240194 0.027100001668650675 -0.006239544687994536
v 0.07392501419240194 0.03190000113369895 -0.006239544687994536
v 0.07454689379957635 0.03190000113369895 -0.006461257764626416
v 0.07518745016545036 0.03190000113369895 -0.00662115700699295
v 0.07518745016545036 0.027100001668650675 -0.00662115700699295
v 0.07584057214471418 0.03190000113369895 -0.006717712244580787
v 0.07222974738824828 0.027100001668650675 -0.0052275636294910055
v 0.07454689379957635 0.027100001668650675 -0.006461257764626416
v 0.07584057214471418 0.027100001668650675 -0.006717712244580787
v 0.07650000363355502 0.027100001668650675 -0.006750000320607796
v 0.07650000363355502 0.03190000113369895 -0.006750000320607796
v 0.07715943512239587 0.03190000113369895 -0.006717712244580787
v 0.07781255710165969 0.03190000113369895 -0.00662115700699295
v 0.07781255710165969 0.027100001668650675 -0.00662115700699295
v 0.07715943512239587 0.027100001668650675 -0.006717712244580787
v 0.0784531134675337 0.03190000113369895 -0.006461257764626416
v 0.08077025987886177 0.027100001668650675 -0.0052275636294910055
v 0.08023913192394705 0.03190000113369895 -0.005619733123673476
v 0.08077025987886177 0.03190000113369895 -0.0052275636294910055
v 0.08023913192394705 0.027100001668650675 -0.005619733123673476
v 0.079672237365771 0.03190000113369895 -0.00595813922571492
v 0.07907499307470811 0.03190000113369895 -0.006239544687994536
v 0.07907499307470811 0.027100001668650675 -0.006239544687994536
v 0.079672237365771 0.027100001668650675 -0.00595813922571492
v 0.0784531134675337 0.027100001668650675 -0.006461257764626416
v 0.08126053242412112 0.03190000113369895 -0.0047853829749436305
v 0.08126053242412112 0.027100001668650675 -0.0047853829749436305
v 0.08077025987886177 0.03190000113369895 0.0052275636294910055
v 0.08023913192394705 0.03190000113369895 0.005619733123673476
v 0.08077025987886177 0.027100001668650675 0.0052275636294910055
v 0.079672237365771 0.03190000113369895 0.00595813922571492
v 0.08023913192394705 0.027100001668650675 0.005619733123673476
v 0.08126053242412112 0.03190000113369895 0.0047853829749436305
v 0.08126053242412112 0.027100001668650675 0.0047853829749436305
v 0.07715943512239587 0.03190000113369895 0.006717712244580787
v 0.07650000363355502 0.03190000113369895 0.006750000320607796
v 0.07715943512239587 0.027100001668650675 0.006717712244580787
v 0.07907499307470811 0.027100001668650675 0.006239544687994536
v 0.07907499307470811 0.03190000113369895 0.006239544687994536
v 0.0784531134675337 0.03190000113369895 0.006461257764626416
v 0.079672237365771 0.027100001668650675 0.00595813922571492
v 0.0784531134675337 0.027100001668650675 0.006461257764626416
v 0.07781255710165969 0.03190000113369895 0.00662115700699295
v 0.07781255710165969 0.027100001668650675 0.00662115700699295
v 0.07650000363355502 0.027100001668650675 0.006750000320607796
v 0.07454689379957635 0.027100001668650675 0.006461257764626416
v 0.07454689379957635 0.03190000113369895 0.006461257764626416
v 0.07392501419240194 0.03190000113369895 0.006239544687994536
v 0.07518745016545036 0.027100001668650675 0.00662115700699295
v 0.07518745016545036 0.03190000113369895 0.00662115700699295
v 0.07584057214471418 0.03190000113369895 0.006717712244580787
v 0.07584057214471418 0.027100001668650675 0.006717712244580787
v 0.07332776990133905 0.03190000113369895 0.00595813922571492
v 0.07392501419240194 0.027100001668650675 0.006239544687994536
v 0.07222974738824828 0.03190000113369895 0.0052275636294910055
v 0.07173947484298893 0.03190000113369895 0.0047853829749436305
v 0.07222974738824828 0.027100001668650675 0.0052275636294910055
v 0.072760875343163 0.03190000113369895 0.005619733123673476
v 0.072760875343163 0.027100001668650675 0.005619733123673476
v 0.07332776990133905 0.027100001668650675 0.00595813922571492
v 0.07173947484298893 0.027100001668650675 0.0047853829749436305
v 0.08109557727712602 0.02660000164490195 -0.0042032811253958635
v 0.08123507313336109 0.02660000164490195 -0.0039433207000692805
v 0.08135000233803868 0.02660000164490195 -0.0033674918820542077
v 0.0809079017921377 0.02660000164490195 -0.00443091032093057
v 0.07809016789365408 0.02660000164490195 -0.0012130034546024848
v 0.080453945166572 0.02660000164490195 -0.004840336552688063
v 0.07996216200112372 0.02660000164490195 -0.005203456648975868
v 0.07980922315108607 0.02660000164490195 -0.00010865544298796666
v 0.08001668928642847 0.02660000164490195 2.2364653312226073e-06
v 0.08132098774925822 0.02660000164490195 -0.0036610848258392115
v 0.08019852828432317 0.02660000164490195 0.00015147187535191446
v 0.07958411022535472 0.02660000164490195 -0.0001769423419833733
v 0.07935000224304378 0.02660000164490195 -0.00020000001247972264
v 0.07784164798438908 0.02660000164490195 -0.0014832397211764214
v 0.07943725963244219 0.02660000164490195 -0.00551679542041994
v 0.07888425820236744 0.02660000164490195 -0.005777356422175806
v 0.07754790865158956 0.02660000164490195 -0.0017034940336627807
v 0.07830844488156075 0.02660000164490195 -0.005982646272624792
v 0.07721886047922233 0.02660000164490195 -0.0018663440637137207
v 0.0777153280931353 0.02660000164490195 -0.006130700879418971
v 0.07686559660746273 0.02660000164490195 -0.001966302249842705
v 0.07650000363355502 0.02660000164490195 -0.0020000000949949026
v 0.07711058410689198 0.02660000164490195 -0.006220104036131213
v 0.07650000363355502 0.02660000164490195 -0.006250000296859071
v 0.07841988745277195 0.02660000164490195 -0.000560387697610791
v 0.0784899787036597 0.02660000164490195 -0.00020000001247972264
v 0.07828510656258114 0.02660000164490195 -0.0009018915127929905
v 0.07711058410689198 0.02660000164490195 0.006220104036131213
v 0.07650000363355502 0.02660000164490195 0.004200000008754423
v 0.0777153280931353 0.02660000164490195 0.006130700879418971
v 0.08055000687767766 0.02660000164490195 0.003000000142492354
v 0.08055000687767766 0.02660000164490195 0.0010000000474974513
v 0.08135000233803868 0.02660000164490195 0.0033674918820542077
v 0.08052694321691423 0.02660000164490195 0.0007658916479539798
v 0.08052694321691423 0.02660000164490195 0.003234108601640473
v 0.08045866013261627 0.02660000164490195 0.0005407799143155798
v 0.08132098774925822 0.02660000164490195 0.0036610848258392115
v 0.08109557727712602 0.02660000164490195 0.0042032811253958635
v 0.08045866013261627 0.02660000164490195 0.003459220335278873
v 0.08123507313336109 0.02660000164490195 0.0039433207000692805
v 0.0809079017921377 0.02660000164490195 0.00443091032093057
v 0.0803477668778374 0.02660000164490195 0.003666684563272543
v 0.080453945166572 0.02660000164490195 0.004840336552688063
v 0.08019852828432317 0.02660000164490195 0.0038485283295390527
v 0.07650000363355502 0.02660000164490195 0.006250000296859071
v 0.0803477668778374 0.02660000164490195 0.00033331574592655733
v 0.07996216200112372 0.02660000164490195 0.005203456648975868
v 0.07958411022535472 0.02660000164490195 0.00417694254687434
v 0.07980922315108607 0.02660000164490195 0.004108655647878934
v 0.08001668928642847 0.02660000164490195 0.003997763823611611
v 0.07943725963244219 0.02660000164490195 0.00551679542041994
v 0.07935000224304378 0.02660000164490195 0.004200000008754423
v 0.07888425820236744 0.02660000164490195 0.005777356422175806
v 0.07830844488156075 0.02660000164490195 0.005982646272624792
v 0.07613441065964732 0.02660000164490195 -0.001966302249842705
v 0.07588942316021807 0.02660000164490195 -0.006220104036131213
v 0.07528467917397474 0.02660000164490195 -0.006130700879418971
v 0.0746915623855493 0.02660000164490195 -0.005982646272624792
v 0.07578114678788772 0.02660000164490195 -0.0018663440637137207
v 0.07411574906474261 0.02660000164490195 -0.005777356422175806
v 0.07545209861552049 0.02660000164490195 -0.0017034940336627807
v 0.07515835928272097 0.02660000164490195 -0.0014832397211764214
v 0.07356274763466786 0.02660000164490195 -0.00551679542041994
v 0.07490983937345597 0.02660000164490195 -0.0012130034546024848
v 0.07471490070452891 0.02660000164490195 -0.0009018915127929905
v 0.07365000502406627 0.02660000164490195 -0.00020000001247972264
v 0.0745801198143381 0.02660000164490195 -0.000560387697610791
v 0.07451002856345035 0.02660000164490195 -0.00020000001247972264
v 0.07303784526598633 0.02660000164490195 -0.005203456648975868
v 0.07254606210053804 0.02660000164490195 -0.004840336552688063
v 0.07165000492907136 0.02660000164490195 -0.0033674918820542077
v 0.07190442998998403 0.02660000164490195 -0.0042032811253958635
v 0.07209210547497236 0.02660000164490195 -0.00443091032093057
v 0.07176493413374896 0.02660000164490195 -0.0039433207000692805
v 0.07341589704175533 0.02660000164490195 -0.0001769423419833733
v 0.07319078411602398 0.02660000164490195 -0.00010865544298796666
v 0.07298331798068158 0.02660000164490195 2.2364653312226073e-06
v 0.07280147898278688 0.02660000164490195 0.00015147187535191446
v 0.07265224038927265 0.02660000164490195 0.00033331574592655733
v 0.07167901951785183 0.02660000164490195 -0.0036610848258392115
v 0.07303784526598633 0.02660000164490195 0.005203456648975868
v 0.07319078411602398 0.02660000164490195 0.004108655647878934
v 0.07341589704175533 0.02660000164490195 0.00417694254687434
v 0.07356274763466786 0.02660000164490195 0.00551679542041994
v 0.07365000502406627 0.02660000164490195 0.004200000008754423
v 0.07280147898278688 0.02660000164490195 0.0038485283295390527
v 0.07298331798068158 0.02660000164490195 0.003997763823611611
v 0.07254606210053804 0.02660000164490195 0.004840336552688063
v 0.07588942316021807 0.02660000164490195 0.006220104036131213
v 0.07528467917397474 0.02660000164490195 0.006130700879418971
v 0.07411574906474261 0.02660000164490195 0.005777356422175806
v 0.0746915623855493 0.02660000164490195 0.005982646272624792
v 0.07209210547497236 0.02660000164490195 0.00443091032093057
v 0.07265224038927265 0.02660000164490195 0.003666684563272543
v 0.07254134713449378 0.02660000164490195 0.0005407799143155798
v 0.07165000492907136 0.02660000164490195 0.0033674918820542077
v 0.07247306405019582 0.02660000164490195 0.0007658916479539798
v 0.07245000038943239 0.02660000164490195 0.0010000000474974513
v 0.07245000038943239 0.02660000164490195 0.003000000142492354
v 0.07247306405019582 0.02660000164490195 0.003234108601640473
v 0.07190442998998403 0.02660000164490195 0.0042032811253958635
v 0.07254134713449378 0.02660000164490195 0.003459220335278873
v 0.07176493413374896 0.02660000164490195 0.0039433207000692805
v 0.07167901951785183 0.02660000164490195 0.0036610848258392115
v 0.08185000236178741 0.03190000113369895 0.001897366733072045
v 0.08183343131607845 0.03190000113369895 0.002154319865508292
v 0.08185000236178741 0.03190000113369895 0.0033674918820542077
v 0.08178397757837796 0.03190000113369895 0.0024070140074544666
v 0.08170247275272935 0.03190000113369895 0.0026512607403232635
v 0.08116676716087845 0.03190000113369895 0.0035275844818975777
v 0.08181132132967672 0.03190000113369895 0.003758949219907076
v 0.08159026724202878 0.03190000113369895 0.002883011716449252
v 0.08138914876323788 0.03190000113369895 0.003212284955965844
v 0.08092407610931218 0.03190000113369895 0.003827539148930914
v 0.08169676596534892 0.03190000113369895 0.004135263639407638
v 0.08066215135321908 0.03190000113369895 0.004110843853701862
v 0.08151076894723719 0.03190000113369895 0.004481878016680263
v 0.08126053242412112 0.03190000113369895 0.0047853829749436305
v 0.08038211441364851 0.03190000113369895 0.004376266210516511
v 0.08008519362317834 0.03190000113369895 0.004622652273397199
v 0.08077025987886177 0.03190000113369895 0.0052275636294910055
v 0.0797726783495456 0.03190000113369895 0.00484892915868701
v 0.07944592662504135 0.03190000113369895 0.005054113151281847
v 0.08023913192394705 0.03190000113369895 0.005619733123673476
v 0.07910635751711581 0.03190000113369895 0.005237312088816337
v 0.079672237365771 0.03190000113369895 0.00595813922571492
v 0.07875545112837834 0.03190000113369895 0.005397728222686915
v 0.07839473333780766 0.03190000113369895 0.0055346644169351755
v 0.07907499307470811 0.03190000113369895 0.006239544687994536
v 0.07765017306074373 0.03190000113369895 0.0057358181816774545
v 0.07802577580075187 0.03190000113369895 0.005647524625085054
v 0.07726957306708027 0.03190000113369895 0.005799160279107429
v 0.0784531134675337 0.03190000113369895 0.006461257764626416
v 0.07781255710165969 0.03190000113369895 0.00662115700699295
v 0.07650000363355502 0.03190000113369895 0.006750000320607796
v 0.07715943512239587 0.03190000113369895 0.006717712244580787
v 0.07650000363355502 0.03190000113369895 0.005850000182492654
v 0.07688563139845339 0.03190000113369895 0.005837276259158808
v 0.07148923831987286 0.03190000113369895 0.004481878016680263
v 0.07233785591389097 0.03190000113369895 0.004110843853701862
v 0.07130324130176113 0.03190000113369895 0.004135263639407638
v 0.07118868593743333 0.03190000113369895 0.003758949219907076
v 0.07207593115779787 0.03190000113369895 0.003827539148930914
v 0.0718332401062316 0.03190000113369895 0.0035275844818975777
v 0.07291481364393171 0.03190000113369895 0.004622652273397199
v 0.07261789285346154 0.03190000113369895 0.004376266210516511
v 0.07173947484298893 0.03190000113369895 0.0047853829749436305
v 0.07222974738824828 0.03190000113369895 0.0052275636294910055
v 0.07161085850387217 0.03190000113369895 0.003212284955965844
v 0.07115000490532264 0.03190000113369895 0.0033674918820542077
v 0.0712975345143807 0.03190000113369895 0.0026512607403232635
v 0.07121602968873209 0.03190000113369895 0.0024070140074544666
v 0.0711665759510316 0.03190000113369895 0.002154319865508292
v 0.07115000490532264 0.03190000113369895 0.001897366733072045
v 0.07140974002508127 0.03190000113369895 0.002883011716449252
v 0.07518745016545036 0.03190000113369895 0.00662115700699295
v 0.07573043420002978 0.03190000113369895 0.005799160279107429
v 0.07454689379957635 0.03190000113369895 0.006461257764626416
v 0.07392501419240194 0.03190000113369895 0.006239544687994536
v 0.07534983420636632 0.03190000113369895 0.0057358181816774545
v 0.07497423146635818 0.03190000113369895 0.005647524625085054
v 0.07611437586865666 0.03190000113369895 0.005837276259158808
v 0.07584057214471418 0.03190000113369895 0.006717712244580787
v 0.07460527392930238 0.03190000113369895 0.0055346644169351755
v 0.072760875343163 0.03190000113369895 0.005619733123673476
v 0.07389364974999424 0.03190000113369895 0.005237312088816337
v 0.0735540806420687 0.03190000113369895 0.005054113151281847
v 0.07322732891756445 0.03190000113369895 0.00484892915868701
v 0.07424455613873171 0.03190000113369895 0.005397728222686915
v 0.07332776990133905 0.03190000113369895 0.00595813922571492
v 0.08192576988247602 0.034200002387352324 -0.004015412998186474
v 0.0822214699697632 0.034200002387352324 -0.003581526926400014
v 0.08138914876323788 0.034200002387352324 -0.003212284955965844
v 0.08248254786302311 0.034200002387352324 -0.003125969796836797
v 0.08159026724202878 0.034200002387352324 -0.002883011716449252
v 0.08116676716087845 0.034200002387352324 -0.0035275844818975777
v 0.08159724813835645 0.034200002387352324 -0.004425001831422637
v 0.08123787312128705 0.034200002387352324 -0.0048078157801167976
v 0.08066215135321908 0.034200002387352324 -0.004110843853701862
v 0.08092407610931218 0.034200002387352324 -0.003827539148930914
v 0.08038211441364851 0.034200002387352324 -0.004376266210516511
v 0.0808498344676023 0.034200002387352324 -0.0051615378924071975
v 0.08289474118094109 0.034200002387352324 -0.00216098151934338
v 0.08297351468321779 0.034200002387352324 -0.0018451335114443718
v 0.08185000236178741 0.034200002387352324 -0.001897366733072045
v 0.08300000394228846 0.034200002387352324 -0.0015206907517791024
v 0.08300000394228846 0.034200002387352324 0.0015206907517791024
v 0.08270742427751276 0.034200002387352324 -0.0026514974899835564
v 0.08183343131607845 0.034200002387352324 -0.002154319865508292
v 0.08170247275272935 0.034200002387352324 -0.0026512607403232635
v 0.08178397757837796 0.034200002387352324 -0.0024070140074544666
v 0.08185000236178741 0.034200002387352324 0.001897366733072045
v 0.07906025308377362 0.034200002387352324 -0.006245609103260608
v 0.07839473333780766 0.034200002387352324 -0.0055346644169351755
v 0.07856704322148023 0.034200002387352324 -0.006425717659025998
v 0.07999730299400376 0.034200002387352324 -0.005773335254229683
v 0.07944592662504135 0.034200002387352324 -0.005054113151281847
v 0.07953796764503807 0.034200002387352324 -0.006027708816726818
v 0.07910635751711581 0.034200002387352324 -0.005237312088816337
v 0.07806132878095617 0.034200002387352324 -0.0065669453879019235
v 0.07802577580075187 0.034200002387352324 -0.005647524625085054
v 0.07726957306708027 0.034200002387352324 -0.005799160279107429
v 0.07702466949099485 0.034200002387352324 -0.006729578337826281
v 0.07754616152015892 0.034200002387352324 -0.0066684368439859365
v 0.07765017306074373 0.034200002387352324 -0.0057358181816774545
v 0.07688563139845339 0.034200002387352324 -0.005837276259158808
v 0.07650000363355502 0.034200002387352324 -0.006750000320607796
v 0.08008519362317834 0.034200002387352324 -0.004622652273397199
v 0.0797726783495456 0.034200002387352324 -0.00484892915868701
v 0.08043547440153453 0.034200002387352324 -0.0054840281230261745
v 0.07875545112837834 0.034200002387352324 -0.005397728222686915
v 0.08183343131607845 0.034200002387352324 0.002154319865508292
v 0.08289474118094109 0.034200002387352324 0.00216098151934338
v 0.08270742427751276 0.034200002387352324 0.0026514974899835564
v 0.08248254786302311 0.034200002387352324 0.003125969796836797
v 0.08178397757837796 0.034200002387352324 0.0024070140074544666
v 0.08297351468321779 0.034200002387352324 0.0018451335114443718
v 0.08159026724202878 0.034200002387352324 0.002883011716449252
v 0.08170247275272935 0.034200002387352324 0.0026512607403232635
v 0.0822214699697632 0.034200002387352324 0.003581526926400014
v 0.08192576988247602 0.034200002387352324 0.004015412998186474
v 0.08138914876323788 0.034200002387352324 0.003212284955965844
v 0.08159724813835645 0.034200002387352324 0.004425001831422637
v 0.08116676716087845 0.034200002387352324 0.0035275844818975777
v 0.08066215135321908 0.034200002387352324 0.004110843853701862
v 0.08123787312128705 0.034200002387352324 0.0048078157801167976
v 0.08092407610931218 0.034200002387352324 0.003827539148930914
v 0.08008519362317834 0.034200002387352324 0.004622652273397199
v 0.0808498344676023 0.034200002387352324 0.0051615378924071975
v 0.08043547440153453 0.034200002387352324 0.0054840281230261745
v 0.08038211441364851 0.034200002387352324 0.004376266210516511
v 0.0797726783495456 0.034200002387352324 0.00484892915868701
v 0.07944592662504135 0.034200002387352324 0.005054113151281847
v 0.07999730299400376 0.034200002387352324 0.005773335254229683
v 0.07953796764503807 0.034200002387352324 0.006027708816726818
v 0.07910635751711581 0.034200002387352324 0.005237312088816337
v 0.07802577580075187 0.034200002387352324 0.005647524625085054
v 0.07839473333780766 0.034200002387352324 0.0055346644169351755
v 0.07856704322148023 0.034200002387352324 0.006425717659025998
v 0.07875545112837834 0.034200002387352324 0.005397728222686915
v 0.07906025308377362 0.034200002387352324 0.006245609103260608
v 0.07765017306074373 0.034200002387352324 0.0057358181816774545
v 0.07806132878095617 0.034200002387352324 0.0065669453879019235
v 0.07754616152015892 0.034200002387352324 0.0066684368439859365
v 0.07702466949099485 0.034200002387352324 0.006729578337826281
v 0.07688563139845339 0.034200002387352324 0.005837276259158808
v 0.07726957306708027 0.034200002387352324 0.005799160279107429
v 0.07650000363355502 0.034200002387352324 0.006750000320607796
v 0.07650000363355502 0.034200002387352324 0.005850000182492654
v 0.07611437586865666 0.034200002387352324 0.005837276259158808
v 0.07611437586865666 0.034200002387352324 -0.005837276259158808
v 0.0759753377761152 0.034200002387352324 -0.006729578337826281
v 0.07650000363355502 0.034200002387352324 -0.005850000182492654
v 0.07573043420002978 0.034200002387352324 -0.005799160279107429
v 0.07534983420636632 0.034200002387352324 -0.0057358181816774545
v 0.07493867848615388 0.034200002387352324 -0.0065669453879019235
v 0.07545384574695113 0.034200002387352324 -0.0066684368439859365
v 0.07393975418333643 0.034200002387352324 -0.006245609103260608
v 0.07443296404562982 0.034200002387352324 -0.006425717659025998
v 0.07460527392930238 0.034200002387352324 -0.0055346644169351755
v 0.07497423146635818 0.034200002387352324 -0.005647524625085054
v 0.07346203962207198 0.034200002387352324 -0.006027708816726818
v 0.07389364974999424 0.034200002387352324 -0.005237312088816337
v 0.07424455613873171 0.034200002387352324 -0.005397728222686915
v 0.0735540806420687 0.034200002387352324 -0.005054113151281847
v 0.07300270427310629 0.034200002387352324 -0.005773335254229683
v 0.07322732891756445 0.034200002387352324 -0.00484892915868701
v 0.07291481364393171 0.034200002387352324 -0.004622652273397199
v 0.07256453286557552 0.034200002387352324 -0.0054840281230261745
v 0.07261789285346154 0.034200002387352324 -0.004376266210516511
v 0.07215017279950775 0.034200002387352324 -0.0051615378924071975
v 0.07233785591389097 0.034200002387352324 -0.004110843853701862
v 0.071762134145823 0.034200002387352324 -0.0048078157801167976
v 0.07207593115779787 0.034200002387352324 -0.003827539148930914
v 0.0714027591287536 0.034200002387352324 -0.004425001831422637
v 0.0718332401062316 0.034200002387352324 -0.0035275844818975777
v 0.07107423738463403 0.034200002387352324 -0.004015412998186474
v 0.07161085850387217 0.034200002387352324 -0.003212284955965844
v 0.07077853729734684 0.034200002387352324 -0.003581526926400014
v 0.07140974002508127 0.034200002387352324 -0.002883011716449252
v 0.07051745940408694 0.034200002387352324 -0.003125969796836797
v 0.0712975345143807 0.034200002387352324 -0.0026512607403232635
v 0.07121602968873209 0.034200002387352324 -0.0024070140074544666
v 0.07029258298959729 0.034200002387352324 -0.0026514974899835564
v 0.0711665759510316 0.034200002387352324 -0.002154319865508292
v 0.07010526608616896 0.034200002387352324 -0.00216098151934338
v 0.07002649258389226 0.034200002387352324 -0.0018451335114443718
v 0.07115000490532264 0.034200002387352324 -0.001897366733072045
v 0.07000000332482159 0.034200002387352324 -0.0015206907517791024
v 0.07389364974999424 0.034200002387352324 0.005237312088816337
v 0.07424455613873171 0.034200002387352324 0.005397728222686915
v 0.07393975418333643 0.034200002387352324 0.006245609103260608
v 0.07460527392930238 0.034200002387352324 0.0055346644169351755
v 0.07497423146635818 0.034200002387352324 0.005647524625085054
v 0.07443296404562982 0.034200002387352324 0.006425717659025998
v 0.07215017279950775 0.034200002387352324 0.0051615378924071975
v 0.07291481364393171 0.034200002387352324 0.004622652273397199
v 0.07256453286557552 0.034200002387352324 0.0054840281230261745
v 0.07322732891756445 0.034200002387352324 0.00484892915868701
v 0.0735540806420687 0.034200002387352324 0.005054113151281847
v 0.07300270427310629 0.034200002387352324 0.005773335254229683
v 0.07346203962207198 0.034200002387352324 0.006027708816726818
v 0.07261789285346154 0.034200002387352324 0.004376266210516511
v 0.07545384574695113 0.034200002387352324 0.0066684368439859365
v 0.07534983420636632 0.034200002387352324 0.0057358181816774545
v 0.07573043420002978 0.034200002387352324 0.005799160279107429
v 0.0759753377761152 0.034200002387352324 0.006729578337826281
v 0.07493867848615388 0.034200002387352324 0.0065669453879019235
v 0.07010526608616896 0.034200002387352324 0.00216098151934338
v 0.07115000490532264 0.034200002387352324 0.001897366733072045
v 0.0711665759510316 0.034200002387352324 0.002154319865508292
v 0.07121602968873209 0.034200002387352324 0.0024070140074544666
v 0.0712975345143807 0.034200002387352324 0.0026512607403232635
v 0.07051745940408694 0.034200002387352324 0.003125969796836797
v 0.07140974002508127 0.034200002387352324 0.002883011716449252
v 0.07029258298959729 0.034200002387352324 0.0026514974899835564
v 0.07002649258389226 0.034200002387352324 0.0018451335114443718
v 0.07000000332482159 0.034200002387352324 0.0015206907517791024
v 0.07207593115779787 0.034200002387352324 0.003827539148930914
v 0.07233785591389097 0.034200002387352324 0.004110843853701862
v 0.0714027591287536 0.034200002387352324 0.004425001831422637
v 0.071762134145823 0.034200002387352324 0.0048078157801167976
v 0.0718332401062316 0.034200002387352324 0.0035275844818975777
v 0.07161085850387217 0.034200002387352324 0.003212284955965844
v 0.07077853729734684 0.034200002387352324 0.003581526926400014
v 0.07107423738463403 0.034200002387352324 0.004015412998186474
v 0.08092407610931218 0.03190000113369895 -0.003827539148930914
v 0.08092407610931218 0.034200002387352324 -0.003827539148930914
v 0.08116676716087845 0.03190000113369895 -0.0035275844818975777
v 0.08116676716087845 0.034200002387352324 -0.0035275844818975777
v 0.08138914876323788 0.03190000113369895 -0.003212284955965844
v 0.08008519362317834 0.03190000113369895 -0.004622652273397199
v 0.08008519362317834 0.034200002387352324 -0.004622652273397199
v 0.08038211441364851 0.03190000113369895 -0.004376266210516511
v 0.08066215135321908 0.03190000113369895 -0.004110843853701862
v 0.08066215135321908 0.034200002387352324 -0.004110843853701862
v 0.0797726783495456 0.03190000113369895 -0.00484892915868701
v 0.08159026724202878 0.03190000113369895 -0.002883011716449252
v 0.08138914876323788 0.034200002387352324 -0.003212284955965844
v 0.07944592662504135 0.034200002387352324 -0.005054113151281847
v 0.07944592662504135 0.03190000113369895 -0.005054113151281847
v 0.07910635751711581 0.03190000113369895 -0.005237312088816337
v 0.07802577580075187 0.034200002387352324 -0.005647524625085054
v 0.07839473333780766 0.03190000113369895 -0.0055346644169351755
v 0.07802577580075187 0.03190000113369895 -0.005647524625085054
v 0.07765017306074373 0.03190000113369895 -0.0057358181816774545
v 0.07765017306074373 0.034200002387352324 -0.0057358181816774545
v 0.07875545112837834 0.03190000113369895 -0.005397728222686915
v 0.07875545112837834 0.034200002387352324 -0.005397728222686915
v 0.07688563139845339 0.03190000113369895 -0.005837276259158808
v 0.07650000363355502 0.034200002387352324 -0.005850000182492654
v 0.07688563139845339 0.034200002387352324 -0.005837276259158808
v 0.08159026724202878 0.034200002387352324 -0.002883011716449252
v 0.08038211441364851 0.034200002387352324 -0.004376266210516511
v 0.0797726783495456 0.034200002387352324 -0.00484892915868701
v 0.07910635751711581 0.034200002387352324 -0.005237312088816337
v 0.07839473333780766 0.034200002387352324 -0.0055346644169351755
v 0.07726957306708027 0.03190000113369895 -0.005799160279107429
v 0.07726957306708027 0.034200002387352324 -0.005799160279107429
v 0.07650000363355502 0.03190000113369895 -0.005850000182492654
v 0.07573043420002978 0.03190000113369895 -0.005799160279107429
v 0.07534983420636632 0.03190000113369895 -0.0057358181816774545
v 0.07534983420636632 0.034200002387352324 -0.0057358181816774545
v 0.07497423146635818 0.034200002387352324 -0.005647524625085054
v 0.07497423146635818 0.03190000113369895 -0.005647524625085054
v 0.07460527392930238 0.03190000113369895 -0.0055346644169351755
v 0.07611437586865666 0.03190000113369895 -0.005837276259158808
v 0.07611437586865666 0.034200002387352324 -0.005837276259158808
v 0.07424455613873171 0.034200002387352324 -0.005397728222686915
v 0.07424455613873171 0.03190000113369895 -0.005397728222686915
v 0.07389364974999424 0.03190000113369895 -0.005237312088816337
v 0.0735540806420687 0.034200002387352324 -0.005054113151281847
v 0.0735540806420687 0.03190000113369895 -0.005054113151281847
v 0.07322732891756445 0.03190000113369895 -0.00484892915868701
v 0.07291481364393171 0.03190000113369895 -0.004622652273397199
v 0.07291481364393171 0.034200002387352324 -0.004622652273397199
v 0.07207593115779787 0.034200002387352324 -0.003827539148930914
v 0.07233785591389097 0.03190000113369895 -0.004110843853701862
v 0.07207593115779787 0.03190000113369895 -0.003827539148930914
v 0.0718332401062316 0.03190000113369895 -0.0035275844818975777
v 0.07261789285346154 0.03190000113369895 -0.004376266210516511
v 0.07233785591389097 0.034200002387352324 -0.004110843853701862
v 0.07161085850387217 0.03190000113369895 -0.003212284955965844
v 0.0718332401062316 0.034200002387352324 -0.0035275844818975777
v 0.07140974002508127 0.03190000113369895 -0.002883011716449252
v 0.07140974002508127 0.034200002387352324 -0.002883011716449252
v 0.07573043420002978 0.034200002387352324 -0.005799160279107429
v 0.07460527392930238 0.034200002387352324 -0.0055346644169351755
v 0.07389364974999424 0.034200002387352324 -0.005237312088816337
v 0.07322732891756445 0.034200002387352324 -0.00484892915868701
v 0.07261789285346154 0.034200002387352324 -0.004376266210516511
v 0.07161085850387217 0.034200002387352324 -0.003212284955965844
v 0.08185000236178741 0.03190000113369895 0.0033674918820542077
v 0.08185000236178741 0.027100001668650675 0.0033674918820542077
v 0.08185000236178741 0.03190000113369895 0.001897366733072045
v 0.08185000236178741 0.034200002387352324 0.001897366733072045
v 0.08185000236178741 0.03190000113369895 -0.001897366733072045
v 0.08185000236178741 0.027100001668650675 -0.0033674918820542077
v 0.08185000236178741 0.03190000113369895 -0.0033674918820542077
v 0.08185000236178741 0.034200002387352324 -0.001897366733072045
v 0.07140974002508127 0.03190000113369895 0.002883011716449252
v 0.07161085850387217 0.03190000113369895 0.003212284955965844
v 0.07140974002508127 0.034200002387352324 0.002883011716449252
v 0.07261789285346154 0.034200002387352324 0.004376266210516511
v 0.07233785591389097 0.03190000113369895 0.004110843853701862
v 0.07261789285346154 0.03190000113369895 0.004376266210516511
v 0.07207593115779787 0.034200002387352324 0.003827539148930914
v 0.07207593115779787 0.03190000113369895 0.003827539148930914
v 0.07322732891756445 0.034200002387352324 0.00484892915868701
v 0.07291481364393171 0.03190000113369895 0.004622652273397199
v 0.07322732891756445 0.03190000113369895 0.00484892915868701
v 0.0735540806420687 0.03190000113369895 0.005054113151281847
v 0.07424455613873171 0.03190000113369895 0.005397728222686915
v 0.07389364974999424 0.034200002387352324 0.005237312088816337
v 0.07389364974999424 0.03190000113369895 0.005237312088816337
v 0.07534983420636632 0.034200002387352324 0.0057358181816774545
v 0.07534983420636632 0.03190000113369895 0.0057358181816774545
v 0.07573043420002978 0.03190000113369895 0.005799160279107429
v 0.07460527392930238 0.034200002387352324 0.0055346644169351755
v 0.07460527392930238 0.03190000113369895 0.0055346644169351755
v 0.07497423146635818 0.03190000113369895 0.005647524625085054
v 0.07611437586865666 0.034200002387352324 0.005837276259158808
v 0.07611437586865666 0.03190000113369895 0.005837276259158808
v 0.07650000363355502 0.03190000113369895 0.005850000182492654
v 0.07573043420002978 0.034200002387352324 0.005799160279107429
v 0.07497423146635818 0.034200002387352324 0.005647524625085054
v 0.07161085850387217 0.034200002387352324 0.003212284955965844
v 0.0718332401062316 0.03190000113369895 0.0035275844818975777
v 0.07233785591389097 0.034200002387352324 0.004110843853701862
v 0.0718332401062316 0.034200002387352324 0.0035275844818975777
v 0.07291481364393171 0.034200002387352324 0.004622652273397199
v 0.0735540806420687 0.034200002387352324 0.005054113151281847
v 0.07424455613873171 0.034200002387352324 0.005397728222686915
v 0.07650000363355502 0.034200002387352324 0.005850000182492654
v 0.07726957306708027 0.03190000113369895 0.005799160279107429
v 0.07688563139845339 0.034200002387352324 0.005837276259158808
v 0.07688563139845339 0.03190000113369895 0.005837276259158808
v 0.07802577580075187 0.034200002387352324 0.005647524625085054
v 0.07765017306074373 0.03190000113369895 0.0057358181816774545
v 0.07802577580075187 0.03190000113369895 0.005647524625085054
v 0.07910635751711581 0.03190000113369895 0.005237312088816337
v 0.07875545112837834 0.034200002387352324 0.005397728222686915
v 0.07875545112837834 0.03190000113369895 0.005397728222686915
v 0.07839473333780766 0.03190000113369895 0.0055346644169351755
v 0.07839473333780766 0.034200002387352324 0.0055346644169351755
v 0.07944592662504135 0.03190000113369895 0.005054113151281847
v 0.07944592662504135 0.034200002387352324 0.005054113151281847
v 0.07726957306708027 0.034200002387352324 0.005799160279107429
v 0.08038211441364851 0.03190000113369895 0.004376266210516511
v 0.08038211441364851 0.034200002387352324 0.004376266210516511
v 0.08008519362317834 0.03190000113369895 0.004622652273397199
v 0.0797726783495456 0.03190000113369895 0.00484892915868701
v 0.0797726783495456 0.034200002387352324 0.00484892915868701
v 0.08092407610931218 0.03190000113369895 0.003827539148930914
v 0.08116676716087845 0.03190000113369895 0.0035275844818975777
v 0.08116676716087845 0.034200002387352324 0.0035275844818975777
v 0.08066215135321908 0.034200002387352324 0.004110843853701862
v 0.08066215135321908 0.03190000113369895 0.004110843853701862
v 0.08138914876323788 0.03190000113369895 0.003212284955965844
v 0.08159026724202878 0.03190000113369895 0.002883011716449252
v 0.08159026724202878 0.034200002387352324 0.002883011716449252
v 0.07765017306074373 0.034200002387352324 0.0057358181816774545
v 0.07910635751711581 0.034200002387352324 0.005237312088816337
v 0.08092407610931218 0.034200002387352324 0.003827539148930914
v 0.08138914876323788 0.034200002387352324 0.003212284955965844
v 0.08008519362317834 0.034200002387352324 0.004622652273397199
v 0.07115000490532264 0.027100001668650675 -0.0033674918820542077
v 0.07115000490532264 0.03190000113369895 -0.001897366733072045
v 0.07115000490532264 0.03190000113369895 -0.0033674918820542077
v 0.07115000490532264 0.03190000113369895 0.001897366733072045
v 0.07115000490532264 0.034200002387352324 0.001897366733072045
v 0.07115000490532264 0.034200002387352324 -0.001897366733072045
v 0.07115000490532264 0.027100001668650675 0.0033674918820542077
v 0.07115000490532264 0.03190000113369895 0.0033674918820542077
v 0.07958411022535472 0.03820000257734213 -0.0001769423419833733
v 0.07980922315108607 0.03820000257734213 -0.00010865544298796666
v 0.08179765708342224 0.03820000257734213 -0.0033162285472523867
v 0.08152386098887465 0.03820000257734213 -0.0037179748393750822
v 0.07784164798438908 0.03820000257734213 -0.0014832397211764214
v 0.08088692095618022 0.03820000257734213 -0.004451680871691288
v 0.08052762223305976 0.03820000257734213 -0.00477920173456825
v 0.07809016789365408 0.03820000257734213 -0.0012130034546024848
v 0.08121966938507086 0.03820000257734213 -0.004097223953305196
v 0.08014396285204395 0.03820000257734213 -0.005077803852938101
v 0.08250000391853973 0.03820000257734213 -0.0015206907517791024
v 0.08242105494018048 0.03820000257734213 -0.0020009087082430155
v 0.08001668928642847 0.03820000257734213 2.2364653312226073e-06
v 0.08248013697423673 0.03820000257734213 -0.0017640227917257306
v 0.08224761590606366 0.03820000257734213 -0.0024550904009580654
v 0.0820393944606268 0.03820000257734213 -0.002894416469722272
v 0.08019852828432317 0.03820000257734213 0.00015147187535191446
v 0.0803477668778374 0.03820000257734213 0.00033331574592655733
v 0.07973824689039066 0.03820000257734213 -0.005345680967559774
v 0.07754790865158956 0.03820000257734213 -0.0017034940336627807
v 0.07721886047922233 0.03820000257734213 -0.0018663440637137207
v 0.07887060158550785 0.03820000257734213 -0.005782971179980334
v 0.07841392889536003 0.03820000257734213 -0.005949738785099856
v 0.07931293101325565 0.03820000257734213 -0.0055812118320183735
v 0.07794567478376369 0.03820000257734213 -0.006080504706227896
v 0.07746866975622435 0.03820000257734213 -0.006174478824155782
v 0.07698580535340671 0.03820000257734213 -0.0062310913184523975
v 0.07686559660746273 0.03820000257734213 -0.001966302249842705
v 0.07841988745277195 0.03820000257734213 -0.000560387697610791
v 0.0784899787036597 0.03820000257734213 -0.00020000001247972264
v 0.07935000224304378 0.03820000257734213 -0.00020000001247972264
v 0.07828510656258114 0.03820000257734213 -0.0009018915127929905
v 0.08242105494018048 0.03820000257734213 0.0020009087082430155
v 0.08248013697423673 0.03820000257734213 0.0017640227917257306
v 0.08055000687767766 0.03820000257734213 0.0010000000474974513
v 0.08224761590606366 0.03820000257734213 0.0024550904009580654
v 0.08250000391853973 0.03820000257734213 0.0015206907517791024
v 0.08052694321691423 0.03820000257734213 0.0007658916479539798
v 0.08055000687767766 0.03820000257734213 0.003000000142492354
v 0.0820393944606268 0.03820000257734213 0.002894416469722272
v 0.08045866013261627 0.03820000257734213 0.0005407799143155798
v 0.08121966938507086 0.03820000257734213 0.004097223953305196
v 0.08152386098887465 0.03820000257734213 0.0037179748393750822
v 0.08045866013261627 0.03820000257734213 0.003459220335278873
v 0.0803477668778374 0.03820000257734213 0.003666684563272543
v 0.08088692095618022 0.03820000257734213 0.004451680871691288
v 0.08179765708342224 0.03820000257734213 0.0033162285472523867
v 0.08052694321691423 0.03820000257734213 0.003234108601640473
v 0.08019852828432317 0.03820000257734213 0.0038485283295390527
v 0.08052762223305976 0.03820000257734213 0.00477920173456825
v 0.08001668928642847 0.03820000257734213 0.003997763823611611
v 0.07980922315108607 0.03820000257734213 0.004108655647878934
v 0.08014396285204395 0.03820000257734213 0.005077803852938101
v 0.07958411022535472 0.03820000257734213 0.00417694254687434
v 0.07973824689039066 0.03820000257734213 0.005345680967559774
v 0.07935000224304378 0.03820000257734213 0.004200000008754423
v 0.07931293101325565 0.03820000257734213 0.0055812118320183735
v 0.07887060158550785 0.03820000257734213 0.005782971179980334
v 0.07841392889536003 0.03820000257734213 0.005949738785099856
v 0.07794567478376369 0.03820000257734213 0.006080504706227896
v 0.07746866975622435 0.03820000257734213 0.006174478824155782
v 0.07698580535340671 0.03820000257734213 0.0062310913184523975
v 0.07650000363355502 0.03820000257734213 0.006250000296859071
v 0.07365000502406627 0.03820000257734213 0.004200000008754423
v 0.07650000363355502 0.03820000257734213 -0.0020000000949949026
v 0.07650000363355502 0.03820000257734213 -0.006250000296859071
v 0.07601420191370334 0.03820000257734213 -0.0062310913184523975
v 0.0755313375108857 0.03820000257734213 -0.006174478824155782
v 0.07613441065964732 0.03820000257734213 -0.001966302249842705
v 0.07505433248334636 0.03820000257734213 -0.006080504706227896
v 0.07458607837175002 0.03820000257734213 -0.005949738785099856
v 0.07578114678788772 0.03820000257734213 -0.0018663440637137207
v 0.0741294056816022 0.03820000257734213 -0.005782971179980334
v 0.07545209861552049 0.03820000257734213 -0.0017034940336627807
v 0.0736870762538544 0.03820000257734213 -0.0055812118320183735
v 0.0728560444150661 0.03820000257734213 -0.005077803852938101
v 0.07515835928272097 0.03820000257734213 -0.0014832397211764214
v 0.07341589704175533 0.03820000257734213 -0.0001769423419833733
v 0.07471490070452891 0.03820000257734213 -0.0009018915127929905
v 0.07490983937345597 0.03820000257734213 -0.0012130034546024848
v 0.07365000502406627 0.03820000257734213 -0.00020000001247972264
v 0.07451002856345035 0.03820000257734213 -0.00020000001247972264
v 0.0745801198143381 0.03820000257734213 -0.000560387697610791
v 0.07211308631092983 0.03820000257734213 -0.004451680871691288
v 0.07326176037671939 0.03820000257734213 -0.005345680967559774
v 0.07247238503405029 0.03820000257734213 -0.00477920173456825
v 0.07178033788203919 0.03820000257734213 -0.004097223953305196
v 0.0714761462782354 0.03820000257734213 -0.0037179748393750822
v 0.07120235018368781 0.03820000257734213 -0.0033162285472523867
v 0.07096061280648325 0.03820000257734213 -0.002894416469722272
v 0.07319078411602398 0.03820000257734213 -0.00010865544298796666
v 0.07298331798068158 0.03820000257734213 2.2364653312226073e-06
v 0.07075239136104639 0.03820000257734213 -0.0024550904009580654
v 0.07057895232692957 0.03820000257734213 -0.0020009087082430155
v 0.07050000334857032 0.03820000257734213 -0.0015206907517791024
v 0.07051987029287332 0.03820000257734213 -0.0017640227917257306
v 0.07280147898278688 0.03820000257734213 0.00015147187535191446
v 0.0728560444150661 0.03820000257734213 0.005077803852938101
v 0.07319078411602398 0.03820000257734213 0.004108655647878934
v 0.07247238503405029 0.03820000257734213 0.00477920173456825
v 0.07341589704175533 0.03820000257734213 0.00417694254687434
v 0.07326176037671939 0.03820000257734213 0.005345680967559774
v 0.07265224038927265 0.03820000257734213 0.00033331574592655733
v 0.07298331798068158 0.03820000257734213 0.003997763823611611
v 0.07280147898278688 0.03820000257734213 0.0038485283295390527
v 0.07601420191370334 0.03820000257734213 0.0062310913184523975
v 0.07458607837175002 0.03820000257734213 0.005949738785099856
v 0.07505433248334636 0.03820000257734213 0.006080504706227896
v 0.0755313375108857 0.03820000257734213 0.006174478824155782
v 0.0736870762538544 0.03820000257734213 0.0055812118320183735
v 0.0741294056816022 0.03820000257734213 0.005782971179980334
v 0.07265224038927265 0.03820000257734213 0.003666684563272543
v 0.07211308631092983 0.03820000257734213 0.004451680871691288
v 0.07050000334857032 0.03820000257734213 0.0015206907517791024
v 0.07245000038943239 0.03820000257734213 0.0010000000474974513
v 0.07247306405019582 0.03820000257734213 0.0007658916479539798
v 0.07245000038943239 0.03820000257734213 0.003000000142492354
v 0.07075239136104639 0.03820000257734213 0.0024550904009580654
v 0.07096061280648325 0.03820000257734213 0.002894416469722272
v 0.07254134713449378 0.03820000257734213 0.0005407799143155798
v 0.07051987029287332 0.03820000257734213 0.0017640227917257306
v 0.07057895232692957 0.03820000257734213 0.0020009087082430155
v 0.0714761462782354 0.03820000257734213 0.0037179748393750822
v 0.07254134713449378 0.03820000257734213 0.003459220335278873
v 0.07247306405019582 0.03820000257734213 0.003234108601640473
v 0.07178033788203919 0.03820000257734213 0.004097223953305196
v 0.07120235018368781 0.03820000257734213 0.0033162285472523867
v 0.08300000394228846 0.037700002553593404 -0.0015206907517791024
v 0.08300000394228846 0.034200002387352324 -0.0015206907517791024
v 0.08297351468321779 0.037700002553593404 -0.0018451335114443718
v 0.08289474118094109 0.037700002553593404 -0.00216098151934338
v 0.08297351468321779 0.034200002387352324 -0.0018451335114443718
v 0.08289474118094109 0.034200002387352324 -0.00216098151934338
v 0.08300000394228846 0.034200002387352324 0.0015206907517791024
v 0.08300000394228846 0.037700002553593404 0.0015206907517791024
v 0.08297351468321779 0.034200002387352324 0.0018451335114443718
v 0.08297351468321779 0.037700002553593404 0.0018451335114443718
v 0.08289474118094109 0.037700002553593404 0.00216098151934338
v 0.08289474118094109 0.034200002387352324 0.00216098151934338
v 0.08300000394228846 0.034200002387352324 0.0015206907517791024
v 0.08300000394228846 0.034200002387352324 -0.0015206907517791024
v 0.08300000394228846 0.037700002553593404 -0.0015206907517791024
v 0.08300000394228846 0.037700002553593404 0.0015206907517791024
v 0.07010526608616896 0.037700002553593404 0.00216098151934338
v 0.07002649258389226 0.037700002553593404 0.0018451335114443718
v 0.07010526608616896 0.034200002387352324 0.00216098151934338
v 0.07002649258389226 0.034200002387352324 0.0018451335114443718
v 0.07000000332482159 0.034200002387352324 0.0015206907517791024
v 0.07000000332482159 0.037700002553593404 0.0015206907517791024
v 0.08248254786302311 0.034200002387352324 0.003125969796836797
v 0.08248254786302311 0.037700002553593404 0.003125969796836797
v 0.0822214699697632 0.037700002553593404 0.003581526926400014
v 0.08192576988247602 0.034200002387352324 0.004015412998186474
v 0.08192576988247602 0.037700002553593404 0.004015412998186474
v 0.08159724813835645 0.037700002553593404 0.004425001831422637
v 0.08123787312128705 0.037700002553593404 0.0048078157801167976
v 0.08159724813835645 0.034200002387352324 0.004425001831422637
v 0.08270742427751276 0.034200002387352324 0.0026514974899835564
v 0.08270742427751276 0.037700002553593404 0.0026514974899835564
v 0.0822214699697632 0.034200002387352324 0.003581526926400014
v 0.0808498344676023 0.037700002553593404 0.0051615378924071975
v 0.08123787312128705 0.034200002387352324 0.0048078157801167976
v 0.0808498344676023 0.034200002387352324 0.0051615378924071975
v 0.08043547440153453 0.037700002553593404 0.0054840281230261745
v 0.07754616152015892 0.034200002387352324 0.0066684368439859365
v 0.07806132878095617 0.037700002553593404 0.0065669453879019235
v 0.07754616152015892 0.037700002553593404 0.0066684368439859365
v 0.07856704322148023 0.037700002553593404 0.006425717659025998
v 0.07906025308377362 0.034200002387352324 0.006245609103260608
v 0.07906025308377362 0.037700002553593404 0.006245609103260608
v 0.07953796764503807 0.034200002387352324 0.006027708816726818
v 0.07953796764503807 0.037700002553593404 0.006027708816726818
v 0.07702466949099485 0.037700002553593404 0.006729578337826281
v 0.07650000363355502 0.037700002553593404 0.006750000320607796
v 0.07702466949099485 0.034200002387352324 0.006729578337826281
v 0.07806132878095617 0.034200002387352324 0.0065669453879019235
v 0.07999730299400376 0.037700002553593404 0.005773335254229683
v 0.07999730299400376 0.034200002387352324 0.005773335254229683
v 0.08043547440153453 0.034200002387352324 0.0054840281230261745
v 0.07856704322148023 0.034200002387352324 0.006425717659025998
v 0.07650000363355502 0.034200002387352324 0.006750000320607796
v 0.0759753377761152 0.037700002553593404 0.006729578337826281
v 0.07545384574695113 0.037700002553593404 0.0066684368439859365
v 0.0759753377761152 0.034200002387352324 0.006729578337826281
v 0.07443296404562982 0.037700002553593404 0.006425717659025998
v 0.07493867848615388 0.034200002387352324 0.0065669453879019235
v 0.07493867848615388 0.037700002553593404 0.0065669453879019235
v 0.07545384574695113 0.034200002387352324 0.0066684368439859365
v 0.07393975418333643 0.034200002387352324 0.006245609103260608
v 0.07393975418333643 0.037700002553593404 0.006245609103260608
v 0.07346203962207198 0.037700002553593404 0.006027708816726818
v 0.07300270427310629 0.037700002553593404 0.005773335254229683
v 0.07346203962207198 0.034200002387352324 0.006027708816726818
v 0.07443296404562982 0.034200002387352324 0.006425717659025998
v 0.07256453286557552 0.037700002553593404 0.0054840281230261745
v 0.07256453286557552 0.034200002387352324 0.0054840281230261745
v 0.071762134145823 0.034200002387352324 0.0048078157801167976
v 0.07215017279950775 0.037700002553593404 0.0051615378924071975
v 0.071762134145823 0.037700002553593404 0.0048078157801167976
v 0.0714027591287536 0.037700002553593404 0.004425001831422637
v 0.0714027591287536 0.034200002387352324 0.004425001831422637
v 0.07107423738463403 0.037700002553593404 0.004015412998186474
v 0.07107423738463403 0.034200002387352324 0.004015412998186474
v 0.07077853729734684 0.037700002553593404 0.003581526926400014
v 0.07077853729734684 0.034200002387352324 0.003581526926400014
v 0.07051745940408694 0.037700002553593404 0.003125969796836797
v 0.07215017279950775 0.034200002387352324 0.0051615378924071975
v 0.07029258298959729 0.037700002553593404 0.0026514974899835564
v 0.07051745940408694 0.034200002387352324 0.003125969796836797
v 0.07300270427310629 0.034200002387352324 0.005773335254229683
v 0.07029258298959729 0.034200002387352324 0.0026514974899835564
v 0.07000000332482159 0.037700002553593404 -0.0015206907517791024
v 0.07002649258389226 0.034200002387352324 -0.0018451335114443718
v 0.07000000332482159 0.034200002387352324 -0.0015206907517791024
v 0.07002649258389226 0.037700002553593404 -0.0018451335114443718
v 0.07010526608616896 0.037700002553593404 -0.00216098151934338
v 0.07010526608616896 0.034200002387352324 -0.00216098151934338
v 0.07000000332482159 0.037700002553593404 -0.0015206907517791024
v 0.07000000332482159 0.034200002387352324 0.0015206907517791024
v 0.07000000332482159 0.037700002553593404 0.0015206907517791024
v 0.07000000332482159 0.034200002387352324 -0.0015206907517791024
v 0.07029258298959729 0.037700002553593404 -0.0026514974899835564
v 0.07029258298959729 0.034200002387352324 -0.0026514974899835564
v 0.07051745940408694 0.037700002553593404 -0.003125969796836797
v 0.07107423738463403 0.037700002553593404 -0.004015412998186474
v 0.07077853729734684 0.034200002387352324 -0.003581526926400014
v 0.07077853729734684 0.037700002553593404 -0.003581526926400014
v 0.07051745940408694 0.034200002387352324 -0.003125969796836797
v 0.0714027591287536 0.037700002553593404 -0.004425001831422637
v 0.07107423738463403 0.034200002387352324 -0.004015412998186474
v 0.071762134145823 0.037700002553593404 -0.0048078157801167976
v 0.071762134145823 0.034200002387352324 -0.0048078157801167976
v 0.07215017279950775 0.037700002553593404 -0.0051615378924071975
v 0.07215017279950775 0.034200002387352324 -0.0051615378924071975
v 0.07300270427310629 0.034200002387352324 -0.005773335254229683
v 0.07300270427310629 0.037700002553593404 -0.005773335254229683
v 0.07346203962207198 0.037700002553593404 -0.006027708816726818
v 0.07443296404562982 0.034200002387352324 -0.006425717659025998
v 0.07443296404562982 0.037700002553593404 -0.006425717659025998
v 0.07493867848615388 0.037700002553593404 -0.0065669453879019235
v 0.07393975418333643 0.037700002553593404 -0.006245609103260608
v 0.07393975418333643 0.034200002387352324 -0.006245609103260608
v 0.07256453286557552 0.037700002553593404 -0.0054840281230261745
v 0.0759753377761152 0.037700002553593404 -0.006729578337826281
v 0.07650000363355502 0.037700002553593404 -0.006750000320607796
v 0.0759753377761152 0.034200002387352324 -0.006729578337826281
v 0.07256453286557552 0.034200002387352324 -0.0054840281230261745
v 0.07346203962207198 0.034200002387352324 -0.006027708816726818
v 0.0714027591287536 0.034200002387352324 -0.004425001831422637
v 0.07545384574695113 0.034200002387352324 -0.0066684368439859365
v 0.07545384574695113 0.037700002553593404 -0.0066684368439859365
v 0.07493867848615388 0.034200002387352324 -0.0065669453879019235
v 0.07650000363355502 0.034200002387352324 -0.006750000320607796
v 0.07806132878095617 0.034200002387352324 -0.0065669453879019235
v 0.07754616152015892 0.037700002553593404 -0.0066684368439859365
v 0.07806132878095617 0.037700002553593404 -0.0065669453879019235
v 0.07999730299400376 0.037700002553593404 -0.005773335254229683
v 0.07953796764503807 0.034200002387352324 -0.006027708816726818
v 0.07953796764503807 0.037700002553593404 -0.006027708816726818
v 0.07856704322148023 0.037700002553593404 -0.006425717659025998
v 0.07856704322148023 0.034200002387352324 -0.006425717659025998
v 0.07906025308377362 0.037700002553593404 -0.006245609103260608
v 0.07906025308377362 0.034200002387352324 -0.006245609103260608
v 0.08043547440153453 0.037700002553593404 -0.0054840281230261745
v 0.08043547440153453 0.034200002387352324 -0.0054840281230261745
v 0.07702466949099485 0.037700002553593404 -0.006729578337826281
v 0.07702466949099485 0.034200002387352324 -0.006729578337826281
v 0.08248254786302311 0.034200002387352324 -0.003125969796836797
v 0.08248254786302311 0.037700002553593404 -0.003125969796836797
v 0.08270742427751276 0.037700002553593404 -0.0026514974899835564
v 0.0822214699697632 0.034200002387352324 -0.003581526926400014
v 0.0822214699697632 0.037700002553593404 -0.003581526926400014
v 0.08123787312128705 0.034200002387352324 -0.0048078157801167976
v 0.08123787312128705 0.037700002553593404 -0.0048078157801167976
v 0.08159724813835645 0.037700002553593404 -0.004425001831422637
v 0.08192576988247602 0.037700002553593404 -0.004015412998186474
v 0.08159724813835645 0.034200002387352324 -0.004425001831422637
v 0.08192576988247602 0.034200002387352324 -0.004015412998186474
v 0.0808498344676023 0.034200002387352324 -0.0051615378924071975
v 0.0808498344676023 0.037700002553593404 -0.0051615378924071975
v 0.08270742427751276 0.034200002387352324 -0.0026514974899835564
v 0.07754616152015892 0.034200002387352324 -0.0066684368439859365
v 0.07999730299400376 0.034200002387352324 -0.005773335254229683
v 0.0712975345143807 0.034200002387352324 -0.0026512607403232635
v 0.0712975345143807 0.03190000113369895 -0.0026512607403232635
v 0.07115000490532264 0.03190000113369895 -0.001897366733072045
v 0.07115000490532264 0.034200002387352324 -0.001897366733072045
v 0.0711665759510316 0.034200002387352324 -0.002154319865508292
v 0.07121602968873209 0.034200002387352324 -0.0024070140074544666
v 0.07121602968873209 0.03190000113369895 -0.0024070140074544666
v 0.0711665759510316 0.03190000113369895 -0.002154319865508292
v 0.07115000490532264 0.03190000113369895 0.001897366733072045
v 0.0711665759510316 0.03190000113369895 0.002154319865508292
v 0.0711665759510316 0.034200002387352324 0.002154319865508292
v 0.07115000490532264 0.034200002387352324 0.001897366733072045
v 0.07121602968873209 0.034200002387352324 0.0024070140074544666
v 0.07121602968873209 0.03190000113369895 0.0024070140074544666
v 0.0712975345143807 0.03190000113369895 0.0026512607403232635
v 0.0712975345143807 0.034200002387352324 0.0026512607403232635
v 0.08185000236178741 0.03190000113369895 -0.001897366733072045
v 0.08183343131607845 0.03190000113369895 -0.002154319865508292
v 0.08183343131607845 0.034200002387352324 -0.002154319865508292
v 0.08185000236178741 0.034200002387352324 -0.001897366733072045
v 0.08178397757837796 0.034200002387352324 -0.0024070140074544666
v 0.08178397757837796 0.03190000113369895 -0.0024070140074544666
v 0.08170247275272935 0.03190000113369895 -0.0026512607403232635
v 0.08170247275272935 0.034200002387352324 -0.0026512607403232635
v 0.08170247275272935 0.03190000113369895 0.0026512607403232635
v 0.08178397757837796 0.03190000113369895 0.0024070140074544666
v 0.08170247275272935 0.034200002387352324 0.0026512607403232635
v 0.08178397757837796 0.034200002387352324 0.0024070140074544666
v 0.08183343131607845 0.03190000113369895 0.002154319865508292
v 0.08185000236178741 0.03190000113369895 0.001897366733072045
v 0.08185000236178741 0.034200002387352324 0.001897366733072045
v 0.08183343131607845 0.034200002387352324 0.002154319865508292
v 0.08185000236178741 0.03190000113369895 0.0033674918820542077
v 0.08181132132967672 0.03190000113369895 0.003758949219907076
v 0.08185000236178741 0.027100001668650675 0.0033674918820542077
v 0.08181132132967672 0.027100001668650675 0.003758949219907076
v 0.08169676596534892 0.03190000113369895 0.004135263639407638
v 0.08169676596534892 0.027100001668650675 0.004135263639407638
v 0.08151076894723719 0.03190000113369895 0.004481878016680263
v 0.08151076894723719 0.027100001668650675 0.004481878016680263
v 0.07148923831987286 0.03190000113369895 0.004481878016680263
v 0.07148923831987286 0.027100001668650675 0.004481878016680263
v 0.07130324130176113 0.03190000113369895 0.004135263639407638
v 0.07130324130176113 0.027100001668650675 0.004135263639407638
v 0.07118868593743333 0.03190000113369895 0.003758949219907076
v 0.07115000490532264 0.03190000113369895 0.0033674918820542077
v 0.07118868593743333 0.027100001668650675 0.003758949219907076
v 0.07115000490532264 0.027100001668650675 0.0033674918820542077
v 0.07115000490532264 0.03190000113369895 -0.0033674918820542077
v 0.07118868593743333 0.03190000113369895 -0.003758949219907076
v 0.07115000490532264 0.027100001668650675 -0.0033674918820542077
v 0.07118868593743333 0.027100001668650675 -0.003758949219907076
v 0.07130324130176113 0.027100001668650675 -0.004135263639407638
v 0.07130324130176113 0.03190000113369895 -0.004135263639407638
v 0.07148923831987286 0.03190000113369895 -0.004481878016680263
v 0.07148923831987286 0.027100001668650675 -0.004481878016680263
v 0.08151076894723719 0.027100001668650675 -0.004481878016680263
v 0.08151076894723719 0.03190000113369895 -0.004481878016680263
v 0.08185000236178741 0.03190000113369895 -0.0033674918820542077
v 0.08185000236178741 0.027100001668650675 -0.0033674918820542077
v 0.08181132132967672 0.03190000113369895 -0.003758949219907076
v 0.08169676596534892 0.03190000113369895 -0.004135263639407638
v 0.08169676596534892 0.027100001668650675 -0.004135263639407638
v 0.08181132132967672 0.027100001668650675 -0.003758949219907076
v 0.07850000372854993 0.026800000509992206 4.744293833487566e-16
v 0.07935000224304378 0.026800000509992206 4.746415075138787e-16
v 0.07935000224304378 0.03800000180490315 6.714072976119801e-16
v 0.07850000372854993 0.03800000180490315 6.711951734468579e-16
v 0.08035000229054123 0.03800000180490315 0.0010000000474974513
v 0.08035000229054123 0.026800000509992206 0.003000000142492354
v 0.08035000229054123 0.03800000180490315 0.003000000142492354
v 0.08035000229054123 0.026800000509992206 0.0010000000474974513
v 0.07935000224304378 0.03800000180490315 0.004000000189989805
v 0.07365000502406627 0.026800000509992206 0.004000000189989805
v 0.07365000502406627 0.03800000180490315 0.004000000189989805
v 0.07935000224304378 0.026800000509992206 0.004000000189989805
v 0.07265000497656882 0.026800000509992206 0.003000000142492354
v 0.07265000497656882 0.026800000509992206 0.0010000000474974513
v 0.07265000497656882 0.03800000180490315 0.0010000000474974513
v 0.07265000497656882 0.03800000180490315 0.003000000142492354
v 0.07266921579291097 0.026800000509992206 0.0008049097443468822
v 0.07266921579291097 0.03800000180490315 0.0008049097443468822
v 0.07265000497656882 0.03800000180490315 0.0010000000474974513
v 0.07272612344942253 0.026800000509992206 0.0006173165733769012
v 0.07272612344942253 0.03800000180490315 0.0006173165733769012
v 0.07281853068037414 0.03800000180490315 0.0004444297763201571
v 0.07281853068037414 0.026800000509992206 0.0004444297763201571
v 0.07265000497656882 0.026800000509992206 0.0010000000474974513
v 0.07294289744653515 0.026800000509992206 0.00029289324482675155
v 0.07294289744653515 0.03800000180490315 0.00029289324482675155
v 0.07309443248791236 0.03800000180490315 0.0001685303976713213
v 0.07309443248791236 0.026800000509992206 0.0001685303976713213
v 0.07326732220559684 0.03800000180490315 7.612046960940935e-05
v 0.07326732220559684 0.026800000509992206 7.612046960940935e-05
v 0.07365000502406627 0.026800000509992206 4.732190341960139e-16
v 0.07345491376724134 0.03800000180490315 1.9214720446570493e-05
v 0.07345491376724134 0.026800000509992206 1.9214720446570493e-05
v 0.07365000502406627 0.03800000180490315 6.699848242941152e-16
v 0.07365000502406627 0.026800000509992206 0.004000000189989805
v 0.07345491376724134 0.03800000180490315 0.003980785558950206
v 0.07365000502406627 0.03800000180490315 0.004000000189989805
v 0.07345491376724134 0.026800000509992206 0.003980785558950206
v 0.07326732220559684 0.03800000180490315 0.003923879809787367
v 0.07309443248791236 0.03800000180490315 0.0038314697178126744
v 0.07309443248791236 0.026800000509992206 0.0038314697178126744
v 0.07326732220559684 0.026800000509992206 0.003923879809787367
v 0.07294289744653515 0.03800000180490315 0.0037071070047677013
v 0.07294289744653515 0.026800000509992206 0.0037071070047677013
v 0.07281853068037414 0.026800000509992206 0.003555570294460353
v 0.07272612344942253 0.03800000180490315 0.0033826836762175516
v 0.07281853068037414 0.03800000180490315 0.003555570294460353
v 0.07272612344942253 0.026800000509992206 0.0033826836762175516
v 0.07266921579291097 0.03800000180490315 0.003195090445642923
v 0.07265000497656882 0.03800000180490315 0.003000000142492354
v 0.07266921579291097 0.026800000509992206 0.003195090445642923
v 0.07265000497656882 0.026800000509992206 0.003000000142492354
v 0.08033079147419908 0.03800000180490315 0.003195090445642923
v 0.08035000229054123 0.03800000180490315 0.003000000142492354
v 0.08035000229054123 0.026800000509992206 0.003000000142492354
v 0.08027388381768752 0.026800000509992206 0.0033826836762175516
v 0.08018147658673591 0.03800000180490315 0.003555570294460353
v 0.08027388381768752 0.03800000180490315 0.0033826836762175516
v 0.08033079147419908 0.026800000509992206 0.003195090445642923
v 0.08018147658673591 0.026800000509992206 0.003555570294460353
v 0.0800571098205749 0.026800000509992206 0.0037071070047677013
v 0.0800571098205749 0.03800000180490315 0.0037071070047677013
v 0.07973268506151321 0.03800000180490315 0.003923879809787367
v 0.07990557477919769 0.03800000180490315 0.0038314697178126744
v 0.07990557477919769 0.026800000509992206 0.0038314697178126744
v 0.07954509349986871 0.026800000509992206 0.003980785558950206
v 0.07935000224304378 0.03800000180490315 0.004000000189989805
v 0.07954509349986871 0.03800000180490315 0.003980785558950206
v 0.07973268506151321 0.026800000509992206 0.003923879809787367
v 0.07935000224304378 0.026800000509992206 0.004000000189989805
v 0.07973268506151321 0.026800000509992206 7.612046960940935e-05
v 0.07973268506151321 0.03800000180490315 7.612046960940935e-05
v 0.07954509349986871 0.03800000180490315 1.9214720446570493e-05
v 0.07935000224304378 0.03800000180490315 6.714072976119801e-16
v 0.07954509349986871 0.026800000509992206 1.9214720446570493e-05
v 0.07935000224304378 0.026800000509992206 4.746415075138787e-16
v 0.07990557477919769 0.026800000509992206 0.0001685303976713213
v 0.07990557477919769 0.03800000180490315 0.0001685303976713213
v 0.08033079147419908 0.03800000180490315 0.0008049097443468822
v 0.08035000229054123 0.026800000509992206 0.0010000000474974513
v 0.08035000229054123 0.03800000180490315 0.0010000000474974513
v 0.0800571098205749 0.03800000180490315 0.00029289324482675155
v 0.0800571098205749 0.026800000509992206 0.00029289324482675155
v 0.08027388381768752 0.026800000509992206 0.0006173165733769012
v 0.08027388381768752 0.03800000180490315 0.0006173165733769012
v 0.08018147658673591 0.03800000180490315 0.0004444297763201571
v 0.08018147658673591 0.026800000509992206 0.0004444297763201571
v 0.08033079147419908 0.026800000509992206 0.0008049097443468822
v 0.08185000236178741 0.027100001668650675 -0.0033674918820542077
v 0.081811946940058 0.026908660259415962 -0.0033674918820542077
v 0.0814117546603077 0.026638060881328807 -0.0040167743683378054
v 0.08150863271666697 0.026638060881328807 -0.003698536094860483
v 0.08132098774925822 0.02660000164490195 -0.0036610848258392115
v 0.08135000233803868 0.02660000164490195 -0.0033674918820542077
v 0.08123507313336109 0.02660000164490195 -0.0039433207000692805
v 0.0817739983298571 0.026908660259415962 -0.003751499831049221
v 0.08154134756197084 0.026638060881328807 -0.0033674918820542077
v 0.08170355612680424 0.026746447879885116 -0.0033674918820542077
v 0.08166770560019909 0.026746447879885116 -0.0037302855832917203
v 0.08156154257025428 0.026746447879885116 -0.0040790450126224065
v 0.08166161734307398 0.026908660259415962 -0.004120652871349162
v 0.08109557727712602 0.02660000164490195 -0.0042032811253958635
v 0.08125446705518069 0.026638060881328807 -0.004309895720150947
v 0.08138916402202767 0.026746447879885116 -0.004400278777269839
v 0.0809079017921377 0.02660000164490195 -0.00443091032093057
v 0.08123368458349045 0.026908660259415962 -0.004758400666227958
v 0.08104284289962127 0.026638060881328807 -0.0045665609621392544
v 0.08147916799358779 0.026908660259415962 -0.004460670683061885
v 0.0811572456760512 0.026746447879885116 -0.004681560261882434
v 0.081811946940058 0.026908660259415962 -0.0033674918820542077
v 0.081811946940058 0.026908660259415962 0.0033674918820542077
v 0.08170355612680424 0.026746447879885116 -0.0033674918820542077
v 0.08185000236178741 0.027100001668650675 -0.0033674918820542077
v 0.08185000236178741 0.027100001668650675 0.0033674918820542077
v 0.08170355612680424 0.026746447879885116 0.0033674918820542077
v 0.08154134756197084 0.026638060881328807 0.0033674918820542077
v 0.08135000233803868 0.02660000164490195 0.0033674918820542077
v 0.08154134756197084 0.026638060881328807 -0.0033674918820542077
v 0.08135000233803868 0.02660000164490195 -0.0033674918820542077
v 0.08021805190585596 0.026908660259415962 -0.00558804586249434
v 0.08074618150857749 0.026908660259415962 -0.005198087939156659
v 0.0809079017921377 0.02660000164490195 -0.00443091032093057
v 0.080453945166572 0.02660000164490195 -0.004840336552688063
v 0.08057499314595429 0.026638060881328807 -0.004988522289706976
v 0.08006815718438087 0.026638060881328807 -0.005362758891191977
v 0.07996216200112372 0.02660000164490195 -0.005203456648975868
v 0.07952717968065848 0.026638060881328807 -0.005685690673040422
v 0.07943725963244219 0.02660000164490195 -0.00551679542041994
v 0.0796034125944356 0.026746447879885116 -0.005828872957520659
v 0.08015800856804312 0.026746447879885116 -0.005497808717552788
v 0.07906047433622554 0.026908660259415962 -0.006204362687116938
v 0.07780514895921797 0.026908660259415962 -0.0065838230399181685
v 0.07715571197768778 0.026908660259415962 -0.006679834206282653
v 0.0784421042507022 0.026908660259415962 -0.006424825496660624
v 0.07888425820236744 0.02660000164490195 -0.005777356422175806
v 0.07895724862331477 0.026638060881328807 -0.005954228207157575
v 0.0783638037709089 0.026638060881328807 -0.006165802771650186
v 0.07775253665203152 0.026638060881328807 -0.006318390192685541
v 0.07830844488156075 0.02660000164490195 -0.005982646272624792
v 0.0777153280931353 0.02660000164490195 -0.006130700879418971
v 0.07712927612438136 0.026638060881328807 -0.006410530394815872
v 0.07711058410689198 0.02660000164490195 -0.006220104036131213
v 0.07650000363355502 0.02660000164490195 -0.006250000296859071
v 0.07650000363355502 0.026638060881328807 -0.006441342182930965
v 0.07965435406414034 0.026908660259415962 -0.005924544138975196
v 0.07901913064529698 0.026746447879885116 -0.00610417299653665
v 0.08067761613666846 0.026746447879885116 -0.005114147429188254
v 0.0784107398082945 0.026746447879885116 -0.006321075739688098
v 0.07778407657052178 0.026746447879885116 -0.006477505514726756
v 0.07714512237757543 0.026746447879885116 -0.006571966006579111
v 0.07650000363355502 0.026746447879885116 -0.006603553608787449
v 0.07650000363355502 0.026908660259415962 -0.006711940130506577
v 0.07587073114272869 0.026638060881328807 -0.006410530394815872
v 0.07585488488953462 0.026746447879885116 -0.006571966006579111
v 0.07584429528942227 0.026908660259415962 -0.006679834206282653
v 0.07519485830789208 0.026908660259415962 -0.0065838230399181685
v 0.07650000363355502 0.027100001668650675 -0.006750000320607796
v 0.07588942316021807 0.02660000164490195 -0.006220104036131213
v 0.07524747061507853 0.026638060881328807 -0.006318390192685541
v 0.07528467917397474 0.02660000164490195 -0.006130700879418971
v 0.07463620349620115 0.026638060881328807 -0.006165802771650186
v 0.0746915623855493 0.02660000164490195 -0.005982646272624792
v 0.07458926745881556 0.026746447879885116 -0.006321075739688098
v 0.07521593069658827 0.026746447879885116 -0.006477505514726756
v 0.07334565320296971 0.026908660259415962 -0.005924544138975196
v 0.07278195536125409 0.026908660259415962 -0.00558804586249434
v 0.0717663226836196 0.026908660259415962 -0.004758400666227958
v 0.07347282758645157 0.026638060881328807 -0.005685690673040422
v 0.07411574906474261 0.02660000164490195 -0.005777356422175806
v 0.07356274763466786 0.02660000164490195 -0.00551679542041994
v 0.07404275864379528 0.026638060881328807 -0.005954228207157575
v 0.07242501412115576 0.026638060881328807 -0.004988522289706976
v 0.07303784526598633 0.02660000164490195 -0.005203456648975868
v 0.07254606210053804 0.02660000164490195 -0.004840336552688063
v 0.07293185008272918 0.026638060881328807 -0.005362758891191977
v 0.07393953293088451 0.026908660259415962 -0.006204362687116938
v 0.07209210547497236 0.02660000164490195 -0.00443091032093057
v 0.07398087662181307 0.026746447879885116 -0.00610417299653665
v 0.07339659467267445 0.026746447879885116 -0.005828872957520659
v 0.07455790301640786 0.026908660259415962 -0.006424825496660624
v 0.07284199869906693 0.026746447879885116 -0.005497808717552788
v 0.07232239113044159 0.026746447879885116 -0.005114147429188254
v 0.07195716436748878 0.026638060881328807 -0.0045665609621392544
v 0.07225382575853256 0.026908660259415962 -0.005198087939156659
v 0.07184276159105885 0.026746447879885116 -0.004681560261882434
v 0.08125446705518069 0.026638060881328807 0.004309895720150947
v 0.0809079017921377 0.02660000164490195 0.00443091032093057
v 0.08109557727712602 0.02660000164490195 0.0042032811253958635
v 0.08166161734307398 0.026908660259415962 0.004120652871349162
v 0.08123368458349045 0.026908660259415962 0.004758400666227958
v 0.0814117546603077 0.026638060881328807 0.0040167743683378054
v 0.0811572456760512 0.026746447879885116 0.004681560261882434
v 0.08147916799358779 0.026908660259415962 0.004460670683061885
v 0.08138916402202767 0.026746447879885116 0.004400278777269839
v 0.08104284289962127 0.026638060881328807 0.0045665609621392544
v 0.08156154257025428 0.026746447879885116 0.0040790450126224065
v 0.08123507313336109 0.02660000164490195 0.0039433207000692805
v 0.08132098774925822 0.02660000164490195 0.0036610848258392115
v 0.08150863271666697 0.026638060881328807 0.003698536094860483
v 0.08135000233803868 0.02660000164490195 0.0033674918820542077
v 0.08166770560019909 0.026746447879885116 0.0037302855832917203
v 0.08185000236178741 0.027100001668650675 0.0033674918820542077
v 0.081811946940058 0.026908660259415962 0.0033674918820542077
v 0.08154134756197084 0.026638060881328807 0.0033674918820542077
v 0.0817739983298571 0.026908660259415962 0.003751499831049221
v 0.08170355612680424 0.026746447879885116 0.0033674918820542077
v 0.07209210547497236 0.02660000164490195 -0.00443091032093057
v 0.07174554021192936 0.026638060881328807 -0.004309895720150947
v 0.07190442998998403 0.02660000164490195 -0.0042032811253958635
v 0.07161084324508238 0.026746447879885116 -0.004400278777269839
v 0.0714586597051392 0.026638060881328807 -0.0033674918820542077
v 0.0712964511403058 0.026746447879885116 -0.0033674918820542077
v 0.07133230166691096 0.026746447879885116 -0.0037302855832917203
v 0.07118806032705205 0.026908660259415962 -0.0033674918820542077
v 0.07122600893725295 0.026908660259415962 -0.003751499831049221
v 0.07152083927352226 0.026908660259415962 -0.004460670683061885
v 0.07158825260680235 0.026638060881328807 -0.0040167743683378054
v 0.07143846469685577 0.026746447879885116 -0.0040790450126224065
v 0.07149137455044308 0.026638060881328807 -0.003698536094860483
v 0.07165000492907136 0.02660000164490195 -0.0033674918820542077
v 0.07133838992403607 0.026908660259415962 -0.004120652871349162
v 0.07176493413374896 0.02660000164490195 -0.0039433207000692805
v 0.07167901951785183 0.02660000164490195 -0.0036610848258392115
v 0.07115000490532264 0.027100001668650675 -0.0033674918820542077
v 0.0717663226836196 0.026908660259415962 0.004758400666227958
v 0.07278195536125409 0.026908660259415962 0.00558804586249434
v 0.07347282758645157 0.026638060881328807 0.005685690673040422
v 0.07303784526598633 0.02660000164490195 0.005203456648975868
v 0.07356274763466786 0.02660000164490195 0.00551679542041994
v 0.07225382575853256 0.026908660259415962 0.005198087939156659
v 0.07209210547497236 0.02660000164490195 0.00443091032093057
v 0.07242501412115576 0.026638060881328807 0.004988522289706976
v 0.07195716436748878 0.026638060881328807 0.0045665609621392544
v 0.07254606210053804 0.02660000164490195 0.004840336552688063
v 0.07293185008272918 0.026638060881328807 0.005362758891191977
v 0.07339659467267445 0.026746447879885116 0.005828872957520659
v 0.07284199869906693 0.026746447879885116 0.005497808717552788
v 0.07393953293088451 0.026908660259415962 0.006204362687116938
v 0.07519485830789208 0.026908660259415962 0.0065838230399181685
v 0.07650000363355502 0.027100001668650675 0.006750000320607796
v 0.07584429528942227 0.026908660259415962 0.006679834206282653
v 0.07455790301640786 0.026908660259415962 0.006424825496660624
v 0.07404275864379528 0.026638060881328807 0.005954228207157575
v 0.07411574906474261 0.02660000164490195 0.005777356422175806
v 0.0746915623855493 0.02660000164490195 0.005982646272624792
v 0.07524747061507853 0.026638060881328807 0.006318390192685541
v 0.07528467917397474 0.02660000164490195 0.006130700879418971
v 0.07588942316021807 0.02660000164490195 0.006220104036131213
v 0.07463620349620115 0.026638060881328807 0.006165802771650186
v 0.07334565320296971 0.026908660259415962 0.005924544138975196
v 0.07587073114272869 0.026638060881328807 0.006410530394815872
v 0.07650000363355502 0.02660000164490195 0.006250000296859071
v 0.07232239113044159 0.026746447879885116 0.005114147429188254
v 0.07184276159105885 0.026746447879885116 0.004681560261882434
v 0.07398087662181307 0.026746447879885116 0.00610417299653665
v 0.07458926745881556 0.026746447879885116 0.006321075739688098
v 0.07521593069658827 0.026746447879885116 0.006477505514726756
v 0.07585488488953462 0.026746447879885116 0.006571966006579111
v 0.07650000363355502 0.026908660259415962 0.006711940130506577
v 0.07650000363355502 0.026746447879885116 0.006603553608787449
v 0.07650000363355502 0.026638060881328807 0.006441342182930965
v 0.07711058410689198 0.02660000164490195 0.006220104036131213
v 0.07780514895921797 0.026908660259415962 0.0065838230399181685
v 0.0783638037709089 0.026638060881328807 0.006165802771650186
v 0.07830844488156075 0.02660000164490195 0.005982646272624792
v 0.07888425820236744 0.02660000164490195 0.005777356422175806
v 0.07715571197768778 0.026908660259415962 0.006679834206282653
v 0.07712927612438136 0.026638060881328807 0.006410530394815872
v 0.07714512237757543 0.026746447879885116 0.006571966006579111
v 0.07775253665203152 0.026638060881328807 0.006318390192685541
v 0.0777153280931353 0.02660000164490195 0.006130700879418971
v 0.0784107398082945 0.026746447879885116 0.006321075739688098
v 0.07778407657052178 0.026746447879885116 0.006477505514726756
v 0.07906047433622554 0.026908660259415962 0.006204362687116938
v 0.08021805190585596 0.026908660259415962 0.00558804586249434
v 0.07965435406414034 0.026908660259415962 0.005924544138975196
v 0.07943725963244219 0.02660000164490195 0.00551679542041994
v 0.07895724862331477 0.026638060881328807 0.005954228207157575
v 0.07952717968065848 0.026638060881328807 0.005685690673040422
v 0.08057499314595429 0.026638060881328807 0.004988522289706976
v 0.07996216200112372 0.02660000164490195 0.005203456648975868
v 0.080453945166572 0.02660000164490195 0.004840336552688063
v 0.0809079017921377 0.02660000164490195 0.00443091032093057
v 0.0784421042507022 0.026908660259415962 0.006424825496660624
v 0.07901913064529698 0.026746447879885116 0.00610417299653665
v 0.0796034125944356 0.026746447879885116 0.005828872957520659
v 0.08015800856804312 0.026746447879885116 0.005497808717552788
v 0.08006815718438087 0.026638060881328807 0.005362758891191977
v 0.08067761613666846 0.026746447879885116 0.005114147429188254
v 0.08074618150857749 0.026908660259415962 0.005198087939156659
v 0.07115000490532264 0.027100001668650675 0.0033674918820542077
v 0.07118806032705205 0.026908660259415962 -0.0033674918820542077
v 0.07118806032705205 0.026908660259415962 0.0033674918820542077
v 0.07115000490532264 0.027100001668650675 -0.0033674918820542077
v 0.0712964511403058 0.026746447879885116 -0.0033674918820542077
v 0.0712964511403058 0.026746447879885116 0.0033674918820542077
v 0.0714586597051392 0.026638060881328807 -0.0033674918820542077
v 0.07165000492907136 0.02660000164490195 -0.0033674918820542077
v 0.0714586597051392 0.026638060881328807 0.0033674918820542077
v 0.07165000492907136 0.02660000164490195 0.0033674918820542077
v 0.07149137455044308 0.026638060881328807 0.003698536094860483
v 0.07165000492907136 0.02660000164490195 0.0033674918820542077
v 0.07167901951785183 0.02660000164490195 0.0036610848258392115
v 0.07122600893725295 0.026908660259415962 0.003751499831049221
v 0.07115000490532264 0.027100001668650675 0.0033674918820542077
v 0.07118806032705205 0.026908660259415962 0.0033674918820542077
v 0.07176493413374896 0.02660000164490195 0.0039433207000692805
v 0.0712964511403058 0.026746447879885116 0.0033674918820542077
v 0.0714586597051392 0.026638060881328807 0.0033674918820542077
v 0.07133230166691096 0.026746447879885116 0.0037302855832917203
v 0.07143846469685577 0.026746447879885116 0.0040790450126224065
v 0.07158825260680235 0.026638060881328807 0.0040167743683378054
v 0.07133838992403607 0.026908660259415962 0.004120652871349162
v 0.07190442998998403 0.02660000164490195 0.0042032811253958635
v 0.07174554021192936 0.026638060881328807 0.004309895720150947
v 0.07209210547497236 0.02660000164490195 0.00443091032093057
v 0.07161084324508238 0.026746447879885116 0.004400278777269839
v 0.07152083927352226 0.026908660259415962 0.004460670683061885
v 0.08300000394228846 0.037700002553593404 -0.0015206907517791024
v 0.08296194089116415 0.03789134396282812 -0.0015206907517791024
v 0.08293595517215646 0.03789134396282812 -0.0018389594236267043
v 0.0828290063145376 0.03805355634235896 -0.00182137676783857
v 0.08269134914247189 0.03816194334091527 -0.0015206907517791024
v 0.08285355770730529 0.03805355634235896 -0.0015206907517791024
v 0.08248013697423673 0.03820000257734213 -0.0017640227917257306
v 0.08250000391853973 0.03820000257734213 -0.0015206907517791024
v 0.08285868466067381 0.03789134396282812 -0.002148796660442487
v 0.08275600063480049 0.03805355634235896 -0.0021140972187919105
v 0.08266894160966931 0.03816194334091527 -0.0017950626272225656
v 0.08260232936285306 0.03816194334091527 -0.0020621660735183067
v 0.08242105494018048 0.03820000257734213 -0.0020009087082430155
v 0.0826724206137408 0.03789134396282812 -0.0026365469754337234
v 0.0824488106788035 0.03789134396282812 -0.0031083437488652055
v 0.08235274896769784 0.03805355634235896 -0.0030581492446042635
v 0.08218920525875806 0.03789134396282812 -0.0035613323949537645
v 0.08189517600895257 0.03789134396282812 -0.003992771576746684
v 0.08156850057839726 0.03789134396282812 -0.004400051325934573
v 0.08121116260976446 0.03789134396282812 -0.004780706632711018
v 0.08180805594866225 0.03805355634235896 -0.003928295322082054
v 0.08257275019885046 0.03805355634235896 -0.002593971137229839
v 0.08220898065032234 0.03816194334091527 -0.0029830280767143003
v 0.0820973397148439 0.03805355634235896 -0.0035038229699199674
v 0.08195984276007096 0.03816194334091527 -0.00341775385877624
v 0.08113508228388522 0.03805355634235896 -0.004703506216293951
v 0.08148665242997843 0.03805355634235896 -0.004328997817615865
v 0.08136416249496126 0.03816194334091527 -0.004222658834751314
v 0.08102122119449273 0.03816194334091527 -0.0045879680905364095
v 0.08082530596301929 0.03789134396282812 -0.0051324341350739155
v 0.08075545885276814 0.03805355634235896 -0.005049554110995724
v 0.08167766958993017 0.03816194334091527 -0.0038317994507232334
v 0.08041328812118387 0.03789134396282812 -0.005453106185522305
v 0.07997758100820374 0.03789134396282812 -0.00574078205673012
v 0.07952083965350187 0.03789134396282812 -0.005993720816150072
v 0.07904581826863488 0.03789134396282812 -0.006210392770105988
v 0.07805252445924893 0.03789134396282812 -0.0065299170734600676
v 0.07754026399790614 0.03789134396282812 -0.0066308363249270585
v 0.07702171691517101 0.03789134396282812 -0.006691633542322828
v 0.07992142866178664 0.03805355634235896 -0.005648078233052023
v 0.08035009384327996 0.03805355634235896 -0.005365047709660065
v 0.07947205730255202 0.03805355634235896 -0.00589693288201798
v 0.08025551986417856 0.03816194334091527 -0.005233258972779098
v 0.07900470345955313 0.03805355634235896 -0.0061101053279036255
v 0.07855538550608276 0.03789134396282812 -0.006389486139513345
v 0.07852219763829549 0.03805355634235896 -0.006286306679809117
v 0.07752346407035038 0.03805355634235896 -0.00652375967494373
v 0.07650000363355502 0.03789134396282812 -0.006711940130506577
v 0.07701328643381355 0.03805355634235896 -0.006583575084584126
v 0.07802745426762847 0.03805355634235896 -0.00642447025296089
v 0.07650000363355502 0.03805355634235896 -0.006603553608787449
v 0.07650000363355502 0.037700002553593404 -0.006750000320607796
v 0.08065092851333056 0.03816194334091527 -0.00492551540881514
v 0.08242357264049538 0.03816194334091527 -0.002530252100008401
v 0.0820393944606268 0.03820000257734213 -0.002894416469722272
v 0.08152386098887465 0.03820000257734213 -0.0037179748393750822
v 0.08224761590606366 0.03820000257734213 -0.0024550904009580654
v 0.08088692095618022 0.03820000257734213 -0.004451680871691288
v 0.08052762223305976 0.03820000257734213 -0.00477920173456825
v 0.07983738324763845 0.03816194334091527 -0.005509337210074239
v 0.08014396285204395 0.03820000257734213 -0.005077803852938101
v 0.08179765708342224 0.03820000257734213 -0.0033162285472523867
v 0.08242105494018048 0.03820000257734213 -0.0020009087082430155
v 0.08121966938507086 0.03820000257734213 -0.004097223953305196
v 0.07894318001913092 0.03816194334091527 -0.005960015103184391
v 0.07939905162281491 0.03816194334091527 -0.0057520788063816775
v 0.07931293101325565 0.03820000257734213 -0.0055812118320183735
v 0.07847252264814308 0.03816194334091527 -0.006131887727162111
v 0.07749832521417588 0.03816194334091527 -0.006363508049900546
v 0.07700068267344928 0.03816194334091527 -0.006421854324186738
v 0.07798993290354161 0.03816194334091527 -0.006266657650097762
v 0.07650000363355502 0.03816194334091527 -0.006441342182930965
v 0.07887060158550785 0.03820000257734213 -0.005782971179980334
v 0.07973824689039066 0.03820000257734213 -0.005345680967559774
v 0.07841392889536003 0.03820000257734213 -0.005949738785099856
v 0.07794567478376369 0.03820000257734213 -0.006080504706227896
v 0.07746866975622435 0.03820000257734213 -0.006174478824155782
v 0.07698580535340671 0.03820000257734213 -0.0062310913184523975
v 0.07597829035193904 0.03789134396282812 -0.006691633542322828
v 0.0759867208332965 0.03805355634235896 -0.006583575084584126
v 0.0754597432692039 0.03789134396282812 -0.0066308363249270585
v 0.07494748280786112 0.03789134396282812 -0.0065299170734600676
v 0.07547654319675967 0.03805355634235896 -0.00652375967494373
v 0.07395418899847517 0.03789134396282812 -0.006210392770105988
v 0.07444462176102729 0.03789134396282812 -0.006389486139513345
v 0.07347916761360818 0.03789134396282812 -0.005993720816150072
v 0.07447780962881456 0.03805355634235896 -0.006286306679809117
v 0.07550168205293417 0.03816194334091527 -0.006363508049900546
v 0.07497255299948158 0.03805355634235896 -0.00642447025296089
v 0.07501007436356844 0.03816194334091527 -0.006266657650097762
v 0.07352794996455803 0.03805355634235896 -0.00589693288201798
v 0.07399530380755692 0.03805355634235896 -0.0061101053279036255
v 0.07405682724797913 0.03816194334091527 -0.005960015103184391
v 0.07360095564429514 0.03816194334091527 -0.0057520788063816775
v 0.07302242625890631 0.03789134396282812 -0.00574078205673012
v 0.07307857860532341 0.03805355634235896 -0.005648078233052023
v 0.07452748461896697 0.03816194334091527 -0.006131887727162111
v 0.07599932459366077 0.03816194334091527 -0.006421854324186738
v 0.07258671914592618 0.03789134396282812 -0.005453106185522305
v 0.07178884465734559 0.03789134396282812 -0.004780706632711018
v 0.07143150668871279 0.03789134396282812 -0.004400051325934573
v 0.07217470130409076 0.03789134396282812 -0.0051324341350739155
v 0.07081080200835199 0.03789134396282812 -0.0035613323949537645
v 0.07014132260643624 0.03789134396282812 -0.002148796660442487
v 0.07055119658830655 0.03789134396282812 -0.0031083437488652055
v 0.07110483125815747 0.03789134396282812 -0.003992771576746684
v 0.07032758665336925 0.03789134396282812 -0.0026365469754337234
v 0.07264991342383009 0.03805355634235896 -0.005365047709660065
v 0.07224454841434191 0.03805355634235896 -0.005049554110995724
v 0.07186492498322483 0.03805355634235896 -0.004703506216293951
v 0.0711919513184478 0.03805355634235896 -0.003928295322082054
v 0.07090266755226615 0.03805355634235896 -0.0035038229699199674
v 0.07042725706825959 0.03805355634235896 -0.002593971137229839
v 0.07024400663230956 0.03805355634235896 -0.0021140972187919105
v 0.07064725829941221 0.03805355634235896 -0.0030581492446042635
v 0.07151335483713162 0.03805355634235896 -0.004328997817615865
v 0.0731626240194716 0.03816194334091527 -0.005509337210074239
v 0.07650000363355502 0.03820000257734213 -0.006250000296859071
v 0.0755313375108857 0.03820000257734213 -0.006174478824155782
v 0.07505433248334636 0.03820000257734213 -0.006080504706227896
v 0.07601420191370334 0.03820000257734213 -0.0062310913184523975
v 0.07274448740293149 0.03816194334091527 -0.005233258972779098
v 0.0736870762538544 0.03820000257734213 -0.0055812118320183735
v 0.0723490787537795 0.03816194334091527 -0.00492551540881514
v 0.0741294056816022 0.03820000257734213 -0.005782971179980334
v 0.07458607837175002 0.03820000257734213 -0.005949738785099856
v 0.07326176037671939 0.03820000257734213 -0.005345680967559774
v 0.07247238503405029 0.03820000257734213 -0.00477920173456825
v 0.0728560444150661 0.03820000257734213 -0.005077803852938101
v 0.0716358447721488 0.03816194334091527 -0.004222658834751314
v 0.07197878607261732 0.03816194334091527 -0.0045879680905364095
v 0.07211308631092983 0.03820000257734213 -0.004451680871691288
v 0.07132233767717988 0.03816194334091527 -0.0038317994507232334
v 0.0710401645070391 0.03816194334091527 -0.00341775385877624
v 0.07057643462661467 0.03816194334091527 -0.002530252100008401
v 0.070397677904257 0.03816194334091527 -0.0020621660735183067
v 0.07079102661678771 0.03816194334091527 -0.0029830280767143003
v 0.0714761462782354 0.03820000257734213 -0.0037179748393750822
v 0.07178033788203919 0.03820000257734213 -0.004097223953305196
v 0.07120235018368781 0.03820000257734213 -0.0033162285472523867
v 0.07096061280648325 0.03820000257734213 -0.002894416469722272
v 0.07075239136104639 0.03820000257734213 -0.0024550904009580654
v 0.07057895232692957 0.03820000257734213 -0.0020009087082430155
v 0.08300000394228846 0.037700002553593404 -0.0015206907517791024
v 0.08296194089116415 0.03789134396282812 -0.0015206907517791024
v 0.08296194089116415 0.03789134396282812 0.0015206907517791024
v 0.08300000394228846 0.037700002553593404 0.0015206907517791024
v 0.08285355770730529 0.03805355634235896 0.0015206907517791024
v 0.08285355770730529 0.03805355634235896 -0.0015206907517791024
v 0.08269134914247189 0.03816194334091527 -0.0015206907517791024
v 0.08250000391853973 0.03820000257734213 -0.0015206907517791024
v 0.08250000391853973 0.03820000257734213 0.0015206907517791024
v 0.08269134914247189 0.03816194334091527 0.0015206907517791024
v 0.07017100095257245 0.03805355634235896 -0.00182137676783857
v 0.07014644955980476 0.03805355634235896 -0.0015206907517791024
v 0.07030865812463816 0.03816194334091527 -0.0015206907517791024
v 0.07051987029287332 0.03820000257734213 -0.0017640227917257306
v 0.07033106565744074 0.03816194334091527 -0.0017950626272225656
v 0.07050000334857032 0.03820000257734213 -0.0015206907517791024
v 0.07006405209495359 0.03789134396282812 -0.0018389594236267043
v 0.07000000332482159 0.037700002553593404 -0.0015206907517791024
v 0.0700380663759459 0.03789134396282812 -0.0015206907517791024
v 0.07057895232692957 0.03820000257734213 -0.0020009087082430155
v 0.08293595517215646 0.03789134396282812 0.0018389594236267043
v 0.08285868466067381 0.03789134396282812 0.002148796660442487
v 0.08275600063480049 0.03805355634235896 0.0021140972187919105
v 0.0828290063145376 0.03805355634235896 0.00182137676783857
v 0.08242105494018048 0.03820000257734213 0.0020009087082430155
v 0.08260232936285306 0.03816194334091527 0.0020621660735183067
v 0.08248013697423673 0.03820000257734213 0.0017640227917257306
v 0.08266894160966931 0.03816194334091527 0.0017950626272225656
v 0.08296194089116415 0.03789134396282812 0.0015206907517791024
v 0.08285355770730529 0.03805355634235896 0.0015206907517791024
v 0.08300000394228846 0.037700002553593404 0.0015206907517791024
v 0.08269134914247189 0.03816194334091527 0.0015206907517791024
v 0.08250000391853973 0.03820000257734213 0.0015206907517791024
v 0.07000000332482159 0.037700002553593404 0.0015206907517791024
v 0.0700380663759459 0.03789134396282812 0.0015206907517791024
v 0.07000000332482159 0.037700002553593404 -0.0015206907517791024
v 0.0700380663759459 0.03789134396282812 -0.0015206907517791024
v 0.07014644955980476 0.03805355634235896 0.0015206907517791024
v 0.07014644955980476 0.03805355634235896 -0.0015206907517791024
v 0.07030865812463816 0.03816194334091527 0.0015206907517791024
v 0.07050000334857032 0.03820000257734213 0.0015206907517791024
v 0.07030865812463816 0.03816194334091527 -0.0015206907517791024
v 0.07050000334857032 0.03820000257734213 -0.0015206907517791024
v 0.07032758665336925 0.03789134396282812 0.0026365469754337234
v 0.07014132260643624 0.03789134396282812 0.002148796660442487
v 0.07055119658830655 0.03789134396282812 0.0031083437488652055
v 0.07064725829941221 0.03805355634235896 0.0030581492446042635
v 0.07024400663230956 0.03805355634235896 0.0021140972187919105
v 0.07081080200835199 0.03789134396282812 0.0035613323949537645
v 0.07110483125815747 0.03789134396282812 0.003992771576746684
v 0.07143150668871279 0.03789134396282812 0.004400051325934573
v 0.07090266755226615 0.03805355634235896 0.0035038229699199674
v 0.07042725706825959 0.03805355634235896 0.002593971137229839
v 0.0711919513184478 0.03805355634235896 0.003928295322082054
v 0.07079102661678771 0.03816194334091527 0.0029830280767143003
v 0.0710401645070391 0.03816194334091527 0.00341775385877624
v 0.070397677904257 0.03816194334091527 0.0020621660735183067
v 0.07178884465734559 0.03789134396282812 0.004780706632711018
v 0.07186492498322483 0.03805355634235896 0.004703506216293951
v 0.07151335483713162 0.03805355634235896 0.004328997817615865
v 0.0716358447721488 0.03816194334091527 0.004222658834751314
v 0.07197878607261732 0.03816194334091527 0.0045879680905364095
v 0.07217470130409076 0.03789134396282812 0.0051324341350739155
v 0.07224454841434191 0.03805355634235896 0.005049554110995724
v 0.07132233767717988 0.03816194334091527 0.0038317994507232334
v 0.07302242625890631 0.03789134396282812 0.00574078205673012
v 0.07347916761360818 0.03789134396282812 0.005993720816150072
v 0.07444462176102729 0.03789134396282812 0.006389486139513345
v 0.0754597432692039 0.03789134396282812 0.0066308363249270585
v 0.07597829035193904 0.03789134396282812 0.006691633542322828
v 0.07494748280786112 0.03789134396282812 0.0065299170734600676
v 0.07395418899847517 0.03789134396282812 0.006210392770105988
v 0.07258671914592618 0.03789134396282812 0.005453106185522305
v 0.07307857860532341 0.03805355634235896 0.005648078233052023
v 0.07352794996455803 0.03805355634235896 0.00589693288201798
v 0.07264991342383009 0.03805355634235896 0.005365047709660065
v 0.07447780962881456 0.03805355634235896 0.006286306679809117
v 0.07547654319675967 0.03805355634235896 0.00652375967494373
v 0.07650000363355502 0.03789134396282812 0.006711940130506577
v 0.0759867208332965 0.03805355634235896 0.006583575084584126
v 0.07650000363355502 0.037700002553593404 0.006750000320607796
v 0.07702171691517101 0.03789134396282812 0.006691633542322828
v 0.07497255299948158 0.03805355634235896 0.00642447025296089
v 0.07399530380755692 0.03805355634235896 0.0061101053279036255
v 0.07650000363355502 0.03805355634235896 0.006603553608787449
v 0.07057643462661467 0.03816194334091527 0.002530252100008401
v 0.07057895232692957 0.03820000257734213 0.0020009087082430155
v 0.07120235018368781 0.03820000257734213 0.0033162285472523867
v 0.0714761462782354 0.03820000257734213 0.0037179748393750822
v 0.07075239136104639 0.03820000257734213 0.0024550904009580654
v 0.07274448740293149 0.03816194334091527 0.005233258972779098
v 0.07211308631092983 0.03820000257734213 0.004451680871691288
v 0.0723490787537795 0.03816194334091527 0.00492551540881514
v 0.07247238503405029 0.03820000257734213 0.00477920173456825
v 0.07096061280648325 0.03820000257734213 0.002894416469722272
v 0.07178033788203919 0.03820000257734213 0.004097223953305196
v 0.0728560444150661 0.03820000257734213 0.005077803852938101
v 0.07326176037671939 0.03820000257734213 0.005345680967559774
v 0.0731626240194716 0.03816194334091527 0.005509337210074239
v 0.07360095564429514 0.03816194334091527 0.0057520788063816775
v 0.07405682724797913 0.03816194334091527 0.005960015103184391
v 0.0736870762538544 0.03820000257734213 0.0055812118320183735
v 0.07452748461896697 0.03816194334091527 0.006131887727162111
v 0.07550168205293417 0.03816194334091527 0.006363508049900546
v 0.07501007436356844 0.03816194334091527 0.006266657650097762
v 0.07599932459366077 0.03816194334091527 0.006421854324186738
v 0.07458607837175002 0.03820000257734213 0.005949738785099856
v 0.0741294056816022 0.03820000257734213 0.005782971179980334
v 0.07505433248334636 0.03820000257734213 0.006080504706227896
v 0.0755313375108857 0.03820000257734213 0.006174478824155782
v 0.07601420191370334 0.03820000257734213 0.0062310913184523975
v 0.07650000363355502 0.03816194334091527 0.006441342182930965
v 0.07754026399790614 0.03789134396282812 0.0066308363249270585
v 0.07805252445924893 0.03789134396282812 0.0065299170734600676
v 0.07752346407035038 0.03805355634235896 0.00652375967494373
v 0.07701328643381355 0.03805355634235896 0.006583575084584126
v 0.07855538550608276 0.03789134396282812 0.006389486139513345
v 0.07952083965350187 0.03789134396282812 0.005993720816150072
v 0.07904581826863488 0.03789134396282812 0.006210392770105988
v 0.07997758100820374 0.03789134396282812 0.00574078205673012
v 0.07802745426762847 0.03805355634235896 0.00642447025296089
v 0.07852219763829549 0.03805355634235896 0.006286306679809117
v 0.07749832521417588 0.03816194334091527 0.006363508049900546
v 0.07798993290354161 0.03816194334091527 0.006266657650097762
v 0.07700068267344928 0.03816194334091527 0.006421854324186738
v 0.07947205730255202 0.03805355634235896 0.00589693288201798
v 0.07900470345955313 0.03805355634235896 0.0061101053279036255
v 0.07894318001913092 0.03816194334091527 0.005960015103184391
v 0.07939905162281491 0.03816194334091527 0.0057520788063816775
v 0.07992142866178664 0.03805355634235896 0.005648078233052023
v 0.07847252264814308 0.03816194334091527 0.006131887727162111
v 0.08041328812118387 0.03789134396282812 0.005453106185522305
v 0.08121116260976446 0.03789134396282812 0.004780706632711018
v 0.08156850057839726 0.03789134396282812 0.004400051325934573
v 0.08082530596301929 0.03789134396282812 0.0051324341350739155
v 0.08218920525875806 0.03789134396282812 0.0035613323949537645
v 0.0826724206137408 0.03789134396282812 0.0026365469754337234
v 0.0824488106788035 0.03789134396282812 0.0031083437488652055
v 0.08189517600895257 0.03789134396282812 0.003992771576746684
v 0.08035009384327996 0.03805355634235896 0.005365047709660065
v 0.08075545885276814 0.03805355634235896 0.005049554110995724
v 0.08113508228388522 0.03805355634235896 0.004703506216293951
v 0.08180805594866225 0.03805355634235896 0.003928295322082054
v 0.0820973397148439 0.03805355634235896 0.0035038229699199674
v 0.08257275019885046 0.03805355634235896 0.002593971137229839
v 0.08235274896769784 0.03805355634235896 0.0030581492446042635
v 0.08148665242997843 0.03805355634235896 0.004328997817615865
v 0.07983738324763845 0.03816194334091527 0.005509337210074239
v 0.07698580535340671 0.03820000257734213 0.0062310913184523975
v 0.07794567478376369 0.03820000257734213 0.006080504706227896
v 0.07841392889536003 0.03820000257734213 0.005949738785099856
v 0.07746866975622435 0.03820000257734213 0.006174478824155782
v 0.08025551986417856 0.03816194334091527 0.005233258972779098
v 0.07931293101325565 0.03820000257734213 0.0055812118320183735
v 0.08065092851333056 0.03816194334091527 0.00492551540881514
v 0.07887060158550785 0.03820000257734213 0.005782971179980334
v 0.07650000363355502 0.03820000257734213 0.006250000296859071
v 0.07973824689039066 0.03820000257734213 0.005345680967559774
v 0.08014396285204395 0.03820000257734213 0.005077803852938101
v 0.08052762223305976 0.03820000257734213 0.00477920173456825
v 0.08136416249496126 0.03816194334091527 0.004222658834751314
v 0.08102122119449273 0.03816194334091527 0.0045879680905364095
v 0.08088692095618022 0.03820000257734213 0.004451680871691288
v 0.08121966938507086 0.03820000257734213 0.004097223953305196
v 0.08167766958993017 0.03816194334091527 0.0038317994507232334
v 0.08195984276007096 0.03816194334091527 0.00341775385877624
v 0.08242357264049538 0.03816194334091527 0.002530252100008401
v 0.08220898065032234 0.03816194334091527 0.0029830280767143003
v 0.08152386098887465 0.03820000257734213 0.0037179748393750822
v 0.08179765708342224 0.03820000257734213 0.0033162285472523867
v 0.0820393944606268 0.03820000257734213 0.002894416469722272
v 0.08224761590606366 0.03820000257734213 0.0024550904009580654
v 0.08242105494018048 0.03820000257734213 0.0020009087082430155
v 0.07000000332482159 0.037700002553593404 0.0015206907517791024
v 0.0700380663759459 0.03789134396282812 0.0015206907517791024
v 0.07014644955980476 0.03805355634235896 0.0015206907517791024
v 0.07006405209495359 0.03789134396282812 0.0018389594236267043
v 0.07051987029287332 0.03820000257734213 0.0017640227917257306
v 0.07030865812463816 0.03816194334091527 0.0015206907517791024
v 0.07033106565744074 0.03816194334091527 0.0017950626272225656
v 0.07050000334857032 0.03820000257734213 0.0015206907517791024
v 0.07017100095257245 0.03805355634235896 0.00182137676783857
v 0.07057895232692957 0.03820000257734213 0.0020009087082430155
v 0.07935000224304378 0.026800000509992206 0.004000000189989805
v 0.07365000502406627 0.02660000164490195 0.004200000008754423
v 0.07365000502406627 0.026800000509992206 0.004000000189989805
v 0.07935000224304378 0.02660000164490195 0.004200000008754423
v 0.08033079147419908 0.026800000509992206 0.003195090445642923
v 0.08035000229054123 0.026800000509992206 0.003000000142492354
v 0.08052694321691423 0.02660000164490195 0.003234108601640473
v 0.08018147658673591 0.026800000509992206 0.003555570294460353
v 0.0803477668778374 0.02660000164490195 0.003666684563272543
v 0.08019852828432317 0.02660000164490195 0.0038485283295390527
v 0.08055000687767766 0.02660000164490195 0.003000000142492354
v 0.08045866013261627 0.02660000164490195 0.003459220335278873
v 0.08027388381768752 0.026800000509992206 0.0033826836762175516
v 0.0800571098205749 0.026800000509992206 0.0037071070047677013
v 0.07980922315108607 0.02660000164490195 0.004108655647878934
v 0.07973268506151321 0.026800000509992206 0.003923879809787367
v 0.07990557477919769 0.026800000509992206 0.0038314697178126744
v 0.07958411022535472 0.02660000164490195 0.00417694254687434
v 0.07935000224304378 0.026800000509992206 0.004000000189989805
v 0.07954509349986871 0.026800000509992206 0.003980785558950206
v 0.08001668928642847 0.02660000164490195 0.003997763823611611
v 0.07935000224304378 0.02660000164490195 0.004200000008754423
v 0.07341589704175533 0.02660000164490195 0.00417694254687434
v 0.07345491376724134 0.026800000509992206 0.003980785558950206
v 0.07365000502406627 0.026800000509992206 0.004000000189989805
v 0.07319078411602398 0.02660000164490195 0.004108655647878934
v 0.07309443248791236 0.026800000509992206 0.0038314697178126744
v 0.07326732220559684 0.026800000509992206 0.003923879809787367
v 0.07365000502406627 0.02660000164490195 0.004200000008754423
v 0.07298331798068158 0.02660000164490195 0.003997763823611611
v 0.07294289744653515 0.026800000509992206 0.0037071070047677013
v 0.07280147898278688 0.02660000164490195 0.0038485283295390527
v 0.07265224038927265 0.02660000164490195 0.003666684563272543
v 0.07281853068037414 0.026800000509992206 0.003555570294460353
v 0.07266921579291097 0.026800000509992206 0.003195090445642923
v 0.07247306405019582 0.02660000164490195 0.003234108601640473
v 0.07265000497656882 0.026800000509992206 0.003000000142492354
v 0.07272612344942253 0.026800000509992206 0.0033826836762175516
v 0.07254134713449378 0.02660000164490195 0.003459220335278873
v 0.07245000038943239 0.02660000164490195 0.003000000142492354
v 0.08035000229054123 0.026800000509992206 0.0010000000474974513
v 0.08055000687767766 0.02660000164490195 0.003000000142492354
v 0.08035000229054123 0.026800000509992206 0.003000000142492354
v 0.08055000687767766 0.02660000164490195 0.0010000000474974513
v 0.07245000038943239 0.02660000164490195 0.003000000142492354
v 0.07245000038943239 0.02660000164490195 0.0010000000474974513
v 0.07265000497656882 0.026800000509992206 0.0010000000474974513
v 0.07265000497656882 0.026800000509992206 0.003000000142492354
v 0.07980922315108607 0.02660000164490195 -0.00010865544298796666
v 0.07990557477919769 0.026800000509992206 0.0001685303976713213
v 0.07973268506151321 0.026800000509992206 7.612046960940935e-05
v 0.07954509349986871 0.026800000509992206 1.9214720446570493e-05
v 0.07958411022535472 0.02660000164490195 -0.0001769423419833733
v 0.07935000224304378 0.026800000509992206 4.746415075138787e-16
v 0.07935000224304378 0.02660000164490195 -0.00020000001247972264
v 0.08001668928642847 0.02660000164490195 2.2364653312226073e-06
v 0.08052694321691423 0.02660000164490195 0.0007658916479539798
v 0.08055000687767766 0.02660000164490195 0.0010000000474974513
v 0.08035000229054123 0.026800000509992206 0.0010000000474974513
v 0.08018147658673591 0.026800000509992206 0.0004444297763201571
v 0.0800571098205749 0.026800000509992206 0.00029289324482675155
v 0.08019852828432317 0.02660000164490195 0.00015147187535191446
v 0.08033079147419908 0.026800000509992206 0.0008049097443468822
v 0.08027388381768752 0.026800000509992206 0.0006173165733769012
v 0.0803477668778374 0.02660000164490195 0.00033331574592655733
v 0.08045866013261627 0.02660000164490195 0.0005407799143155798
v 0.07266921579291097 0.026800000509992206 0.0008049097443468822
v 0.07265000497656882 0.026800000509992206 0.0010000000474974513
v 0.07247306405019582 0.02660000164490195 0.0007658916479539798
v 0.07281853068037414 0.026800000509992206 0.0004444297763201571
v 0.07265224038927265 0.02660000164490195 0.00033331574592655733
v 0.07294289744653515 0.026800000509992206 0.00029289324482675155
v 0.07245000038943239 0.02660000164490195 0.0010000000474974513
v 0.07272612344942253 0.026800000509992206 0.0006173165733769012
v 0.07254134713449378 0.02660000164490195 0.0005407799143155798
v 0.07280147898278688 0.02660000164490195 0.00015147187535191446
v 0.07326732220559684 0.026800000509992206 7.612046960940935e-05
v 0.07309443248791236 0.026800000509992206 0.0001685303976713213
v 0.07298331798068158 0.02660000164490195 2.2364653312226073e-06
v 0.07319078411602398 0.02660000164490195 -0.00010865544298796666
v 0.07345491376724134 0.026800000509992206 1.9214720446570493e-05
v 0.07341589704175533 0.02660000164490195 -0.0001769423419833733
v 0.07365000502406627 0.026800000509992206 4.732190341960139e-16
v 0.07365000502406627 0.02660000164490195 -0.00020000001247972264
v 0.07850000372854993 0.026800000509992206 4.744293833487566e-16
v 0.07935000224304378 0.02660000164490195 -0.00020000001247972264
v 0.07935000224304378 0.026800000509992206 4.746415075138787e-16
v 0.0784899787036597 0.02660000164490195 -0.00020000001247972264
v 0.07935000224304378 0.03820000257734213 0.004200000008754423
v 0.07935000224304378 0.03800000180490315 0.004000000189989805
v 0.07365000502406627 0.03820000257734213 0.004200000008754423
v 0.07365000502406627 0.03800000180490315 0.004000000189989805
v 0.07954509349986871 0.03800000180490315 0.003980785558950206
v 0.07935000224304378 0.03800000180490315 0.004000000189989805
v 0.07958411022535472 0.03820000257734213 0.00417694254687434
v 0.07980922315108607 0.03820000257734213 0.004108655647878934
v 0.07973268506151321 0.03800000180490315 0.003923879809787367
v 0.08001668928642847 0.03820000257734213 0.003997763823611611
v 0.07990557477919769 0.03800000180490315 0.0038314697178126744
v 0.07935000224304378 0.03820000257734213 0.004200000008754423
v 0.08019852828432317 0.03820000257734213 0.0038485283295390527
v 0.0800571098205749 0.03800000180490315 0.0037071070047677013
v 0.08018147658673591 0.03800000180490315 0.003555570294460353
v 0.0803477668778374 0.03820000257734213 0.003666684563272543
v 0.08035000229054123 0.03800000180490315 0.003000000142492354
v 0.08033079147419908 0.03800000180490315 0.003195090445642923
v 0.08052694321691423 0.03820000257734213 0.003234108601640473
v 0.08045866013261627 0.03820000257734213 0.003459220335278873
v 0.08027388381768752 0.03800000180490315 0.0033826836762175516
v 0.08055000687767766 0.03820000257734213 0.003000000142492354
v 0.07247306405019582 0.03820000257734213 0.003234108601640473
v 0.07272612344942253 0.03800000180490315 0.0033826836762175516
v 0.07266921579291097 0.03800000180490315 0.003195090445642923
v 0.07265224038927265 0.03820000257734213 0.003666684563272543
v 0.07281853068037414 0.03800000180490315 0.003555570294460353
v 0.07294289744653515 0.03800000180490315 0.0037071070047677013
v 0.07265000497656882 0.03800000180490315 0.003000000142492354
v 0.07245000038943239 0.03820000257734213 0.003000000142492354
v 0.07254134713449378 0.03820000257734213 0.003459220335278873
v 0.07280147898278688 0.03820000257734213 0.0038485283295390527
v 0.07326732220559684 0.03800000180490315 0.003923879809787367
v 0.07309443248791236 0.03800000180490315 0.0038314697178126744
v 0.07319078411602398 0.03820000257734213 0.004108655647878934
v 0.07345491376724134 0.03800000180490315 0.003980785558950206
v 0.07341589704175533 0.03820000257734213 0.00417694254687434
v 0.07365000502406627 0.03800000180490315 0.004000000189989805
v 0.07298331798068158 0.03820000257734213 0.003997763823611611
v 0.07365000502406627 0.03820000257734213 0.004200000008754423
v 0.08055000687767766 0.03820000257734213 0.0010000000474974513
v 0.08035000229054123 0.03800000180490315 0.0010000000474974513
v 0.08035000229054123 0.03800000180490315 0.003000000142492354
v 0.08055000687767766 0.03820000257734213 0.003000000142492354
v 0.07245000038943239 0.03820000257734213 0.003000000142492354
v 0.07265000497656882 0.03800000180490315 0.003000000142492354
v 0.07245000038943239 0.03820000257734213 0.0010000000474974513
v 0.07265000497656882 0.03800000180490315 0.0010000000474974513
v 0.08033079147419908 0.03800000180490315 0.0008049097443468822
v 0.08035000229054123 0.03800000180490315 0.0010000000474974513
v 0.08052694321691423 0.03820000257734213 0.0007658916479539798
v 0.08045866013261627 0.03820000257734213 0.0005407799143155798
v 0.08018147658673591 0.03800000180490315 0.0004444297763201571
v 0.08027388381768752 0.03800000180490315 0.0006173165733769012
v 0.08055000687767766 0.03820000257734213 0.0010000000474974513
v 0.0803477668778374 0.03820000257734213 0.00033331574592655733
v 0.08019852828432317 0.03820000257734213 0.00015147187535191446
v 0.0800571098205749 0.03800000180490315 0.00029289324482675155
v 0.07973268506151321 0.03800000180490315 7.612046960940935e-05
v 0.07990557477919769 0.03800000180490315 0.0001685303976713213
v 0.07980922315108607 0.03820000257734213 -0.00010865544298796666
v 0.07954509349986871 0.03800000180490315 1.9214720446570493e-05
v 0.07958411022535472 0.03820000257734213 -0.0001769423419833733
v 0.07935000224304378 0.03800000180490315 6.714072976119801e-16
v 0.08001668928642847 0.03820000257734213 2.2364653312226073e-06
v 0.07935000224304378 0.03820000257734213 -0.00020000001247972264
v 0.07365000502406627 0.03820000257734213 -0.00020000001247972264
v 0.07345491376724134 0.03800000180490315 1.9214720446570493e-05
v 0.07365000502406627 0.03800000180490315 6.699848242941152e-16
v 0.07326732220559684 0.03800000180490315 7.612046960940935e-05
v 0.07341589704175533 0.03820000257734213 -0.0001769423419833733
v 0.07319078411602398 0.03820000257734213 -0.00010865544298796666
v 0.07298331798068158 0.03820000257734213 2.2364653312226073e-06
v 0.07309443248791236 0.03800000180490315 0.0001685303976713213
v 0.07247306405019582 0.03820000257734213 0.0007658916479539798
v 0.07245000038943239 0.03820000257734213 0.0010000000474974513
v 0.07265000497656882 0.03800000180490315 0.0010000000474974513
v 0.07280147898278688 0.03820000257734213 0.00015147187535191446
v 0.07294289744653515 0.03800000180490315 0.00029289324482675155
v 0.07281853068037414 0.03800000180490315 0.0004444297763201571
v 0.07265224038927265 0.03820000257734213 0.00033331574592655733
v 0.07272612344942253 0.03800000180490315 0.0006173165733769012
v 0.07254134713449378 0.03820000257734213 0.0005407799143155798
v 0.07266921579291097 0.03800000180490315 0.0008049097443468822
v 0.0784899787036597 0.03820000257734213 -0.00020000001247972264
v 0.07850000372854993 0.03800000180490315 6.711951734468579e-16
v 0.07935000224304378 0.03820000257734213 -0.00020000001247972264
v 0.07935000224304378 0.03800000180490315 6.714072976119801e-16
v 0.07850000372854993 0.03800000180490315 6.711951734468579e-16
v 0.0784899787036597 0.02660000164490195 -0.00020000001247972264
v 0.07850000372854993 0.026800000509992206 4.744293833487566e-16
v 0.07841988745277195 0.02660000164490195 -0.000560387697610791
v 0.0784899787036597 0.03820000257734213 -0.00020000001247972264
v 0.07784164798438908 0.03820000257734213 -0.0014832397211764214
v 0.07784164798438908 0.02660000164490195 -0.0014832397211764214
v 0.07809016789365408 0.02660000164490195 -0.0012130034546024848
v 0.07754790865158956 0.03820000257734213 -0.0017034940336627807
v 0.07754790865158956 0.02660000164490195 -0.0017034940336627807
v 0.07828510656258114 0.03820000257734213 -0.0009018915127929905
v 0.07828510656258114 0.02660000164490195 -0.0009018915127929905
v 0.07841988745277195 0.03820000257734213 -0.000560387697610791
v 0.07721886047922233 0.02660000164490195 -0.0018663440637137207
v 0.07721886047922233 0.03820000257734213 -0.0018663440637137207
v 0.07809016789365408 0.03820000257734213 -0.0012130034546024848
v 0.07686559660746273 0.03820000257734213 -0.001966302249842705
v 0.07686559660746273 0.02660000164490195 -0.001966302249842705
v 0.07451002856345035 0.02660000164490195 -0.00020000001247972264
v 0.07450000353856012 0.03800000180490315 6.701969484592374e-16
v 0.07450000353856012 0.026800000509992206 4.73431158361136e-16
v 0.07613441065964732 0.02660000164490195 -0.001966302249842705
v 0.07650000363355502 0.02660000164490195 -0.0020000000949949026
v 0.07613441065964732 0.03820000257734213 -0.001966302249842705
v 0.07650000363355502 0.03820000257734213 -0.0020000000949949026
v 0.07578114678788772 0.03820000257734213 -0.0018663440637137207
v 0.07578114678788772 0.02660000164490195 -0.0018663440637137207
v 0.07471490070452891 0.02660000164490195 -0.0009018915127929905
v 0.07490983937345597 0.02660000164490195 -0.0012130034546024848
v 0.07471490070452891 0.03820000257734213 -0.0009018915127929905
v 0.07515835928272097 0.02660000164490195 -0.0014832397211764214
v 0.07490983937345597 0.03820000257734213 -0.0012130034546024848
v 0.07515835928272097 0.03820000257734213 -0.0014832397211764214
v 0.07545209861552049 0.02660000164490195 -0.0017034940336627807
v 0.07545209861552049 0.03820000257734213 -0.0017034940336627807
v 0.0745801198143381 0.03820000257734213 -0.000560387697610791
v 0.0745801198143381 0.02660000164490195 -0.000560387697610791
v 0.07451002856345035 0.03820000257734213 -0.00020000001247972264
vn -2.3757909240499343e-21 -1.6725062928659582e-19 9.519984463003554e-06
vn -2.3757909240499343e-21 -1.6725062928659582e-19 9.519984463003554e-06
vn -2.3757909240499343e-21 -1.6725062928659582e-19 9.519984463003554e-06
vn -2.3757909240499343e-21 -1.6725062928659582e-19 9.519984463003554e-06
vn -2.1212296141323622e-23 -1.7100221605849872e-07 1.71001235027448e-07
vn 0.0 -1.7200471861007852e-07 1.7200373182772138e-07
vn -2.1212296141323622e-23 -1.7100221605849872e-07 1.71001235027448e-07
vn -4.2424592282647245e-23 -1.6999971350691892e-07 1.6999873822717467e-07
vn -2.3161057151484775e-23 1.7100221605866696e-07 1.7100286583163876e-07
vn -4.632211430296955e-23 1.6999971350708618e-07 1.7000035947075618e-07
vn -2.3161057151484775e-23 1.7100221605866696e-07 1.7100286583163876e-07
vn 0.0 1.7200471861024774e-07 1.720053721925213e-07
vn 0.0 4.238469057605699e-07 0.0
vn 0.0 4.731795544190887e-07 0.0
vn 0.0 5.226819885256958e-07 0.0
vn 0.0 4.256503682830284e-07 0.0
vn 0.0 4.7335540526912323e-07 0.0
vn 0.0 4.708619748867823e-07 0.0
vn 0.0 4.2575872164068375e-07 0.0
vn 0.0 3.362329619711617e-07 0.0
vn 0.0 3.266453563332577e-07 0.0
vn 0.0 5.231595578288448e-07 0.0
vn 0.0 4.2370806116328496e-07 0.0
vn 0.0 5.170408044976957e-07 0.0
vn 0.0 5.126540422840531e-07 0.0
vn 0.0 4.269229532527898e-07 0.0
vn 0.0 4.6824642491028415e-07 0.0
vn 0.0 5.934884310342343e-07 0.0
vn 0.0 4.25538455537484e-07 0.0
vn 0.0 3.2592431337810944e-07 0.0
vn 0.0 1.4875847507712395e-07 0.0
vn 0.0 1.316512356223485e-07 0.0
vn 0.0 1.8139191213869806e-07 0.0
vn 0.0 2.789259647590889e-07 0.0
vn 0.0 2.3019138486569747e-07 0.0
vn 0.0 2.9167344735109455e-07 0.0
vn 0.0 3.295624887427709e-07 0.0
vn 0.0 1.0448256564449752e-07 0.0
vn 0.0 4.427240395504097e-08 0.0
vn 0.0 2.436151104167122e-08 0.0
vn 0.0 7.92966081065711e-08 0.0
vn 0.0 3.4534358661747106e-07 0.0
vn 0.0 3.537599461416747e-07 0.0
vn 0.0 4.354599606973219e-07 0.0
vn 0.0 4.2715280011111865e-07 0.0
vn 0.0 3.3060233126532973e-07 0.0
vn 0.0 5.126540422840531e-07 0.0
vn 0.0 4.269229532527898e-07 0.0
vn 0.0 5.170408044976957e-07 0.0
vn 0.0 4.25538455537484e-07 0.0
vn 0.0 5.231595578288448e-07 0.0
vn 0.0 4.2370806116328496e-07 0.0
vn 0.0 4.733554052691232e-07 0.0
vn 0.0 4.256503682830284e-07 0.0
vn 0.0 3.2592431337810944e-07 0.0
vn 0.0 5.226819885256958e-07 0.0
vn 0.0 4.238469057605699e-07 0.0
vn 0.0 4.731795544190887e-07 0.0
vn 0.0 3.266453563332577e-07 0.0
vn 0.0 4.2575872164068375e-07 0.0
vn 0.0 4.708619748867823e-07 0.0
vn 0.0 3.362329619711617e-07 0.0
vn 0.0 4.271528001111187e-07 0.0
vn 0.0 3.3060233126532973e-07 0.0
vn 0.0 3.4534358661747117e-07 0.0
vn 0.0 3.537599461416747e-07 0.0
vn 0.0 4.354599606973219e-07 0.0
vn 0.0 3.295624887427709e-07 0.0
vn 0.0 2.9167344735109455e-07 0.0
vn 0.0 1.316512356223485e-07 0.0
vn 0.0 1.8139191213869806e-07 0.0
vn 0.0 2.3019138486569747e-07 0.0
vn 0.0 2.7892596475908895e-07 0.0
vn 0.0 1.4875847507712398e-07 0.0
vn 0.0 1.0448256564449752e-07 0.0
vn 0.0 4.427240395504097e-08 0.0
vn 0.0 7.92966081065711e-08 0.0
vn 0.0 2.4361511041671225e-08 0.0
vn -1.7896452712928805e-06 0.0 -1.777221566032699e-06
vn -2.0024401337831043e-06 0.0 -2.4513609272178e-06
vn -1.21687693686213e-06 -6.666782130498185e-09 -1.2084293854708054e-06
vn -1.4419470818585474e-06 0.0 -2.8182127103979472e-06
vn -9.436079808233984e-07 -1.0038724555237994e-08 -1.7063414795061745e-06
vn -1.7103705266067068e-06 0.0 -2.6638670171434833e-06
vn -9.322252086495169e-07 -1.252484183368741e-08 -1.3563128815586945e-06
vn -7.113922458344266e-07 -1.0735912145772781e-08 -1.7214986839298386e-06
vn -1.2074843588155247e-06 0.0 -2.9258970296833205e-06
vn -9.158694635241108e-07 0.0 -3.0298459976450724e-06
vn -6.154906832951077e-07 0.0 -3.1048276823030563e-06
vn -3.6134342952198636e-07 -1.073640834066335e-08 -1.8273013077317791e-06
vn -3.0922391821315387e-07 0.0 -3.1501279723748146e-06
vn -7.205452469729649e-07 -1.6685031618833867e-08 -8.820817755558927e-07
vn -3.2956060743339904e-07 -1.6684823587059325e-08 -1.0902406666877587e-06
vn -1.607752244059606e-07 -1.2549163208618581e-08 -1.6378504437581713e-06
vn -5.166091588569448e-08 0.0 -3.165270793672044e-06
vn 5.166091588569448e-08 0.0 -3.165270793672044e-06
vn 3.60637641731844e-07 0.0 -3.1450803652757384e-06
vn 6.154906832951077e-07 0.0 -3.1048276823030563e-06
vn 3.6134342952198636e-07 -1.073640834066335e-08 -1.8273013077317791e-06
vn 1.340378063444524e-07 -1.252550617718708e-08 -1.6403561212196754e-06
vn 9.158694635241108e-07 0.0 -3.0298459976450724e-06
vn 1.1777173381398932e-06 -1.0735939630705277e-08 -1.4431332832015504e-06
vn 1.7963919444454092e-06 0.0 -2.6066404583031694e-06
vn 2.0024401337831043e-06 0.0 -2.4513609272178e-06
vn 8.892144997301659e-07 -1.252484183368741e-08 -1.3849261609788517e-06
vn 1.5331480953132758e-06 0.0 -2.7696531431908724e-06
vn 1.2552382620116227e-06 0.0 -2.906188778990554e-06
vn 6.029404069612747e-07 -1.2525268680206715e-08 -1.5314007549068882e-06
vn 7.49662956514043e-07 -1.2525018701319877e-08 -1.4651699805345406e-06
vn 3.870359959876923e-07 -1.5030520550779058e-08 -1.2846248393067851e-06
vn 1.7896452712928805e-06 0.0 -1.777221566032699e-06
vn 7.61220292202353e-07 -1.299142708460611e-08 -7.578825412239076e-07
vn 2.042449057616102e-06 0.0 2.4186766031361146e-06
vn 1.7963919444454092e-06 0.0 2.6066404583031694e-06
vn 8.865264063031287e-07 -1.4301455673286174e-08 1.120272078971173e-06
vn 1.5331480953132758e-06 0.0 2.7696531431908724e-06
vn 8.892144997301658e-07 -1.252484183368741e-08 1.3849261609788517e-06
vn 1.6787047266298083e-06 0.0 1.5851927697193506e-06
vn 1.1688875967738233e-06 -8.000138556597823e-09 1.209888227146436e-06
vn 3.60637641731844e-07 0.0 3.1450803652757384e-06
vn 5.166091588569448e-08 0.0 3.165270793672044e-06
vn 1.340378063444524e-07 -1.252550617718708e-08 1.6403561212196754e-06
vn 6.029404069612747e-07 -1.2525268680206714e-08 1.5314007549068882e-06
vn 1.2552382620116227e-06 0.0 2.906188778990554e-06
vn 9.653205254251505e-07 0.0 3.0149045923505876e-06
vn 7.49662956514043e-07 -1.2525018701319877e-08 1.4651699805345406e-06
vn 4.50449376293242e-07 -1.252543379231588e-08 1.5829657350104084e-06
vn 6.661658814704022e-07 0.0 3.094775192711546e-06
vn 2.936479548054856e-07 -1.252580973077391e-08 1.6194064900989878e-06
vn -5.166091588569448e-08 0.0 3.165270793672044e-06
vn -5.018605799726447e-07 -1.2525166198940315e-08 1.5674316431326787e-06
vn -8.664184016230709e-07 0.0 3.0447874029395568e-06
vn -1.1597304556194264e-06 0.0 2.9456052803760863e-06
vn -3.463318033336645e-07 -1.2525693391838587e-08 1.6089559564803067e-06
vn -5.648154851198133e-07 0.0 3.114880171894566e-06
vn -2.578101946944637e-07 0.0 3.155175579473891e-06
vn -1.8748948304458593e-07 -1.252566268608188e-08 1.6351085188942328e-06
vn -1.4419470818585474e-06 0.0 2.8182127103979472e-06
vn -6.525871786022927e-07 -1.2525230836734911e-08 1.5109115009578753e-06
vn -1.9624312099501068e-06 0.0 2.484045251299485e-06
vn -1.9005858159559525e-06 0.0 1.9692503623460473e-06
vn -1.0618538814210353e-06 -1.2525814829401688e-08 1.2574575909774658e-06
vn -1.7103705266067068e-06 0.0 2.6638670171434833e-06
vn -9.339300493439795e-07 -1.2525068139637568e-08 1.3551786020631737e-06
vn -7.970709930906484e-07 -1.252484221143091e-08 1.4399276894912172e-06
vn -1.0357589431781367e-06 -8.00013855659782e-09 9.79453671570418e-07
vn 0.0 -7.469563436808044e-08 0.0
vn 0.0 -3.3741828124462886e-08 0.0
vn 0.0 -1.819784593984575e-06 0.0
vn 0.0 -2.0034043258161188e-07 0.0
vn 0.0 -2.9783678707374886e-06 0.0
vn 0.0 -3.2252364214626167e-06 0.0
vn 0.0 -2.2523246942480845e-06 0.0
vn 0.0 -8.428896920287527e-07 0.0
vn 0.0 -8.293418459373144e-07 0.0
vn 0.0 -1.7034967165516828e-08 0.0
vn 0.0 -7.731396231928409e-07 0.0
vn 0.0 -2.5476645836418216e-06 0.0
vn 0.0 -2.453963959271206e-07 0.0
vn 0.0 -1.8836773350433904e-06 0.0
vn 0.0 -2.2514988483697998e-06 0.0
vn 0.0 -2.6105877671440352e-06 0.0
vn 0.0 -2.0723326030369936e-06 0.0
vn 0.0 -2.251596579292778e-06 0.0
vn 0.0 -1.8969119031504672e-06 0.0
vn 0.0 -2.2510662809224295e-06 0.0
vn 0.0 -1.904616167485075e-06 0.0
vn 0.0 -2.0791913656097352e-06 0.0
vn 0.0 -2.2509154786508618e-06 0.0
vn 0.0 -2.594967134936367e-06 0.0
vn 0.0 -2.8950313446815355e-07 0.0
vn 0.0 -3.09941892516857e-07 0.0
vn 0.0 -2.3177017229522037e-07 0.0
vn 0.0 -1.263961865068522e-06 0.0
vn 0.0 -2.233382147046797e-06 0.0
vn 0.0 -1.3006495343472422e-06 0.0
vn 0.0 -8.978762030413845e-07 0.0
vn 0.0 -8.663368125261431e-07 0.0
vn 0.0 -1.5434478526807016e-06 0.0
vn 0.0 -2.0478309625559628e-06 0.0
vn 0.0 -2.1639327181629553e-07 0.0
vn 0.0 -5.429214955582305e-07 0.0
vn 0.0 -2.3804710166969793e-07 0.0
vn 0.0 -2.516483316286786e-07 0.0
vn 0.0 -2.3816059723539755e-07 0.0
vn 0.0 -2.650447738591489e-07 0.0
vn 0.0 -3.4721693503049976e-07 0.0
vn 0.0 -2.3382912190904705e-07 0.0
vn 0.0 -3.9762806142694246e-07 0.0
vn 0.0 -3.297293278224664e-07 0.0
vn 0.0 -1.2516901462518244e-06 0.0
vn 0.0 -6.764381250173228e-07 0.0
vn 0.0 -5.027051369008487e-07 0.0
vn 0.0 -4.0815326325548297e-07 0.0
vn 0.0 -3.580436193766254e-07 0.0
vn 0.0 -2.208800440425668e-07 0.0
vn 0.0 -5.728292773566877e-07 0.0
vn 0.0 -1.7385998881802774e-06 0.0
vn 0.0 -7.81787964304552e-07 0.0
vn 0.0 -2.4060850560333656e-06 0.0
vn 0.0 -1.9046161674850753e-06 0.0
vn 0.0 -2.2509154786508613e-06 0.0
vn 0.0 -2.25106628092243e-06 0.0
vn 0.0 -2.251596579292778e-06 0.0
vn 0.0 -1.8969119031504672e-06 0.0
vn 0.0 -2.6105877671440357e-06 0.0
vn 0.0 -2.072332603036994e-06 0.0
vn 0.0 -1.8836773350433904e-06 0.0
vn 0.0 -2.2514988483697998e-06 0.0
vn 0.0 -2.9783678707374886e-06 0.0
vn 0.0 -2.3177017229522042e-07 0.0
vn 0.0 -2.4539639592712067e-07 0.0
vn 0.0 -2.895031344681536e-07 0.0
vn 0.0 -3.09941892516857e-07 0.0
vn 0.0 -2.252324694248084e-06 0.0
vn 0.0 -3.2252364214626167e-06 0.0
vn 0.0 -1.8197845939845746e-06 0.0
vn 0.0 -7.469563436808044e-08 0.0
vn 0.0 -2.0034043258161188e-07 0.0
vn 0.0 -3.374182812446289e-08 0.0
vn 0.0 -2.5476645836418216e-06 0.0
vn 0.0 -8.428896920287527e-07 0.0
vn 0.0 -8.293418459373146e-07 0.0
vn 0.0 -7.731396231928409e-07 0.0
vn 0.0 -6.764381250173226e-07 0.0
vn 0.0 -1.7034967165516835e-08 0.0
vn 0.0 -5.027051369008486e-07 0.0
vn 0.0 -3.580436193766254e-07 0.0
vn 0.0 -4.081532632554829e-07 0.0
vn 0.0 -5.728292773566876e-07 0.0
vn 0.0 -1.7385998881802774e-06 0.0
vn 0.0 -3.297293278224664e-07 0.0
vn 0.0 -2.208800440425668e-07 0.0
vn 0.0 -3.9762806142694246e-07 0.0
vn 0.0 -1.263961865068522e-06 0.0
vn 0.0 -1.3006495343472424e-06 0.0
vn 0.0 -7.817879643045521e-07 0.0
vn 0.0 -2.4060850560333656e-06 0.0
vn 0.0 -3.472169350304998e-07 0.0
vn 0.0 -2.33829121909047e-07 0.0
vn 0.0 -5.429214955582305e-07 0.0
vn 0.0 -1.5434478526807016e-06 0.0
vn 0.0 -2.0478309625559628e-06 0.0
vn 0.0 -8.66336812526143e-07 0.0
vn 0.0 -8.978762030413845e-07 0.0
vn 0.0 -2.1639327181629553e-07 0.0
vn 0.0 -2.516483316286786e-07 0.0
vn 0.0 -2.381605972353975e-07 0.0
vn 0.0 -2.650447738591488e-07 0.0
vn 0.0 -2.3804710166969793e-07 0.0
vn 0.0 2.4361511041671225e-08 0.0
vn 0.0 4.427240395504097e-08 0.0
vn 0.0 1.316512356223485e-07 0.0
vn 0.0 7.92966081065711e-08 0.0
vn 0.0 1.0448256564449752e-07 0.0
vn 0.0 2.3019138486569747e-07 0.0
vn 0.0 2.789259647590889e-07 0.0
vn 0.0 1.4875847507712395e-07 0.0
vn 0.0 1.8139191213869806e-07 0.0
vn 0.0 2.9167344735109455e-07 0.0
vn 0.0 3.295624887427709e-07 0.0
vn 0.0 3.3060233126532973e-07 0.0
vn 0.0 3.537599461416747e-07 0.0
vn 0.0 4.354599606973219e-07 0.0
vn 0.0 3.4534358661747106e-07 0.0
vn 0.0 4.271528001111187e-07 0.0
vn 0.0 4.708619748867823e-07 0.0
vn 0.0 3.362329619711617e-07 0.0
vn 0.0 4.257587216406838e-07 0.0
vn 0.0 4.731795544190887e-07 0.0
vn 0.0 3.2664535633325777e-07 0.0
vn 0.0 5.226819885256958e-07 0.0
vn 0.0 4.238469057605699e-07 0.0
vn 0.0 4.256503682830284e-07 0.0
vn 0.0 4.7335540526912323e-07 0.0
vn 0.0 4.2370806116328496e-07 0.0
vn 0.0 3.2592431337810944e-07 0.0
vn 0.0 4.2553845553748406e-07 0.0
vn 0.0 5.231595578288449e-07 0.0
vn 0.0 5.170408044976958e-07 0.0
vn 0.0 5.934884310342343e-07 0.0
vn 0.0 5.126540422840531e-07 0.0
vn 0.0 4.6824642491028415e-07 0.0
vn 0.0 4.269229532527898e-07 0.0
vn 0.0 3.537599461416747e-07 0.0
vn 0.0 3.3060233126532984e-07 0.0
vn 0.0 3.295624887427709e-07 0.0
vn 0.0 2.7892596475908895e-07 0.0
vn 0.0 2.9167344735109455e-07 0.0
vn 0.0 2.3019138486569747e-07 0.0
vn 0.0 4.2715280011111865e-07 0.0
vn 0.0 3.4534358661747106e-07 0.0
vn 0.0 4.354599606973219e-07 0.0
vn 0.0 4.708619748867823e-07 0.0
vn 0.0 1.8139191213869806e-07 0.0
vn 0.0 1.3165123562234854e-07 0.0
vn 0.0 1.0448256564449752e-07 0.0
vn 0.0 7.92966081065711e-08 0.0
vn 0.0 4.427240395504097e-08 0.0
vn 0.0 2.436151104167122e-08 0.0
vn 0.0 1.4875847507712398e-07 0.0
vn 0.0 5.170408044976958e-07 0.0
vn 0.0 4.25538455537484e-07 0.0
vn 0.0 5.231595578288448e-07 0.0
vn 0.0 4.7335540526912323e-07 0.0
vn 0.0 4.2370806116328496e-07 0.0
vn 0.0 3.2592431337810944e-07 0.0
vn 0.0 4.269229532527898e-07 0.0
vn 0.0 5.126540422840531e-07 0.0
vn 0.0 4.256503682830284e-07 0.0
vn 0.0 4.731795544190887e-07 0.0
vn 0.0 3.2664535633325777e-07 0.0
vn 0.0 4.257587216406838e-07 0.0
vn 0.0 3.362329619711617e-07 0.0
vn 0.0 4.238469057605699e-07 0.0
vn 0.0 5.226819885256958e-07 0.0
vn 0.0 -4.297520204151949e-07 0.0
vn 0.0 -4.295185757616184e-07 0.0
vn 0.0 -3.888124101570996e-07 0.0
vn 0.0 -3.5657856328490663e-07 0.0
vn 0.0 -3.507621353386647e-07 0.0
vn 0.0 -3.886195127026391e-07 0.0
vn 0.0 -4.0903323608718017e-07 0.0
vn 0.0 -4.2967154226274035e-07 0.0
vn 0.0 -3.8868633515343463e-07 0.0
vn 0.0 -3.470615044242345e-07 0.0
vn 0.0 -3.8884973219917257e-07 0.0
vn 0.0 -4.294812552541664e-07 0.0
vn 0.0 -3.8179969949476683e-07 0.0
vn 0.0 -3.569381767569903e-07 0.0
vn 0.0 -1.7696473315981273e-06 0.0
vn 0.0 -1.9303626773708007e-06 0.0
vn 0.0 -2.741558279462508e-06 0.0
vn 0.0 -4.201353089055885e-07 0.0
vn 0.0 -3.4669825233377483e-07 0.0
vn 0.0 -2.3163500817446367e-07 0.0
vn 0.0 -3.2259684126734924e-07 0.0
vn 0.0 -1.3376607804980117e-06 0.0
vn 0.0 -4.090372086512756e-07 0.0
vn 0.0 -3.8876753590798704e-07 0.0
vn 0.0 -4.2956796445606554e-07 0.0
vn 0.0 -4.295980685455918e-07 0.0
vn 0.0 -3.887417342684425e-07 0.0
vn 0.0 -4.2990551073438316e-07 0.0
vn 0.0 -3.8850626482480895e-07 0.0
vn 0.0 -4.294532663512032e-07 0.0
vn 0.0 -3.888897396840723e-07 0.0
vn 0.0 -3.888299003051566e-07 0.0
vn 0.0 -4.2970774060641895e-07 0.0
vn 0.0 -4.2949883255910895e-07 0.0
vn 0.0 -3.8891357451930965e-07 0.0
vn 0.0 -3.886521441884448e-07 0.0
vn 0.0 -4.0903245520041203e-07 0.0
vn 0.0 -3.8891287565017514e-07 0.0
vn 0.0 -3.8887601719881724e-07 0.0
vn 0.0 -4.2945642243514875e-07 0.0
vn 0.0 -3.4700305342064194e-07 0.0
vn 0.0 -3.4669825233377483e-07 0.0
vn 0.0 -3.8179969949476683e-07 0.0
vn 0.0 -4.201353089055885e-07 0.0
vn 0.0 -3.5657856328490663e-07 0.0
vn 0.0 -3.225968412673493e-07 0.0
vn 0.0 -3.569381767569903e-07 0.0
vn 0.0 -3.507621353386647e-07 0.0
vn 0.0 -2.3163500817446367e-07 0.0
vn 0.0 -4.295185757616184e-07 0.0
vn 0.0 -4.2975202041519497e-07 0.0
vn 0.0 -3.8881241015709963e-07 0.0
vn 0.0 -4.090332360871802e-07 0.0
vn 0.0 -3.886195127026391e-07 0.0
vn 0.0 -3.886863351534346e-07 0.0
vn 0.0 -4.2967154226274035e-07 0.0
vn 0.0 -3.4706150442423443e-07 0.0
vn 0.0 -3.8891287565017514e-07 0.0
vn 0.0 -4.2948125525416643e-07 0.0
vn 0.0 -4.2945642243514875e-07 0.0
vn 0.0 -3.8884973219917257e-07 0.0
vn 0.0 -3.888760171988173e-07 0.0
vn 0.0 -3.887417342684425e-07 0.0
vn 0.0 -4.2959806854559167e-07 0.0
vn 0.0 -4.299055107343831e-07 0.0
vn 0.0 -3.8850626482480895e-07 0.0
vn 0.0 -3.888897396840723e-07 0.0
vn 0.0 -3.8876753590798704e-07 0.0
vn 0.0 -4.2956796445606554e-07 0.0
vn 0.0 -3.4700305342064194e-07 0.0
vn 0.0 -4.0903720865127553e-07 0.0
vn 0.0 -3.8891357451930965e-07 0.0
vn 0.0 -4.294532663512032e-07 0.0
vn 0.0 -4.2949883255910895e-07 0.0
vn 0.0 -4.2970774060641895e-07 0.0
vn 0.0 -3.886521441884448e-07 0.0
vn 0.0 -3.888299003051566e-07 0.0
vn 0.0 -4.0903245520041203e-07 0.0
vn 0.0 -3.4706504166956335e-07 0.0
vn 0.0 -3.886521441884448e-07 0.0
vn 0.0 -3.886521441884448e-07 0.0
vn 0.0 -4.2970774060641895e-07 0.0
vn 0.0 -3.4706504166956335e-07 0.0
vn 0.0 -3.888299003051566e-07 0.0
vn 0.0 -3.8891357451930965e-07 0.0
vn 0.0 -4.294532663512032e-07 0.0
vn 0.0 -4.2949883255910895e-07 0.0
vn 0.0 -4.090372086512756e-07 0.0
vn 0.0 -4.2956796445606554e-07 0.0
vn 0.0 -3.8876753590798704e-07 0.0
vn 0.0 -3.888897396840723e-07 0.0
vn 0.0 -4.299055107343831e-07 0.0
vn 0.0 -3.8850626482480895e-07 0.0
vn 0.0 -3.4700305342064194e-07 0.0
vn 0.0 -3.8874173426844254e-07 0.0
vn 0.0 -4.295980685455918e-07 0.0
vn 0.0 -3.888760171988173e-07 0.0
vn 0.0 -3.8891287565017514e-07 0.0
vn 0.0 -4.2945642243514875e-07 0.0
vn 0.0 -3.8884973219917257e-07 0.0
vn 0.0 -4.294812552541664e-07 0.0
vn 0.0 -3.886863351534346e-07 0.0
vn 0.0 -4.2967154226274035e-07 0.0
vn 0.0 -3.470615044242345e-07 0.0
vn 0.0 -4.090332360871802e-07 0.0
vn 0.0 -3.886195127026391e-07 0.0
vn 0.0 -4.2975202041519497e-07 0.0
vn 0.0 -3.8881241015709963e-07 0.0
vn 0.0 -4.295185757616185e-07 0.0
vn 0.0 -3.507621353386648e-07 0.0
vn 0.0 -3.5657856328490663e-07 0.0
vn 0.0 -2.3163500817446367e-07 0.0
vn 0.0 -3.2259684126734924e-07 0.0
vn 0.0 -4.201353089055885e-07 0.0
vn 0.0 -3.466982523337747e-07 0.0
vn 0.0 -3.8179969949476683e-07 0.0
vn 0.0 -3.569381767569903e-07 0.0
vn 0.0 -1.3376607804980115e-06 0.0
vn 0.0 -2.741558279462508e-06 0.0
vn 0.0 -3.8850626482480895e-07 0.0
vn 0.0 -3.4700305342064194e-07 0.0
vn 0.0 -4.0903720865127553e-07 0.0
vn 0.0 -3.8876753590798704e-07 0.0
vn 0.0 -3.888897396840723e-07 0.0
vn 0.0 -4.2956796445606554e-07 0.0
vn 0.0 -4.294812552541664e-07 0.0
vn 0.0 -3.8891287565017514e-07 0.0
vn 0.0 -4.2945642243514875e-07 0.0
vn 0.0 -3.888760171988173e-07 0.0
vn 0.0 -3.887417342684425e-07 0.0
vn 0.0 -4.2959806854559167e-07 0.0
vn 0.0 -4.299055107343831e-07 0.0
vn 0.0 -3.8884973219917257e-07 0.0
vn 0.0 -4.2949883255910895e-07 0.0
vn 0.0 -3.8891357451930965e-07 0.0
vn 0.0 -3.888299003051566e-07 0.0
vn 0.0 -4.2970774060641895e-07 0.0
vn 0.0 -4.294532663512032e-07 0.0
vn 0.0 -3.8179969949476694e-07 0.0
vn 0.0 -1.769647331598127e-06 0.0
vn 0.0 -3.466982523337747e-07 0.0
vn 0.0 -3.2259684126734924e-07 0.0
vn 0.0 -2.3163500817446367e-07 0.0
vn 0.0 -3.5657856328490663e-07 0.0
vn 0.0 -3.507621353386647e-07 0.0
vn 0.0 -4.201353089055885e-07 0.0
vn 0.0 -3.569381767569903e-07 0.0
vn 0.0 -1.9303626773708007e-06 0.0
vn 0.0 -3.4706150442423443e-07 0.0
vn 0.0 -3.886863351534346e-07 0.0
vn 0.0 -4.090332360871802e-07 0.0
vn 0.0 -4.2967154226274035e-07 0.0
vn 0.0 -3.886195127026391e-07 0.0
vn 0.0 -3.8881241015709963e-07 0.0
vn 0.0 -4.295185757616185e-07 0.0
vn 0.0 -4.2975202041519497e-07 0.0
vn 6.707486431774663e-07 0.0 -5.803084951149298e-07
vn 6.707486431774663e-07 0.0 -5.803084951149298e-07
vn 7.016605084503361e-07 0.0 -5.426191366406293e-07
vn 7.134249066848187e-07 0.0 -5.270485504283864e-07
vn 7.359024911737572e-07 0.0 -4.951762272614022e-07
vn 5.435626866738234e-07 0.0 -7.00851855729133e-07
vn 5.435626866738234e-07 0.0 -7.00851855729133e-07
vn 5.885800034648127e-07 0.0 -6.635017511993519e-07
vn 6.37891368566494e-07 0.0 -6.16313282278514e-07
vn 6.241815609939092e-07 0.0 -6.301992971800411e-07
vn 4.96180280018538e-07 0.0 -7.351574485671515e-07
vn 6.825617543301677e-07 0.0 -3.9440610732732197e-07
vn 7.46615677428213e-07 0.0 -4.78874490306661e-07
vn 4.466406130975114e-07 0.0 -7.662693749619376e-07
vn 4.466406130975114e-07 0.0 -7.662693749619375e-07
vn 3.9515754750292454e-07 0.0 -7.940472539709316e-07
vn 2.4074417710554616e-07 0.0 -8.536974561469095e-07
vn 2.8726601933691113e-07 0.0 -8.391270841504042e-07
vn 2.2190973397879095e-07 0.0 -8.587921145206374e-07
vn 1.7438109717500586e-07 0.0 -8.696336177304017e-07
vn 1.7438109717500586e-07 0.0 -8.696336177304016e-07
vn 3.4195536372503854e-07 0.0 -8.183682522693936e-07
vn 3.419553637250386e-07 0.0 -8.183682522693936e-07
vn 4.873229371362284e-08 0.0 -8.856516681970536e-07
vn 0.0 0.0 -8.869443427097905e-07
vn 6.819954780801028e-08 0.0 -8.843589936843166e-07
vn 6.077946449776668e-07 0.0 -3.26239461302724e-07
vn 5.885800034648127e-07 0.0 -6.635017511993519e-07
vn 4.96180280018538e-07 0.0 -7.351574485671514e-07
vn 3.9515754750292454e-07 0.0 -7.940472539709315e-07
vn 2.8726601933691113e-07 0.0 -8.391270841504042e-07
vn 1.1667685270018685e-07 0.0 -8.792233908690089e-07
vn 1.1667685270018687e-07 0.0 -8.792233908690089e-07
vn 0.0 0.0 -8.869443427097905e-07
vn -1.1667685270018687e-07 0.0 -8.792233908690089e-07
vn -1.7438109717500586e-07 0.0 -8.696336177304017e-07
vn -1.7438109717500586e-07 0.0 -8.696336177304017e-07
vn -2.4074417710554616e-07 0.0 -8.536974561469095e-07
vn -2.2190973397879095e-07 0.0 -8.587921145206374e-07
vn -2.8726601933691113e-07 0.0 -8.391270841504042e-07
vn -4.873229371362284e-08 0.0 -8.856516681970536e-07
vn -6.819954780801028e-08 0.0 -8.843589936843166e-07
vn -3.4195536372503854e-07 0.0 -8.183682522693936e-07
vn -3.4195536372503854e-07 0.0 -8.183682522693936e-07
vn -3.9515754750292454e-07 0.0 -7.940472539709316e-07
vn -4.466406130975114e-07 0.0 -7.662693749619375e-07
vn -4.466406130975114e-07 0.0 -7.662693749619375e-07
vn -4.96180280018538e-07 0.0 -7.351574485671514e-07
vn -5.435626866738234e-07 0.0 -7.00851855729133e-07
vn -5.435626866738234e-07 0.0 -7.00851855729133e-07
vn -6.707486431774663e-07 0.0 -5.803084951149298e-07
vn -6.37891368566494e-07 0.0 -6.16313282278514e-07
vn -6.707486431774663e-07 0.0 -5.803084951149298e-07
vn -7.016605084503361e-07 0.0 -5.426191366406293e-07
vn -5.885800034648127e-07 0.0 -6.635017511993519e-07
vn -6.241815609939092e-07 0.0 -6.301992971800411e-07
vn -7.412590843009851e-07 0.0 -4.870253587840316e-07
vn -7.134249066848187e-07 0.0 -5.270485504283864e-07
vn -6.077946449776668e-07 0.0 -3.26239461302724e-07
vn -6.825617543301677e-07 0.0 -3.9440610732732197e-07
vn -1.1667685270018687e-07 0.0 -8.792233908690089e-07
vn -2.8726601933691113e-07 0.0 -8.391270841504042e-07
vn -3.9515754750292454e-07 0.0 -7.940472539709315e-07
vn -4.96180280018538e-07 0.0 -7.351574485671514e-07
vn -5.885800034648127e-07 0.0 -6.635017511993519e-07
vn -7.412590843009851e-07 0.0 -4.870253587840316e-07
vn 7.056599928668399e-06 0.0 0.0
vn 1.9692259196748812e-05 0.0 0.0
vn 1.6581782182600464e-05 0.0 0.0
vn 8.727891729411813e-06 0.0 0.0
vn 1.0681775498746113e-05 0.0 0.0
vn 1.9199745666996682e-05 0.0 0.0
vn 7.056599928668399e-06 0.0 0.0
vn 8.727891729411813e-06 0.0 0.0
vn -6.451781996539174e-07 0.0 3.60322784315023e-07
vn -7.46615677428213e-07 0.0 4.78874490306661e-07
vn -6.451781996539174e-07 0.0 3.60322784315023e-07
vn -5.885800034648127e-07 0.0 6.635017511993519e-07
vn -6.310364647802016e-07 0.0 6.232562897292775e-07
vn -5.885800034648127e-07 0.0 6.635017511993519e-07
vn -6.643661541646704e-07 0.0 5.876814192022822e-07
vn -6.771311321902619e-07 0.0 5.729355710275773e-07
vn -4.96180280018538e-07 0.0 7.351574485671515e-07
vn -5.435626866738234e-07 0.0 7.00851855729133e-07
vn -4.96180280018538e-07 0.0 7.351574485671514e-07
vn -4.466406130975114e-07 0.0 7.662693749619375e-07
vn -3.4195536372503854e-07 0.0 8.183682522693936e-07
vn -3.9515754750292454e-07 0.0 7.940472539709315e-07
vn -3.9515754750292454e-07 0.0 7.940472539709315e-07
vn -1.6481636594932923e-07 0.0 8.715492326757471e-07
vn -1.8394582840068249e-07 0.0 8.677180027850561e-07
vn -1.2634686963278323e-07 0.0 8.77942414768152e-07
vn -2.8726601933691113e-07 0.0 8.391270841504042e-07
vn -2.8726601933691113e-07 0.0 8.391270841504042e-07
vn -2.4074417710554616e-07 0.0 8.536974561469095e-07
vn -4.873229371362284e-08 0.0 8.856516681970536e-07
vn -6.819954780801028e-08 0.0 8.843589936843166e-07
vn -9.755013206411797e-09 0.0 8.869443427097905e-07
vn -1.0700683576759049e-07 0.0 8.805043669698658e-07
vn -2.2190973397879095e-07 0.0 8.587921145206374e-07
vn -7.359024911737572e-07 0.0 4.951762272614022e-07
vn -7.134249066848187e-07 0.0 5.270485504283864e-07
vn -6.310364647802016e-07 0.0 6.232562897292775e-07
vn -7.016605084503361e-07 0.0 5.426191366406293e-07
vn -5.435626866738234e-07 0.0 7.00851855729133e-07
vn -4.466406130975114e-07 0.0 7.662693749619375e-07
vn -3.4195536372503854e-07 0.0 8.183682522693936e-07
vn 9.755013206411797e-09 0.0 8.869443427097905e-07
vn 1.0700683576759049e-07 0.0 8.805043669698658e-07
vn 6.819954780801028e-08 0.0 8.843589936843166e-07
vn 4.873229371362284e-08 0.0 8.856516681970536e-07
vn 2.2190973397879095e-07 0.0 8.587921145206374e-07
vn 1.7438109717500586e-07 0.0 8.696336177304016e-07
vn 2.4074417710554616e-07 0.0 8.536974561469095e-07
vn 3.9515754750292454e-07 0.0 7.940472539709316e-07
vn 3.509560121528778e-07 0.0 8.146072128499825e-07
vn 3.3295471529719933e-07 0.0 8.221292916888046e-07
vn 2.8726601933691113e-07 0.0 8.391270841504042e-07
vn 2.8726601933691113e-07 0.0 8.391270841504042e-07
vn 4.466406130975114e-07 0.0 7.662693749619375e-07
vn 4.466406130975114e-07 0.0 7.662693749619375e-07
vn 1.2634686963278323e-07 0.0 8.779424147681518e-07
vn 5.885800034648127e-07 0.0 6.635017511993519e-07
vn 5.885800034648127e-07 0.0 6.635017511993519e-07
vn 5.435626866738234e-07 0.0 7.00851855729133e-07
vn 4.880946667449354e-07 0.0 7.406147577091584e-07
vn 5.042658932921406e-07 0.0 7.297001394251444e-07
vn 6.707486431774662e-07 0.0 5.803084951149298e-07
vn 7.075427075675774e-07 0.0 5.348338435345079e-07
vn 7.075427075675774e-07 0.0 5.348338435345079e-07
vn 6.37891368566494e-07 0.0 6.16313282278514e-07
vn 6.241815609939092e-07 0.0 6.30199297180041e-07
vn 7.412590843009851e-07 0.0 4.870253587840316e-07
vn 6.077946449776668e-07 0.0 3.26239461302724e-07
vn 6.825617543301677e-07 0.0 3.9440610732732197e-07
vn 1.7438109717500586e-07 0.0 8.696336177304017e-07
vn 3.9515754750292454e-07 0.0 7.940472539709315e-07
vn 6.707486431774663e-07 0.0 5.803084951149298e-07
vn 7.412590843009851e-07 0.0 4.870253587840316e-07
vn 5.435626866738234e-07 0.0 7.00851855729133e-07
vn -1.9199745666996682e-05 0.0 0.0
vn -1.0681775498746113e-05 0.0 0.0
vn -7.056599928668399e-06 0.0 0.0
vn -1.6581782182600464e-05 0.0 0.0
vn -8.727891729411813e-06 0.0 0.0
vn -8.727891729411813e-06 0.0 0.0
vn -1.9692259196748812e-05 0.0 0.0
vn -7.056599928668399e-06 0.0 0.0
vn 0.0 2.0618073386484753e-06 0.0
vn 0.0 1.1972543276636403e-06 0.0
vn 0.0 1.4069314852932494e-06 0.0
vn 0.0 3.704274517420833e-06 0.0
vn 0.0 1.813532866238908e-06 0.0
vn 0.0 1.8978669215615712e-06 0.0
vn 0.0 2.065255946452305e-06 0.0
vn 0.0 2.6512966301399144e-06 0.0
vn 0.0 2.066604810568355e-06 0.0
vn 0.0 1.8979862854610993e-06 0.0
vn 0.0 1.5831061277206917e-06 0.0
vn 0.0 9.206262016615833e-07 0.0
vn 0.0 1.039234526794044e-06 0.0
vn 0.0 9.670352561487481e-09 0.0
vn 0.0 1.252157942246848e-06 0.0
vn 0.0 1.5869816695832124e-06 0.0
vn 0.0 6.577932361593431e-07 0.0
vn 0.0 6.600846593481881e-07 0.0
vn 0.0 2.0647035255921204e-06 0.0
vn 0.0 1.8642900476088042e-06 0.0
vn 0.0 1.812880241860923e-06 0.0
vn 0.0 1.8977190296175433e-06 0.0
vn 0.0 2.066207069935609e-06 0.0
vn 0.0 2.0681553224318774e-06 0.0
vn 0.0 1.8978989946848804e-06 0.0
vn 0.0 2.065057396811517e-06 0.0
vn 0.0 1.8980017485086796e-06 0.0
vn 0.0 1.8136760580844778e-06 0.0
vn 0.0 2.8950313446815355e-07 0.0
vn 0.0 3.09941892516857e-07 0.0
vn 0.0 2.395902193875834e-07 0.0
vn 0.0 2.238812303972085e-07 0.0
vn 0.0 7.628765311264235e-07 0.0
vn 0.0 4.936009728895723e-07 0.0
vn 0.0 1.1700628447874945e-06 0.0
vn 0.0 1.6836508774327933e-06 0.0
vn 0.0 1.8826168202104305e-06 0.0
vn 0.0 4.1856037843335005e-07 0.0
vn 0.0 1.0925291863452734e-06 0.0
vn 0.0 6.175300786024101e-07 0.0
vn 0.0 2.4177444066434715e-06 0.0
vn 0.0 3.8787770158740446e-07 0.0
vn 0.0 3.931281880031293e-07 0.0
vn 0.0 3.2292589678244894e-07 0.0
vn 0.0 2.98713076487409e-07 0.0
vn 0.0 3.698938782563403e-07 0.0
vn 0.0 5.952695483562905e-07 0.0
vn 0.0 2.5100218864706653e-07 0.0
vn 0.0 2.919045568955986e-07 0.0
vn 0.0 3.37769272925309e-07 0.0
vn 0.0 2.1856270365009157e-07 0.0
vn 0.0 3.1052769941924894e-07 0.0
vn 0.0 4.0942280856269504e-07 0.0
vn 0.0 3.4455221173610596e-07 0.0
vn 0.0 4.5711680349110415e-07 0.0
vn 0.0 1.8931289513782218e-06 0.0
vn 0.0 5.910955337774266e-07 0.0
vn 0.0 6.232111859364134e-07 0.0
vn 0.0 6.699335431651105e-07 0.0
vn 0.0 7.309778217142286e-07 0.0
vn 0.0 8.059691850665909e-07 0.0
vn 0.0 8.944508564432874e-07 0.0
vn 0.0 4.523000716027744e-06 0.0
vn 0.0 1.8931289513782218e-06 0.0
vn 0.0 1.8139425509122321e-06 0.0
vn 0.0 2.064657407435626e-06 0.0
vn 0.0 1.8980017485086796e-06 0.0
vn 0.0 2.065057396811517e-06 0.0
vn 0.0 1.813676058084478e-06 0.0
vn 0.0 1.8978989946848802e-06 0.0
vn 0.0 2.066207069935609e-06 0.0
vn 0.0 1.812880241860923e-06 0.0
vn 0.0 1.8977190296175437e-06 0.0
vn 0.0 1.8642900476088046e-06 0.0
vn 0.0 2.068155322431878e-06 0.0
vn 0.0 1.8979862854611e-06 0.0
vn 0.0 1.813532866238909e-06 0.0
vn 0.0 2.0618073386484753e-06 0.0
vn 0.0 2.2388123039720856e-07 0.0
vn 0.0 2.6512966301399144e-06 0.0
vn 0.0 2.395902193875834e-07 0.0
vn 0.0 3.0994189251685703e-07 0.0
vn 0.0 2.895031344681536e-07 0.0
vn 0.0 1.8978669215615719e-06 0.0
vn 0.0 2.0647035255921204e-06 0.0
vn 0.0 2.0652559464523054e-06 0.0
vn 0.0 2.0666048105683546e-06 0.0
vn 0.0 3.704274517420833e-06 0.0
vn 0.0 1.4069314852932494e-06 0.0
vn 0.0 1.5869816695832124e-06 0.0
vn 0.0 1.1972543276636401e-06 0.0
vn 0.0 1.039234526794044e-06 0.0
vn 0.0 1.252157942246848e-06 0.0
vn 0.0 9.206262016615833e-07 0.0
vn 0.0 1.5831061277206917e-06 0.0
vn 0.0 9.670352561487481e-09 0.0
vn 0.0 6.57793236159343e-07 0.0
vn 0.0 4.0942280856269504e-07 0.0
vn 0.0 3.1052769941924894e-07 0.0
vn 0.0 3.3776927292530905e-07 0.0
vn 0.0 3.4455221173610596e-07 0.0
vn 0.0 4.5711680349110415e-07 0.0
vn 0.0 6.600846593481879e-07 0.0
vn 0.0 2.1856270365009157e-07 0.0
vn 0.0 2.919045568955986e-07 0.0
vn 0.0 8.944508564432876e-07 0.0
vn 0.0 6.699335431651104e-07 0.0
vn 0.0 7.309778217142285e-07 0.0
vn 0.0 8.059691850665909e-07 0.0
vn 0.0 5.910955337774266e-07 0.0
vn 0.0 6.232111859364134e-07 0.0
vn 0.0 2.98713076487409e-07 0.0
vn 0.0 3.698938782563404e-07 0.0
vn 0.0 1.8826168202104305e-06 0.0
vn 0.0 1.1700628447874945e-06 0.0
vn 0.0 4.1856037843334995e-07 0.0
vn 0.0 1.0925291863452732e-06 0.0
vn 0.0 1.6836508774327928e-06 0.0
vn 0.0 6.1753007860241e-07 0.0
vn 0.0 2.4177444066434715e-06 0.0
vn 0.0 4.936009728895723e-07 0.0
vn 0.0 7.628765311264235e-07 0.0
vn 0.0 3.931281880031293e-07 0.0
vn 0.0 3.229258967824489e-07 0.0
vn 0.0 2.5100218864706653e-07 0.0
vn 0.0 3.8787770158740435e-07 0.0
vn 0.0 5.952695483562904e-07 0.0
vn 1.1355497127641574e-06 0.0 -9.271241115095584e-08
vn 1.1355497127641574e-06 0.0 -9.271241115095584e-08
vn 5.170377590256836e-07 6.989481330786481e-09 -7.157577301659598e-08
vn 8.417379672158322e-07 7.453534936829045e-09 -2.7845529526383176e-07
vn 1.115495291023681e-06 0.0 -2.1470898442620553e-07
vn 1.4111370294689821e-06 0.0 -4.656582321013662e-07
vn 1.1355497127641574e-06 0.0 9.271241115095584e-08
vn 1.1355497127641574e-06 0.0 9.271241115095584e-08
vn 1.1205088964588003e-06 0.0 1.842098411073931e-07
vn 4.848859813779812e-07 7.362637285416608e-09 7.870659028116766e-08
vn 6.049492121788607e-07 9.18416494354371e-09 1.8690898889532823e-07
vn 1.5130266792408285e-06 0.0 5.289752191138781e-07
vn 1.0644835768056262e-05 0.0 0.0
vn 1.0644835768056262e-05 0.0 0.0
vn 1.0644835768056262e-05 0.0 0.0
vn 1.0644835768056262e-05 0.0 0.0
vn -5.215294008497636e-07 1.0714859100800992e-08 1.7210927520057787e-07
vn -6.664925285439295e-07 5.259026632440434e-09 1.0885037623151778e-07
vn -1.4111370294689823e-06 0.0 4.656582321013662e-07
vn -1.1205088964588003e-06 0.0 1.842098411073931e-07
vn -1.1355497127641574e-06 0.0 9.271241115095584e-08
vn -1.1355497127641574e-06 0.0 9.271241115095584e-08
vn 1.6165177370900883e-06 0.0 8.715376092401921e-07
vn 8.633974939722383e-07 9.966697656638243e-09 4.3842734916524004e-07
vn 8.26706813068874e-07 9.966355700846645e-09 5.042150581214179e-07
vn 1.4619077640721398e-06 0.0 1.1115342242424216e-06
vn 7.850141315541958e-07 9.966241709014205e-09 5.669454817498118e-07
vn 7.385709067850699e-07 9.966274003961473e-09 6.262436039559245e-07
vn 6.876591839645285e-07 9.965371697213779e-09 6.817670218283911e-07
vn 1.3710862508516643e-06 0.0 1.2218171326679534e-06
vn 1.6793707615035946e-06 0.0 7.432480564446154e-07
vn 8.948635978072522e-07 9.966513584291234e-09 3.699902274621034e-07
vn 1.5438842253227219e-06 0.0 9.945577930456223e-07
vn 6.325860048476335e-07 9.965700857323203e-09 7.331498635370415e-07
vn 1.271967929236019e-06 0.0 1.3246944414316582e-06
vn 1.165153057791544e-06 0.0 1.4195519842154272e-06
vn 5.736855341398365e-07 9.965438646944125e-09 7.801023310046631e-07
vn 2.8460767588576384e-07 0.0 1.8141538436000037e-06
vn 2.117482605948202e-07 9.96582320074312e-09 9.449208674551189e-07
vn 1.5008344239951317e-07 9.984514707741728e-09 9.566658841593663e-07
vn 2.9649715841972733e-07 9.956438955150645e-09 9.217080341173222e-07
vn 6.744703297776189e-07 0.0 1.7081567479595315e-06
vn 3.788826571816264e-07 9.965627421076028e-09 8.911509993937212e-07
vn 8.052031964039307e-07 0.0 1.6505586284743323e-06
vn 4.470048772737714e-07 9.965733587615312e-09 8.590064373555208e-07
vn 8.778448602568458e-08 9.965543638416142e-09 9.64361303277597e-07
vn 2.3825647710092265e-08 0.0 1.8363305882603924e-06
vn 1.189830416219955e-07 0.0 1.8326277884294786e-06
vn 4.47938087417758e-07 0.0 1.78102891674725e-06
vn 6.038972311495431e-07 7.987835524466741e-09 9.693208007451284e-07
vn 9.310633431205409e-07 0.0 1.5829825315601566e-06
vn 1.0512886251305218e-06 0.0 1.5058200995068118e-06
vn 5.623385248319482e-07 0.0 1.7481176129616646e-06
vn -2.3825647710092265e-08 0.0 1.8363305882603924e-06
vn -6.274018110412056e-08 9.965596016220994e-09 9.663136740190174e-07
vn -1.3766033890959023e-07 9.96562170641711e-09 9.585175424950341e-07
vn -1.664891401137142e-07 0.0 1.8289249885985647e-06
vn -2.8455488575841914e-07 9.965848067543287e-09 9.255982628330582e-07
vn -4.47938087417758e-07 0.0 1.78102891674725e-06
vn -2.117482605948202e-07 9.965823200743117e-09 9.449208674551189e-07
vn -3.081451549792074e-07 0.0 1.810464395210788e-06
vn -7.18560684434931e-07 0.0 1.690078895900431e-06
vn -3.556390899655425e-07 9.965754294386316e-09 9.006813978773581e-07
vn -4.245722416736059e-07 9.965614387409382e-09 8.703105994944615e-07
vn -5.654559036360736e-07 8.542176568554864e-09 9.345244765614862e-07
vn -8.477553537156183e-07 0.0 1.6291162131073342e-06
vn -5.850190082614011e-07 0.0 1.740823275313987e-06
vn -5.004958638391428e-07 1.1378500718070283e-08 6.799214372163734e-07
vn -1.0512886251305218e-06 0.0 1.5058200995068118e-06
vn -1.271967929236019e-06 0.0 1.3246944414316582e-06
vn -7.468316374101644e-07 7.987859035270814e-09 8.640126213471229e-07
vn -6.876591839645285e-07 9.965371697213779e-09 6.817670218283911e-07
vn -7.385709067850699e-07 9.966274003961475e-09 6.262436039559245e-07
vn -1.3710862508516643e-06 0.0 1.2218171326679534e-06
vn -6.382966931885752e-07 1.1959490050817047e-08 4.7334450716724276e-07
vn -1.4760811538996797e-06 0.0 1.0923882568474805e-06
vn -8.140653620986628e-07 9.966355700846645e-09 5.244113389299354e-07
vn -1.5691671272631444e-06 0.0 9.541652314285871e-07
vn -8.523636400289775e-07 9.966697656638246e-09 4.5954487945092007e-07
vn -1.165153057791544e-06 0.0 1.4195519842154272e-06
vn -1.0042621056723779e-06 8.542725929392486e-09 4.295726932671561e-07
vn -1.63858544497661e-06 0.0 8.29302548668832e-07
vn -9.514412591671585e-07 0.0 1.5706368984700667e-06
vn -1.6887295658238264e-06 0.0 7.21338340618187e-07
vn -1.1355497127641574e-06 0.0 -9.271241115095584e-08
vn -1.1255225018939192e-06 0.0 -1.5371069778858066e-07
vn -1.1355497127641574e-06 0.0 -9.271241115095584e-08
vn -5.88047450730415e-07 6.135348764617625e-09 -1.1317552115568952e-07
vn -9.386741715464567e-07 6.463390636679994e-09 -3.27567954110614e-07
vn -1.3092473796971358e-06 0.0 -4.0234124508885424e-07
vn -1.0644835768056262e-05 0.0 0.0
vn -1.0644835768056262e-05 0.0 0.0
vn -1.0644835768056262e-05 0.0 0.0
vn -1.0644835768056262e-05 0.0 0.0
vn -6.242837401140151e-07 1.3275876958964878e-08 -2.666620328106067e-07
vn -1.6887295658238264e-06 0.0 -7.21338340618187e-07
vn -8.633974939722383e-07 9.966697656638243e-09 -4.3842734916524004e-07
vn -7.850141315541958e-07 9.966241709014205e-09 -5.669454817498118e-07
vn -1.5438842253227219e-06 0.0 -9.945577930456223e-07
vn -8.26706813068874e-07 9.966355700846645e-09 -5.042150581214179e-07
vn -1.6165177370900883e-06 0.0 -8.715376092401921e-07
vn -8.244677606827694e-07 8.54252057482412e-09 -7.164677490316178e-07
vn -1.4619077640721398e-06 0.0 -1.1115342242424216e-06
vn -6.706889452562918e-07 9.965371697213779e-09 -6.98487477314861e-07
vn -1.3059084066524926e-06 0.0 -1.2912535304587183e-06
vn -6.143674063406332e-07 9.965700857323203e-09 -7.485040214897488e-07
vn -1.201590254805545e-06 0.0 -1.3888436683100125e-06
vn -9.514412591671585e-07 0.0 -1.5706368984700667e-06
vn -4.110617614236397e-07 1.1959047195976815e-08 -6.800795077980542e-07
vn -4.4584832032944974e-07 9.965614387409382e-09 -8.595893918109624e-07
vn -5.396580414024954e-07 0.0 -1.7554119506093418e-06
vn -3.084683233354527e-07 9.965835926394195e-09 -9.179075842805752e-07
vn -2.361877909922204e-07 9.96583835413895e-09 -9.391069724974883e-07
vn -4.4636752521563893e-07 7.98751640602864e-09 -1.0512029470330504e-06
vn -6.744703297776189e-07 0.0 -1.7081567479595315e-06
vn -5.543287252280811e-07 9.965438646944125e-09 -7.939922808511556e-07
vn -8.778448602568458e-08 9.965543638416142e-09 -9.64361303277597e-07
vn -2.3825647710092265e-08 0.0 -1.8363305882603924e-06
vn -1.189830416219955e-07 0.0 -1.8326277884294786e-06
vn -1.0900022429540327e-06 0.0 -1.4780401998138268e-06
vn -8.052031964039307e-07 0.0 -1.6505586284743323e-06
vn -1.3867049342430134e-06 0.0 -1.203819389259041e-06
vn -2.610701967923202e-07 0.0 -1.8178432919892195e-06
vn -1.6247731909312563e-07 9.965787637677911e-09 -9.546276122730622e-07
vn -4.015791002919263e-07 0.0 -1.7920572075898033e-06
vn 2.3825647710092265e-08 0.0 -1.8363305882603924e-06
vn 4.015791002919263e-07 0.0 -1.7920572075898033e-06
vn 1.6874030666051945e-07 8.541961462643237e-09 -1.0791701076289373e-06
vn 2.3492775415773604e-07 9.96582320074312e-09 -9.394067220338422e-07
vn 5.654559036360736e-07 8.542176568554864e-09 -9.345244765614862e-07
vn 8.477553537156184e-07 0.0 -1.6291162131073342e-06
vn 4.245722416736059e-07 9.965614387409382e-09 -8.703105994944615e-07
vn 2.078833696156537e-07 1.327525194020086e-08 -6.462381745025414e-07
vn 5.623385248319482e-07 0.0 -1.7481176129616646e-06
vn 4.199133124212517e-07 7.98751640602864e-09 -1.0620496582685106e-06
vn 7.18560684434931e-07 0.0 -1.690078895900431e-06
vn 4.6267946881229516e-07 1.1958526376332948e-08 -6.460707371814274e-07
vn 1.0706454340422773e-06 0.0 -1.4919301496603194e-06
vn 6.274018110412056e-08 9.965596016220994e-09 -9.663136740190174e-07
vn 1.664891401137142e-07 0.0 -1.8289249885985647e-06
vn 1.63858544497661e-06 0.0 -8.29302548668832e-07
vn 8.523636400289775e-07 9.966697656638246e-09 -4.5954487945092007e-07
vn 8.855047934870205e-07 9.966513584291234e-09 -3.918999432885318e-07
vn 1.5691671272631444e-06 0.0 -9.541652314285871e-07
vn 8.140653620986628e-07 9.966355700846645e-09 -5.244113389299354e-07
vn 1.3059084066524926e-06 0.0 -1.2912535304587183e-06
vn 6.706889452562918e-07 9.965371697213779e-09 -6.98487477314861e-07
vn 7.229522233937209e-07 9.966274003961473e-09 -6.44241347364837e-07
vn 7.708407417266559e-07 9.966241709014205e-09 -5.860914491447528e-07
vn 1.4023236176343624e-06 0.0 -1.1858216458501286e-06
vn 1.4902545437272196e-06 0.0 -1.0732422894525394e-06
vn 1.2015902548055447e-06 0.0 -1.3888436683100125e-06
vn 6.143674063406332e-07 9.965700857323201e-09 -7.485040214897488e-07
vn 1.6980883701440581e-06 0.0 -6.994286247917586e-07
vn 2.8460767588576384e-07 0.0 -1.8141538436000037e-06
vn 9.514412591671585e-07 0.0 -1.5706368984700667e-06
vn -5.426076210164351e-07 0.0 -2.3453561057562217e-07
vn -5.521877064077041e-07 0.0 -2.1099840587311813e-07
vn -5.909925267335284e-07 0.0 -3.811342590494935e-08
vn -5.909925267335284e-07 0.0 -3.811342590494935e-08
vn -5.860946850002968e-07 0.0 -7.592854230695942e-08
vn -5.682441422883372e-07 0.0 -1.6288868701673255e-07
vn -5.747204927777012e-07 0.0 -1.3831617286285102e-07
vn -5.860946850002968e-07 0.0 -7.592854230695942e-08
vn -5.909925267335284e-07 0.0 3.811342590494935e-08
vn -5.844620710892195e-07 0.0 8.853358110762944e-08
vn -5.87727298911374e-07 0.0 6.33235035062894e-08
vn -5.909925267335284e-07 0.0 3.811342590494935e-08
vn -5.747204927777012e-07 0.0 1.3831617286285102e-07
vn -5.682441422883372e-07 0.0 1.6288868701673255e-07
vn -5.426076210164351e-07 0.0 2.3453561057562217e-07
vn -5.521877064077041e-07 0.0 2.1099840587311813e-07
vn 5.909925267335284e-07 0.0 -3.811342590494935e-08
vn 5.844620710892195e-07 0.0 -8.853358110762944e-08
vn 5.87727298911374e-07 0.0 -6.33235035062894e-08
vn 5.909925267335284e-07 0.0 -3.811342590494935e-08
vn 5.747204927777012e-07 0.0 -1.3831617286285102e-07
vn 5.682441422883372e-07 0.0 -1.6288868701673255e-07
vn 5.426076210164351e-07 0.0 -2.3453561057562217e-07
vn 5.521877064077041e-07 0.0 -2.1099840587311813e-07
vn 5.473976637120696e-07 0.0 2.2276700822437016e-07
vn 5.682441422883372e-07 0.0 1.6288868701673255e-07
vn 5.473976637120696e-07 0.0 2.2276700822437016e-07
vn 5.747204927777012e-07 0.0 1.3831617286285102e-07
vn 5.860946850002968e-07 0.0 7.592854230695942e-08
vn 5.909925267335284e-07 0.0 3.811342590494935e-08
vn 5.909925267335284e-07 0.0 3.811342590494935e-08
vn 5.860946850002968e-07 0.0 7.592854230695942e-08
vn 1.8789950122829914e-06 0.0 1.8566893343881692e-07
vn 1.8547663456195443e-06 0.0 3.0706785145650486e-07
vn 1.8789950122829914e-06 0.0 1.8566893343881692e-07
vn 9.519993648348244e-07 -7.401774518651857e-09 2.2033031950291804e-07
vn 1.7587889500239803e-06 0.0 6.641723208068764e-07
vn 8.904611901618565e-07 -7.402720147667961e-09 4.024080191921194e-07
vn 1.594773762758982e-06 0.0 9.955687839887962e-07
vn 6.891169159620859e-07 -8.43282004091996e-09 4.943438199189375e-07
vn -1.525798700031323e-06 0.0 1.098351980540725e-06
vn -7.186776571310825e-07 -8.43282004091996e-09 4.502938785395393e-07
vn -1.7112688877553106e-06 0.0 7.784789541218719e-07
vn -9.142212212961913e-07 -7.402720147667961e-09 3.452547025346217e-07
vn -1.830537678956097e-06 0.0 4.2846676947419287e-07
vn -1.8789950122829914e-06 0.0 1.8566893343881692e-07
vn -9.64113698166548e-07 -7.401774518651857e-09 1.5963086049407406e-07
vn -1.8789950122829914e-06 0.0 1.8566893343881692e-07
vn -1.8789950122829914e-06 0.0 -1.8566893343881692e-07
vn -1.8426520122878207e-06 0.0 -3.677673104653489e-07
vn -1.8789950122829914e-06 0.0 -1.8566893343881692e-07
vn -7.811374353432593e-07 -8.88212942238223e-09 -1.544232459051255e-07
vn -9.142212212961913e-07 -7.402720147667961e-09 -3.452547025346217e-07
vn -1.7112688877553106e-06 0.0 -7.784789541218719e-07
vn -1.525798700031323e-06 0.0 -1.098351980540725e-06
vn -7.186776571310825e-07 -8.43282004091996e-09 -4.502938785395393e-07
vn 8.109459046526553e-07 -7.3787175358049665e-09 -5.441490408586787e-07
vn 1.5602862313951526e-06 0.0 -1.0469603822647606e-06
vn 1.8789950122829914e-06 0.0 -1.8566893343881692e-07
vn 1.8789950122829914e-06 0.0 -1.8566893343881692e-07
vn 1.8426520122878207e-06 0.0 -3.677673104653489e-07
vn 1.7112688877553106e-06 0.0 -7.784789541218719e-07
vn 9.142212212961913e-07 -7.402720147667962e-09 -3.452547025346217e-07
vn 7.811374353432593e-07 -8.88212942238223e-09 -1.544232459051255e-07
vn -2.3757909240499343e-21 -1.6725062928659582e-19 9.519984463003554e-06
vn -2.3757909240499343e-21 -1.6725062928659582e-19 9.519984463003554e-06
vn -2.3757909240499343e-21 -1.6725062928659582e-19 9.519984463003554e-06
vn -2.3757909240499343e-21 -1.6725062928659582e-19 9.519984463003554e-06
vn -2.2400003653764922e-05 0.0 0.0
vn -2.2400003653764922e-05 0.0 0.0
vn -2.2400003653764922e-05 0.0 0.0
vn -2.2400003653764922e-05 0.0 0.0
vn 0.0 0.0 -6.383997623353694e-05
vn 0.0 0.0 -6.383997623353694e-05
vn 0.0 0.0 -6.383997623353694e-05
vn 0.0 0.0 -6.383997623353694e-05
vn 2.2400003653764922e-05 0.0 0.0
vn 2.2400003653764922e-05 0.0 0.0
vn 2.2400003653764922e-05 0.0 0.0
vn 2.2400003653764922e-05 0.0 0.0
vn 2.157022351200707e-06 0.0 3.558960541455493e-07
vn 2.129033054490472e-06 0.0 4.966309403826969e-07
vn 2.1850116479109423e-06 0.0 2.1516116790840176e-07
vn 2.046139955489671e-06 0.0 7.698975865189436e-07
vn 1.991236153199105e-06 0.0 9.024293464180425e-07
vn 1.7769170162711498e-06 0.0 1.2735923301371822e-06
vn 1.8566246835898443e-06 0.0 1.1542767182271617e-06
vn 2.1850116479109423e-06 0.0 2.1516116790840176e-07
vn 1.5957609156948472e-06 0.0 1.4943361812478673e-06
vn 1.4943124824372388e-06 0.0 1.5957644204485316e-06
vn 1.1542822256972374e-06 0.0 1.8566409278450173e-06
vn 1.273573137438434e-06 0.0 1.7769167937471065e-06
vn 7.698934141931287e-07 0.0 2.0461388428694538e-06
vn 9.024423640745847e-07 0.0 1.991251952406191e-06
vn 2.1520489387653938e-07 -1.9193642645194557e-20 2.1850223290650282e-06
vn 3.5591808402158373e-07 -1.2795761763463037e-20 2.1570234638209248e-06
vn 4.966312741669955e-07 0.0 2.129024598576821e-06
vn 2.1520489387543747e-07 -3.8387285290389114e-20 2.1850223290650282e-06
vn 2.1520389252474576e-07 0.0 -2.1850223290650282e-06
vn 3.559174164537214e-07 0.0 -2.1570234638209248e-06
vn 2.1520389252474576e-07 0.0 -2.1850223290650282e-06
vn 4.966309403826969e-07 0.0 -2.129024598576821e-06
vn 8.36168807045536e-07 0.0 -2.0186953976378226e-06
vn 1.273572748021358e-06 0.0 -1.7769167937471065e-06
vn 1.1542829489003787e-06 0.0 -1.856640927845017e-06
vn 8.36168807045536e-07 0.0 -2.0186953976378226e-06
vn 1.545036949405592e-06 0.0 -1.5450503008481995e-06
vn 1.545036949405592e-06 0.0 -1.5450503008481995e-06
vn 1.856624016017714e-06 0.0 -1.1542767182271617e-06
vn 1.9912350405788883e-06 0.0 -9.024293464180425e-07
vn 1.7769176838432803e-06 0.0 -1.2735923301371822e-06
vn 2.046139732965628e-06 0.0 -7.698975865189436e-07
vn 2.129033499538559e-06 0.0 -4.966309403826969e-07
vn 2.1850116479109423e-06 0.0 -2.1516116790840176e-07
vn 2.1570225737247505e-06 0.0 -3.558960541455493e-07
vn 2.1850116479109423e-06 0.0 -2.1516116790840176e-07
vn -2.1570225737247505e-06 0.0 -3.558960541455493e-07
vn -2.1850116479109423e-06 0.0 -2.1516116790840176e-07
vn -2.1850116479109423e-06 0.0 -2.1516116790840176e-07
vn -1.991235040578888e-06 0.0 -9.024293464180425e-07
vn -1.8566240160177142e-06 0.0 -1.1542767182271617e-06
vn -2.046139732965628e-06 0.0 -7.698975865189436e-07
vn -2.129033499538559e-06 0.0 -4.966309403826969e-07
vn -1.7769176838432803e-06 0.0 -1.2735923301371822e-06
vn -1.4943121486511736e-06 0.0 -1.5957644204485316e-06
vn -1.59576175016001e-06 0.0 -1.4943361812478673e-06
vn -9.024435879568237e-07 0.0 -1.991251952406191e-06
vn -1.273572748021358e-06 0.0 -1.7769167937471065e-06
vn -1.1542829489003785e-06 0.0 -1.8566409278450173e-06
vn -3.559174164537214e-07 0.0 -2.1570234638209248e-06
vn -2.1520389252474576e-07 0.0 -2.1850223290650282e-06
vn -4.966309403826969e-07 0.0 -2.129024598576821e-06
vn -7.698940261342482e-07 0.0 -2.0461388428694538e-06
vn -2.1520389252474576e-07 0.0 -2.1850223290650282e-06
vn -7.698934141931287e-07 0.0 2.0461388428694538e-06
vn -9.024423640745846e-07 0.0 1.991251952406191e-06
vn -4.966312741662556e-07 0.0 2.129024598576821e-06
vn -2.1520489387652347e-07 -1.9193642645194557e-20 2.1850223290650282e-06
vn -3.5591808402157315e-07 -1.2795761763463037e-20 2.1570234638209248e-06
vn -2.1520489387762535e-07 -3.8387285290389114e-20 2.1850223290650282e-06
vn -1.1542822256972374e-06 0.0 1.856640927845017e-06
vn -1.273573137438434e-06 0.0 1.7769167937471065e-06
vn -2.157022351200707e-06 0.0 3.558960541455493e-07
vn -2.1850116479109423e-06 0.0 2.1516116790840176e-07
vn -2.1850116479109423e-06 0.0 2.1516116790840176e-07
vn -1.5957609156948472e-06 0.0 1.4943361812478673e-06
vn -1.4943124824372388e-06 0.0 1.5957644204485316e-06
vn -1.991236153199105e-06 0.0 9.024293464180425e-07
vn -2.046139955489671e-06 0.0 7.698975865189436e-07
vn -1.8566246835898443e-06 0.0 1.1542767182271617e-06
vn -1.7769170162711498e-06 0.0 1.2735923301371824e-06
vn -2.129033054490472e-06 0.0 4.966309403826969e-07
vn 7.49019986800371e-08 -1.4897074081063222e-08 -7.401283194712207e-09
vn 7.022315465443855e-08 -2.3711676844538528e-08 -6.939386036542547e-09
vn 2.071206515488294e-08 -5.789872964069772e-08 -9.212021156630962e-09
vn 2.4009981096812824e-08 -5.8185691515711364e-08 -5.264892966116198e-09
vn 1.1342503605527234e-08 -5.856616568579292e-08 -2.687074208242399e-09
vn 1.1886606611853676e-08 -5.976080028439866e-08 -1.1746875631558918e-09
vn 1.0317788577296872e-08 -5.617664807736048e-08 -4.28947522598453e-09
vn 6.618951370246137e-08 -2.7783156233055307e-08 -1.348069710853914e-08
vn 2.926743298357113e-08 -5.863027058313861e-08 -2.892232299401431e-09
vn 5.348753103134966e-08 -4.659801808557201e-08 -5.285621521342567e-09
vn 4.8051319383555144e-08 -4.861005781266578e-08 -1.0034038542200369e-08
vn 4.515795520364108e-08 -4.8610184162107074e-08 -1.9244840450560287e-08
vn 6.227080365584736e-08 -2.778200886566542e-08 -2.617471194925758e-08
vn 9.904421163352624e-09 -5.8565575396390564e-08 -6.146045859418778e-09
vn 1.783551401539047e-08 -5.805192853750432e-08 -1.223370480964687e-08
vn 3.710499508107106e-08 -5.062397871573886e-08 -2.4897954434474156e-08
vn 9.215938248950125e-09 -5.975927126904565e-08 -7.598519712382885e-09
vn 6.482678749673852e-08 -3.951413659206589e-08 -6.413876779015379e-08
vn 2.597391238752881e-08 -7.967414634495495e-08 -2.4928665841206664e-08
vn 5.3868930240394814e-08 -3.185225129124808e-08 -3.6146534955544674e-08
vn 4.7867170678997865e-08 -6.940629120679762e-08 -4.717894898665676e-08
vn 1.223286770557492e-06 -4.1420522080343635e-07 0.0
vn 1.1578922565175664e-06 -5.721077941229947e-07 0.0
vn 9.112412089974123e-07 -9.112412089974124e-07 0.0
vn 1.2886812845974175e-06 -2.56302647483878e-07 0.0
vn 1.2886812845974175e-06 -2.56302647483878e-07 0.0
vn 9.112412089974123e-07 -9.112412089974124e-07 0.0
vn 5.720992301478716e-07 -1.1578836925424434e-06 0.0
vn 2.563283394092473e-07 -1.2887069765227868e-06 0.0
vn 4.1421378477855946e-07 -1.2232953345326152e-06 0.0
vn 2.563283394092473e-07 -1.2887069765227868e-06 0.0
vn 6.568570266888229e-08 -4.784552437258964e-08 -9.532221352754323e-08
vn 7.558633440970962e-08 -4.343018315793911e-08 -9.057804417815978e-08
vn 1.5820987841353074e-08 -1.186170815629485e-07 -1.7541623463500725e-08
vn 1.4548560881759214e-08 -1.1802256740631514e-07 -1.842797466521457e-08
vn 3.152190842161617e-08 -1.1015507047943067e-07 -3.833151525883669e-08
vn 2.530013629731467e-08 -1.1107343505203119e-07 -3.871270361875229e-08
vn 1.2678681671722657e-08 -1.1802274680476844e-07 -1.9761155276997972e-08
vn 2.1397138957783267e-08 -1.11073444683581e-07 -4.099905438452175e-08
vn 1.0687506884662046e-08 -1.1802110691775644e-07 -2.0905112126908528e-08
vn 4.0745572648538594e-08 -8.704718093204364e-08 -7.719153822457387e-08
vn 4.809180859843722e-08 -8.704760324927891e-08 -7.284200122394467e-08
vn 4.589632693185123e-08 -4.7845217540577256e-08 -1.0627514067790958e-07
vn 2.4354914643925992e-08 -4.784578850745968e-08 -1.1317105911120047e-07
vn 1.3182326527871019e-08 -4.784586576904194e-08 -1.1500910579022296e-07
vn 3.529447467351052e-08 -4.784553162308208e-08 -1.102508148234328e-07
vn 8.594098031883689e-09 -1.1802131471306232e-07 -2.1849295143312413e-08
vn 1.7289466548254562e-08 -1.1107343357683067e-07 -4.2893415132734333e-08
vn 1.3016380076685983e-08 -1.1107279695776377e-07 -4.437711586594317e-08
vn 8.61876224784805e-09 -1.1107345011205224e-07 -4.543663751407219e-08
vn 6.418460323762062e-09 -1.180212556431948e-07 -2.258431573035199e-08
vn 4.181415633326774e-09 -1.1802288214244355e-07 -2.3103495402314105e-08
vn 4.138692888116715e-09 -1.1107357707813101e-07 -4.606122057915432e-08
vn 1.9043726208485444e-09 -1.1802198116780255e-07 -2.34013171492618e-08
vn -3.908910428688475e-10 -1.180217474215787e-07 -2.347536122999465e-08
vn -3.809760899386564e-10 -1.1107297806121664e-07 -4.6244980848188864e-08
vn 5.6059161171045626e-08 -4.784564983800198e-08 -1.0128311195647654e-07
vn 3.300959016734738e-08 -8.704707314417832e-08 -8.080281898069997e-08
vn 5.924250765361739e-08 -8.187974018332276e-08 -7.252352222616201e-08
vn 2.4957808181588577e-08 -8.704763013576384e-08 -8.364143406425977e-08
vn 1.6667240421635568e-08 -8.704696342030176e-08 -8.56792360182446e-08
vn 8.217219030428804e-09 -8.704737762848147e-08 -8.689778114206286e-08
vn -3.1139685524198546e-10 -8.704682076301258e-08 -8.72844048638831e-08
vn 1.88365768106232e-09 -4.784552396331698e-08 -1.1574652261711762e-07
vn -4.896995684079868e-09 -1.1107359713552272e-07 -4.598688308812685e-08
vn -8.83705547555962e-09 -8.704713838345213e-08 -8.683683547430198e-08
vn -1.0724749156939346e-08 -4.4596131784709815e-08 -1.1674730737262161e-07
vn -2.2679550496680825e-08 -4.7845896178909674e-08 -1.1350334995877077e-07
vn -2.0477309285961853e-09 -2.505088547378791e-08 -1.2593908645014208e-07
vn -2.6824101570785895e-09 -1.180225009380107e-07 -2.332504690662456e-08
vn -9.366168114815193e-09 -1.1107348949378289e-07 -4.528836126908429e-08
vn -4.948273965210878e-09 -1.1802191432842424e-07 -2.2951342075631696e-08
vn -1.3745739049574255e-08 -1.1107332525539506e-07 -4.4156793547476906e-08
vn -7.16679553675695e-09 -1.1802148999332322e-07 -2.2358215112584747e-08
vn -2.5553972793260215e-08 -8.704713339457005e-08 -8.346092597881535e-08
vn -1.727815332924525e-08 -8.704728357641277e-08 -8.555844350764741e-08
vn -5.445054871659438e-08 -4.459562695481587e-08 -1.0382738125397355e-07
vn -6.426372060609531e-08 -4.784581566558039e-08 -9.626813893223443e-08
vn -6.72328667991114e-08 -3.2043680444589664e-08 -6.680669959722975e-08
vn -2.206971108335318e-08 -1.1107291061187048e-07 -4.064103022350599e-08
vn -9.316753741389121e-09 -1.1802122920842562e-07 -2.1550989448124632e-08
vn -1.1377574729550822e-08 -1.1802202413233636e-07 -2.0537795412684774e-08
vn -1.799378818281947e-08 -1.1107312326327224e-07 -4.26026006575037e-08
vn -2.4333785393490296e-08 -1.1310416529295526e-07 -2.9788864598886393e-08
vn -1.332955575851763e-08 -1.1802270393360943e-07 -1.9328021602122793e-08
vn -1.4701261674888219e-08 -1.1683015997430236e-07 -1.7997067152243777e-08
vn -2.5934502463442232e-08 -1.1107354885772037e-07 -3.829073751639104e-08
vn -4.2413928680055544e-08 -4.784534110817716e-08 -1.0771256003956962e-07
vn -1.5820987841353074e-08 -1.1861708156294848e-07 -1.7541623463500725e-08
vn -3.358528854907123e-08 -8.704742146370496e-08 -8.056547739540206e-08
vn -4.129532670765969e-08 -8.704762399121705e-08 -7.689859042381619e-08
vn -3.190689829153732e-08 -5.239496211629432e-08 -1.0909551562763917e-07
vn -4.861031545071141e-08 -8.70471917222898e-08 -7.249714965672114e-08
vn -5.119563804262872e-08 -9.221462277579626e-08 -6.267269986653538e-08
vn -2.9459397769316298e-08 -8.383627472709477e-08 -2.9438155899778958e-08
vn -7.095496779229866e-08 -5.5316043480752066e-08 -8.686156836288299e-08
vn -5.213177017721325e-08 -6.423828356512462e-08 -5.190731619248403e-08
vn 2.066585561033856e-08 -5.8185116692874207e-08 1.330868625100165e-08
vn 9.215938248950125e-09 -5.975927126904565e-08 7.598519712382885e-09
vn 9.904421163352626e-09 -5.856557539639058e-08 6.146045859418778e-09
vn 6.152663639477426e-08 -2.77819793831792e-08 2.7964874746317063e-08
vn 6.72328667991114e-08 -3.2043680444589664e-08 6.680669959722975e-08
vn 2.1138268608923687e-08 -5.7898654791615344e-08 8.18674954457192e-09
vn 5.213177017721324e-08 -6.423828356512462e-08 5.190731619248403e-08
vn 5.42210976186514e-08 -3.035876188924861e-08 3.778345504907159e-08
vn 4.1002420878570664e-08 -4.861032819273338e-08 2.6989223050171402e-08
vn 2.9459397769316298e-08 -8.383627472709477e-08 2.9438155899778958e-08
vn 4.549191303783329e-08 -4.861030551114602e-08 1.8441782755757098e-08
vn 1.0317788577296872e-08 -5.617664807736048e-08 4.28947522598453e-09
vn 1.1342503605527234e-08 -5.856616568579293e-08 2.687074208242399e-09
vn 2.1251779763502545e-08 -5.805267256535908e-08 4.016533124666987e-09
vn 1.1886606611853675e-08 -5.976080028439866e-08 1.1746875631558922e-09
vn 4.381993575186333e-08 -5.0623735474389414e-08 8.74582762130631e-09
vn 7.49019986800371e-08 -1.4897074081063222e-08 7.401283194712207e-09
vn 7.022315465443855e-08 -2.3711676844538528e-08 6.939386036542547e-09
vn 2.926743298357113e-08 -5.863027058313861e-08 2.892232299401431e-09
vn 6.481573987575984e-08 -2.9431167772753952e-08 1.4015020050969721e-08
vn 5.348753103134966e-08 -4.6598018085572024e-08 5.285621521342567e-09
vn -9.215938248950125e-09 -5.975927126904565e-08 -7.598519712382885e-09
vn -1.912700413588031e-08 -5.7898198199765835e-08 -1.2165889039861057e-08
vn -9.278644329820758e-09 -5.6177123300210734e-08 -6.225945713856647e-09
vn -4.100242087857067e-08 -4.861032819273338e-08 -2.6989223050171402e-08
vn -2.926743298357113e-08 -5.863027058313861e-08 -2.892232299401431e-09
vn -5.348753103134966e-08 -4.659801808557201e-08 -5.285621521342567e-09
vn -4.381993575186333e-08 -5.0623735474389414e-08 -8.74582762130631e-09
vn -7.022315465443856e-08 -2.3711676844538528e-08 -6.939386036542547e-09
vn -6.481573987575983e-08 -2.9431167772753952e-08 -1.4015020050969721e-08
vn -5.42210976186514e-08 -3.0358761889248613e-08 -3.7783455049071594e-08
vn -2.5466460621574415e-08 -5.858709645226974e-08 -9.745659272006877e-09
vn -4.549191303783329e-08 -4.861030551114602e-08 -1.8441782755757098e-08
vn -1.9500096780495942e-08 -5.7739995290066805e-08 -3.8920850503810805e-09
vn -1.1886606611853675e-08 -5.976080028439866e-08 -1.1746875631558922e-09
vn -6.152663639477426e-08 -2.7781979383179203e-08 -2.7964874746317063e-08
vn -1.0975864418839596e-08 -5.976011339346213e-08 -4.56307536351602e-09
vn -1.0957802563116711e-08 -5.617781217611965e-08 -2.187058886587611e-09
vn -7.49019986800371e-08 -1.4897074081063222e-08 -7.401283194712207e-09
vn -6.723286679911139e-08 -3.204368044458966e-08 6.680669959722975e-08
vn -6.39711754659652e-08 -4.784527851068254e-08 9.646281890613661e-08
vn -1.9757083788020694e-08 -1.1189563933384233e-07 3.8148734068390804e-08
vn -1.2678681671722657e-08 -1.1802274680476844e-07 1.9761155276997972e-08
vn -1.092109357676809e-08 -1.1682896483448608e-07 2.0512097761136315e-08
vn -7.308890998500822e-08 -4.78448305529702e-08 8.975156690427956e-08
vn -1.582098784135307e-08 -1.1861708156294848e-07 1.7541623463500725e-08
vn -2.8961089045509905e-08 -1.1107320986718494e-07 3.6055833436536057e-08
vn -2.9459397769316298e-08 -8.383627472709477e-08 2.9438155899778958e-08
vn -1.4548560881759214e-08 -1.1802256740631513e-07 1.842797466521457e-08
vn -2.5300136297314668e-08 -1.1107343505203119e-07 3.871270361875229e-08
vn -4.074557264853859e-08 -8.704718093204364e-08 7.719153822457387e-08
vn -4.8091808598437204e-08 -8.70476032492789e-08 7.284200122394467e-08
vn -4.399272273344793e-08 -4.784529075733303e-08 1.0706076669486309e-07
vn -2.233485945377157e-08 -4.7845985485234565e-08 1.1357177947351773e-07
vn -2.0477309285961845e-09 -2.505088547378791e-08 1.2593908645014208e-07
vn -1.1132831651110412e-08 -4.78457255025114e-08 1.1521031753256439e-07
vn -3.332321698042183e-08 -4.7845715552032087e-08 1.1084642104501913e-07
vn -1.693887024572571e-08 -1.1107336623904921e-07 4.3038115656519446e-08
vn -9.316753741389121e-09 -1.1802122920842564e-07 2.1550989448124632e-08
vn -7.16679553675695e-09 -1.1802148999332322e-07 2.2358215112584747e-08
vn -8.246724013606978e-09 -1.1107361470029239e-07 4.5510391225860995e-08
vn -4.948273965210878e-09 -1.1802191432842424e-07 2.2951342075631696e-08
vn -2.6824101570785895e-09 -1.180225009380107e-07 2.332504690662456e-08
vn -1.265332513165147e-08 -1.1107300675698986e-07 4.448687532679422e-08
vn -5.424139738116088e-08 -4.7845809639267914e-08 1.0225097206655429e-07
vn -3.761228384233697e-09 -1.110734226222691e-07 4.609824261952074e-08
vn -3.9089104286884746e-10 -1.1802174742157868e-07 2.347536122999465e-08
vn -5.4977908155402e-08 -8.704753907047602e-08 6.779515502033473e-08
vn -5.213177017721325e-08 -6.423828356512462e-08 5.190731619248403e-08
vn -3.300959016734738e-08 -8.704707314417832e-08 8.080281898069997e-08
vn -2.4957808181588577e-08 -8.704763013576384e-08 8.364143406425974e-08
vn -1.666724042163557e-08 -8.704696342030176e-08 8.56792360182446e-08
vn -8.217219030428804e-09 -8.70473776284815e-08 8.689778114206286e-08
vn 1.7569097509952926e-10 -4.784552396331698e-08 1.1574652261711762e-07
vn 3.1139685524198546e-10 -8.704682076301258e-08 8.72844048638831e-08
vn 7.60252375045488e-10 -1.1107297806121664e-07 4.6244980848188864e-08
vn 1.9043726208485444e-09 -1.1802198116780255e-07 2.34013171492618e-08
vn 2.2679550496680825e-08 -4.7845896178909674e-08 1.1350334995877081e-07
vn 1.4108793994608769e-08 -1.1107311545616898e-07 4.404703408662585e-08
vn 6.418460323762061e-09 -1.1802125564319483e-07 2.258431573035199e-08
vn 8.594098031883689e-09 -1.1802131471306232e-07 2.1849295143312413e-08
vn 1.1482533021681646e-08 -4.784580577815938e-08 1.1517576687329982e-07
vn 5.274460187962884e-09 -1.1107375159138462e-07 4.594986104776042e-08
vn 8.837055475559618e-09 -8.704713838345213e-08 8.683683547430198e-08
vn 9.73820634905627e-09 -1.1107332490554272e-07 4.521460755729549e-08
vn 4.181415633326774e-09 -1.1802288214244355e-07 2.3103495402314105e-08
vn 2.555397279326022e-08 -8.704713339457005e-08 8.346092597881535e-08
vn 1.7278153329245257e-08 -8.704728357641278e-08 8.55584435076474e-08
vn 4.431753287845884e-08 -4.784526789142138e-08 1.0692693402261611e-07
vn 6.426372060609531e-08 -4.784581566558039e-08 9.626813893223443e-08
vn 5.455155388287217e-08 -4.784524786616514e-08 1.0208568407807563e-07
vn 1.0687506884662046e-08 -1.1802110691775642e-07 2.0905112126908528e-08
vn 1.8344384485348322e-08 -1.1107319060105369e-07 4.2457900133718587e-08
vn 2.2404491352460793e-08 -1.1107319686868544e-07 4.046279208668305e-08
vn 2.4333785393490296e-08 -1.1310416529295526e-07 2.9788864598886393e-08
vn 1.3069801077667295e-08 -1.1861867133710086e-07 1.964331388053752e-08
vn 1.4701261674888219e-08 -1.1683015997430236e-07 1.7997067152243777e-08
vn 1.5820987841353074e-08 -1.1861708156294848e-07 1.7541623463500725e-08
vn 3.365956399769907e-08 -4.784546227410449e-08 1.1074481642487969e-07
vn 3.358528854907123e-08 -8.704742146370496e-08 8.056547739540206e-08
vn 4.129532670765969e-08 -8.704762399121705e-08 7.689859042381619e-08
vn 4.861031545071141e-08 -8.70471917222898e-08 7.249714965672114e-08
vn 2.87363160793125e-08 -1.0992246751009686e-07 4.195340834953576e-08
vn 5.119563804262872e-08 -9.221462277579626e-08 6.267269986653538e-08
vn 7.095496779229866e-08 -5.5316043480752066e-08 8.686156836288299e-08
vn -1.2886812845974175e-06 -2.56302647483878e-07 0.0
vn -1.223286770557492e-06 -4.1420522080343635e-07 0.0
vn -1.1578922565175664e-06 -5.721077941229947e-07 0.0
vn -1.2886812845974175e-06 -2.56302647483878e-07 0.0
vn -9.716600534908217e-07 -8.508309284791259e-07 0.0
vn -8.508223645040027e-07 -9.716514895156987e-07 0.0
vn -5.720992301478716e-07 -1.1578836925424434e-06 0.0
vn -2.563283394092473e-07 -1.2887069765227868e-06 0.0
vn -4.1421378477855946e-07 -1.2232953345326152e-06 0.0
vn -2.563283394092473e-07 -1.2887069765227868e-06 0.0
vn -2.2114509778048558e-08 -5.789867971541052e-08 4.97988606794982e-09
vn -1.1886606611853675e-08 -5.976080028439866e-08 1.1746875631558922e-09
vn -1.0957802563116713e-08 -5.617781217611965e-08 2.187058886587611e-09
vn -6.618951370246137e-08 -2.7783156233055307e-08 1.348069710853914e-08
vn -7.49019986800371e-08 -1.4897074081063222e-08 7.401283194712207e-09
vn -7.022315465443855e-08 -2.3711676844538528e-08 6.939386036542547e-09
vn -1.0915827614980676e-08 -5.8565770920186454e-08 4.088685101173679e-09
vn -5.348753103134966e-08 -4.659801808557201e-08 5.285621521342567e-09
vn -2.926743298357113e-08 -5.863027058313861e-08 2.892232299401431e-09
vn -4.8051319383555144e-08 -4.861005781266578e-08 1.0034038542200369e-08
vn -4.515795520364109e-08 -4.8610184162107074e-08 1.9244840450560287e-08
vn -2.2373795703119604e-08 -5.818555911176328e-08 1.0202383902910864e-08
vn -6.227080365584736e-08 -2.778200886566542e-08 2.617471194925758e-08
vn -9.904421163352626e-09 -5.8565575396390564e-08 6.146045859418778e-09
vn -1.783551401539047e-08 -5.805192853750432e-08 1.223370480964687e-08
vn -9.215938248950125e-09 -5.975927126904565e-08 7.598519712382885e-09
vn -3.710499508107106e-08 -5.062397871573886e-08 2.4897954434474156e-08
vn -5.3868930240394814e-08 -3.185225129124808e-08 3.6146534955544674e-08
vn 6.207933485035201e-08 1.234928134804945e-08 -5.068492160165835e-09
vn 5.584485594602765e-08 2.2887102936248953e-08 -4.559595352694107e-09
vn 5.551730593849348e-08 2.3304898003197933e-08 -9.12665787587784e-09
vn 4.174290271940231e-08 3.946100518277872e-08 -6.511001031793176e-09
vn 2.0508053642765878e-08 4.8084841772029175e-08 -1.6746678292435653e-09
vn 4.0682724472598154e-08 4.06815774464204e-08 -3.3217958070553354e-09
vn 9.721216507715826e-09 4.9529300300706374e-08 -1.5981906680534001e-09
vn 9.2610316385582e-09 4.6560423673456885e-08 -7.561207303072407e-10
vn 6.49846307725792e-08 2.799209480179777e-08 -2.001478326065256e-08
vn 5.2552525058287915e-08 5.750395952226193e-08 -1.8021697988233588e-08
vn 2.2204822659977393e-08 4.8556753836287924e-08 -4.189895613695795e-09
vn 2.2327872635910176e-08 6.892214208250702e-08 -7.463822670841145e-09
vn 9.015697102924117e-09 4.656056749732471e-08 -2.248617102726296e-09
vn 8.374920731331076e-08 4.0577153437154464e-08 -3.516662742180486e-08
vn 8.16735640300732e-08 3.80681406263413e-08 -4.2550222042596286e-08
vn 6.164254001057352e-08 6.925788063700863e-08 -3.1986898182034535e-08
vn 7.811907048066746e-08 3.806780549812707e-08 -4.877000920101899e-08
vn 7.409192224418124e-08 3.806793206190597e-08 -5.469463206895354e-08
vn 6.961643789991028e-08 3.806890973424245e-08 -6.028739538387292e-08
vn 6.471968830783969e-08 3.806829137661826e-08 -6.551703572566979e-08
vn 5.594010873225251e-08 6.925711185349396e-08 -4.115447946712214e-08
vn 6.090698404005909e-08 7.180085204441171e-08 -2.6475726411932987e-08
vn 3.283376294765484e-08 8.837438960429387e-08 -1.6613586230283297e-08
vn 5.896975209492565e-08 6.925752961992045e-08 -3.6681451351466684e-08
vn 2.9135516029915524e-08 8.902920615744642e-08 -1.7873193858152722e-08
vn 4.888580477626495e-08 6.925887899883571e-08 -4.9326680290268456e-08
vn 5.2572029481667656e-08 6.925798879412882e-08 -4.5377905386853364e-08
vn 2.601332606709259e-08 8.902875892507784e-08 -2.217311571173948e-08
vn 2.8704508054332333e-08 8.745826699418143e-08 -2.851121283778316e-08
vn 5.943134404498588e-08 3.8067972367683336e-08 -7.034910566637596e-08
vn 4.490377883525333e-08 6.92582505585523e-08 -5.297754422408447e-08
vn 3.277651749435013e-08 8.745915012162429e-08 -2.3717946245316736e-08
vn 5.3783417076589655e-08 3.806751966968417e-08 -7.475590128169989e-08
vn 4.7810014978792205e-08 3.806756817364755e-08 -7.871041151745685e-08
vn 4.15473420961187e-08 3.8068033033411024e-08 -8.218811645721608e-08
vn 3.4951706125665073e-08 3.548255544210039e-08 -8.648377665244205e-08
vn 2.14098264234175e-08 3.806800437765557e-08 -8.956960302569487e-08
vn 1.4382964739165916e-08 3.8067914794237926e-08 -9.096264512924398e-08
vn 7.269036881767816e-09 3.806774972517818e-08 -9.180530621434925e-08
vn 3.615040291743178e-08 6.925815889784856e-08 -5.929711310345534e-08
vn 4.065008717633342e-08 6.925819946192243e-08 -5.630716972867732e-08
vn 3.1431938944784864e-08 6.925804882351334e-08 -6.192748773798343e-08
vn 2.1843079589840096e-08 8.837389652866726e-08 -2.961312015610409e-08
vn 2.6523323100240776e-08 6.925843110721333e-08 -6.418315389583001e-08
vn 2.7076174003788785e-08 4.1687643799187495e-08 -8.628725781575748e-08
vn 2.1454237044222575e-08 6.925835808569578e-08 -6.605062382264356e-08
vn 1.0957999659277509e-08 6.92582025275262e-08 -6.857769247059785e-08
vn 1.1113450237442125e-10 3.806800028129104e-08 -9.209309061189297e-08
vn 5.594413448906003e-09 6.925804926795312e-08 -6.922160204284473e-08
vn 1.6255265484532943e-08 6.925829155433303e-08 -6.751847520975922e-08
vn 1.969582453104765e-10 6.92581811343898e-08 -6.944724404725872e-08
vn -1.2951637332758629e-09 1.993134169041571e-08 -1.0020198786687294e-07
vn 2.4078784465304157e-08 8.83743985443245e-08 -2.782582604627502e-08
vn 3.737377340241038e-08 8.745832308054221e-08 -1.5493280544471467e-08
vn 1.643986387544899e-08 9.39029361421852e-08 -8.869029027075409e-09
vn 1.5089539397260613e-08 9.437855816954738e-08 -1.1167226626998311e-08
vn 1.7263381959879182e-08 9.437676045623736e-08 -7.3740645186319276e-09
vn 1.3176434535355052e-08 9.437725474300787e-08 -1.337098172786882e-08
vn 1.1847415878436373e-08 9.3903025758951e-08 -1.4441789801290682e-08
vn 1.7973623355849816e-08 8.902903551439628e-08 -2.9073816995529434e-08
vn 1.0689031321618311e-08 9.390240914816313e-08 -1.5318994381266938e-08
vn 1.5672001350966712e-08 9.295453388123357e-08 -9.810405143686808e-09
vn 1.7285808423792324e-08 9.295594240126009e-08 -6.600957205097737e-09
vn 1.396214567586693e-08 9.295498192201308e-08 -1.2120725647023812e-08
vn 1.325036606896628e-08 8.902891131066976e-08 -3.150815634330629e-08
vn 1.8594537822866323e-08 8.745896342562735e-08 -3.593174179786574e-08
vn 8.44884701697548e-09 9.43782099817459e-08 -1.6763652470153693e-08
vn 1.2800916431142491e-08 8.745841968671481e-08 -3.837936176773591e-08
vn 6.177705701928934e-09 8.837442410112805e-08 -3.627540059299108e-08
vn 3.3393927931618907e-09 8.837432609336333e-08 -3.664575166801587e-08
vn 8.978651720525534e-09 8.837453796805654e-08 -3.568544821301363e-08
vn 4.808455922921197e-10 8.837467766948766e-08 -3.6794590883001686e-08
vn 7.012927218498744e-09 9.29549854617668e-08 -1.7107667076617402e-08
vn 9.579661647491256e-09 9.295479070073386e-08 -1.5814218615344897e-08
vn 5.7486200029705466e-09 9.437737065266165e-08 -1.7870466292637803e-08
vn 4.079828848380142e-09 9.390323562911768e-08 -1.822868477994798e-08
vn 2.65060870835207e-09 9.390297107648635e-08 -1.8490597567481436e-08
vn 1.2053275361062102e-09 9.390336334765179e-08 -1.8640718311555494e-08
vn -7.04748810685122e-09 3.8067749284982696e-08 -9.182257101081925e-08
vn -5.2016910682500776e-09 6.925803894882525e-08 -6.925234864678301e-08
vn -1.416339054473705e-08 3.8067778456724866e-08 -9.099706360374872e-08
vn -2.1193605445019978e-08 3.806783442278982e-08 -8.962106405979912e-08
vn -1.056884232235555e-08 6.925836611956642e-08 -6.863863720218542e-08
vn -3.58084445725764e-08 3.548267386040066e-08 -8.613265687416343e-08
vn -2.8095630214798357e-08 3.8068040604651975e-08 -8.77025534649471e-08
vn -4.251202460754541e-08 3.806769132954948e-08 -8.1701952877003e-08
vn -2.1079224502515006e-08 6.92580018535645e-08 -6.617107505684176e-08
vn -5.227634937621261e-09 8.837419646125218e-08 -3.642434081283009e-08
vn -1.5872048695325207e-08 6.925847388499754e-08 -6.760968744768384e-08
vn -8.043031636660552e-09 8.837469176665685e-08 -3.59079963732421e-08
vn -3.1080191800596036e-08 6.92586153338713e-08 -6.210484465924281e-08
vn -2.6158843372806592e-08 6.925833277081786e-08 -6.433270911361947e-08
vn -1.37330548102212e-08 8.837472128643236e-08 -3.41364596607958e-08
vn -1.782104044411599e-08 8.745876572183308e-08 -3.6321555286225284e-08
vn -4.8733973297657045e-08 3.806758013168503e-08 -7.815061179038929e-08
vn -3.5813481067009765e-08 6.925794267273863e-08 -5.950096944806332e-08
vn -1.0172240043602917e-08 8.902888487399496e-08 -3.263217255913779e-08
vn -2.3805982148727443e-09 8.837427814116012e-08 -3.672047690456271e-08
vn -5.466106919106001e-08 3.8067727756028405e-08 -7.412597189096136e-08
vn -6.548912931994718e-08 3.806820249896857e-08 -6.475860403944006e-08
vn -7.032460569668173e-08 3.8068582733576815e-08 -5.9471828648123045e-08
vn -6.025739155583953e-08 3.806819045240694e-08 -6.965317188630008e-08
vn -7.869225801209575e-08 3.806786062957898e-08 -4.785419829896298e-08
vn -6.910911452998569e-08 2.6846129858855237e-08 -2.2275739977053395e-08
vn -8.217383733765535e-08 3.8068317776826653e-08 -4.159295213348774e-08
vn -7.473454974497783e-08 3.8067485671556326e-08 -5.382626182173376e-08
vn -8.341859975908418e-08 4.168774979971366e-08 -3.492759769443861e-08
vn -4.033004067064981e-08 6.92578709614999e-08 -5.653704920755259e-08
vn -4.460257228915828e-08 6.925824272173887e-08 -5.323111511086892e-08
vn -4.8605235624914667e-08 6.925906002528468e-08 -4.960360505325628e-08
vn -5.5705796137795224e-08 6.92578979207444e-08 -4.147105023327453e-08
vn -5.8760731070779366e-08 6.925755678319495e-08 -3.7015347435510254e-08
vn -6.378760130290803e-08 6.925817175871119e-08 -2.7461142428602393e-08
vn -5.2855539321767517e-08 5.355159664640277e-08 -1.7796163551587195e-08
vn -6.146012256557372e-08 6.925793196616597e-08 -3.233599599367444e-08
vn -5.231377740762493e-08 6.925791253511301e-08 -4.567516506602196e-08
vn -1.7444449005553874e-08 8.90291083779216e-08 -2.9394428489379905e-08
vn -2.4723100779991235e-10 9.390313344555923e-08 -1.8677982326041965e-08
vn -3.1390879138338557e-09 9.390324179427967e-08 -1.8414036955900147e-08
vn -4.56089154708264e-09 9.390307667125658e-08 -1.811427941599212e-08
vn -1.6983014108677769e-09 9.390282929595015e-08 -1.860219603164481e-08
vn -2.1256650374393265e-08 8.837410664621654e-08 -3.00340261076845e-08
vn -8.44884701697548e-09 9.437820998174592e-08 -1.6763652470153693e-08
vn -2.3526836391887777e-08 8.837400814186767e-08 -2.829083478256589e-08
vn -6.8557317560899584e-09 9.390345838743184e-08 -1.737606477056799e-08
vn -5.661949410186253e-09 9.295402215217201e-08 -1.760100391255903e-08
vn -9.579661647491256e-09 9.295479070073386e-08 -1.5814218615344897e-08
vn -1.1847415878436373e-08 9.3903025758951e-08 -1.4441789801290682e-08
vn -1.068903132161831e-08 9.390240914816313e-08 -1.5318994381266938e-08
vn -2.560774041879469e-08 8.902896436669787e-08 -2.264021145480682e-08
vn -2.8087558333653836e-08 8.745854308405729e-08 -2.9119335110459448e-08
vn -1.3176434535355054e-08 9.437725474300787e-08 -1.337098172786882e-08
vn -3.226124881113963e-08 8.745868881640898e-08 -2.4414218958933057e-08
vn -3.0932802236932214e-08 8.837498219320224e-08 -1.993059564032959e-08
vn -3.374224226412735e-08 8.83748620422711e-08 -1.4675111385670416e-08
vn -2.811558684943515e-08 6.730725222339428e-08 -9.67399059278453e-09
vn -3.015011269155252e-08 8.902844020770095e-08 -1.6102803795851377e-08
vn -1.5089539397260613e-08 9.437855816954738e-08 -1.1167226626998311e-08
vn -1.396214567586693e-08 9.295498192201308e-08 -1.2120725647023813e-08
vn -1.596311134075974e-08 9.390302184084745e-08 -9.700936051779807e-09
vn -1.638713015300059e-08 9.295435569301466e-08 -8.562544606630214e-09
vn -1.7079510363074016e-08 9.390161725832701e-08 -7.564304571808947e-09
vn -1.75504025870435e-08 9.437724501232313e-08 -6.7021507820993015e-09
vn 5.819422229112179e-07 1.1576425965844877e-07 0.0
vn 5.228805614725919e-07 2.583444936762108e-07 0.0
vn 5.524113921919049e-07 1.870543766673298e-07 0.0
vn 5.819422229112179e-07 1.1576425965844877e-07 0.0
vn 4.387818913806353e-07 3.842024500577354e-07 0.0
vn 3.842140520079918e-07 4.3877028943037897e-07 0.0
vn 1.8705050935057764e-07 5.524152595086569e-07 0.0
vn 1.1575265770819235e-07 5.819538248614742e-07 0.0
vn 1.1575265770819235e-07 5.819538248614742e-07 0.0
vn 2.58348360992963e-07 5.228766941558397e-07 0.0
vn -4.174290271940231e-08 3.9461005182778715e-08 -6.511001031793175e-09
vn -4.0682724472598154e-08 4.06815774464204e-08 -3.3217958070553354e-09
vn -2.0508053642765878e-08 4.808484177202917e-08 -1.6746678292435653e-09
vn -9.721216507715826e-09 4.9529300300706374e-08 -1.5981906680534001e-09
vn -2.220482265997739e-08 4.8556753836287924e-08 -4.1898956136957944e-09
vn -9.2610316385582e-09 4.6560423673456885e-08 -7.561207303072407e-10
vn -5.682971172086519e-08 2.111377467216824e-08 -8.315024732735438e-09
vn -6.148865551846633e-08 1.2231867579970653e-08 -5.020318127537531e-09
vn -5.376669631125287e-08 2.6399651104284714e-08 -4.389963083536862e-09
vn -9.015697102924117e-09 4.656056749732471e-08 -2.248617102726296e-09
vn 5.521317014100057e-08 2.302618731395254e-08 9.260300713521994e-09
vn 6.589459634002042e-08 3.1120623508728974e-08 2.100321332558767e-08
vn 5.2855539321767517e-08 5.3551596646402783e-08 1.7796163551587192e-08
vn 4.0095533407549106e-08 4.028867738367942e-08 6.893633651415738e-09
vn 9.015697102924117e-09 4.656056749732471e-08 2.248617102726296e-09
vn 2.656847564577189e-08 7.097083047357766e-08 9.234985823114988e-09
vn 9.721216507715826e-09 4.952930030070637e-08 1.5981906680534003e-09
vn 2.220482265997739e-08 4.8556753836287924e-08 4.1898956136957944e-09
vn 5.8201476542484725e-08 1.9652902379105278e-08 4.751947189710952e-09
vn 4.433085584523927e-08 3.861950790517773e-08 3.619598976056156e-09
vn 6.207933485035201e-08 1.234928134804945e-08 5.068492160165835e-09
vn 2.0508053642765878e-08 4.8084841772029175e-08 1.6746678292435655e-09
vn 9.2610316385582e-09 4.6560423673456885e-08 7.56120730307241e-10
vn -5.819422229112179e-07 1.1576425965844877e-07 0.0
vn -5.524113921919049e-07 1.870543766673298e-07 0.0
vn -5.819422229112179e-07 1.1576425965844877e-07 0.0
vn -5.228805614725919e-07 2.583444936762108e-07 0.0
vn -4.387818913806353e-07 3.842024500577354e-07 0.0
vn -3.842140520079918e-07 4.3877028943037897e-07 0.0
vn -2.58348360992963e-07 5.228766941558397e-07 0.0
vn -1.1575265770819235e-07 5.819538248614742e-07 0.0
vn -1.8705050935057764e-07 5.524152595086569e-07 0.0
vn -1.1575265770819235e-07 5.819538248614742e-07 0.0
vn -8.374920731331076e-08 4.0577153437154464e-08 3.516662742180486e-08
vn -6.589459634002042e-08 3.1120623508728974e-08 2.100321332558767e-08
vn -8.167356403007319e-08 3.8068140626341304e-08 4.255022204259627e-08
vn -6.164254001057352e-08 6.925788063700863e-08 3.1986898182034535e-08
vn -5.2855539321767517e-08 5.355159664640277e-08 1.7796163551587195e-08
vn -7.811907048066747e-08 3.806780549812707e-08 4.877000920101899e-08
vn -7.409192224418124e-08 3.806793206190597e-08 5.469463206895354e-08
vn -6.961643789991028e-08 3.806890973424245e-08 6.028739538387292e-08
vn -5.896975209492565e-08 6.925752961992045e-08 3.6681451351466684e-08
vn -5.921155994628429e-08 7.336977943516664e-08 2.5292256111296147e-08
vn -5.594010873225251e-08 6.925711185349396e-08 4.115447946712214e-08
vn -3.043663189605022e-08 8.902866819517703e-08 1.555455105341953e-08
vn -3.1315794437164366e-08 8.837503377368332e-08 1.9318669502472024e-08
vn -2.8115586849435145e-08 6.730725222339427e-08 9.67399059278453e-09
vn -6.47196883078397e-08 3.806829137661826e-08 6.551703572566977e-08
vn -4.8885804776264955e-08 6.925887899883571e-08 4.932668029026844e-08
vn -5.2572029481667656e-08 6.925798879412882e-08 4.5377905386853364e-08
vn -2.601332606709259e-08 8.902875892507784e-08 2.2173115711739478e-08
vn -2.5997955704437377e-08 8.837450510255286e-08 2.6038449873337554e-08
vn -5.9756257065854e-08 3.548221556285863e-08 7.16255532814644e-08
vn -4.490377883525333e-08 6.92582505585523e-08 5.297754422408447e-08
vn -3.277651749435013e-08 8.745915012162429e-08 2.371794624531674e-08
vn -4.7810014978792205e-08 3.806756817364755e-08 7.871041151745685e-08
vn -4.15473420961187e-08 3.8068033033411024e-08 8.218811645721608e-08
vn -2.8307182482387108e-08 3.806784925483083e-08 8.763462652974414e-08
vn -1.4382964739165916e-08 3.8067914794237926e-08 9.096264512924398e-08
vn -7.269036881767816e-09 3.806774972517818e-08 9.180530621434925e-08
vn -2.14098264234175e-08 3.806800437765557e-08 8.956960302569487e-08
vn -3.503328633404613e-08 3.806808184357099e-08 8.516916107790277e-08
vn -5.219895345369505e-08 4.168709602139052e-08 7.385023374364088e-08
vn -3.6150402917431786e-08 6.925815889784856e-08 5.929711310345533e-08
vn -3.1431938944784864e-08 6.925804882351334e-08 6.192748773798343e-08
vn -4.065008717633343e-08 6.925819946192243e-08 5.630716972867732e-08
vn -2.1454237044222575e-08 6.925835808569578e-08 6.605062382264356e-08
vn -1.0957999659277509e-08 6.92582025275262e-08 6.857769247059785e-08
vn -1.1113450237442125e-10 3.8068000281291046e-08 9.209309061189297e-08
vn -5.594413448906003e-09 6.925804926795312e-08 6.922160204284473e-08
vn 1.2951637332758629e-09 1.9931341690415713e-08 1.0020198786687294e-07
vn 7.047488106851219e-09 3.80677492849827e-08 9.182257101081922e-08
vn -1.6255265484532946e-08 6.925829155433303e-08 6.751847520975922e-08
vn -2.6523323100240776e-08 6.925843110721333e-08 6.418315389583001e-08
vn -1.9695824531047656e-10 6.92581811343898e-08 6.944724404725872e-08
vn -3.042851634618041e-08 8.939766347448904e-08 1.2841079038139403e-08
vn -1.75504025870435e-08 9.437724501232313e-08 6.7021507820993015e-09
vn -1.5963111340759738e-08 9.390302184084745e-08 9.700936051779804e-09
vn -1.5089539397260613e-08 9.437855816954738e-08 1.1167226626998311e-08
vn -1.7079510363074016e-08 9.390161725832703e-08 7.564304571808947e-09
vn -2.017909656825303e-08 8.902824147399479e-08 2.7588565806190958e-08
vn -1.3286314983266125e-08 9.390281067070954e-08 1.3130290070663043e-08
vn -2.6401502567372467e-08 8.745848752411209e-08 3.065606424530812e-08
vn -1.209726020673274e-08 9.437698055943307e-08 1.4354606525839551e-08
vn -1.638713015300059e-08 9.295435569301466e-08 8.562544606630214e-09
vn -1.3962145675866931e-08 9.295498192201308e-08 1.2120725647023812e-08
vn -1.077988352966458e-08 9.29535845814965e-08 1.5021511398087307e-08
vn -9.888883400169426e-09 9.390317416788521e-08 1.5847465859438667e-08
vn -1.927002750870302e-08 8.837484243902044e-08 3.134591321033232e-08
vn -1.8594537822866323e-08 8.745896342562735e-08 3.593174179786574e-08
vn -1.325036606896628e-08 8.902891131066975e-08 3.150815634330628e-08
vn -8.44884701697548e-09 9.43782099817459e-08 1.6763652470153693e-08
vn -1.2800916431142491e-08 8.745841968671481e-08 3.837936176773591e-08
vn -6.177705701928934e-09 8.837442410112805e-08 3.627540059299108e-08
vn -8.978651720525534e-09 8.837453796805654e-08 3.568544821301363e-08
vn -3.3393927931618907e-09 8.837432609336333e-08 3.664575166801587e-08
vn -5.7486200029705466e-09 9.437737065266165e-08 1.7870466292637803e-08
vn -7.012927218498744e-09 9.295498546176679e-08 1.7107667076617402e-08
vn -4.079828848380141e-09 9.390323562911768e-08 1.822868477994798e-08
vn -2.6506087083520693e-09 9.390297107648635e-08 1.8490597567481436e-08
vn -1.2053275361062102e-09 9.390336334765179e-08 1.8640718311555494e-08
vn -3.0934461056897226e-10 8.902891103002564e-08 3.417954111577419e-08
vn 1.4914265928688623e-08 3.548228707045714e-08 9.207931589928947e-08
vn 2.24608045173099e-08 3.8067849549507134e-08 8.931961140107958e-08
vn 1.056884232235555e-08 6.925836611956642e-08 6.863863720218542e-08
vn 5.2016910682500776e-09 6.925803894882525e-08 6.925234864678301e-08
vn 2.831021372453051e-08 4.1687815189478544e-08 8.589024141389318e-08
vn 4.1348883270506583e-08 3.806754455891855e-08 8.228807027398071e-08
vn 3.482762735166861e-08 3.806832666259073e-08 8.525367012581048e-08
vn 4.8725147958028335e-08 3.548203987445112e-08 7.95419348178215e-08
vn 1.5872048695325207e-08 6.925847388499754e-08 6.760968744768384e-08
vn 2.1079224502515006e-08 6.92580018535645e-08 6.617107505684176e-08
vn 5.464627415466896e-09 8.837421326871588e-08 3.6387173587991636e-08
vn 8.27640962608806e-09 8.837457852727976e-08 3.585248751010447e-08
vn 2.6197593857692557e-09 8.837430086033992e-08 3.670184489731948e-08
vn 3.1080191800596036e-08 6.92586153338713e-08 6.210484465924281e-08
vn 2.6158843372806592e-08 6.925833277081786e-08 6.433270911361947e-08
vn 1.37330548102212e-08 8.837472128643236e-08 3.41364596607958e-08
vn 1.782104044411599e-08 8.745876572183308e-08 3.6321555286225284e-08
vn 3.5813481067009765e-08 6.925794267273863e-08 5.950096944806332e-08
vn 1.103813819940543e-08 8.837464316083006e-08 3.5100635662145207e-08
vn 5.466106919106001e-08 3.8067727756028405e-08 7.412597189096136e-08
vn 6.548912931994718e-08 3.806820249896857e-08 6.475860403944006e-08
vn 7.032460569668173e-08 3.8068582733576815e-08 5.9471828648123045e-08
vn 6.025739155583953e-08 3.806819045240694e-08 6.965317188630008e-08
vn 7.869225801209575e-08 3.806786062957898e-08 4.785419829896298e-08
vn 8.515816931164092e-08 3.8067913012234474e-08 3.5079911457941906e-08
vn 8.217383733765535e-08 3.8068317776826653e-08 4.159295213348774e-08
vn 7.473454974497783e-08 3.8067485671556326e-08 5.382626182173376e-08
vn 4.033004067064981e-08 6.92578709614999e-08 5.653704920755259e-08
vn 4.460257228915828e-08 6.925824272173887e-08 5.323111511086892e-08
vn 4.8605235624914667e-08 6.925906002528468e-08 4.960360505325628e-08
vn 5.5705796137795224e-08 6.92578979207444e-08 4.147105023327453e-08
vn 5.8760731070779366e-08 6.925755678319495e-08 3.7015347435510254e-08
vn 6.378760130290803e-08 6.925817175871119e-08 2.7461142428602393e-08
vn 6.146012256557372e-08 6.925793196616597e-08 3.233599599367444e-08
vn 5.231377740762493e-08 6.925791253511301e-08 4.567516506602196e-08
vn 1.8652657433357754e-08 8.837492744646664e-08 3.171995995315786e-08
vn 1.2053275361062104e-09 9.390336334765179e-08 1.8640718311555494e-08
vn 4.079828848380142e-09 9.390323562911768e-08 1.822868477994798e-08
vn 5.4843797268699315e-09 9.390273644502089e-08 1.785633500402735e-08
vn 2.65060870835207e-09 9.390297107648635e-08 1.849059756748144e-08
vn 1.9676442955012885e-08 8.902842157475131e-08 2.7949342336117018e-08
vn 8.44884701697548e-09 9.437820998174592e-08 1.6763652470153693e-08
vn 2.3526836391887777e-08 8.837400814186767e-08 2.829083478256589e-08
vn 6.8557317560899584e-09 9.390345838743184e-08 1.737606477056799e-08
vn 2.5849394142282115e-25 9.295421733339154e-08 1.8489242512409205e-08
vn 9.888883400169429e-09 9.390317416788521e-08 1.5847465859438667e-08
vn 1.077988352966458e-08 9.29535845814965e-08 1.5021511398087307e-08
vn 1.1847415878436375e-08 9.3903025758951e-08 1.4441789801290682e-08
vn 2.7627303878595215e-08 8.837495733458754e-08 2.4302888176305603e-08
vn 2.5654691888043448e-08 8.837459293488985e-08 2.6376804446351892e-08
vn 1.2934115602191995e-08 9.390251572154976e-08 1.3477280958803271e-08
vn 1.3942560895526028e-08 9.390320000723847e-08 1.2431178443037697e-08
vn 2.943273352853484e-08 8.837469535067265e-08 2.2081927514966993e-08
vn 3.406133126121647e-08 8.745862478761209e-08 2.1832620709368172e-08
vn 3.703352903219436e-08 8.745864597047331e-08 1.6289942221784953e-08
vn 3.015011269155252e-08 8.902844020770095e-08 1.6102803795851377e-08
vn 1.4866632837877923e-08 9.390474972754353e-08 1.130987037076307e-08
vn 1.5911898274421977e-08 9.437777255431581e-08 9.960525887760864e-09
vn 1.638713015300059e-08 9.295435569301466e-08 8.562544606630212e-09
vn 1.726338195987918e-08 9.437676045623736e-08 7.374064518631928e-09
vn 1.7285808423792324e-08 9.295594240126009e-08 6.600957205097738e-09
vn -6.207933485035201e-08 1.234928134804945e-08 5.068492160165835e-09
vn -5.8201476542484725e-08 1.9652902379105278e-08 4.751947189710952e-09
vn -4.433085584523927e-08 3.861950790517774e-08 3.619598976056156e-09
vn -5.5213170141000566e-08 2.302618731395254e-08 9.26030071352199e-09
vn -9.721216507715826e-09 4.9529300300706374e-08 1.5981906680534001e-09
vn -2.0508053642765878e-08 4.808484177202917e-08 1.6746678292435653e-09
vn -2.2204822659977393e-08 4.8556753836287924e-08 4.189895613695795e-09
vn -9.2610316385582e-09 4.6560423673456885e-08 7.56120730307241e-10
vn -4.0095533407549106e-08 4.028867738367942e-08 6.89363365141574e-09
vn -9.015697102924117e-09 4.656056749732471e-08 2.248617102726296e-09
vn 0.0 -1.1399984107543293e-06 -1.1399929748131197e-06
vn 0.0 -1.1399984107543293e-06 -1.1399929748131197e-06
vn 0.0 -1.1399984107543293e-06 -1.1399929748131197e-06
vn 0.0 -1.1399984107543293e-06 -1.1399929748131197e-06
vn -3.826813621688417e-08 -3.9017022248344487e-08 -7.611804091573193e-09
vn -4.291963267894014e-08 -4.291981964787647e-08 -4.227423721700617e-09
vn -4.209494745440021e-08 -4.29195714863118e-08 -8.373213381278519e-09
vn -3.375094813195766e-08 -4.161890653359591e-08 -2.4400700911371643e-08
vn -3.7479428153484175e-08 -4.422013092035186e-08 -2.3502471916301765e-08
vn -3.2174215467905215e-08 -4.422005263710379e-08 -3.036278487524995e-08
vn -4.6821426137652426e-08 -4.682276571706451e-08 -4.612705977513433e-09
vn -4.3257350695870125e-08 -4.6821675246455915e-08 -1.791753223319599e-08
vn -3.965256551078334e-08 -4.2919412346551746e-08 -1.642446812502633e-08
vn -2.834216699840525e-08 -4.161888455595752e-08 -3.051588053069505e-08
vn -1.8105818272897255e-08 -4.422093285282941e-08 -4.0364356199742635e-08
vn -1.450676702237254e-08 -4.161946145820293e-08 -3.903939213849857e-08
vn -2.1844184662539102e-08 -4.1619568676724525e-08 -3.5459191744219484e-08
vn -8.373189539554769e-09 -4.291985233057168e-08 -4.20949474544002e-08
vn -4.227185304463109e-09 -4.291987966361855e-08 -4.2919680362387635e-08
vn -7.611994825363198e-09 -3.901793848976499e-08 -3.826806469171291e-08
vn -2.5632523305162617e-08 -4.4220179312144217e-08 -3.605580703935932e-08
vn -4.611466207878393e-09 -4.682155403353802e-08 -4.682133077075742e-08
vn 8.373189539554769e-09 -4.2919852330571676e-08 -4.209494745440021e-08
vn 7.611994825363198e-09 -3.901793848976499e-08 -3.826806469171291e-08
vn 4.227185304463108e-09 -4.291987966361855e-08 -4.2919680362387635e-08
vn 1.8105818272897255e-08 -4.422093285282942e-08 -4.0364356199742635e-08
vn 2.1844184662539102e-08 -4.1619568676724525e-08 -3.5459191744219484e-08
vn 1.450676702237254e-08 -4.161946145820293e-08 -3.903939213849857e-08
vn 4.611466207878391e-09 -4.682155403353802e-08 -4.682133077075742e-08
vn 2.5632523305162617e-08 -4.4220179312144217e-08 -3.605580703935932e-08
vn 2.834216699840525e-08 -4.161888455595751e-08 -3.051588053069505e-08
vn 3.217421546790521e-08 -4.422005263710379e-08 -3.036278487524996e-08
vn 3.7479428153484175e-08 -4.422013092035186e-08 -2.3502471916301765e-08
vn 3.3750948131957654e-08 -4.161890653359591e-08 -2.4400700911371643e-08
vn 3.826813621688416e-08 -3.9017022248344487e-08 -7.611804091573191e-09
vn 4.20949474544002e-08 -4.29195714863118e-08 -8.373213381278519e-09
vn 4.291963267894014e-08 -4.2919819647876465e-08 -4.227423721700617e-09
vn 3.965256551078334e-08 -4.2919412346551746e-08 -1.642446812502633e-08
vn 4.3257350695870125e-08 -4.6821675246455915e-08 -1.7917532233195994e-08
vn 4.6821426137652426e-08 -4.6822765717064506e-08 -4.612705977513433e-09
vn -3.9999774917938514e-07 -4.0000919327226914e-07 0.0
vn -3.9999774917938514e-07 -4.0000919327226914e-07 0.0
vn -3.9999774917938514e-07 -4.0000919327226914e-07 0.0
vn -3.9999774917938514e-07 -4.0000919327226914e-07 0.0
vn 3.9999774917938514e-07 -4.0000919327226914e-07 0.0
vn 3.9999774917938514e-07 -4.0000919327226914e-07 0.0
vn 3.9999774917938514e-07 -4.0000919327226914e-07 0.0
vn 3.9999774917938514e-07 -4.0000919327226914e-07 0.0
vn -1.8105812948866494e-08 -4.422092967299108e-08 4.0364356199742635e-08
vn -2.184418827915475e-08 -4.161955611165434e-08 3.5459191744219484e-08
vn -1.4506756094915821e-08 -4.1619471819735985e-08 3.903939213849857e-08
vn -7.612003765962142e-09 -3.9017954489985946e-08 3.8268064691712916e-08
vn -8.373204440608381e-09 -4.291987586132821e-08 4.20949474544002e-08
vn -4.2272151065703364e-09 -4.2919911350690643e-08 4.2919680362387635e-08
vn -4.61150793089496e-09 -4.6821599383901446e-08 4.682133077075742e-08
vn -2.563253224580902e-08 -4.422016538261869e-08 3.605580703935932e-08
vn -4.209494149396927e-08 -4.2919564448868504e-08 8.37321338127852e-09
vn -4.682141421679055e-08 -4.6822753795861575e-08 4.612705977513433e-09
vn -4.291962671850921e-08 -4.291981311474803e-08 4.227423721700619e-09
vn -3.3750955085793755e-08 -4.1618896446806065e-08 2.4400700911371643e-08
vn -2.8342158414763818e-08 -4.161887293292795e-08 3.051588053069505e-08
vn -3.2174204897453476e-08 -4.4220038729957404e-08 3.036278487524996e-08
vn -3.826813025645323e-08 -3.901701413405936e-08 7.611804091573194e-09
vn -3.965256849099881e-08 -4.29194077481461e-08 1.642446812502633e-08
vn -3.747944305456153e-08 -4.422012373837468e-08 2.3502471916301765e-08
vn -4.325734473543918e-08 -4.682166973969235e-08 1.7917532233195994e-08
vn 3.826813025645323e-08 -3.901701413405936e-08 7.611804091573193e-09
vn 4.291962671850921e-08 -4.291981311474803e-08 4.227423721700617e-09
vn 4.209494149396927e-08 -4.2919564448868504e-08 8.373213381278519e-09
vn 3.5458965247843844e-08 -4.161898199877437e-08 2.1844359501846612e-08
vn 3.605610009388043e-08 -4.422020903272859e-08 2.5633095506532633e-08
vn 3.051604344914068e-08 -4.1619016509592004e-08 2.8342532571502755e-08
vn 4.682141421679055e-08 -4.6822753795861575e-08 4.612705977513433e-09
vn 3.903922524643231e-08 -4.161885251870044e-08 1.4506449132722527e-08
vn 4.036395089043887e-08 -4.4220158386033385e-08 1.8105468594282243e-08
vn 3.036263622148149e-08 -4.422001467252826e-08 3.2173992945150205e-08
vn 1.7347073932221254e-08 -4.1619551087532885e-08 3.7862946121739435e-08
vn 2.440040722045036e-08 -4.161901052011704e-08 3.375072560920265e-08
vn 2.350234972746754e-08 -4.422057833201974e-08 3.747944404796668e-08
vn 1.573888112027448e-08 -4.422062668223765e-08 4.134447356865525e-08
vn 9.627103277179614e-09 -4.161930135380381e-08 4.0519486348947805e-08
vn 7.370577504251744e-09 -4.422054804008255e-08 4.362056346273095e-08
vn 4.2272151065704746e-09 -4.2919911350690504e-08 4.2919680362387635e-08
vn 4.611507930894953e-09 -4.6821599383901115e-08 4.682133077075742e-08
vn -2.1212296141323622e-23 -1.7100221605849972e-07 1.71001235027448e-07
vn -2.1212296141323622e-23 -1.7100221605849972e-07 1.71001235027448e-07
vn -4.2424592282647245e-23 -1.6999971350692013e-07 1.6999873822717467e-07
vn 0.0 -1.7200471861007934e-07 1.7200373182772138e-07
vn 0.0 1.1399984107543293e-06 -1.1400038466955386e-06
vn 0.0 1.1399984107543293e-06 -1.1400038466955386e-06
vn 0.0 1.1399984107543293e-06 -1.1400038466955386e-06
vn 0.0 1.1399984107543293e-06 -1.1400038466955386e-06
vn -9.627189128460103e-09 4.161928509624957e-08 -4.0519872775093394e-08
vn -4.227225618274342e-09 4.291987966361855e-08 -4.292008967869806e-08
vn -7.370627927697531e-09 4.422052132462766e-08 -4.362097946322173e-08
vn -1.5739025615320888e-08 4.4220609135743125e-08 -4.134486786253709e-08
vn -1.734724469183816e-08 4.1619555199224424e-08 -3.7863307212998215e-08
vn -2.3502584792184098e-08 4.422060072958597e-08 -3.747980148184375e-08
vn -2.4400647512507308e-08 4.161903163460402e-08 -3.375104748304617e-08
vn -4.6115101864988734e-09 4.682155403353802e-08 -4.682177729631862e-08
vn -3.036291549264713e-08 4.4220012578709015e-08 -3.2174299782013216e-08
vn -3.051633050081617e-08 4.161902058424235e-08 -2.8342802868503162e-08
vn -3.545930738648179e-08 4.1619002897600355e-08 -2.1844567827084808e-08
vn -3.605645289434577e-08 4.422023380422129e-08 -2.563333996417978e-08
vn -4.292004199479581e-08 4.2919819647876465e-08 -4.227464037785587e-09
vn -3.826850117235892e-08 3.901702224834448e-08 -7.611876683809204e-09
vn -4.2095348905399704e-08 4.29195714863118e-08 -8.373293234920921e-09
vn -4.036432788595722e-08 4.4220159489402147e-08 -1.8105641262474108e-08
vn -3.903958960831014e-08 4.161884653301207e-08 -1.4506587477793747e-08
vn -4.682187266412312e-08 4.6822765717064506e-08 -4.612749967957347e-09
vn 4.2095348905399704e-08 4.2919571486311806e-08 -8.373293234920921e-09
vn 3.9652943669280254e-08 4.2919412346551746e-08 -1.6424624761856726e-08
vn 3.826850117235892e-08 3.9017022248344487e-08 -7.611876683809204e-09
vn 3.568670396899014e-08 4.2919648590551454e-08 -2.3845384365452017e-08
vn 3.24424581536274e-08 3.9017566965691496e-08 -2.1677483433604383e-08
vn 3.051633050081618e-08 4.161902058424234e-08 -2.8342802868503162e-08
vn 4.292004199479581e-08 4.291981964787647e-08 -4.227464037785587e-09
vn 4.682187266412312e-08 4.682276571706451e-08 -4.612749967957347e-09
vn 4.325776323247422e-08 4.6821675246455915e-08 -1.7917703109076794e-08
vn 3.036291549264712e-08 4.422001257870901e-08 -3.217429978201322e-08
vn 1.4506905370475404e-08 4.161946145820293e-08 -3.903976444928505e-08
vn 2.3845098262038524e-08 4.291981807899796e-08 -3.568663244313677e-08
vn 1.8105990944423932e-08 4.422093285282941e-08 -4.0364741146443385e-08
vn 7.6120674194182e-09 3.901793848976499e-08 -3.826842964650555e-08
vn 8.373269392969795e-09 4.291985233057168e-08 -4.2095348905399704e-08
vn 4.227225618274342e-09 4.291987966361855e-08 -4.292008967869806e-08
vn 2.601283230022829e-08 4.6821533904599365e-08 -3.893066368093939e-08
vn 4.6115101864988734e-09 4.682155403353802e-08 -4.682177729631862e-08
vn -4.0000156387701314e-07 4.0000919327226914e-07 0.0
vn -4.0000156387701314e-07 4.0000919327226914e-07 0.0
vn -4.0000156387701314e-07 4.0000919327226914e-07 0.0
vn -4.0000156387701314e-07 4.0000919327226914e-07 0.0
vn 4.0000156387701314e-07 4.0000919327226914e-07 0.0
vn 4.0000156387701314e-07 4.0000919327226914e-07 0.0
vn 4.0000156387701314e-07 4.0000919327226914e-07 0.0
vn 4.0000156387701314e-07 4.0000919327226914e-07 0.0
vn -3.826849521187115e-08 3.901701413405936e-08 7.611876683809204e-09
vn -4.292003603430804e-08 4.291981311474803e-08 4.227464037785587e-09
vn -4.209534294491192e-08 4.2919564448868504e-08 8.373293234920921e-09
vn -4.036433583327426e-08 4.422015838603339e-08 1.8105641262474108e-08
vn -3.545930341282327e-08 4.161898199877438e-08 2.1844567827084808e-08
vn -3.903959755562718e-08 4.161885251870044e-08 1.4506587477793747e-08
vn -4.6821860743147555e-08 4.6822753795861575e-08 4.612749967957347e-09
vn -3.60564439536141e-08 4.42202090327286e-08 2.563333996417978e-08
vn -3.036292578380181e-08 4.422001467252826e-08 3.217429978201322e-08
vn -3.051633447447469e-08 4.1619016509592004e-08 2.8342802868503162e-08
vn -1.4931625391099762e-08 3.9018297020170665e-08 3.6048267157793035e-08
vn -2.3845096771916577e-08 4.291980771578314e-08 3.568663244313677e-08
vn -1.6424787662453448e-08 4.2920118670366334e-08 3.9653170167815933e-08
vn -9.627195088903126e-09 4.1619301353801225e-08 4.0519872775093394e-08
vn -7.370647795945374e-09 4.4220548040095434e-08 4.3620979463221746e-08
vn -4.227255420646107e-09 4.2919911350709834e-08 4.292008967869806e-08
vn -2.601283230022829e-08 4.6821500140391397e-08 3.893066368093939e-08
vn -4.6115519099133416e-09 4.6821599383947517e-08 4.682177729631862e-08
vn 4.2272554206462535e-09 4.2919911350709695e-08 4.292008967869806e-08
vn 6.6119015433596976e-09 4.161916945463714e-08 4.1119545529776576e-08
vn 3.842958931379161e-09 3.901825379980164e-08 3.901840206107751e-08
vn 1.6424787662453448e-08 4.292011867036633e-08 3.9653170167815933e-08
vn 9.883392748414614e-09 4.422041654851642e-08 4.3120997853507106e-08
vn 1.7917949933807137e-08 4.682209719211044e-08 4.325807317783884e-08
vn 2.350257386462317e-08 4.422057833201974e-08 3.747980148184375e-08
vn 2.440063992219865e-08 4.161901052011704e-08 3.3751047483046155e-08
vn 4.209534294491192e-08 4.2919564448868504e-08 8.373293234920921e-09
vn 4.6821860743147555e-08 4.6822753795861575e-08 4.612749967957347e-09
vn 4.292003603430804e-08 4.291981311474803e-08 4.2274640377855875e-09
vn 3.034905017570258e-08 4.2919497646825366e-08 3.0349087160994924e-08
vn 2.7590044422600843e-08 3.90178388701292e-08 2.7590287312477925e-08
vn 3.375127696182573e-08 4.1618896446806065e-08 2.4400933615920805e-08
vn 3.747980048842911e-08 4.422012373837468e-08 2.3502696054622678e-08
vn 3.965294664952414e-08 4.29194077481461e-08 1.6424624761856726e-08
vn 4.325775727198644e-08 4.6821669739692344e-08 1.7917703109076794e-08
vn 3.826849521187115e-08 3.901701413405936e-08 7.611876683809204e-09
vn 0.0 1.7200471861024859e-07 1.720053721925213e-07
vn -2.1212498438701397e-23 1.71002216058668e-07 1.7100286583163876e-07
vn -2.1212498438701397e-23 1.71002216058668e-07 1.7100286583163876e-07
vn -4.2424996877402794e-23 1.699997135070874e-07 1.7000035947075618e-07
vn -2.2800003650104945e-06 -9.86290971639187e-22 1.1428529491319718e-07
vn -2.9134994045271138e-06 -6.575273144261246e-22 3.4720972182672845e-07
vn -2.240000398760373e-06 -1.972581943278374e-21 1.1228029175204127e-07
vn -4.107479847222032e-06 0.0 1.0631918677320356e-06
vn -3.5603317661271065e-06 0.0 5.808024831273118e-07
vn -2.941477372896458e-06 0.0 3.057679630925576e-06
vn -2.748213801556098e-06 0.0 3.2325280826472123e-06
vn -3.3718198796601134e-06 0.0 2.5720599602632315e-06
vn -2.332986986956764e-06 0.0 3.5439040583384347e-06
vn -2.1110237436977896e-06 0.0 3.68043158230802e-06
vn -3.7264140682374037e-06 0.0 2.028678644844524e-06
vn -3.8439293213913975e-06 0.0 1.7960685483665242e-06
vn -4.034462210883712e-06 0.0 1.3133251598102803e-06
vn -1.4026968683471042e-06 0.0 4.004227196631738e-06
vn -1.64587868439296e-06 0.0 3.910593151454672e-06
vn -3.3718198796601134e-06 0.0 2.5720599602632315e-06
vn -9.033083799297374e-07 0.0 4.1455337739468456e-06
vn -6.471017075582261e-07 0.0 4.193206306084886e-06
vn 2.9134994045271057e-06 -6.574707235442314e-22 3.4720972182672855e-07
vn 2.280000365010483e-06 -9.862060853163472e-22 1.1428529491319718e-07
vn 2.2400003987603617e-06 -1.9724121706326945e-21 1.1228029175204127e-07
vn 9.033083799297372e-07 0.0 4.1455337739468456e-06
vn 1.3029834506223831e-07 0.0 4.240878838222926e-06
vn 6.471017075582261e-07 0.0 4.193206306084886e-06
vn -1.3029834506223831e-07 0.0 4.240878838222926e-06
vn 1.4026968683471042e-06 0.0 4.004227196631738e-06
vn 1.6458786843929597e-06 0.0 3.910593151454672e-06
vn 3.8439293213913975e-06 0.0 1.7960685483665242e-06
vn 3.4508461914678786e-06 0.0 2.4684695539496617e-06
vn 3.7264140682374037e-06 0.0 2.028678644844524e-06
vn 2.941477372896458e-06 0.0 3.057679630925576e-06
vn 3.2927935678523478e-06 0.0 2.675650366576801e-06
vn 2.748213801556098e-06 0.0 3.2325280826472123e-06
vn 2.332986986956764e-06 0.0 3.5439040583384347e-06
vn 2.1110237436977896e-06 0.0 3.68043158230802e-06
vn 4.034462210883712e-06 0.0 1.3133251598102803e-06
vn 4.107479847222032e-06 0.0 1.0631918677320356e-06
vn 3.5603317661271022e-06 0.0 5.808024831273118e-07
f 1 2 3
f 3 4 1
f 5 6 7
f 7 8 5
f 9 10 11
f 11 12 9
f 13 14 15
f 13 15 16
f 15 17 16
f 18 19 20
f 18 14 19
f 19 14 21
f 14 13 21
f 17 22 23
f 24 25 26
f 27 26 25
f 25 28 27
f 24 26 29
f 16 17 30
f 23 22 29
f 17 23 30
f 24 29 22
f 31 32 33
f 32 34 35
f 36 34 37
f 32 31 38
f 39 40 32
f 38 41 32
f 39 32 41
f 42 43 44
f 45 44 18
f 18 20 45
f 42 44 45
f 33 32 35
f 36 37 46
f 42 46 43
f 34 36 35
f 43 46 37
f 47 27 28
f 27 47 48
f 47 49 48
f 48 49 50
f 51 52 50
f 53 54 55
f 55 52 53
f 49 51 50
f 53 56 54
f 54 56 57
f 57 56 58
f 57 58 59
f 60 61 62
f 60 59 58
f 61 60 58
f 53 52 51
f 62 61 63
f 64 65 66
f 67 65 63
f 61 67 63
f 68 69 64
f 70 71 72
f 72 69 73
f 65 67 66
f 68 73 69
f 73 70 72
f 71 70 74
f 75 74 70
f 76 77 70
f 78 76 70
f 75 70 77
f 68 64 66
f 79 80 81
f 82 83 84
f 80 84 85
f 86 87 88
f 89 90 88
f 82 87 86
f 89 91 90
f 81 80 92
f 83 85 84
f 80 85 92
f 88 93 86
f 82 86 83
f 94 90 91
f 91 95 94
f 90 93 88
f 91 96 95
f 97 98 99
f 97 100 96
f 101 99 98
f 102 103 104
f 103 105 106
f 101 107 108
f 107 106 109
f 100 97 99
f 108 110 101
f 99 101 110
f 111 112 102
f 109 106 105
f 105 103 102
f 109 108 107
f 102 104 111
f 96 100 95
f 113 114 115
f 114 116 117
f 118 113 119
f 120 121 122
f 123 124 125
f 126 116 124
f 115 114 117
f 115 119 113
f 117 116 126
f 125 127 123
f 123 126 124
f 128 129 127
f 128 120 129
f 120 122 129
f 128 127 125
f 121 130 122
f 131 132 133
f 132 134 135
f 136 135 137
f 133 138 139
f 140 141 142
f 143 140 144
f 145 138 143
f 130 136 137
f 134 137 135
f 134 132 131
f 143 144 145
f 138 145 139
f 144 140 142
f 139 131 133
f 142 141 146
f 136 130 121
f 147 148 149
f 147 149 150
f 149 151 152
f 149 152 150
f 152 151 153
f 154 149 155
f 148 156 149
f 157 155 149
f 149 154 158
f 158 159 151
f 151 149 158
f 160 161 153
f 162 163 164
f 164 165 166
f 167 168 169
f 170 169 168
f 166 167 169
f 166 165 167
f 171 159 172
f 173 159 171
f 164 163 165
f 160 153 151
f 163 161 160
f 173 151 159
f 174 175 176
f 163 162 161
f 177 178 179
f 180 179 178
f 181 177 179
f 149 179 180
f 180 182 149
f 183 181 179
f 184 185 186
f 183 186 185
f 184 187 188
f 187 189 190
f 190 188 187
f 185 184 188
f 185 181 183
f 191 175 174
f 149 192 157
f 193 194 195
f 189 193 195
f 196 189 195
f 193 197 194
f 198 194 197
f 199 198 197
f 200 198 199
f 200 175 198
f 175 200 176
f 190 189 196
f 192 149 182
f 168 201 202
f 203 202 201
f 204 203 205
f 201 205 203
f 206 204 207
f 204 205 207
f 207 208 209
f 210 211 212
f 213 214 212
f 212 211 213
f 215 208 210
f 206 207 209
f 216 215 210
f 217 216 210
f 218 219 217
f 217 219 216
f 220 218 217
f 221 210 212
f 217 221 222
f 222 223 217
f 217 223 224
f 224 225 217
f 210 221 217
f 217 226 220
f 209 208 215
f 227 228 229
f 230 229 231
f 232 233 234
f 233 228 234
f 234 228 227
f 175 235 236
f 191 235 175
f 231 237 230
f 237 231 238
f 238 175 236
f 229 230 227
f 239 240 232
f 238 231 175
f 217 225 241
f 242 243 244
f 242 244 245
f 241 243 217
f 242 245 246
f 234 239 232
f 240 247 248
f 239 247 240
f 248 249 250
f 249 248 247
f 248 250 246
f 250 242 246
f 243 242 217
f 202 170 168
f 251 252 253
f 254 255 253
f 252 254 253
f 256 257 253
f 258 259 253
f 257 260 261
f 253 255 258
f 260 257 256
f 262 263 261
f 262 261 260
f 264 263 265
f 265 266 264
f 263 262 265
f 264 266 267
f 256 253 259
f 267 268 269
f 268 267 266
f 267 269 270
f 270 269 271
f 272 270 273
f 274 272 273
f 272 274 275
f 270 271 273
f 276 275 277
f 276 278 279
f 276 279 275
f 279 278 280
f 281 282 283
f 284 282 280
f 283 282 284
f 278 284 280
f 277 275 274
f 285 286 287
f 288 289 290
f 287 286 289
f 291 292 293
f 285 293 292
f 292 286 285
f 291 293 294
f 290 295 296
f 297 298 296
f 299 300 296
f 298 299 296
f 295 301 296
f 289 288 287
f 288 290 296
f 301 297 296
f 302 303 304
f 305 306 307
f 304 303 306
f 283 308 309
f 302 309 308
f 308 303 302
f 283 309 281
f 307 310 305
f 311 312 313
f 314 294 313
f 294 314 291
f 311 313 294
f 306 305 304
f 310 315 316
f 316 305 310
f 316 315 311
f 315 312 311
f 317 318 319
f 320 321 318
f 322 323 317
f 324 323 325
f 322 317 319
f 326 323 322
f 327 328 324
f 325 323 326
f 319 318 321
f 329 330 331
f 331 330 332
f 331 332 333
f 334 329 335
f 336 320 337
f 329 331 335
f 334 335 337
f 320 334 337
f 336 321 320
f 333 338 331
f 339 340 341
f 342 343 344
f 345 339 344
f 346 341 347
f 348 349 350
f 350 351 348
f 349 348 352
f 352 353 349
f 346 351 350
f 351 346 347
f 354 355 356
f 355 342 356
f 327 324 325
f 354 328 327
f 354 356 328
f 340 339 357
f 343 342 355
f 345 344 343
f 357 339 345
f 340 347 341
f 358 359 360
f 360 361 362
f 363 359 338
f 359 358 338
f 361 364 365
f 361 365 362
f 360 362 358
f 338 333 363
f 366 364 361
f 367 368 366
f 364 366 368
f 369 370 367
f 371 369 372
f 368 367 370
f 373 369 371
f 374 375 376
f 372 375 377
f 372 377 371
f 370 369 373
f 374 376 378
f 379 378 380
f 378 376 380
f 379 380 381
f 377 375 374
f 382 379 381
f 383 384 385
f 384 386 387
f 386 382 387
f 388 383 389
f 385 384 387
f 385 389 383
f 390 388 389
f 381 387 382
f 391 392 393
f 391 394 392
f 395 392 394
f 396 395 394
f 390 391 393
f 390 393 388
f 397 398 353
f 353 399 397
f 400 398 397
f 352 399 353
f 401 402 403
f 404 405 406
f 402 407 405
f 400 403 398
f 408 404 409
f 401 403 400
f 406 405 407
f 410 404 406
f 401 407 402
f 409 411 408
f 404 410 409
f 412 411 413
f 413 414 415
f 415 412 413
f 412 408 411
f 414 416 417
f 416 418 419
f 418 420 421
f 417 416 419
f 415 414 417
f 420 422 421
f 423 422 424
f 421 422 423
f 425 423 424
f 419 418 421
f 426 425 424
f 427 428 429
f 430 429 431
f 428 427 426
f 430 431 432
f 433 432 434
f 432 431 434
f 435 433 434
f 427 429 430
f 426 427 425
f 436 437 438
f 439 440 441
f 438 437 439
f 442 443 444
f 445 446 447
f 443 445 444
f 448 446 436
f 442 449 443
f 445 447 444
f 450 451 452
f 396 453 452
f 450 452 453
f 394 453 396
f 450 454 451
f 438 439 441
f 440 451 454
f 440 454 441
f 448 436 438
f 448 447 446
f 455 456 457
f 458 459 460
f 459 461 460
f 458 462 457
f 463 464 456
f 457 462 455
f 455 463 456
f 435 456 464
f 458 460 462
f 465 466 467
f 449 442 468
f 466 468 467
f 466 449 468
f 467 469 465
f 470 471 461
f 460 461 471
f 469 467 472
f 471 470 472
f 470 469 472
f 456 435 434
f 473 474 475
f 475 476 477
f 478 479 480
f 481 474 473
f 481 480 482
f 479 478 483
f 484 477 485
f 486 487 488
f 489 490 491
f 492 493 491
f 494 490 495
f 496 497 498
f 483 487 486
f 495 488 494
f 476 485 477
f 485 499 484
f 480 479 500
f 480 500 482
f 474 481 482
f 475 474 476
f 483 501 479
f 488 495 502
f 502 486 488
f 490 503 495
f 498 504 496
f 501 483 486
f 505 504 498
f 490 489 503
f 491 493 489
f 504 505 493
f 492 504 493
f 496 506 497
f 507 508 509
f 510 511 512
f 513 507 514
f 515 516 517
f 508 511 509
f 512 516 515
f 518 517 519
f 520 521 522
f 523 524 525
f 526 523 525
f 527 524 528
f 529 530 526
f 531 532 529
f 519 520 518
f 527 522 521
f 497 513 514
f 507 509 533
f 533 514 507
f 515 534 512
f 511 510 509
f 510 512 534
f 517 535 515
f 518 520 536
f 520 522 536
f 537 527 528
f 523 528 524
f 522 527 537
f 526 530 523
f 530 529 538
f 529 532 538
f 535 517 518
f 513 497 506
f 539 540 541
f 542 541 543
f 540 544 541
f 543 544 545
f 544 543 541
f 543 546 542
f 547 548 549
f 550 551 552
f 553 554 551
f 555 556 557
f 550 552 556
f 558 555 557
f 559 560 561
f 562 563 564
f 565 566 567
f 568 569 570
f 571 564 569
f 572 567 563
f 558 561 560
f 559 566 565
f 549 548 573
f 573 548 574
f 551 575 553
f 554 576 574
f 550 575 551
f 573 574 576
f 553 576 554
f 577 550 556
f 556 555 577
f 578 555 558
f 560 578 558
f 559 565 579
f 560 559 579
f 565 567 572
f 562 572 563
f 571 562 564
f 569 568 571
f 570 580 568
f 581 582 583
f 584 585 586
f 587 588 589
f 590 589 591
f 591 586 590
f 587 592 593
f 594 581 585
f 595 596 597
f 593 592 598
f 599 598 597
f 600 601 602
f 600 603 604
f 605 602 601
f 595 604 596
f 606 607 605
f 585 584 608
f 587 609 588
f 608 594 585
f 588 591 589
f 580 583 582
f 594 582 581
f 584 586 591
f 596 604 603
f 602 610 600
f 611 602 605
f 599 593 598
f 593 609 587
f 599 597 612
f 603 600 610
f 596 612 597
f 611 605 607
f 583 580 570
f 613 614 615
f 614 613 616
f 614 617 618
f 619 620 616
f 616 617 614
f 619 616 613
f 621 622 623
f 623 624 621
f 625 626 627
f 626 628 629
f 629 628 624
f 630 625 627
f 631 632 633
f 631 634 632
f 632 635 633
f 622 633 635
f 622 636 623
f 637 631 633
f 635 636 622
f 631 637 638
f 630 639 640
f 641 642 643
f 642 640 644
f 643 645 641
f 646 647 648
f 641 645 648
f 648 645 646
f 640 642 641
f 649 650 651
f 649 651 652
f 652 651 621
f 626 625 628
f 628 652 621
f 621 624 628
f 640 625 630
f 644 640 639
f 653 654 655
f 655 656 653
f 655 654 657
f 655 657 658
f 659 656 655
f 659 660 656
f 658 657 661
f 631 661 657
f 662 663 664
f 662 665 666
f 659 663 667
f 664 663 668
f 664 665 662
f 669 670 666
f 668 663 659
f 667 660 659
f 670 669 671
f 670 671 672
f 669 666 665
f 672 673 670
f 673 674 675
f 672 674 673
f 675 674 676
f 675 676 677
f 677 676 678
f 679 678 676
f 676 680 679
f 676 681 680
f 682 681 676
f 676 683 682
f 676 684 683
f 631 638 661
f 648 647 685
f 686 687 685
f 688 689 687
f 687 689 685
f 686 685 647
f 690 691 692
f 691 693 692
f 688 690 689
f 694 693 695
f 692 689 690
f 696 697 694
f 692 693 694
f 698 699 700
f 701 702 703
f 703 699 701
f 700 697 704
f 705 694 695
f 697 696 706
f 706 704 697
f 707 700 704
f 700 708 698
f 708 709 698
f 700 707 708
f 709 710 711
f 699 698 701
f 712 711 713
f 709 711 698
f 714 715 712
f 716 715 714
f 714 712 713
f 713 711 710
f 712 715 717
f 696 694 705
f 718 719 720
f 684 721 722
f 719 718 721
f 717 715 723
f 720 724 725
f 683 684 726
f 720 719 724
f 727 728 684
f 728 729 684
f 729 726 684
f 722 730 684
f 731 684 730
f 731 727 684
f 722 721 718
f 725 732 733
f 734 735 736
f 737 738 739
f 735 738 737
f 736 740 734
f 741 742 735
f 738 735 742
f 735 734 741
f 723 715 740
f 743 744 745
f 732 744 746
f 720 725 733
f 745 737 743
f 743 746 744
f 732 746 733
f 737 747 743
f 737 739 747
f 734 740 715
f 748 749 750
f 751 752 753
f 752 751 750
f 752 750 749
f 754 755 756
f 756 755 757
f 756 758 759
f 758 756 757
f 760 761 762
f 762 763 760
f 764 765 766
f 766 765 767
f 765 768 767
f 768 765 769
f 770 771 772
f 773 774 775
f 775 776 777
f 778 779 771
f 772 774 780
f 781 782 776
f 783 781 784
f 785 786 787
f 788 789 790
f 790 791 792
f 793 794 795
f 786 796 788
f 797 792 798
f 784 797 799
f 787 793 785
f 770 778 771
f 772 780 770
f 780 774 773
f 777 773 775
f 759 758 779
f 779 778 759
f 782 777 776
f 797 798 799
f 792 791 798
f 788 800 789
f 796 800 788
f 790 789 791
f 783 782 781
f 786 785 796
f 784 799 783
f 793 795 785
f 794 801 795
f 802 803 804
f 805 806 807
f 803 807 808
f 809 810 811
f 812 813 811
f 814 805 810
f 812 815 816
f 817 818 819
f 820 821 819
f 820 822 823
f 824 823 822
f 825 824 826
f 815 818 827
f 764 766 828
f 829 826 828
f 808 807 806
f 805 814 806
f 812 830 813
f 809 814 810
f 809 811 813
f 802 804 801
f 804 803 808
f 827 818 817
f 820 823 821
f 819 821 817
f 816 830 812
f 831 829 828
f 766 831 828
f 825 826 829
f 816 815 827
f 824 825 823
f 802 801 794
f 832 833 834
f 833 832 835
f 835 836 837
f 835 837 833
f 838 839 840
f 839 838 841
f 836 842 843
f 843 842 844
f 845 846 847
f 844 847 848
f 849 850 845
f 851 852 849
f 851 853 854
f 855 856 857
f 858 859 860
f 861 859 862
f 855 863 856
f 864 865 866
f 853 863 867
f 861 868 857
f 847 846 848
f 869 850 849
f 845 850 846
f 843 844 848
f 852 869 849
f 854 852 851
f 837 836 843
f 857 868 855
f 855 867 863
f 861 862 868
f 870 864 866
f 854 853 867
f 871 864 870
f 872 858 860
f 872 871 870
f 858 862 859
f 860 871 872
f 865 873 866
f 874 875 876
f 877 878 879
f 880 881 876
f 882 879 883
f 880 882 881
f 877 884 885
f 886 875 887
f 888 889 890
f 891 892 889
f 893 894 895
f 895 896 897
f 892 898 896
f 894 899 900
f 884 900 885
f 901 890 751
f 887 873 886
f 882 883 881
f 883 879 878
f 876 881 874
f 875 874 902
f 902 887 875
f 877 903 878
f 885 900 899
f 898 897 896
f 888 890 901
f 888 891 889
f 899 894 893
f 895 897 893
f 891 898 892
f 901 751 753
f 903 877 885
f 886 873 865
f 532 531 904
f 531 905 904
f 906 907 908
f 909 910 908
f 910 909 905
f 908 910 911
f 911 906 908
f 905 909 904
f 912 913 914
f 914 915 912
f 916 914 913
f 913 917 916
f 917 918 919
f 918 549 919
f 549 918 547
f 917 919 916
f 920 921 922
f 920 922 923
f 922 921 924
f 921 925 924
f 926 484 499
f 926 927 925
f 927 926 499
f 925 927 924
f 928 929 930
f 606 930 607
f 930 606 928
f 929 931 930
f 932 933 934
f 935 931 932
f 934 935 932
f 932 931 929
f 936 937 938
f 937 939 938
f 939 937 940
f 939 940 941
f 942 118 943
f 942 943 941
f 943 118 119
f 942 941 940
f 146 944 945
f 944 146 141
f 945 944 946
f 946 947 945
f 948 949 950
f 950 947 948
f 951 950 949
f 948 947 946
f 952 953 954
f 953 955 954
f 955 953 956
f 953 957 956
f 957 958 959
f 958 81 959
f 81 958 79
f 957 959 956
f 960 112 111
f 111 961 960
f 962 963 964
f 965 966 960
f 966 964 967
f 964 966 965
f 967 964 963
f 965 960 961
f 968 969 970
f 970 971 968
f 972 973 974
f 973 972 975
f 976 977 978
f 977 976 979
f 980 981 982
f 982 983 980
f 984 985 986
f 987 988 985
f 989 988 990
f 984 986 991
f 985 984 987
f 989 990 992
f 988 987 990
f 992 993 989
f 994 993 995
f 996 994 997
f 997 994 995
f 998 999 1000
f 996 997 1000
f 1001 999 998
f 996 1000 999
f 992 995 993
f 1002 1003 1004
f 1005 1006 1003
f 1007 1006 1008
f 1005 1003 1002
f 1009 1008 1006
f 1006 1005 1009
f 1010 1007 1011
f 1007 1008 1011
f 1012 1013 1014
f 1015 1016 1013
f 1017 1016 1018
f 1012 1014 1011
f 1015 1013 1012
f 1018 1016 1015
f 1018 1019 1017
f 1010 1011 1014
f 1020 1021 1022
f 1023 1024 1025
f 1025 1020 1026
f 1026 1020 1022
f 1023 1027 1024
f 1025 1026 1023
f 1028 1029 1027
f 1029 1024 1027
f 1030 1031 1032
f 1033 1034 1035
f 1035 1030 1036
f 1032 1031 1028
f 1030 1032 1036
f 1036 1033 1035
f 1033 1037 1034
f 1029 1028 1031
f 1038 1039 1040
f 1040 1041 1042
f 1041 1043 1042
f 1039 1038 1044
f 1040 1042 1038
f 1044 1045 1039
f 1046 1047 1048
f 1049 1045 1050
f 1051 1052 1053
f 1053 1049 1054
f 1054 1049 1050
f 1051 1055 1052
f 1053 1054 1051
f 1047 1046 1055
f 1046 1052 1055
f 1044 1050 1045
f 967 1056 1057
f 1058 1059 1060
f 1060 1059 1061
f 1062 1058 1060
f 967 1063 966
f 1061 1059 1064
f 1065 1064 1066
f 1057 1065 1063
f 1066 1067 1068
f 1066 1064 1059
f 1066 1059 1067
f 1066 1063 1065
f 1058 1067 1059
f 967 1057 1063
f 1058 1069 1070
f 1071 1058 1070
f 1069 1072 1070
f 960 1073 112
f 1070 1072 1074
f 1071 1075 1067
f 1058 1071 1067
f 1067 1075 1068
f 1068 1063 1066
f 1076 1075 1071
f 1068 1075 960
f 1073 1075 1076
f 1076 1071 1074
f 1070 1074 1071
f 966 1063 1068
f 1058 1062 1069
f 966 1068 960
f 1073 960 1075
f 1077 1078 1079
f 1080 1081 1077
f 1077 1081 1078
f 1078 1082 1079
f 1083 1084 1085
f 1085 1079 1083
f 1086 1085 1084
f 1083 1079 1082
f 105 102 1087
f 112 1088 102
f 1089 1090 1091
f 1074 1091 1076
f 1074 1089 1091
f 1092 1093 1094
f 1092 1091 1090
f 1095 1094 1093
f 1092 1094 1096
f 1093 1092 1090
f 1091 1092 1097
f 108 109 1098
f 99 110 1099
f 100 99 1100
f 108 1101 110
f 1095 1102 1103
f 1104 1103 1102
f 1095 1103 1094
f 1105 1106 1107
f 1104 1102 1106
f 1108 1107 1109
f 1109 1110 1111
f 105 1112 109
f 1094 1103 1113
f 1076 1114 1073
f 1114 1091 1097
f 1097 1096 1112
f 1096 1097 1092
f 1113 1096 1094
f 1096 1113 1098
f 1091 1114 1076
f 1114 1097 1087
f 1073 1088 112
f 1073 1114 1088
f 105 1087 1112
f 1088 1114 1087
f 1087 1097 1112
f 109 1112 1098
f 1096 1098 1112
f 102 1088 1087
f 1115 1101 1113
f 1115 1113 1103
f 1104 1105 1116
f 1104 1116 1115
f 1108 1105 1107
f 1111 1108 1109
f 1117 1105 1108
f 1104 1106 1105
f 1118 1108 1111
f 1115 1099 1101
f 1099 1115 1116
f 1116 1117 1100
f 110 1101 1099
f 1118 1119 1117
f 1118 1117 1108
f 1117 1119 1100
f 1100 1099 1116
f 1116 1105 1117
f 99 1099 1100
f 1120 1121 1111
f 1101 1098 1113
f 1104 1115 1103
f 108 1098 1101
f 1111 1110 1120
f 90 94 1122
f 93 90 1123
f 1124 1122 94
f 1120 1125 1126
f 1125 1120 1110
f 1126 1127 1128
f 1127 1126 1125
f 1129 1128 1127
f 1126 1128 1130
f 1120 1126 1131
f 1121 1118 1111
f 83 86 1132
f 92 85 1133
f 81 92 1134
f 83 1132 85
f 1135 1136 1137
f 1129 1136 1138
f 1139 1140 1141
f 1137 1140 1142
f 1138 1128 1129
f 93 1143 86
f 1139 1141 1144
f 1121 1131 1123
f 1121 1120 1131
f 1130 1128 1145
f 1130 1131 1126
f 1135 1138 1136
f 1138 1135 1146
f 1145 1128 1138
f 1131 1130 1147
f 1124 1119 1122
f 1118 1122 1119
f 1122 1121 1123
f 90 1122 1123
f 1130 1143 1147
f 1147 1123 1131
f 1132 1145 1146
f 93 1147 1143
f 1130 1145 1143
f 93 1123 1147
f 1138 1146 1145
f 1118 1121 1122
f 1135 1148 1146
f 1148 1135 1142
f 1148 1142 1149
f 1149 1142 1139
f 1150 1139 1144
f 1149 1139 1150
f 1142 1140 1139
f 1146 1148 1133
f 1146 1133 1132
f 1148 1149 1151
f 1148 1151 1133
f 85 1132 1133
f 1151 1152 1134
f 1152 1151 1149
f 1133 1151 92
f 1149 1150 1152
f 1143 1132 86
f 1132 1143 1145
f 1135 1137 1142
f 1100 1119 100
f 100 1119 1124
f 1134 92 1151
f 1153 1154 1155
f 941 943 1156
f 119 1157 943
f 1158 1153 1155
f 1157 1159 1160
f 1161 1159 1162
f 1153 1161 1162
f 1163 1153 1158
f 1156 1161 1163
f 1161 1160 1159
f 1162 1154 1153
f 943 1157 1160
f 1164 1158 1155
f 1158 1165 1166
f 1158 1164 1165
f 1166 1165 1167
f 1158 1166 1168
f 1169 939 1170
f 1166 1167 1171
f 1168 1172 1163
f 1163 1158 1168
f 1163 1172 1156
f 1156 1160 1161
f 1173 1172 1168
f 1156 1172 941
f 1170 1172 1173
f 1173 1168 1171
f 1166 1171 1168
f 943 1160 1156
f 1163 1161 1153
f 941 1172 939
f 1170 939 1172
f 1174 1175 1150
f 1176 1175 1174
f 1150 1175 1177
f 1178 1179 1180
f 1181 1182 1179
f 1134 1152 1183
f 1183 1152 1177
f 1150 1177 1152
f 1184 1185 1175
f 1186 1187 1178
f 956 959 1188
f 1175 1176 1189
f 1189 1190 1186
f 956 1182 955
f 1189 1184 1175
f 1185 1188 1177
f 1175 1185 1177
f 1184 1186 1180
f 1177 1188 1183
f 1182 1185 1180
f 1186 1190 1187
f 959 1183 1188
f 1188 1185 1182
f 1179 1182 1180
f 1185 1184 1180
f 1184 1189 1186
f 1134 1183 959
f 1186 1178 1180
f 81 1134 959
f 956 1188 1182
f 955 1182 1181
f 1181 1191 955
f 142 146 1192
f 145 144 1193
f 1194 1195 1196
f 142 1197 144
f 1198 1199 1200
f 1199 1198 1201
f 1195 1202 1201
f 1202 1195 1194
f 1202 1194 1203
f 1201 1202 1199
f 1199 1202 1204
f 131 139 1205
f 137 134 1206
f 1207 137 1208
f 131 1209 134
f 1210 1211 1212
f 1196 1211 1194
f 1213 1214 1215
f 1212 1214 1216
f 1211 1210 1194
f 145 1217 139
f 1218 1215 1219
f 1200 1220 1221
f 1200 1199 1220
f 1202 1203 1204
f 1220 1199 1204
f 1203 1222 1205
f 1204 1203 1217
f 1222 1194 1210
f 1220 1204 1193
f 1192 1221 1197
f 1192 1197 142
f 1197 1221 1220
f 1197 1220 1193
f 144 1197 1193
f 1204 1217 1193
f 1217 145 1193
f 1194 1222 1203
f 1210 1223 1222
f 1223 1210 1216
f 1223 1216 1224
f 1224 1216 1213
f 1218 1213 1215
f 1225 1213 1218
f 1216 1214 1213
f 1222 1223 1209
f 1222 1209 1205
f 1223 1224 1206
f 1223 1206 1209
f 139 1217 1205
f 1224 1208 1206
f 1208 1224 1225
f 1226 1225 1227
f 134 1209 1206
f 1224 1213 1225
f 131 1205 1209
f 1218 1228 1227
f 1205 1217 1203
f 1210 1212 1216
f 1208 137 1206
f 1228 1218 1219
f 1229 1228 1219
f 127 129 1230
f 1231 1232 1233
f 122 1234 129
f 1228 1235 1236
f 1228 1229 1235
f 1232 1237 1238
f 1237 1232 1231
f 1237 1231 1239
f 1238 1237 1235
f 1229 1238 1235
f 1235 1237 1240
f 126 123 1241
f 115 117 1242
f 119 115 1157
f 126 1243 117
f 1233 1244 1245
f 1246 1245 1244
f 1233 1245 1231
f 1247 1248 1249
f 1244 1248 1246
f 1247 1249 1250
f 127 1251 123
f 1231 1245 1252
f 1227 1236 1234
f 1227 1228 1236
f 1237 1239 1240
f 1240 1236 1235
f 1231 1252 1239
f 1240 1239 1251
f 1246 1253 1245
f 1236 1240 1230
f 1226 1234 122
f 1226 1227 1234
f 1234 1236 1230
f 1234 1230 129
f 1239 1241 1251
f 1251 1230 1240
f 1243 1252 1253
f 123 1251 1241
f 1239 1252 1241
f 127 1230 1251
f 1245 1253 1252
f 1226 1208 1225
f 1246 1254 1253
f 1254 1246 1255
f 1254 1255 1256
f 1256 1255 1247
f 1162 1247 1250
f 1256 1247 1162
f 1255 1248 1247
f 1253 1254 1242
f 1253 1242 1243
f 1254 1256 1257
f 1254 1257 1242
f 117 1243 1242
f 1257 1159 1157
f 1159 1257 1256
f 1242 1257 115
f 1256 1162 1159
f 1241 1243 126
f 1243 1241 1252
f 1246 1248 1255
f 1208 1226 1207
f 1227 1225 1218
f 1207 1226 122
f 1157 115 1257
f 1258 1259 1260
f 1259 1258 1261
f 1260 1259 1262
f 1262 1263 1260
f 1264 1265 1266
f 1264 1266 1263
f 1266 1265 1267
f 1264 1263 1262
f 1268 1269 1270
f 947 950 1271
f 1272 1273 950
f 1268 1270 1274
f 1275 1276 1277
f 1273 1275 1271
f 1268 1277 1276
f 1278 1268 1279
f 1280 1277 1278
f 1277 1271 1275
f 1276 1269 1268
f 950 1273 1271
f 1279 1268 1274
f 1274 1281 1279
f 1279 1281 1282
f 1281 1283 1282
f 1282 1283 1200
f 945 1192 146
f 1279 1282 1284
f 1284 1285 1278
f 1278 1279 1284
f 1278 1285 1280
f 1280 1271 1277
f 1221 1285 1284
f 1280 1285 945
f 1192 1285 1221
f 1221 1284 1200
f 1282 1200 1284
f 947 1271 1280
f 1278 1277 1268
f 947 1280 945
f 1192 945 1285
f 1286 750 1287
f 1287 750 1288
f 1289 1290 1291
f 1287 1288 1289
f 1290 1292 1293
f 1289 1291 1287
f 750 1294 1288
f 1289 1294 1295
f 1289 1288 1294
f 750 751 1294
f 1289 1295 1296
f 1296 1292 1290
f 1292 1296 1297
f 1297 1298 1292
f 1296 1295 1297
f 1289 1296 1290
f 751 890 1299
f 751 1299 1294
f 1299 890 1300
f 1299 1300 1301
f 1295 1294 1299
f 890 889 1300
f 1300 889 1302
f 1303 892 896
f 1304 896 895
f 1302 889 892
f 1305 895 894
f 1303 1306 1302
f 1303 1302 892
f 1307 1301 1308
f 1307 1299 1301
f 1301 1300 1309
f 1301 1309 1310
f 1306 1309 1302
f 1300 1302 1309
f 1304 1305 1311
f 1305 1304 895
f 1306 1312 1313
f 1306 1303 1312
f 1311 1312 1304
f 1312 1311 1314
f 1305 1315 1316
f 1312 1303 1304
f 1303 896 1304
f 1309 1306 1317
f 1305 894 1315
f 1295 1299 1307
f 1315 900 1318
f 877 1319 884
f 900 884 1318
f 879 1320 877
f 900 1315 894
f 1321 879 882
f 1322 880 876
f 1323 876 875
f 1321 882 880
f 1324 875 886
f 1319 1325 1318
f 1319 1318 884
f 1326 1316 1315
f 1326 1318 1325
f 1320 1327 1319
f 1316 1326 1328
f 1319 877 1320
f 1326 1315 1318
f 1329 1320 1321
f 1330 1321 880
f 1322 1330 880
f 1331 1321 1330
f 1332 1322 1323
f 1324 1323 875
f 1333 1324 886
f 1334 1323 1324
f 1322 876 1323
f 1335 1330 1322
f 1320 879 1321
f 1336 1324 1333
f 886 1337 1333
f 1316 1311 1305
f 1311 1316 1338
f 1295 1339 1297
f 1295 1307 1339
f 1308 1310 1340
f 1339 1307 1308
f 1308 1301 1310
f 1310 1317 1341
f 1317 1310 1309
f 1339 1308 1342
f 1312 1314 1313
f 1313 1317 1306
f 1314 1338 1343
f 1314 1311 1338
f 1338 1316 1328
f 1338 1328 1344
f 1328 1345 1346
f 1313 1314 1343
f 1345 1326 1325
f 1317 1313 1341
f 1340 1342 1308
f 1310 1347 1340
f 1342 1348 1297
f 1342 1297 1339
f 1341 1347 1310
f 1313 1349 1341
f 1343 1338 1344
f 1313 1343 1349
f 1328 1346 1344
f 1326 1345 1328
f 1327 1329 1350
f 1329 1327 1320
f 1345 1351 1352
f 1345 1325 1351
f 1350 1351 1327
f 1351 1350 1352
f 1331 1353 1329
f 1351 1325 1327
f 1329 1353 1350
f 1335 1331 1330
f 1354 1335 1332
f 1334 1332 1323
f 1336 1334 1324
f 1355 1332 1334
f 1335 1322 1332
f 1356 1331 1335
f 1329 1321 1331
f 1334 1336 1357
f 1350 1358 1352
f 1352 1359 1345
f 1350 1360 1358
f 1353 1356 1360
f 1353 1360 1350
f 1356 1354 1361
f 1354 1356 1335
f 1355 1354 1332
f 1354 1355 1362
f 1362 1361 1354
f 1363 1362 1355
f 1363 1355 1357
f 1356 1361 1360
f 1353 1331 1356
f 1334 1357 1355
f 1345 1359 1346
f 1325 1319 1327
f 1364 1365 1333
f 1337 864 1364
f 864 1366 1364
f 1366 864 871
f 1367 1366 871
f 1364 1366 1368
f 1365 1336 1333
f 1367 871 860
f 1369 859 861
f 1369 861 857
f 1370 860 859
f 1371 857 856
f 1370 1372 1367
f 1370 1367 860
f 1365 1368 1373
f 1365 1364 1368
f 1368 1366 1374
f 1368 1374 1375
f 1372 1374 1367
f 1366 1367 1374
f 1369 1371 1376
f 1371 1369 857
f 1372 1377 1378
f 1372 1370 1377
f 1376 1377 1369
f 1377 1376 1379
f 1371 1380 1381
f 1377 1370 1369
f 1370 859 1369
f 1374 1372 1382
f 1371 856 1380
f 1365 1383 1336
f 1384 863 853
f 1385 851 849
f 1386 849 845
f 1387 853 851
f 1388 847 844
f 842 836 1389
f 844 842 1390
f 845 847 1391
f 1392 842 1389
f 1384 1393 1380
f 1384 1380 863
f 1387 1394 1384
f 1393 1381 1380
f 1385 1387 851
f 1385 1395 1387
f 1384 853 1387
f 1381 1376 1371
f 1396 1386 1391
f 1391 1386 845
f 1388 1391 847
f 1397 1391 1388
f 1398 1390 1392
f 1392 1390 842
f 1399 1392 1389
f 1388 1390 1400
f 1388 844 1390
f 1385 1386 1401
f 1385 849 1386
f 1398 1392 1399
f 863 1380 856
f 1376 1381 1402
f 1357 1383 1403
f 1336 1383 1357
f 1373 1375 1404
f 1373 1368 1375
f 1375 1374 1382
f 1375 1382 1405
f 1365 1373 1383
f 1383 1373 1406
f 1381 1407 1402
f 1394 1393 1384
f 1378 1379 1408
f 1378 1377 1379
f 1379 1376 1402
f 1379 1402 1408
f 1394 1409 1393
f 1378 1382 1372
f 1393 1407 1381
f 1382 1378 1410
f 1375 1405 1404
f 1404 1406 1373
f 1382 1411 1405
f 1403 1383 1406
f 1408 1402 1412
f 1408 1410 1378
f 1409 1413 1407
f 1414 1407 1413
f 1402 1414 1412
f 1410 1411 1382
f 1407 1414 1402
f 1393 1409 1407
f 1357 1403 1363
f 1395 1401 1415
f 1401 1395 1385
f 1409 1416 1417
f 1409 1394 1416
f 1415 1416 1395
f 1416 1415 1417
f 1396 1418 1401
f 1416 1394 1395
f 1396 1397 1419
f 1397 1396 1391
f 1420 1400 1398
f 1398 1400 1390
f 1421 1398 1399
f 1397 1400 1422
f 1397 1388 1400
f 1418 1415 1401
f 1401 1386 1396
f 1421 1420 1398
f 1418 1419 1423
f 1419 1418 1396
f 1424 1417 1415
f 1415 1423 1424
f 1419 1425 1423
f 1415 1418 1423
f 1426 1425 1422
f 1422 1425 1419
f 1420 1422 1400
f 1427 1422 1420
f 1427 1426 1422
f 1428 1427 1420
f 1420 1421 1428
f 1419 1397 1422
f 1409 1417 1413
f 1394 1387 1395
f 1364 1333 1337
f 1429 1430 1431
f 1429 1431 1432
f 1431 1430 1433
f 1430 1434 1433
f 1435 1436 1437
f 1435 1438 1434
f 1438 1435 1437
f 1434 1438 1433
f 1439 1440 1441
f 1441 1442 1443
f 1441 1444 1442
f 1443 1439 1441
f 1389 1445 1439
f 1445 1389 835
f 1445 835 1446
f 1389 836 835
f 1389 1439 1399
f 1421 1399 1443
f 1443 1442 1421
f 1446 1447 1445
f 1399 1439 1443
f 1421 1442 1448
f 1439 1445 1447
f 1439 1447 1440
f 758 1449 1450
f 1449 758 757
f 1451 1450 1452
f 1453 1454 1455
f 1454 1456 1455
f 1451 1456 1454
f 1452 1450 1449
f 1457 1458 1449
f 1457 1449 757
f 1459 1457 757
f 1449 1458 1452
f 1452 1460 1456
f 1460 1452 1458
f 1461 1455 1460
f 1460 1455 1456
f 1452 1456 1451
f 1462 1463 1464
f 1463 1465 1464
f 1465 1463 1466
f 1465 1466 1467
f 1468 1469 1470
f 1470 1467 1468
f 1471 1470 1469
f 1468 1467 1466
f 764 828 1472
f 764 1472 1473
f 1472 828 1474
f 1472 1474 1475
f 1473 1472 1476
f 828 826 1474
f 826 824 1477
f 822 1478 824
f 824 1478 1477
f 1479 822 820
f 826 1477 1474
f 1474 1477 1480
f 1472 1481 1476
f 1482 1477 1478
f 1481 1475 1483
f 1481 1472 1475
f 1475 1474 1480
f 1475 1480 1484
f 1482 1480 1477
f 1476 1481 1485
f 1479 1486 1487
f 1486 1479 820
f 1482 1488 1489
f 1482 1478 1488
f 1487 1488 1479
f 1488 1487 1490
f 1491 1492 1486
f 1488 1478 1479
f 1478 822 1479
f 1480 1482 1493
f 820 819 1486
f 819 818 1491
f 815 812 1494
f 812 811 1495
f 818 815 1491
f 810 805 1496
f 807 803 1497
f 803 802 1498
f 805 807 1499
f 811 810 1500
f 1486 1492 1487
f 1491 815 1501
f 1502 1501 1494
f 1494 812 1495
f 1495 811 1500
f 1503 1494 1495
f 815 1494 1501
f 1504 1491 1501
f 805 1499 1496
f 1496 1500 810
f 807 1497 1499
f 1505 1500 1496
f 1506 1499 1497
f 1497 803 1498
f 1498 802 1507
f 1508 1497 1498
f 1509 1510 1507
f 1511 1496 1499
f 1507 802 1509
f 1512 1495 1500
f 819 1491 1486
f 1498 1507 1513
f 1485 1514 1515
f 1514 1481 1483
f 1483 1484 1516
f 1484 1483 1475
f 1493 1484 1480
f 1484 1493 1517
f 1481 1514 1485
f 1514 1483 1518
f 1504 1519 1492
f 1504 1492 1491
f 1489 1490 1520
f 1489 1488 1490
f 1490 1487 1521
f 1490 1521 1522
f 1519 1521 1492
f 1489 1493 1482
f 1487 1492 1521
f 1493 1489 1517
f 1517 1516 1484
f 1515 1514 1518
f 1523 1483 1516
f 1483 1523 1518
f 1490 1522 1520
f 1520 1524 1489
f 1525 1522 1519
f 1525 1519 1526
f 1524 1517 1489
f 1521 1519 1522
f 1504 1502 1527
f 1502 1503 1528
f 1503 1502 1494
f 1502 1528 1527
f 1503 1512 1529
f 1503 1529 1528
f 1527 1528 1530
f 1503 1495 1512
f 1527 1526 1519
f 1512 1531 1529
f 1511 1505 1496
f 1506 1532 1511
f 1505 1511 1533
f 1508 1506 1497
f 1534 1506 1508
f 1511 1499 1506
f 1531 1512 1505
f 1512 1500 1505
f 1528 1529 1530
f 1527 1530 1526
f 1531 1535 1529
f 1536 1530 1529
f 1529 1535 1536
f 1531 1533 1535
f 1533 1532 1537
f 1532 1533 1511
f 1534 1532 1506
f 1532 1534 1538
f 1532 1538 1537
f 1538 1534 1539
f 1508 1513 1540
f 1533 1537 1535
f 1531 1505 1533
f 1534 1540 1539
f 1519 1504 1527
f 1504 1501 1502
f 1508 1498 1513
f 793 787 1541
f 793 1541 1510
f 1541 787 786
f 1541 786 1542
f 1510 1541 1543
f 1544 1507 1510
f 1542 788 1545
f 792 1546 790
f 788 790 1547
f 1548 1546 792
f 788 1542 786
f 1541 1542 1549
f 1544 1513 1507
f 1550 1542 1545
f 1544 1543 1551
f 1544 1510 1543
f 1543 1541 1549
f 1543 1549 1552
f 1550 1549 1542
f 1513 1544 1553
f 1547 1546 1554
f 1546 1547 790
f 1550 1555 1556
f 1550 1545 1555
f 1554 1555 1547
f 1555 1554 1557
f 1546 1548 1558
f 1555 1545 1547
f 1545 788 1547
f 1549 1550 1559
f 1548 792 797
f 1510 1509 793
f 1560 784 781
f 1561 776 775
f 1562 775 774
f 1563 781 776
f 1564 772 771
f 1565 779 758
f 771 779 1566
f 774 772 1567
f 1450 1565 758
f 1560 1568 1548
f 1560 1548 784
f 1563 1569 1560
f 1568 1558 1548
f 1561 1563 776
f 1561 1570 1563
f 1560 781 1563
f 1558 1554 1546
f 1571 1562 1567
f 1567 1562 774
f 1564 1567 772
f 1572 1567 1564
f 1573 1566 1565
f 1565 1566 779
f 1451 1565 1450
f 1564 1566 1574
f 1564 771 1566
f 1561 1562 1575
f 1561 775 1562
f 1573 1565 1451
f 784 1548 797
f 1554 1558 1576
f 1540 1553 1577
f 1540 1513 1553
f 1551 1552 1578
f 1551 1543 1552
f 1552 1549 1559
f 1552 1559 1579
f 1544 1551 1553
f 1553 1551 1580
f 1558 1581 1576
f 1569 1568 1560
f 1556 1557 1582
f 1556 1555 1557
f 1557 1554 1576
f 1557 1576 1582
f 1569 1583 1568
f 1556 1559 1550
f 1568 1581 1558
f 1559 1556 1584
f 1577 1553 1580
f 1578 1580 1551
f 1578 1552 1579
f 1577 1585 1540
f 1576 1586 1582
f 1582 1584 1556
f 1586 1581 1587
f 1587 1581 1588
f 1588 1581 1583
f 1584 1579 1559
f 1576 1581 1586
f 1568 1583 1581
f 1540 1585 1539
f 1570 1575 1589
f 1575 1570 1561
f 1583 1590 1591
f 1583 1569 1590
f 1589 1590 1570
f 1590 1589 1592
f 1571 1593 1575
f 1590 1569 1570
f 1571 1572 1594
f 1572 1571 1567
f 1595 1574 1573
f 1573 1574 1566
f 1454 1573 1451
f 1572 1574 1596
f 1572 1564 1574
f 1593 1589 1575
f 1575 1562 1571
f 1454 1595 1573
f 1597 1593 1598
f 1597 1592 1589
f 1592 1591 1590
f 1593 1594 1598
f 1589 1593 1597
f 1596 1599 1598
f 1596 1594 1572
f 1595 1596 1574
f 1596 1595 1600
f 1600 1599 1596
f 1600 1595 1454
f 1454 1601 1600
f 1596 1598 1594
f 1593 1571 1594
f 1583 1591 1588
f 1569 1563 1570
f 1540 1534 1508
f 1602 765 1603
f 1604 1603 1605
f 1606 1607 1608
f 1606 1609 1607
f 1610 1607 1604
f 1605 1603 765
f 1605 1610 1604
f 1610 1605 1473
f 764 1473 1605
f 1605 765 764
f 1610 1473 1476
f 1608 1476 1485
f 1476 1608 1610
f 1611 1606 1485
f 1485 1606 1608
f 1610 1608 1607
f 1612 1613 1614
f 1613 1612 1615
f 1616 1617 1618
f 1619 1620 1621
f 1618 1617 1622
f 1623 1620 1624
f 1619 1624 1620
f 1618 1623 1624
f 1618 1624 1616
f 1621 1625 1619
f 1626 1627 1628
f 1629 1630 1631
f 1629 1631 1627
f 1632 1625 1621
f 1626 1629 1627
f 1628 1632 1626
f 1630 1629 1633
f 1628 1625 1632
f 1634 1635 1636
f 1637 1638 1639
f 1634 1639 1635
f 1634 1636 1640
f 1637 1641 1638
f 1642 1641 1643
f 1634 1637 1639
f 1642 1638 1641
f 1644 1645 1643
f 1646 1647 1648
f 1649 1644 1650
f 1649 1647 1646
f 1651 1648 1647
f 1650 1647 1649
f 1649 1645 1644
f 1642 1643 1645
f 1652 1653 1654
f 1653 1652 1655
f 1656 1657 1658
f 1658 1659 1656
f 1660 1661 1662
f 1663 1664 1662
f 1660 1662 1664
f 1665 1666 1664
f 1665 1664 1663
f 1660 1667 1661
f 1668 1669 1670
f 1671 1672 1673
f 1668 1674 1675
f 1675 1671 1676
f 1673 1672 1667
f 1671 1673 1676
f 1675 1677 1668
f 1675 1676 1677
f 1668 1670 1674
f 1661 1667 1672
f 1678 1679 1680
f 1681 1682 1683
f 1680 1679 1684
f 1685 1686 1681
f 1682 1681 1686
f 1680 1686 1685
f 1680 1685 1678
f 1682 1687 1683
f 1688 1689 1690
f 1691 1692 1688
f 1692 1693 1694
f 1689 1687 1690
f 1692 1691 1693
f 1694 1693 1695
f 1691 1688 1690
f 1683 1687 1689
f 1696 1697 1698
f 1697 1696 1699
f 1700 1701 1702
f 1703 1702 1701
f 1704 1705 1706
f 1707 1708 1704
f 1708 1709 1710
f 1706 1705 1711
f 1704 1706 1707
f 1707 1709 1708
f 1709 1712 1710
f 1712 1713 1710
f 1714 1713 1715
f 1716 1717 1718
f 1719 1714 1715
f 1720 1718 1717
f 1721 1716 1718
f 1719 1718 1720
f 1719 1720 1714
f 1712 1715 1713
f 1722 1723 1724
f 1725 1726 1723
f 1727 1726 1725
f 1722 1728 1729
f 1724 1728 1722
f 1730 1723 1722
f 1730 1725 1723
f 1725 1731 1727
f 1732 1733 1734
f 1735 1732 1736
f 1737 1735 1736
f 1738 1733 1731
f 1734 1736 1732
f 1733 1738 1734
f 1739 1737 1736
f 1727 1731 1733
f 1740 1741 1742
f 1742 1743 1740
f 1744 1745 1746
f 1747 1746 1745
f 1748 1749 1750
f 1751 1752 1753
f 1753 1748 1750
f 1750 1749 1754
f 1751 1755 1752
f 1753 1750 1751
f 1756 1757 1755
f 1757 1752 1755
f 1758 1759 1760
f 1760 1761 1758
f 1761 1762 1763
f 1759 1756 1764
f 1759 1764 1760
f 1762 1761 1760
f 1762 1765 1763
f 1757 1756 1759
f 1766 1767 1768
f 1769 1767 1770
f 1770 1771 1769
f 1767 1766 1770
f 1772 1769 1771
f 1772 1773 1769
f 1774 1775 1776
f 1777 1778 1773
f 1777 1779 1778
f 1780 1779 1777
f 1774 1781 1782
f 1780 1782 1781
f 1783 1781 1774
f 1780 1781 1779
f 1774 1776 1783
f 1772 1777 1773
f 1784 1785 1786
f 1787 1786 1785
f 1788 1789 1790
f 1791 1789 1792
f 1793 1794 1795
f 1794 1796 1797
f 1798 1795 1799
f 1799 1791 1800
f 1801 1797 1802
f 1789 1788 1792
f 1800 1791 1792
f 1799 1800 1798
f 1795 1798 1803
f 1803 1793 1795
f 1793 1796 1794
f 1797 1796 1802
f 1802 1804 1801
f 1804 1805 1801
f 1806 1807 1808
f 1809 1810 1811
f 1805 1812 1810
f 1813 1814 1809
f 1815 1816 1817
f 1816 1818 1819
f 1820 1818 1821
f 1822 1821 1814
f 1815 1823 1824
f 1813 1809 1811
f 1810 1812 1811
f 1814 1813 1822
f 1822 1820 1821
f 1823 1825 1824
f 1815 1817 1823
f 1817 1816 1819
f 1825 1807 1806
f 1818 1820 1819
f 1824 1825 1806
f 1804 1812 1805
