v 0.07291492808485511 0.0003038531388123607 0.03920000262483958
v 0.07290000498844318 -7.010168603489379e-16 0.03920000262483958
v 0.07290761912454702 -7.0168331945601985e-16 0.03923827166962601
v 0.07303348888150207 0.0008998825381454148 0.03920000262483958
v 0.07295956767437772 0.0006047800470551298 0.03920000262483958
v 0.07304077495362549 0.0008976728746493481 0.03923827166962601
v 0.07292250407398448 0.0003031070376359468 0.03923827166962601
v 0.0732660480966496 0.0014613300063906487 0.03920000262483958
v 0.07313597454310816 0.0011863186922876634 0.03920000262483958
v 0.07314300884520009 0.0011834056939498405 0.03923827166962601
v 0.0735055958375197 0.0016667108135318826 0.03930000110371035
v 0.07332049145861053 0.0014322298253362231 0.039292390782303954
v 0.07335423627222504 0.0014141902403195378 0.03930000110371035
v 0.073272761964156 0.0014577416873954446 0.03923827166962601
v 0.07342245069196895 0.0017222678287286824 0.03920000262483958
v 0.07305765117513019 0.0005852709690563548 0.03930000110371035
v 0.07312918438165283 0.0008708540614820598 0.03930000110371035
v 0.07309256328616343 0.0008819627584704184 0.039292390782303954
v 0.07300000346731395 -7.027861699582547e-16 0.03930000110371035
v 0.07301444591184758 0.00029405142273439266 0.03930000110371035
v 0.07296173442252751 -7.026408868602411e-16 0.039292390782303954
v 0.07297636760193349 0.00029780240281291476 0.039292390782303954
v 0.07302011455225355 0.0005927367491923019 0.039292390782303954
v 0.07298829234615223 0.000599065987907689 0.039270711856713714
v 0.07294408000274366 0.00030098228096039556 0.039270711856713714
v 0.07322836651526998 0.0011480503627570027 0.03930000110371035
v 0.07319301189933292 0.0011626949862553193 0.039292390782303954
v 0.07329188122775943 0.0014475230666097932 0.039270711856713714
v 0.07347377363141838 0.0016879715529145162 0.039292390782303954
v 0.07344680372046941 0.0017059955215135286 0.039270711856713714
v 0.07316303600679586 0.001175110157514564 0.039270711856713714
v 0.07306151927834126 0.000891380292792239 0.039270711856713714
v 0.07380797164533881 0.0021920310107931273 0.03920000262483958
v 0.07360367170887727 0.0019666192273586763 0.03920000262483958
v 0.07360955397234026 0.0019617902972281914 0.03923827166962601
v 0.07427773637712409 0.00257755601727902 0.03920000262483958
v 0.07403338211747101 0.0023963326161847986 0.03920000262483958
v 0.07428196306189516 0.0025712267189589855 0.03923827166962601
v 0.07381335799813371 0.002186648711114264 0.03923827166962601
v 0.07481368610961159 0.002864026682512233 0.03920000262483958
v 0.07453867694127592 0.002733955989993875 0.03920000262483958
v 0.07454226275687592 0.0027272428377432545 0.03923827166962601
v 0.0753952214765885 0.0030404345049170334 0.03920000262483958
v 0.07510012411149791 0.0029665152051414068 0.03920000262483958
v 0.07510232900662217 0.002959230801948126 0.03923827166962601
v 0.07569614769937782 0.0030850729023466916 0.03920000262483958
v 0.07539670920859276 0.0030329686651764387 0.03923827166962601
v 0.0736809727379395 0.001903179974353103 0.03930000110371035
v 0.07385162704292014 0.002148380143165013 0.039292390782303954
v 0.07365139357393691 0.0019274570665325091 0.039292390782303954
v 0.07387868087721294 0.0021213203484074517 0.03930000110371035
v 0.073828685452475 0.0021713205415171966 0.039270711856713714
v 0.07407254380146 0.0023486133737296577 0.039292390782303954
v 0.07485195515439802 0.0027716387634664497 0.03930000110371035
v 0.07512914632967327 0.0028708211355021884 0.03930000110371035
v 0.07483730671620226 0.0028069940946592875 0.039292390782303954
v 0.07458581134292874 0.002645763999720996 0.03930000110371035
v 0.07431203050717095 0.0025262278326206034 0.039292390782303954
v 0.07433329363073948 0.002494408964379552 0.03930000110371035
v 0.0754147298393315 0.0029423560109549662 0.03930000110371035
v 0.07540726829112554 0.0029798890575527537 0.039292390782303954
v 0.07409682053601152 0.002319031587122572 0.03930000110371035
v 0.07570219780952847 0.003023638392058714 0.039292390782303954
v 0.07570595147181614 0.0029855543600984524 0.03930000110371035
v 0.0760000036098063 0.003000000142492354 0.03930000110371035
v 0.0760000036098063 0.0030382684720230146 0.039292390782303954
v 0.07362631575292156 0.0019480383129324291 0.039270711856713714
v 0.07296703685197858 0.0006032949972600149 0.03923827166962601
v 0.07405196732343189 0.00237369167158219 0.039270711856713714
v 0.07403821152443868 0.002390448445373089 0.03923827166962601
v 0.0742940098764322 0.002553202750359973 0.039270711856713714
v 0.07292929423543981 -7.022536098258346e-16 0.039270711856713714
v 0.07342877546033577 0.001718038759771709 0.03923827166962601
v 0.07456777545340021 0.0026795135817073157 0.039292390782303954
v 0.07455247851663849 0.0027081252430699587 0.039270711856713714
v 0.07482489369071033 0.0028369668877546717 0.039270711856713714
v 0.07510862325740941 0.0029384869540695358 0.039270711856713714
v 0.07511803793070815 0.002907441754154416 0.039292390782303954
v 0.07569902398125272 0.003055924560737 0.039270711856713714
v 0.07540093589336383 0.003011707925793805 0.039270711856713714
v 0.0760000036098063 0.0030707108048780296 0.039270711856713714
v 0.07481660053846095 0.002856994049350442 0.03923827166962601
v 0.0756968953800774 0.003077497390054501 0.03923827166962601
v 0.0760000036098063 0.003092388061538137 0.03923827166962601
v 0.07629780941008413 0.003023638392058714 0.039292390782303954
v 0.07630098323835988 0.003055924560737 0.039270711856713714
v 0.07630385952023477 0.0030850729023466916 0.03920000262483958
v 0.0760000036098063 0.003100000051874663 0.03920000262483958
v 0.07629405574779646 0.0029855543600984524 0.03930000110371035
v 0.07658527738028109 0.0029423560109549662 0.03930000110371035
v 0.0763031118395352 0.003077497390054501 0.03923827166962601
v 0.0766047857430241 0.0030404345049170334 0.03920000262483958
v 0.07718632111000101 0.002864026682512233 0.03920000262483958
v 0.07689988310811469 0.0029665152051414068 0.03920000262483958
v 0.07689767821299043 0.002959230801948126 0.03923827166962601
v 0.0777222708424885 0.00257755601727902 0.03920000262483958
v 0.07746133027833668 0.002733955989993875 0.03920000262483958
v 0.07745774446273668 0.0027272428377432545 0.03923827166962601
v 0.07718340668115165 0.002856994049350442 0.03923827166962601
v 0.07660329801101984 0.0030329686651764387 0.03923827166962601
v 0.07659273892848706 0.0029798890575527537 0.039292390782303954
v 0.07687086088993933 0.0028708211355021884 0.03930000110371035
v 0.07659907132624877 0.003011707925793805 0.039270711856713714
v 0.07688196928890445 0.002907441754154416 0.039292390782303954
v 0.07689138396220319 0.0029384869540695358 0.039270711856713714
v 0.07716270050341034 0.0028069940946592875 0.039292390782303954
v 0.07741419587668386 0.002645763999720996 0.03930000110371035
v 0.07766671358887312 0.002494408964379552 0.03930000110371035
v 0.07768797671244165 0.0025262278326206034 0.039292390782303954
v 0.07714805206521458 0.0027716387634664497 0.03930000110371035
v 0.07743223176621239 0.0026795135817073157 0.039292390782303954
v 0.07744752870297411 0.0027081252430699587 0.039270711856713714
v 0.0777059973431804 0.002553202750359973 0.039270711856713714
v 0.0779274634181526 0.0023486133737296577 0.039292390782303954
v 0.07717511352890227 0.0028369668877546717 0.039270711856713714
v 0.07819203557427379 0.0021920310107931273 0.03920000262483958
v 0.07796662510214158 0.0023963326161847986 0.03920000262483958
v 0.07796179569517392 0.002390448445373089 0.03923827166962601
v 0.07857755652764364 0.0017222678287286824 0.03920000262483958
v 0.07839633551073533 0.0019666192273586763 0.03920000262483958
v 0.07839045324727234 0.0019617902972281914 0.03923827166962601
v 0.078733959122963 0.0014613300063906487 0.03920000262483958
v 0.07857123175927683 0.001718038759771709 0.03923827166962601
v 0.07818664922147889 0.002186648711114264 0.03923827166962601
v 0.07896651833811053 0.0008998825381454148 0.03920000262483958
v 0.07886403267650444 0.0011863186922876634 0.03920000262483958
v 0.07885699837441251 0.0011834056939498405 0.03923827166962601
v 0.07908507913475749 0.0003038531388123607 0.03920000262483958
v 0.07904043954523488 0.0006047800470551298 0.03920000262483958
v 0.07903297036763401 0.0006032949972600149 0.03923827166962601
v 0.07910000223116942 -6.923806475338065e-16 0.03920000262483958
v 0.07909238809506558 -7.034506232912223e-16 0.03923827166962601
v 0.07895923226598711 0.0008976728746493481 0.03923827166962601
v 0.0787272452554566 0.0014577416873954446 0.03923827166962601
v 0.07790318668360108 0.002319031587122572 0.03930000110371035
v 0.07812132634239966 0.0021213203484074517 0.03930000110371035
v 0.0783190344816731 0.001903179974353103 0.03930000110371035
v 0.07814838017669246 0.002148380143165013 0.039292390782303954
v 0.0784944113820929 0.0016667108135318826 0.03930000110371035
v 0.07852623358819422 0.0016879715529145162 0.039292390782303954
v 0.07877164070434262 0.0011480503627570027 0.03930000110371035
v 0.07887082283795976 0.0008708540614820598 0.03930000110371035
v 0.07890744393344917 0.0008819627584704184 0.039292390782303954
v 0.07894235604448241 0.0005852709690563548 0.03930000110371035
v 0.07897989266735905 0.0005927367491923019 0.039292390782303954
v 0.07898556130776502 0.00029405142273439266 0.03930000110371035
v 0.07867951576100207 0.0014322298253362231 0.039292390782303954
v 0.07864577094738756 0.0014141902403195378 0.03930000110371035
v 0.07902363961767911 0.00029780240281291476 0.039292390782303954
v 0.07900000375229865 -7.036445870690927e-16 0.03930000110371035
v 0.07771804415771744 0.0025712267189589855 0.03923827166962601
v 0.07794803989618071 0.00237369167158219 0.039270711856713714
v 0.07834861364567569 0.0019274570665325091 0.039292390782303954
v 0.07837369146669104 0.0019480383129324291 0.039270711856713714
v 0.07817132176713759 0.0021713205415171966 0.039270711856713714
v 0.07855320349914319 0.0017059955215135286 0.039270711856713714
v 0.07870812599185317 0.0014475230666097932 0.039270711856713714
v 0.07880699532027968 0.0011626949862553193 0.039292390782303954
v 0.07883697121281674 0.001175110157514564 0.039270711856713714
v 0.07893848794127134 0.000891380292792239 0.039270711856713714
v 0.07905592721686894 0.00030098228096039556 0.039270711856713714
v 0.07901171487346037 0.000599065987907689 0.039270711856713714
v 0.07903827279708509 -7.043772367219488e-16 0.039292390782303954
v 0.07907750314562811 0.0003031070376359468 0.03923827166962601
v 0.07907071298417279 -7.040084995455724e-16 0.039270711856713714
v 0.07077528717512216 0.0005145899897851872 0.03650000173365697
v 0.07226806220940407 0.00036756430822031463 0.03800000180490315
v 0.07232205543706627 0.0007315887560239293 0.03800000180490315
v 0.07085087921972821 0.0010242242107497829 0.03650000173365697
v 0.07241147957461447 0.001088567547050251 0.03800000180490315
v 0.0725354572416359 0.0014350629534462533 0.03800000180490315
v 0.07097606996053774 0.0015239946373959284 0.03650000173365697
v 0.07269279825252717 0.001767737830201746 0.03800000180490315
v 0.07114963869436775 0.0020090881348247547 0.03650000173365697
v 0.07288199198709933 0.0020833884275078818 0.03800000180490315
v 0.0731012150199728 0.0023789750275460264 0.03800000180490315
v 0.07163478428625858 0.0029167438938784707 0.03650000173365697
v 0.07334835400876205 0.0026516505547186098 0.03800000180490315
v 0.0719416995840394 0.0033305648955132827 0.03650000173365697
v 0.07136991458373654 0.0024748328907568673 0.03650000173365697
v 0.07491143391698873 0.0035885264193777355 0.03800000180490315
v 0.07526841330406153 0.0036779450732983554 0.03800000180490315
v 0.07447600909161967 0.00502393698712883 0.03650000173365697
v 0.07456493731849978 0.0034645485139377097 0.03800000180490315
v 0.07352517286481675 0.004630086641883857 0.03650000173365697
v 0.07423226518355808 0.0033072048804419496 0.03800000180490315
v 0.0730832630537881 0.004365215508850273 0.03650000173365697
v 0.07391661422862406 0.0031180111458697923 0.03800000180490315
v 0.0760000036098063 0.005250000249361619 0.03650000173365697
v 0.07548541618302096 0.005224720249381587 0.03650000173365697
v 0.07563244225201604 0.0037319428309137703 0.03800000180490315
v 0.07497578023352158 0.005149122959566543 0.03650000173365697
v 0.07399091690549309 0.004850367776461639 0.03650000173365697
v 0.07362102858226027 0.002898789305089272 0.03800000180490315
v 0.07228769264246537 0.0037123107289223356 0.03650000173365697
v 0.07266943704536288 0.004058304979441263 0.03650000173365697
v 0.07225000343169086 -6.799756393678901e-16 0.03800000180490315
v 0.07075000336044468 -6.534356157573599e-16 0.03650000173365697
v 0.0760000036098063 0.0037500001781154424 0.03800000180490315
v 0.07808339299098854 0.0031180111458697923 0.03800000180490315
v 0.07837897863735233 0.002898789305089272 0.03800000180490315
v 0.0789167441658245 0.004365215508850273 0.03650000173365697
v 0.07847483435479585 0.004630086641883857 0.03650000173365697
v 0.07776774203605452 0.0033072048804419496 0.03800000180490315
v 0.07636756496759656 0.0037319428309137703 0.03800000180490315
v 0.07673159391555107 0.0036779450732983554 0.03800000180490315
v 0.07651459103659164 0.005224720249381587 0.03650000173365697
v 0.07800909031411951 0.004850367776461639 0.03650000173365697
v 0.07743506990111282 0.0034645485139377097 0.03800000180490315
v 0.07752399812799293 0.00502393698712883 0.03650000173365697
v 0.07708857330262386 0.0035885264193777355 0.03800000180490315
v 0.07865165321085055 0.0026516505547186098 0.03800000180490315
v 0.07933057017424971 0.004058304979441263 0.03650000173365697
v 0.07702422698609102 0.005149122959566543 0.03650000173365697
v 0.0788987921996398 0.0023789750275460264 0.03800000180490315
v 0.07911801523251327 0.0020833884275078818 0.03800000180490315
v 0.0800583076355732 0.0033305648955132827 0.03650000173365697
v 0.08085036852524485 0.0020090881348247547 0.03650000173365697
v 0.0794645499779767 0.0014350629534462533 0.03800000180490315
v 0.07958852764499813 0.001088567547050251 0.03800000180490315
v 0.07967795178254633 0.0007315887560239293 0.03800000180490315
v 0.08102393725907486 0.0015239946373959284 0.03650000173365697
v 0.07930720896708543 0.001767737830201746 0.03800000180490315
v 0.08063009263587606 0.0024748328907568673 0.03650000173365697
v 0.07973194501020853 0.00036756430822031463 0.03800000180490315
v 0.08114912799988439 0.0010242242107497829 0.03650000173365697
v 0.07975000378792174 -6.692773823429668e-16 0.03800000180490315
v 0.08122472004449044 0.0005145899897851872 0.03650000173365697
v 0.07971231457714723 0.0037123107289223356 0.03650000173365697
v 0.08036522293335402 0.0029167438938784707 0.03650000173365697
v 0.08125000385916792 -6.520993907264129e-16 0.03650000173365697
v 0.07914119333420011 0.0013011236808796456 0.021000000997446477
v 0.07960313030682453 0.0014924654477422444 0.021500001021195203
v 0.07925359720916791 0.0009869679681354798 0.021000000997446477
v 0.07899853890847908 0.0016027489469760958 0.021000000997446477
v 0.07943949504514602 0.0018384474197037648 0.021500001021195203
v 0.07901474374323314 0.0024741338474497387 0.021500001021195203
v 0.07882699959369077 0.0018889388743190821 0.021000000997446477
v 0.078628238597922 0.0021569372247939866 0.021000000997446477
v 0.07924273295083939 0.002166724069512377 0.021500001021195203
v 0.07840416326989619 0.002404163236368745 0.021000000997446477
v 0.07875771705866175 0.0027577165482971233 0.021500001021195203
v 0.07940000529717661 -3.919913625168134e-16 0.021000000997446477
v 0.07938363261573489 0.0003332582870462647 0.021000000997446477
v 0.07988122175069723 0.00038226686743610475 0.021500001021195203
v 0.07713211425928179 0.003732067523836563 0.021500001021195203
v 0.0773011282443603 0.003141190678068173 0.021000000997446477
v 0.07698697265082544 0.0032535974140590618 0.021000000997446477
v 0.07749246583889757 0.0036031302732970893 0.021500001021195203
v 0.07760275637147984 0.0029985324376496925 0.021000000997446477
v 0.07816672887141163 0.0032427317252189947 0.021500001021195203
v 0.0781569403577631 0.0026282357033714787 0.021000000997446477
v 0.07788894260333468 0.002826996699140244 0.021000000997446477
v 0.07638226681155658 0.003881220525076834 0.021500001021195203
v 0.0766633108312531 0.003334670225221825 0.021000000997446477
v 0.07633326320815481 0.003383628290672819 0.021000000997446477
v 0.07676085264496812 0.003825062695032161 0.021500001021195203
v 0.0760000036098063 0.0039000002806074963 0.021500001021195203
v 0.07847414007986053 0.003014740848682612 0.021500001021195203
v 0.07783845126792865 0.0034394931042698584 0.021500001021195203
v 0.07990000532092534 -5.221759687794918e-16 0.021500001021195203
v 0.07933467478870249 0.000663307102237512 0.021000000997446477
v 0.07982506940428014 0.0007608523134174441 0.021500001021195203
v 0.07973207470992172 0.0011321102918476073 0.021500001021195203
v 0.0760000036098063 0.0034000002568587706 0.021000000997446477
v 0.07533669638835949 0.003334670225221825 0.021000000997446477
v 0.07523915457464447 0.003825062695032161 0.021500001021195203
v 0.07566674401145779 0.003383628290672819 0.021000000997446477
v 0.07411106461627792 0.002826996699140244 0.021000000997446477
v 0.07383327834820097 0.0032427317252189947 0.021500001021195203
v 0.07439725084813276 0.0029985324376496925 0.021000000997446477
v 0.07469887897525229 0.003141190678068173 0.021000000997446477
v 0.07450754138071503 0.0036031302732970893 0.021500001021195203
v 0.07501303456878716 0.0032535974140590618 0.021000000997446477
v 0.07324229016095085 0.0027577165482971233 0.021500001021195203
v 0.0738430668618495 0.0026282357033714787 0.021000000997446477
v 0.07359584394971641 0.002404163236368745 0.021000000997446477
v 0.07416155595168394 0.0034394931042698584 0.021500001021195203
v 0.07352586713975207 0.003014740848682612 0.021500001021195203
v 0.0748678929603308 0.003732067523836563 0.021500001021195203
v 0.07239687691278807 0.0014924654477422444 0.021500001021195203
v 0.07300146831113352 0.0016027489469760958 0.021000000997446477
v 0.07285881388541249 0.0013011236808796456 0.021000000997446477
v 0.07274641001044468 0.0009869679681354798 0.021000000997446477
v 0.07266533243091011 0.000663307102237512 0.021000000997446477
v 0.07217493781533246 0.0007608523134174441 0.021500001021195203
v 0.07226793250969088 0.0011321102918476073 0.021500001021195203
v 0.07337176862169059 0.0021569372247939866 0.021000000997446477
v 0.07317300762592183 0.0018889388743190821 0.021000000997446477
v 0.07275727426877321 0.002166724069512377 0.021500001021195203
v 0.07256051217446657 0.0018384474197037648 0.021500001021195203
v 0.07211878546891537 0.00038226686743610475 0.021500001021195203
v 0.07261637460387771 0.0003332582870462647 0.021000000997446477
v 0.07210000189868726 -5.189919378982117e-16 0.021500001021195203
v 0.07260000192243599 -3.8901140559914235e-16 0.021000000997446477
v 0.07298526347637946 0.0024741338474497387 0.021500001021195203
v 0.07561774040805602 0.003881220525076834 0.021500001021195203
v 0.07584692743066057 -0.0025000001187436283 0.018769553122340854
v 0.07571715905291487 -0.002200000152178111 0.018682843142026062
v 0.07584692743066057 -0.002200000152178111 0.018769553122340854
v 0.0760000036098063 -0.002200000152178111 0.018800000130012595
v 0.0760000036098063 -0.0025000001187436283 0.018800000130012595
v 0.07571715905291487 -0.0025000001187436283 0.018682843142026062
v 0.0756304509799488 -0.0025000001187436283 0.018553074764280364
v 0.07560000206492834 -0.002200000152178111 0.01840000049248336
v 0.0756304509799488 -0.002200000152178111 0.018553074764280364
v 0.07560000206492834 -0.0025000001187436283 0.01840000049248336
v 0.0760000036098063 0.0025000001187436283 0.017000000807456672
v 0.07584692743066057 0.002200000152178111 0.017030449722477137
v 0.0760000036098063 0.002200000152178111 0.017000000807456672
v 0.07584692743066057 0.0025000001187436283 0.017030449722477137
v 0.07571715905291487 0.002200000152178111 0.017117157795443205
v 0.07571715905291487 0.0025000001187436283 0.017117157795443205
v 0.0756304509799488 0.0025000001187436283 0.017246928080537627
v 0.07560000206492834 0.002200000152178111 0.017400000444985908
v 0.0756304509799488 0.002200000152178111 0.017246928080537627
v 0.07560000206492834 0.0025000001187436283 0.017400000444985908
v 0.07690000517843298 0.0025000001187436283 0.016606276347227444
v 0.07690000517843298 0.002200000152178111 0.016606276347227444
v 0.07671282560411274 0.0025000001187436283 0.016434660738490203
v 0.07671282560411274 0.002200000152178111 0.016434660738490203
v 0.0760000036098063 0.002200000152178111 0.0162000015323982
v 0.0760000036098063 0.0025000001187436283 0.0162000015323982
v 0.07625252132199556 0.002200000152178111 0.01622687035386483
v 0.07649373227095246 0.0025000001187436283 0.016306275188568975
v 0.07649373227095246 0.002200000152178111 0.016306275188568975
v 0.07625252132199556 0.0025000001187436283 0.01622687035386483
v 0.07900000375229865 -3.804906603208651e-16 0.020200001722388006
v 0.07898556130776502 0.00029405142273439266 0.020200001722388006
v 0.07900000375229865 -3.804906603208651e-16 0.021000000997446477
v 0.07894235604448241 0.0005852709690563548 0.020200001722388006
v 0.07887082283795976 0.0008708540614820598 0.020200001722388006
v 0.07894235604448241 0.0005852709690563548 0.021000000997446477
v 0.07898556130776502 0.00029405142273439266 0.021000000997446477
v 0.07877164070434262 0.0011480503627570027 0.020200001722388006
v 0.07864577094738756 0.0014141902403195378 0.020200001722388006
v 0.07877164070434262 0.0011480503627570027 0.021000000997446477
v 0.0784944113820929 0.0016667108135318826 0.020200001722388006
v 0.0783190344816731 0.001903179974353103 0.020200001722388006
v 0.0784944113820929 0.0016667108135318826 0.021000000997446477
v 0.07864577094738756 0.0014141902403195378 0.021000000997446477
v 0.07887082283795976 0.0008708540614820598 0.021000000997446477
v 0.07812132634239966 0.0021213203484074517 0.020200001722388006
v 0.07790318668360108 0.002319031587122572 0.020200001722388006
v 0.07812132634239966 0.0021213203484074517 0.021000000997446477
v 0.07766671358887312 0.002494408964379552 0.020200001722388006
v 0.07741419587668386 0.002645763999720996 0.020200001722388006
v 0.07766671358887312 0.002494408964379552 0.021000000997446477
v 0.07790318668360108 0.002319031587122572 0.021000000997446477
v 0.07714805206521458 0.0027716387634664497 0.020200001722388006
v 0.07687086088993933 0.0028708211355021884 0.020200001722388006
v 0.07714805206521458 0.0027716387634664497 0.021000000997446477
v 0.07658527738028109 0.0029423560109549662 0.020200001722388006
v 0.07629405574779646 0.0029855543600984524 0.020200001722388006
v 0.07629405574779646 0.0029855543600984524 0.021000000997446477
v 0.07658527738028109 0.0029423560109549662 0.021000000997446477
v 0.07741419587668386 0.002645763999720996 0.021000000997446477
v 0.0783190344816731 0.001903179974353103 0.021000000997446477
v 0.07687086088993933 0.0028708211355021884 0.021000000997446477
v 0.0760000036098063 0.003000000142492354 0.021000000997446477
v 0.0760000036098063 0.003000000142492354 0.020200001722388006
v 0.07570595147181614 0.0029855543600984524 0.020200001722388006
v 0.0754147298393315 0.0029423560109549662 0.020200001722388006
v 0.0754147298393315 0.0029423560109549662 0.021000000997446477
v 0.07512914632967327 0.0028708211355021884 0.020200001722388006
v 0.07485195515439802 0.0027716387634664497 0.020200001722388006
v 0.07512914632967327 0.0028708211355021884 0.021000000997446477
v 0.07458581134292874 0.002645763999720996 0.020200001722388006
v 0.07433329363073948 0.002494408964379552 0.020200001722388006
v 0.07458581134292874 0.002645763999720996 0.021000000997446477
v 0.07409682053601152 0.002319031587122572 0.020200001722388006
v 0.07387868087721294 0.0021213203484074517 0.020200001722388006
v 0.07409682053601152 0.002319031587122572 0.021000000997446477
v 0.07433329363073948 0.002494408964379552 0.021000000997446477
v 0.07485195515439802 0.0027716387634664497 0.021000000997446477
v 0.0736809727379395 0.001903179974353103 0.020200001722388006
v 0.0735055958375197 0.0016667108135318826 0.020200001722388006
v 0.0736809727379395 0.001903179974353103 0.021000000997446477
v 0.07335423627222504 0.0014141902403195378 0.020200001722388006
v 0.07322836651526998 0.0011480503627570027 0.020200001722388006
v 0.07335423627222504 0.0014141902403195378 0.021000000997446477
v 0.0735055958375197 0.0016667108135318826 0.021000000997446477
v 0.07312918438165283 0.0008708540614820598 0.020200001722388006
v 0.07305765117513019 0.0005852709690563548 0.020200001722388006
v 0.07305765117513019 0.0005852709690563548 0.021000000997446477
v 0.07301444591184758 0.00029405142273439266 0.020200001722388006
v 0.07300000346731395 -3.780413932867778e-16 0.020200001722388006
v 0.07300000346731395 -3.780413932867778e-16 0.021000000997446477
v 0.07322836651526998 0.0011480503627570027 0.021000000997446477
v 0.07387868087721294 0.0021213203484074517 0.021000000997446477
v 0.07570595147181614 0.0029855543600984524 0.021000000997446477
v 0.07312918438165283 0.0008708540614820598 0.021000000997446477
v 0.07301444591184758 0.00029405142273439266 0.021000000997446477
v 0.07990000532092534 -5.221759687794918e-16 0.021500001021195203
v 0.07988122175069723 0.00038226686743610475 0.021500001021195203
v 0.07990000532092534 -5.221759687794918e-16 0.03600000170990825
v 0.07982506940428014 0.0007608523134174441 0.021500001021195203
v 0.07973207470992172 0.0011321102918476073 0.021500001021195203
v 0.07982506940428014 0.0007608523134174441 0.03600000170990825
v 0.07988122175069723 0.00038226686743610475 0.03600000170990825
v 0.07960313030682453 0.0014924654477422444 0.021500001021195203
v 0.07943949504514602 0.0018384474197037648 0.021500001021195203
v 0.07960313030682453 0.0014924654477422444 0.03600000170990825
v 0.07924273295083939 0.002166724069512377 0.021500001021195203
v 0.07901474374323314 0.0024741338474497387 0.021500001021195203
v 0.07924273295083939 0.002166724069512377 0.03600000170990825
v 0.07943949504514602 0.0018384474197037648 0.03600000170990825
v 0.07973207470992172 0.0011321102918476073 0.03600000170990825
v 0.07875771705866175 0.0027577165482971233 0.021500001021195203
v 0.07847414007986053 0.003014740848682612 0.021500001021195203
v 0.07875771705866175 0.0027577165482971233 0.03600000170990825
v 0.07816672887141163 0.0032427317252189947 0.021500001021195203
v 0.07783845126792865 0.0034394931042698584 0.021500001021195203
v 0.07816672887141163 0.0032427317252189947 0.03600000170990825
v 0.07847414007986053 0.003014740848682612 0.03600000170990825
v 0.07749246583889757 0.0036031302732970893 0.021500001021195203
v 0.07713211425928179 0.003732067523836563 0.021500001021195203
v 0.07749246583889757 0.0036031302732970893 0.03600000170990825
v 0.07676085264496812 0.003825062695032161 0.021500001021195203
v 0.07638226681155658 0.003881220525076834 0.021500001021195203
v 0.07676085264496812 0.003825062695032161 0.03600000170990825
v 0.07713211425928179 0.003732067523836563 0.03600000170990825
v 0.07783845126792865 0.0034394931042698584 0.03600000170990825
v 0.07901474374323314 0.0024741338474497387 0.03600000170990825
v 0.07638226681155658 0.003881220525076834 0.03600000170990825
v 0.0760000036098063 0.0039000002806074963 0.021500001021195203
v 0.0760000036098063 0.0039000002806074963 0.03600000170990825
v 0.07561774040805602 0.003881220525076834 0.021500001021195203
v 0.07523915457464447 0.003825062695032161 0.021500001021195203
v 0.07561774040805602 0.003881220525076834 0.03600000170990825
v 0.0748678929603308 0.003732067523836563 0.021500001021195203
v 0.07450754138071503 0.0036031302732970893 0.021500001021195203
v 0.0748678929603308 0.003732067523836563 0.03600000170990825
v 0.07523915457464447 0.003825062695032161 0.03600000170990825
v 0.07416155595168394 0.0034394931042698584 0.021500001021195203
v 0.07383327834820097 0.0032427317252189947 0.021500001021195203
v 0.07416155595168394 0.0034394931042698584 0.03600000170990825
v 0.07352586713975207 0.003014740848682612 0.021500001021195203
v 0.07324229016095085 0.0027577165482971233 0.021500001021195203
v 0.07352586713975207 0.003014740848682612 0.03600000170990825
v 0.07383327834820097 0.0032427317252189947 0.03600000170990825
v 0.07450754138071503 0.0036031302732970893 0.03600000170990825
v 0.07298526347637946 0.0024741338474497387 0.021500001021195203
v 0.07275727426877321 0.002166724069512377 0.021500001021195203
v 0.07298526347637946 0.0024741338474497387 0.03600000170990825
v 0.07256051217446657 0.0018384474197037648 0.021500001021195203
v 0.07239687691278807 0.0014924654477422444 0.021500001021195203
v 0.07256051217446657 0.0018384474197037648 0.03600000170990825
v 0.07275727426877321 0.002166724069512377 0.03600000170990825
v 0.07226793250969088 0.0011321102918476073 0.021500001021195203
v 0.07217493781533246 0.0007608523134174441 0.021500001021195203
v 0.07226793250969088 0.0011321102918476073 0.03600000170990825
v 0.07211878546891537 0.00038226686743610475 0.021500001021195203
v 0.07210000189868726 -5.189919378982117e-16 0.021500001021195203
v 0.07210000189868726 -5.189919378982117e-16 0.03600000170990825
v 0.07217493781533246 0.0007608523134174441 0.03600000170990825
v 0.07239687691278807 0.0014924654477422444 0.03600000170990825
v 0.07324229016095085 0.0027577165482971233 0.03600000170990825
v 0.07211878546891537 0.00038226686743610475 0.03600000170990825
v 0.07075000336044468 -6.534356157573599e-16 0.03650000173365697
v 0.07077528717512216 0.0005145899897851872 0.03650000173365697
v 0.07075000336044468 -6.447624316463908e-16 0.03600000170990825
v 0.07085087921972821 0.0010242242107497829 0.03650000173365697
v 0.07097606996053774 0.0015239946373959284 0.03650000173365697
v 0.07085087921972821 0.0010242242107497829 0.03600000170990825
v 0.07077528717512216 0.0005145899897851872 0.03600000170990825
v 0.07114963869436775 0.0020090881348247547 0.03650000173365697
v 0.07136991458373654 0.0024748328907568673 0.03650000173365697
v 0.07114963869436775 0.0020090881348247547 0.03600000170990825
v 0.07163478428625858 0.0029167438938784707 0.03650000173365697
v 0.0719416995840394 0.0033305648955132827 0.03650000173365697
v 0.07163478428625858 0.0029167438938784707 0.03600000170990825
v 0.07136991458373654 0.0024748328907568673 0.03600000170990825
v 0.07097606996053774 0.0015239946373959284 0.03600000170990825
v 0.07228769264246537 0.0037123107289223356 0.03650000173365697
v 0.07266943704536288 0.004058304979441263 0.03650000173365697
v 0.07228769264246537 0.0037123107289223356 0.03600000170990825
v 0.0730832630537881 0.004365215508850273 0.03650000173365697
v 0.07352517286481675 0.004630086641883857 0.03650000173365697
v 0.07352517286481675 0.004630086641883857 0.03600000170990825
v 0.07266943704536288 0.004058304979441263 0.03600000170990825
v 0.07399091690549309 0.004850367776461639 0.03650000173365697
v 0.07447600909161967 0.00502393698712883 0.03650000173365697
v 0.07399091690549309 0.004850367776461639 0.03600000170990825
v 0.07497578023352158 0.005149122959566543 0.03650000173365697
v 0.07548541618302096 0.005224720249381587 0.03650000173365697
v 0.07497578023352158 0.005149122959566543 0.03600000170990825
v 0.07447600909161967 0.00502393698712883 0.03600000170990825
v 0.0719416995840394 0.0033305648955132827 0.03600000170990825
v 0.0730832630537881 0.004365215508850273 0.03600000170990825
v 0.07548541618302096 0.005224720249381587 0.03600000170990825
v 0.0760000036098063 0.005250000249361619 0.03650000173365697
v 0.0760000036098063 0.005250000249361619 0.03600000170990825
v 0.07651459103659164 0.005224720249381587 0.03650000173365697
v 0.07702422698609102 0.005149122959566543 0.03650000173365697
v 0.07651459103659164 0.005224720249381587 0.03600000170990825
v 0.07752399812799293 0.00502393698712883 0.03650000173365697
v 0.07800909031411951 0.004850367776461639 0.03650000173365697
v 0.07752399812799293 0.00502393698712883 0.03600000170990825
v 0.07702422698609102 0.005149122959566543 0.03600000170990825
v 0.07847483435479585 0.004630086641883857 0.03650000173365697
v 0.0789167441658245 0.004365215508850273 0.03650000173365697
v 0.07847483435479585 0.004630086641883857 0.03600000170990825
v 0.07933057017424971 0.004058304979441263 0.03650000173365697
v 0.07971231457714723 0.0037123107289223356 0.03650000173365697
v 0.07933057017424971 0.004058304979441263 0.03600000170990825
v 0.0789167441658245 0.004365215508850273 0.03600000170990825
v 0.0800583076355732 0.0033305648955132827 0.03650000173365697
v 0.08036522293335402 0.0029167438938784707 0.03650000173365697
v 0.0800583076355732 0.0033305648955132827 0.03600000170990825
v 0.08063009263587606 0.0024748328907568673 0.03650000173365697
v 0.08085036852524485 0.0020090881348247547 0.03650000173365697
v 0.08063009263587606 0.0024748328907568673 0.03600000170990825
v 0.08036522293335402 0.0029167438938784707 0.03600000170990825
v 0.08102393725907486 0.0015239946373959284 0.03650000173365697
v 0.08114912799988439 0.0010242242107497829 0.03650000173365697
v 0.08102393725907486 0.0015239946373959284 0.03600000170990825
v 0.08122472004449044 0.0005145899897851872 0.03650000173365697
v 0.08125000385916792 -6.520993907264129e-16 0.03650000173365697
v 0.08122472004449044 0.0005145899897851872 0.03600000170990825
v 0.08114912799988439 0.0010242242107497829 0.03600000170990825
v 0.08085036852524485 0.0020090881348247547 0.03600000170990825
v 0.07971231457714723 0.0037123107289223356 0.03600000170990825
v 0.07800909031411951 0.004850367776461639 0.03600000170990825
v 0.08125000385916792 -6.520993907264129e-16 0.03600000170990825
v 0.07290000498844318 -6.802012076405897e-16 0.03800000180490315
v 0.07295956767437772 0.0006047800470551298 0.03800000180490315
v 0.07291492808485511 0.0003038531388123607 0.03800000180490315
v 0.07313597454310816 0.0011863186922876634 0.03800000180490315
v 0.07342245069196895 0.0017222678287286824 0.03800000180490315
v 0.0732660480966496 0.0014613300063906487 0.03800000180490315
v 0.07303348888150207 0.0008998825381454148 0.03800000180490315
v 0.07380797164533881 0.0021920310107931273 0.03800000180490315
v 0.07427773637712409 0.00257755601727902 0.03800000180490315
v 0.07403338211747101 0.0023963326161847986 0.03800000180490315
v 0.07481368610961159 0.002864026682512233 0.03800000180490315
v 0.0753952214765885 0.0030404345049170334 0.03800000180490315
v 0.07510012411149791 0.0029665152051414068 0.03800000180490315
v 0.07453867694127592 0.002733955989993875 0.03800000180490315
v 0.07360367170887727 0.0019666192273586763 0.03800000180490315
v 0.07569614769937782 0.0030850729023466916 0.03800000180490315
v 0.0760000036098063 0.003100000051874663 0.03800000180490315
v 0.07630385952023477 0.0030850729023466916 0.03800000180490315
v 0.07689988310811469 0.0029665152051414068 0.03800000180490315
v 0.0766047857430241 0.0030404345049170334 0.03800000180490315
v 0.07746133027833668 0.002733955989993875 0.03800000180490315
v 0.07796662510214158 0.0023963326161847986 0.03800000180490315
v 0.0777222708424885 0.00257755601727902 0.03800000180490315
v 0.07718632111000101 0.002864026682512233 0.03800000180490315
v 0.07839633551073533 0.0019666192273586763 0.03800000180490315
v 0.078733959122963 0.0014613300063906487 0.03800000180490315
v 0.07857755652764364 0.0017222678287286824 0.03800000180490315
v 0.07896651833811053 0.0008998825381454148 0.03800000180490315
v 0.07908507913475749 0.0003038531388123607 0.03800000180490315
v 0.07904043954523488 0.0006047800470551298 0.03800000180490315
v 0.07886403267650444 0.0011863186922876634 0.03800000180490315
v 0.07819203557427379 0.0021920310107931273 0.03800000180490315
v 0.07910000223116942 -6.923806475338065e-16 0.03800000180490315
v 0.07615307978895203 -0.0025000001187436283 0.018769553122340854
v 0.07628284816669773 -0.0025000001187436283 0.018682843142026062
v 0.07690000517843298 -0.0025000001187436283 0.020200001722388006
v 0.0763695562396638 -0.0025000001187436283 0.018553074764280364
v 0.0760000036098063 -0.0025000001187436283 0.018800000130012595
v 0.07640000515468426 -0.0025000001187436283 0.01840000049248336
v 0.07640000515468426 -0.0025000001187436283 0.017400000444985908
v 0.07690000517843298 -0.0025000001187436283 0.016606276347227444
v 0.0763695562396638 -0.0025000001187436283 0.017246928080537627
v 0.07671282560411274 -0.0025000001187436283 0.016434660738490203
v 0.07584692743066057 -0.0025000001187436283 0.018769553122340854
v 0.07510000204117961 -0.0025000001187436283 0.020200001722388006
v 0.07571715905291487 -0.0025000001187436283 0.018682843142026062
v 0.0756304509799488 -0.0025000001187436283 0.018553074764280364
v 0.07510000204117961 -0.0025000001187436283 0.016606276347227444
v 0.07560000206492834 -0.0025000001187436283 0.01840000049248336
v 0.07560000206492834 -0.0025000001187436283 0.017400000444985908
v 0.07625252132199556 -0.0025000001187436283 0.01622687035386483
v 0.07628284816669773 -0.0025000001187436283 0.017117157795443205
v 0.07615307978895203 -0.0025000001187436283 0.017030449722477137
v 0.0760000036098063 -0.0025000001187436283 0.017000000807456672
v 0.0760000036098063 -0.0025000001187436283 0.0162000015323982
v 0.07649373227095246 -0.0025000001187436283 0.016306275188568975
v 0.07571715905291487 -0.0025000001187436283 0.017117157795443205
v 0.0756304509799488 -0.0025000001187436283 0.017246928080537627
v 0.07550627494866013 -0.0025000001187436283 0.016306275188568975
v 0.07528718161549985 -0.0025000001187436283 0.016434660738490203
v 0.07574748589761704 -0.0025000001187436283 0.01622687035386483
v 0.07584692743066057 -0.0025000001187436283 0.017030449722477137
v 0.07625252132199556 -0.002200000152178111 0.01622687035386483
v 0.0760000036098063 -0.002200000152178111 0.0162000015323982
v 0.07615307978895203 -0.002200000152178111 0.017030449722477137
v 0.07649373227095246 -0.002200000152178111 0.016306275188568975
v 0.07628284816669773 -0.002200000152178111 0.017117157795443205
v 0.07671282560411274 -0.002200000152178111 0.016434660738490203
v 0.0763695562396638 -0.002200000152178111 0.017246928080537627
v 0.07640000515468426 -0.002200000152178111 0.017400000444985908
v 0.07690000517843298 -0.002200000152178111 0.016606276347227444
v 0.0760000036098063 -0.002200000152178111 0.017000000807456672
v 0.0756304509799488 -0.002200000152178111 0.017246928080537627
v 0.07550627494866013 -0.002200000152178111 0.016306275188568975
v 0.07528718161549985 -0.002200000152178111 0.016434660738490203
v 0.07574748589761704 -0.002200000152178111 0.01622687035386483
v 0.07571715905291487 -0.002200000152178111 0.017117157795443205
v 0.07584692743066057 -0.002200000152178111 0.017030449722477137
v 0.07510000204117961 -0.002200000152178111 0.016606276347227444
v 0.07560000206492834 -0.002200000152178111 0.017400000444985908
v 0.07640000515468426 -0.002200000152178111 0.01840000049248336
v 0.07628284816669773 -0.002200000152178111 0.018682843142026062
v 0.07690000517843298 -0.002200000152178111 0.020200001722388006
v 0.0763695562396638 -0.002200000152178111 0.018553074764280364
v 0.07615307978895203 -0.002200000152178111 0.018769553122340854
v 0.0760000036098063 -0.002200000152178111 0.018800000130012595
v 0.07510000204117961 -0.002200000152178111 0.020200001722388006
v 0.07560000206492834 -0.002200000152178111 0.01840000049248336
v 0.0756304509799488 -0.002200000152178111 0.018553074764280364
v 0.07584692743066057 -0.002200000152178111 0.018769553122340854
v 0.07571715905291487 -0.002200000152178111 0.018682843142026062
v 0.07690000517843298 -0.002200000152178111 0.020200001722388006
v 0.07690000517843298 -0.0025000001187436283 0.016606276347227444
v 0.07690000517843298 -0.002200000152178111 0.016606276347227444
v 0.07690000517843298 -0.0025000001187436283 0.020200001722388006
v 0.07510000204117961 -0.0025000001187436283 0.016606276347227444
v 0.07510000204117961 -0.0025000001187436283 0.020200001722388006
v 0.07510000204117961 -0.002200000152178111 0.020200001722388006
v 0.07510000204117961 -0.002200000152178111 0.016606276347227444
v 0.07690000517843298 -0.002200000152178111 0.020200001722388006
v 0.07864577094738756 -0.0014141902403195378 0.020200001722388006
v 0.0784944113820929 -0.0016667108135318826 0.020200001722388006
v 0.0783190344816731 -0.001903179974353103 0.020200001722388006
v 0.07812132634239966 -0.0021213203484074517 0.020200001722388006
v 0.07877164070434262 -0.0011480503627570027 0.020200001722388006
v 0.07887082283795976 -0.0008708540614820598 0.020200001722388006
v 0.07894235604448241 -0.0005852709690563548 0.020200001722388006
v 0.07898556130776502 -0.00029405142273439266 0.020200001722388006
v 0.07790318668360108 -0.002319031587122572 0.020200001722388006
v 0.07690000517843298 -0.0025000001187436283 0.020200001722388006
v 0.07687086088993933 -0.0028708211355021884 0.020200001722388006
v 0.07658527738028109 -0.0029423560109549662 0.020200001722388006
v 0.07629405574779646 -0.0029855543600984524 0.020200001722388006
v 0.0760000036098063 -0.0025000001187436283 0.020200001722388006
v 0.0760000036098063 -0.003000000142492354 0.020200001722388006
v 0.07766671358887312 -0.002494408964379552 0.020200001722388006
v 0.07741419587668386 -0.002645763999720996 0.020200001722388006
v 0.07714805206521458 -0.0027716387634664497 0.020200001722388006
v 0.07900000375229865 -3.804906603208651e-16 0.020200001722388006
v 0.07510000204117961 -0.002200000152178111 0.020200001722388006
v 0.07690000517843298 0.002200000152178111 0.020200001722388006
v 0.07629405574779646 0.0029855543600984524 0.020200001722388006
v 0.0760000036098063 0.0025000001187436283 0.020200001722388006
v 0.0760000036098063 0.003000000142492354 0.020200001722388006
v 0.07894235604448241 0.0005852709690563548 0.020200001722388006
v 0.07898556130776502 0.00029405142273439266 0.020200001722388006
v 0.07570595147181614 -0.0029855543600984524 0.020200001722388006
v 0.07887082283795976 0.0008708540614820598 0.020200001722388006
v 0.07877164070434262 0.0011480503627570027 0.020200001722388006
v 0.07864577094738756 0.0014141902403195378 0.020200001722388006
v 0.0783190344816731 0.001903179974353103 0.020200001722388006
v 0.07812132634239966 0.0021213203484074517 0.020200001722388006
v 0.0784944113820929 0.0016667108135318826 0.020200001722388006
v 0.07766671358887312 0.002494408964379552 0.020200001722388006
v 0.07790318668360108 0.002319031587122572 0.020200001722388006
v 0.07741419587668386 0.002645763999720996 0.020200001722388006
v 0.07690000517843298 0.0025000001187436283 0.020200001722388006
v 0.07714805206521458 0.0027716387634664497 0.020200001722388006
v 0.07687086088993933 0.0028708211355021884 0.020200001722388006
v 0.07658527738028109 0.0029423560109549662 0.020200001722388006
v 0.0754147298393315 -0.0029423560109549662 0.020200001722388006
v 0.07510000204117961 -0.0025000001187436283 0.020200001722388006
v 0.07512914632967327 -0.0028708211355021884 0.020200001722388006
v 0.07485195515439802 -0.0027716387634664497 0.020200001722388006
v 0.07458581134292874 -0.002645763999720996 0.020200001722388006
v 0.07433329363073948 -0.002494408964379552 0.020200001722388006
v 0.07409682053601152 -0.002319031587122572 0.020200001722388006
v 0.07387868087721294 -0.0021213203484074517 0.020200001722388006
v 0.07510000204117961 0.002200000152178111 0.020200001722388006
v 0.0736809727379395 -0.001903179974353103 0.020200001722388006
v 0.0735055958375197 -0.0016667108135318826 0.020200001722388006
v 0.07335423627222504 -0.0014141902403195378 0.020200001722388006
v 0.07322836651526998 -0.0011480503627570027 0.020200001722388006
v 0.07312918438165283 -0.0008708540614820598 0.020200001722388006
v 0.07305765117513019 -0.0005852709690563548 0.020200001722388006
v 0.07301444591184758 -0.00029405142273439266 0.020200001722388006
v 0.07300000346731395 -3.780413932867778e-16 0.020200001722388006
v 0.0754147298393315 0.0029423560109549662 0.020200001722388006
v 0.07510000204117961 0.0025000001187436283 0.020200001722388006
v 0.07458581134292874 0.002645763999720996 0.020200001722388006
v 0.07433329363073948 0.002494408964379552 0.020200001722388006
v 0.07409682053601152 0.002319031587122572 0.020200001722388006
v 0.07485195515439802 0.0027716387634664497 0.020200001722388006
v 0.07570595147181614 0.0029855543600984524 0.020200001722388006
v 0.07512914632967327 0.0028708211355021884 0.020200001722388006
v 0.07312918438165283 0.0008708540614820598 0.020200001722388006
v 0.07322836651526998 0.0011480503627570027 0.020200001722388006
v 0.07305765117513019 0.0005852709690563548 0.020200001722388006
v 0.07335423627222504 0.0014141902403195378 0.020200001722388006
v 0.07387868087721294 0.0021213203484074517 0.020200001722388006
v 0.0736809727379395 0.001903179974353103 0.020200001722388006
v 0.0735055958375197 0.0016667108135318826 0.020200001722388006
v 0.07301444591184758 0.00029405142273439266 0.020200001722388006
v 0.07649373227095246 0.0025000001187436283 0.016306275188568975
v 0.07625252132199556 0.0025000001187436283 0.01622687035386483
v 0.07628284816669773 0.0025000001187436283 0.017117157795443205
v 0.0763695562396638 0.0025000001187436283 0.017246928080537627
v 0.07615307978895203 0.0025000001187436283 0.017030449722477137
v 0.07690000517843298 0.0025000001187436283 0.016606276347227444
v 0.07671282560411274 0.0025000001187436283 0.016434660738490203
v 0.07640000515468426 0.0025000001187436283 0.017400000444985908
v 0.0760000036098063 0.0025000001187436283 0.0162000015323982
v 0.0760000036098063 0.0025000001187436283 0.017000000807456672
v 0.07550627494866013 0.0025000001187436283 0.016306275188568975
v 0.07571715905291487 0.0025000001187436283 0.017117157795443205
v 0.07574748589761704 0.0025000001187436283 0.01622687035386483
v 0.07584692743066057 0.0025000001187436283 0.017030449722477137
v 0.07528718161549985 0.0025000001187436283 0.016434660738490203
v 0.0756304509799488 0.0025000001187436283 0.017246928080537627
v 0.07510000204117961 0.0025000001187436283 0.016606276347227444
v 0.07560000206492834 0.0025000001187436283 0.017400000444985908
v 0.07640000515468426 0.0025000001187436283 0.01840000049248336
v 0.07628284816669773 0.0025000001187436283 0.018682843142026062
v 0.07690000517843298 0.0025000001187436283 0.020200001722388006
v 0.0763695562396638 0.0025000001187436283 0.018553074764280364
v 0.07615307978895203 0.0025000001187436283 0.018769553122340854
v 0.0760000036098063 0.0025000001187436283 0.018800000130012595
v 0.07510000204117961 0.0025000001187436283 0.020200001722388006
v 0.07560000206492834 0.0025000001187436283 0.01840000049248336
v 0.0756304509799488 0.0025000001187436283 0.018553074764280364
v 0.07584692743066057 0.0025000001187436283 0.018769553122340854
v 0.07571715905291487 0.0025000001187436283 0.018682843142026062
v 0.07615307978895203 0.002200000152178111 0.018769553122340854
v 0.07628284816669773 0.002200000152178111 0.018682843142026062
v 0.07690000517843298 0.002200000152178111 0.020200001722388006
v 0.0763695562396638 0.002200000152178111 0.018553074764280364
v 0.0760000036098063 0.002200000152178111 0.018800000130012595
v 0.07640000515468426 0.002200000152178111 0.01840000049248336
v 0.07640000515468426 0.002200000152178111 0.017400000444985908
v 0.07690000517843298 0.002200000152178111 0.016606276347227444
v 0.0763695562396638 0.002200000152178111 0.017246928080537627
v 0.07671282560411274 0.002200000152178111 0.016434660738490203
v 0.07584692743066057 0.002200000152178111 0.018769553122340854
v 0.07510000204117961 0.002200000152178111 0.020200001722388006
v 0.07571715905291487 0.002200000152178111 0.018682843142026062
v 0.0756304509799488 0.002200000152178111 0.018553074764280364
v 0.07510000204117961 0.002200000152178111 0.016606276347227444
v 0.07560000206492834 0.002200000152178111 0.01840000049248336
v 0.07560000206492834 0.002200000152178111 0.017400000444985908
v 0.07625252132199556 0.002200000152178111 0.01622687035386483
v 0.07628284816669773 0.002200000152178111 0.017117157795443205
v 0.07615307978895203 0.002200000152178111 0.017030449722477137
v 0.0760000036098063 0.002200000152178111 0.017000000807456672
v 0.0760000036098063 0.002200000152178111 0.0162000015323982
v 0.07649373227095246 0.002200000152178111 0.016306275188568975
v 0.07571715905291487 0.002200000152178111 0.017117157795443205
v 0.0756304509799488 0.002200000152178111 0.017246928080537627
v 0.07550627494866013 0.002200000152178111 0.016306275188568975
v 0.07528718161549985 0.002200000152178111 0.016434660738490203
v 0.07574748589761704 0.002200000152178111 0.01622687035386483
v 0.07584692743066057 0.002200000152178111 0.017030449722477137
v 0.07510000204117961 0.0025000001187436283 0.016606276347227444
v 0.07510000204117961 0.002200000152178111 0.020200001722388006
v 0.07510000204117961 0.0025000001187436283 0.020200001722388006
v 0.07510000204117961 0.002200000152178111 0.016606276347227444
v 0.07690000517843298 0.0025000001187436283 0.020200001722388006
v 0.07690000517843298 0.002200000152178111 0.016606276347227444
v 0.07690000517843298 0.0025000001187436283 0.016606276347227444
v 0.07690000517843298 0.002200000152178111 0.020200001722388006
v 0.07812132634239966 -0.0021213203484074517 0.03930000110371035
v 0.0784944113820929 -0.0016667108135318826 0.03930000110371035
v 0.07864577094738756 -0.0014141902403195378 0.03930000110371035
v 0.0783190344816731 -0.001903179974353103 0.03930000110371035
v 0.07864577094738756 0.0014141902403195378 0.03930000110371035
v 0.07335423627222504 -0.0014141902403195378 0.03930000110371035
v 0.07894235604448241 -0.0005852709690563548 0.03930000110371035
v 0.07887082283795976 -0.0008708540614820598 0.03930000110371035
v 0.07877164070434262 -0.0011480503627570027 0.03930000110371035
v 0.07900000375229865 -7.036445870690927e-16 0.03930000110371035
v 0.07898556130776502 -0.00029405142273439266 0.03930000110371035
v 0.07790318668360108 -0.002319031587122572 0.03930000110371035
v 0.07658527738028109 -0.0029423560109549662 0.03930000110371035
v 0.07687086088993933 -0.0028708211355021884 0.03930000110371035
v 0.07714805206521458 -0.0027716387634664497 0.03930000110371035
v 0.07629405574779646 -0.0029855543600984524 0.03930000110371035
v 0.07570595147181614 -0.0029855543600984524 0.03930000110371035
v 0.07766671358887312 -0.002494408964379552 0.03930000110371035
v 0.07741419587668386 -0.002645763999720996 0.03930000110371035
v 0.07485195515439802 -0.0027716387634664497 0.03930000110371035
v 0.07894235604448241 0.0005852709690563548 0.03930000110371035
v 0.07898556130776502 0.00029405142273439266 0.03930000110371035
v 0.07887082283795976 0.0008708540614820598 0.03930000110371035
v 0.07877164070434262 0.0011480503627570027 0.03930000110371035
v 0.0784944113820929 0.0016667108135318826 0.03930000110371035
v 0.0783190344816731 0.001903179974353103 0.03930000110371035
v 0.07812132634239966 0.0021213203484074517 0.03930000110371035
v 0.07790318668360108 0.002319031587122572 0.03930000110371035
v 0.07766671358887312 0.002494408964379552 0.03930000110371035
v 0.07714805206521458 0.0027716387634664497 0.03930000110371035
v 0.07741419587668386 0.002645763999720996 0.03930000110371035
v 0.07658527738028109 0.0029423560109549662 0.03930000110371035
v 0.07687086088993933 0.0028708211355021884 0.03930000110371035
v 0.07485195515439802 0.0027716387634664497 0.03930000110371035
v 0.07629405574779646 0.0029855543600984524 0.03930000110371035
v 0.07570595147181614 0.0029855543600984524 0.03930000110371035
v 0.0760000036098063 -0.003000000142492354 0.03930000110371035
v 0.0754147298393315 -0.0029423560109549662 0.03930000110371035
v 0.07512914632967327 -0.0028708211355021884 0.03930000110371035
v 0.07409682053601152 -0.002319031587122572 0.03930000110371035
v 0.07433329363073948 -0.002494408964379552 0.03930000110371035
v 0.07458581134292874 -0.002645763999720996 0.03930000110371035
v 0.07387868087721294 -0.0021213203484074517 0.03930000110371035
v 0.0735055958375197 -0.0016667108135318826 0.03930000110371035
v 0.07305765117513019 0.0005852709690563548 0.03930000110371035
v 0.07322836651526998 -0.0011480503627570027 0.03930000110371035
v 0.07312918438165283 -0.0008708540614820598 0.03930000110371035
v 0.07305765117513019 -0.0005852709690563548 0.03930000110371035
v 0.07300000346731395 -7.027861699582547e-16 0.03930000110371035
v 0.07301444591184758 -0.00029405142273439266 0.03930000110371035
v 0.0736809727379395 -0.001903179974353103 0.03930000110371035
v 0.07409682053601152 0.002319031587122572 0.03930000110371035
v 0.07458581134292874 0.002645763999720996 0.03930000110371035
v 0.07433329363073948 0.002494408964379552 0.03930000110371035
v 0.07335423627222504 0.0014141902403195378 0.03930000110371035
v 0.0760000036098063 0.003000000142492354 0.03930000110371035
v 0.0754147298393315 0.0029423560109549662 0.03930000110371035
v 0.07512914632967327 0.0028708211355021884 0.03930000110371035
v 0.07312918438165283 0.0008708540614820598 0.03930000110371035
v 0.07322836651526998 0.0011480503627570027 0.03930000110371035
v 0.0735055958375197 0.0016667108135318826 0.03930000110371035
v 0.07387868087721294 0.0021213203484074517 0.03930000110371035
v 0.0736809727379395 0.001903179974353103 0.03930000110371035
v 0.07301444591184758 0.00029405142273439266 0.03930000110371035
v 0.07908507913475749 -0.0003038531388123607 0.03920000262483958
v 0.07904043954523488 -0.0006047800470551298 0.03920000262483958
v 0.07908507913475749 -0.0003038531388123607 0.03800000180490315
v 0.07896651833811053 -0.0008998825381454148 0.03920000262483958
v 0.07886403267650444 -0.0011863186922876634 0.03920000262483958
v 0.07896651833811053 -0.0008998825381454148 0.03800000180490315
v 0.078733959122963 -0.0014613300063906487 0.03920000262483958
v 0.07857755652764364 -0.0017222678287286824 0.03920000262483958
v 0.078733959122963 -0.0014613300063906487 0.03800000180490315
v 0.07886403267650444 -0.0011863186922876634 0.03800000180490315
v 0.07904043954523488 -0.0006047800470551298 0.03800000180490315
v 0.07839633551073533 -0.0019666192273586763 0.03920000262483958
v 0.07819203557427379 -0.0021920310107931273 0.03920000262483958
v 0.07839633551073533 -0.0019666192273586763 0.03800000180490315
v 0.07796662510214158 -0.0023963326161847986 0.03920000262483958
v 0.0777222708424885 -0.00257755601727902 0.03920000262483958
v 0.07796662510214158 -0.0023963326161847986 0.03800000180490315
v 0.07819203557427379 -0.0021920310107931273 0.03800000180490315
v 0.07746133027833668 -0.002733955989993875 0.03920000262483958
v 0.07718632111000101 -0.002864026682512233 0.03920000262483958
v 0.07746133027833668 -0.002733955989993875 0.03800000180490315
v 0.07689988310811469 -0.0029665152051414068 0.03920000262483958
v 0.0766047857430241 -0.0030404345049170334 0.03920000262483958
v 0.07689988310811469 -0.0029665152051414068 0.03800000180490315
v 0.07718632111000101 -0.002864026682512233 0.03800000180490315
v 0.0777222708424885 -0.00257755601727902 0.03800000180490315
v 0.07857755652764364 -0.0017222678287286824 0.03800000180490315
v 0.0766047857430241 -0.0030404345049170334 0.03800000180490315
v 0.07630385952023477 -0.0030850729023466916 0.03920000262483958
v 0.07630385952023477 -0.0030850729023466916 0.03800000180490315
v 0.07291492808485511 -0.0003038531388123607 0.03800000180490315
v 0.0760000036098063 -0.003100000051874663 0.03920000262483958
v 0.07569614769937782 -0.0030850729023466916 0.03920000262483958
v 0.0760000036098063 -0.003100000051874663 0.03800000180490315
v 0.0753952214765885 -0.0030404345049170334 0.03920000262483958
v 0.07510012411149791 -0.0029665152051414068 0.03920000262483958
v 0.0753952214765885 -0.0030404345049170334 0.03800000180490315
v 0.07569614769937782 -0.0030850729023466916 0.03800000180490315
v 0.07481368610961159 -0.002864026682512233 0.03920000262483958
v 0.07453867694127592 -0.002733955989993875 0.03920000262483958
v 0.07481368610961159 -0.002864026682512233 0.03800000180490315
v 0.07427773637712409 -0.00257755601727902 0.03920000262483958
v 0.07403338211747101 -0.0023963326161847986 0.03920000262483958
v 0.07427773637712409 -0.00257755601727902 0.03800000180490315
v 0.07453867694127592 -0.002733955989993875 0.03800000180490315
v 0.07510012411149791 -0.0029665152051414068 0.03800000180490315
v 0.07380797164533881 -0.0021920310107931273 0.03920000262483958
v 0.07360367170887727 -0.0019666192273586763 0.03920000262483958
v 0.07360367170887727 -0.0019666192273586763 0.03800000180490315
v 0.07342245069196895 -0.0017222678287286824 0.03920000262483958
v 0.0732660480966496 -0.0014613300063906487 0.03920000262483958
v 0.07342245069196895 -0.0017222678287286824 0.03800000180490315
v 0.07313597454310816 -0.0011863186922876634 0.03920000262483958
v 0.07303348888150207 -0.0008998825381454148 0.03920000262483958
v 0.07313597454310816 -0.0011863186922876634 0.03800000180490315
v 0.07295956767437772 -0.0006047800470551298 0.03920000262483958
v 0.07291492808485511 -0.0003038531388123607 0.03920000262483958
v 0.07295956767437772 -0.0006047800470551298 0.03800000180490315
v 0.07303348888150207 -0.0008998825381454148 0.03800000180490315
v 0.0732660480966496 -0.0014613300063906487 0.03800000180490315
v 0.07403338211747101 -0.0023963326161847986 0.03800000180490315
v 0.07380797164533881 -0.0021920310107931273 0.03800000180490315
v 0.07857755652764364 -0.0017222678287286824 0.03800000180490315
v 0.07911801523251327 -0.0020833884275078818 0.03800000180490315
v 0.078733959122963 -0.0014613300063906487 0.03800000180490315
v 0.07886403267650444 -0.0011863186922876634 0.03800000180490315
v 0.07930720896708543 -0.001767737830201746 0.03800000180490315
v 0.0788987921996398 -0.0023789750275460264 0.03800000180490315
v 0.07819203557427379 -0.0021920310107931273 0.03800000180490315
v 0.07865165321085055 -0.0026516505547186098 0.03800000180490315
v 0.07839633551073533 -0.0019666192273586763 0.03800000180490315
v 0.07837897863735233 -0.002898789305089272 0.03800000180490315
v 0.07958852764499813 -0.001088567547050251 0.03800000180490315
v 0.07967795178254633 -0.0007315887560239293 0.03800000180490315
v 0.07904043954523488 -0.0006047800470551298 0.03800000180490315
v 0.07973194501020853 -0.00036756430822031463 0.03800000180490315
v 0.07908507913475749 -0.0003038531388123607 0.03800000180490315
v 0.07896651833811053 -0.0008998825381454148 0.03800000180490315
v 0.0794645499779767 -0.0014350629534462533 0.03800000180490315
v 0.07910000223116942 -6.923806475338065e-16 0.03800000180490315
v 0.07743506990111282 -0.0034645485139377097 0.03800000180490315
v 0.07776774203605452 -0.0033072048804419496 0.03800000180490315
v 0.07746133027833668 -0.002733955989993875 0.03800000180490315
v 0.07808339299098854 -0.0031180111458697923 0.03800000180490315
v 0.0777222708424885 -0.00257755601727902 0.03800000180490315
v 0.07718632111000101 -0.002864026682512233 0.03800000180490315
v 0.07708857330262386 -0.0035885264193777355 0.03800000180490315
v 0.0760000036098063 -0.0037500001781154424 0.03800000180490315
v 0.07636756496759656 -0.0037319428309137703 0.03800000180490315
v 0.07630385952023477 -0.0030850729023466916 0.03800000180490315
v 0.07689988310811469 -0.0029665152051414068 0.03800000180490315
v 0.07673159391555107 -0.0036779450732983554 0.03800000180490315
v 0.0766047857430241 -0.0030404345049170334 0.03800000180490315
v 0.0760000036098063 -0.003100000051874663 0.03800000180490315
v 0.07563244225201604 -0.0037319428309137703 0.03800000180490315
v 0.07796662510214158 -0.0023963326161847986 0.03800000180490315
v 0.07904043954523488 0.0006047800470551298 0.03800000180490315
v 0.07973194501020853 0.00036756430822031463 0.03800000180490315
v 0.07967795178254633 0.0007315887560239293 0.03800000180490315
v 0.07958852764499813 0.001088567547050251 0.03800000180490315
v 0.07896651833811053 0.0008998825381454148 0.03800000180490315
v 0.07975000378792174 -6.692773823429668e-16 0.03800000180490315
v 0.07908507913475749 0.0003038531388123607 0.03800000180490315
v 0.07886403267650444 0.0011863186922876634 0.03800000180490315
v 0.07857755652764364 0.0017222678287286824 0.03800000180490315
v 0.07930720896708543 0.001767737830201746 0.03800000180490315
v 0.07911801523251327 0.0020833884275078818 0.03800000180490315
v 0.0788987921996398 0.0023789750275460264 0.03800000180490315
v 0.07839633551073533 0.0019666192273586763 0.03800000180490315
v 0.0794645499779767 0.0014350629534462533 0.03800000180490315
v 0.078733959122963 0.0014613300063906487 0.03800000180490315
v 0.07865165321085055 0.0026516505547186098 0.03800000180490315
v 0.07819203557427379 0.0021920310107931273 0.03800000180490315
v 0.07796662510214158 0.0023963326161847986 0.03800000180490315
v 0.0777222708424885 0.00257755601727902 0.03800000180490315
v 0.07837897863735233 0.002898789305089272 0.03800000180490315
v 0.07808339299098854 0.0031180111458697923 0.03800000180490315
v 0.07718632111000101 0.002864026682512233 0.03800000180490315
v 0.07746133027833668 0.002733955989993875 0.03800000180490315
v 0.07776774203605452 0.0033072048804419496 0.03800000180490315
v 0.07689988310811469 0.0029665152051414068 0.03800000180490315
v 0.07743506990111282 0.0034645485139377097 0.03800000180490315
v 0.07708857330262386 0.0035885264193777355 0.03800000180490315
v 0.07673159391555107 0.0036779450732983554 0.03800000180490315
v 0.07630385952023477 0.0030850729023466916 0.03800000180490315
v 0.0766047857430241 0.0030404345049170334 0.03800000180490315
v 0.07636756496759656 0.0037319428309137703 0.03800000180490315
v 0.0760000036098063 0.003100000051874663 0.03800000180490315
v 0.07569614769937782 -0.0030850729023466916 0.03800000180490315
v 0.07526841330406153 -0.0036779450732983554 0.03800000180490315
v 0.0753952214765885 -0.0030404345049170334 0.03800000180490315
v 0.07491143391698873 -0.0035885264193777355 0.03800000180490315
v 0.07456493731849978 -0.0034645485139377097 0.03800000180490315
v 0.07510012411149791 -0.0029665152051414068 0.03800000180490315
v 0.07481368610961159 -0.002864026682512233 0.03800000180490315
v 0.07423226518355808 -0.0033072048804419496 0.03800000180490315
v 0.07391661422862406 -0.0031180111458697923 0.03800000180490315
v 0.07453867694127592 -0.002733955989993875 0.03800000180490315
v 0.07427773637712409 -0.00257755601727902 0.03800000180490315
v 0.07334835400876205 -0.0026516505547186098 0.03800000180490315
v 0.07403338211747101 -0.0023963326161847986 0.03800000180490315
v 0.07380797164533881 -0.0021920310107931273 0.03800000180490315
v 0.07360367170887727 -0.0019666192273586763 0.03800000180490315
v 0.0731012150199728 -0.0023789750275460264 0.03800000180490315
v 0.07362102858226027 -0.002898789305089272 0.03800000180490315
v 0.07288199198709933 -0.0020833884275078818 0.03800000180490315
v 0.07342245069196895 -0.0017222678287286824 0.03800000180490315
v 0.0732660480966496 -0.0014613300063906487 0.03800000180490315
v 0.07313597454310816 -0.0011863186922876634 0.03800000180490315
v 0.0725354572416359 -0.0014350629534462533 0.03800000180490315
v 0.07269279825252717 -0.001767737830201746 0.03800000180490315
v 0.07241147957461447 -0.001088567547050251 0.03800000180490315
v 0.07232205543706627 -0.0007315887560239293 0.03800000180490315
v 0.07303348888150207 -0.0008998825381454148 0.03800000180490315
v 0.07295956767437772 -0.0006047800470551298 0.03800000180490315
v 0.07225000343169086 -6.799756393678901e-16 0.03800000180490315
v 0.07291492808485511 -0.0003038531388123607 0.03800000180490315
v 0.07290000498844318 -6.802012076405897e-16 0.03800000180490315
v 0.07226806220940407 -0.00036756430822031463 0.03800000180490315
v 0.07291492808485511 0.0003038531388123607 0.03800000180490315
v 0.07491143391698873 0.0035885264193777355 0.03800000180490315
v 0.07481368610961159 0.002864026682512233 0.03800000180490315
v 0.07510012411149791 0.0029665152051414068 0.03800000180490315
v 0.07563244225201604 0.0037319428309137703 0.03800000180490315
v 0.0753952214765885 0.0030404345049170334 0.03800000180490315
v 0.07569614769937782 0.0030850729023466916 0.03800000180490315
v 0.07526841330406153 0.0036779450732983554 0.03800000180490315
v 0.07362102858226027 0.002898789305089272 0.03800000180490315
v 0.07403338211747101 0.0023963326161847986 0.03800000180490315
v 0.07391661422862406 0.0031180111458697923 0.03800000180490315
v 0.07423226518355808 0.0033072048804419496 0.03800000180490315
v 0.07427773637712409 0.00257755601727902 0.03800000180490315
v 0.07453867694127592 0.002733955989993875 0.03800000180490315
v 0.07456493731849978 0.0034645485139377097 0.03800000180490315
v 0.0760000036098063 0.0037500001781154424 0.03800000180490315
v 0.07380797164533881 0.0021920310107931273 0.03800000180490315
v 0.07232205543706627 0.0007315887560239293 0.03800000180490315
v 0.07295956767437772 0.0006047800470551298 0.03800000180490315
v 0.07241147957461447 0.001088567547050251 0.03800000180490315
v 0.07303348888150207 0.0008998825381454148 0.03800000180490315
v 0.07313597454310816 0.0011863186922876634 0.03800000180490315
v 0.0725354572416359 0.0014350629534462533 0.03800000180490315
v 0.07226806220940407 0.00036756430822031463 0.03800000180490315
v 0.07269279825252717 0.001767737830201746 0.03800000180490315
v 0.0731012150199728 0.0023789750275460264 0.03800000180490315
v 0.07360367170887727 0.0019666192273586763 0.03800000180490315
v 0.07334835400876205 0.0026516505547186098 0.03800000180490315
v 0.07342245069196895 0.0017222678287286824 0.03800000180490315
v 0.07288199198709933 0.0020833884275078818 0.03800000180490315
v 0.0732660480966496 0.0014613300063906487 0.03800000180490315
v 0.08122472004449044 -0.0005145899897851872 0.03650000173365697
v 0.08114912799988439 -0.0010242242107497829 0.03650000173365697
v 0.08122472004449044 -0.0005145899897851872 0.03600000170990825
v 0.08102393725907486 -0.0015239946373959284 0.03650000173365697
v 0.08085036852524485 -0.0020090881348247547 0.03650000173365697
v 0.08102393725907486 -0.0015239946373959284 0.03600000170990825
v 0.08063009263587606 -0.0024748328907568673 0.03650000173365697
v 0.08036522293335402 -0.0029167438938784707 0.03650000173365697
v 0.08063009263587606 -0.0024748328907568673 0.03600000170990825
v 0.08085036852524485 -0.0020090881348247547 0.03600000170990825
v 0.08114912799988439 -0.0010242242107497829 0.03600000170990825
v 0.0800583076355732 -0.0033305648955132827 0.03650000173365697
v 0.07971231457714723 -0.0037123107289223356 0.03650000173365697
v 0.0800583076355732 -0.0033305648955132827 0.03600000170990825
v 0.07933057017424971 -0.004058304979441263 0.03650000173365697
v 0.0789167441658245 -0.004365215508850273 0.03650000173365697
v 0.07933057017424971 -0.004058304979441263 0.03600000170990825
v 0.07971231457714723 -0.0037123107289223356 0.03600000170990825
v 0.07847483435479585 -0.004630086641883857 0.03650000173365697
v 0.07800909031411951 -0.004850367776461639 0.03650000173365697
v 0.07847483435479585 -0.004630086641883857 0.03600000170990825
v 0.07752399812799293 -0.00502393698712883 0.03650000173365697
v 0.07702422698609102 -0.005149122959566543 0.03650000173365697
v 0.07702422698609102 -0.005149122959566543 0.03600000170990825
v 0.07800909031411951 -0.004850367776461639 0.03600000170990825
v 0.0789167441658245 -0.004365215508850273 0.03600000170990825
v 0.08036522293335402 -0.0029167438938784707 0.03600000170990825
v 0.07752399812799293 -0.00502393698712883 0.03600000170990825
v 0.07651459103659164 -0.005224720249381587 0.03650000173365697
v 0.07651459103659164 -0.005224720249381587 0.03600000170990825
v 0.07077528717512216 -0.0005145899897851872 0.03600000170990825
v 0.0760000036098063 -0.005250000249361619 0.03650000173365697
v 0.07548541618302096 -0.005224720249381587 0.03650000173365697
v 0.07548541618302096 -0.005224720249381587 0.03600000170990825
v 0.07497578023352158 -0.005149122959566543 0.03650000173365697
v 0.07447600909161967 -0.00502393698712883 0.03650000173365697
v 0.07447600909161967 -0.00502393698712883 0.03600000170990825
v 0.07497578023352158 -0.005149122959566543 0.03600000170990825
v 0.07399091690549309 -0.004850367776461639 0.03650000173365697
v 0.07352517286481675 -0.004630086641883857 0.03650000173365697
v 0.07399091690549309 -0.004850367776461639 0.03600000170990825
v 0.0730832630537881 -0.004365215508850273 0.03650000173365697
v 0.07266943704536288 -0.004058304979441263 0.03650000173365697
v 0.07266943704536288 -0.004058304979441263 0.03600000170990825
v 0.07352517286481675 -0.004630086641883857 0.03600000170990825
v 0.07228769264246537 -0.0037123107289223356 0.03650000173365697
v 0.0719416995840394 -0.0033305648955132827 0.03650000173365697
v 0.0719416995840394 -0.0033305648955132827 0.03600000170990825
v 0.07163478428625858 -0.0029167438938784707 0.03650000173365697
v 0.07136991458373654 -0.0024748328907568673 0.03650000173365697
v 0.07136991458373654 -0.0024748328907568673 0.03600000170990825
v 0.07163478428625858 -0.0029167438938784707 0.03600000170990825
v 0.07114963869436775 -0.0020090881348247547 0.03650000173365697
v 0.07097606996053774 -0.0015239946373959284 0.03650000173365697
v 0.07097606996053774 -0.0015239946373959284 0.03600000170990825
v 0.07085087921972821 -0.0010242242107497829 0.03650000173365697
v 0.07077528717512216 -0.0005145899897851872 0.03650000173365697
v 0.07085087921972821 -0.0010242242107497829 0.03600000170990825
v 0.07114963869436775 -0.0020090881348247547 0.03600000170990825
v 0.07228769264246537 -0.0037123107289223356 0.03600000170990825
v 0.0760000036098063 -0.005250000249361619 0.03600000170990825
v 0.0730832630537881 -0.004365215508850273 0.03600000170990825
v 0.07114963869436775 -0.0020090881348247547 0.03600000170990825
v 0.07239687691278807 -0.0014924654477422444 0.03600000170990825
v 0.07136991458373654 -0.0024748328907568673 0.03600000170990825
v 0.07097606996053774 -0.0015239946373959284 0.03600000170990825
v 0.07226793250969088 -0.0011321102918476073 0.03600000170990825
v 0.07256051217446657 -0.0018384474197037648 0.03600000170990825
v 0.07163478428625858 -0.0029167438938784707 0.03600000170990825
v 0.07228769264246537 -0.0037123107289223356 0.03600000170990825
v 0.0719416995840394 -0.0033305648955132827 0.03600000170990825
v 0.07298526347637946 -0.0024741338474497387 0.03600000170990825
v 0.07275727426877321 -0.002166724069512377 0.03600000170990825
v 0.07324229016095085 -0.0027577165482971233 0.03600000170990825
v 0.07266943704536288 -0.004058304979441263 0.03600000170990825
v 0.07077528717512216 -0.0005145899897851872 0.03600000170990825
v 0.07075000336044468 -6.447624316463908e-16 0.03600000170990825
v 0.07211878546891537 -0.00038226686743610475 0.03600000170990825
v 0.07077528717512216 0.0005145899897851872 0.03600000170990825
v 0.07210000189868726 -5.189919378982117e-16 0.03600000170990825
v 0.07085087921972821 -0.0010242242107497829 0.03600000170990825
v 0.07217493781533246 -0.0007608523134174441 0.03600000170990825
v 0.07352517286481675 -0.004630086641883857 0.03600000170990825
v 0.07416155595168394 -0.0034394931042698584 0.03600000170990825
v 0.07399091690549309 -0.004850367776461639 0.03600000170990825
v 0.0730832630537881 -0.004365215508850273 0.03600000170990825
v 0.07383327834820097 -0.0032427317252189947 0.03600000170990825
v 0.07447600909161967 -0.00502393698712883 0.03600000170990825
v 0.07450754138071503 -0.0036031302732970893 0.03600000170990825
v 0.07523915457464447 -0.003825062695032161 0.03600000170990825
v 0.07548541618302096 -0.005224720249381587 0.03600000170990825
v 0.07497578023352158 -0.005149122959566543 0.03600000170990825
v 0.07561774040805602 -0.003881220525076834 0.03600000170990825
v 0.0760000036098063 -0.005250000249361619 0.03600000170990825
v 0.0748678929603308 -0.003732067523836563 0.03600000170990825
v 0.07352586713975207 -0.003014740848682612 0.03600000170990825
v 0.07085087921972821 0.0010242242107497829 0.03600000170990825
v 0.07211878546891537 0.00038226686743610475 0.03600000170990825
v 0.07097606996053774 0.0015239946373959284 0.03600000170990825
v 0.07226793250969088 0.0011321102918476073 0.03600000170990825
v 0.07217493781533246 0.0007608523134174441 0.03600000170990825
v 0.07114963869436775 0.0020090881348247547 0.03600000170990825
v 0.07239687691278807 0.0014924654477422444 0.03600000170990825
v 0.07256051217446657 0.0018384474197037648 0.03600000170990825
v 0.07275727426877321 0.002166724069512377 0.03600000170990825
v 0.07136991458373654 0.0024748328907568673 0.03600000170990825
v 0.07163478428625858 0.0029167438938784707 0.03600000170990825
v 0.0719416995840394 0.0033305648955132827 0.03600000170990825
v 0.07298526347637946 0.0024741338474497387 0.03600000170990825
v 0.07228769264246537 0.0037123107289223356 0.03600000170990825
v 0.07324229016095085 0.0027577165482971233 0.03600000170990825
v 0.07266943704536288 0.004058304979441263 0.03600000170990825
v 0.07352586713975207 0.003014740848682612 0.03600000170990825
v 0.07383327834820097 0.0032427317252189947 0.03600000170990825
v 0.0730832630537881 0.004365215508850273 0.03600000170990825
v 0.07416155595168394 0.0034394931042698584 0.03600000170990825
v 0.07399091690549309 0.004850367776461639 0.03600000170990825
v 0.0748678929603308 0.003732067523836563 0.03600000170990825
v 0.07450754138071503 0.0036031302732970893 0.03600000170990825
v 0.07497578023352158 0.005149122959566543 0.03600000170990825
v 0.07561774040805602 0.003881220525076834 0.03600000170990825
v 0.07523915457464447 0.003825062695032161 0.03600000170990825
v 0.07447600909161967 0.00502393698712883 0.03600000170990825
v 0.07352517286481675 0.004630086641883857 0.03600000170990825
v 0.07548541618302096 0.005224720249381587 0.03600000170990825
v 0.0760000036098063 0.0039000002806074963 0.03600000170990825
v 0.0760000036098063 0.005250000249361619 0.03600000170990825
v 0.07638226681155658 0.003881220525076834 0.03600000170990825
v 0.0760000036098063 -0.0039000002806074963 0.03600000170990825
v 0.07651459103659164 -0.005224720249381587 0.03600000170990825
v 0.07638226681155658 -0.003881220525076834 0.03600000170990825
v 0.07702422698609102 -0.005149122959566543 0.03600000170990825
v 0.07713211425928179 -0.003732067523836563 0.03600000170990825
v 0.07800909031411951 -0.004850367776461639 0.03600000170990825
v 0.07752399812799293 -0.00502393698712883 0.03600000170990825
v 0.07749246583889757 -0.0036031302732970893 0.03600000170990825
v 0.07847483435479585 -0.004630086641883857 0.03600000170990825
v 0.07676085264496812 -0.003825062695032161 0.03600000170990825
v 0.0789167441658245 -0.004365215508850273 0.03600000170990825
v 0.07783845126792865 -0.0034394931042698584 0.03600000170990825
v 0.07816672887141163 -0.0032427317252189947 0.03600000170990825
v 0.07847414007986053 -0.003014740848682612 0.03600000170990825
v 0.07875771705866175 -0.0027577165482971233 0.03600000170990825
v 0.07971231457714723 -0.0037123107289223356 0.03600000170990825
v 0.07933057017424971 -0.004058304979441263 0.03600000170990825
v 0.0800583076355732 -0.0033305648955132827 0.03600000170990825
v 0.07901474374323314 -0.0024741338474497387 0.03600000170990825
v 0.07924273295083939 -0.002166724069512377 0.03600000170990825
v 0.08036522293335402 -0.0029167438938784707 0.03600000170990825
v 0.08063009263587606 -0.0024748328907568673 0.03600000170990825
v 0.07943949504514602 -0.0018384474197037648 0.03600000170990825
v 0.08085036852524485 -0.0020090881348247547 0.03600000170990825
v 0.07960313030682453 -0.0014924654477422444 0.03600000170990825
v 0.08114912799988439 -0.0010242242107497829 0.03600000170990825
v 0.07973207470992172 -0.0011321102918476073 0.03600000170990825
v 0.07982506940428014 -0.0007608523134174441 0.03600000170990825
v 0.08102393725907486 -0.0015239946373959284 0.03600000170990825
v 0.08122472004449044 -0.0005145899897851872 0.03600000170990825
v 0.08125000385916792 -6.520993907264129e-16 0.03600000170990825
v 0.07988122175069723 -0.00038226686743610475 0.03600000170990825
v 0.07847483435479585 0.004630086641883857 0.03600000170990825
v 0.07816672887141163 0.0032427317252189947 0.03600000170990825
v 0.07783845126792865 0.0034394931042698584 0.03600000170990825
v 0.07752399812799293 0.00502393698712883 0.03600000170990825
v 0.07749246583889757 0.0036031302732970893 0.03600000170990825
v 0.07713211425928179 0.003732067523836563 0.03600000170990825
v 0.07800909031411951 0.004850367776461639 0.03600000170990825
v 0.07901474374323314 0.0024741338474497387 0.03600000170990825
v 0.07875771705866175 0.0027577165482971233 0.03600000170990825
v 0.07971231457714723 0.0037123107289223356 0.03600000170990825
v 0.07933057017424971 0.004058304979441263 0.03600000170990825
v 0.07847414007986053 0.003014740848682612 0.03600000170990825
v 0.0789167441658245 0.004365215508850273 0.03600000170990825
v 0.07651459103659164 0.005224720249381587 0.03600000170990825
v 0.07676085264496812 0.003825062695032161 0.03600000170990825
v 0.07702422698609102 0.005149122959566543 0.03600000170990825
v 0.0800583076355732 0.0033305648955132827 0.03600000170990825
v 0.07924273295083939 0.002166724069512377 0.03600000170990825
v 0.08114912799988439 0.0010242242107497829 0.03600000170990825
v 0.07988122175069723 0.00038226686743610475 0.03600000170990825
v 0.07982506940428014 0.0007608523134174441 0.03600000170990825
v 0.07973207470992172 0.0011321102918476073 0.03600000170990825
v 0.07960313030682453 0.0014924654477422444 0.03600000170990825
v 0.08085036852524485 0.0020090881348247547 0.03600000170990825
v 0.08102393725907486 0.0015239946373959284 0.03600000170990825
v 0.08122472004449044 0.0005145899897851872 0.03600000170990825
v 0.07990000532092534 -5.221759687794918e-16 0.03600000170990825
v 0.08036522293335402 0.0029167438938784707 0.03600000170990825
v 0.07943949504514602 0.0018384474197037648 0.03600000170990825
v 0.08063009263587606 0.0024748328907568673 0.03600000170990825
v 0.07211878546891537 -0.00038226686743610475 0.021500001021195203
v 0.07217493781533246 -0.0007608523134174441 0.021500001021195203
v 0.07217493781533246 -0.0007608523134174441 0.03600000170990825
v 0.07211878546891537 -0.00038226686743610475 0.03600000170990825
v 0.07226793250969088 -0.0011321102918476073 0.021500001021195203
v 0.07239687691278807 -0.0014924654477422444 0.021500001021195203
v 0.07239687691278807 -0.0014924654477422444 0.03600000170990825
v 0.07256051217446657 -0.0018384474197037648 0.021500001021195203
v 0.07275727426877321 -0.002166724069512377 0.021500001021195203
v 0.07275727426877321 -0.002166724069512377 0.03600000170990825
v 0.07256051217446657 -0.0018384474197037648 0.03600000170990825
v 0.07226793250969088 -0.0011321102918476073 0.03600000170990825
v 0.07298526347637946 -0.0024741338474497387 0.021500001021195203
v 0.07324229016095085 -0.0027577165482971233 0.021500001021195203
v 0.07324229016095085 -0.0027577165482971233 0.03600000170990825
v 0.07352586713975207 -0.003014740848682612 0.021500001021195203
v 0.07383327834820097 -0.0032427317252189947 0.021500001021195203
v 0.07383327834820097 -0.0032427317252189947 0.03600000170990825
v 0.07352586713975207 -0.003014740848682612 0.03600000170990825
v 0.07416155595168394 -0.0034394931042698584 0.021500001021195203
v 0.07450754138071503 -0.0036031302732970893 0.021500001021195203
v 0.07416155595168394 -0.0034394931042698584 0.03600000170990825
v 0.0748678929603308 -0.003732067523836563 0.021500001021195203
v 0.07523915457464447 -0.003825062695032161 0.021500001021195203
v 0.0748678929603308 -0.003732067523836563 0.03600000170990825
v 0.07450754138071503 -0.0036031302732970893 0.03600000170990825
v 0.07298526347637946 -0.0024741338474497387 0.03600000170990825
v 0.07523915457464447 -0.003825062695032161 0.03600000170990825
v 0.07561774040805602 -0.003881220525076834 0.021500001021195203
v 0.07561774040805602 -0.003881220525076834 0.03600000170990825
v 0.07988122175069723 -0.00038226686743610475 0.03600000170990825
v 0.0760000036098063 -0.0039000002806074963 0.021500001021195203
v 0.07638226681155658 -0.003881220525076834 0.021500001021195203
v 0.0760000036098063 -0.0039000002806074963 0.03600000170990825
v 0.07676085264496812 -0.003825062695032161 0.021500001021195203
v 0.07713211425928179 -0.003732067523836563 0.021500001021195203
v 0.07676085264496812 -0.003825062695032161 0.03600000170990825
v 0.07638226681155658 -0.003881220525076834 0.03600000170990825
v 0.07749246583889757 -0.0036031302732970893 0.021500001021195203
v 0.07783845126792865 -0.0034394931042698584 0.021500001021195203
v 0.07749246583889757 -0.0036031302732970893 0.03600000170990825
v 0.07816672887141163 -0.0032427317252189947 0.021500001021195203
v 0.07847414007986053 -0.003014740848682612 0.021500001021195203
v 0.07816672887141163 -0.0032427317252189947 0.03600000170990825
v 0.07783845126792865 -0.0034394931042698584 0.03600000170990825
v 0.07713211425928179 -0.003732067523836563 0.03600000170990825
v 0.07875771705866175 -0.0027577165482971233 0.021500001021195203
v 0.07901474374323314 -0.0024741338474497387 0.021500001021195203
v 0.07875771705866175 -0.0027577165482971233 0.03600000170990825
v 0.07924273295083939 -0.002166724069512377 0.021500001021195203
v 0.07943949504514602 -0.0018384474197037648 0.021500001021195203
v 0.07924273295083939 -0.002166724069512377 0.03600000170990825
v 0.07901474374323314 -0.0024741338474497387 0.03600000170990825
v 0.07960313030682453 -0.0014924654477422444 0.021500001021195203
v 0.07973207470992172 -0.0011321102918476073 0.021500001021195203
v 0.07960313030682453 -0.0014924654477422444 0.03600000170990825
v 0.07982506940428014 -0.0007608523134174441 0.021500001021195203
v 0.07988122175069723 -0.00038226686743610475 0.021500001021195203
v 0.07982506940428014 -0.0007608523134174441 0.03600000170990825
v 0.07973207470992172 -0.0011321102918476073 0.03600000170990825
v 0.07943949504514602 -0.0018384474197037648 0.03600000170990825
v 0.07847414007986053 -0.003014740848682612 0.03600000170990825
v 0.0784944113820929 -0.0016667108135318826 0.021000000997446477
v 0.07899853890847908 -0.0016027489469760958 0.021000000997446477
v 0.07882699959369077 -0.0018889388743190821 0.021000000997446477
v 0.07864577094738756 -0.0014141902403195378 0.021000000997446477
v 0.07914119333420011 -0.0013011236808796456 0.021000000997446477
v 0.078628238597922 -0.0021569372247939866 0.021000000997446477
v 0.0783190344816731 -0.001903179974353103 0.021000000997446477
v 0.07812132634239966 -0.0021213203484074517 0.021000000997446477
v 0.07840416326989619 -0.002404163236368745 0.021000000997446477
v 0.0781569403577631 -0.0026282357033714787 0.021000000997446477
v 0.07790318668360108 -0.002319031587122572 0.021000000997446477
v 0.07933467478870249 -0.000663307102237512 0.021000000997446477
v 0.07925359720916791 -0.0009869679681354798 0.021000000997446477
v 0.07887082283795976 -0.0008708540614820598 0.021000000997446477
v 0.07894235604448241 -0.0005852709690563548 0.021000000997446477
v 0.07938363261573489 -0.0003332582870462647 0.021000000997446477
v 0.07877164070434262 -0.0011480503627570027 0.021000000997446477
v 0.07898556130776502 -0.00029405142273439266 0.021000000997446477
v 0.07940000529717661 -3.919913625168134e-16 0.021000000997446477
v 0.07698697265082544 -0.0032535974140590618 0.021000000997446477
v 0.07687086088993933 -0.0028708211355021884 0.021000000997446477
v 0.0773011282443603 -0.003141190678068173 0.021000000997446477
v 0.07714805206521458 -0.0027716387634664497 0.021000000997446477
v 0.07760275637147984 -0.0029985324376496925 0.021000000997446477
v 0.07658527738028109 -0.0029423560109549662 0.021000000997446477
v 0.0766633108312531 -0.003334670225221825 0.021000000997446477
v 0.07633326320815481 -0.003383628290672819 0.021000000997446477
v 0.0760000036098063 -0.0034000002568587706 0.021000000997446477
v 0.07629405574779646 -0.0029855543600984524 0.021000000997446477
v 0.0760000036098063 -0.003000000142492354 0.021000000997446477
v 0.07570595147181614 -0.0029855543600984524 0.021000000997446477
v 0.07766671358887312 -0.002494408964379552 0.021000000997446477
v 0.07788894260333468 -0.002826996699140244 0.021000000997446477
v 0.07741419587668386 -0.002645763999720996 0.021000000997446477
v 0.07898556130776502 0.00029405142273439266 0.021000000997446477
v 0.07933467478870249 0.000663307102237512 0.021000000997446477
v 0.07938363261573489 0.0003332582870462647 0.021000000997446477
v 0.07894235604448241 0.0005852709690563548 0.021000000997446477
v 0.07925359720916791 0.0009869679681354798 0.021000000997446477
v 0.07900000375229865 -3.804906603208651e-16 0.021000000997446477
v 0.07887082283795976 0.0008708540614820598 0.021000000997446477
v 0.07914119333420011 0.0013011236808796456 0.021000000997446477
v 0.07877164070434262 0.0011480503627570027 0.021000000997446477
v 0.07899853890847908 0.0016027489469760958 0.021000000997446477
v 0.07864577094738756 0.0014141902403195378 0.021000000997446477
v 0.07882699959369077 0.0018889388743190821 0.021000000997446477
v 0.0784944113820929 0.0016667108135318826 0.021000000997446477
v 0.078628238597922 0.0021569372247939866 0.021000000997446477
v 0.0783190344816731 0.001903179974353103 0.021000000997446477
v 0.07840416326989619 0.002404163236368745 0.021000000997446477
v 0.07812132634239966 0.0021213203484074517 0.021000000997446477
v 0.0781569403577631 0.0026282357033714787 0.021000000997446477
v 0.07790318668360108 0.002319031587122572 0.021000000997446477
v 0.07788894260333468 0.002826996699140244 0.021000000997446477
v 0.07766671358887312 0.002494408964379552 0.021000000997446477
v 0.07760275637147984 0.0029985324376496925 0.021000000997446477
v 0.0773011282443603 0.003141190678068173 0.021000000997446477
v 0.07741419587668386 0.002645763999720996 0.021000000997446477
v 0.07714805206521458 0.0027716387634664497 0.021000000997446477
v 0.07687086088993933 0.0028708211355021884 0.021000000997446477
v 0.07698697265082544 0.0032535974140590618 0.021000000997446477
v 0.0766633108312531 0.003334670225221825 0.021000000997446477
v 0.07658527738028109 0.0029423560109549662 0.021000000997446477
v 0.07629405574779646 0.0029855543600984524 0.021000000997446477
v 0.07633326320815481 0.003383628290672819 0.021000000997446477
v 0.0760000036098063 0.0034000002568587706 0.021000000997446477
v 0.07566674401145779 -0.003383628290672819 0.021000000997446477
v 0.07533669638835949 -0.003334670225221825 0.021000000997446477
v 0.0754147298393315 -0.0029423560109549662 0.021000000997446477
v 0.07512914632967327 -0.0028708211355021884 0.021000000997446477
v 0.07501303456878716 -0.0032535974140590618 0.021000000997446477
v 0.07485195515439802 -0.0027716387634664497 0.021000000997446477
v 0.07458581134292874 -0.002645763999720996 0.021000000997446477
v 0.07469887897525229 -0.003141190678068173 0.021000000997446477
v 0.07439725084813276 -0.0029985324376496925 0.021000000997446477
v 0.07411106461627792 -0.002826996699140244 0.021000000997446477
v 0.07433329363073948 -0.002494408964379552 0.021000000997446477
v 0.0738430668618495 -0.0026282357033714787 0.021000000997446477
v 0.07409682053601152 -0.002319031587122572 0.021000000997446477
v 0.07387868087721294 -0.0021213203484074517 0.021000000997446477
v 0.07359584394971641 -0.002404163236368745 0.021000000997446477
v 0.0736809727379395 -0.001903179974353103 0.021000000997446477
v 0.07337176862169059 -0.0021569372247939866 0.021000000997446477
v 0.0735055958375197 -0.0016667108135318826 0.021000000997446477
v 0.07317300762592183 -0.0018889388743190821 0.021000000997446477
v 0.07335423627222504 -0.0014141902403195378 0.021000000997446477
v 0.07300146831113352 -0.0016027489469760958 0.021000000997446477
v 0.07322836651526998 -0.0011480503627570027 0.021000000997446477
v 0.07285881388541249 -0.0013011236808796456 0.021000000997446477
v 0.07274641001044468 -0.0009869679681354798 0.021000000997446477
v 0.07305765117513019 -0.0005852709690563548 0.021000000997446477
v 0.07312918438165283 -0.0008708540614820598 0.021000000997446477
v 0.07300000346731395 -3.780413932867778e-16 0.021000000997446477
v 0.07301444591184758 -0.00029405142273439266 0.021000000997446477
v 0.07260000192243599 -3.8901140559914235e-16 0.021000000997446477
v 0.07266533243091011 -0.000663307102237512 0.021000000997446477
v 0.07261637460387771 -0.0003332582870462647 0.021000000997446477
v 0.07261637460387771 0.0003332582870462647 0.021000000997446477
v 0.07439725084813276 0.0029985324376496925 0.021000000997446477
v 0.07485195515439802 0.0027716387634664497 0.021000000997446477
v 0.07458581134292874 0.002645763999720996 0.021000000997446477
v 0.07501303456878716 0.0032535974140590618 0.021000000997446477
v 0.0754147298393315 0.0029423560109549662 0.021000000997446477
v 0.07512914632967327 0.0028708211355021884 0.021000000997446477
v 0.0738430668618495 0.0026282357033714787 0.021000000997446477
v 0.07433329363073948 0.002494408964379552 0.021000000997446477
v 0.07409682053601152 0.002319031587122572 0.021000000997446477
v 0.07411106461627792 0.002826996699140244 0.021000000997446477
v 0.07387868087721294 0.0021213203484074517 0.021000000997446477
v 0.0760000036098063 0.003000000142492354 0.021000000997446477
v 0.07570595147181614 0.0029855543600984524 0.021000000997446477
v 0.07566674401145779 0.003383628290672819 0.021000000997446477
v 0.07533669638835949 0.003334670225221825 0.021000000997446477
v 0.07469887897525229 0.003141190678068173 0.021000000997446477
v 0.07305765117513019 0.0005852709690563548 0.021000000997446477
v 0.07301444591184758 0.00029405142273439266 0.021000000997446477
v 0.07266533243091011 0.000663307102237512 0.021000000997446477
v 0.07322836651526998 0.0011480503627570027 0.021000000997446477
v 0.07312918438165283 0.0008708540614820598 0.021000000997446477
v 0.07274641001044468 0.0009869679681354798 0.021000000997446477
v 0.07285881388541249 0.0013011236808796456 0.021000000997446477
v 0.07335423627222504 0.0014141902403195378 0.021000000997446477
v 0.07359584394971641 0.002404163236368745 0.021000000997446477
v 0.0736809727379395 0.001903179974353103 0.021000000997446477
v 0.07337176862169059 0.0021569372247939866 0.021000000997446477
v 0.0735055958375197 0.0016667108135318826 0.021000000997446477
v 0.07317300762592183 0.0018889388743190821 0.021000000997446477
v 0.07300146831113352 0.0016027489469760958 0.021000000997446477
v 0.07301444591184758 -0.00029405142273439266 0.020200001722388006
v 0.07305765117513019 -0.0005852709690563548 0.020200001722388006
v 0.07305765117513019 -0.0005852709690563548 0.021000000997446477
v 0.07301444591184758 -0.00029405142273439266 0.021000000997446477
v 0.07312918438165283 -0.0008708540614820598 0.020200001722388006
v 0.07322836651526998 -0.0011480503627570027 0.020200001722388006
v 0.07322836651526998 -0.0011480503627570027 0.021000000997446477
v 0.07335423627222504 -0.0014141902403195378 0.020200001722388006
v 0.0735055958375197 -0.0016667108135318826 0.020200001722388006
v 0.0735055958375197 -0.0016667108135318826 0.021000000997446477
v 0.07335423627222504 -0.0014141902403195378 0.021000000997446477
v 0.07312918438165283 -0.0008708540614820598 0.021000000997446477
v 0.0736809727379395 -0.001903179974353103 0.020200001722388006
v 0.07387868087721294 -0.0021213203484074517 0.020200001722388006
v 0.07387868087721294 -0.0021213203484074517 0.021000000997446477
v 0.07409682053601152 -0.002319031587122572 0.020200001722388006
v 0.07433329363073948 -0.002494408964379552 0.020200001722388006
v 0.07409682053601152 -0.002319031587122572 0.021000000997446477
v 0.07458581134292874 -0.002645763999720996 0.020200001722388006
v 0.07485195515439802 -0.0027716387634664497 0.020200001722388006
v 0.07485195515439802 -0.0027716387634664497 0.021000000997446477
v 0.07512914632967327 -0.0028708211355021884 0.020200001722388006
v 0.0754147298393315 -0.0029423560109549662 0.020200001722388006
v 0.0754147298393315 -0.0029423560109549662 0.021000000997446477
v 0.07512914632967327 -0.0028708211355021884 0.021000000997446477
v 0.07458581134292874 -0.002645763999720996 0.021000000997446477
v 0.0736809727379395 -0.001903179974353103 0.021000000997446477
v 0.07433329363073948 -0.002494408964379552 0.021000000997446477
v 0.07570595147181614 -0.0029855543600984524 0.021000000997446477
v 0.07570595147181614 -0.0029855543600984524 0.020200001722388006
v 0.07898556130776502 -0.00029405142273439266 0.021000000997446477
v 0.0760000036098063 -0.003000000142492354 0.020200001722388006
v 0.07629405574779646 -0.0029855543600984524 0.020200001722388006
v 0.07629405574779646 -0.0029855543600984524 0.021000000997446477
v 0.07658527738028109 -0.0029423560109549662 0.020200001722388006
v 0.07687086088993933 -0.0028708211355021884 0.020200001722388006
v 0.07687086088993933 -0.0028708211355021884 0.021000000997446477
v 0.07658527738028109 -0.0029423560109549662 0.021000000997446477
v 0.07714805206521458 -0.0027716387634664497 0.020200001722388006
v 0.07741419587668386 -0.002645763999720996 0.020200001722388006
v 0.07714805206521458 -0.0027716387634664497 0.021000000997446477
v 0.07766671358887312 -0.002494408964379552 0.020200001722388006
v 0.07790318668360108 -0.002319031587122572 0.020200001722388006
v 0.07766671358887312 -0.002494408964379552 0.021000000997446477
v 0.07741419587668386 -0.002645763999720996 0.021000000997446477
v 0.07812132634239966 -0.0021213203484074517 0.020200001722388006
v 0.0783190344816731 -0.001903179974353103 0.020200001722388006
v 0.07812132634239966 -0.0021213203484074517 0.021000000997446477
v 0.0784944113820929 -0.0016667108135318826 0.020200001722388006
v 0.07864577094738756 -0.0014141902403195378 0.020200001722388006
v 0.0784944113820929 -0.0016667108135318826 0.021000000997446477
v 0.0783190344816731 -0.001903179974353103 0.021000000997446477
v 0.07877164070434262 -0.0011480503627570027 0.020200001722388006
v 0.07887082283795976 -0.0008708540614820598 0.020200001722388006
v 0.07877164070434262 -0.0011480503627570027 0.021000000997446477
v 0.07894235604448241 -0.0005852709690563548 0.020200001722388006
v 0.07898556130776502 -0.00029405142273439266 0.020200001722388006
v 0.07894235604448241 -0.0005852709690563548 0.021000000997446477
v 0.07887082283795976 -0.0008708540614820598 0.021000000997446477
v 0.07864577094738756 -0.0014141902403195378 0.021000000997446477
v 0.07790318668360108 -0.002319031587122572 0.021000000997446477
v 0.0760000036098063 -0.003000000142492354 0.021000000997446477
v 0.07574748589761704 0.002200000152178111 0.01622687035386483
v 0.07574748589761704 0.0025000001187436283 0.01622687035386483
v 0.07550627494866013 0.002200000152178111 0.016306275188568975
v 0.07550627494866013 0.0025000001187436283 0.016306275188568975
v 0.07528718161549985 0.002200000152178111 0.016434660738490203
v 0.07510000204117961 0.002200000152178111 0.016606276347227444
v 0.07528718161549985 0.0025000001187436283 0.016434660738490203
v 0.07510000204117961 0.0025000001187436283 0.016606276347227444
v 0.07560000206492834 0.002200000152178111 0.01840000049248336
v 0.07560000206492834 0.002200000152178111 0.017400000444985908
v 0.07560000206492834 0.0025000001187436283 0.017400000444985908
v 0.07560000206492834 0.0025000001187436283 0.01840000049248336
v 0.0763695562396638 0.0025000001187436283 0.017246928080537627
v 0.07640000515468426 0.002200000152178111 0.017400000444985908
v 0.07640000515468426 0.0025000001187436283 0.017400000444985908
v 0.0763695562396638 0.002200000152178111 0.017246928080537627
v 0.07615307978895203 0.002200000152178111 0.017030449722477137
v 0.07628284816669773 0.0025000001187436283 0.017117157795443205
v 0.07628284816669773 0.002200000152178111 0.017117157795443205
v 0.07615307978895203 0.0025000001187436283 0.017030449722477137
v 0.07640000515468426 0.0025000001187436283 0.017400000444985908
v 0.07640000515468426 0.002200000152178111 0.017400000444985908
v 0.07640000515468426 0.002200000152178111 0.01840000049248336
v 0.07640000515468426 0.0025000001187436283 0.01840000049248336
v 0.0756304509799488 0.0025000001187436283 0.018553074764280364
v 0.07571715905291487 0.002200000152178111 0.018682843142026062
v 0.0756304509799488 0.002200000152178111 0.018553074764280364
v 0.07571715905291487 0.0025000001187436283 0.018682843142026062
v 0.07584692743066057 0.002200000152178111 0.018769553122340854
v 0.0760000036098063 0.002200000152178111 0.018800000130012595
v 0.07584692743066057 0.0025000001187436283 0.018769553122340854
v 0.07560000206492834 0.0025000001187436283 0.01840000049248336
v 0.07560000206492834 0.002200000152178111 0.01840000049248336
v 0.0760000036098063 0.0025000001187436283 0.018800000130012595
v 0.07628284816669773 0.0025000001187436283 0.018682843142026062
v 0.07628284816669773 0.002200000152178111 0.018682843142026062
v 0.07615307978895203 0.002200000152178111 0.018769553122340854
v 0.07640000515468426 0.0025000001187436283 0.01840000049248336
v 0.07640000515468426 0.002200000152178111 0.01840000049248336
v 0.0763695562396638 0.002200000152178111 0.018553074764280364
v 0.0763695562396638 0.0025000001187436283 0.018553074764280364
v 0.07615307978895203 0.0025000001187436283 0.018769553122340854
v 0.07510000204117961 -0.002200000152178111 0.016606276347227444
v 0.07528718161549985 -0.002200000152178111 0.016434660738490203
v 0.07510000204117961 -0.0025000001187436283 0.016606276347227444
v 0.07550627494866013 -0.002200000152178111 0.016306275188568975
v 0.07528718161549985 -0.0025000001187436283 0.016434660738490203
v 0.07550627494866013 -0.0025000001187436283 0.016306275188568975
v 0.07574748589761704 -0.002200000152178111 0.01622687035386483
v 0.07574748589761704 -0.0025000001187436283 0.01622687035386483
v 0.0760000036098063 -0.0025000001187436283 0.0162000015323982
v 0.0760000036098063 -0.002200000152178111 0.0162000015323982
v 0.07625252132199556 -0.002200000152178111 0.01622687035386483
v 0.07625252132199556 -0.0025000001187436283 0.01622687035386483
v 0.07649373227095246 -0.002200000152178111 0.016306275188568975
v 0.07649373227095246 -0.0025000001187436283 0.016306275188568975
v 0.07671282560411274 -0.002200000152178111 0.016434660738490203
v 0.07690000517843298 -0.0025000001187436283 0.016606276347227444
v 0.07671282560411274 -0.0025000001187436283 0.016434660738490203
v 0.07690000517843298 -0.002200000152178111 0.016606276347227444
v 0.07640000515468426 -0.002200000152178111 0.017400000444985908
v 0.07640000515468426 -0.0025000001187436283 0.01840000049248336
v 0.07640000515468426 -0.002200000152178111 0.01840000049248336
v 0.07640000515468426 -0.0025000001187436283 0.017400000444985908
v 0.07560000206492834 -0.0025000001187436283 0.017400000444985908
v 0.0756304509799488 -0.002200000152178111 0.017246928080537627
v 0.07560000206492834 -0.002200000152178111 0.017400000444985908
v 0.0756304509799488 -0.0025000001187436283 0.017246928080537627
v 0.07571715905291487 -0.002200000152178111 0.017117157795443205
v 0.07584692743066057 -0.002200000152178111 0.017030449722477137
v 0.07571715905291487 -0.0025000001187436283 0.017117157795443205
v 0.07584692743066057 -0.0025000001187436283 0.017030449722477137
v 0.0760000036098063 -0.0025000001187436283 0.017000000807456672
v 0.0760000036098063 -0.002200000152178111 0.017000000807456672
v 0.07628284816669773 -0.002200000152178111 0.017117157795443205
v 0.07615307978895203 -0.002200000152178111 0.017030449722477137
v 0.07628284816669773 -0.0025000001187436283 0.017117157795443205
v 0.07640000515468426 -0.0025000001187436283 0.017400000444985908
v 0.07640000515468426 -0.002200000152178111 0.017400000444985908
v 0.0763695562396638 -0.002200000152178111 0.017246928080537627
v 0.0763695562396638 -0.0025000001187436283 0.017246928080537627
v 0.07615307978895203 -0.0025000001187436283 0.017030449722477137
v 0.07560000206492834 -0.002200000152178111 0.01840000049248336
v 0.07560000206492834 -0.0025000001187436283 0.01840000049248336
v 0.07560000206492834 -0.0025000001187436283 0.017400000444985908
v 0.07560000206492834 -0.002200000152178111 0.017400000444985908
v 0.07640000515468426 -0.002200000152178111 0.01840000049248336
v 0.07640000515468426 -0.0025000001187436283 0.01840000049248336
v 0.0763695562396638 -0.0025000001187436283 0.018553074764280364
v 0.0763695562396638 -0.002200000152178111 0.018553074764280364
v 0.07615307978895203 -0.002200000152178111 0.018769553122340854
v 0.07628284816669773 -0.0025000001187436283 0.018682843142026062
v 0.07628284816669773 -0.002200000152178111 0.018682843142026062
v 0.07615307978895203 -0.0025000001187436283 0.018769553122340854
v 0.07217493781533246 -0.0007608523134174441 0.021500001021195203
v 0.07266533243091011 -0.000663307102237512 0.021000000997446477
v 0.07274641001044468 -0.0009869679681354798 0.021000000997446477
v 0.07285881388541249 -0.0013011236808796456 0.021000000997446477
v 0.07226793250969088 -0.0011321102918476073 0.021500001021195203
v 0.07260000192243599 -3.8901140559914235e-16 0.021000000997446477
v 0.07261637460387771 -0.0003332582870462647 0.021000000997446477
v 0.07210000189868726 -5.189919378982117e-16 0.021500001021195203
v 0.07256051217446657 -0.0018384474197037648 0.021500001021195203
v 0.07300146831113352 -0.0016027489469760958 0.021000000997446477
v 0.07317300762592183 -0.0018889388743190821 0.021000000997446477
v 0.07239687691278807 -0.0014924654477422444 0.021500001021195203
v 0.07211878546891537 -0.00038226686743610475 0.021500001021195203
v 0.07337176862169059 -0.0021569372247939866 0.021000000997446477
v 0.07275727426877321 -0.002166724069512377 0.021500001021195203
v 0.07324229016095085 -0.0027577165482971233 0.021500001021195203
v 0.07359584394971641 -0.002404163236368745 0.021000000997446477
v 0.0738430668618495 -0.0026282357033714787 0.021000000997446477
v 0.07352586713975207 -0.003014740848682612 0.021500001021195203
v 0.07411106461627792 -0.002826996699140244 0.021000000997446477
v 0.07501303456878716 -0.0032535974140590618 0.021000000997446477
v 0.07450754138071503 -0.0036031302732970893 0.021500001021195203
v 0.07469887897525229 -0.003141190678068173 0.021000000997446477
v 0.07416155595168394 -0.0034394931042698584 0.021500001021195203
v 0.07439725084813276 -0.0029985324376496925 0.021000000997446477
v 0.0748678929603308 -0.003732067523836563 0.021500001021195203
v 0.07533669638835949 -0.003334670225221825 0.021000000997446477
v 0.07383327834820097 -0.0032427317252189947 0.021500001021195203
v 0.07298526347637946 -0.0024741338474497387 0.021500001021195203
v 0.07566674401145779 -0.003383628290672819 0.021000000997446477
v 0.07523915457464447 -0.003825062695032161 0.021500001021195203
v 0.07938363261573489 -0.0003332582870462647 0.021000000997446477
v 0.07561774040805602 -0.003881220525076834 0.021500001021195203
v 0.0760000036098063 -0.0034000002568587706 0.021000000997446477
v 0.07633326320815481 -0.003383628290672819 0.021000000997446477
v 0.07638226681155658 -0.003881220525076834 0.021500001021195203
v 0.07676085264496812 -0.003825062695032161 0.021500001021195203
v 0.0766633108312531 -0.003334670225221825 0.021000000997446477
v 0.07713211425928179 -0.003732067523836563 0.021500001021195203
v 0.07698697265082544 -0.0032535974140590618 0.021000000997446477
v 0.07816672887141163 -0.0032427317252189947 0.021500001021195203
v 0.07760275637147984 -0.0029985324376496925 0.021000000997446477
v 0.07788894260333468 -0.002826996699140244 0.021000000997446477
v 0.0773011282443603 -0.003141190678068173 0.021000000997446477
v 0.07783845126792865 -0.0034394931042698584 0.021500001021195203
v 0.07847414007986053 -0.003014740848682612 0.021500001021195203
v 0.0781569403577631 -0.0026282357033714787 0.021000000997446477
v 0.07749246583889757 -0.0036031302732970893 0.021500001021195203
v 0.07882699959369077 -0.0018889388743190821 0.021000000997446477
v 0.07924273295083939 -0.002166724069512377 0.021500001021195203
v 0.078628238597922 -0.0021569372247939866 0.021000000997446477
v 0.07840416326989619 -0.002404163236368745 0.021000000997446477
v 0.07875771705866175 -0.0027577165482971233 0.021500001021195203
v 0.07901474374323314 -0.0024741338474497387 0.021500001021195203
v 0.07973207470992172 -0.0011321102918476073 0.021500001021195203
v 0.07914119333420011 -0.0013011236808796456 0.021000000997446477
v 0.07925359720916791 -0.0009869679681354798 0.021000000997446477
v 0.07933467478870249 -0.000663307102237512 0.021000000997446477
v 0.07982506940428014 -0.0007608523134174441 0.021500001021195203
v 0.07899853890847908 -0.0016027489469760958 0.021000000997446477
v 0.07960313030682453 -0.0014924654477422444 0.021500001021195203
v 0.07988122175069723 -0.00038226686743610475 0.021500001021195203
v 0.07943949504514602 -0.0018384474197037648 0.021500001021195203
v 0.0760000036098063 -0.0039000002806074963 0.021500001021195203
v 0.07973194501020853 -0.00036756430822031463 0.03800000180490315
v 0.08102393725907486 -0.0015239946373959284 0.03650000173365697
v 0.07958852764499813 -0.001088567547050251 0.03800000180490315
v 0.0794645499779767 -0.0014350629534462533 0.03800000180490315
v 0.07930720896708543 -0.001767737830201746 0.03800000180490315
v 0.08085036852524485 -0.0020090881348247547 0.03650000173365697
v 0.07967795178254633 -0.0007315887560239293 0.03800000180490315
v 0.08114912799988439 -0.0010242242107497829 0.03650000173365697
v 0.07911801523251327 -0.0020833884275078818 0.03800000180490315
v 0.08063009263587606 -0.0024748328907568673 0.03650000173365697
v 0.08122472004449044 -0.0005145899897851872 0.03650000173365697
v 0.07837897863735233 -0.002898789305089272 0.03800000180490315
v 0.07971231457714723 -0.0037123107289223356 0.03650000173365697
v 0.07865165321085055 -0.0026516505547186098 0.03800000180490315
v 0.07808339299098854 -0.0031180111458697923 0.03800000180490315
v 0.07776774203605452 -0.0033072048804419496 0.03800000180490315
v 0.0789167441658245 -0.004365215508850273 0.03650000173365697
v 0.0788987921996398 -0.0023789750275460264 0.03800000180490315
v 0.08036522293335402 -0.0029167438938784707 0.03650000173365697
v 0.0800583076355732 -0.0033305648955132827 0.03650000173365697
v 0.07800909031411951 -0.004850367776461639 0.03650000173365697
v 0.07743506990111282 -0.0034645485139377097 0.03800000180490315
v 0.07708857330262386 -0.0035885264193777355 0.03800000180490315
v 0.07847483435479585 -0.004630086641883857 0.03650000173365697
v 0.07752399812799293 -0.00502393698712883 0.03650000173365697
v 0.07673159391555107 -0.0036779450732983554 0.03800000180490315
v 0.07933057017424971 -0.004058304979441263 0.03650000173365697
v 0.07702422698609102 -0.005149122959566543 0.03650000173365697
v 0.07651459103659164 -0.005224720249381587 0.03650000173365697
v 0.07636756496759656 -0.0037319428309137703 0.03800000180490315
v 0.07226806220940407 -0.00036756430822031463 0.03800000180490315
v 0.0760000036098063 -0.005250000249361619 0.03650000173365697
v 0.0760000036098063 -0.0037500001781154424 0.03800000180490315
v 0.07497578023352158 -0.005149122959566543 0.03650000173365697
v 0.07563244225201604 -0.0037319428309137703 0.03800000180490315
v 0.07526841330406153 -0.0036779450732983554 0.03800000180490315
v 0.07456493731849978 -0.0034645485139377097 0.03800000180490315
v 0.07447600909161967 -0.00502393698712883 0.03650000173365697
v 0.07491143391698873 -0.0035885264193777355 0.03800000180490315
v 0.07423226518355808 -0.0033072048804419496 0.03800000180490315
v 0.07399091690549309 -0.004850367776461639 0.03650000173365697
v 0.07391661422862406 -0.0031180111458697923 0.03800000180490315
v 0.07352517286481675 -0.004630086641883857 0.03650000173365697
v 0.07548541618302096 -0.005224720249381587 0.03650000173365697
v 0.07288199198709933 -0.0020833884275078818 0.03800000180490315
v 0.0719416995840394 -0.0033305648955132827 0.03650000173365697
v 0.0731012150199728 -0.0023789750275460264 0.03800000180490315
v 0.07085087921972821 -0.0010242242107497829 0.03650000173365697
v 0.07241147957461447 -0.001088567547050251 0.03800000180490315
v 0.07232205543706627 -0.0007315887560239293 0.03800000180490315
v 0.07269279825252717 -0.001767737830201746 0.03800000180490315
v 0.07163478428625858 -0.0029167438938784707 0.03650000173365697
v 0.07077528717512216 -0.0005145899897851872 0.03650000173365697
v 0.07114963869436775 -0.0020090881348247547 0.03650000173365697
v 0.0725354572416359 -0.0014350629534462533 0.03800000180490315
v 0.07362102858226027 -0.002898789305089272 0.03800000180490315
v 0.0730832630537881 -0.004365215508850273 0.03650000173365697
v 0.07136991458373654 -0.0024748328907568673 0.03650000173365697
v 0.07266943704536288 -0.004058304979441263 0.03650000173365697
v 0.07228769264246537 -0.0037123107289223356 0.03650000173365697
v 0.07097606996053774 -0.0015239946373959284 0.03650000173365697
v 0.07334835400876205 -0.0026516505547186098 0.03800000180490315
v 0.07907750314562811 -0.0003031070376359468 0.03923827166962601
v 0.07895923226598711 -0.0008976728746493481 0.03923827166962601
v 0.07885699837441251 -0.0011834056939498405 0.03923827166962601
v 0.07903297036763401 -0.0006032949972600149 0.03923827166962601
v 0.07890744393344917 -0.0008819627584704184 0.039292390782303954
v 0.07894235604448241 -0.0005852709690563548 0.03930000110371035
v 0.07887082283795976 -0.0008708540614820598 0.03930000110371035
v 0.07898556130776502 -0.00029405142273439266 0.03930000110371035
v 0.07902363961767911 -0.00029780240281291476 0.039292390782303954
v 0.07897989266735905 -0.0005927367491923019 0.039292390782303954
v 0.07901171487346037 -0.000599065987907689 0.039270711856713714
v 0.07893848794127134 -0.000891380292792239 0.039270711856713714
v 0.07877164070434262 -0.0011480503627570027 0.03930000110371035
v 0.07864577094738756 -0.0014141902403195378 0.03930000110371035
v 0.07867951576100207 -0.0014322298253362231 0.039292390782303954
v 0.07880699532027968 -0.0011626949862553193 0.039292390782303954
v 0.07870812599185317 -0.0014475230666097932 0.039270711856713714
v 0.0784944113820929 -0.0016667108135318826 0.03930000110371035
v 0.07852623358819422 -0.0016879715529145162 0.039292390782303954
v 0.07855320349914319 -0.0017059955215135286 0.039270711856713714
v 0.07883697121281674 -0.001175110157514564 0.039270711856713714
v 0.07839045324727234 -0.0019617902972281914 0.03923827166962601
v 0.07818664922147889 -0.002186648711114264 0.03923827166962601
v 0.07796179569517392 -0.002390448445373089 0.03923827166962601
v 0.07745774446273668 -0.0027272428377432545 0.03923827166962601
v 0.07689767821299043 -0.002959230801948126 0.03923827166962601
v 0.07660329801101984 -0.0030329686651764387 0.03923827166962601
v 0.07718340668115165 -0.002856994049350442 0.03923827166962601
v 0.07771804415771744 -0.0025712267189589855 0.03923827166962601
v 0.07834861364567569 -0.0019274570665325091 0.039292390782303954
v 0.0783190344816731 -0.001903179974353103 0.03930000110371035
v 0.07814838017669246 -0.002148380143165013 0.039292390782303954
v 0.07812132634239966 -0.0021213203484074517 0.03930000110371035
v 0.07817132176713759 -0.0021713205415171966 0.039270711856713714
v 0.0779274634181526 -0.0023486133737296577 0.039292390782303954
v 0.07716270050341034 -0.0028069940946592875 0.039292390782303954
v 0.07741419587668386 -0.002645763999720996 0.03930000110371035
v 0.07714805206521458 -0.0027716387634664497 0.03930000110371035
v 0.07688196928890445 -0.002907441754154416 0.039292390782303954
v 0.07687086088993933 -0.0028708211355021884 0.03930000110371035
v 0.07743223176621239 -0.0026795135817073157 0.039292390782303954
v 0.07766671358887312 -0.002494408964379552 0.03930000110371035
v 0.07790318668360108 -0.002319031587122572 0.03930000110371035
v 0.07659273892848706 -0.0029798890575527537 0.039292390782303954
v 0.07658527738028109 -0.0029423560109549662 0.03930000110371035
v 0.07629405574779646 -0.0029855543600984524 0.03930000110371035
v 0.07629780941008413 -0.003023638392058714 0.039292390782303954
v 0.0787272452554566 -0.0014577416873954446 0.03923827166962601
v 0.07837369146669104 -0.0019480383129324291 0.039270711856713714
v 0.07905592721686894 -0.00030098228096039556 0.039270711856713714
v 0.07294408000274366 -0.00030098228096039556 0.039270711856713714
v 0.07857123175927683 -0.001718038759771709 0.03923827166962601
v 0.07292250407398448 -0.0003031070376359468 0.03923827166962601
v 0.07768797671244165 -0.0025262278326206034 0.039292390782303954
v 0.0777059973431804 -0.002553202750359973 0.039270711856713714
v 0.07794803989618071 -0.00237369167158219 0.039270711856713714
v 0.07744752870297411 -0.0027081252430699587 0.039270711856713714
v 0.07689138396220319 -0.0029384869540695358 0.039270711856713714
v 0.07659907132624877 -0.003011707925793805 0.039270711856713714
v 0.07717511352890227 -0.0028369668877546717 0.039270711856713714
v 0.07630098323835988 -0.003055924560737 0.039270711856713714
v 0.0763031118395352 -0.003077497390054501 0.03923827166962601
v 0.07301444591184758 -0.00029405142273439266 0.03930000110371035
v 0.0760000036098063 -0.003092388061538137 0.03923827166962601
v 0.07539670920859276 -0.0030329686651764387 0.03923827166962601
v 0.0756968953800774 -0.003077497390054501 0.03923827166962601
v 0.07481660053846095 -0.002856994049350442 0.03923827166962601
v 0.07512914632967327 -0.0028708211355021884 0.03930000110371035
v 0.07485195515439802 -0.0027716387634664497 0.03930000110371035
v 0.07483730671620226 -0.0028069940946592875 0.039292390782303954
v 0.07454226275687592 -0.0027272428377432545 0.03923827166962601
v 0.07510232900662217 -0.002959230801948126 0.03923827166962601
v 0.0754147298393315 -0.0029423560109549662 0.03930000110371035
v 0.07511803793070815 -0.002907441754154416 0.039292390782303954
v 0.0760000036098063 -0.003000000142492354 0.03930000110371035
v 0.07570595147181614 -0.0029855543600984524 0.03930000110371035
v 0.07570219780952847 -0.003023638392058714 0.039292390782303954
v 0.0760000036098063 -0.0030382684720230146 0.039292390782303954
v 0.07569902398125272 -0.003055924560737 0.039270711856713714
v 0.0760000036098063 -0.0030707108048780296 0.039270711856713714
v 0.07540726829112554 -0.0029798890575527537 0.039292390782303954
v 0.07482489369071033 -0.0028369668877546717 0.039270711856713714
v 0.07456777545340021 -0.0026795135817073157 0.039292390782303954
v 0.07458581134292874 -0.002645763999720996 0.03930000110371035
v 0.07455247851663849 -0.0027081252430699587 0.039270711856713714
v 0.07431203050717095 -0.0025262278326206034 0.039292390782303954
v 0.07510862325740941 -0.0029384869540695358 0.039270711856713714
v 0.07540093589336383 -0.003011707925793805 0.039270711856713714
v 0.07403821152443868 -0.002390448445373089 0.03923827166962601
v 0.07360955397234026 -0.0019617902972281914 0.03923827166962601
v 0.07342877546033577 -0.001718038759771709 0.03923827166962601
v 0.07381335799813371 -0.002186648711114264 0.03923827166962601
v 0.07314300884520009 -0.0011834056939498405 0.03923827166962601
v 0.07296703685197858 -0.0006032949972600149 0.03923827166962601
v 0.07304077495362549 -0.0008976728746493481 0.03923827166962601
v 0.073272761964156 -0.0014577416873954446 0.03923827166962601
v 0.07409682053601152 -0.002319031587122572 0.03930000110371035
v 0.07387868087721294 -0.0021213203484074517 0.03930000110371035
v 0.07407254380146 -0.0023486133737296577 0.039292390782303954
v 0.07433329363073948 -0.002494408964379552 0.03930000110371035
v 0.07405196732343189 -0.00237369167158219 0.039270711856713714
v 0.07385162704292014 -0.002148380143165013 0.039292390782303954
v 0.07309256328616343 -0.0008819627584704184 0.039292390782303954
v 0.07322836651526998 -0.0011480503627570027 0.03930000110371035
v 0.07312918438165283 -0.0008708540614820598 0.03930000110371035
v 0.07305765117513019 -0.0005852709690563548 0.03930000110371035
v 0.0736809727379395 -0.001903179974353103 0.03930000110371035
v 0.0735055958375197 -0.0016667108135318826 0.03930000110371035
v 0.07347377363141838 -0.0016879715529145162 0.039292390782303954
v 0.07335423627222504 -0.0014141902403195378 0.03930000110371035
v 0.07332049145861053 -0.0014322298253362231 0.039292390782303954
v 0.07302011455225355 -0.0005927367491923019 0.039292390782303954
v 0.07428196306189516 -0.0025712267189589855 0.03923827166962601
v 0.0742940098764322 -0.002553202750359973 0.039270711856713714
v 0.073828685452475 -0.0021713205415171966 0.039270711856713714
v 0.07362631575292156 -0.0019480383129324291 0.039270711856713714
v 0.07365139357393691 -0.0019274570665325091 0.039292390782303954
v 0.07344680372046941 -0.0017059955215135286 0.039270711856713714
v 0.07329188122775943 -0.0014475230666097932 0.039270711856713714
v 0.07316303600679586 -0.001175110157514564 0.039270711856713714
v 0.07319301189933292 -0.0011626949862553193 0.039292390782303954
v 0.07298829234615223 -0.000599065987907689 0.039270711856713714
v 0.07306151927834126 -0.000891380292792239 0.039270711856713714
v 0.07297636760193349 -0.00029780240281291476 0.039292390782303954
vn -1.875174232615362e-07 1.5372006630279336e-08 1.1556908484665354e-09
vn -2.2342567717997465e-07 -3.581545586062245e-09 9.254316617984655e-10
vn -1.1020211728196643e-08 5.169878828456423e-26 3.730299702697857e-09
vn -2.1484500216736632e-07 6.1428963727787e-08 9.253864660011085e-10
vn -1.6027303528005664e-07 2.9271988463448123e-08 1.3204513771895847e-09
vn -1.0393834423316675e-08 3.0813231731717853e-09 4.129603010863348e-09
vn -1.0656438780543101e-08 1.0648915624422317e-09 4.432596487412421e-09
vn -1.673603405857056e-07 8.596478015307673e-08 1.1556653618817362e-09
vn -1.7498030374031996e-07 6.91443898691972e-08 1.1557680225459843e-09
vn -9.888450956012868e-09 4.112439271499194e-09 4.432373001799651e-09
vn -1.8892152614396233e-09 1.2176987067379608e-09 1.1300831553564877e-08
vn -3.5622189929415663e-09 1.95595102222356e-09 1.0625984186330376e-08
vn -1.973586365590685e-09 1.054902122798384e-09 1.1251601084229284e-08
vn -9.437743394076598e-09 5.061913141653349e-09 4.432185792150366e-09
vn -1.3687135355375654e-07 8.83772993869597e-08 1.3196963761372716e-09
vn -2.196918786206658e-09 4.74851594478692e-10 1.1301473216538267e-08
vn -2.1414660334783804e-09 6.495993037327418e-10 1.1253011450530227e-08
vn -3.875362610729347e-09 1.223429330495383e-09 1.0626735320730562e-08
vn -2.237825837015786e-09 0.0 1.1253067066136523e-08
vn -2.2412543387735755e-09 2.207522839463608e-10 1.1324105670992005e-08
vn -4.371301610528851e-09 9.693522803355793e-27 1.0518386467423944e-08
vn -4.7645895107337635e-09 5.336772284331484e-10 1.0375719250427137e-08
vn -4.277158559063802e-09 8.865952082515737e-10 1.0522505798739629e-08
vn -7.982558282219259e-09 1.6160290137646853e-09 8.134904495408996e-09
vn -8.102518234001327e-09 8.258014430975614e-10 8.135084939905089e-09
vn -2.0806680477190646e-09 8.618309675662335e-10 1.132422457866826e-08
vn -4.404505444328381e-09 1.8938140996443336e-09 1.0376234821594061e-08
vn -7.169726046668219e-09 3.863663959132534e-09 8.13536196260935e-09
vn -3.591944494705536e-09 2.486362726839551e-09 1.0521923223672053e-08
vn -6.756498728875821e-09 4.547796886686158e-09 8.135094482162719e-09
vn -7.513906245075386e-09 3.1423029603264722e-09 8.135304675579007e-09
vn -7.785722428588765e-09 2.390678190175281e-09 8.135077924810101e-09
vn -1.3520009691793535e-07 1.308428210294884e-07 1.1557083233838787e-09
vn -1.7498309412306562e-07 1.3896886953136294e-07 9.249849099549614e-10
vn -8.423478771186655e-09 6.824351198251014e-09 4.129749890308839e-09
vn -1.2710741586371515e-07 1.8378333301134285e-07 9.250378503732888e-10
vn -1.053233606598555e-07 1.2430304720463888e-07 1.3201240541080488e-09
vn -6.079767111017422e-09 8.975733059414919e-09 4.129552442368451e-09
vn -7.561972157872766e-09 7.583533435613248e-09 4.432573873576477e-09
vn -6.470485190636975e-08 1.495239342010821e-07 1.3199924530706132e-09
vn -9.139644586973672e-08 1.6445678572792025e-07 1.1553480847764654e-09
vn -5.034964038615622e-09 9.452152420567482e-09 4.432033044622847e-09
vn -3.972192026841018e-08 1.8390346278982255e-07 1.1555278345979143e-09
vn -6.828536031486584e-08 2.127647114645215e-07 9.250197663427187e-10
vn -3.2124741021568807e-09 1.0354011671187063e-08 4.129359325961955e-09
vn -1.8438856312879152e-08 1.8721375581126358e-07 1.1550895084353946e-09
vn -2.0743517422141626e-09 1.0506694543500834e-08 4.432214687709281e-09
vn -1.7408955062210598e-09 1.428720742503186e-09 1.1324192862311257e-08
vn -3.0637763557072414e-09 3.1133844312111437e-09 1.0521547360247345e-08
vn -3.6651079476661543e-09 3.090839911266834e-09 1.0375862529997914e-08
vn -1.5628678904599053e-09 1.6153276453385206e-09 1.129975269477941e-08
vn -5.739443087628971e-09 5.778503706902889e-09 8.135165847793427e-09
vn -2.5425437005190357e-09 3.1702632069278733e-09 1.0626056339020546e-08
vn -8.563785690485224e-10 2.0674769402319873e-09 1.1253261974507606e-08
vn -6.537498400419812e-10 2.1551217515463038e-09 1.1324641114548314e-08
vn -1.5127782345639448e-09 3.7718113793623144e-09 1.0626440035642359e-08
vn -1.0616323421667101e-09 1.98617541850766e-09 1.13245754240135e-08
vn -2.3670385966389366e-09 3.67167092387292e-09 1.0522132155543276e-08
vn -1.279413930780917e-09 1.8479826694766234e-09 1.1300943137964615e-08
vn -4.020344040251861e-10 2.2113936492820602e-09 1.1300555731989965e-08
vn -8.177140934172671e-10 4.290869124972838e-09 1.0522126223818267e-08
vn -1.4196621403069554e-09 1.7298745848910839e-09 1.1252815378915307e-08
vn -3.9319871627305165e-10 4.3503293912937545e-09 1.0522094850492385e-08
vn -1.833433263071514e-10 2.2401731202822567e-09 1.1300830694698633e-08
vn 3.711320357651822e-11 2.2473534724954865e-09 1.1300776742255138e-08
vn 3.5102139918018454e-11 4.367960255778003e-09 1.0522235744271164e-08
vn -6.278202472302817e-09 5.188191787871089e-09 8.135169339950248e-09
vn -1.0342236970996864e-08 1.959419948850591e-09 4.8559777230794915e-09
vn -5.145408102114331e-09 6.3132547299938926e-09 8.135087666863525e-09
vn -6.751634570168497e-09 8.07560195560692e-09 4.856291882997482e-09
vn -4.501821809789893e-09 6.787201156454286e-09 8.134789267080495e-09
vn -8.707247661956175e-09 3.446585885637615e-26 7.619729522380522e-09
vn -8.805156964518548e-09 5.768003769532166e-09 4.8560780778712864e-09
vn -2.2033161650433157e-09 4.25812258322581e-09 1.0375993761182797e-08
vn -3.814881208918466e-09 7.195800930506838e-09 8.134922703911505e-09
vn -3.0911985550448205e-09 7.535048840831276e-09 8.134922095762656e-09
vn -2.337749556930474e-09 7.801765468271157e-09 8.134872714743135e-09
vn -1.3302630540632033e-09 4.606153846092205e-09 1.0375994780544556e-08
vn -7.707796996083371e-10 8.107942668652868e-09 8.134993684825919e-09
vn -1.5617864888785914e-09 7.993377054140655e-09 8.135033855694887e-09
vn 2.7648625644218026e-11 8.144416387950763e-09 8.1349713279282e-09
vn -4.116667562245914e-09 9.687810706120564e-09 4.85588797236028e-09
vn -1.1271791570212374e-09 1.0465703408701039e-08 4.856080231554945e-09
vn -6.852407517991776e-11 1.0840783792457287e-08 4.129447091169591e-09
vn 4.4387837098779313e-10 4.0395888761705385e-09 1.0626542119935939e-08
vn 8.258113403714287e-10 8.10253643275579e-09 8.134991547210002e-09
vn 1.5373444203358956e-08 1.8751841572695602e-07 1.1555545682877178e-09
vn 0.0 1.8812780855075466e-07 1.1564741269388844e-09
vn 2.193451840959498e-10 2.2270607520222483e-09 1.1252980791460917e-08
vn 4.020344040251861e-10 2.2113936492820607e-09 1.1300555731989963e-08
vn 1.064906205308321e-09 1.0656413043495938e-08 4.432237968956868e-09
vn 3.3679434827186945e-08 1.8510626661067786e-07 1.1555926615674254e-09
vn 6.914498032230863e-08 1.7498058403153125e-07 1.155501992819333e-09
vn 5.166093138591099e-08 1.80913408233551e-07 1.1554327369133683e-09
vn 3.123411633078596e-09 1.0243903964954859e-08 4.432073171229736e-09
vn 1.0195325545781045e-07 1.5813027745667268e-07 1.1553442946085182e-09
vn 8.596306408086955e-08 1.6736004584807913e-07 1.1554351313099814e-09
vn 5.061885507563705e-09 9.437825107939005e-09 4.43182580744358e-09
vn 4.112450309127943e-09 9.888405453988615e-09 4.432087559134121e-09
vn 2.104292750836206e-09 1.0500743197658159e-08 4.432166343513816e-09
vn 9.225112365624652e-10 4.270001526183254e-09 1.0522092466403382e-08
vn 6.537498400419813e-10 2.1551217515463038e-09 1.1324641114548314e-08
vn 1.6160212856358879e-09 7.982577868246365e-09 8.13499532161337e-09
vn 1.4529618472433396e-09 4.568939502147768e-09 1.037591822109228e-08
vn 2.3906648346990632e-09 7.785696883002319e-09 8.134935649357155e-09
vn 1.5973928723479275e-09 3.73677082566733e-09 1.0626570581925699e-08
vn 1.0616323421667101e-09 1.98617541850766e-09 1.13245754240135e-08
vn 1.279413930780917e-09 1.8479826694766234e-09 1.1300943137964617e-08
vn 2.4558809512611046e-09 3.612320936826718e-09 1.0521909526377378e-08
vn 8.563785690485223e-10 2.0674769402319873e-09 1.1253261974507606e-08
vn 2.316397117777368e-09 4.197653409243204e-09 1.0375916375909251e-08
vn 3.8636493270288e-09 7.169713326398321e-09 8.135072037498755e-09
vn 4.5477999172743745e-09 6.7564737998510495e-09 8.135223096397615e-09
vn 2.6133410363539658e-09 3.1121615740647816e-09 1.0626186314401014e-08
vn 3.14228705159522e-09 7.51392999350013e-09 8.134724444355293e-09
vn 1.3084374249891235e-07 1.351991884281389e-07 1.1557877533532925e-09
vn 1.1696173989692906e-07 1.4737482688694536e-07 1.155483674684805e-09
vn 6.805835966154129e-09 8.26880887779573e-09 4.432649009366248e-09
vn 1.547057387510484e-07 1.0707545574873596e-07 1.1550747308124948e-09
vn 1.434655055938347e-07 1.2172307590577862e-07 1.1555042730743495e-09
vn 8.288243599075703e-09 6.782266994433339e-09 4.432214502627093e-09
vn 1.6445609762629458e-07 9.139808536536282e-08 1.1553949702938725e-09
vn 8.91310744581416e-09 5.937181007047884e-09 4.432388728025616e-09
vn 7.583556558002412e-09 7.561952555228432e-09 4.432430546292811e-09
vn 1.7912668690868444e-07 5.755576346890298e-08 1.1557784091280462e-09
vn 1.7262264323134955e-07 7.483749445051161e-08 1.1557144668695902e-09
vn 9.900133215568567e-09 4.084235794462283e-09 4.4324873812284515e-09
vn 1.6186870956525122e-07 1.8513726107949057e-08 1.320347952529598e-09
vn 1.8390567252176044e-07 3.972294291662818e-08 1.155952160566099e-09
vn 1.0506701616944967e-08 2.0744421472087663e-09 4.4320482131011314e-09
vn 2.23425677180304e-07 3.5815455860622442e-09 9.254316617984653e-10
vn 1.1020211728196643e-08 3.446585885637615e-26 3.730299702697856e-09
vn 1.0252787017831318e-08 3.094160020293326e-09 4.432546543409676e-09
vn 9.452134751509069e-09 5.034973857521356e-09 4.432633730763301e-09
vn 1.4196621403069554e-09 1.7298745848910837e-09 1.1252815378915307e-08
vn 1.5628678904599053e-09 1.6153276453385206e-09 1.129975269477941e-08
vn 1.7408955062210596e-09 1.428720742503186e-09 1.1324192862311259e-08
vn 3.1393313805106365e-09 3.037825529913587e-09 1.0521687033332536e-08
vn 1.8892152614396233e-09 1.2176987067379608e-09 1.1300831553564879e-08
vn 3.6513074033989396e-09 2.3975169264447963e-09 1.0521879305381392e-08
vn 2.0806680477190646e-09 8.618309675662335e-10 1.1324224578668258e-08
vn 2.1414660334783804e-09 6.495993037327418e-10 1.1253011450530227e-08
vn 3.9019485306594545e-09 1.1358161321804804e-09 1.0626757218831467e-08
vn 2.196918786206658e-09 4.74851594478692e-10 1.1301473216538267e-08
vn 4.298004298733535e-09 7.817610230510607e-10 1.052263453291415e-08
vn 2.2328817846955486e-09 2.572153124361858e-10 1.129993639772889e-08
vn 3.605392431386074e-09 1.875189988825411e-09 1.0626292520265119e-08
vn 1.973586365590685e-09 1.0549021227983841e-09 1.1251601084229283e-08
vn 3.919727777623313e-09 3.6396433680724326e-10 1.0673230336955658e-08
vn 2.2520989190090507e-09 6.462348535570529e-27 1.1323884009022508e-08
vn 5.962572314073176e-09 8.89617510364372e-09 4.432181823418275e-09
vn 5.188153072648529e-09 6.27817497759325e-09 8.134824878045761e-09
vn 3.746449716808595e-09 2.9917339784156947e-09 1.0375562690484635e-08
vn 6.313282934488351e-09 5.145405951613904e-09 8.135597359414664e-09
vn 5.778545399887178e-09 5.739427333663415e-09 8.13507859874574e-09
vn 6.787219228115728e-09 4.5018360453539004e-09 8.13502141289669e-09
vn 7.19579361134753e-09 3.814910857235901e-09 8.134826748573373e-09
vn 4.453573332117953e-09 1.775323628525247e-09 1.0376213251015221e-08
vn 7.535067546145317e-09 3.0911817910853035e-09 8.135245894324514e-09
vn 7.801774302724574e-09 2.337777947265034e-09 8.134813738098847e-09
vn 7.545135930248835e-09 7.430906482850271e-10 8.650647187751507e-09
vn 7.99334653879047e-09 1.5618286250142148e-09 8.134900000117318e-09
vn 5.082460201699873e-09 -1.7232929428188076e-26 1.027413044746842e-08
vn 1.034872309590657e-08 1.0192152692873807e-09 5.1340835497827435e-09
vn 8.707247661956176e-09 3.446585885637615e-26 7.619729522380522e-09
vn -6.941243622461619e-07 7.74345471508086e-08 6.983707053824302e-07
vn -6.230894025003821e-07 4.8667912338046986e-08 6.248586489648881e-07
vn -6.153187591233373e-07 1.0950471010941979e-07 6.248583456749958e-07
vn -6.831917517683969e-07 1.4510346837393273e-07 6.983722512088629e-07
vn -6.016223406097613e-07 1.6929628073072015e-07 6.248600560827179e-07
vn -5.821319179399417e-07 2.2744371667435155e-07 6.248583929802451e-07
vn -6.656796968535746e-07 2.1136858086995202e-07 6.983723924852357e-07
vn -5.570351414546187e-07 2.83405330877138e-07 6.248579389789398e-07
vn -6.417565955400169e-07 2.7559283013499025e-07 6.983704104423431e-07
vn -5.265741252438695e-07 3.3664325097353114e-07 6.248603309029391e-07
vn -4.910415877459928e-07 3.8663867808612286e-07 6.248614546343784e-07
vn -5.756593297396297e-07 3.95504035373599e-07 6.983744480286464e-07
vn -4.5078007688705295e-07 4.329033309185287e-07 6.248587135316832e-07
vn -5.341212064776189e-07 4.5002369387300086e-07 6.983732940452883e-07
vn -6.116532072318928e-07 3.371696792461954e-07 6.983715069519972e-07
vn -1.9348289420386193e-07 5.94284114071145e-07 6.248591296849691e-07
vn -1.3430119836583854e-07 6.103897674565686e-07 6.248619206370736e-07
vn -1.940869277313959e-07 6.709213894177012e-07 6.983718958831947e-07
vn -2.508013486692082e-07 5.724564142437187e-07 6.24857604798116e-07
vn -3.212479658120219e-07 6.201630227795092e-07 6.983693593871166e-07
vn -3.057042650709234e-07 5.451164763438297e-07 6.24857072162801e-07
vn -3.804877165795716e-07 5.85693415012885e-07 6.983728984872086e-07
vn -3.5766306936892716e-07 5.125313292054383e-07 6.248605870291011e-07
vn 0.0 6.616116198565628e-07 6.616116862133026e-07
vn -7.565797093986768e-08 7.681675686995372e-07 7.718845594770688e-07
vn -6.484965105975417e-08 6.584301620348093e-07 6.616160124080709e-07
vn -1.2739051598481066e-07 6.867180522952567e-07 6.983754949565855e-07
vn -2.5891413764026014e-07 6.486664434559387e-07 6.983710778120353e-07
vn -4.0617744012744715e-07 4.750023339411566e-07 6.248584143624675e-07
vn -4.874394403014512e-07 5.002060411693645e-07 6.983711731634689e-07
vn -4.360633310661247e-07 5.455780547568179e-07 6.983731704340326e-07
vn -5.513464885180237e-07 0.0 5.513464885180237e-07
vn -6.61615754929187e-07 3.3087224502121107e-23 6.616154741231258e-07
vn 0.0 5.513420628727287e-07 5.513420628727287e-07
vn 3.3664337018283193e-07 5.265732311741129e-07 6.24857776109948e-07
vn 3.8663557864430003e-07 4.910431374669042e-07 6.248604257326257e-07
vn 3.9550177039688235e-07 5.756607602512401e-07 6.983727353966032e-07
vn 3.3717301710661983e-07 6.116524323714371e-07 6.983707457069817e-07
vn 2.834092647840668e-07 5.570335917337074e-07 6.248572110196146e-07
vn 4.866755471014438e-08 6.230888958601866e-07 6.248588812128119e-07
vn 1.0950685587683529e-07 6.153221714895749e-07 6.248625708603634e-07
vn 7.743752738333036e-08 6.941261950888362e-07 6.983739955865184e-07
vn 2.75597002460521e-07 6.417542113539994e-07 6.983692236504764e-07
vn 2.274453856045639e-07 5.821304874283313e-07 6.248574042678545e-07
vn 2.1136655431183715e-07 6.656799948768268e-07 6.983720537811912e-07
vn 1.6929127394008318e-07 6.016235923074205e-07 6.248602770308343e-07
vn 4.3290428459293566e-07 4.507790040033451e-07 6.248587615778675e-07
vn 4.500217865241868e-07 5.341225177799285e-07 6.98373536739728e-07
vn 1.45100964978614e-07 6.83193271686983e-07 6.983734333665506e-07
vn 4.7500400287136886e-07 4.06177559336748e-07 6.248593992137495e-07
vn 5.125291238333722e-07 3.576660496014491e-07 6.248618040258962e-07
vn 5.455767434545083e-07 4.360657152521422e-07 6.983738662199798e-07
vn 6.486668606884917e-07 2.5891115740773826e-07 6.98370696873175e-07
vn 5.72457546732077e-07 2.507972955529785e-07 6.248576350127456e-07
vn 5.942838756525432e-07 1.934852783898793e-07 6.248596476292148e-07
vn 6.103868617298598e-07 1.3430405938905942e-07 6.248595129074192e-07
vn 6.709213894177012e-07 1.940918153127316e-07 6.983728315123156e-07
vn 5.451182644833429e-07 3.057022385128086e-07 6.248592030590675e-07
vn 6.201653473608763e-07 3.212433166492879e-07 6.9837058298169e-07
vn 6.206115179720609e-07 7.38220284970909e-08 6.24857861108329e-07
vn 6.867145803243686e-07 1.2738801258949218e-07 6.983710905310167e-07
vn 6.248593327924586e-07 1.2641907939197936e-08 6.248591455884162e-07
vn 6.958942925389131e-07 5.946732132292008e-08 6.983713872663256e-07
vn 5.002078293088776e-07 4.874382482084426e-07 6.983714582330899e-07
vn 5.856913288501196e-07 3.8048938550978395e-07 6.983742257344777e-07
vn 6.983721770659066e-07 -9.029389285480311e-09 6.983719898618674e-07
vn 1.6029383274723753e-07 6.978226370903698e-08 -1.7479558734889743e-07
vn 1.7008214817852205e-07 6.74972598298639e-08 -1.829656481295945e-07
vn 1.6636196365789736e-07 5.37376454856614e-08 -1.7479901669631215e-07
vn 1.526819811266794e-07 8.515930984751226e-08 -1.7479628400795957e-07
vn 1.6264732236976333e-07 8.384196759997565e-08 -1.8296373183559612e-07
vn 1.43165145009921e-07 1.1396282007067788e-07 -1.8296525092775464e-07
vn 1.435996827798274e-07 9.971492443009115e-08 -1.7479712160809423e-07
vn 1.3313451680639114e-07 1.1331050677628956e-07 -1.7479783155426892e-07
vn 1.536460664792896e-07 9.9381774170579e-08 -1.8296481174454487e-07
vn 1.2138713559274276e-07 1.258125424691275e-07 -1.747968048359102e-07
vn 1.3130550837128195e-07 1.2744650461978827e-07 -1.8296531064791094e-07
vn 1.7479724855728278e-07 3.13059518671348e-09 -1.7479689962642364e-07
vn 1.73648766284414e-07 2.0247143443557576e-08 -1.7479660647607137e-07
vn 1.8235177540534798e-07 1.5218100403975195e-08 -1.8296449960017312e-07
vn 5.572319560103635e-08 1.742948061892784e-07 -1.8296507202133808e-07
vn 6.400037419799501e-08 1.6268922443902094e-07 -1.7479667383167455e-07
vn 4.7745788659344834e-08 1.6817984589159152e-07 -1.7479777266630036e-07
vn 7.253878010960455e-08 1.6799419727369545e-07 -1.8296515891386378e-07
vn 7.963852844182028e-08 1.556333053930936e-07 -1.747970800835939e-07
vn 1.0391888016188365e-07 1.5061443488051922e-07 -1.8296596412779853e-07
vn 1.0847072837006317e-07 1.3710531901388885e-07 -1.747974789971029e-07
vn 9.450969004381546e-08 1.4707693861348556e-07 -1.747967352049892e-07
vn 2.0649276151842756e-08 1.8181611834582192e-07 -1.8296437024000124e-07
vn 3.1031452583653174e-08 1.7204922085226135e-07 -1.7479698082193902e-07
vn 1.401829852710137e-08 1.7426174547650236e-07 -1.747965131099999e-07
vn 3.837097055636228e-08 1.7891821971441661e-07 -1.8296591356292e-07
vn 2.728661160596412e-09 1.829643423318505e-07 -1.829642978078363e-07
vn 1.1818127960074352e-07 1.3970185653268208e-07 -1.8296493451967165e-07
vn 8.865571864217769e-08 1.6007488499796367e-07 -1.8296516265673797e-07
vn 1.829653456767342e-07 -2.728780369897284e-09 -1.829649967458758e-07
vn 1.7082795136712164e-07 3.717168525312557e-08 -1.747986982126105e-07
vn 1.799820484824798e-07 3.301747953623161e-08 -1.8296527183173442e-07
vn 1.7587900839093227e-07 5.050278189711588e-08 -1.8296781862829572e-07
vn -3.129959403775494e-09 1.7479707471029865e-07 -1.7479703018628444e-07
vn -3.717100973375395e-08 1.7082851761130076e-07 -1.7479756325209374e-07
vn -3.301851268350587e-08 1.7998252035262906e-07 -1.8296548399761757e-07
vn -2.024797790866371e-08 1.7364885072427011e-07 -1.7479710261844938e-07
vn -9.971460653862214e-08 1.435992059426239e-07 -1.7479723278534348e-07
vn -9.938133706980911e-08 1.5364584792890464e-07 -1.8296513948159813e-07
vn -8.515923037464502e-08 1.526820009948962e-07 -1.7479701204792673e-07
vn -6.978369422064749e-08 1.602948658945118e-07 -1.7479760424666184e-07
vn -6.749686246552765e-08 1.700821084420884e-07 -1.829648244404858e-07
vn -5.373613550118365e-08 1.6636150668891066e-07 -1.7479656884565948e-07
vn -1.274465840926555e-07 1.313044354875741e-07 -1.8296484032875342e-07
vn -1.1330963257474983e-07 1.3313294721726297e-07 -1.747965302430627e-07
vn -1.258135358799681e-07 1.213874932206454e-07 -1.747975285773018e-07
vn -8.384280206508176e-08 1.6264853433098894e-07 -1.829658114260489e-07
vn -1.1396270086137702e-07 1.431643304130317e-07 -1.8296526106771204e-07
vn -5.050087454830187e-08 1.7587917727077514e-07 -1.8296532733350233e-07
vn -1.6799374030470875e-07 7.25390185282063e-08 -1.829642956098906e-07
vn -1.5563286829232372e-07 7.963817081391766e-08 -1.747959421176516e-07
vn -1.626893635165386e-07 6.400045367086228e-08 -1.7479747724784127e-07
vn -1.6817910083346108e-07 4.7746027077946574e-08 -1.7479911036730255e-07
vn -1.7204919601699032e-07 3.103129363791869e-08 -1.7479733010340796e-07
vn -1.789173902163647e-07 3.8370771874194154e-08 -1.829666626494302e-07
vn -1.7429481612338682e-07 5.572383138397434e-08 -1.8296695842463867e-07
vn -1.3710569651000827e-07 1.0847092705223129e-07 -1.747972154349114e-07
vn -1.470774949235563e-07 9.451040529962068e-08 -1.7479687521807384e-07
vn -1.5061413685726703e-07 1.0391872121614914e-07 -1.8296491132603872e-07
vn -1.600747657886628e-07 8.865611600651392e-08 -1.8296445488971285e-07
vn -1.8181686340403892e-07 2.064895826037378e-08 -1.8296470359569623e-07
vn -1.7426233655610395e-07 1.401901378290663e-08 -1.7479653516335235e-07
vn -1.7888129711722467e-07 8.789063334916153e-09 -1.788807737209349e-07
vn -1.666291514377865e-07 8.186341109691863e-09 -1.6662915143778437e-07
vn -1.3970308836212442e-07 1.181818756472479e-07 -1.8296576808073998e-07
vn -1.521825934970971e-08 1.823514475796182e-07 -1.8296486342082612e-07
vn 2.0386694558070292e-08 0.0 -4.1261288865212425e-08
vn 3.031883045854645e-08 0.0 -3.4624478986907574e-08
vn 1.4760397920806341e-08 0.0 -4.359206874545398e-08
vn 0.0 0.0 -4.592284862569554e-08
vn 0.0 0.0 -4.592284862569554e-08
vn 3.462466972175866e-08 0.0 -3.031844898884428e-08
vn 4.3591687275751815e-08 0.0 -1.4760588655657425e-08
vn 4.5922276421142294e-08 0.0 -9.134673488095639e-09
vn 4.126109813036134e-08 0.0 -2.0386503823219208e-08
vn 4.5922276421142294e-08 0.0 -9.134673488095639e-09
vn 0.0 0.0 4.592284862569554e-08
vn 1.4760588655657423e-08 0.0 4.359206874545398e-08
vn 0.0 0.0 4.592284862569554e-08
vn 2.0386503823219208e-08 0.0 4.1261288865212425e-08
vn 3.0318639723695364e-08 0.0 3.4624478986907574e-08
vn 3.462486045660974e-08 0.0 3.031844898884428e-08
vn 4.359149654090073e-08 0.0 1.4760588655657425e-08
vn 4.592170421658904e-08 0.0 9.134673488095639e-09
vn 4.1261288865212425e-08 0.0 2.0386503823219208e-08
vn 4.592170421658904e-08 0.0 9.134673488095639e-09
vn 5.148467688329324e-08 0.0 -5.61538660378197e-08
vn 5.148467688329324e-08 0.0 -5.61538660378197e-08
vn 4.716167148348351e-08 0.0 -5.934524156615045e-08
vn 4.2838666083673776e-08 0.0 -6.253661709448119e-08
vn 0.0 0.0 -7.575530521397883e-08
vn 0.0 0.0 -7.575530521397883e-08
vn 1.3314246279890506e-08 0.0 -7.462462901675525e-08
vn 3.361758970803727e-08 0.0 -6.793975395597733e-08
vn 2.871951873221049e-08 0.0 -7.015151528914272e-08
vn 1.8567847018137108e-08 0.0 -7.349395281953169e-08
vn 2.3524092501732484e-07 -3.8513150523268685e-09 0.0
vn 2.344857586586294e-07 1.922402320625282e-08 0.0
vn 2.3524092501752779e-07 3.8513150523268685e-09 0.0
vn 2.3147237293012465e-07 4.211829065677276e-08 0.0
vn 2.2622979129596164e-07 6.459955390463958e-08 0.0
vn 2.2996931991982257e-07 4.967240200874829e-08 0.0
vn 2.3373059229952805e-07 2.6894101255525026e-08 0.0
vn 2.1880846308395552e-07 8.64623281002574e-08 0.0
vn 2.0927989791186083e-07 1.0749299038018494e-07 0.0
vn 2.1586008609906698e-07 9.357902120804366e-08 0.0
vn 1.9773590274837085e-07 1.2749215940521033e-07 0.0
vn 1.8428748518859522e-07 1.462563848291991e-07 0.0
vn 1.934555299895162e-07 1.338967763015257e-07 0.0
vn 2.0564808670954318e-07 1.1429026644453996e-07 0.0
vn 2.2399331568240282e-07 7.197259444855536e-08 0.0
vn 1.6906437661731136e-07 1.6361476836139818e-07 0.0
vn 1.5221315665108582e-07 1.7940048071797723e-07 0.0
vn 1.6361661213016003e-07 1.690631686308812e-07 0.0
vn 1.3389582262802822e-07 1.934568651324127e-07 0.0
vn 1.1428918561457612e-07 2.0564760987279442e-07 0.0
vn 1.2748987058881632e-07 1.9773542591162212e-07 0.0
vn 1.4625746565916295e-07 1.842893925355903e-07 0.0
vn 9.358175507206983e-08 2.158608172487484e-07 0.0
vn 6.828683711539548e-08 2.2510966998402467e-07 0.0
vn 8.646379039962024e-08 2.1880677826077656e-07 0.0
vn 4.211504816688124e-08 2.3147359681111313e-07 0.0
vn 1.922395962801965e-08 2.3448669643736566e-07 0.0
vn 2.6891303813265674e-08 2.337318956532065e-07 0.0
vn 4.9671448335250776e-08 2.2997009875317886e-07 0.0
vn 1.0749445267954778e-07 2.0928123305475735e-07 0.0
vn 1.7939981314652899e-07 1.5221137646055712e-07 0.0
vn 6.828683711539548e-08 2.2510966998402467e-07 0.0
vn 3.8522051475912074e-09 2.3524149722152483e-07 0.0
vn -3.8522051475912074e-09 2.3524149722152483e-07 0.0
vn -2.6891303813265674e-08 2.337318956532065e-07 0.0
vn -4.5893248251066004e-08 2.30721847782146e-07 0.0
vn -4.5893248251066004e-08 2.30721847782146e-07 0.0
vn -6.460050757813709e-08 2.2622864688776464e-07 0.0
vn -8.646379039962024e-08 2.1880677826077656e-07 0.0
vn -7.197316665265387e-08 2.2399069308028468e-07 0.0
vn -1.0749445267954778e-07 2.0928123305475735e-07 0.0
vn -1.2748987058881635e-07 1.9773542591162212e-07 0.0
vn -1.1428918561457612e-07 2.0564760987279442e-07 0.0
vn -1.4625746565916295e-07 1.842893925355903e-07 0.0
vn -1.6361661213016e-07 1.6906316863088121e-07 0.0
vn -1.5221315665108582e-07 1.7940048071797723e-07 0.0
vn -1.3389582262802822e-07 1.934568651324127e-07 0.0
vn -9.358175507206983e-08 2.158608172487484e-07 0.0
vn -1.7939981314652899e-07 1.5221137646055712e-07 0.0
vn -1.934555299895162e-07 1.338967763015257e-07 0.0
vn -1.8428748518859522e-07 1.462563848291991e-07 0.0
vn -2.0564808670954318e-07 1.1429026644453996e-07 0.0
vn -2.1586008609906698e-07 9.357902120804366e-08 0.0
vn -2.0927989791186083e-07 1.0749299038018494e-07 0.0
vn -1.9773590274837085e-07 1.2749215940521035e-07 0.0
vn -2.2511155348918226e-07 6.828607417659747e-08 0.0
vn -2.3072084642497362e-07 4.589534633276052e-08 0.0
vn -2.3072084642497362e-07 4.589534633276052e-08 0.0
vn -2.3410817547907778e-07 2.305906223088892e-08 0.0
vn -2.3524092501732548e-07 -3.8513150523268685e-09 0.0
vn -2.3524092501752715e-07 3.8513150523268685e-09 0.0
vn -2.1880846308395552e-07 8.64623281002574e-08 0.0
vn -1.6906437661731136e-07 1.6361476836139818e-07 0.0
vn -1.922395962801965e-08 2.3448669643736566e-07 0.0
vn -2.2511155348918226e-07 6.828607417659747e-08 0.0
vn -2.3410817547907778e-07 2.3059062230888924e-08 0.0
vn 5.542869841093172e-06 -9.078726041469093e-08 0.0
vn 5.52507630322423e-06 4.529775414029502e-07 0.0
vn 5.54286984109822e-06 9.078726041469093e-08 0.0
vn 5.4540731326199624e-06 9.922804185617052e-07 0.0
vn 5.330543964836231e-06 1.5221800660674358e-06 0.0
vn 5.418657037773769e-06 1.1703517754027052e-06 0.0
vn 5.507282765345193e-06 6.335933015618275e-07 0.0
vn 5.155679616343804e-06 2.0373664248219637e-06 0.0
vn 4.931163103920656e-06 2.5328244390103414e-06 0.0
vn 5.086209224034074e-06 2.2050389159290307e-06 0.0
vn 4.6591550961451475e-06 3.003981557742472e-06 0.0
vn 4.342277780403975e-06 3.4461914793074495e-06 0.0
vn 4.55829854397701e-06 3.1549126125261155e-06 0.0
vn 4.845587376116971e-06 2.6929374709845854e-06 0.0
vn 5.277846986744882e-06 1.6959369998911661e-06 0.0
vn 3.983583749264646e-06 3.855213531508811e-06 0.0
vn 3.586524310669663e-06 4.227065170022923e-06 0.0
vn 3.855218140935111e-06 3.9835399597147915e-06 0.0
vn 3.154925288448442e-06 4.558316981682211e-06 0.0
vn 2.692939775697736e-06 4.845613304139911e-06 0.0
vn 3.0039827100990475e-06 4.659171229137199e-06 0.0
vn 3.4461960887337503e-06 4.342263952125073e-06 0.0
vn 2.205022782936979e-06 5.086225357026124e-06 0.0
vn 1.6958701632098088e-06 5.2778299894854e-06 0.0
vn 2.037306502280057e-06 5.15566175481689e-06 0.0
vn 1.170382889030234e-06 5.418694057228746e-06 0.0
vn 6.336278722590814e-07 5.507268793019196e-06 0.0
vn 9.923357316773112e-07 5.454094451216603e-06 0.0
vn 1.5221501047964823e-06 5.330561826363145e-06 0.0
vn 2.5328394196458182e-06 4.931201131687635e-06 0.0
vn 4.227113568999078e-06 3.5865392913051396e-06 0.0
vn 4.529671701937741e-07 5.525042740833933e-06 0.0
vn 9.076882270948892e-08 5.542816688648668e-06 0.0
vn -9.076882270948892e-08 5.542816688648668e-06 0.0
vn -4.529671701937741e-07 5.525042740833933e-06 0.0
vn -9.923357316773112e-07 5.454094451216603e-06 0.0
vn -6.336278722590814e-07 5.507268793019196e-06 0.0
vn -1.5221501047964827e-06 5.330561826363145e-06 0.0
vn -2.037306502280057e-06 5.15566175481689e-06 0.0
vn -1.6958701632098088e-06 5.2778299894854e-06 0.0
vn -1.170382889030234e-06 5.418694057228746e-06 0.0
vn -2.5328394196458182e-06 4.931201131687635e-06 0.0
vn -3.0039827100990475e-06 4.659171229137199e-06 0.0
vn -2.692939775697736e-06 4.845613304139911e-06 0.0
vn -3.4461960887337503e-06 4.342263952125073e-06 0.0
vn -3.855218140935111e-06 3.9835399597147915e-06 0.0
vn -3.586524310669663e-06 4.227065170022923e-06 0.0
vn -3.154925288448442e-06 4.558316981682211e-06 0.0
vn -2.205022782936979e-06 5.086225357026124e-06 0.0
vn -4.227113568999078e-06 3.5865392913051396e-06 0.0
vn -4.55829854397701e-06 3.1549126125261155e-06 0.0
vn -4.342277780403975e-06 3.4461914793074495e-06 0.0
vn -4.845587376116971e-06 2.6929374709845854e-06 0.0
vn -5.086209224034074e-06 2.2050389159290307e-06 0.0
vn -4.931163103920656e-06 2.5328244390103414e-06 0.0
vn -4.6591550961451475e-06 3.003981557742472e-06 0.0
vn -5.277846986744882e-06 1.6959369998911661e-06 0.0
vn -5.418657037773769e-06 1.1703517754027052e-06 0.0
vn -5.330543964836231e-06 1.5221800660674358e-06 0.0
vn -5.516179534284689e-06 5.432854214823889e-07 0.0
vn -5.542869841093187e-06 -9.078726041469093e-08 0.0
vn -5.542869841098204e-06 9.078726041469093e-08 0.0
vn -5.4540731326199624e-06 9.922804185617052e-07 0.0
vn -5.155679616343804e-06 2.0373664248219637e-06 0.0
vn -3.983583749264646e-06 3.855213531508811e-06 0.0
vn -5.516179534284689e-06 5.432854214823889e-07 0.0
vn -2.5729500711334264e-07 -4.213969313065993e-09 0.0
vn -2.564690456043368e-07 2.102661332554594e-08 7.309705990846715e-23
vn -2.57295007113559e-07 4.213969313065993e-09 0.0
vn -2.531731567876353e-07 4.6062473858121774e-08 0.0
vn -2.4743907020624417e-07 7.065837259760141e-08 0.0
vn -2.515291909898094e-07 5.432892361800169e-08 0.0
vn -2.5564308409489823e-07 2.9411318711893903e-08 0.0
vn -2.393219698321439e-07 9.456889732991671e-08 0.0
vn -2.2890009670314208e-07 1.1757025246089158e-07 0.0
vn -2.3609717942952235e-07 1.023534236227924e-07 0.0
vn -2.1627384491879237e-07 1.3944245709397794e-07 0.0
vn -2.015646490202528e-07 1.5997061659613163e-07 0.0
vn -2.1159217778195992e-07 1.4645005663661724e-07 0.0
vn -2.2492780437938345e-07 1.250025550061151e-07 0.0
vn -2.449929152205048e-07 7.872137181732122e-08 0.0
vn -1.8491432833913106e-07 1.7895509512482063e-07 0.0
vn -1.6648317964867047e-07 1.9621914502328077e-07 0.0
vn -1.789557309077586e-07 1.8491365281975943e-07 0.0
vn -1.4294542240019147e-07 2.1393396502478317e-07 0.0
vn -1.212880726637156e-07 2.269134737040593e-07 0.0
vn -1.212880726637156e-07 2.269134737040593e-07 0.0
vn -1.5996922582095475e-07 2.0156607953186333e-07 0.0
vn -1.0235525149873916e-07 2.3609672246053565e-07 0.0
vn -7.872073603438321e-08 2.4499259732903585e-07 0.0
vn -9.456993047719096e-08 2.3932141352207314e-07 0.0
vn -5.4328208362196445e-08 2.5152971749755494e-07 0.0
vn -2.9412431332035407e-08 2.556432331064169e-07 0.0
vn -4.606342753252879e-08 2.5317385217522373e-07 0.0
vn -7.065686261312366e-08 2.4743909007446095e-07 0.0
vn -1.9621878739537816e-07 1.6648357701300672e-07 0.0
vn -1.4294542240019147e-07 2.1393396502478317e-07 0.0
vn -2.102621596120969e-08 2.5646847935994126e-07 0.0
vn -4.213333530127992e-09 2.572937256134657e-07 0.0
vn 4.213333530127992e-09 2.572937256134657e-07 0.0
vn 2.102621596120969e-08 2.5646847935994126e-07 0.0
vn 4.606342753252879e-08 2.5317385217522373e-07 0.0
vn 2.9412431332035407e-08 2.556432331064169e-07 0.0
vn 7.065686261312366e-08 2.4743909007446095e-07 0.0
vn 9.846259098796506e-08 2.377090679913044e-07 0.0
vn 7.872073603438321e-08 2.4499259732903585e-07 0.0
vn 5.4328208362196445e-08 2.5152971749755494e-07 0.0
vn 1.212880726637156e-07 2.269134737040593e-07 0.0
vn 1.3944213920250894e-07 2.1627428201956226e-07 0.0
vn 1.212880726637156e-07 2.269134737040593e-07 0.0
vn 1.5996922582095475e-07 2.0156607953186333e-07 0.0
vn 1.7895573090775862e-07 1.8491365281975943e-07 0.0
vn 1.6648317964867047e-07 1.9621914502328077e-07 0.0
vn 1.4644870559787398e-07 2.1159364803000403e-07 0.0
vn 1.9621878739537816e-07 1.6648357701300672e-07 0.0
vn 2.1159217778195992e-07 1.4645005663661724e-07 0.0
vn 2.015646490202528e-07 1.5997061659613163e-07 0.0
vn 2.2492780437938345e-07 1.250025550061151e-07 0.0
vn 2.3609717942952235e-07 1.023534236227924e-07 0.0
vn 2.2890009670314208e-07 1.1757025246089158e-07 0.0
vn 2.1627384491879237e-07 1.3944245709397794e-07 0.0
vn 2.449929152205048e-07 7.872137181732122e-08 0.0
vn 2.515291909898094e-07 5.432892361800169e-08 0.0
vn 2.4743907020624417e-07 7.065837259760141e-08 0.0
vn 2.556430840948995e-07 2.9411318711893903e-08 0.0
vn 2.572950071135588e-07 4.213969313065993e-09 0.0
vn 2.5646904560433783e-07 2.102661332554594e-08 0.0
vn 2.531731567876353e-07 4.6062473858121774e-08 0.0
vn 2.393219698321439e-07 9.456889732991671e-08 0.0
vn 1.8491432833913106e-07 1.7895509512482063e-07 0.0
vn 9.846259098796506e-08 2.377090679913044e-07 0.0
vn 2.572950071133414e-07 -4.213969313065993e-09 0.0
vn -3.6462401571537136e-07 5.9692426434370745e-09 0.0
vn -3.564529997265029e-07 7.699285411619322e-08 0.0
vn -3.622830296601411e-07 4.1680938662609186e-08 0.0
vn -3.345837415536305e-07 1.4505320658752945e-07 0.0
vn -2.998564527250933e-07 2.0753799346093134e-07 0.0
vn -3.1875500131050407e-07 1.7715161871619565e-07 0.0
vn -3.4719015697796583e-07 1.115570883593263e-07 0.0
vn -2.5360617097111463e-07 2.620485313428705e-07 0.0
vn -1.9760947363215215e-07 3.064943646041269e-07 0.0
vn -2.2669951793126792e-07 2.85647791752737e-07 0.0
vn -1.3401918668329776e-07 3.3915430058064204e-07 0.0
vn -6.52784824574517e-08 3.5878016941496914e-07 0.0
vn -1.001309172896132e-07 3.506533324213736e-07 0.0
vn -1.6661665694643977e-07 3.243837819741822e-07 0.0
vn -2.7807017619931834e-07 2.3592851713776934e-07 0.0
vn -3.573935259455869e-08 3.628695278721295e-07 0.0
vn 0.0 3.646273416567e-07 0.0
vn 4.168160623511851e-08 3.6228358994393943e-07 0.0
vn 1.1155861423934764e-07 3.4718958477295785e-07 0.0
vn 7.699085139866523e-08 3.564486247423792e-07 0.0
vn 1.7714837622115036e-07 3.187563364555227e-07 0.0
vn 2.3593080595780133e-07 2.780702715668197e-07 0.0
vn 2.0753885176844336e-07 2.998598382713906e-07 0.0
vn 1.4505206217751344e-07 3.345827640367419e-07 0.0
vn 2.8564602745396234e-07 2.2669694300873192e-07 0.0
vn 3.2438440186294084e-07 1.666199948089864e-07 0.0
vn 3.0649102674158026e-07 1.9761061804216816e-07 0.0
vn 3.506566941257956e-07 1.0013129875961855e-07 0.0
vn 3.634535226880339e-07 2.97943332964602e-08 0.0
vn 3.587827681793805e-07 6.528019907247569e-08 0.0
vn 3.391536806918834e-07 1.3401804227328176e-07 0.0
vn 2.6205024795789446e-07 2.536043113048386e-07 0.0
vn 3.64624015714814e-07 -5.9692426434370745e-09 0.0
vn 0.0 -2.460510646592773e-07 0.0
vn 0.0 -2.3101512060481183e-07 0.0
vn 0.0 -8.586591243024987e-07 0.0
vn 0.0 -1.7149129256715355e-07 0.0
vn 0.0 -1.0011419189606966e-06 0.0
vn 0.0 -8.094026814813501e-07 0.0
vn 0.0 -2.7055150240621026e-07 0.0
vn 0.0 -8.437465225381832e-07 0.0
vn 0.0 -1.3232915220594893e-07 0.0
vn 0.0 -1.7789588174449308e-07 0.0
vn 0.0 -2.460510646592773e-07 0.0
vn 0.0 -8.586591243024987e-07 0.0
vn 0.0 -2.3101512060481183e-07 0.0
vn 0.0 -1.7149129256715355e-07 0.0
vn 0.0 -8.437465225381832e-07 0.0
vn 0.0 -8.094026814813501e-07 0.0
vn 0.0 -2.7055150240621026e-07 0.0
vn 0.0 -1.7694348527225744e-07 0.0
vn 0.0 -1.409723712897914e-07 0.0
vn 0.0 -1.4698410254173823e-07 0.0
vn 0.0 -1.2246083234530315e-07 0.0
vn 0.0 -1.6402536643374354e-07 0.0
vn 0.0 -1.7734957487464913e-07 0.0
vn 0.0 -1.409723712897914e-07 0.0
vn 0.0 -1.3232915220594893e-07 0.0
vn 0.0 -1.7734957487464913e-07 0.0
vn 0.0 -1.7789588174449308e-07 0.0
vn 0.0 -1.7694348527225744e-07 0.0
vn 0.0 -1.4698410254173823e-07 0.0
vn 0.0 1.7694348527225744e-07 0.0
vn 0.0 1.6402536643374354e-07 0.0
vn 0.0 1.4698410254173823e-07 0.0
vn 0.0 1.7734957487464913e-07 0.0
vn 0.0 1.4097237128979138e-07 0.0
vn 0.0 1.7789588174449306e-07 0.0
vn 0.0 1.3232915220594893e-07 0.0
vn 0.0 2.7055150240621026e-07 0.0
vn 0.0 8.43746522538183e-07 0.0
vn 0.0 1.2246083234530315e-07 0.0
vn 0.0 1.3232915220594893e-07 0.0
vn 0.0 1.7734957487464913e-07 0.0
vn 0.0 1.7789588174449308e-07 0.0
vn 0.0 1.7694348527225744e-07 0.0
vn 0.0 1.4097237128979138e-07 0.0
vn 0.0 1.4698410254173823e-07 0.0
vn 0.0 8.437465225381832e-07 0.0
vn 0.0 2.7055150240621026e-07 0.0
vn 0.0 8.094026814813501e-07 0.0
vn 0.0 2.310151206048118e-07 0.0
vn 0.0 8.586591243024987e-07 0.0
vn 0.0 1.7149129256715355e-07 0.0
vn 0.0 2.4605106465927725e-07 0.0
vn 0.0 1.0011419189606966e-06 0.0
vn 0.0 8.586591243024987e-07 0.0
vn 0.0 8.094026814813501e-07 0.0
vn 0.0 1.7149129256715355e-07 0.0
vn 0.0 2.460510646592773e-07 0.0
vn 0.0 2.3101512060481183e-07 0.0
vn 1.0781174923938195e-06 0.0 0.0
vn 1.0781174923938195e-06 0.0 0.0
vn 1.0781174923938195e-06 0.0 0.0
vn 1.0781174923938195e-06 0.0 0.0
vn -1.0781174923938195e-06 0.0 0.0
vn -1.0781174923938195e-06 0.0 0.0
vn -1.0781174923938195e-06 0.0 0.0
vn -1.0781174923938195e-06 0.0 0.0
vn 0.0 0.0 -1.5105707393712798e-06
vn 0.0 0.0 -3.438050556958369e-07
vn 0.0 0.0 -3.0270159587832864e-07
vn 0.0 0.0 -2.671825418475966e-07
vn 0.0 0.0 -2.3758477629712884e-07
vn 0.0 0.0 -3.9009200296398065e-07
vn 0.0 0.0 -4.4111497027717913e-07
vn 0.0 0.0 -4.963809065823072e-07
vn 0.0 0.0 -5.55370940683537e-07
vn 0.0 0.0 -2.1419440386414452e-07
vn 0.0 0.0 -1.7192184496933951e-07
vn 0.0 0.0 -1.0185662408068303e-07
vn 0.0 0.0 -2.1868099900177614e-07
vn 0.0 0.0 -1.505662708644602e-07
vn 0.0 0.0 -2.3308451287012706e-07
vn 0.0 0.0 -1.4702607597844552e-07
vn 0.0 0.0 -1.9723584567226512e-07
vn 0.0 0.0 -1.493878660226947e-07
vn 0.0 0.0 -1.0170775065414126e-07
vn 0.0 0.0 -3.470487580194575e-06
vn 0.0 0.0 -1.9378669801969934e-06
vn 0.0 0.0 -1.9378669801970993e-06
vn 0.0 0.0 -1.505662708644602e-07
vn 0.0 0.0 -2.330845128701271e-07
vn 0.0 0.0 -1.4702607597844552e-07
vn 0.0 0.0 -4.963809065823072e-07
vn 0.0 0.0 -5.553709406843301e-07
vn 0.0 0.0 -1.5056627086446017e-07
vn 0.0 0.0 -4.411149702771791e-07
vn 0.0 0.0 -3.900920029639807e-07
vn 0.0 0.0 -3.4380505569583684e-07
vn 0.0 0.0 -2.671825418475966e-07
vn 0.0 0.0 -2.3758477629712884e-07
vn 0.0 0.0 -3.0270159587832864e-07
vn 0.0 0.0 -1.9723584567226512e-07
vn 0.0 0.0 -2.1419440386414452e-07
vn 0.0 0.0 -1.493878660226947e-07
vn 0.0 0.0 -1.7192184496933951e-07
vn 0.0 0.0 -1.0170775065414125e-07
vn 0.0 0.0 -1.0185662408068303e-07
vn 0.0 0.0 -2.1868099900177614e-07
vn 0.0 0.0 -2.1868099900177606e-07
vn 0.0 0.0 -1.719218449693395e-07
vn 0.0 0.0 -1.0185662408068303e-07
vn 0.0 0.0 -1.0170775065414126e-07
vn 0.0 0.0 -1.493878660226947e-07
vn 0.0 0.0 -1.9723584567226512e-07
vn 0.0 0.0 -2.1419440386414452e-07
vn 0.0 0.0 -2.3758477629712884e-07
vn 0.0 0.0 -1.5105707393713929e-06
vn 0.0 0.0 -2.671825418475966e-07
vn 0.0 0.0 -3.0270159587832864e-07
vn 0.0 0.0 -3.4380505569583684e-07
vn 0.0 0.0 -3.9009200296398065e-07
vn 0.0 0.0 -4.41114970277179e-07
vn 0.0 0.0 -4.963809065823072e-07
vn 0.0 0.0 -5.553709406835391e-07
vn 0.0 0.0 -3.470487580194574e-06
vn 0.0 0.0 -2.1868099900177614e-07
vn 0.0 0.0 -1.7192184496933951e-07
vn 0.0 0.0 -1.493878660226947e-07
vn 0.0 0.0 -1.9723584567226512e-07
vn 0.0 0.0 -2.1419440386414452e-07
vn 0.0 0.0 -1.0170775065414126e-07
vn 0.0 0.0 -1.505662708644602e-07
vn 0.0 0.0 -1.0185662408068303e-07
vn 0.0 0.0 -4.411149702771792e-07
vn 0.0 0.0 -3.900920029639807e-07
vn 0.0 0.0 -4.963809065823072e-07
vn 0.0 0.0 -3.4380505569583684e-07
vn 0.0 0.0 -2.3758477629712884e-07
vn 0.0 0.0 -2.671825418475966e-07
vn 0.0 0.0 -3.0270159587832864e-07
vn 0.0 0.0 -5.553709406843275e-07
vn 0.0 1.7734957487464913e-07 0.0
vn 0.0 1.7694348527225744e-07 0.0
vn 0.0 1.4097237128979138e-07 0.0
vn 0.0 1.3232915220594893e-07 0.0
vn 0.0 1.4698410254173823e-07 0.0
vn 0.0 8.43746522538183e-07 0.0
vn 0.0 1.7789588174449308e-07 0.0
vn 0.0 2.7055150240621026e-07 0.0
vn 0.0 1.6402536643374354e-07 0.0
vn 0.0 1.2246083234530315e-07 0.0
vn 0.0 1.7734957487464913e-07 0.0
vn 0.0 1.409723712897914e-07 0.0
vn 0.0 1.7694348527225744e-07 0.0
vn 0.0 1.4698410254173823e-07 0.0
vn 0.0 1.7789588174449308e-07 0.0
vn 0.0 1.3232915220594893e-07 0.0
vn 0.0 8.437465225381832e-07 0.0
vn 0.0 2.7055150240621026e-07 0.0
vn 0.0 8.094026814813501e-07 0.0
vn 0.0 2.310151206048118e-07 0.0
vn 0.0 8.586591243024987e-07 0.0
vn 0.0 1.7149129256715355e-07 0.0
vn 0.0 2.4605106465927725e-07 0.0
vn 0.0 1.0011419189606966e-06 0.0
vn 0.0 8.586591243024987e-07 0.0
vn 0.0 8.094026814813501e-07 0.0
vn 0.0 1.7149129256715355e-07 0.0
vn 0.0 2.460510646592773e-07 0.0
vn 0.0 2.3101512060481183e-07 0.0
vn 0.0 -2.460510646592773e-07 0.0
vn 0.0 -2.3101512060481183e-07 0.0
vn 0.0 -8.586591243024987e-07 0.0
vn 0.0 -1.7149129256715355e-07 0.0
vn 0.0 -1.0011419189606966e-06 0.0
vn 0.0 -8.094026814813501e-07 0.0
vn 0.0 -2.7055150240621026e-07 0.0
vn 0.0 -8.437465225381832e-07 0.0
vn 0.0 -1.3232915220594893e-07 0.0
vn 0.0 -1.7789588174449308e-07 0.0
vn 0.0 -2.460510646592773e-07 0.0
vn 0.0 -8.586591243024987e-07 0.0
vn 0.0 -2.3101512060481183e-07 0.0
vn 0.0 -1.7149129256715355e-07 0.0
vn 0.0 -8.437465225381832e-07 0.0
vn 0.0 -8.094026814813501e-07 0.0
vn 0.0 -2.7055150240621026e-07 0.0
vn 0.0 -1.7694348527225744e-07 0.0
vn 0.0 -1.409723712897914e-07 0.0
vn 0.0 -1.4698410254173823e-07 0.0
vn 0.0 -1.2246083234530315e-07 0.0
vn 0.0 -1.6402536643374354e-07 0.0
vn 0.0 -1.7734957487464913e-07 0.0
vn 0.0 -1.409723712897914e-07 0.0
vn 0.0 -1.3232915220594893e-07 0.0
vn 0.0 -1.7734957487464913e-07 0.0
vn 0.0 -1.7789588174449308e-07 0.0
vn 0.0 -1.7694348527225744e-07 0.0
vn 0.0 -1.4698410254173823e-07 0.0
vn -1.0781174923938195e-06 0.0 0.0
vn -1.0781174923938195e-06 0.0 0.0
vn -1.0781174923938195e-06 0.0 0.0
vn -1.0781174923938195e-06 0.0 0.0
vn 1.0781174923938195e-06 0.0 0.0
vn 1.0781174923938195e-06 0.0 0.0
vn 1.0781174923938195e-06 0.0 0.0
vn 1.0781174923938195e-06 0.0 0.0
vn 0.0 0.0 2.815392321368026e-08
vn 0.0 0.0 1.6948620813081497e-08
vn 0.0 0.0 1.8928897295153616e-06
vn 0.0 0.0 8.495095123449227e-09
vn 0.0 0.0 3.443775006708806e-06
vn 0.0 0.0 3.903096088083552e-06
vn 0.0 0.0 2.7089793873494296e-06
vn 0.0 0.0 1.6949372973456762e-08
vn 0.0 0.0 8.494310173058376e-09
vn 0.0 0.0 2.815878454032692e-08
vn 0.0 0.0 8.498646992969217e-09
vn 0.0 0.0 1.410488984886563e-07
vn 0.0 0.0 1.6950815940143634e-08
vn 0.0 0.0 8.49601370227135e-09
vn 0.0 0.0 5.185986720286703e-07
vn 0.0 0.0 5.323530721730485e-08
vn 0.0 0.0 1.6271921556353428e-07
vn 0.0 0.0 1.695035389496337e-08
vn 0.0 0.0 8.496598627473468e-09
vn 0.0 0.0 1.5996394469523438e-06
vn 0.0 0.0 1.1213685919265407e-07
vn 0.0 0.0 8.49864699303002e-09
vn 0.0 0.0 1.694937297345676e-08
vn 0.0 0.0 8.49431017305837e-09
vn 0.0 0.0 1.6948620813081497e-08
vn 0.0 0.0 8.495095123449227e-09
vn 0.0 0.0 2.8153923213680264e-08
vn 0.0 0.0 1.4104889848865628e-07
vn 0.0 0.0 1.6950353894963378e-08
vn 0.0 0.0 1.7956519992642335e-07
vn 0.0 0.0 8.496598627473468e-09
vn 0.0 0.0 7.535421220301596e-07
vn 0.0 0.0 8.49601370227135e-09
vn 0.0 0.0 1.900160642128039e-06
vn 0.0 0.0 1.6950380121155085e-08
vn 0.0 0.0 7.107478396266607e-08
vn 0.0 0.0 8.4956263957348e-09
vn 0.0 0.0 1.695081594014363e-08
vn 0.0 0.0 8.49601370227135e-09
vn 0.0 0.0 1.0791082352336057e-07
vn 0.0 0.0 8.494500464833904e-09
vn 0.0 0.0 1.695035389496337e-08
vn 0.0 0.0 2.815392321368026e-08
vn 0.0 0.0 1.6948620813081497e-08
vn 0.0 0.0 2.9327833362313177e-06
vn 0.0 0.0 8.49431017305837e-09
vn 0.0 0.0 1.270213467718877e-07
vn 0.0 0.0 5.32367749434614e-08
vn 0.0 0.0 2.8158784540326918e-08
vn 0.0 0.0 8.498646992969255e-09
vn 0.0 0.0 8.495095123449227e-09
vn 0.0 0.0 1.0791082352336057e-07
vn 0.0 0.0 1.6950353894963365e-08
vn 0.0 0.0 8.494500464833904e-09
vn 0.0 0.0 2.159887535137159e-07
vn 0.0 0.0 8.4956263957348e-09
vn 0.0 0.0 1.695081594014363e-08
vn 0.0 0.0 8.49601370227135e-09
vn 0.0 0.0 1.694937297345676e-08
vn 0.0 0.0 8.49431017305837e-09
vn 0.0 0.0 1.6948620813081497e-08
vn 0.0 0.0 2.815392321368026e-08
vn 0.0 0.0 8.495095123449227e-09
vn 0.0 0.0 8.498646993029983e-09
vn 1.8751742326096513e-07 -1.5372006630279336e-08 1.155690848462912e-09
vn 1.851076144644082e-07 -3.368033875495752e-08 1.1558941337754322e-09
vn 3.622830296595921e-07 -4.1680938662609186e-08 0.0
vn 1.809150951684631e-07 -5.1661117558887806e-08 1.1558662884556239e-09
vn 1.7498030374032e-07 -6.91443898691972e-08 1.1557680225459834e-09
vn 3.4719015697796593e-07 -1.115570883593263e-07 0.0
vn 1.6736034058570563e-07 -8.596478015307673e-08 1.1556653618817354e-09
vn 1.3687135355375654e-07 -8.837729938695971e-08 1.3196963761372724e-09
vn 3.1875500131050407e-07 -1.7715161871619565e-07 0.0
vn 3.345837415536305e-07 -1.4505320658752945e-07 0.0
vn 3.564529997265029e-07 -7.699285411619323e-08 0.0
vn 1.7498309412306562e-07 -1.3896886953136296e-07 9.249849099549621e-10
vn 1.3520009691793535e-07 -1.3084282102948843e-07 1.1557083233838791e-09
vn 2.7807017619931834e-07 -2.3592851713776932e-07 0.0
vn 1.217242187951193e-07 -1.4346553198813137e-07 1.1556665677202417e-09
vn 1.0707588186114141e-07 -1.5470746726006628e-07 1.1554194646559248e-09
vn 2.2669951793126792e-07 -2.85647791752737e-07 0.0
vn 2.536061709711146e-07 -2.6204853134287053e-07 0.0
vn 9.139644586973673e-08 -1.6445678572792025e-07 1.1553480847764654e-09
vn 7.483691008010134e-08 -1.7262216397712578e-07 1.1555274147144877e-09
vn 1.6661665694643977e-07 -3.243837819741822e-07 0.0
vn 5.755655073971822e-08 -1.7912635214457126e-07 1.15541401223467e-09
vn 3.972192026841018e-08 -1.8390346278982255e-07 1.1555278345979143e-09
vn 1.001309172896132e-07 -3.5065333242137353e-07 0.0
vn 1.3401918668329776e-07 -3.3915430058064204e-07 0.0
vn 1.9760947363215215e-07 -3.064943646041269e-07 0.0
vn 2.998564527250933e-07 -2.0753799346093134e-07 0.0
vn 6.52784824574517e-08 -3.5878016941496914e-07 0.0
vn 1.8438856312879152e-08 -1.8721375581126358e-07 1.1550895084353946e-09
vn 3.573935259455869e-08 -3.628695278721295e-07 0.0
vn -3.634535226869276e-07 -2.97943332964602e-08 -1.0354466408133864e-22
vn 0.0 -1.8812780855075469e-07 1.1564741269388844e-09
vn -1.5373444203358956e-08 -1.8751841572695602e-07 1.1555545682877178e-09
vn 0.0 -3.646273416567e-07 0.0
vn -3.3679434827186945e-08 -1.8510626661067783e-07 1.1555926615674258e-09
vn -5.166093138591099e-08 -1.8091340823355094e-07 1.1554327369133685e-09
vn -7.699085139866523e-08 -3.564486247423792e-07 0.0
vn -4.168160623511851e-08 -3.6228358994393943e-07 0.0
vn -6.914498032230863e-08 -1.7498058403153122e-07 1.1555019928193328e-09
vn -8.596306408086955e-08 -1.6736004584807915e-07 1.1554351313099806e-09
vn -1.4505206217751344e-07 -3.3458276403674184e-07 0.0
vn -1.0195325545781047e-07 -1.5813027745667268e-07 1.1553442946085174e-09
vn -1.1696173989692908e-07 -1.4737482688694534e-07 1.155483674684805e-09
vn -2.0753885176844336e-07 -2.998598382713906e-07 0.0
vn -1.7714837622115036e-07 -3.187563364555227e-07 0.0
vn -1.1155861423934764e-07 -3.4718958477295785e-07 0.0
vn -1.5079382570544977e-07 -1.509078888336629e-07 9.906752171599648e-10
vn -1.1805974172366681e-07 -9.703567283357302e-08 1.3866051276892195e-09
vn -2.8185810182664037e-07 -2.3131273007325064e-07 0.0
vn -1.547057387510484e-07 -1.0707545574873597e-07 1.155074730812494e-09
vn -1.6445609762629458e-07 -9.139808536536282e-08 1.1553949702938725e-09
vn -3.064910267415803e-07 -1.9761061804216816e-07 0.0
vn -1.726226432313496e-07 -7.483749445051161e-08 1.1557144668695902e-09
vn -1.791266869086844e-07 -5.755576346890298e-08 1.1557784091280462e-09
vn -3.391536806918834e-07 -1.3401804227328176e-07 0.0
vn -1.8390567252176042e-07 -3.972294291662818e-08 1.1559521605660993e-09
vn -1.6186870956499708e-07 -1.8513726107949057e-08 1.3203479525265364e-09
vn -3.587827681793805e-07 -6.528019907247569e-08 0.0
vn -3.506566941257956e-07 -1.0013129875961855e-07 0.0
vn -3.2438440186294084e-07 -1.666199948089864e-07 0.0
vn -2.3593080595780133e-07 -2.780702715668197e-07 0.0
vn -2.5782820946450454e-07 -2.578264213238546e-07 0.0
vn 0.0 0.0 2.1130938414611678e-07
vn 0.0 0.0 2.2511390550246583e-07
vn 0.0 0.0 2.113097199979857e-07
vn 0.0 0.0 2.1130767556117387e-07
vn 0.0 0.0 2.2511251212340538e-07
vn 0.0 0.0 2.251128913539314e-07
vn 0.0 0.0 2.1130761831560132e-07
vn 0.0 0.0 2.2511206808349343e-07
vn 0.0 0.0 2.1130794830335103e-07
vn 0.0 0.0 2.2511175545618026e-07
vn 0.0 0.0 2.251128405065031e-07
vn 0.0 0.0 2.251127824063086e-07
vn 0.0 0.0 2.1130923399959282e-07
vn 0.0 0.0 2.251117773024812e-07
vn 0.0 0.0 2.113077448718034e-07
vn 0.0 0.0 2.11307666950532e-07
vn 0.0 0.0 2.2511112468137534e-07
vn 0.0 0.0 2.1130846012382412e-07
vn 0.0 0.0 2.2511264483476274e-07
vn 0.0 0.0 2.2511325877102958e-07
vn 0.0 0.0 2.11308829304577e-07
vn 0.0 0.0 2.251131361117118e-07
vn 0.0 0.0 2.11310067184585e-07
vn 0.0 0.0 2.1130943052913833e-07
vn 0.0 0.0 2.2511398661606166e-07
vn 0.0 0.0 2.2511201658062255e-07
vn 0.0 0.0 2.2511274414613662e-07
vn 0.0 0.0 2.1130831803147544e-07
vn 0.0 0.0 2.1130836470129103e-07
vn 0.0 0.0 2.2511284131959137e-07
vn 0.0 0.0 2.1130825068823704e-07
vn 0.0 0.0 2.1130916697149432e-07
vn 0.0 0.0 2.2511348388069093e-07
vn 0.0 0.0 2.1130855722981741e-07
vn 0.0 0.0 2.113085140726223e-07
vn 0.0 0.0 2.2511186463799066e-07
vn 0.0 0.0 2.2511309279656773e-07
vn 0.0 0.0 2.251119352842183e-07
vn 0.0 0.0 2.113086294732622e-07
vn 0.0 0.0 2.2511257989001137e-07
vn 0.0 0.0 2.1130791850609511e-07
vn 0.0 0.0 2.1130759449153696e-07
vn 0.0 0.0 2.1130929838348675e-07
vn 0.0 0.0 2.2511325018782412e-07
vn 0.0 0.0 2.2511323459302012e-07
vn 0.0 0.0 2.2511255542233008e-07
vn 0.0 0.0 2.1130858605868004e-07
vn 0.0 0.0 2.251118865944148e-07
vn 0.0 0.0 2.1130866167650204e-07
vn 0.0 0.0 2.2511192361085268e-07
vn 0.0 0.0 2.113079974012145e-07
vn 0.0 0.0 2.113083074989195e-07
vn 0.0 0.0 2.1130944777012787e-07
vn 0.0 0.0 2.2511262791209636e-07
vn 0.0 0.0 2.2511351514184575e-07
vn 0.0 0.0 2.1130865936123148e-07
vn 0.0 0.0 2.1130926496773872e-07
vn 0.0 0.0 2.2511251764616086e-07
vn 0.0 0.0 2.1130869068908265e-07
vn 0.0 0.0 2.2511342433242919e-07
vn 0.0 0.0 2.2511235017482224e-07
vn 0.0 0.0 2.251135466152161e-07
vn 0.0 0.0 2.1130989453700834e-07
vn 0.0 0.0 2.1130767547037597e-07
vn 0.0 0.0 2.2511348388069093e-07
vn 0.0 0.0 2.113091669714943e-07
vn 0.0 0.0 2.1130989453700834e-07
vn 0.0 0.0 2.251135466152161e-07
vn 0.0 0.0 2.1130767547037597e-07
vn 0.0 0.0 2.2511235017482224e-07
vn 0.0 0.0 2.2511342433242919e-07
vn 0.0 0.0 2.1130869068908265e-07
vn 0.0 0.0 2.1130865936123148e-07
vn 0.0 0.0 2.251125176461609e-07
vn 0.0 0.0 2.1821152193866093e-07
vn 0.0 0.0 2.1130926496773872e-07
vn 0.0 0.0 1.975062285547475e-07
vn 0.0 0.0 2.2511192361085268e-07
vn 0.0 0.0 2.1821039078816946e-07
vn 0.0 0.0 2.1130799740121446e-07
vn 0.0 0.0 2.1130858605868004e-07
vn 0.0 0.0 2.2511255542233008e-07
vn 0.0 0.0 2.3891579347607604e-07
vn 0.0 0.0 2.1821131215754894e-07
vn 0.0 0.0 1.9750539947930745e-07
vn 0.0 0.0 2.1821096318871883e-07
vn 0.0 0.0 2.1130759449153696e-07
vn 0.0 0.0 2.251118865944148e-07
vn 0.0 0.0 2.389167170894066e-07
vn 0.0 0.0 2.251119352842183e-07
vn 0.0 0.0 2.182106666968285e-07
vn 0.0 0.0 2.113086294732622e-07
vn 0.0 0.0 1.9750528871466569e-07
vn 0.0 0.0 2.1821018355989563e-07
vn 0.0 0.0 2.182101517911927e-07
vn 0.0 0.0 1.9750501325211384e-07
vn 0.0 0.0 2.3891515932788655e-07
vn 0.0 0.0 2.1821015179163372e-07
vn 0.0 0.0 2.251139866160617e-07
vn 0.0 0.0 2.1130943052913833e-07
vn 0.0 0.0 2.1130836470129103e-07
vn 0.0 0.0 2.2511274414613662e-07
vn 0.0 0.0 2.1130825068823704e-07
vn 0.0 0.0 2.1130831803147544e-07
vn 0.0 0.0 2.2511284131959145e-07
vn 0.0 0.0 2.2511175545618026e-07
vn 0.0 0.0 2.1130855722981741e-07
vn 0.0 0.0 2.251131361117118e-07
vn 0.0 0.0 2.2511325877102958e-07
vn 0.0 0.0 2.11310067184585e-07
vn 0.0 0.0 2.1130882930457695e-07
vn 0.0 0.0 2.2511264483476271e-07
vn 0.0 0.0 2.2511201658062252e-07
vn 0.0 0.0 2.1130761831560132e-07
vn 0.0 0.0 2.251127824063086e-07
vn 0.0 0.0 2.1130923399959282e-07
vn 0.0 0.0 2.1821027700616507e-07
vn 0.0 0.0 1.9750389062336118e-07
vn 0.0 0.0 2.1820978036539465e-07
vn 0.0 0.0 2.389149561828959e-07
vn 0.0 0.0 2.389151593283265e-07
vn 0.0 0.0 2.2511251212340538e-07
vn 0.0 0.0 2.2511289135393138e-07
vn 0.0 0.0 2.1130794830335103e-07
vn 0.0 0.0 2.2511206808349343e-07
vn 0.0 0.0 2.1130938414611678e-07
vn 0.0 0.0 2.2511390550246583e-07
vn 0.0 0.0 2.113097199979857e-07
vn 2.5646904560390304e-07 -2.102661332554594e-08 0.0
vn 2.531731567876353e-07 -4.6062473858121774e-08 0.0
vn 2.5564308409468213e-07 -2.9411318711893903e-08 0.0
vn 2.4743907020624417e-07 -7.065837259760141e-08 0.0
vn 2.393219698321439e-07 -9.456889732991671e-08 0.0
vn 2.449929152205048e-07 -7.872137181732122e-08 0.0
vn 2.2890009670314208e-07 -1.1757025246089158e-07 0.0
vn 2.1627384491879237e-07 -1.3944245709397794e-07 0.0
vn 2.2492780437938345e-07 -1.250025550061151e-07 0.0
vn 2.3609717942952235e-07 -1.023534236227924e-07 0.0
vn 2.515291909898094e-07 -5.432892361800169e-08 0.0
vn 2.015646490202528e-07 -1.5997061659613163e-07 0.0
vn 1.8491432833913106e-07 -1.7895509512482063e-07 0.0
vn 1.9621878739537816e-07 -1.6648357701300672e-07 0.0
vn 1.6648317964867047e-07 -1.9621914502328077e-07 0.0
vn 1.4644870559787398e-07 -2.1159364803000408e-07 0.0
vn 1.5996922582095475e-07 -2.015660795318633e-07 0.0
vn 1.7895573090775862e-07 -1.8491365281975943e-07 0.0
vn 1.2500390604485834e-07 -2.2492728780574633e-07 0.0
vn 1.0235525149873916e-07 -2.3609672246053565e-07 0.0
vn 1.1757223928257283e-07 -2.2889965960237224e-07 0.0
vn 7.468879932375344e-08 -2.462158437017484e-07 0.0
vn 5.0195817947362616e-08 -2.5235178483638936e-07 0.0
vn 5.0195817947362616e-08 -2.5235178483638936e-07 0.0
vn 9.456993047719096e-08 -2.3932141352207314e-07 0.0
vn 1.3944213920250894e-07 -2.1627428201956226e-07 0.0
vn 2.1159217778195992e-07 -1.4645005663661724e-07 0.0
vn 7.468879932375344e-08 -2.462158437017484e-07 0.0
vn 2.9412431332035407e-08 -2.556432331064169e-07 0.0
vn 2.102621596120969e-08 -2.5646847935994126e-07 0.0
vn -2.5605606484929335e-07 -2.5218966018719923e-08 -5.482279493135037e-23
vn 0.0 -2.572937256134657e-07 0.0
vn -2.9412431332035407e-08 -2.556432331064169e-07 0.0
vn -2.102621596120969e-08 -2.5646847935994126e-07 0.0
vn -5.4328208362196445e-08 -2.5152971749755494e-07 0.0
vn -7.872073603438321e-08 -2.4499259732903585e-07 0.0
vn -7.065686261312366e-08 -2.4743909007446095e-07 0.0
vn -4.606342753252879e-08 -2.531738521752237e-07 0.0
vn -9.846259098796506e-08 -2.377090679913044e-07 0.0
vn -1.1757223928257283e-07 -2.2889965960237224e-07 0.0
vn -9.846259098796506e-08 -2.3770906799130442e-07 0.0
vn -1.4294542240019147e-07 -2.1393396502478317e-07 0.0
vn -1.6648317964867047e-07 -1.9621914502328077e-07 0.0
vn -1.5996922582095475e-07 -2.0156607953186333e-07 0.0
vn -1.2500390604485834e-07 -2.2492728780574633e-07 0.0
vn -1.8491432833913106e-07 -1.7895509512482063e-07 0.0
vn -2.015646490202528e-07 -1.5997061659613163e-07 0.0
vn -1.9621878739537816e-07 -1.6648357701300672e-07 0.0
vn -2.1627384491879237e-07 -1.3944245709397794e-07 0.0
vn -2.2890009670314208e-07 -1.1757025246089158e-07 0.0
vn -2.2492780437938345e-07 -1.250025550061151e-07 0.0
vn -2.1159217778195992e-07 -1.4645005663661724e-07 0.0
vn -2.393219698321439e-07 -9.456889732991671e-08 0.0
vn -2.4743907020624417e-07 -7.065837259760141e-08 0.0
vn -2.449929152205048e-07 -7.872137181732122e-08 0.0
vn -2.531731567876353e-07 -4.6062473858121774e-08 0.0
vn -2.5605606484929224e-07 -2.5218966018719923e-08 0.0
vn -2.515291909898094e-07 -5.432892361800169e-08 0.0
vn -2.3609717942952235e-07 -1.023534236227924e-07 0.0
vn -1.789557309077586e-07 -1.8491365281975943e-07 0.0
vn 0.0 -2.572937256134657e-07 0.0
vn -1.4294542240019147e-07 -2.1393396502478317e-07 0.0
vn 0.0 0.0 -6.351504999907119e-07
vn 0.0 0.0 -5.756063044930272e-07
vn 0.0 0.0 -6.351506642903392e-07
vn 0.0 0.0 -6.946939903599675e-07
vn 0.0 0.0 -6.053779534977474e-07
vn 0.0 0.0 -5.756068445652813e-07
vn 0.0 0.0 -6.351542049947799e-07
vn 0.0 0.0 -6.351517079222693e-07
vn 0.0 0.0 -6.351522108328693e-07
vn 0.0 0.0 -5.756058885813638e-07
vn 0.0 0.0 -5.75607996456195e-07
vn 0.0 0.0 -5.756046225148996e-07
vn 0.0 0.0 -6.351505800371672e-07
vn 0.0 0.0 -6.946958441366042e-07
vn 0.0 0.0 -6.351506176144553e-07
vn 0.0 0.0 -6.053774161169038e-07
vn 0.0 0.0 -6.35150466844317e-07
vn 0.0 0.0 -5.756052770326579e-07
vn 0.0 0.0 -6.053770102852022e-07
vn 0.0 0.0 -5.160588852799625e-07
vn 0.0 0.0 -6.351499459901517e-07
vn 0.0 0.0 -5.756069365503715e-07
vn 0.0 0.0 -6.351517573430034e-07
vn 0.0 0.0 -6.351520435828411e-07
vn 0.0 0.0 -5.756051817790095e-07
vn 0.0 0.0 -6.351494465889888e-07
vn 0.0 0.0 -5.75605289644485e-07
vn 0.0 0.0 -5.756084646204562e-07
vn 0.0 0.0 -6.351511076945142e-07
vn 0.0 0.0 -6.351539432506686e-07
vn 0.0 0.0 -5.756031789987263e-07
vn 0.0 0.0 -6.351471809744132e-07
vn 0.0 0.0 -5.756061211876876e-07
vn 0.0 0.0 -5.756054141476518e-07
vn 0.0 0.0 -6.053770102852022e-07
vn 0.0 0.0 -5.756046434885366e-07
vn 0.0 0.0 -6.351507691229527e-07
vn 0.0 0.0 -5.756050396086031e-07
vn 0.0 0.0 -5.160588852799625e-07
vn 0.0 0.0 -6.351504273317797e-07
vn 0.0 0.0 -5.756056484614004e-07
vn 0.0 0.0 -5.756055044186476e-07
vn 0.0 0.0 -5.756069833553986e-07
vn 0.0 0.0 -6.351516960945928e-07
vn 0.0 0.0 -6.351531563278866e-07
vn 0.0 0.0 -6.351531102207451e-07
vn 0.0 0.0 -5.756078556651891e-07
vn 0.0 0.0 -6.351489776825798e-07
vn 0.0 0.0 -5.756048594601198e-07
vn 0.0 0.0 -6.351522626098014e-07
vn 0.0 0.0 -5.756039687051686e-07
vn 0.0 0.0 -5.756074877648461e-07
vn 0.0 0.0 -6.351517931110081e-07
vn 0.0 0.0 -5.756062490741749e-07
vn 0.0 0.0 -6.351489865604617e-07
vn 0.0 0.0 -5.7560524986864e-07
vn 0.0 0.0 -5.756053821473809e-07
vn 0.0 0.0 -6.351526613408051e-07
vn 0.0 0.0 -5.756052078069312e-07
vn 0.0 0.0 -5.756079078228961e-07
vn 0.0 0.0 -6.351524963833101e-07
vn 0.0 0.0 -6.351514923683665e-07
vn 0.0 0.0 -6.351492144264985e-07
vn 0.0 0.0 -5.756012810868302e-07
vn 0.0 0.0 -6.351471809744132e-07
vn 0.0 0.0 -5.756031789987263e-07
vn 0.0 0.0 -5.756012810868302e-07
vn 0.0 0.0 -6.351492144264985e-07
vn 0.0 0.0 -5.756052078069312e-07
vn 0.0 0.0 -6.351526613408051e-07
vn 0.0 0.0 -5.756052498686399e-07
vn 0.0 0.0 -6.351489865604617e-07
vn 0.0 0.0 -6.351524963833101e-07
vn 0.0 0.0 -5.756053821473809e-07
vn 0.0 0.0 -6.351514923683665e-07
vn 0.0 0.0 -5.756079078228961e-07
vn 0.0 0.0 -6.351517931110081e-07
vn 0.0 0.0 -5.75606249074175e-07
vn 0.0 0.0 -5.75607487764846e-07
vn 0.0 0.0 -5.756039687051685e-07
vn 0.0 0.0 -5.756048594601198e-07
vn 0.0 0.0 -6.351489776825799e-07
vn 0.0 0.0 -6.351522626098014e-07
vn 0.0 0.0 -6.351531102207451e-07
vn 0.0 0.0 -5.756078556651891e-07
vn 0.0 0.0 -5.756069833553986e-07
vn 0.0 0.0 -6.351531563278865e-07
vn 0.0 0.0 -6.351516960945928e-07
vn 0.0 0.0 -5.756055044186476e-07
vn 0.0 0.0 -6.351504273317797e-07
vn 0.0 0.0 -5.756056484614004e-07
vn 0.0 0.0 -6.351496288682668e-07
vn 0.0 0.0 -5.756050396086031e-07
vn 0.0 0.0 -5.756043507505051e-07
vn 0.0 0.0 -6.351507691229528e-07
vn 0.0 0.0 -6.351499840703306e-07
vn 0.0 0.0 -6.351506176144538e-07
vn 0.0 0.0 -5.756050911247419e-07
vn 0.0 0.0 -6.351499459901517e-07
vn 0.0 0.0 -5.756051817790095e-07
vn 0.0 0.0 -5.756069365503714e-07
vn 0.0 0.0 -6.351494465889889e-07
vn 0.0 0.0 -5.75605289644485e-07
vn 0.0 0.0 -5.756061211876876e-07
vn 0.0 0.0 -6.351517573430034e-07
vn 0.0 0.0 -5.756058885813638e-07
vn 0.0 0.0 -5.756046225148996e-07
vn 0.0 0.0 -6.351517079222693e-07
vn 0.0 0.0 -6.351505800371673e-07
vn 0.0 0.0 -5.756054141476519e-07
vn 0.0 0.0 -6.351520435828411e-07
vn 0.0 0.0 -6.351511076945142e-07
vn 0.0 0.0 -5.756084646204562e-07
vn 0.0 0.0 -6.351539432506685e-07
vn 0.0 0.0 -6.351522108328694e-07
vn 0.0 0.0 -5.75607996456195e-07
vn 0.0 0.0 -6.351501992648202e-07
vn 0.0 0.0 -5.75604643488538e-07
vn 0.0 0.0 -5.756042531497393e-07
vn 0.0 0.0 -5.756049206086377e-07
vn 0.0 0.0 -5.756063044930272e-07
vn 0.0 0.0 -6.351504999907119e-07
vn 0.0 0.0 -6.351491624473557e-07
vn 0.0 0.0 -6.351504668443217e-07
vn 0.0 0.0 -5.756052770326612e-07
vn 0.0 0.0 -6.351542049947799e-07
vn 0.0 0.0 -5.756068445652813e-07
vn 0.0 0.0 -6.351506642903392e-07
vn -5.5072827653401615e-06 -6.335933015618275e-07 0.0
vn -5.418657037773769e-06 -1.1703517754027052e-06 0.0
vn -5.4540731326199624e-06 -9.922804185617052e-07 0.0
vn -5.525076303214166e-06 -4.529775414029502e-07 0.0
vn -5.277846986744882e-06 -1.6959369998911661e-06 0.0
vn -5.086209224034074e-06 -2.2050389159290307e-06 0.0
vn -5.155679616343804e-06 -2.0373664248219637e-06 0.0
vn -4.845587376116971e-06 -2.6929374709845854e-06 0.0
vn -4.55829854397701e-06 -3.1549126125261155e-06 0.0
vn -4.6591550961451475e-06 -3.003981557742472e-06 0.0
vn -4.931163103920656e-06 -2.5328244390103414e-06 0.0
vn -5.33054396483623e-06 -1.5221800660674358e-06 0.0
vn -4.227113568999078e-06 -3.5865392913051396e-06 0.0
vn -3.855218140935111e-06 -3.9835399597147915e-06 0.0
vn -3.983583749264646e-06 -3.855213531508811e-06 0.0
vn -3.4461960887337503e-06 -4.342263952125073e-06 0.0
vn -3.0039827100990475e-06 -4.659171229137199e-06 0.0
vn -3.154925288448442e-06 -4.558316981682211e-06 0.0
vn -3.586524310669663e-06 -4.227065170022923e-06 0.0
vn -2.612889597671777e-06 -4.888407217913774e-06 0.0
vn -2.205022782936979e-06 -5.086225357026124e-06 0.0
vn -2.612889597671777e-06 -4.888407217913774e-06 0.0
vn -1.6958701632098088e-06 -5.2778299894854e-06 0.0
vn -1.170382889030234e-06 -5.418694057228746e-06 0.0
vn -1.5221501047964827e-06 -5.330561826363145e-06 0.0
vn -2.0373065022800567e-06 -5.15566175481689e-06 0.0
vn -4.342277780403975e-06 -3.4461914793074495e-06 0.0
vn -9.923357316773112e-07 -5.454094451216603e-06 0.0
vn -6.336278722590814e-07 -5.507268793019196e-06 0.0
vn -4.529671701937741e-07 -5.525042740833933e-06 0.0
vn 5.525076303214134e-06 -4.529775414029502e-07 0.0
vn -9.076882270948892e-08 -5.542816688648668e-06 0.0
vn 4.529671701937741e-07 -5.525042740833933e-06 0.0
vn 9.076882270948892e-08 -5.542816688648668e-06 0.0
vn 9.923357316773112e-07 -5.454094451216603e-06 0.0
vn 1.5221501047964827e-06 -5.330561826363145e-06 0.0
vn 1.170382889030234e-06 -5.418694057228746e-06 0.0
vn 6.336278722590814e-07 -5.507268793019196e-06 0.0
vn 2.037306502280057e-06 -5.15566175481689e-06 0.0
vn 2.5328394196458182e-06 -4.931201131687635e-06 0.0
vn 2.205022782936979e-06 -5.086225357026124e-06 0.0
vn 3.0039827100990475e-06 -4.659171229137199e-06 0.0
vn 3.4461960887337503e-06 -4.342263952125073e-06 0.0
vn 3.154925288448442e-06 -4.558316981682211e-06 0.0
vn 2.692939775697736e-06 -4.845613304139911e-06 0.0
vn 1.6958701632098088e-06 -5.2778299894854e-06 0.0
vn 3.855218140935111e-06 -3.9835399597147915e-06 0.0
vn 4.227113568999078e-06 -3.5865392913051396e-06 0.0
vn 3.983583749264646e-06 -3.855213531508811e-06 0.0
vn 4.55829854397701e-06 -3.1549126125261155e-06 0.0
vn 4.845587376116971e-06 -2.6929374709845854e-06 0.0
vn 4.6591550961451475e-06 -3.003981557742472e-06 0.0
vn 4.342277780403975e-06 -3.4461914793074495e-06 0.0
vn 5.086209224034074e-06 -2.2050389159290307e-06 0.0
vn 5.277846986744882e-06 -1.6959369998911661e-06 0.0
vn 5.155679616343804e-06 -2.0373664248219637e-06 0.0
vn 5.418657037773769e-06 -1.1703517754027052e-06 0.0
vn 5.507282765340145e-06 -6.335933015618275e-07 0.0
vn 5.4540731326199624e-06 -9.922804185617052e-07 0.0
vn 5.330543964836231e-06 -1.5221800660674358e-06 0.0
vn 4.931163103920656e-06 -2.5328244390103414e-06 0.0
vn 3.586524310669663e-06 -4.227065170022923e-06 0.0
vn 0.0 0.0 -1.2284870026236008e-07
vn 0.0 0.0 -1.2807601371722058e-07
vn 0.0 0.0 -1.2807600202172396e-07
vn 0.0 0.0 -1.2284792959225004e-07
vn 0.0 0.0 -1.2807518703314554e-07
vn 0.0 0.0 -1.2807525689871616e-07
vn 0.0 0.0 -1.2284784535605542e-07
vn 0.0 0.0 -1.2284727472113858e-07
vn 0.0 0.0 -1.2807453420566888e-07
vn 0.0 0.0 -1.280752960761137e-07
vn 0.0 0.0 -1.2284731744071513e-07
vn 0.0 0.0 -1.2807663672342423e-07
vn 0.0 0.0 -1.2807549593243958e-07
vn 0.0 0.0 -1.2284838629293577e-07
vn 0.0 0.0 -1.228488932818621e-07
vn 0.0 0.0 -1.2807579617980926e-07
vn 0.0 0.0 -1.228477206261212e-07
vn 0.0 0.0 -1.228478652296265e-07
vn 0.0 0.0 -1.280757789150228e-07
vn 0.0 0.0 -1.2807573669966002e-07
vn 0.0 0.0 -1.2284755817125265e-07
vn 0.0 0.0 -1.2807562378588206e-07
vn 0.0 0.0 -1.2284865423191935e-07
vn 0.0 0.0 -1.2807643610297113e-07
vn 0.0 0.0 -1.2284848641739802e-07
vn 0.0 0.0 -1.2807590062275635e-07
vn 0.0 0.0 -1.3330336872265367e-07
vn 0.0 0.0 -1.2546237512860281e-07
vn 0.0 0.0 -1.2546223211418535e-07
vn 0.0 0.0 -1.1762088882575492e-07
vn 0.0 0.0 -1.228487292434115e-07
vn 0.0 0.0 -1.2284803620231963e-07
vn 0.0 0.0 -1.2807511139592098e-07
vn 0.0 0.0 -1.2284808409631517e-07
vn 0.0 0.0 -1.2284819408172198e-07
vn 0.0 0.0 -1.2807670336013678e-07
vn 0.0 0.0 -1.2807531784072983e-07
vn 0.0 0.0 -1.228491841125263e-07
vn 0.0 0.0 -1.2807583413504934e-07
vn 0.0 0.0 -1.228481768169355e-07
vn 0.0 0.0 -1.2284768585416487e-07
vn 0.0 0.0 -1.2807538849139493e-07
vn 0.0 0.0 -1.2284773919103197e-07
vn 0.0 0.0 -1.2807544188328646e-07
vn 0.0 0.0 -1.2284834585194685e-07
vn 0.0 0.0 -1.2807631324993098e-07
vn 0.0 0.0 -1.2284848973068754e-07
vn 0.0 0.0 -1.2807593341095295e-07
vn 0.0 0.0 -1.2284764391114529e-07
vn 0.0 0.0 -1.2807458144725352e-07
vn 0.0 0.0 -1.2284644615077138e-07
vn 0.0 0.0 -1.2807439532581473e-07
vn 0.0 0.0 -1.2284798934999878e-07
vn 0.0 0.0 -1.2807552769048174e-07
vn 0.0 0.0 -1.2284803351082138e-07
vn 0.0 0.0 -1.2807556651923956e-07
vn 0.0 0.0 -1.2807685644720901e-07
vn 0.0 0.0 -1.2284894461480896e-07
vn 0.0 0.0 -1.2284814136295767e-07
vn 0.0 0.0 -1.2284753448437036e-07
vn 0.0 0.0 -1.2807520492897135e-07
vn 0.0 0.0 -1.2807563259767392e-07
vn 0.0 0.0 -1.2284825386503765e-07
vn 0.0 0.0 -1.228487292434115e-07
vn 0.0 0.0 -1.2807601321032882e-07
vn 0.0 0.0 -1.2546237512860281e-07
vn 0.0 0.0 -1.2807601321032882e-07
vn 0.0 0.0 -1.2807563259767392e-07
vn 0.0 0.0 -1.2284825386503765e-07
vn 0.0 0.0 -1.2284753448437036e-07
vn 0.0 0.0 -1.2807520492897133e-07
vn 0.0 0.0 -1.228481413629577e-07
vn 0.0 0.0 -1.2546227063265387e-07
vn 0.0 0.0 -1.2807685644720904e-07
vn 0.0 0.0 -1.3330346266800832e-07
vn 0.0 0.0 -1.2807511139592098e-07
vn 0.0 0.0 -1.2284803620231963e-07
vn 0.0 0.0 -1.25461294647885e-07
vn 0.0 0.0 -1.1762037089030093e-07
vn 0.0 0.0 -1.2284644615077138e-07
vn 0.0 0.0 -1.2807458144725352e-07
vn 0.0 0.0 -1.2284764391114529e-07
vn 0.0 0.0 -1.2807593341095295e-07
vn 0.0 0.0 -1.2284848973068754e-07
vn 0.0 0.0 -1.2807631324993095e-07
vn 0.0 0.0 -1.2284834585194685e-07
vn 0.0 0.0 -1.2807544188328646e-07
vn 0.0 0.0 -1.254614065064216e-07
vn 0.0 0.0 -1.3330305027396752e-07
vn 0.0 0.0 -1.2546206570483347e-07
vn 0.0 0.0 -1.228491841125263e-07
vn 0.0 0.0 -1.1761997681098407e-07
vn 0.0 0.0 -1.2284817681693513e-07
vn 0.0 0.0 -1.254621029766492e-07
vn 0.0 0.0 -1.2807577891502312e-07
vn 0.0 0.0 -1.2807670336013678e-07
vn 0.0 0.0 -1.333024650772038e-07
vn 0.0 0.0 -1.280753178407291e-07
vn 0.0 0.0 -1.280764361029711e-07
vn 0.0 0.0 -1.2546225393205582e-07
vn 0.0 0.0 -1.2284808409631517e-07
vn 0.0 0.0 -1.254615495456228e-07
vn 0.0 0.0 -1.2284848641739802e-07
vn 0.0 0.0 -1.1761953989218895e-07
vn 0.0 0.0 -1.25461294647885e-07
vn 0.0 0.0 -1.2284803620231963e-07
vn 0.0 0.0 -1.1762037089030093e-07
vn 0.0 0.0 -1.2807511139592098e-07
vn 0.0 0.0 -1.2284644615077138e-07
vn 0.0 0.0 -1.1762088882575492e-07
vn 0.0 0.0 -1.2546223211418535e-07
vn 0.0 0.0 -1.3330336872265367e-07
vn 0.0 0.0 -1.2807590062275635e-07
vn 0.0 0.0 -1.3330421248552502e-07
vn 0.0 0.0 -1.1762211670351824e-07
vn 0.0 0.0 -1.2284819408172166e-07
vn 0.0 0.0 -1.254624996940322e-07
vn 0.0 0.0 -1.228477206261212e-07
vn 0.0 0.0 -1.2284838629293577e-07
vn 0.0 0.0 -1.2807549593243958e-07
vn 0.0 0.0 -1.2807518703314554e-07
vn 0.0 0.0 -1.2284792959225004e-07
vn 0.0 0.0 -1.2807458144725352e-07
vn 0.0 0.0 -1.2546157361972245e-07
vn 0.0 0.0 -1.333036382250588e-07
vn 0.0 0.0 -1.2284870026236008e-07
vn 0.0 0.0 -1.2807600202172396e-07
vn 0.0 0.0 -1.2807601371722058e-07
vn -2.337305922993258e-07 -2.6894101255525026e-08 0.0
vn -2.2996931991982257e-07 -4.9672402008748274e-08 0.0
vn -2.3147237293012465e-07 -4.211829065677276e-08 0.0
vn -2.3448575865822483e-07 -1.922402320625282e-08 0.0
vn -2.2399331568240282e-07 -7.197259444855536e-08 0.0
vn -2.1586008609906698e-07 -9.357902120804366e-08 0.0
vn -2.1880846308395552e-07 -8.64623281002574e-08 0.0
vn -2.0564808670954318e-07 -1.1429026644453996e-07 0.0
vn -1.934555299895162e-07 -1.338967763015257e-07 0.0
vn -1.9773590274837085e-07 -1.2749215940521035e-07 0.0
vn -2.0927989791186083e-07 -1.0749299038018494e-07 0.0
vn -2.2622979129596164e-07 -6.459955390463958e-08 0.0
vn -1.7939981314652899e-07 -1.5221137646055712e-07 0.0
vn -1.663404943737357e-07 -1.663389684961397e-07 0.0
vn -1.663404943737357e-07 -1.663389684961397e-07 0.0
vn -1.5221315665108582e-07 -1.7940048071797723e-07 0.0
vn -1.306928466084223e-07 -1.9559614552201743e-07 0.0
vn -1.4625746565916295e-07 -1.842893925355903e-07 0.0
vn -1.0749445267954778e-07 -2.0928123305475735e-07 0.0
vn -8.646379039962024e-08 -2.1880677826077656e-07 0.0
vn -9.358175507206983e-08 -2.158608172487484e-07 0.0
vn -6.460050757813709e-08 -2.2622864688776464e-07 0.0
vn -4.211504816688124e-08 -2.3147359681111313e-07 0.0
vn -4.9671448335250776e-08 -2.2997009875317886e-07 0.0
vn -7.197316665265387e-08 -2.2399069308028468e-07 0.0
vn -1.1428918561457612e-07 -2.0564760987279442e-07 0.0
vn -1.8428748518859522e-07 -1.462563848291991e-07 0.0
vn -1.306928466084223e-07 -1.9559614552201743e-07 0.0
vn -2.6891303813265674e-08 -2.337318956532065e-07 0.0
vn -1.922395962801965e-08 -2.3448669643736566e-07 0.0
vn 2.3448575865822353e-07 -1.922402320625282e-08 0.0
vn 3.8522051475912074e-09 -2.3524149722152483e-07 0.0
vn 2.6891303813265674e-08 -2.337318956532065e-07 0.0
vn 1.922395962801965e-08 -2.3448669643736566e-07 0.0
vn 4.9671448335250776e-08 -2.2997009875317886e-07 0.0
vn 6.828683711539548e-08 -2.2510966998402467e-07 0.0
vn 6.828683711539548e-08 -2.2510966998402467e-07 0.0
vn 4.211504816688124e-08 -2.3147359681111313e-07 0.0
vn 8.646379039962024e-08 -2.1880677826077656e-07 0.0
vn 1.0749445267954778e-07 -2.0928123305475735e-07 0.0
vn 9.358175507206983e-08 -2.158608172487484e-07 0.0
vn 1.2748987058881635e-07 -1.9773542591162212e-07 0.0
vn 1.4625746565916295e-07 -1.842893925355903e-07 0.0
vn 1.3389582262802822e-07 -1.934568651324127e-07 0.0
vn 1.1428918561457612e-07 -2.0564760987279442e-07 0.0
vn 1.6361661213016e-07 -1.6906316863088121e-07 0.0
vn 1.7939981314652899e-07 -1.5221137646055712e-07 0.0
vn 1.6906437661731136e-07 -1.6361476836139818e-07 0.0
vn 1.934555299895162e-07 -1.338967763015257e-07 0.0
vn 2.0564808670954318e-07 -1.1429026644453996e-07 0.0
vn 1.9773590274837085e-07 -1.2749215940521033e-07 0.0
vn 1.8428748518859527e-07 -1.462563848291991e-07 0.0
vn 2.1586008609906698e-07 -9.357902120804366e-08 0.0
vn 2.2399331568240282e-07 -7.197259444855536e-08 0.0
vn 2.1880846308395552e-07 -8.64623281002574e-08 0.0
vn 2.2996931991982257e-07 -4.9672402008748274e-08 0.0
vn 2.3373059229932513e-07 -2.6894101255525026e-08 0.0
vn 2.3147237293012465e-07 -4.211829065677276e-08 0.0
vn 2.2622979129596164e-07 -6.459955390463958e-08 0.0
vn 2.0927989791186083e-07 -1.0749299038018494e-07 0.0
vn 1.5221315665108582e-07 -1.7940048071797723e-07 0.0
vn -3.8522051475912074e-09 -2.3524149722152483e-07 0.0
vn -1.3314246279890506e-08 0.0 -7.462462901675525e-08
vn -1.8567847018137108e-08 0.0 -7.349395281953169e-08
vn -2.871951873221049e-08 0.0 -7.015151528914272e-08
vn -3.361758970803727e-08 0.0 -6.793975395597733e-08
vn -4.2838666083673776e-08 0.0 -6.253661709448119e-08
vn -5.148467688329324e-08 0.0 -5.61538660378197e-08
vn -4.716167148348351e-08 0.0 -5.934524156615045e-08
vn -5.148467688329324e-08 0.0 -5.61538660378197e-08
vn 2.999999808147511e-07 0.0 0.0
vn 2.999999808147511e-07 0.0 0.0
vn 2.999999808147511e-07 0.0 0.0
vn 2.999999808147511e-07 0.0 0.0
vn -4.359149654090073e-08 0.0 1.4760588655657423e-08
vn -4.592170421658904e-08 0.0 9.134673488095639e-09
vn -4.592170421658904e-08 0.0 9.134673488095639e-09
vn -4.1261288865212425e-08 0.0 2.0386503823219208e-08
vn -1.4760588655657425e-08 0.0 4.359206874545398e-08
vn -3.462486045660974e-08 0.0 3.031844898884428e-08
vn -3.0318639723695364e-08 0.0 3.4624478986907574e-08
vn -2.0386503823219208e-08 0.0 4.1261288865212425e-08
vn -2.999999808147511e-07 0.0 0.0
vn -2.999999808147511e-07 0.0 0.0
vn -2.999999808147511e-07 0.0 0.0
vn -2.999999808147511e-07 0.0 0.0
vn 4.126109813036134e-08 0.0 -2.0386503823219208e-08
vn 3.462466972175866e-08 0.0 -3.031844898884428e-08
vn 4.3591687275751815e-08 0.0 -1.4760588655657425e-08
vn 3.031883045854645e-08 0.0 -3.4624478986907574e-08
vn 2.0386694558070292e-08 0.0 -4.1261288865212425e-08
vn 0.0 0.0 -4.592284862569554e-08
vn 1.4760397920806341e-08 0.0 -4.359206874545398e-08
vn 4.5922276421142294e-08 0.0 -9.134673488095639e-09
vn 4.5922276421142294e-08 0.0 -9.134673488095639e-09
vn 0.0 0.0 -4.592284862569554e-08
vn -3.031883045854645e-08 0.0 -3.4624478986907574e-08
vn -3.462466972175866e-08 0.0 -3.031844898884428e-08
vn -2.0386694558070292e-08 0.0 -4.1261288865212425e-08
vn -4.5922276421142294e-08 0.0 -9.134673488095639e-09
vn -4.5922276421142294e-08 0.0 -9.134673488095639e-09
vn -4.3591687275751815e-08 0.0 -1.4760588655657425e-08
vn -4.126109813036134e-08 0.0 -2.0386503823219208e-08
vn -1.4760397920806341e-08 0.0 -4.359206874545398e-08
vn -5.148467688329324e-08 0.0 -5.61538660378197e-08
vn -4.716167148348351e-08 0.0 -5.934524156615045e-08
vn -5.148467688329324e-08 0.0 -5.61538660378197e-08
vn -3.361758970803727e-08 0.0 -6.793975395597733e-08
vn -4.2838666083673776e-08 0.0 -6.253661709448119e-08
vn -2.871951873221049e-08 0.0 -7.015151528914272e-08
vn -1.5941046649013808e-08 0.0 -7.405929091814348e-08
vn -1.5941046649013808e-08 0.0 -7.405929091814348e-08
vn -2.6868818472146342e-09 0.0 -7.575530521397881e-08
vn 2.6868818472146342e-09 0.0 -7.575530521397881e-08
vn 1.8567847018137108e-08 0.0 -7.349395281953169e-08
vn 1.3314246279890506e-08 0.0 -7.462462901675525e-08
vn 3.116855422012388e-08 0.0 -6.904563462256004e-08
vn 3.116855422012388e-08 0.0 -6.904563462256004e-08
vn 4.5000168783578645e-08 0.0 -6.094092933031582e-08
vn 5.148467688329324e-08 0.0 -5.61538660378197e-08
vn 4.5000168783578645e-08 0.0 -6.094092933031582e-08
vn 5.148467688329324e-08 0.0 -5.61538660378197e-08
vn -2.999999808147511e-07 0.0 0.0
vn -2.999999808147511e-07 0.0 0.0
vn -2.999999808147511e-07 0.0 0.0
vn -2.999999808147511e-07 0.0 0.0
vn 4.592170421658904e-08 0.0 9.134673488095639e-09
vn 4.359149654090073e-08 0.0 1.4760588655657425e-08
vn 4.592170421658904e-08 0.0 9.134673488095639e-09
vn 4.1261288865212425e-08 0.0 2.0386503823219208e-08
vn 3.462486045660974e-08 0.0 3.031844898884428e-08
vn 2.0386503823219208e-08 0.0 4.1261288865212425e-08
vn 3.0318639723695364e-08 0.0 3.4624478986907574e-08
vn 1.4760588655657425e-08 0.0 4.359206874545398e-08
vn 0.0 0.0 4.592284862569554e-08
vn 0.0 0.0 4.592284862569554e-08
vn -3.462486045660974e-08 0.0 3.031844898884428e-08
vn -2.0386503823219208e-08 0.0 4.1261288865212425e-08
vn -3.0318639723695364e-08 0.0 3.4624478986907574e-08
vn -4.592170421658904e-08 0.0 9.134673488095639e-09
vn -4.592170421658904e-08 0.0 9.134673488095639e-09
vn -4.359149654090073e-08 0.0 1.4760588655657425e-08
vn -4.1261288865212425e-08 0.0 2.0386503823219208e-08
vn -1.4760588655657425e-08 0.0 4.359206874545398e-08
vn 2.999999808147511e-07 0.0 0.0
vn 2.999999808147511e-07 0.0 0.0
vn 2.999999808147511e-07 0.0 0.0
vn 2.999999808147511e-07 0.0 0.0
vn -4.5922276421142294e-08 0.0 -9.134673488095639e-09
vn -4.5922276421142294e-08 0.0 -9.134673488095639e-09
vn -4.3591687275751815e-08 0.0 -1.4760588655657423e-08
vn -4.126109813036134e-08 0.0 -2.0386503823219208e-08
vn -1.4760397920806341e-08 0.0 -4.359206874545398e-08
vn -3.462466972175866e-08 0.0 -3.031844898884428e-08
vn -3.031883045854645e-08 0.0 -3.4624478986907574e-08
vn -2.0386694558070292e-08 0.0 -4.1261288865212425e-08
vn -1.789173902163647e-07 -3.8370771874194154e-08 -1.829666626494302e-07
vn -1.7204919601699032e-07 -3.103129363791868e-08 -1.7479733010340796e-07
vn -1.6817910083346108e-07 -4.774602707794658e-08 -1.7479911036730255e-07
vn -1.626893635165386e-07 -6.400045367086226e-08 -1.7479747724784127e-07
vn -1.7429481612338682e-07 -5.572383138397434e-08 -1.8296695842463867e-07
vn -1.6662915143739749e-07 -8.186341109691871e-09 -1.666291514373996e-07
vn -1.7426233655580124e-07 -1.4019013782906623e-08 -1.747965351630519e-07
vn -1.7888129711677066e-07 -8.789063334916146e-09 -1.7888077372048426e-07
vn -1.600747657886628e-07 -8.865611600651392e-08 -1.8296445488971282e-07
vn -1.5563286829232372e-07 -7.963817081391765e-08 -1.747959421176516e-07
vn -1.470774949235563e-07 -9.451040529962068e-08 -1.7479687521807384e-07
vn -1.6799374030470875e-07 -7.253901852820629e-08 -1.829642956098906e-07
vn -1.8181686340386594e-07 -2.0648958260373757e-08 -1.8296470359552404e-07
vn -1.3710569651000827e-07 -1.0847092705223129e-07 -1.747972154349114e-07
vn -1.5061413685726703e-07 -1.0391872121614912e-07 -1.8296491132603872e-07
vn -1.274465840926555e-07 -1.313044354875741e-07 -1.8296484032875342e-07
vn -1.258135358799681e-07 -1.213874932206454e-07 -1.7479752857730175e-07
vn -1.1330963257474983e-07 -1.3313294721726297e-07 -1.747965302430627e-07
vn -1.13962700861377e-07 -1.431643304130317e-07 -1.8296526106771204e-07
vn -9.971460653862214e-08 -1.435992059426239e-07 -1.7479723278534348e-07
vn -5.373613550118367e-08 -1.6636150668891066e-07 -1.7479656884565948e-07
vn -6.749686246552767e-08 -1.700821084420884e-07 -1.829648244404858e-07
vn -6.978369422064749e-08 -1.602948658945118e-07 -1.7479760424666184e-07
vn -8.384280206508176e-08 -1.6264853433098894e-07 -1.829658114260489e-07
vn -8.515923037464503e-08 -1.526820009948962e-07 -1.747970120479267e-07
vn -5.0500874548301886e-08 -1.7587917727077514e-07 -1.829653273335023e-07
vn -3.717100973375396e-08 -1.7082851761130076e-07 -1.7479756325209374e-07
vn -9.938133706980911e-08 -1.5364584792890464e-07 -1.8296513948159813e-07
vn -1.3970308836212442e-07 -1.1818187564724788e-07 -1.8296576808073995e-07
vn -2.024797790866371e-08 -1.7364885072427011e-07 -1.7479710261844938e-07
vn -3.3018512683505874e-08 -1.7998252035262906e-07 -1.8296548399761757e-07
vn 1.742623365558002e-07 -1.4019013782906623e-08 -1.747965351630509e-07
vn -1.5218259349709706e-08 -1.823514475796182e-07 -1.8296486342082612e-07
vn 2.481541837659083e-24 -1.7888070852107458e-07 -1.788806417350533e-07
vn 2.02479779086637e-08 -1.7364885072427006e-07 -1.7479710261844938e-07
vn 1.52182593497097e-08 -1.823514475796182e-07 -1.8296486342082612e-07
vn 3.301851268350587e-08 -1.7998252035262906e-07 -1.8296548399761757e-07
vn 3.717100973375396e-08 -1.7082851761130076e-07 -1.7479756325209374e-07
vn 5.0500874548301886e-08 -1.7587917727077514e-07 -1.829653273335023e-07
vn 5.373613550118367e-08 -1.6636150668891066e-07 -1.7479656884565948e-07
vn 9.938133706980911e-08 -1.5364584792890464e-07 -1.8296513948159813e-07
vn 8.515923037464502e-08 -1.5268200099489617e-07 -1.747970120479267e-07
vn 9.971460653862214e-08 -1.435992059426239e-07 -1.7479723278534345e-07
vn 6.978369422064749e-08 -1.602948658945118e-07 -1.7479760424666184e-07
vn 8.384280206508176e-08 -1.626485343309889e-07 -1.829658114260489e-07
vn 1.1396270086137702e-07 -1.431643304130317e-07 -1.8296526106771204e-07
vn 1.1330963257474983e-07 -1.3313294721726297e-07 -1.747965302430627e-07
vn 6.749686246552767e-08 -1.700821084420884e-07 -1.8296482444048582e-07
vn 1.470774949235563e-07 -9.451040529962068e-08 -1.7479687521807382e-07
vn 1.5061413685726703e-07 -1.0391872121614914e-07 -1.8296491132603875e-07
vn 1.3710569651000827e-07 -1.0847092705223129e-07 -1.747972154349114e-07
vn 1.258135358799681e-07 -1.213874932206454e-07 -1.747975285773018e-07
vn 1.274465840926555e-07 -1.313044354875741e-07 -1.8296484032875342e-07
vn 1.3970308836212442e-07 -1.181818756472479e-07 -1.8296576808073998e-07
vn 1.7429481612338682e-07 -5.572383138397436e-08 -1.8296695842463867e-07
vn 1.626893635165386e-07 -6.400045367086226e-08 -1.7479747724784127e-07
vn 1.6817910083346108e-07 -4.7746027077946574e-08 -1.7479911036730255e-07
vn 1.7204919601699032e-07 -3.103129363791868e-08 -1.7479733010340796e-07
vn 1.789173902163647e-07 -3.8370771874194154e-08 -1.829666626494302e-07
vn 1.5563286829232372e-07 -7.963817081391765e-08 -1.747959421176516e-07
vn 1.6799374030470875e-07 -7.253901852820629e-08 -1.8296429560989057e-07
vn 1.8181686340386541e-07 -2.064895826037377e-08 -1.829647035955235e-07
vn 1.600747657886628e-07 -8.865611600651392e-08 -1.8296445488971282e-07
vn 4.963083675318166e-24 -1.9113160995340237e-07 -1.9113160995340237e-07
vn 6.230894024990546e-07 -4.866791233804701e-08 6.248586489635636e-07
vn 6.656796968535746e-07 -2.1136858086995205e-07 6.983723924852357e-07
vn 6.016223406097613e-07 -1.692962807307201e-07 6.248600560827178e-07
vn 5.821319179399417e-07 -2.2744371667435163e-07 6.248583929802451e-07
vn 5.570351414546187e-07 -2.83405330877138e-07 6.248579389789398e-07
vn 6.417565955400169e-07 -2.7559283013499036e-07 6.983704104423432e-07
vn 6.153187591233373e-07 -1.0950471010941978e-07 6.248583456749958e-07
vn 6.831917517683969e-07 -1.4510346837393262e-07 6.983722512088626e-07
vn 5.265741252438695e-07 -3.3664325097353114e-07 6.248603309029391e-07
vn 6.116532072318928e-07 -3.371696792461954e-07 6.983715069519972e-07
vn 6.941243622455091e-07 -7.743454715080861e-08 6.983707053817805e-07
vn 4.0617744012744715e-07 -4.750023339411566e-07 6.248584143624676e-07
vn 4.874394403014512e-07 -5.002060411693645e-07 6.983711731634689e-07
vn 4.5078007688705295e-07 -4.329033309185288e-07 6.248587135316832e-07
vn 3.5766306936892716e-07 -5.125313292054384e-07 6.248605870291012e-07
vn 3.0570426507092345e-07 -5.451164763438297e-07 6.24857072162801e-07
vn 3.804877165795716e-07 -5.85693415012885e-07 6.983728984872086e-07
vn 4.910415877459928e-07 -3.8663867808612286e-07 6.248614546343782e-07
vn 5.756593297396297e-07 -3.9550403537359896e-07 6.983744480286464e-07
vn 5.341212064776189e-07 -4.5002369387300086e-07 6.983732940452882e-07
vn 2.5891413764026014e-07 -6.486664434559386e-07 6.983710778120352e-07
vn 2.508013486692082e-07 -5.724564142437187e-07 6.24857604798116e-07
vn 1.9348289420386196e-07 -5.94284114071145e-07 6.24859129684969e-07
vn 3.212479658120219e-07 -6.201630227795093e-07 6.983693593871166e-07
vn 1.940869277313959e-07 -6.709213894177012e-07 6.983718958831947e-07
vn 1.2907488380152473e-07 -6.489058157320958e-07 6.616183928278705e-07
vn 4.360633310661246e-07 -5.455780547568181e-07 6.983731704340327e-07
vn 1.5058745384208784e-07 -7.57055354509168e-07 7.718866068289632e-07
vn 7.743752738333038e-08 -6.941261950888362e-07 6.983739955865184e-07
vn 4.8667554710144224e-08 -6.230888958601866e-07 6.248588812128119e-07
vn -6.230894024990486e-07 -4.8667912338046966e-08 6.248586489635575e-07
vn 9.02867402967486e-09 -6.983681388511741e-07 6.983681830890007e-07
vn -1.2640000590384118e-08 -6.248551008619514e-07 6.248551450997779e-07
vn -1.2907488380152465e-07 -6.489058157320958e-07 6.616183928278706e-07
vn -7.382620082262164e-08 -6.206131570996134e-07 6.248609575972956e-07
vn -1.075623137609615e-07 -5.407562769550237e-07 5.513499515904147e-07
vn -2.2744538560456381e-07 -5.821304874283312e-07 6.248574042678545e-07
vn -2.113665543118371e-07 -6.656799948768268e-07 6.983720537811911e-07
vn -1.6929127394008318e-07 -6.016235923074205e-07 6.248602770308343e-07
vn -2.834092647840669e-07 -5.570335917337074e-07 6.248572110196146e-07
vn -2.7559700246052094e-07 -6.417542113539994e-07 6.983692236504764e-07
vn -3.36643370182832e-07 -5.26573231174113e-07 6.24857776109948e-07
vn -3.371730171066199e-07 -6.116524323714371e-07 6.983707457069817e-07
vn -5.9467321322920206e-08 -6.958924000906011e-07 6.983703939422887e-07
vn -5.125291238333722e-07 -3.576660496014491e-07 6.248618040258961e-07
vn -5.455767434545083e-07 -4.360657152521422e-07 6.983738662199798e-07
vn -4.750040028713689e-07 -4.0617755933674805e-07 6.248593992137495e-07
vn -6.831917517683969e-07 -1.4510346837393262e-07 6.983722512088629e-07
vn -6.331268256333951e-07 -1.9206048882582076e-07 6.616161395156521e-07
vn -6.153187591233373e-07 -1.0950471010941978e-07 6.248583456749958e-07
vn -5.451182644833429e-07 -3.057022385128085e-07 6.248592030590675e-07
vn -5.856913288501196e-07 -3.8048938550978385e-07 6.983742257344777e-07
vn -6.941243622455084e-07 -7.743454715080853e-08 6.983707053817798e-07
vn -6.486668606884917e-07 -2.589111574077383e-07 6.98370696873175e-07
vn -5.72457546732077e-07 -2.5079729555297855e-07 6.248576350127456e-07
vn -3.8663557864430003e-07 -4.910431374669042e-07 6.248604257326257e-07
vn -3.9550177039688235e-07 -5.756607602512401e-07 6.983727353966032e-07
vn -6.201653473608763e-07 -3.2124331664928786e-07 6.983705829816902e-07
vn -4.5002178652418684e-07 -5.341225177799285e-07 6.983735367397282e-07
vn -5.002078293088777e-07 -4.874382482084424e-07 6.983714582330899e-07
vn -7.386479781401236e-07 -2.2406961662238383e-07 7.718855569650231e-07
vn -4.3290428459293576e-07 -4.507790040033451e-07 6.248587615778674e-07
vn 1.065643878051894e-08 -1.0648915624422317e-09 4.432596487400511e-09
vn 1.0243925085849161e-08 -3.1233947043489386e-09 4.432211914356506e-09
vn 9.888450956012866e-09 -4.1124392714991935e-09 4.43237300179965e-09
vn 1.0500745883851013e-08 -2.104332288393637e-09 4.43222794037469e-09
vn 3.875362610729347e-09 -1.223429330495383e-09 1.062673532073056e-08
vn 2.196918786206658e-09 -4.74851594478692e-10 1.1301473216538267e-08
vn 2.1414660334783804e-09 -6.495993037327419e-10 1.1253011450530226e-08
vn 2.2328817846919785e-09 -2.572153124361858e-10 1.1299936397711027e-08
vn 4.343462231773006e-09 -4.6304963116011794e-10 1.052194388635771e-08
vn 4.277158559063802e-09 -8.865952082515738e-10 1.0522505798739629e-08
vn 7.982558282219259e-09 -1.6160290137646853e-09 8.134904495408996e-09
vn 7.785722428588765e-09 -2.390678190175281e-09 8.135077924810101e-09
vn 2.0806680477190646e-09 -8.618309675662335e-10 1.1324224578668258e-08
vn 1.973586365590685e-09 -1.054902122798384e-09 1.1251601084229283e-08
vn 3.5622189929415667e-09 -1.9559510222235604e-09 1.0625984186330372e-08
vn 4.40450544432838e-09 -1.8938140996443336e-09 1.037623482159406e-08
vn 7.169726046668219e-09 -3.863663959132534e-09 8.135361962609348e-09
vn 1.8892152614396233e-09 -1.2176987067379608e-09 1.1300831553564877e-08
vn 3.5919444947055355e-09 -2.486362726839551e-09 1.0521923223672053e-08
vn 6.75649872887582e-09 -4.547796886686158e-09 8.135094482162719e-09
vn 7.513906245075385e-09 -3.1423029603264722e-09 8.135304675579004e-09
vn 8.423478771186655e-09 -6.824351198251014e-09 4.129749890308839e-09
vn 7.561972157872768e-09 -7.583533435613248e-09 4.432573873576477e-09
vn 6.78223655061113e-09 -8.288202314075617e-09 4.4323374349448815e-09
vn 5.034964038615622e-09 -9.452152420567482e-09 4.432033044622847e-09
vn 3.094196808751178e-09 -1.0252728829264267e-08 4.432067730631914e-09
vn 2.0743517422141626e-09 -1.0506694543500834e-08 4.432214687709281e-09
vn 4.08424594563678e-09 -9.900127042221108e-09 4.431991033542758e-09
vn 5.9371872207162775e-09 -8.913154551580888e-09 4.432307223043842e-09
vn 3.6651079476661543e-09 -3.090839911266834e-09 1.0375862529997916e-08
vn 1.7408955062210598e-09 -1.428720742503186e-09 1.1324192862311257e-08
vn 3.0637763557072414e-09 -3.1133844312111437e-09 1.0521547360247345e-08
vn 1.5628678904599053e-09 -1.6153276453385206e-09 1.129975269477941e-08
vn 5.739443087628971e-09 -5.778503706902889e-09 8.135165847793428e-09
vn 2.5425437005190357e-09 -3.170263206927873e-09 1.0626056339020548e-08
vn 1.639106318817871e-09 -4.04886095344597e-09 1.0522068427849798e-08
vn 1.0266585170324299e-09 -1.999466811721772e-09 1.1300484374847874e-08
vn 8.257320371249567e-10 -2.0904695505535964e-09 1.1300962458665566e-08
vn 1.234354166559401e-09 -4.190047194220234e-09 1.0522171092530982e-08
vn 6.168534622966997e-10 -2.161344078329467e-09 1.130060602038212e-08
vn 2.0280735484401494e-09 -3.868725644449381e-09 1.0522179572963553e-08
vn 1.2511989024780756e-09 -1.8725623118237986e-09 1.1324689820267956e-08
vn 1.4196621403069554e-09 -1.7298745848910837e-09 1.1252815378915307e-08
vn 8.177140934172671e-10 -4.290869124972839e-09 1.0522126223818266e-08
vn 4.020344040251861e-10 -2.2113936492820607e-09 1.1300555731989963e-08
vn 1.833433263071514e-10 -2.2401731202822567e-09 1.1300830694698633e-08
vn 3.9319871627305165e-10 -4.3503293912937545e-09 1.0522094850492385e-08
vn 9.437743394076598e-09 -5.061913141653349e-09 4.4321857921503654e-09
vn 6.278202472302817e-09 -5.1881917878710885e-09 8.13516933995025e-09
vn 8.102518233983559e-09 -8.258014430975614e-10 8.135084939884854e-09
vn -7.545135930231067e-09 -7.430906482850269e-10 8.650647187731275e-09
vn 8.805156964518546e-09 -5.768003769532166e-09 4.856078077871288e-09
vn -1.0348723095882407e-08 -1.0192152692873805e-09 5.134083549770834e-09
vn 2.610074222881861e-09 -4.0216569185340555e-09 1.0376120601144947e-08
vn 4.501821809789893e-09 -6.787201156454286e-09 8.134789267080493e-09
vn 5.145408102114331e-09 -6.313254729993892e-09 8.135087666863525e-09
vn 3.814881208918466e-09 -7.195800930506838e-09 8.134922703911505e-09
vn 2.337749556930474e-09 -7.801765468271157e-09 8.134872714743133e-09
vn 1.5617864888785914e-09 -7.993377054140655e-09 8.135033855694887e-09
vn 3.0911985550448205e-09 -7.535048840831276e-09 8.134922095762658e-09
vn 7.70779699608337e-10 -8.107942668652868e-09 8.134993684825919e-09
vn 1.1271791570212376e-09 -1.046570340870104e-08 4.856080231554944e-09
vn -2.2412543387682278e-09 -2.2075228394636081e-10 1.1324105670965181e-08
vn 6.852407517991776e-11 -1.0840783792457287e-08 4.12944709116959e-09
vn -2.104292750836206e-09 -1.0500743197658156e-08 4.432166343513815e-09
vn -1.0649062053083212e-09 -1.0656413043495938e-08 4.432237968956868e-09
vn -4.1124503091279425e-09 -9.888405453988615e-09 4.43208755913412e-09
vn -6.878840320933761e-10 -2.1397836676406847e-09 1.1300766272151138e-08
vn -8.563785690485224e-10 -2.0674769402319873e-09 1.1253261974507606e-08
vn -1.5973928723479275e-09 -3.73677082566733e-09 1.0626570581925699e-08
vn -5.061885507563705e-09 -9.437825107939005e-09 4.43182580744358e-09
vn -3.123411633078596e-09 -1.0243903964954859e-08 4.432073171229736e-09
vn -4.748346596857363e-10 -2.1969361746101395e-09 1.130063668187675e-08
vn -1.3015354383631018e-09 -4.169679967933949e-09 1.0522028533770413e-08
vn -3.711320357651822e-11 -2.2473534724954865e-09 1.1300776742255142e-08
vn -2.572122883660151e-10 -2.2328766437744737e-09 1.130066756953242e-08
vn -4.6306587928450866e-10 -4.343471984915228e-09 1.0522172195444996e-08
vn -3.510213991801845e-11 -4.367960255778003e-09 1.0522235744271167e-08
vn -8.258113403714288e-10 -8.10253643275579e-09 8.134991547210002e-09
vn -2.7648625644218026e-11 -8.144416387950765e-09 8.1349713279282e-09
vn -8.86569557770063e-10 -4.277152847322846e-09 1.0522119672424148e-08
vn -3.14228705159522e-09 -7.51392999350013e-09 8.134724444355293e-09
vn -2.316397117777368e-09 -4.197653409243204e-09 1.0375916375909251e-08
vn -1.0616323421667101e-09 -1.98617541850766e-09 1.13245754240135e-08
vn -3.8636493270288e-09 -7.16971332639832e-09 8.135072037498755e-09
vn -2.4558809512611046e-09 -3.612320936826718e-09 1.0521909526377378e-08
vn -2.3906648346990632e-09 -7.785696883002319e-09 8.134935649357155e-09
vn -1.6160212856358879e-09 -7.982577868246365e-09 8.13499532161337e-09
vn -6.805835966154128e-09 -8.268808877795728e-09 4.4326490093662485e-09
vn -8.288243599075703e-09 -6.782266994433339e-09 4.432214502627091e-09
vn -8.91310744581416e-09 -5.937181007047884e-09 4.4323887280256156e-09
vn -7.583556558002412e-09 -7.561952555228432e-09 4.43243054629281e-09
vn -9.900133215568567e-09 -4.084235794462283e-09 4.4324873812284515e-09
vn -1.0506701616944967e-08 -2.0744421472087663e-09 4.432048213101133e-09
vn -1.0252787017831318e-08 -3.094160020293326e-09 4.432546543409675e-09
vn -9.452134751509069e-09 -5.034973857521356e-09 4.432633730763302e-09
vn -1.4196621403069554e-09 -1.7298745848910837e-09 1.1252815378915307e-08
vn -1.5628678904599053e-09 -1.6153276453385206e-09 1.129975269477941e-08
vn -2.6133410363539658e-09 -3.1121615740647816e-09 1.0626186314401014e-08
vn -1.279413930780917e-09 -1.8479826694766234e-09 1.1300943137964615e-08
vn -5.188153072648529e-09 -6.27817497759325e-09 8.13482487804576e-09
vn -3.1393313805106365e-09 -3.037825529913587e-09 1.0521687033332536e-08
vn -3.9019485306594545e-09 -1.1358161321804804e-09 1.0626757218831465e-08
vn -2.080668047719064e-09 -8.618309675662336e-10 1.132422457866826e-08
vn -2.1414660334783804e-09 -6.495993037327419e-10 1.1253011450530226e-08
vn -2.196918786206658e-09 -4.74851594478692e-10 1.1301473216538267e-08
vn -1.7408955062210598e-09 -1.4287207425031863e-09 1.1324192862311255e-08
vn -1.8892152614396233e-09 -1.2176987067379608e-09 1.1300831553564877e-08
vn -3.65130740339894e-09 -2.397516926444796e-09 1.0521879305381392e-08
vn -1.973586365590685e-09 -1.054902122798384e-09 1.1251601084229283e-08
vn -3.6053924313860743e-09 -1.875189988825411e-09 1.0626292520265119e-08
vn -4.298004298733535e-09 -7.817610230510607e-10 1.052263453291415e-08
vn -5.962572314073176e-09 -8.896175103643718e-09 4.432181823418276e-09
vn -4.547799917274374e-09 -6.756473799851052e-09 8.135223096397615e-09
vn -5.7785453998871765e-09 -5.739427333663415e-09 8.13507859874574e-09
vn -6.313282934488351e-09 -5.145405951613904e-09 8.135597359414664e-09
vn -3.746449716808595e-09 -2.991733978415694e-09 1.0375562690484635e-08
vn -6.787219228115728e-09 -4.5018360453539004e-09 8.13502141289669e-09
vn -7.19579361134753e-09 -3.814910857235901e-09 8.134826748573375e-09
vn -7.535067546145314e-09 -3.0911817910853027e-09 8.135245894324516e-09
vn -4.453573332117953e-09 -1.775323628525247e-09 1.0376213251015221e-08
vn -7.993346538790471e-09 -1.561828625014215e-09 8.134900000117317e-09
vn -7.801774302724574e-09 -2.337777947265034e-09 8.134813738098847e-09
vn -4.340203262763554e-09 -4.274775098103126e-10 1.0528271154628964e-08
f 1 2 3
f 4 5 6
f 1 7 5
f 8 9 10
f 11 12 13
f 8 14 15
f 4 6 9
f 16 17 18
f 19 20 21
f 20 22 21
f 22 20 23
f 22 23 24
f 21 22 25
f 16 23 20
f 18 26 27
f 23 16 18
f 27 12 28
f 12 27 26
f 12 26 13
f 12 29 30
f 12 11 29
f 18 27 31
f 17 26 18
f 23 18 32
f 33 34 35
f 36 37 38
f 33 39 37
f 40 41 42
f 43 44 45
f 46 43 47
f 40 45 44
f 36 38 41
f 48 49 50
f 49 48 51
f 50 49 52
f 50 29 48
f 51 53 49
f 48 29 11
f 54 55 56
f 57 54 56
f 58 59 57
f 60 61 55
f 62 59 53
f 62 53 51
f 63 60 64
f 64 65 66
f 15 35 34
f 29 50 67
f 25 24 68
f 25 22 24
f 32 31 10
f 32 18 31
f 31 27 28
f 31 28 14
f 23 32 24
f 24 32 6
f 29 67 30
f 30 28 12
f 67 52 39
f 67 50 52
f 52 49 69
f 69 70 52
f 58 71 53
f 30 67 35
f 72 21 25
f 28 30 73
f 72 7 3
f 72 25 7
f 68 5 7
f 7 1 3
f 7 25 68
f 6 5 68
f 6 68 24
f 9 6 10
f 6 32 10
f 15 14 73
f 14 28 73
f 73 30 35
f 15 73 35
f 31 14 10
f 8 10 14
f 67 39 35
f 39 33 35
f 70 39 52
f 53 69 49
f 58 74 75
f 74 58 57
f 58 75 71
f 74 56 76
f 74 76 75
f 71 75 42
f 74 57 56
f 38 69 71
f 56 77 76
f 61 78 55
f 63 79 61
f 78 61 80
f 66 63 64
f 81 63 66
f 61 60 63
f 77 56 78
f 56 55 78
f 75 76 82
f 38 70 69
f 45 76 77
f 37 70 38
f 38 71 42
f 42 75 82
f 41 38 42
f 45 82 76
f 37 39 70
f 80 79 83
f 79 80 61
f 81 79 63
f 81 84 79
f 45 40 82
f 45 77 47
f 83 47 80
f 47 43 45
f 84 83 79
f 47 77 80
f 77 78 80
f 40 42 82
f 85 86 66
f 69 53 71
f 53 59 58
f 83 46 47
f 87 88 84
f 89 90 85
f 87 91 92
f 93 94 95
f 96 97 98
f 93 99 97
f 92 100 94
f 101 85 90
f 101 90 102
f 85 101 103
f 85 65 89
f 104 101 102
f 101 104 105
f 102 106 104
f 86 81 66
f 107 108 109
f 106 110 107
f 106 111 112
f 111 106 107
f 109 111 107
f 111 109 113
f 108 114 109
f 106 102 110
f 104 106 115
f 66 65 85
f 116 117 118
f 119 120 121
f 122 119 123
f 116 124 120
f 125 126 127
f 128 129 130
f 131 128 132
f 125 133 129
f 122 134 126
f 135 136 114
f 137 138 136
f 136 138 114
f 139 140 137
f 114 108 135
f 141 142 143
f 142 144 143
f 145 144 146
f 141 147 148
f 147 139 148
f 149 146 150
f 96 151 117
f 109 114 152
f 86 103 100
f 86 85 103
f 105 115 99
f 105 104 115
f 115 106 112
f 115 112 98
f 101 105 103
f 103 105 95
f 153 154 138
f 153 138 137
f 113 152 118
f 113 109 152
f 152 114 155
f 152 155 124
f 154 155 138
f 113 112 111
f 114 138 155
f 112 113 151
f 87 84 91
f 81 91 84
f 94 100 95
f 100 103 95
f 95 105 99
f 93 95 99
f 86 100 91
f 92 91 100
f 112 151 98
f 98 99 115
f 113 118 151
f 96 98 151
f 116 118 124
f 118 152 124
f 124 155 121
f 120 124 121
f 156 123 154
f 117 151 118
f 121 155 154
f 97 99 98
f 140 156 153
f 81 86 91
f 140 147 157
f 147 140 139
f 140 157 156
f 147 158 159
f 147 159 157
f 156 157 134
f 147 141 158
f 156 154 153
f 158 160 159
f 145 143 144
f 149 161 145
f 143 145 162
f 163 149 150
f 161 149 163
f 145 146 149
f 160 158 143
f 158 141 143
f 157 159 127
f 156 134 123
f 160 133 159
f 126 134 127
f 134 157 127
f 127 159 133
f 125 127 133
f 162 130 160
f 122 123 134
f 164 162 161
f 161 162 145
f 165 161 163
f 164 161 165
f 128 130 164
f 164 130 162
f 132 164 165
f 133 130 129
f 130 133 160
f 160 143 162
f 121 123 119
f 123 121 154
f 153 137 140
f 83 84 46
f 46 84 88
f 128 164 132
f 166 167 168
f 169 168 170
f 171 172 170
f 171 173 174
f 175 176 177
f 178 179 176
f 175 180 173
f 181 182 183
f 184 185 186
f 186 187 188
f 189 190 191
f 192 182 191
f 193 184 181
f 178 194 195
f 188 196 194
f 197 167 198
f 198 167 166
f 169 166 168
f 170 172 169
f 172 171 174
f 174 173 180
f 177 180 175
f 176 179 177
f 178 195 179
f 196 195 194
f 196 188 187
f 184 193 185
f 181 183 193
f 185 187 186
f 192 183 182
f 191 190 192
f 191 199 189
f 200 201 202
f 203 204 200
f 205 206 207
f 208 209 204
f 210 211 209
f 212 213 201
f 214 206 211
f 215 216 217
f 218 219 220
f 221 222 220
f 223 219 224
f 225 226 221
f 227 228 225
f 212 215 229
f 223 230 216
f 189 205 207
f 214 211 210
f 206 214 207
f 208 204 203
f 202 201 213
f 200 202 203
f 209 208 210
f 229 215 217
f 223 224 230
f 230 217 216
f 213 212 229
f 224 219 218
f 228 226 225
f 220 222 218
f 227 231 228
f 221 226 222
f 205 189 199
f 232 233 234
f 232 235 236
f 237 238 239
f 240 235 238
f 239 241 242
f 243 244 245
f 246 247 248
f 249 250 247
f 251 252 253
f 254 255 256
f 257 248 255
f 258 254 256
f 259 241 252
f 250 260 253
f 261 243 245
f 244 262 263
f 234 233 264
f 233 232 236
f 240 236 235
f 245 244 263
f 264 262 234
f 263 262 264
f 238 237 240
f 259 242 241
f 237 239 242
f 252 251 259
f 250 249 260
f 247 246 249
f 253 260 251
f 257 246 248
f 255 254 257
f 256 265 258
f 266 267 268
f 269 270 271
f 272 273 274
f 275 276 277
f 271 278 272
f 279 269 276
f 274 280 266
f 281 282 283
f 284 285 286
f 284 287 283
f 288 289 290
f 282 291 289
f 292 285 293
f 294 293 295
f 296 277 288
f 265 297 258
f 266 280 267
f 267 297 268
f 270 278 271
f 280 274 273
f 272 278 273
f 269 279 270
f 290 289 291
f 282 281 291
f 287 284 286
f 296 275 277
f 276 275 279
f 285 292 286
f 294 292 293
f 288 290 296
f 281 283 287
f 297 265 268
f 298 299 300
f 301 302 300
f 298 300 302
f 298 303 299
f 304 305 306
f 306 303 304
f 305 304 307
f 299 303 306
f 308 309 310
f 308 311 309
f 312 309 311
f 313 312 311
f 314 315 316
f 316 313 314
f 315 314 317
f 312 313 316
f 318 319 320
f 319 321 320
f 322 323 324
f 325 326 327
f 326 325 321
f 327 326 324
f 324 323 327
f 321 325 320
f 328 329 330
f 331 332 333
f 329 331 334
f 335 336 337
f 338 339 340
f 336 338 341
f 332 335 342
f 343 344 345
f 346 347 348
f 344 346 349
f 350 351 352
f 353 354 355
f 351 353 356
f 347 350 357
f 339 343 358
f 330 329 334
f 333 332 342
f 331 333 334
f 337 336 341
f 340 339 358
f 338 340 341
f 335 337 342
f 345 344 349
f 347 357 348
f 348 349 346
f 358 343 345
f 357 350 352
f 359 351 356
f 356 353 355
f 351 359 352
f 360 355 354
f 354 361 360
f 362 363 364
f 365 366 367
f 363 365 364
f 368 369 370
f 371 372 373
f 369 371 374
f 366 368 375
f 376 377 378
f 379 380 381
f 377 379 382
f 383 384 385
f 386 387 388
f 384 386 385
f 380 383 389
f 372 376 390
f 360 361 391
f 367 364 365
f 391 362 364
f 370 375 368
f 373 374 371
f 370 369 374
f 367 366 375
f 378 390 376
f 381 382 379
f 378 377 382
f 392 389 383
f 393 385 386
f 388 393 386
f 392 383 385
f 381 380 389
f 373 372 390
f 391 361 362
f 394 395 396
f 397 398 399
f 395 397 400
f 401 402 403
f 404 405 406
f 402 404 407
f 398 401 408
f 409 410 411
f 412 413 414
f 410 412 415
f 416 417 418
f 419 420 421
f 417 419 422
f 413 416 423
f 405 409 424
f 399 400 397
f 399 398 408
f 407 404 406
f 396 395 400
f 403 408 401
f 403 402 407
f 405 424 406
f 413 423 414
f 414 415 412
f 420 425 421
f 416 418 423
f 411 410 415
f 419 421 422
f 422 418 417
f 426 427 425
f 411 424 409
f 425 420 426
f 428 429 430
f 431 432 433
f 429 431 434
f 435 436 437
f 438 439 440
f 436 438 441
f 432 435 442
f 443 444 445
f 446 447 448
f 444 446 449
f 450 451 452
f 453 454 455
f 451 453 456
f 447 450 457
f 439 443 458
f 434 430 429
f 436 441 437
f 441 438 440
f 437 442 435
f 431 433 434
f 432 442 433
f 430 427 428
f 458 440 439
f 450 452 457
f 449 446 448
f 448 447 457
f 452 451 456
f 455 459 453
f 453 459 456
f 443 445 458
f 444 449 445
f 428 427 426
f 460 461 462
f 463 464 465
f 461 463 466
f 467 468 469
f 470 471 472
f 468 470 473
f 464 467 474
f 475 476 477
f 478 479 480
f 476 478 481
f 482 483 484
f 485 486 487
f 483 485 488
f 479 482 480
f 471 475 489
f 462 461 466
f 465 464 474
f 463 465 466
f 469 468 473
f 472 471 489
f 470 472 473
f 467 469 474
f 477 476 481
f 478 480 490
f 490 481 478
f 489 475 477
f 480 482 484
f 488 485 487
f 487 486 491
f 483 488 484
f 492 493 491
f 491 486 492
f 494 495 496
f 497 498 499
f 495 497 500
f 501 502 503
f 504 505 506
f 502 504 507
f 498 501 503
f 508 509 510
f 511 512 513
f 509 511 514
f 515 516 517
f 518 519 520
f 516 518 521
f 512 515 522
f 505 508 523
f 496 493 494
f 499 500 497
f 496 495 500
f 503 524 498
f 506 507 504
f 503 502 507
f 499 498 524
f 510 523 508
f 513 514 511
f 510 509 514
f 517 522 515
f 520 521 518
f 525 520 519
f 517 516 521
f 513 512 522
f 506 505 523
f 494 493 492
f 2 1 526
f 5 4 527
f 1 5 528
f 9 8 529
f 15 34 530
f 8 15 531
f 4 9 532
f 33 37 533
f 36 41 534
f 37 36 535
f 40 44 536
f 43 46 537
f 44 43 538
f 41 40 539
f 34 33 540
f 526 1 528
f 527 4 532
f 5 527 528
f 529 8 531
f 530 34 540
f 15 530 531
f 9 529 532
f 533 37 535
f 41 539 534
f 534 535 36
f 540 33 533
f 539 40 536
f 538 43 537
f 537 46 541
f 44 538 536
f 542 541 46
f 46 88 542
f 87 92 543
f 94 93 544
f 92 94 545
f 97 96 546
f 117 116 547
f 96 117 548
f 93 97 549
f 120 119 550
f 122 126 551
f 119 122 552
f 125 129 553
f 128 131 554
f 129 128 555
f 126 125 556
f 116 120 557
f 543 542 87
f 544 545 94
f 543 92 545
f 546 549 97
f 547 548 117
f 546 96 548
f 544 93 549
f 550 557 120
f 551 552 122
f 550 119 552
f 553 556 125
f 554 555 128
f 558 554 131
f 553 129 555
f 551 126 556
f 547 116 557
f 87 542 88
f 559 560 561
f 562 561 560
f 563 559 561
f 564 565 566
f 567 568 565
f 561 562 564
f 566 561 564
f 569 563 570
f 561 570 563
f 571 569 570
f 570 572 571
f 573 574 570
f 570 574 572
f 575 574 573
f 576 577 578
f 578 579 580
f 567 577 581
f 581 577 576
f 567 581 568
f 568 566 565
f 576 578 580
f 582 583 584
f 583 575 585
f 585 575 573
f 586 587 582
f 586 582 584
f 584 583 585
f 580 587 586
f 580 579 587
f 588 589 590
f 591 588 592
f 593 591 594
f 592 588 590
f 595 596 593
f 591 592 594
f 597 590 589
f 598 599 600
f 601 599 602
f 603 601 602
f 599 598 602
f 600 604 605
f 603 589 601
f 603 597 589
f 593 594 595
f 606 596 595
f 607 608 609
f 606 609 608
f 608 607 610
f 610 611 608
f 606 608 596
f 604 612 613
f 613 612 614
f 600 605 598
f 612 611 615
f 614 612 616
f 615 616 612
f 612 608 611
f 605 604 613
f 617 618 619
f 618 617 620
f 621 622 623
f 623 624 621
f 625 626 627
f 628 629 625
f 627 628 625
f 630 626 625
f 625 631 630
f 632 631 625
f 633 632 625
f 634 625 629
f 635 636 637
f 638 639 637
f 639 638 640
f 641 642 625
f 635 625 642
f 635 643 636
f 637 639 635
f 635 642 643
f 641 625 634
f 625 644 633
f 645 646 625
f 647 648 649
f 650 651 646
f 652 639 640
f 653 646 654
f 646 653 650
f 655 654 646
f 656 646 657
f 658 646 656
f 658 655 646
f 644 646 651
f 659 660 646
f 659 646 661
f 660 657 646
f 661 646 662
f 661 662 663
f 662 664 663
f 662 665 664
f 665 662 648
f 647 665 648
f 644 625 646
f 639 666 667
f 666 668 667
f 669 667 668
f 645 667 670
f 671 672 645
f 671 645 670
f 667 669 670
f 645 672 673
f 674 646 645
f 675 676 645
f 677 645 676
f 677 678 645
f 645 679 680
f 681 682 645
f 680 681 645
f 645 678 679
f 673 675 645
f 645 682 674
f 683 648 684
f 684 674 685
f 686 685 674
f 674 687 686
f 684 685 688
f 648 689 649
f 684 690 683
f 689 648 683
f 690 684 688
f 691 692 674
f 691 674 693
f 692 694 674
f 687 674 695
f 674 696 695
f 674 697 696
f 697 674 694
f 693 674 698
f 682 698 674
f 666 639 652
f 699 700 701
f 699 701 702
f 700 703 701
f 704 705 706
f 700 707 703
f 705 699 702
f 708 703 707
f 709 710 711
f 707 711 712
f 713 714 709
f 713 715 716
f 710 709 714
f 712 711 710
f 712 708 707
f 705 702 706
f 717 704 706
f 718 719 720
f 717 720 719
f 719 718 721
f 721 722 719
f 717 719 704
f 715 723 724
f 724 723 725
f 713 716 714
f 723 722 726
f 725 723 727
f 726 727 723
f 723 719 722
f 716 715 724
f 728 729 730
f 731 730 729
f 732 728 730
f 733 734 735
f 736 737 734
f 730 731 733
f 735 730 733
f 738 732 739
f 730 739 732
f 740 738 739
f 739 741 740
f 742 743 739
f 739 743 741
f 744 743 742
f 745 746 747
f 747 748 749
f 736 746 750
f 750 746 745
f 736 750 737
f 737 735 734
f 745 747 749
f 751 752 753
f 752 744 754
f 754 744 742
f 755 756 751
f 755 751 753
f 753 752 754
f 749 756 755
f 749 748 756
f 757 758 759
f 758 757 760
f 761 762 763
f 762 761 764
f 765 766 767
f 766 765 768
f 769 770 771
f 767 772 771
f 772 767 773
f 774 771 775
f 765 767 776
f 777 778 779
f 780 777 779
f 780 779 781
f 779 782 776
f 782 779 783
f 767 784 779
f 779 776 767
f 770 767 771
f 785 774 786
f 785 787 769
f 769 771 785
f 769 787 788
f 789 790 791
f 791 769 789
f 771 774 785
f 792 793 794
f 793 795 794
f 792 769 791
f 796 794 797
f 769 792 794
f 769 794 796
f 798 769 796
f 796 799 800
f 780 781 801
f 784 802 781
f 802 784 803
f 770 784 767
f 804 805 806
f 770 804 784
f 806 784 804
f 807 804 770
f 807 770 808
f 809 770 769
f 810 770 811
f 812 811 809
f 812 813 814
f 770 809 811
f 808 815 807
f 813 812 809
f 816 798 817
f 817 818 816
f 819 798 816
f 820 800 799
f 798 800 821
f 798 821 822
f 800 798 796
f 823 809 819
f 798 819 809
f 819 824 823
f 825 826 827
f 826 825 819
f 826 819 816
f 769 798 809
f 809 828 813
f 779 784 781
f 829 830 831
f 131 829 558
f 832 833 834
f 835 836 837
f 833 835 838
f 830 832 839
f 840 841 842
f 843 844 845
f 841 843 846
f 847 848 849
f 850 851 852
f 848 850 853
f 844 847 854
f 836 840 855
f 831 830 839
f 829 831 558
f 834 833 838
f 837 836 855
f 835 837 838
f 832 834 839
f 842 841 846
f 844 854 845
f 845 846 843
f 855 840 842
f 854 847 849
f 853 850 852
f 852 851 856
f 848 853 849
f 857 858 856
f 856 851 857
f 2 526 859
f 860 861 862
f 863 864 865
f 861 863 866
f 867 868 869
f 870 871 872
f 868 870 873
f 864 867 874
f 875 876 877
f 878 879 880
f 876 878 877
f 881 882 883
f 884 885 886
f 882 884 887
f 879 881 888
f 871 875 889
f 858 857 862
f 865 866 863
f 862 861 866
f 869 874 867
f 872 873 870
f 869 868 873
f 865 864 874
f 890 889 875
f 880 877 878
f 890 875 877
f 883 888 881
f 886 887 884
f 859 886 885
f 883 882 887
f 880 879 888
f 872 871 889
f 885 2 859
f 862 857 860
f 891 892 893
f 894 893 895
f 892 895 893
f 891 896 892
f 897 898 899
f 899 896 891
f 897 900 898
f 898 896 899
f 901 902 903
f 902 904 905
f 906 907 901
f 907 906 894
f 902 905 903
f 901 903 906
f 894 895 907
f 908 905 904
f 909 910 911
f 912 913 910
f 909 914 915
f 916 917 918
f 919 920 915
f 920 921 917
f 922 923 916
f 918 922 916
f 910 913 911
f 924 900 897
f 912 924 913
f 917 921 918
f 915 914 919
f 920 919 921
f 914 909 911
f 912 900 924
f 925 926 927
f 927 928 929
f 930 926 931
f 930 931 908
f 927 929 925
f 926 925 931
f 908 904 930
f 932 929 928
f 933 934 935
f 936 937 935
f 938 934 939
f 939 934 933
f 935 937 933
f 936 940 941
f 932 938 939
f 932 928 938
f 941 940 942
f 943 942 944
f 942 940 944
f 937 936 941
f 945 943 944
f 946 947 948
f 947 943 945
f 949 946 950
f 950 946 948
f 949 950 951
f 947 945 948
f 952 953 954
f 953 952 955
f 955 956 953
f 951 952 954
f 954 949 951
f 957 958 923
f 958 957 959
f 959 960 958
f 922 957 923
f 961 960 962
f 963 964 961
f 960 959 962
f 965 964 966
f 963 961 962
f 967 965 966
f 963 966 964
f 968 969 970
f 965 967 969
f 970 971 972
f 973 969 968
f 969 973 965
f 974 975 976
f 968 970 972
f 976 977 978
f 974 972 971
f 974 976 979
f 979 976 978
f 974 971 975
f 980 978 977
f 981 982 983
f 984 985 986
f 985 981 983
f 981 985 987
f 987 985 984
f 980 982 981
f 980 977 982
f 988 984 986
f 989 990 991
f 992 993 994
f 993 995 991
f 996 997 998
f 999 1000 1001
f 1000 998 997
f 1002 1001 990
f 994 1003 992
f 992 995 993
f 994 956 1003
f 955 1003 956
f 989 1002 990
f 995 989 991
f 1002 999 1001
f 999 998 1000
f 996 1004 997
f 1005 988 1006
f 1007 1008 1009
f 1008 1007 1006
f 1005 1006 1007
f 1007 1009 1010
f 1011 988 1005
f 1011 984 988
f 1012 1010 1009
f 1013 1014 1015
f 1015 1004 996
f 1013 1016 1014
f 1014 1004 1015
f 1017 1012 1018
f 1009 1018 1012
f 1017 1016 1013
f 1018 1016 1017
f 1019 1020 1021
f 519 1019 525
f 1022 1023 1024
f 1025 1026 1027
f 1023 1025 1028
f 1020 1022 1029
f 1030 1031 1032
f 1033 1034 1035
f 1031 1033 1036
f 1037 1038 1039
f 1040 1041 1042
f 1038 1040 1043
f 1034 1037 1044
f 1026 1030 1045
f 1021 1020 1029
f 1019 1021 525
f 1024 1023 1028
f 1027 1026 1045
f 1025 1027 1028
f 1022 1024 1029
f 1032 1031 1036
f 1034 1044 1035
f 1035 1036 1033
f 1045 1030 1032
f 1044 1037 1039
f 1043 1040 1046
f 1046 1040 1042
f 1038 1043 1039
f 1047 1048 1042
f 1042 1041 1047
f 460 462 1049
f 1050 1051 1052
f 1053 1054 1055
f 1051 1053 1056
f 1057 1058 1059
f 1060 1061 1062
f 1058 1060 1063
f 1054 1057 1059
f 1064 1065 1066
f 1067 1068 1069
f 1065 1067 1070
f 1071 1072 1073
f 1074 1075 1049
f 1072 1074 1076
f 1068 1071 1077
f 1061 1064 1078
f 1079 1048 1050
f 1056 1052 1051
f 1079 1050 1052
f 1059 1055 1054
f 1080 1063 1060
f 1059 1058 1063
f 1056 1053 1055
f 1078 1062 1061
f 1070 1066 1065
f 1078 1064 1066
f 1077 1069 1068
f 1076 1073 1072
f 1049 1076 1074
f 1077 1071 1073
f 1070 1067 1069
f 1080 1060 1062
f 1075 460 1049
f 1050 1048 1047
f 1081 1082 1083
f 1084 1085 1081
f 1086 1087 1083
f 1088 1089 1090
f 1086 1091 1087
f 1087 1091 1089
f 1092 1093 1088
f 1083 1082 1086
f 1094 1095 1096
f 1097 1098 1095
f 1095 1098 1096
f 1096 1099 1094
f 1084 1099 1085
f 1099 1096 1100
f 1099 1100 1085
f 1085 1082 1081
f 1101 1102 1103
f 1104 1105 1101
f 1106 1103 1107
f 1108 1109 1110
f 1109 1108 1111
f 1111 1112 1109
f 1113 1110 1106
f 1108 1110 1113
f 1114 1093 1092
f 1090 1089 1091
f 1092 1088 1090
f 1106 1107 1113
f 1101 1105 1102
f 1103 1102 1107
f 1105 1104 1114
f 1093 1114 1104
f 1115 1116 1097
f 1098 1097 1116
f 1115 1117 1118
f 1119 1116 1115
f 1115 1118 1119
f 1120 1121 1117
f 1117 1121 1118
f 1122 1121 1120
f 1123 1124 1125
f 1125 1126 1127
f 1122 1120 1124
f 1128 1129 1126
f 1128 1130 1131
f 1127 1126 1129
f 1123 1125 1127
f 1124 1123 1122
f 1131 1130 1132
f 1133 1134 1132
f 1130 1133 1132
f 1135 1136 1137
f 1138 1139 1140
f 1141 1140 1136
f 1142 1137 1134
f 1135 1137 1142
f 1136 1135 1141
f 1134 1133 1142
f 1138 1143 1139
f 1140 1141 1138
f 1144 1143 1145
f 1145 1146 1144
f 1139 1143 1144
f 1129 1128 1131
f 1147 1148 1112
f 1148 1149 1150
f 1147 1149 1148
f 1111 1147 1112
f 1151 1152 1153
f 1154 1155 1152
f 1156 1153 1150
f 1157 1155 1158
f 1150 1149 1156
f 1152 1151 1154
f 1151 1153 1156
f 1157 1158 1159
f 1160 1161 1162
f 1163 1159 1160
f 1158 1155 1154
f 1157 1159 1163
f 1162 1161 1164
f 1165 1166 1167
f 1165 1164 1161
f 1163 1160 1162
f 1167 1166 1168
f 1166 1169 1168
f 1164 1165 1167
f 1170 1168 1169
f 1171 1170 1169
f 1172 1173 1174
f 1173 1175 1171
f 1172 1174 1176
f 1177 1176 1178
f 1176 1174 1178
f 1175 1173 1172
f 1171 1175 1170
f 1179 1180 1181
f 1182 1183 1184
f 1183 1185 1181
f 1186 1187 1188
f 1189 1190 1191
f 1189 1187 1190
f 1191 1190 1180
f 1192 1193 1146
f 1193 1192 1194
f 1193 1194 1184
f 1145 1192 1146
f 1185 1183 1182
f 1194 1182 1184
f 1181 1185 1179
f 1179 1191 1180
f 1195 1196 1186
f 1197 1198 1199
f 1200 1201 1202
f 1203 1199 1200
f 1204 1177 1205
f 1178 1205 1177
f 1204 1198 1197
f 1205 1198 1204
f 1199 1203 1197
f 1186 1188 1195
f 1195 1206 1196
f 1188 1187 1189
f 1196 1206 1207
f 1201 1207 1208
f 1208 1207 1206
f 1201 1208 1202
f 1202 1203 1200
f 1209 1210 1211
f 454 1209 1212
f 1213 1214 1215
f 1216 1217 1218
f 1214 1216 1219
f 1210 1213 1220
f 1221 1222 1223
f 1224 1225 1226
f 1222 1224 1227
f 1228 1229 1230
f 1231 1232 1233
f 1229 1231 1234
f 1225 1228 1230
f 1217 1221 1235
f 1220 1211 1210
f 1215 1220 1213
f 1211 1212 1209
f 454 1212 455
f 1218 1219 1216
f 1215 1214 1219
f 1235 1221 1223
f 1225 1230 1226
f 1222 1227 1223
f 1218 1217 1235
f 1227 1224 1226
f 1234 1231 1233
f 1233 1232 1236
f 1234 1230 1229
f 1237 1238 1236
f 1236 1232 1237
f 394 396 1239
f 1240 1241 1242
f 1243 1244 1245
f 1241 1243 1246
f 1247 1248 1249
f 1250 1251 1252
f 1248 1250 1253
f 1244 1247 1254
f 1255 1256 1257
f 1258 1259 1260
f 1256 1258 1261
f 1262 1263 1264
f 1265 1266 1267
f 1263 1265 1268
f 1259 1262 1269
f 1251 1255 1270
f 1245 1246 1243
f 1244 1254 1245
f 1248 1253 1249
f 1253 1250 1252
f 1247 1249 1254
f 1242 1241 1246
f 1242 1238 1240
f 1257 1256 1261
f 1258 1260 1261
f 1264 1263 1268
f 1269 1262 1264
f 1260 1259 1269
f 1268 1265 1267
f 1266 1239 1267
f 1270 1252 1251
f 1270 1255 1257
f 1266 394 1239
f 1240 1238 1237
f 1271 1272 1273
f 1272 1274 1275
f 1271 1274 1272
f 1273 1276 1277
f 1278 1276 1279
f 1271 1273 1277
f 1279 1280 1281
f 1278 1277 1276
f 1282 1283 1284
f 1285 1286 1282
f 1287 1283 1275
f 1287 1284 1283
f 1285 1288 1286
f 1284 1285 1282
f 1275 1274 1287
f 1286 1288 1289
f 1290 1291 1292
f 1292 1293 1294
f 1295 1290 1296
f 1297 1298 1299
f 1300 1299 1298
f 1298 1301 1300
f 1297 1299 1296
f 1296 1299 1295
f 1302 1281 1280
f 1302 1303 1304
f 1278 1279 1281
f 1280 1303 1302
f 1293 1292 1291
f 1304 1303 1294
f 1304 1294 1293
f 1290 1295 1291
f 1305 1306 1307
f 1308 1309 1306
f 1307 1289 1310
f 1310 1305 1307
f 1308 1311 1309
f 1305 1308 1306
f 1289 1288 1310
f 1309 1311 1312
f 1312 1313 1314
f 1313 1312 1311
f 1315 1316 1314
f 1314 1313 1315
f 1317 1318 1316
f 1319 1320 1318
f 1318 1317 1319
f 1317 1316 1315
f 1321 1322 1320
f 1322 1323 1324
f 1323 1322 1321
f 1321 1320 1319
f 1324 1325 1326
f 1327 1328 1329
f 1325 1328 1326
f 1325 1324 1323
f 1328 1327 1326
f 1329 1330 1331
f 1327 1329 1331
f 1330 1332 1331
f 1333 1334 1335
f 1335 1332 1333
f 1334 1336 1335
f 1333 1332 1330
f 1337 1338 1339
f 1339 1301 1337
f 1338 1340 1339
f 1337 1301 1298
f 1340 1341 1342
f 1343 1344 1345
f 1341 1344 1342
f 1341 1340 1338
f 1344 1343 1342
f 1343 1345 1346
f 1347 1343 1346
f 1346 1348 1347
f 1349 1348 1350
f 1348 1349 1347
f 1351 1352 1350
f 1350 1348 1351
f 1353 1354 1352
f 1355 1356 1354
f 1354 1353 1355
f 1353 1352 1351
f 1357 1358 1356
f 1358 1359 1360
f 1359 1358 1357
f 1357 1356 1355
f 1361 1362 1360
f 1363 1364 1365
f 1361 1366 1364
f 1366 1367 1364
f 1365 1364 1367
f 1361 1360 1366
f 1362 1358 1360
f 1363 1365 1368
f 1369 1370 1371
f 1372 1373 1374
f 1374 1370 1372
f 1375 1376 1377
f 1376 1378 1371
f 1375 1378 1376
f 1377 1379 1375
f 1371 1378 1369
f 1380 1381 1336
f 1382 1336 1381
f 1381 1383 1382
f 1380 1336 1334
f 1383 1373 1372
f 1381 1373 1383
f 1384 1372 1370
f 1370 1369 1384
f 1385 1386 1387
f 1388 1389 1390
f 1385 1387 1389
f 1390 1389 1387
f 1391 1388 1390
f 1387 1386 1368
f 1386 1363 1368
f 1388 1391 1392
f 1393 1394 1395
f 1375 1379 1393
f 1394 1396 1397
f 1393 1379 1394
f 1398 1397 1396
f 1398 1392 1391
f 1395 1394 1397
f 1396 1392 1398
f 1399 1400 1401
f 387 1399 1402
f 1403 1404 1405
f 1406 1407 1408
f 1404 1406 1409
f 1400 1403 1410
f 1411 1412 1413
f 1414 1415 1416
f 1412 1414 1413
f 1417 1418 1419
f 1420 1421 1422
f 1418 1420 1423
f 1415 1417 1424
f 1407 1411 1425
f 1402 1399 1401
f 387 1402 388
f 1410 1403 1405
f 1409 1406 1408
f 1404 1409 1405
f 1400 1410 1401
f 1425 1411 1413
f 1415 1426 1416
f 1416 1413 1414
f 1408 1407 1425
f 1426 1415 1424
f 1419 1418 1423
f 1423 1420 1422
f 1417 1419 1424
f 1427 1422 1421
f 1421 1428 1427
f 328 330 1429
f 1430 1431 1432
f 1433 1434 1435
f 1431 1433 1436
f 1437 1438 1439
f 1440 1441 1442
f 1438 1440 1443
f 1434 1437 1435
f 1444 1445 1446
f 1447 1448 1449
f 1445 1447 1450
f 1451 1452 1453
f 1454 1455 1456
f 1452 1454 1457
f 1448 1451 1458
f 1441 1444 1459
f 1427 1428 1460
f 1436 1432 1431
f 1460 1430 1432
f 1439 1435 1437
f 1442 1443 1440
f 1439 1438 1443
f 1436 1433 1435
f 1446 1459 1444
f 1449 1450 1447
f 1446 1445 1450
f 1453 1458 1451
f 1456 1457 1454
f 1429 1456 1455
f 1453 1452 1457
f 1449 1448 1458
f 1442 1441 1459
f 1455 328 1429
f 1460 1428 1430
f 322 1461 323
f 1461 1462 323
f 1462 1461 1463
f 1462 1463 1464
f 1465 1466 1467
f 1467 1464 1465
f 1468 1467 1466
f 1465 1464 1463
f 1469 1470 1471
f 1471 1472 1469
f 1473 1474 1475
f 1473 1476 1474
f 1477 308 310
f 1478 1479 1476
f 1478 1480 1479
f 1477 1479 1480
f 308 1477 1480
f 1473 1478 1476
f 1481 1482 1483
f 1483 1484 1481
f 1485 1486 1487
f 1488 1489 1486
f 1490 1489 1491
f 1492 1487 1493
f 1487 1492 1485
f 1485 1488 1486
f 1488 1491 1489
f 1491 1494 1490
f 1495 1496 1497
f 1498 1499 1500
f 1501 1500 1496
f 1502 1490 1494
f 1497 1502 1495
f 1501 1496 1495
f 1501 1498 1500
f 1497 1490 1502
f 1503 1504 1505
f 1504 1506 1507
f 1508 1506 1509
f 1505 1504 1507
f 1509 1510 1508
f 1510 1509 1511
f 1506 1508 1507
f 1509 1512 1511
f 1512 1513 1514
f 1513 1515 1516
f 1514 1513 1516
f 1517 1518 1519
f 1518 1517 1520
f 1517 1519 1516
f 1515 1517 1516
f 1512 1514 1511
f 1521 1522 1523
f 1522 1521 1524
f 1525 1526 1527
f 1528 1529 1526
f 1530 1529 1531
f 1528 1526 1525
f 1531 1532 1530
f 1529 1528 1531
f 1533 1534 1532
f 1534 1530 1532
f 1535 1536 1537
f 1538 1539 1540
f 1540 1535 1541
f 1542 1534 1533
f 1537 1541 1535
f 1538 1540 1541
f 1537 1536 1542
f 1536 1534 1542
f 1543 1544 1545
f 1545 1546 1543
f 1547 1548 1549
f 1549 1550 1547
f 1551 302 301
f 1552 1553 1550
f 1552 1554 1553
f 1551 1553 1554
f 302 1551 1554
f 1549 1552 1550
f 1555 1556 1557
f 1558 1559 1557
f 1560 1561 1562
f 1563 1564 1565
f 1558 1564 1566
f 1561 1556 1567
f 1565 1568 1569
f 1570 1571 1572
f 1573 1572 1574
f 1575 1576 1577
f 1577 1578 1579
f 1580 1575 1581
f 1574 1579 1582
f 1571 1583 1568
f 1584 1585 1581
f 1561 1567 1562
f 1567 1556 1555
f 1559 1555 1557
f 1559 1558 1566
f 1563 1566 1564
f 243 261 1586
f 1563 1565 1569
f 1573 1570 1572
f 1583 1569 1568
f 1573 1574 1582
f 1571 1570 1583
f 1579 1578 1582
f 1577 1576 1578
f 1580 1576 1575
f 1581 1585 1580
f 1584 1587 1585
f 1588 1589 1590
f 1591 1589 1592
f 1593 1592 1594
f 1595 1596 1597
f 1598 1596 1599
f 1600 1597 1601
f 1602 1594 1598
f 1603 1604 1605
f 1601 1606 1607
f 1608 1606 1605
f 1609 1610 1611
f 1612 1613 1611
f 1614 1610 1615
f 1586 1616 1612
f 1603 1614 1617
f 1587 1588 1618
f 1588 1590 1618
f 1596 1595 1599
f 1602 1593 1594
f 1602 1598 1599
f 1590 1589 1591
f 1592 1593 1591
f 1600 1595 1597
f 1605 1604 1608
f 1608 1607 1606
f 1617 1604 1603
f 1615 1610 1609
f 1609 1611 1613
f 1617 1614 1615
f 1612 1616 1613
f 1600 1601 1607
f 1586 261 1616
f 1588 1587 1584
f 227 1619 231
f 1620 1621 1622
f 1623 1624 1622
f 1625 1621 1626
f 1623 1627 1628
f 1625 1629 1619
f 1630 1631 1632
f 1633 1634 1635
f 1627 1636 1637
f 1638 1636 1632
f 1639 1640 1641
f 1642 1634 1640
f 1643 1641 1644
f 1645 1630 1633
f 1629 1625 1626
f 1629 231 1619
f 1626 1621 1620
f 1624 1623 1628
f 1622 1624 1620
f 1637 1628 1627
f 1637 1636 1638
f 1631 1630 1645
f 1632 1631 1638
f 1635 1634 1642
f 1639 1641 1643
f 1643 1644 1646
f 1640 1639 1642
f 1633 1635 1645
f 1647 1646 1644
f 1644 1648 1647
f 197 198 1649
f 1650 1648 1651
f 1652 1653 1654
f 1655 1656 1657
f 1658 1659 1655
f 1652 1654 1657
f 1658 1660 1661
f 1662 1651 1653
f 1663 1664 1665
f 1666 1667 1668
f 1663 1669 1670
f 1649 1671 1668
f 1667 1672 1673
f 1674 1675 1660
f 1673 1676 1669
f 1652 1662 1653
f 1660 1675 1661
f 1656 1652 1657
f 1650 1651 1662
f 1659 1658 1661
f 1656 1655 1659
f 1674 1677 1675
f 1664 1678 1665
f 1664 1663 1670
f 1667 1679 1672
f 1679 1667 1666
f 1668 1671 1666
f 1680 1665 1678
f 1676 1670 1669
f 1676 1673 1672
f 1680 1678 1677
f 1674 1680 1677
f 1649 198 1671
f 1648 1650 1647
f 830 829 1681
f 131 132 829
f 833 832 1682
f 833 1683 835
f 830 1684 832
f 1685 1686 1687
f 150 1688 1689
f 1689 1690 1691
f 1690 1689 1688
f 1690 1688 1686
f 1690 1685 1692
f 1685 1690 1686
f 1693 1694 1695
f 1685 1687 1693
f 1696 1695 1697
f 1695 1696 1693
f 1698 1699 1695
f 1695 1699 1700
f 1698 1695 1694
f 1693 1696 1685
f 1685 1696 1701
f 163 150 1689
f 840 836 1702
f 843 841 1703
f 844 843 1704
f 840 1702 841
f 848 847 1705
f 851 850 1706
f 857 851 1707
f 848 1708 850
f 844 1709 847
f 1710 1711 1712
f 1710 1699 1711
f 1712 1711 1713
f 1710 1712 1714
f 1712 1713 1715
f 1711 1699 1698
f 1716 1717 1718
f 1719 1718 1720
f 1717 1721 1722
f 1715 1723 1722
f 1715 1713 1723
f 1724 1720 1725
f 1725 1726 1727
f 835 1728 836
f 1699 1710 1729
f 1730 165 163
f 1730 163 1689
f 1691 1684 1730
f 1691 1730 1689
f 1731 21 72
f 1682 1691 1692
f 1691 1690 1692
f 1728 1701 1697
f 1700 1697 1695
f 1729 1700 1699
f 1732 1697 1700
f 1701 1696 1697
f 1683 1692 1701
f 1701 1692 1685
f 1702 1700 1729
f 165 1681 132
f 165 1730 1681
f 829 132 1681
f 1684 830 1681
f 1684 1681 1730
f 832 1684 1682
f 1684 1691 1682
f 835 1683 1728
f 1683 1701 1728
f 1728 1697 1732
f 836 1728 1732
f 1692 1683 1682
f 833 1682 1683
f 1700 1702 1732
f 1702 836 1732
f 1714 1703 1729
f 72 3 1733
f 1715 1734 1735
f 1734 1715 1722
f 1714 1736 1704
f 1714 1712 1736
f 1735 1736 1715
f 1736 1735 1709
f 1721 1737 1734
f 1714 1729 1710
f 1734 1737 1735
f 1716 1721 1717
f 1738 1716 1719
f 1724 1719 1720
f 1727 1724 1725
f 1739 1719 1724
f 1716 1718 1719
f 1740 1721 1716
f 1734 1722 1721
f 1724 1727 1741
f 1714 1704 1703
f 1737 1705 1735
f 843 1703 1704
f 1704 1736 1709
f 1709 1735 1705
f 844 1704 1709
f 1740 1708 1737
f 841 1702 1703
f 1740 1738 1706
f 1738 1740 1716
f 1739 1738 1719
f 1738 1739 1707
f 848 1705 1708
f 1706 1708 1740
f 1707 1706 1738
f 850 1708 1706
f 1739 1741 1742
f 1708 1705 1737
f 1737 1721 1740
f 847 1709 1705
f 1724 1741 1739
f 1703 1702 1729
f 1712 1715 1736
f 1707 851 1706
f 19 21 1743
f 861 860 1744
f 864 863 1745
f 861 1746 863
f 868 867 1747
f 1748 1749 1750
f 868 1751 870
f 864 1752 867
f 1753 1748 1754
f 1755 1756 1757
f 1755 1758 1726
f 1758 1755 1757
f 1758 1757 1759
f 1760 1727 1758
f 1756 1761 1757
f 1753 1761 1756
f 1753 1754 1761
f 1754 1750 1762
f 1754 1748 1750
f 1763 1750 1764
f 1750 1763 1765
f 1763 1764 1766
f 1761 1754 1767
f 1764 1750 1749
f 1757 1761 1768
f 875 871 1769
f 878 876 1770
f 879 878 1771
f 875 1772 876
f 882 881 1773
f 885 884 1774
f 882 1775 884
f 879 1776 881
f 1777 1778 1779
f 1766 1780 1779
f 1780 1766 1764
f 1779 1780 1777
f 1766 1779 1781
f 1779 1778 1782
f 1783 1784 1785
f 1783 1785 1786
f 1787 1788 1789
f 1790 1791 1788
f 1778 1787 1782
f 1791 1790 1784
f 1792 1786 1743
f 1733 3 885
f 870 1793 871
f 1763 1766 1794
f 1741 1760 1744
f 1727 1760 1741
f 1759 1768 1745
f 1759 1757 1768
f 1768 1761 1767
f 1768 1767 1752
f 1758 1759 1760
f 1760 1759 1746
f 1750 1765 1762
f 1762 1767 1754
f 1765 1794 1793
f 1765 1763 1794
f 1794 1766 1781
f 1794 1781 1769
f 1795 1781 1779
f 1762 1765 1751
f 1795 1779 1782
f 1767 1762 1747
f 857 1707 1742
f 1742 1741 1744
f 861 1744 1746
f 1746 1759 1745
f 1745 1768 1752
f 863 1746 1745
f 1760 1746 1744
f 857 1742 1744
f 1762 1751 1747
f 1747 1752 1767
f 1765 1793 1751
f 867 1752 1747
f 870 1751 1793
f 1793 1794 1769
f 1769 1781 1772
f 871 1793 1769
f 1796 1770 1795
f 868 1747 1751
f 1772 1781 1795
f 864 1745 1752
f 1797 1796 1782
f 1742 1707 1739
f 1797 1789 1798
f 1789 1797 1787
f 1797 1798 1796
f 1789 1791 1799
f 1789 1799 1798
f 1796 1798 1771
f 1789 1788 1791
f 1796 1795 1782
f 1791 1800 1799
f 1783 1801 1784
f 1792 1802 1783
f 1801 1783 1803
f 1804 1792 1743
f 1731 1792 1804
f 1783 1786 1792
f 1800 1791 1801
f 1791 1784 1801
f 1798 1799 1776
f 1796 1771 1770
f 1800 1773 1799
f 878 1770 1771
f 1771 1798 1776
f 1776 1799 1773
f 879 1771 1776
f 1803 1775 1800
f 876 1772 1770
f 1803 1802 1774
f 1802 1803 1783
f 1731 1802 1792
f 1802 1731 1733
f 882 1773 1775
f 1774 1775 1803
f 1733 1774 1802
f 884 1775 1774
f 72 1733 1731
f 1775 1773 1800
f 1800 1801 1803
f 881 1776 1773
f 1731 1804 21
f 1770 1772 1795
f 1782 1787 1797
f 875 1769 1772
f 1804 1743 21
f 1758 1727 1726
f 857 1744 860
f 885 1774 1733
f 2 885 3
