v 0.0760000036098063 0.004900000328104948 0.03550000168615952
v 0.07647934323218308 0.004866844408408788 0.035402456057747056
v 0.0760000036098063 0.004890393012585148 0.035402456057747056
v 0.0760000036098063 -0.004890393012585148 0.035402456057747056
v 0.07647934323218308 -0.004866844408408788 0.035402456057747056
v 0.0764802892771499 -0.004876405470722045 0.03550000168615952
v 0.0764802892771499 0.004876405470722045 0.03550000168615952
v 0.07695594390179306 0.004805847873071423 0.03550000168615952
v 0.07695407470004412 0.004796425570377794 0.035402456057747056
v 0.07694852050056156 0.00476851915120563 0.03530866027692481
v 0.0774223974761945 0.004689007981810156 0.03550000168615952
v 0.0760000036098063 0.004861940138003729 0.03530866027692481
v 0.0764720266424801 -0.004792546023074384 0.03522221541808257
v 0.0760000036098063 -0.004815735092016382 0.03522221541808257
v 0.0760000036098063 -0.0047535536162846 0.03514644789739396
v 0.07647655850304691 -0.004838528386098273 0.03530866027692481
v 0.0760000036098063 -0.004861940138003729 0.03530866027692481
v 0.07647655850304691 0.004838528386098273 0.03530866027692481
v 0.07693951018519218 0.00472320197604903 0.03522221541808257
v 0.0764720266424801 0.004792546023074384 0.03522221541808257
v 0.0760000036098063 0.004815735092016382 0.03522221541808257
v 0.0760000036098063 0.0047535536162846 0.03514644789739396
v 0.07741135011238853 0.004652586681099524 0.03530866027692481
v 0.07739793763616554 0.004608370999830691 0.03522221541808257
v 0.07692737944731132 0.004662215454292462 0.03514644789739396
v 0.07741961274705833 0.004679814084126155 0.035402456057747056
v 0.07787515628676189 0.004527009702173512 0.03550000168615952
v 0.07787147891842316 0.004518133854889139 0.035402456057747056
v 0.07786058414251507 0.004491846774783148 0.03530866027692481
v 0.07830984869022117 0.0043214141990916 0.03550000168615952
v 0.07872230140756553 0.004074201300539315 0.03550000168615952
v 0.07871696083113999 0.004066212847248507 0.035402456057747056
v 0.07830531682965436 0.0043129412792250466 0.035402456057747056
v 0.0791085318946605 0.0037877513777234695 0.03550000168615952
v 0.07910243600814049 0.003780324877050295 0.035402456057747056
v 0.0787011527249204 0.004042555524194913 0.03530866027692481
v 0.07829190435343136 0.004287848199419908 0.03530866027692481
v 0.07784290683454653 0.004449158879841764 0.03522221541808257
v 0.07737988648784722 0.004548866964869391 0.03514644789739396
v 0.07827012243101006 0.0042470991244558665 0.03522221541808257
v 0.07867547981110334 0.004004137229370874 0.03522221541808257
v 0.07905507272464085 0.0037226135114704073 0.03522221541808257
v 0.07908438485982217 0.003758330523664921 0.03530866027692481
v 0.07824081029582874 0.004192259987634839 0.03514644789739396
v 0.0790156287530408 0.0036745466547104255 0.03514644789739396
v 0.07781911075187331 0.004391710966804296 0.03514644789739396
v 0.07946482463619287 0.0034648234105724707 0.03550000168615952
v 0.078640933911025 0.00395243544278126 0.03514644789739396
v 0.07646593075596009 0.0047306640010921774 0.03514644789739396
v 0.0760000036098063 0.004677785141921631 0.035084268329010904
v 0.0760000036098063 -0.004591341713590935 0.03503806089883765
v 0.07645850735472859 -0.0046552603071725596 0.035084268329010904
v 0.0760000036098063 -0.004677785141921631 0.035084268329010904
v 0.07691259368000747 0.004587903240679814 0.035084268329010904
v 0.0760000036098063 0.004591341713590935 0.03503806089883765
v 0.07645850735472859 0.0046552603071725596 0.035084268329010904
v 0.07735789094236889 0.00447636148733499 0.035084268329010904
v 0.07689573271729255 0.004503120636250024 0.03503806089883765
v 0.07645003109700177 0.004569233157700747 0.03503806089883765
v 0.0760000036098063 0.0044975454559315065 0.03500961088527932
v 0.0760000036098063 -0.0044975454559315065 0.03500961088527932
v 0.0760000036098063 -0.004400000304356222 0.035000001662410796
v 0.07644083767615495 -0.004475888464851585 0.03500961088527932
v 0.07687742979894274 0.004411126346297034 0.03500961088527932
v 0.0760000036098063 0.004400000304356222 0.035000001662410796
v 0.07644083767615495 0.004475888464851585 0.03500961088527932
v 0.07643127804435323 0.0043788129978994395 0.035000001662410796
v 0.07685840208807804 0.0043154556416796774 0.035000001662410796
v 0.0760000036098063 0.004302455152780937 0.03500961088527932
v 0.07733279786256375 0.004393640250038022 0.03503806089883765
v 0.07645003109700177 -0.004569233157700747 0.03503806089883765
v 0.07779011142188264 0.004321710314980909 0.035084268329010904
v 0.0773055685521884 0.004303882803300407 0.03500961088527932
v 0.07775703036562387 0.004241846762908785 0.03503806089883765
v 0.07859884253939686 0.0038894364297029083 0.035084268329010904
v 0.07820509709833168 0.004125438409296189 0.035084268329010904
v 0.07816434850020482 0.004049202157658804 0.03503806089883765
v 0.07896755593581606 0.0036159769822050047 0.035084268329010904
v 0.07855081549854148 0.0038175613309215928 0.03503806089883765
v 0.07772114169204425 0.004155190188358249 0.03500961088527932
v 0.07727725586773815 0.004210537633614064 0.035000001662410796
v 0.07849870673141801 0.003739572225807397 0.03500961088527932
v 0.07768381106282973 0.0040650703453631865 0.035000001662410796
v 0.07812012852740136 0.003966480920361837 0.03500961088527932
v 0.07807414616437747 0.0038804537708900244 0.035000001662410796
v 0.07891272347471556 0.0035491554038663553 0.03503806089883765
v 0.07885321419454527 0.0034766496879133635 0.03500961088527932
v 0.07844451513948858 0.003658466512879155 0.035000001662410796
v 0.07683937437721333 0.00421978446022514 0.03500961088527932
v 0.07646593075596009 -0.0047306640010921774 0.03514644789739396
v 0.07978775403385541 0.0031085273311798334 0.03550000168615952
v 0.07945803447473754 0.003458029911256877 0.035402456057747056
v 0.07978033063262391 0.0031024323983341873 0.035402456057747056
v 0.07975833508714558 0.0030843819652716375 0.03530866027692481
v 0.08007420729453152 0.002722294221480376 0.03550000168615952
v 0.07943791576040304 0.003437910720085202 0.03530866027692481
v 0.08032141494787481 0.0023098441267405123 0.03550000168615952
v 0.08006621931807789 0.0027169567444965126 0.035402456057747056
v 0.08031294631954289 0.002305315127196783 0.035402456057747056
v 0.08028785323973775 0.002291902650973787 0.03530866027692481
v 0.08052701188146827 0.001875148862258147 0.03550000168615952
v 0.08004256056451275 0.0027011491151140987 0.03530866027692481
v 0.07940523906207364 0.003405238790127607 0.03522221541808257
v 0.07936127085930167 0.003361270110518455 0.03514644789739396
v 0.08000413893182845 0.0026754790623201297 0.03522221541808257
v 0.07972261426025362 0.003055070068508914 0.03522221541808257
v 0.07967454907242377 0.003015622520630007 0.03514644789739396
v 0.08024710464161089 0.0022701216822268444 0.03522221541808257
v 0.07995244215202923 0.002640932923823197 0.03514644789739396
v 0.08068901445263954 0.0014223949392718621 0.03550000168615952
v 0.08051813889520698 0.0018714723283844853 0.035402456057747056
v 0.08049184800040354 0.0018605838705690325 0.03530866027692481
v 0.08067982103179272 0.001419606157019651 0.035402456057747056
v 0.08080585100604054 0.0009559426165680132 0.03550000168615952
v 0.0808764076500168 0.00048028399841346103 0.03550000168615952
v 0.08086684801821509 0.0004793423343882504 0.035402456057747056
v 0.08065259172141737 0.001411346741000824 0.03530866027692481
v 0.08079642870334691 0.0009540683484240281 0.035402456057747056
v 0.08076852037682603 0.0009485174271970861 0.03530866027692481
v 0.08090000536842279 -6.365228200047922e-16 0.03550000168615952
v 0.08089039996025171 -6.356588734626118e-16 0.035402456057747056
v 0.08083853533376484 0.00047655346272906796 0.03530866027692481
v 0.0806083717486139 0.001397934145568533 0.03522221541808257
v 0.0801922645511155 0.0022408095470455303 0.03514644789739396
v 0.0804491615359737 0.0018429020326472811 0.03522221541808257
v 0.08079255297074095 0.00047202458239463396 0.03522221541808257
v 0.08054887009783851 0.0013798838317152784 0.03514644789739396
v 0.08072320940055278 0.0009395032971302661 0.03522221541808257
v 0.08066222001777312 0.0009273723208308091 0.03514644789739396
v 0.08086194231729849 -6.343624928633961e-16 0.03530866027692481
v 0.08081573870182268 -6.331714425102403e-16 0.03522221541808257
v 0.08039171219242469 0.0018191061883926496 0.03514644789739396
v 0.08073067094875874 0.00046592973895595927 0.03514644789739396
v 0.0796159782078254 0.002967555663870025 0.035084268329010904
v 0.07930769724835862 0.0033076936385523226 0.035084268329010904
v 0.07924657053647088 0.0032465690724318985 0.03503806089883765
v 0.08012543868124222 0.002205092773269607 0.035084268329010904
v 0.07988943860899766 0.002598838214334792 0.035084268329010904
v 0.0798175620797048 0.0025508128424095444 0.03503806089883765
v 0.07954915996734702 0.0029127165270489974 0.03503806089883765
v 0.07918024820666059 0.0031802448352728774 0.03500961088527932
v 0.07879133217256307 0.003401246232412336 0.035000001662410796
v 0.07947665019827799 0.0028532124920876978 0.03500961088527932
v 0.07973957440510215 0.0024987024063559404 0.03500961088527932
v 0.0799664878680284 0.0021201282554553225 0.03500961088527932
v 0.0800492057674651 0.0021643436983055653 0.03503806089883765
v 0.07940124888854427 0.002791330470105491 0.035000001662410796
v 0.0791112708474273 0.003111270098644092 0.035000001662410796
v 0.08032171249427567 0.0017901109115180114 0.035084268329010904
v 0.08047636795816437 0.0013578893591206093 0.035084268329010904
v 0.08024184798852918 0.0017570304513057217 0.03503806089883765
v 0.08065526200963014 0.00045850314887581345 0.035084268329010904
v 0.08039364242933278 0.0013327961601061755 0.03503806089883765
v 0.0805879097115092 0.0009125906662476452 0.035084268329010904
v 0.08050312424605632 0.000895726365672464 0.03503806089883765
v 0.08075355913343962 -6.321314215268853e-16 0.03514644789739396
v 0.08067779161275102 -6.312824369753959e-16 0.035084268329010904
v 0.0805692405822045 0.00045003019920693624 0.03503806089883765
v 0.08030388259840926 0.0013055685186609545 0.03500961088527932
v 0.07988045881120787 0.0020741456540128433 0.035000001662410796
v 0.08015519332132737 0.001721136055679931 0.03500961088527932
v 0.08047589493568097 0.0004408365399415255 0.03500961088527932
v 0.08021054458128063 0.0012772526155597347 0.035000001662410796
v 0.08041112900242897 0.0008774275600433382 0.03500961088527932
v 0.08031545639046289 0.0008583974649927287 0.035000001662410796
v 0.08059134293921133 -6.306571233427141e-16 0.03503806089883765
v 0.08049754715838908 -6.302795499182122e-16 0.03500961088527932
v 0.08006507490884385 0.0016838072146048433 0.035000001662410796
v 0.07965846630798801 0.0024445091454963763 0.035000001662410796
v 0.08037881851505446 0.0004312754478259448 0.035000001662410796
v 0.07642171841255152 0.004281737530947294 0.03500961088527932
v 0.0760000036098063 0.004208658418284328 0.03503806089883765
v 0.07642171841255152 -0.004281737530947294 0.03500961088527932
v 0.0760000036098063 -0.004302455152780937 0.03500961088527932
v 0.0760000036098063 -0.004208658418284328 0.03503806089883765
v 0.0772489431832879 0.004117192940764902 0.03500961088527932
v 0.07722171387291255 0.004027435017190106 0.03503806089883765
v 0.07682107145886352 0.00412779017027215 0.03503806089883765
v 0.0764125249917047 0.004188392838098132 0.03503806089883765
v 0.0768042104961486 0.004043008042679541 0.035084268329010904
v 0.0771966207931074 0.003944713779893139 0.035084268329010904
v 0.07640404873397788 0.004102365688626319 0.035084268329010904
v 0.0760000036098063 0.004122214989953632 0.035084268329010904
v 0.0760000036098063 -0.0040464469924278434 0.03514644789739396
v 0.07640404873397788 -0.004102365688626319 0.035084268329010904
v 0.0760000036098063 -0.004122214989953632 0.035084268329010904
v 0.07678942472884476 0.003968695352229712 0.03514644789739396
v 0.07639662533274638 0.0040269619947067015 0.03514644789739396
v 0.0760000036098063 0.0040464469924278434 0.03514644789739396
v 0.07677729399096389 0.0039077088304731444 0.03522221541808257
v 0.07717462524762908 0.003872208063940147 0.03514644789739396
v 0.0760000036098063 0.003984265278277471 0.03522221541808257
v 0.0764125249917047 -0.004188392838098132 0.03503806089883765
v 0.07802816380135358 0.003794426621418212 0.03500961088527932
v 0.07764648043361522 0.003974950263949534 0.03500961088527932
v 0.0776105841306407 0.003888293450980407 0.03503806089883765
v 0.07872945015058086 0.0033258427769113086 0.03500961088527932
v 0.07839031591816426 0.0035773605615323223 0.03500961088527932
v 0.07833820715104078 0.003499371694836717 0.03503806089883765
v 0.07866994849980546 0.0032533370609583168 0.03503806089883765
v 0.07904230111758892 0.0030422951235967166 0.03500961088527932
v 0.07798395145794501 0.0037117053841212444 0.03503806089883765
v 0.07757751070377683 0.0038084301373268736 0.035084268329010904
v 0.07754851137378616 0.003738429485503486 0.03514644789739396
v 0.0782901801101854 0.0034274965960554016 0.035084268329010904
v 0.07794320285981815 0.0036354691324838595 0.035084268329010904
v 0.07790748203292619 0.00356864755414521 0.03514644789739396
v 0.07861510840931007 0.003186515244201077 0.035084268329010904
v 0.07824808873855726 0.0033644975829770496 0.03514644789739396
v 0.07856704322148023 0.003127945571695656 0.03514644789739396
v 0.07715657409931076 0.0038127042673974376 0.03522221541808257
v 0.07638599758565956 0.003919097609700606 0.03530866027692481
v 0.07639052944622637 0.0039650799727244945 0.03522221541808257
v 0.0760000036098063 -0.003984265278277471 0.03522221541808257
v 0.0760000036098063 -0.003938060470708715 0.03530866027692481
v 0.07639052944622637 -0.0039650799727244945 0.03522221541808257
v 0.07714316162308776 0.003768488824547195 0.03530866027692481
v 0.07676828367559452 0.003862391655316544 0.03530866027692481
v 0.07676272947611196 0.003834485474562971 0.035402456057747056
v 0.07713489898841797 0.0037412611831019738 0.035402456057747056
v 0.0760000036098063 0.003938060470708715 0.03530866027692481
v 0.07638321285652339 0.0038907818258086813 0.035402456057747056
v 0.0760000036098063 0.003909607596127296 0.035402456057747056
v 0.07638321285652339 -0.0038907818258086813 0.035402456057747056
v 0.0760000036098063 -0.003909607596127296 0.035402456057747056
v 0.0760000036098063 -0.0039000002806074963 0.03550000168615952
v 0.07676085264496812 0.003825062695032161 0.03550000168615952
v 0.0760000036098063 0.0039000002806074963 0.03550000168615952
v 0.07638226681155658 0.003881220525076834 0.03550000168615952
v 0.07638599758565956 -0.003919097609700606 0.03530866027692481
v 0.0775070303537495 0.003638293439106044 0.03530866027692481
v 0.07752471529111293 0.0036809813340474284 0.03522221541808257
v 0.07787816989774488 0.0035138084173241824 0.03522221541808257
v 0.0774961432072363 0.003612006359000053 0.035402456057747056
v 0.07785639560471846 0.003473059342360141 0.03530866027692481
v 0.07821354283847892 0.003312795557968845 0.03522221541808257
v 0.07818786992466187 0.003274377501563397 0.03530866027692481
v 0.07852759162048528 0.0030798787149356743 0.03522221541808257
v 0.07784298312849547 0.003447966024136412 0.035402456057747056
v 0.07713211425928179 0.003732067523836563 0.03550000168615952
v 0.07749246583889757 0.0036031302732970893 0.03550000168615952
v 0.07783845126792865 0.0034394931042698584 0.03550000168615952
v 0.07817206181844227 0.0032507199400912123 0.035402456057747056
v 0.07816672887141163 0.0032427317252189947 0.03550000168615952
v 0.07847414007986053 0.003014740848682612 0.03550000168615952
v 0.07849827948530397 0.003044161941159751 0.03530866027692481
v 0.07848023596638054 0.003022167587774377 0.035402456057747056
v 0.07639662533274638 -0.0040269619947067015 0.03514644789739396
v 0.07897597115838373 0.0029759708864376955 0.03503806089883765
v 0.07932584757881056 0.0027294486865418743 0.03500961088527932
v 0.07891485207589088 0.0029148463203172714 0.035084268329010904
v 0.07925333780974153 0.0026699446515805747 0.03503806089883765
v 0.07957736584026875 0.002390315884636812 0.03500961088527932
v 0.07979442975438733 0.0020281632909889546 0.03500961088527932
v 0.0794993781656661 0.0023382054485832082 0.03503806089883765
v 0.07886127083555294 0.0028612700867697294 0.03514644789739396
v 0.07881730263278097 0.002817301168741987 0.03522221541808257
v 0.07918651956926315 0.002615105514759547 0.035084268329010904
v 0.07912794870466477 0.002567038657999565 0.03514644789739396
v 0.07942750163637324 0.0022901800766579605 0.035084268329010904
v 0.07936449809334167 0.0022480853671695555 0.03514644789739396
v 0.07971171185495063 0.001983947848138712 0.03503806089883765
v 0.07963547131177862 0.0019431987731746703 0.035084268329010904
v 0.07907988351683493 0.0025275911101206583 0.03522221541808257
v 0.07997495649636033 0.0016464782543204604 0.03500961088527932
v 0.07988829419976362 0.0016105838586946697 0.03503806089883765
v 0.0802197914078917 0.0008393673103374716 0.03500961088527932
v 0.0801171989347571 0.0012489368316678101 0.03500961088527932
v 0.08002743910383359 0.0012217090710132938 0.03503806089883765
v 0.08028174209442795 0.00042171432590804026 0.03500961088527932
v 0.08012779616426435 0.0008210685643129934 0.03503806089883765
v 0.07980843732341203 0.00157750339848238 0.035084268329010904
v 0.07973842999586811 0.0015485081216077418 0.03514644789739396
v 0.07956865307130023 0.0019074817609801564 0.03514644789739396
v 0.07951381298080484 0.0018781697450081375 0.03522221541808257
v 0.08004301069881148 0.0008042042637378122 0.035084268329010904
v 0.07994472120439688 0.00119661587199886 0.035084268329010904
v 0.07987221143532786 0.0011746215186134862 0.03514644789739396
v 0.08018839644790443 0.00041252066664262954 0.03503806089883765
v 0.0801023673910839 0.00040404774677607613 0.035084268329010904
v 0.07996870039254755 0.0007894226091546483 0.03514644789739396
v 0.07931280131354246 0.002213539228672623 0.03522221541808257
v 0.07878463356384646 0.002784629238784392 0.03530866027692481
v 0.07876451484951197 0.002764510047612717 0.035402456057747056
v 0.07904416268994297 0.002498278974939344 0.03530866027692481
v 0.07927437968085815 0.002187869175878654 0.03530866027692481
v 0.07925072092729302 0.00217206154649624 0.035402456057747056
v 0.07947306438267798 0.0018563887762611947 0.03530866027692481
v 0.07944797130287284 0.0018429761808289036 0.035402456057747056
v 0.07902217477385953 0.002480228780295385 0.035402456057747056
v 0.07875771705866175 0.0027577165482971233 0.03550000168615952
v 0.07924273295083939 0.002166724069512377 0.03550000168615952
v 0.07901474374323314 0.0024741338474497387 0.03550000168615952
v 0.07943949504514602 0.0018384474197037648 0.03550000168615952
v 0.079680988281714 0.0015247123965624054 0.03522221541808257
v 0.07963829418788926 0.0015070304394313588 0.03530866027692481
v 0.07981270978455246 0.0011565712047602317 0.03522221541808257
v 0.0799077110097679 0.0007772916328551913 0.03522221541808257
v 0.079768489811749 0.0011431586093279406 0.03530866027692481
v 0.07986239240409976 0.0007682775027883712 0.03530866027692481
v 0.08002696608135018 0.0003966211566959303 0.03514644789739396
v 0.07996508405936797 0.0003905263132572556 0.03522221541808257
v 0.07961201092248071 0.001496141981615906 0.035402456057747056
v 0.07974126813076854 0.0011348991933091135 0.035402456057747056
v 0.07973207470992172 0.0011321102918476073 0.03550000168615952
v 0.07960313030682453 0.0014924654477422444 0.03550000168615952
v 0.07983449170697376 0.0007627265815614293 0.035402456057747056
v 0.07982506940428014 0.0007608523134174441 0.03550000168615952
v 0.07988122175069723 0.00038226686743610475 0.03550000168615952
v 0.07989078901189384 0.0003832085612636392 0.035402456057747056
v 0.07991910169634409 0.0003859974329228216 0.03530866027692481
v 0.07643127804435323 -0.0043788129978994395 0.035000001662410796
v 0.0808764076500168 -0.00048028399841346103 0.03550000168615952
v 0.08086684801821509 -0.0004793423343882504 0.035402456057747056
v 0.08083853533376484 -0.00047655346272906796 0.03530866027692481
v 0.08080585100604054 -0.0009559426165680132 0.03550000168615952
v 0.08068901445263954 -0.0014223949392718621 0.03550000168615952
v 0.08079642870334691 -0.0009540683484240281 0.035402456057747056
v 0.08067982103179272 -0.001419606157019651 0.035402456057747056
v 0.08065259172141737 -0.001411346741000824 0.03530866027692481
v 0.08052701188146827 -0.001875148862258147 0.03550000168615952
v 0.08076852037682603 -0.0009485174271970861 0.03530866027692481
v 0.08079255297074095 -0.00047202458239463396 0.03522221541808257
v 0.08073067094875874 -0.00046592973895595927 0.03514644789739396
v 0.08072320940055278 -0.0009395032971302661 0.03522221541808257
v 0.08066222001777312 -0.0009273723208308091 0.03514644789739396
v 0.08054887009783851 -0.0013798838317152784 0.03514644789739396
v 0.0806083717486139 -0.001397934145568533 0.03522221541808257
v 0.0805879097115092 -0.0009125906662476452 0.035084268329010904
v 0.08065526200963014 -0.00045850314887581345 0.035084268329010904
v 0.08032141494787481 -0.0023098441267405123 0.03550000168615952
v 0.08051813889520698 -0.0018714723283844853 0.035402456057747056
v 0.08049184800040354 -0.0018605838705690325 0.03530866027692481
v 0.08031294631954289 -0.002305315127196783 0.035402456057747056
v 0.08007420729453152 -0.002722294221480376 0.03550000168615952
v 0.07978775403385541 -0.0031085273311798334 0.03550000168615952
v 0.08006621931807789 -0.0027169567444965126 0.035402456057747056
v 0.08028785323973775 -0.002291902650973787 0.03530866027692481
v 0.07978033063262391 -0.0031024323983341873 0.035402456057747056
v 0.08004256056451275 -0.0027011491151140987 0.03530866027692481
v 0.07946482463619287 -0.0034648234105724707 0.03550000168615952
v 0.07975833508714558 -0.0030843819652716375 0.03530866027692481
v 0.08024710464161089 -0.0022701216822268444 0.03522221541808257
v 0.0804491615359737 -0.0018429020326472811 0.03522221541808257
v 0.07972261426025362 -0.003055070068508914 0.03522221541808257
v 0.0801922645511155 -0.0022408095470455303 0.03514644789739396
v 0.08000413893182845 -0.0026754790623201297 0.03522221541808257
v 0.07995244215202923 -0.002640932923823197 0.03514644789739396
v 0.07943791576040304 -0.003437910720085202 0.03530866027692481
v 0.07940523906207364 -0.003405238790127607 0.03522221541808257
v 0.08039171219242469 -0.0018191061883926496 0.03514644789739396
v 0.07945803447473754 -0.003458029911256877 0.035402456057747056
v 0.07967454907242377 -0.003015622520630007 0.03514644789739396
v 0.0805692405822045 -0.00045003019920693624 0.03503806089883765
v 0.08047589493568097 -0.0004408365399415255 0.03500961088527932
v 0.08050312424605632 -0.000895726365672464 0.03503806089883765
v 0.08047636795816437 -0.0013578893591206093 0.035084268329010904
v 0.08039364242933278 -0.0013327961601061755 0.03503806089883765
v 0.08032171249427567 -0.0017901109115180114 0.035084268329010904
v 0.08041112900242897 -0.0008774275600433382 0.03500961088527932
v 0.08037881851505446 -0.0004312754478259448 0.035000001662410796
v 0.08040000534467406 -6.301641365914693e-16 0.035000001662410796
v 0.08030245590156415 -6.303153828017148e-16 0.03500961088527932
v 0.08030388259840926 -0.0013055685186609545 0.03500961088527932
v 0.08031545639046289 -0.0008583974649927287 0.035000001662410796
v 0.08021054458128063 -0.0012772526155597347 0.035000001662410796
v 0.0802197914078917 -0.0008393673103374716 0.03500961088527932
v 0.08024184798852918 -0.0017570304513057217 0.03503806089883765
v 0.08015519332132737 -0.001721136055679931 0.03500961088527932
v 0.08028174209442795 -0.00042171432590804026 0.03500961088527932
v 0.08012543868124222 -0.002205092773269607 0.035084268329010904
v 0.0800492057674651 -0.0021643436983055653 0.03503806089883765
v 0.0796159782078254 -0.002967555663870025 0.035084268329010904
v 0.07988943860899766 -0.002598838214334792 0.035084268329010904
v 0.0798175620797048 -0.0025508128424095444 0.03503806089883765
v 0.07936127085930167 -0.003361270110518455 0.03514644789739396
v 0.07930769724835862 -0.0033076936385523226 0.035084268329010904
v 0.07954915996734702 -0.0029127165270489974 0.03503806089883765
v 0.0799664878680284 -0.0021201282554553225 0.03500961088527932
v 0.07988045881120787 -0.0020741456540128433 0.035000001662410796
v 0.08006507490884385 -0.0016838072146048433 0.035000001662410796
v 0.07997495649636033 -0.0016464782543204604 0.03500961088527932
v 0.07973957440510215 -0.0024987024063559404 0.03500961088527932
v 0.07965846630798801 -0.0024445091454963763 0.035000001662410796
v 0.07940124888854427 -0.002791330470105491 0.035000001662410796
v 0.07947665019827799 -0.0028532124920876978 0.03500961088527932
v 0.07957736584026875 -0.002390315884636812 0.03500961088527932
v 0.07979442975438733 -0.0020281632909889546 0.03500961088527932
v 0.0801171989347571 -0.0012489368316678101 0.03500961088527932
v 0.0791085318946605 -0.0037877513777234695 0.03550000168615952
v 0.07910243600814049 -0.003780324877050295 0.035402456057747056
v 0.07908438485982217 -0.003758330523664921 0.03530866027692481
v 0.07872230140756553 -0.004074201300539315 0.03550000168615952
v 0.07830984869022117 -0.0043214141990916 0.03550000168615952
v 0.07871696083113999 -0.004066212847248507 0.035402456057747056
v 0.07830531682965436 -0.0043129412792250466 0.035402456057747056
v 0.07829190435343136 -0.004287848199419908 0.03530866027692481
v 0.07787515628676189 -0.004527009702173512 0.03550000168615952
v 0.0787011527249204 -0.004042555524194913 0.03530866027692481
v 0.07905507272464085 -0.0037226135114704073 0.03522221541808257
v 0.0790156287530408 -0.0036745466547104255 0.03514644789739396
v 0.07867547981110334 -0.004004137229370874 0.03522221541808257
v 0.078640933911025 -0.00395243544278126 0.03514644789739396
v 0.07824081029582874 -0.004192259987634839 0.03514644789739396
v 0.07827012243101006 -0.0042470991244558665 0.03522221541808257
v 0.07859884253939686 -0.0038894364297029083 0.035084268329010904
v 0.07896755593581606 -0.0036159769822050047 0.035084268329010904
v 0.0774223974761945 -0.004689007981810156 0.03550000168615952
v 0.07787147891842316 -0.004518133854889139 0.035402456057747056
v 0.07786058414251507 -0.004491846774783148 0.03530866027692481
v 0.07741961274705833 -0.004679814084126155 0.035402456057747056
v 0.07695594390179306 -0.004805847873071423 0.03550000168615952
v 0.07695407470004412 -0.004796425570377794 0.035402456057747056
v 0.07741135011238853 -0.004652586681099524 0.03530866027692481
v 0.07694852050056156 -0.00476851915120563 0.03530866027692481
v 0.07739793763616554 -0.004608370999830691 0.03522221541808257
v 0.07784290683454653 -0.004449158879841764 0.03522221541808257
v 0.07737988648784722 -0.004548866964869391 0.03514644789739396
v 0.07693951018519218 -0.00472320197604903 0.03522221541808257
v 0.07692737944731132 -0.004662215454292462 0.03514644789739396
v 0.07781911075187331 -0.004391710966804296 0.03514644789739396
v 0.07891272347471556 -0.0035491554038663553 0.03503806089883765
v 0.07924657053647088 -0.0032465690724318985 0.03503806089883765
v 0.07918024820666059 -0.0031802448352728774 0.03500961088527932
v 0.07820509709833168 -0.004125438409296189 0.035084268329010904
v 0.07855081549854148 -0.0038175613309215928 0.03503806089883765
v 0.07816434850020482 -0.004049202157658804 0.03503806089883765
v 0.07779011142188264 -0.004321710314980909 0.035084268329010904
v 0.07885321419454527 -0.0034766496879133635 0.03500961088527932
v 0.0791112708474273 -0.003111270098644092 0.035000001662410796
v 0.07904230111758892 -0.0030422951235967166 0.03500961088527932
v 0.07879133217256307 -0.003401246232412336 0.035000001662410796
v 0.07849870673141801 -0.003739572225807397 0.03500961088527932
v 0.07844451513948858 -0.003658466512879155 0.035000001662410796
v 0.07807414616437747 -0.0038804537708900244 0.035000001662410796
v 0.07812012852740136 -0.003966480920361837 0.03500961088527932
v 0.07839031591816426 -0.0035773605615323223 0.03500961088527932
v 0.07872945015058086 -0.0033258427769113086 0.03500961088527932
v 0.07735789094236889 -0.00447636148733499 0.035084268329010904
v 0.07775703036562387 -0.004241846762908785 0.03503806089883765
v 0.07733279786256375 -0.004393640250038022 0.03503806089883765
v 0.07691259368000747 -0.004587903240679814 0.035084268329010904
v 0.07689573271729255 -0.004503120636250024 0.03503806089883765
v 0.0773055685521884 -0.004303882803300407 0.03500961088527932
v 0.07772114169204425 -0.004155190188358249 0.03500961088527932
v 0.07727725586773815 -0.004210537633614064 0.035000001662410796
v 0.07687742979894274 -0.004411126346297034 0.03500961088527932
v 0.07685840208807804 -0.0043154556416796774 0.035000001662410796
v 0.07768381106282973 -0.0040650703453631865 0.035000001662410796
v 0.07932584757881056 -0.0027294486865418743 0.03500961088527932
v 0.0802086601207419 -6.307274338569393e-16 0.03503806089883765
v 0.08012221907659711 -6.313845146147838e-16 0.035084268329010904
v 0.08018839644790443 -0.00041252066664262954 0.03503806089883765
v 0.08012779616426435 -0.0008210685643129934 0.03503806089883765
v 0.08002743910383359 -0.0012217090710132938 0.03503806089883765
v 0.0801023673910839 -0.00040404774677607613 0.035084268329010904
v 0.0800464515559085 -6.322613089533184e-16 0.03514644789739396
v 0.07998427198752545 -6.333241523934882e-16 0.03522221541808257
v 0.08002696608135018 -0.0003966211566959303 0.03514644789739396
v 0.08004301069881148 -0.0008042042637378122 0.035084268329010904
v 0.07996870039254755 -0.0007894226091546483 0.03514644789739396
v 0.07987221143532786 -0.0011746215186134862 0.03514644789739396
v 0.07994472120439688 -0.00119661587199886 0.035084268329010904
v 0.0799077110097679 -0.0007772916328551913 0.03522221541808257
v 0.07996508405936797 -0.0003905263132572556 0.03522221541808257
v 0.07971171185495063 -0.001983947848138712 0.03503806089883765
v 0.07988829419976362 -0.0016105838586946697 0.03503806089883765
v 0.07980843732341203 -0.00157750339848238 0.035084268329010904
v 0.07925333780974153 -0.0026699446515805747 0.03503806089883765
v 0.0794993781656661 -0.0023382054485832082 0.03503806089883765
v 0.07942750163637324 -0.0022901800766579605 0.035084268329010904
v 0.07918651956926315 -0.002615105514759547 0.035084268329010904
v 0.07897597115838373 -0.0029759708864376955 0.03503806089883765
v 0.07963547131177862 -0.0019431987731746703 0.035084268329010904
v 0.07973842999586811 -0.0015485081216077418 0.03514644789739396
v 0.079680988281714 -0.0015247123965624054 0.03522221541808257
v 0.07956865307130023 -0.0019074817609801564 0.03514644789739396
v 0.07936449809334167 -0.0022480853671695555 0.03514644789739396
v 0.07912794870466477 -0.002567038657999565 0.03514644789739396
v 0.07931280131354246 -0.002213539228672623 0.03522221541808257
v 0.07951381298080484 -0.0018781697450081375 0.03522221541808257
v 0.07891485207589088 -0.0029148463203172714 0.035084268329010904
v 0.07981270978455246 -0.0011565712047602317 0.03522221541808257
v 0.07993806074265475 -6.345322247215606e-16 0.03530866027692481
v 0.07990961072909641 -6.358390678722377e-16 0.035402456057747056
v 0.07991910169634409 -0.0003859974329228216 0.03530866027692481
v 0.07986239240409976 -0.0007682775027883712 0.03530866027692481
v 0.079768489811749 -0.0011431586093279406 0.03530866027692481
v 0.07989078901189384 -0.0003832085612636392 0.035402456057747056
v 0.07990000532092534 -6.368060678358075e-16 0.03550000168615952
v 0.07988122175069723 -0.00038226686743610475 0.03550000168615952
v 0.07983449170697376 -0.0007627265815614293 0.035402456057747056
v 0.07982506940428014 -0.0007608523134174441 0.03550000168615952
v 0.07973207470992172 -0.0011321102918476073 0.03550000168615952
v 0.07974126813076854 -0.0011348991933091135 0.035402456057747056
v 0.07947306438267798 -0.0018563887762611947 0.03530866027692481
v 0.07963829418788926 -0.0015070304394313588 0.03530866027692481
v 0.07961201092248071 -0.001496141981615906 0.035402456057747056
v 0.07907988351683493 -0.0025275911101206583 0.03522221541808257
v 0.07927437968085815 -0.002187869175878654 0.03530866027692481
v 0.07904416268994297 -0.002498278974939344 0.03530866027692481
v 0.07902217477385953 -0.002480228780295385 0.035402456057747056
v 0.07925072092729302 -0.00217206154649624 0.035402456057747056
v 0.07886127083555294 -0.0028612700867697294 0.03514644789739396
v 0.07881730263278097 -0.002817301168741987 0.03522221541808257
v 0.07944797130287284 -0.0018429761808289036 0.035402456057747056
v 0.07960313030682453 -0.0014924654477422444 0.03550000168615952
v 0.07943949504514602 -0.0018384474197037648 0.03550000168615952
v 0.07924273295083939 -0.002166724069512377 0.03550000168615952
v 0.07901474374323314 -0.0024741338474497387 0.03550000168615952
v 0.07866994849980546 -0.0032533370609583168 0.03503806089883765
v 0.07861510840931007 -0.003186515244201077 0.035084268329010904
v 0.07833820715104078 -0.003499371694836717 0.03503806089883765
v 0.07802816380135358 -0.003794426621418212 0.03500961088527932
v 0.07798395145794501 -0.0037117053841212444 0.03503806089883765
v 0.07764648043361522 -0.003974950263949534 0.03500961088527932
v 0.0782901801101854 -0.0034274965960554016 0.035084268329010904
v 0.07856704322148023 -0.003127945571695656 0.03514644789739396
v 0.07852759162048528 -0.0030798787149356743 0.03522221541808257
v 0.07824808873855726 -0.0033644975829770496 0.03514644789739396
v 0.07794320285981815 -0.0036354691324838595 0.035084268329010904
v 0.07790748203292619 -0.00356864755414521 0.03514644789739396
v 0.07757751070377683 -0.0038084301373268736 0.035084268329010904
v 0.07754851137378616 -0.003738429485503486 0.03514644789739396
v 0.07787816989774488 -0.0035138084173241824 0.03522221541808257
v 0.0776105841306407 -0.003888293450980407 0.03503806089883765
v 0.07821354283847892 -0.003312795557968845 0.03522221541808257
v 0.0772489431832879 -0.004117192940764902 0.03500961088527932
v 0.07722171387291255 -0.004027435017190106 0.03503806089883765
v 0.07683937437721333 -0.00421978446022514 0.03500961088527932
v 0.07682107145886352 -0.00412779017027215 0.03503806089883765
v 0.0771966207931074 -0.003944713779893139 0.035084268329010904
v 0.07717462524762908 -0.003872208063940147 0.03514644789739396
v 0.0768042104961486 -0.004043008042679541 0.035084268329010904
v 0.07678942472884476 -0.003968695352229712 0.03514644789739396
v 0.07715657409931076 -0.0038127042673974376 0.03522221541808257
v 0.07752471529111293 -0.0036809813340474284 0.03522221541808257
v 0.07849827948530397 -0.003044161941159751 0.03530866027692481
v 0.07878463356384646 -0.002784629238784392 0.03530866027692481
v 0.07876451484951197 -0.002764510047612717 0.035402456057747056
v 0.07785639560471846 -0.003473059342360141 0.03530866027692481
v 0.07818786992466187 -0.003274377501563397 0.03530866027692481
v 0.07817206181844227 -0.0032507199400912123 0.035402456057747056
v 0.07784298312849547 -0.003447966024136412 0.035402456057747056
v 0.0775070303537495 -0.003638293439106044 0.03530866027692481
v 0.07848023596638054 -0.003022167587774377 0.035402456057747056
v 0.07875771705866175 -0.0027577165482971233 0.03550000168615952
v 0.07847414007986053 -0.003014740848682612 0.03550000168615952
v 0.07816672887141163 -0.0032427317252189947 0.03550000168615952
v 0.07783845126792865 -0.0034394931042698584 0.03550000168615952
v 0.07749246583889757 -0.0036031302732970893 0.03550000168615952
v 0.0774961432072363 -0.003612006359000053 0.035402456057747056
v 0.07714316162308776 -0.003768488824547195 0.03530866027692481
v 0.07713489898841797 -0.0037412611831019738 0.035402456057747056
v 0.07677729399096389 -0.0039077088304731444 0.03522221541808257
v 0.07676828367559452 -0.003862391655316544 0.03530866027692481
v 0.07676272947611196 -0.003834485474562971 0.035402456057747056
v 0.07713211425928179 -0.003732067523836563 0.03550000168615952
v 0.07676085264496812 -0.003825062695032161 0.03550000168615952
v 0.07638226681155658 -0.003881220525076834 0.03550000168615952
v 0.0760000036098063 -0.004900000328104948 0.03550000168615952
v 0.0755197179424627 -0.004876405470722045 0.03550000168615952
v 0.07552066398742951 -0.004866844408408788 0.035402456057747056
v 0.07504406331781954 -0.004805847873071423 0.03550000168615952
v 0.0745776097434181 -0.004689007981810156 0.03550000168615952
v 0.07504593251956848 -0.004796425570377794 0.035402456057747056
v 0.07458039447255427 -0.004679814084126155 0.035402456057747056
v 0.07458865710722407 -0.004652586681099524 0.03530866027692481
v 0.0741248509328507 -0.004527009702173512 0.03550000168615952
v 0.07505148671905104 -0.00476851915120563 0.03530866027692481
v 0.07552344871656569 -0.004838528386098273 0.03530866027692481
v 0.0755279805771325 -0.004792546023074384 0.03522221541808257
v 0.07460206958344706 -0.004608370999830691 0.03522221541808257
v 0.07506049703442041 -0.00472320197604903 0.03522221541808257
v 0.07507262777230128 -0.004662215454292462 0.03514644789739396
v 0.07553407646365251 -0.0047306640010921774 0.03514644789739396
v 0.07412852830118943 -0.004518133854889139 0.035402456057747056
v 0.07413942307709753 -0.004491846774783148 0.03530866027692481
v 0.07369015852939143 -0.0043214141990916 0.03550000168615952
v 0.07369469038995824 -0.0043129412792250466 0.035402456057747056
v 0.07370810286618124 -0.004287848199419908 0.03530866027692481
v 0.0732830463884726 -0.004066212847248507 0.035402456057747056
v 0.07327770581204707 -0.004074201300539315 0.03550000168615952
v 0.0728914753249521 -0.0037877513777234695 0.03550000168615952
v 0.07289757121147211 -0.003780324877050295 0.035402456057747056
v 0.07253518258341973 -0.0034648234105724707 0.03550000168615952
v 0.07254197274487506 -0.003458029911256877 0.035402456057747056
v 0.07256209145920955 -0.003437910720085202 0.03530866027692481
v 0.07291562235979043 -0.003758330523664921 0.03530866027692481
v 0.0732988544946922 -0.004042555524194913 0.03530866027692481
v 0.07372988478860254 -0.0042470991244558665 0.03522221541808257
v 0.07462012073176538 -0.004548866964869391 0.03514644789739396
v 0.07415710038506607 -0.004449158879841764 0.03522221541808257
v 0.07294493449497175 -0.0037226135114704073 0.03522221541808257
v 0.07375919692378385 -0.004192259987634839 0.03514644789739396
v 0.07332452740850925 -0.004004137229370874 0.03522221541808257
v 0.0733590733085876 -0.00395243544278126 0.03514644789739396
v 0.07259476815753896 -0.003405238790127607 0.03522221541808257
v 0.07418089646773929 -0.004391710966804296 0.03514644789739396
v 0.07263873636031093 -0.003361270110518455 0.03514644789739396
v 0.0729843784665718 -0.0036745466547104255 0.03514644789739396
v 0.07554149986488401 -0.0046552603071725596 0.035084268329010904
v 0.07554997612261083 -0.004569233157700747 0.03503806089883765
v 0.07508741353960513 -0.004587903240679814 0.035084268329010904
v 0.07510427450232005 -0.004503120636250024 0.03503806089883765
v 0.07464211627724371 -0.00447636148733499 0.035084268329010904
v 0.07420989579772996 -0.004321710314980909 0.035084268329010904
v 0.07466720935704885 -0.004393640250038022 0.03503806089883765
v 0.07555916954345765 -0.004475888464851585 0.03500961088527932
v 0.07556872917525936 -0.0043788129978994395 0.035000001662410796
v 0.07512257742066986 -0.004411126346297034 0.03500961088527932
v 0.07514160513153456 -0.0043154556416796774 0.035000001662410796
v 0.0746944386674242 -0.004303882803300407 0.03500961088527932
v 0.07472275135187445 -0.004210537633614064 0.035000001662410796
v 0.07424297685398873 -0.004241846762908785 0.03503806089883765
v 0.07427886552756835 -0.004155190188358249 0.03500961088527932
v 0.07516063284239927 -0.00421978446022514 0.03500961088527932
v 0.07379491012128092 -0.004125438409296189 0.035084268329010904
v 0.07383565871940778 -0.004049202157658804 0.03503806089883765
v 0.07303245128379654 -0.0036159769822050047 0.035084268329010904
v 0.07340116468021574 -0.0038894364297029083 0.035084268329010904
v 0.07344919172107112 -0.0038175613309215928 0.03503806089883765
v 0.07269230997125398 -0.0033076936385523226 0.035084268329010904
v 0.07308728374489704 -0.0035491554038663553 0.03503806089883765
v 0.07387987869221124 -0.003966480920361837 0.03500961088527932
v 0.07392586105523513 -0.0038804537708900244 0.035000001662410796
v 0.07431619615678287 -0.0040650703453631865 0.035000001662410796
v 0.07435352678599738 -0.003974950263949534 0.03500961088527932
v 0.07314679302506732 -0.0034766496879133635 0.03500961088527932
v 0.07350130048819459 -0.003739572225807397 0.03500961088527932
v 0.07355549208012402 -0.003658466512879155 0.035000001662410796
v 0.07275343668314171 -0.0032465690724318985 0.03503806089883765
v 0.07281975901295201 -0.0031802448352728774 0.03500961088527932
v 0.07320867504704953 -0.003401246232412336 0.035000001662410796
v 0.0747510640363247 -0.004117192940764902 0.03500961088527932
v 0.07221225318575719 -0.0031085273311798334 0.03550000168615952
v 0.07192579992508108 -0.002722294221480376 0.03550000168615952
v 0.07221967658698869 -0.0031024323983341873 0.035402456057747056
v 0.07224167213246702 -0.0030843819652716375 0.03530866027692481
v 0.07193378790153471 -0.0027169567444965126 0.035402456057747056
v 0.07167859227173778 -0.0023098441267405123 0.03550000168615952
v 0.07147299533814433 -0.001875148862258147 0.03550000168615952
v 0.07168706090006971 -0.002305315127196783 0.035402456057747056
v 0.07171215397987485 -0.002291902650973787 0.03530866027692481
v 0.07148186832440562 -0.0018714723283844853 0.035402456057747056
v 0.07195744665509984 -0.0027011491151140987 0.03530866027692481
v 0.07227739295935898 -0.003055070068508914 0.03522221541808257
v 0.07232545814718883 -0.003015622520630007 0.03514644789739396
v 0.07199586828778415 -0.0026754790623201297 0.03522221541808257
v 0.07175290257800171 -0.0022701216822268444 0.03522221541808257
v 0.0715508456836389 -0.0018429020326472811 0.03522221541808257
v 0.07150815921920906 -0.0018605838705690325 0.03530866027692481
v 0.0718077426684971 -0.0022408095470455303 0.03514644789739396
v 0.07204756506758336 -0.002640932923823197 0.03514644789739396
v 0.07131099276697306 -0.0014223949392718621 0.03550000168615952
v 0.07119415621357206 -0.0009559426165680132 0.03550000168615952
v 0.07132018618781988 -0.001419606157019651 0.035402456057747056
v 0.07134741549819523 -0.001411346741000824 0.03530866027692481
v 0.07120357851626569 -0.0009540683484240281 0.035402456057747056
v 0.0711235995695958 -0.00048028399841346103 0.03550000168615952
v 0.07110000185118981 -6.388109745883957e-16 0.03550000168615952
v 0.07113315920139751 -0.0004793423343882504 0.035402456057747056
v 0.07123148684278657 -0.0009485174271970861 0.03530866027692481
v 0.07110960725936089 -6.35770817342238e-16 0.035402456057747056
v 0.07116147188584776 -0.00047655346272906796 0.03530866027692481
v 0.0711235995695958 0.00048028399841346103 0.03550000168615952
v 0.07113806490231411 -6.344737862216879e-16 0.03530866027692481
v 0.07127679781905982 -0.0009395032971302661 0.03522221541808257
v 0.0713916354709987 -0.001397934145568533 0.03522221541808257
v 0.07145113712177409 -0.0013798838317152784 0.03514644789739396
v 0.07118426851778992 -6.332816516663081e-16 0.03522221541808257
v 0.07120745424887165 -0.00047202458239463396 0.03522221541808257
v 0.07126933627085386 -0.00046592973895595927 0.03514644789739396
v 0.07124644808617298 -6.322402212200619e-16 0.03514644789739396
v 0.07116147188584776 0.00047655346272906796 0.03530866027692481
v 0.07120745424887165 0.00047202458239463396 0.03522221541808257
v 0.07133778720183948 -0.0009273723208308091 0.03514644789739396
v 0.07113315920139751 0.0004793423343882504 0.035402456057747056
v 0.07160829502718791 -0.0018191061883926496 0.03514644789739396
v 0.0723840290117872 -0.002967555663870025 0.035084268329010904
v 0.07245084725226558 -0.0029127165270489974 0.03503806089883765
v 0.07211056861061493 -0.002598838214334792 0.035084268329010904
v 0.07187456853837038 -0.002205092773269607 0.035084268329010904
v 0.07167829472533693 -0.0017901109115180114 0.035084268329010904
v 0.07218244513990779 -0.0025508128424095444 0.03503806089883765
v 0.07252335702133461 -0.0028532124920876978 0.03500961088527932
v 0.07288873637218529 -0.003111270098644092 0.035000001662410796
v 0.07226043281451044 -0.0024987024063559404 0.03500961088527932
v 0.0719508014521475 -0.0021643436983055653 0.03503806089883765
v 0.0720335193515842 -0.0021201282554553225 0.03500961088527932
v 0.07184481389828523 -0.001721136055679931 0.03500961088527932
v 0.07175815923108342 -0.0017570304513057217 0.03503806089883765
v 0.07234154091162459 -0.0024445091454963763 0.035000001662410796
v 0.07259875833106832 -0.002791330470105491 0.035000001662410796
v 0.0714120975081034 -0.0009125906662476452 0.035084268329010904
v 0.07152363926144822 -0.0013578893591206093 0.035084268329010904
v 0.07160636479027982 -0.0013327961601061755 0.03503806089883765
v 0.07132221560686158 -6.313895019450141e-16 0.035084268329010904
v 0.07134474520998246 -0.00045850314887581345 0.035084268329010904
v 0.0714307666374081 -0.00045003019920693624 0.03503806089883765
v 0.07140866428040127 -6.307622367483292e-16 0.03503806089883765
v 0.07126933627085386 0.00046592973895595927 0.03514644789739396
v 0.07134474520998246 0.00045850314887581345 0.035084268329010904
v 0.07149688297355627 -0.000895726365672464 0.03503806089883765
v 0.07169612462120334 -0.0013055685186609545 0.03500961088527932
v 0.07193493231076875 -0.0016838072146048433 0.035000001662410796
v 0.07158887821718363 -0.0008774275600433382 0.03500961088527932
v 0.07152411228393163 -0.0004408365399415255 0.03500961088527932
v 0.07150246006122352 -6.303824407092681e-16 0.03500961088527932
v 0.07160000187493853 -6.302648047679661e-16 0.035000001662410796
v 0.0716845508291497 -0.0008583974649927287 0.035000001662410796
v 0.07178946263833197 -0.0012772526155597347 0.035000001662410796
v 0.0714307666374081 0.00045003019920693624 0.03503806089883765
v 0.07211954840840473 -0.0020741456540128433 0.035000001662410796
v 0.07162118870455814 -0.0004312754478259448 0.035000001662410796
v 0.07557828880706108 -0.004281737530947294 0.03500961088527932
v 0.0755874822279079 -0.004188392838098132 0.03503806089883765
v 0.07517893576074908 -0.00412779017027215 0.03503806089883765
v 0.07477829334670005 -0.004027435017190106 0.03503806089883765
v 0.0743894230889719 -0.003888293450980407 0.03503806089883765
v 0.07519579672346399 -0.004043008042679541 0.035084268329010904
v 0.07559595848563472 -0.004102365688626319 0.035084268329010904
v 0.07560338188686622 -0.0040269619947067015 0.03514644789739396
v 0.07521058249076784 -0.003968695352229712 0.03514644789739396
v 0.07480338642650519 -0.003944713779893139 0.035084268329010904
v 0.07482538197198352 -0.003872208063940147 0.03514644789739396
v 0.07445149584582644 -0.003738429485503486 0.03514644789739396
v 0.07442249651583577 -0.0038084301373268736 0.035084268329010904
v 0.07484343312030184 -0.0038127042673974376 0.03522221541808257
v 0.07522271322864871 -0.0039077088304731444 0.03522221541808257
v 0.07360969130144834 -0.0035773605615323223 0.03500961088527932
v 0.07401605576166759 -0.0037117053841212444 0.03503806089883765
v 0.07397184341825902 -0.003794426621418212 0.03500961088527932
v 0.07295770610202368 -0.0030422951235967166 0.03500961088527932
v 0.07366180006857181 -0.003499371694836717 0.03503806089883765
v 0.07327055706903174 -0.0033258427769113086 0.03500961088527932
v 0.07333005871980713 -0.0032533370609583168 0.03503806089883765
v 0.07267415964080204 -0.0027294486865418743 0.03500961088527932
v 0.07302403606122887 -0.0029759708864376955 0.03503806089883765
v 0.07405680435979445 -0.0036354691324838595 0.035084268329010904
v 0.07409252518668641 -0.00356864755414521 0.03514644789739396
v 0.0737098271094272 -0.0034274965960554016 0.035084268329010904
v 0.07338489881030252 -0.003186515244201077 0.035084268329010904
v 0.07308515514372171 -0.0029148463203172714 0.035084268329010904
v 0.07313873638405965 -0.0028612700867697294 0.03514644789739396
v 0.07375191848105533 -0.0033644975829770496 0.03514644789739396
v 0.07343296399813237 -0.003127945571695656 0.03514644789739396
v 0.07274666940987107 -0.0026699446515805747 0.03503806089883765
v 0.07447529192849967 -0.0036809813340474284 0.03522221541808257
v 0.07560947777338622 -0.0039650799727244945 0.03522221541808257
v 0.07561400963395304 -0.003919097609700606 0.03530866027692481
v 0.07523172354401808 -0.003862391655316544 0.03530866027692481
v 0.07485684559652483 -0.003768488824547195 0.03530866027692481
v 0.07486510823119463 -0.0037412611831019738 0.035402456057747056
v 0.07449297686586309 -0.003638293439106044 0.03530866027692481
v 0.0745038640123763 -0.003612006359000053 0.035402456057747056
v 0.07523727774350064 -0.003834485474562971 0.035402456057747056
v 0.07561679436308921 -0.0038907818258086813 0.035402456057747056
v 0.07561774040805602 -0.003881220525076834 0.03550000168615952
v 0.07523915457464447 -0.003825062695032161 0.03550000168615952
v 0.0748678929603308 -0.003732067523836563 0.03550000168615952
v 0.07450754138071503 -0.0036031302732970893 0.03550000168615952
v 0.07412183732186772 -0.0035138084173241824 0.03522221541808257
v 0.07414361161489413 -0.003473059342360141 0.03530866027692481
v 0.07378646438113368 -0.003312795557968845 0.03522221541808257
v 0.07347241559912732 -0.0030798787149356743 0.03522221541808257
v 0.07381213729495073 -0.003274377501563397 0.03530866027692481
v 0.07350172773430863 -0.003044161941159751 0.03530866027692481
v 0.07318270458683163 -0.002817301168741987 0.03522221541808257
v 0.07415702409111713 -0.003447966024136412 0.035402456057747056
v 0.07416155595168394 -0.0034394931042698584 0.03550000168615952
v 0.07383327834820097 -0.0032427317252189947 0.03550000168615952
v 0.07382794540117033 -0.0032507199400912123 0.035402456057747056
v 0.07351977125323206 -0.003022167587774377 0.035402456057747056
v 0.07352586713975207 -0.003014740848682612 0.03550000168615952
v 0.07323549237010063 -0.002764510047612717 0.035402456057747056
v 0.07321537365576614 -0.002784629238784392 0.03530866027692481
v 0.07242264137934384 -0.002390315884636812 0.03500961088527932
v 0.07281348765034945 -0.002615105514759547 0.035084268329010904
v 0.0725006290539465 -0.0023382054485832082 0.03503806089883765
v 0.07220557746522527 -0.0020281632909889546 0.03500961088527932
v 0.07228829536466197 -0.001983947848138712 0.03503806089883765
v 0.07202505072325227 -0.0016464782543204604 0.03500961088527932
v 0.07257250558323936 -0.0022901800766579605 0.035084268329010904
v 0.07287205851494782 -0.002567038657999565 0.03514644789739396
v 0.07292012370277767 -0.0025275911101206583 0.03522221541808257
v 0.07263550912627093 -0.0022480853671695555 0.03514644789739396
v 0.07236453590783398 -0.0019431987731746703 0.035084268329010904
v 0.07243135414831237 -0.0019074817609801564 0.03514644789739396
v 0.07219156989620057 -0.00157750339848238 0.035084268329010904
v 0.07226157722374449 -0.0015485081216077418 0.03514644789739396
v 0.07248619423880776 -0.0018781697450081375 0.03522221541808257
v 0.07211171301984898 -0.0016105838586946697 0.03503806089883765
v 0.07268720590607014 -0.002213539228672623 0.03522221541808257
v 0.07188280828485549 -0.0012489368316678101 0.03500961088527932
v 0.07197256811577901 -0.0012217090710132938 0.03503806089883765
v 0.07171826512518464 -0.00042171432590804026 0.03500961088527932
v 0.0717802158117209 -0.0008393673103374716 0.03500961088527932
v 0.07187221105534825 -0.0008210685643129934 0.03503806089883765
v 0.07169755131804845 -6.304138283636524e-16 0.03500961088527932
v 0.07181161077170817 -0.00041252066664262954 0.03503806089883765
v 0.07205528601521571 -0.00119661587199886 0.035084268329010904
v 0.07212779578428474 -0.0011746215186134862 0.03514644789739396
v 0.07195699652080112 -0.0008042042637378122 0.035084268329010904
v 0.0718976398285287 -0.00040404774677607613 0.035084268329010904
v 0.07203130682706504 -0.0007894226091546483 0.03514644789739396
v 0.07197304113826242 -0.0003966211566959303 0.03514644789739396
v 0.0717913470988707 -6.308237652245402e-16 0.03503806089883765
v 0.07187778814301549 -6.314788402082703e-16 0.035084268329010904
v 0.07218729743506014 -0.0011565712047602317 0.03522221541808257
v 0.0723190189378986 -0.0015247123965624054 0.03522221541808257
v 0.07295584452966963 -0.002498278974939344 0.03530866027692481
v 0.07297783244575307 -0.002480228780295385 0.035402456057747056
v 0.07272562753875444 -0.002187869175878654 0.03530866027692481
v 0.07252694283693462 -0.0018563887762611947 0.03530866027692481
v 0.07255203591673975 -0.0018429761808289036 0.035402456057747056
v 0.07236171303172334 -0.0015070304394313588 0.03530866027692481
v 0.07238799629713188 -0.001496141981615906 0.035402456057747056
v 0.07274928629231958 -0.00217206154649624 0.035402456057747056
v 0.07298526347637946 -0.0024741338474497387 0.03550000168615952
v 0.07324229016095085 -0.0027577165482971233 0.03550000168615952
v 0.07275727426877321 -0.002166724069512377 0.03550000168615952
v 0.07256051217446657 -0.0018384474197037648 0.03550000168615952
v 0.07239687691278807 -0.0014924654477422444 0.03550000168615952
v 0.0722315174078636 -0.0011431586093279406 0.03530866027692481
v 0.07225873908884406 -0.0011348991933091135 0.035402456057747056
v 0.0720922962098447 -0.0007772916328551913 0.03522221541808257
v 0.07213761481551284 -0.0007682775027883712 0.03530866027692481
v 0.07203492316024462 -0.0003905263132572556 0.03522221541808257
v 0.07208090552326851 -0.0003859974329228216 0.03530866027692481
v 0.07201573523208715 -6.334153338005252e-16 0.03522221541808257
v 0.07206194647695785 -6.346223219263735e-16 0.03530866027692481
v 0.07216551551263883 -0.0007627265815614293 0.035402456057747056
v 0.07226793250969088 -0.0011321102918476073 0.03550000168615952
v 0.07217493781533246 -0.0007608523134174441 0.03550000168615952
v 0.07210921820771876 -0.0003832085612636392 0.035402456057747056
v 0.07210000189868726 -6.386273107316531e-16 0.03550000168615952
v 0.07211878546891537 -0.00038226686743610475 0.03550000168615952
v 0.07209039649051618 -6.359285145557162e-16 0.035402456057747056
v 0.0719535556637041 -6.323538998232464e-16 0.03514644789739396
v 0.07119415621357206 0.0009559426165680132 0.03550000168615952
v 0.07123148684278657 0.0009485174271970861 0.03530866027692481
v 0.07120357851626569 0.0009540683484240281 0.035402456057747056
v 0.07131099276697306 0.0014223949392718621 0.03550000168615952
v 0.07132018618781988 0.001419606157019651 0.035402456057747056
v 0.07134741549819523 0.001411346741000824 0.03530866027692481
v 0.07147299533814433 0.001875148862258147 0.03550000168615952
v 0.07148186832440562 0.0018714723283844853 0.035402456057747056
v 0.07150815921920906 0.0018605838705690325 0.03530866027692481
v 0.07127679781905982 0.0009395032971302661 0.03522221541808257
v 0.07133778720183948 0.0009273723208308091 0.03514644789739396
v 0.0713916354709987 0.001397934145568533 0.03522221541808257
v 0.0715508456836389 0.0018429020326472811 0.03522221541808257
v 0.07145113712177409 0.0013798838317152784 0.03514644789739396
v 0.07160829502718791 0.0018191061883926496 0.03514644789739396
v 0.07152363926144822 0.0013578893591206093 0.035084268329010904
v 0.0714120975081034 0.0009125906662476452 0.035084268329010904
v 0.07168706090006971 0.002305315127196783 0.035402456057747056
v 0.07171215397987485 0.002291902650973787 0.03530866027692481
v 0.07167859227173778 0.0023098441267405123 0.03550000168615952
v 0.07193378790153471 0.0027169567444965126 0.035402456057747056
v 0.07195744665509984 0.0027011491151140987 0.03530866027692481
v 0.07192579992508108 0.002722294221480376 0.03550000168615952
v 0.07175290257800171 0.0022701216822268444 0.03522221541808257
v 0.07221225318575719 0.0031085273311798334 0.03550000168615952
v 0.07221967658698869 0.0031024323983341873 0.035402456057747056
v 0.07254197274487506 0.003458029911256877 0.035402456057747056
v 0.07224167213246702 0.0030843819652716375 0.03530866027692481
v 0.07253518258341973 0.0034648234105724707 0.03550000168615952
v 0.07256209145920955 0.003437910720085202 0.03530866027692481
v 0.07199586828778415 0.0026754790623201297 0.03522221541808257
v 0.0718077426684971 0.0022408095470455303 0.03514644789739396
v 0.07259476815753896 0.003405238790127607 0.03522221541808257
v 0.07204756506758336 0.002640932923823197 0.03514644789739396
v 0.07227739295935898 0.003055070068508914 0.03522221541808257
v 0.07232545814718883 0.003015622520630007 0.03514644789739396
v 0.07291562235979043 0.003758330523664921 0.03530866027692481
v 0.07294493449497175 0.0037226135114704073 0.03522221541808257
v 0.07263873636031093 0.003361270110518455 0.03514644789739396
v 0.07289757121147211 0.003780324877050295 0.035402456057747056
v 0.07167829472533693 0.0017901109115180114 0.035084268329010904
v 0.07149688297355627 0.000895726365672464 0.03503806089883765
v 0.07158887821718363 0.0008774275600433382 0.03500961088527932
v 0.07160636479027982 0.0013327961601061755 0.03503806089883765
v 0.07152411228393163 0.0004408365399415255 0.03500961088527932
v 0.07175815923108342 0.0017570304513057217 0.03503806089883765
v 0.07184481389828523 0.001721136055679931 0.03500961088527932
v 0.07187456853837038 0.002205092773269607 0.035084268329010904
v 0.0719508014521475 0.0021643436983055653 0.03503806089883765
v 0.07169612462120334 0.0013055685186609545 0.03500961088527932
v 0.07162118870455814 0.0004312754478259448 0.035000001662410796
v 0.07171826512518464 0.00042171432590804026 0.03500961088527932
v 0.0716845508291497 0.0008583974649927287 0.035000001662410796
v 0.07178946263833197 0.0012772526155597347 0.035000001662410796
v 0.07193493231076875 0.0016838072146048433 0.035000001662410796
v 0.07188280828485549 0.0012489368316678101 0.03500961088527932
v 0.0717802158117209 0.0008393673103374716 0.03500961088527932
v 0.0720335193515842 0.0021201282554553225 0.03500961088527932
v 0.07211056861061493 0.002598838214334792 0.035084268329010904
v 0.07218244513990779 0.0025508128424095444 0.03503806089883765
v 0.07269230997125398 0.0033076936385523226 0.035084268329010904
v 0.0723840290117872 0.002967555663870025 0.035084268329010904
v 0.07245084725226558 0.0029127165270489974 0.03503806089883765
v 0.0729843784665718 0.0036745466547104255 0.03514644789739396
v 0.07303245128379654 0.0036159769822050047 0.035084268329010904
v 0.07275343668314171 0.0032465690724318985 0.03503806089883765
v 0.07226043281451044 0.0024987024063559404 0.03500961088527932
v 0.07234154091162459 0.0024445091454963763 0.035000001662410796
v 0.07211954840840473 0.0020741456540128433 0.035000001662410796
v 0.07220557746522527 0.0020281632909889546 0.03500961088527932
v 0.07252335702133461 0.0028532124920876978 0.03500961088527932
v 0.07259875833106832 0.002791330470105491 0.035000001662410796
v 0.07288873637218529 0.003111270098644092 0.035000001662410796
v 0.07281975901295201 0.0031802448352728774 0.03500961088527932
v 0.07267415964080204 0.0027294486865418743 0.03500961088527932
v 0.07242264137934384 0.002390315884636812 0.03500961088527932
v 0.07202505072325227 0.0016464782543204604 0.03500961088527932
v 0.0728914753249521 0.0037877513777234695 0.03550000168615952
v 0.07327770581204707 0.004074201300539315 0.03550000168615952
v 0.0732830463884726 0.004066212847248507 0.035402456057747056
v 0.07369015852939143 0.0043214141990916 0.03550000168615952
v 0.0741248509328507 0.004527009702173512 0.03550000168615952
v 0.07369469038995824 0.0043129412792250466 0.035402456057747056
v 0.07370810286618124 0.004287848199419908 0.03530866027692481
v 0.07412852830118943 0.004518133854889139 0.035402456057747056
v 0.0732988544946922 0.004042555524194913 0.03530866027692481
v 0.07332452740850925 0.004004137229370874 0.03522221541808257
v 0.0733590733085876 0.00395243544278126 0.03514644789739396
v 0.07413942307709753 0.004491846774783148 0.03530866027692481
v 0.07372988478860254 0.0042470991244558665 0.03522221541808257
v 0.07415710038506607 0.004449158879841764 0.03522221541808257
v 0.07458039447255427 0.004679814084126155 0.035402456057747056
v 0.07458865710722407 0.004652586681099524 0.03530866027692481
v 0.07375919692378385 0.004192259987634839 0.03514644789739396
v 0.0745776097434181 0.004689007981810156 0.03550000168615952
v 0.07504406331781954 0.004805847873071423 0.03550000168615952
v 0.07505148671905104 0.00476851915120563 0.03530866027692481
v 0.07504593251956848 0.004796425570377794 0.035402456057747056
v 0.07552066398742951 0.004866844408408788 0.035402456057747056
v 0.0755197179424627 0.004876405470722045 0.03550000168615952
v 0.07552344871656569 0.004838528386098273 0.03530866027692481
v 0.07506049703442041 0.00472320197604903 0.03522221541808257
v 0.07462012073176538 0.004548866964869391 0.03514644789739396
v 0.07460206958344706 0.004608370999830691 0.03522221541808257
v 0.0755279805771325 0.004792546023074384 0.03522221541808257
v 0.07553407646365251 0.0047306640010921774 0.03514644789739396
v 0.07507262777230128 0.004662215454292462 0.03514644789739396
v 0.07418089646773929 0.004391710966804296 0.03514644789739396
v 0.07340116468021574 0.0038894364297029083 0.035084268329010904
v 0.07344919172107112 0.0038175613309215928 0.03503806089883765
v 0.07308728374489704 0.0035491554038663553 0.03503806089883765
v 0.07379491012128092 0.004125438409296189 0.035084268329010904
v 0.07420989579772996 0.004321710314980909 0.035084268329010904
v 0.07383565871940778 0.004049202157658804 0.03503806089883765
v 0.07464211627724371 0.00447636148733499 0.035084268329010904
v 0.07424297685398873 0.004241846762908785 0.03503806089883765
v 0.07314679302506732 0.0034766496879133635 0.03500961088527932
v 0.07320867504704953 0.003401246232412336 0.035000001662410796
v 0.07350130048819459 0.003739572225807397 0.03500961088527932
v 0.07387987869221124 0.003966480920361837 0.03500961088527932
v 0.07355549208012402 0.003658466512879155 0.035000001662410796
v 0.07392586105523513 0.0038804537708900244 0.035000001662410796
v 0.07427886552756835 0.004155190188358249 0.03500961088527932
v 0.07327055706903174 0.0033258427769113086 0.03500961088527932
v 0.07508741353960513 0.004587903240679814 0.035084268329010904
v 0.07466720935704885 0.004393640250038022 0.03503806089883765
v 0.07554149986488401 0.0046552603071725596 0.035084268329010904
v 0.07554997612261083 0.004569233157700747 0.03503806089883765
v 0.07510427450232005 0.004503120636250024 0.03503806089883765
v 0.07512257742066986 0.004411126346297034 0.03500961088527932
v 0.07472275135187445 0.004210537633614064 0.035000001662410796
v 0.0746944386674242 0.004303882803300407 0.03500961088527932
v 0.07555916954345765 0.004475888464851585 0.03500961088527932
v 0.07556872917525936 0.0043788129978994395 0.035000001662410796
v 0.07514160513153456 0.0043154556416796774 0.035000001662410796
v 0.07431619615678287 0.0040650703453631865 0.035000001662410796
v 0.07295770610202368 0.0030422951235967166 0.03500961088527932
v 0.07181161077170817 0.00041252066664262954 0.03503806089883765
v 0.0718976398285287 0.00040404774677607613 0.035084268329010904
v 0.07187221105534825 0.0008210685643129934 0.03503806089883765
v 0.07197256811577901 0.0012217090710132938 0.03503806089883765
v 0.07211171301984898 0.0016105838586946697 0.03503806089883765
v 0.07195699652080112 0.0008042042637378122 0.035084268329010904
v 0.07197304113826242 0.0003966211566959303 0.03514644789739396
v 0.07203492316024462 0.0003905263132572556 0.03522221541808257
v 0.07203130682706504 0.0007894226091546483 0.03514644789739396
v 0.07205528601521571 0.00119661587199886 0.035084268329010904
v 0.07212779578428474 0.0011746215186134862 0.03514644789739396
v 0.07226157722374449 0.0015485081216077418 0.03514644789739396
v 0.07219156989620057 0.00157750339848238 0.035084268329010904
v 0.07218729743506014 0.0011565712047602317 0.03522221541808257
v 0.0720922962098447 0.0007772916328551913 0.03522221541808257
v 0.0725006290539465 0.0023382054485832082 0.03503806089883765
v 0.07228829536466197 0.001983947848138712 0.03503806089883765
v 0.07236453590783398 0.0019431987731746703 0.035084268329010904
v 0.07302403606122887 0.0029759708864376955 0.03503806089883765
v 0.07274666940987107 0.0026699446515805747 0.03503806089883765
v 0.07281348765034945 0.002615105514759547 0.035084268329010904
v 0.07308515514372171 0.0029148463203172714 0.035084268329010904
v 0.07333005871980713 0.0032533370609583168 0.03503806089883765
v 0.07257250558323936 0.0022901800766579605 0.035084268329010904
v 0.07243135414831237 0.0019074817609801564 0.03514644789739396
v 0.07248619423880776 0.0018781697450081375 0.03522221541808257
v 0.07263550912627093 0.0022480853671695555 0.03514644789739396
v 0.07287205851494782 0.002567038657999565 0.03514644789739396
v 0.07313873638405965 0.0028612700867697294 0.03514644789739396
v 0.07292012370277767 0.0025275911101206583 0.03522221541808257
v 0.07268720590607014 0.002213539228672623 0.03522221541808257
v 0.07338489881030252 0.003186515244201077 0.035084268329010904
v 0.0723190189378986 0.0015247123965624054 0.03522221541808257
v 0.07208090552326851 0.0003859974329228216 0.03530866027692481
v 0.07210921820771876 0.0003832085612636392 0.035402456057747056
v 0.07213761481551284 0.0007682775027883712 0.03530866027692481
v 0.0722315174078636 0.0011431586093279406 0.03530866027692481
v 0.07236171303172334 0.0015070304394313588 0.03530866027692481
v 0.07216551551263883 0.0007627265815614293 0.035402456057747056
v 0.07211878546891537 0.00038226686743610475 0.03550000168615952
v 0.07217493781533246 0.0007608523134174441 0.03550000168615952
v 0.07238799629713188 0.001496141981615906 0.035402456057747056
v 0.07226793250969088 0.0011321102918476073 0.03550000168615952
v 0.07225873908884406 0.0011348991933091135 0.035402456057747056
v 0.07252694283693462 0.0018563887762611947 0.03530866027692481
v 0.07272562753875444 0.002187869175878654 0.03530866027692481
v 0.07274928629231958 0.00217206154649624 0.035402456057747056
v 0.07295584452966963 0.002498278974939344 0.03530866027692481
v 0.07255203591673975 0.0018429761808289036 0.035402456057747056
v 0.07318270458683163 0.002817301168741987 0.03522221541808257
v 0.07321537365576614 0.002784629238784392 0.03530866027692481
v 0.07347241559912732 0.0030798787149356743 0.03522221541808257
v 0.07350172773430863 0.003044161941159751 0.03530866027692481
v 0.07323549237010063 0.002764510047612717 0.035402456057747056
v 0.07343296399813237 0.003127945571695656 0.03514644789739396
v 0.07297783244575307 0.002480228780295385 0.035402456057747056
v 0.07239687691278807 0.0014924654477422444 0.03550000168615952
v 0.07256051217446657 0.0018384474197037648 0.03550000168615952
v 0.07298526347637946 0.0024741338474497387 0.03550000168615952
v 0.07275727426877321 0.002166724069512377 0.03550000168615952
v 0.07324229016095085 0.0027577165482971233 0.03550000168615952
v 0.07360969130144834 0.0035773605615323223 0.03500961088527932
v 0.07366180006857181 0.003499371694836717 0.03503806089883765
v 0.07397184341825902 0.003794426621418212 0.03500961088527932
v 0.07435352678599738 0.003974950263949534 0.03500961088527932
v 0.07401605576166759 0.0037117053841212444 0.03503806089883765
v 0.0747510640363247 0.004117192940764902 0.03500961088527932
v 0.0743894230889719 0.003888293450980407 0.03503806089883765
v 0.0737098271094272 0.0034274965960554016 0.035084268329010904
v 0.07375191848105533 0.0033644975829770496 0.03514644789739396
v 0.07405680435979445 0.0036354691324838595 0.035084268329010904
v 0.07442249651583577 0.0038084301373268736 0.035084268329010904
v 0.07409252518668641 0.00356864755414521 0.03514644789739396
v 0.07445149584582644 0.003738429485503486 0.03514644789739396
v 0.07412183732186772 0.0035138084173241824 0.03522221541808257
v 0.07378646438113368 0.003312795557968845 0.03522221541808257
v 0.07477829334670005 0.004027435017190106 0.03503806089883765
v 0.07516063284239927 0.00421978446022514 0.03500961088527932
v 0.07480338642650519 0.003944713779893139 0.035084268329010904
v 0.07517893576074908 0.00412779017027215 0.03503806089883765
v 0.07557828880706108 0.004281737530947294 0.03500961088527932
v 0.0755874822279079 0.004188392838098132 0.03503806089883765
v 0.07519579672346399 0.004043008042679541 0.035084268329010904
v 0.07482538197198352 0.003872208063940147 0.03514644789739396
v 0.07521058249076784 0.003968695352229712 0.03514644789739396
v 0.07559595848563472 0.004102365688626319 0.035084268329010904
v 0.07560338188686622 0.0040269619947067015 0.03514644789739396
v 0.07447529192849967 0.0036809813340474284 0.03522221541808257
v 0.07381213729495073 0.003274377501563397 0.03530866027692481
v 0.07351977125323206 0.003022167587774377 0.035402456057747056
v 0.07449297686586309 0.003638293439106044 0.03530866027692481
v 0.07382794540117033 0.0032507199400912123 0.035402456057747056
v 0.07414361161489413 0.003473059342360141 0.03530866027692481
v 0.07415702409111713 0.003447966024136412 0.035402456057747056
v 0.07485684559652483 0.003768488824547195 0.03530866027692481
v 0.07486510823119463 0.0037412611831019738 0.035402456057747056
v 0.0745038640123763 0.003612006359000053 0.035402456057747056
v 0.07383327834820097 0.0032427317252189947 0.03550000168615952
v 0.07352586713975207 0.003014740848682612 0.03550000168615952
v 0.07416155595168394 0.0034394931042698584 0.03550000168615952
v 0.07450754138071503 0.0036031302732970893 0.03550000168615952
v 0.0748678929603308 0.003732067523836563 0.03550000168615952
v 0.07484343312030184 0.0038127042673974376 0.03522221541808257
v 0.07522271322864871 0.0039077088304731444 0.03522221541808257
v 0.07523172354401808 0.003862391655316544 0.03530866027692481
v 0.07560947777338622 0.0039650799727244945 0.03522221541808257
v 0.07561400963395304 0.003919097609700606 0.03530866027692481
v 0.07523727774350064 0.003834485474562971 0.035402456057747056
v 0.07561679436308921 0.0038907818258086813 0.035402456057747056
v 0.07523915457464447 0.003825062695032161 0.03550000168615952
v 0.07561774040805602 0.003881220525076834 0.03550000168615952
v 0.07552066398742951 -0.004866844408408788 0.03559754731457199
v 0.0760000036098063 -0.003909607596127296 0.03559754731457199
v 0.07504593251956848 -0.004796425570377794 0.03559754731457199
v 0.07523727774350064 -0.003834485474562971 0.03559754731457199
v 0.07486510823119463 -0.0037412611831019738 0.03559754731457199
v 0.07561679436308921 -0.0038907818258086813 0.03559754731457199
v 0.07561400963395304 -0.003919097609700606 0.035691343095394235
v 0.0760000036098063 -0.003938060470708715 0.035691343095394235
v 0.07560947777338622 -0.0039650799727244945 0.03577778795423647
v 0.07523172354401808 -0.003862391655316544 0.035691343095394235
v 0.07485684559652483 -0.003768488824547195 0.035691343095394235
v 0.07522271322864871 -0.0039077088304731444 0.03577778795423647
v 0.07484343312030184 -0.0038127042673974376 0.03577778795423647
v 0.0745038640123763 -0.003612006359000053 0.03559754731457199
v 0.07449297686586309 -0.003638293439106044 0.035691343095394235
v 0.0760000036098063 -0.003984265278277471 0.03577778795423647
v 0.07412852830118943 -0.004518133854889139 0.03559754731457199
v 0.0732830463884726 -0.004066212847248507 0.03559754731457199
v 0.07323549237010063 -0.002764510047612717 0.03559754731457199
v 0.07382794540117033 -0.0032507199400912123 0.03559754731457199
v 0.07289757121147211 -0.003780324877050295 0.03559754731457199
v 0.07415702409111713 -0.003447966024136412 0.03559754731457199
v 0.07414361161489413 -0.003473059342360141 0.035691343095394235
v 0.07447529192849967 -0.0036809813340474284 0.03577778795423647
v 0.07381213729495073 -0.003274377501563397 0.035691343095394235
v 0.07351977125323206 -0.003022167587774377 0.03559754731457199
v 0.07350172773430863 -0.003044161941159751 0.035691343095394235
v 0.07321537365576614 -0.002784629238784392 0.035691343095394235
v 0.07318270458683163 -0.002817301168741987 0.03577778795423647
v 0.07378646438113368 -0.003312795557968845 0.03577778795423647
v 0.07412183732186772 -0.0035138084173241824 0.03577778795423647
v 0.07458039447255427 -0.004679814084126155 0.03559754731457199
v 0.07347241559912732 -0.0030798787149356743 0.03577778795423647
v 0.0760000036098063 -0.0040464469924278434 0.03585355547492508
v 0.07560338188686622 -0.0040269619947067015 0.03585355547492508
v 0.07559595848563472 -0.004102365688626319 0.03591573504330814
v 0.0760000036098063 -0.004122214989953632 0.03591573504330814
v 0.07482538197198352 -0.003872208063940147 0.03585355547492508
v 0.07519579672346399 -0.004043008042679541 0.03591573504330814
v 0.07521058249076784 -0.003968695352229712 0.03585355547492508
v 0.07445149584582644 -0.003738429485503486 0.03585355547492508
v 0.07480338642650519 -0.003944713779893139 0.03591573504330814
v 0.0760000036098063 -0.004208658418284328 0.03596194247348139
v 0.0755874822279079 -0.004188392838098132 0.03596194247348139
v 0.0760000036098063 -0.004302455152780937 0.035990392487039724
v 0.07557828880706108 -0.004281737530947294 0.035990392487039724
v 0.07517893576074908 -0.00412779017027215 0.03596194247348139
v 0.07477829334670005 -0.004027435017190106 0.03596194247348139
v 0.07516063284239927 -0.00421978446022514 0.035990392487039724
v 0.0747510640363247 -0.004117192940764902 0.035990392487039724
v 0.07514160513153456 -0.0043154556416796774 0.03600000170990825
v 0.0760000036098063 -0.004400000304356222 0.03600000170990825
v 0.07442249651583577 -0.0038084301373268736 0.03591573504330814
v 0.07409252518668641 -0.00356864755414521 0.03585355547492508
v 0.0743894230889719 -0.003888293450980407 0.03596194247348139
v 0.07405680435979445 -0.0036354691324838595 0.03591573504330814
v 0.07343296399813237 -0.003127945571695656 0.03585355547492508
v 0.07375191848105533 -0.0033644975829770496 0.03585355547492508
v 0.0737098271094272 -0.0034274965960554016 0.03591573504330814
v 0.07313873638405965 -0.0028612700867697294 0.03585355547492508
v 0.07338489881030252 -0.003186515244201077 0.03591573504330814
v 0.07401605576166759 -0.0037117053841212444 0.03596194247348139
v 0.07435352678599738 -0.003974950263949534 0.035990392487039724
v 0.07333005871980713 -0.0032533370609583168 0.03596194247348139
v 0.07397184341825902 -0.003794426621418212 0.035990392487039724
v 0.07366180006857181 -0.003499371694836717 0.03596194247348139
v 0.07360969130144834 -0.0035773605615323223 0.035990392487039724
v 0.07308515514372171 -0.0029148463203172714 0.03591573504330814
v 0.07302403606122887 -0.0029759708864376955 0.03596194247348139
v 0.07327055706903174 -0.0033258427769113086 0.035990392487039724
v 0.07472275135187445 -0.004210537633614064 0.03600000170990825
v 0.07221967658698869 -0.0031024323983341873 0.03559754731457199
v 0.07297783244575307 -0.002480228780295385 0.03559754731457199
v 0.07168706090006971 -0.002305315127196783 0.03559754731457199
v 0.07274928629231958 -0.00217206154649624 0.03559754731457199
v 0.07193378790153471 -0.0027169567444965126 0.03559754731457199
v 0.07295584452966963 -0.002498278974939344 0.035691343095394235
v 0.07292012370277767 -0.0025275911101206583 0.03577778795423647
v 0.07272562753875444 -0.002187869175878654 0.035691343095394235
v 0.07255203591673975 -0.0018429761808289036 0.03559754731457199
v 0.07252694283693462 -0.0018563887762611947 0.035691343095394235
v 0.07236171303172334 -0.0015070304394313588 0.035691343095394235
v 0.07238799629713188 -0.001496141981615906 0.03559754731457199
v 0.07268720590607014 -0.002213539228672623 0.03577778795423647
v 0.07248619423880776 -0.0018781697450081375 0.03577778795423647
v 0.07132018618781988 -0.001419606157019651 0.03559754731457199
v 0.07225873908884406 -0.0011348991933091135 0.03559754731457199
v 0.07113315920139751 -0.0004793423343882504 0.03559754731457199
v 0.07216551551263883 -0.0007627265815614293 0.03559754731457199
v 0.07209039649051618 -6.386357675090001e-16 0.03559754731457199
v 0.07120357851626569 -0.0009540683484240281 0.03559754731457199
v 0.07210921820771876 -0.0003832085612636392 0.03559754731457199
v 0.07213761481551284 -0.0007682775027883712 0.035691343095394235
v 0.0723190189378986 -0.0015247123965624054 0.03577778795423647
v 0.0722315174078636 -0.0011431586093279406 0.035691343095394235
v 0.07206194647695785 -6.399327986295502e-16 0.035691343095394235
v 0.0720922962098447 -0.0007772916328551913 0.03577778795423647
v 0.07208090552326851 -0.0003859974329228216 0.035691343095394235
v 0.07203492316024462 -0.0003905263132572556 0.03577778795423647
v 0.07210921820771876 0.0003832085612636392 0.03559754731457199
v 0.07208090552326851 0.0003859974329228216 0.035691343095394235
v 0.07218729743506014 -0.0011565712047602317 0.03577778795423647
v 0.07148186832440562 -0.0018714723283844853 0.03559754731457199
v 0.07201573523208715 -6.411249873950412e-16 0.03577778795423647
v 0.07263550912627093 -0.0022480853671695555 0.03585355547492508
v 0.07287205851494782 -0.002567038657999565 0.03585355547492508
v 0.07281348765034945 -0.002615105514759547 0.03591573504330814
v 0.07226157722374449 -0.0015485081216077418 0.03585355547492508
v 0.07243135414831237 -0.0019074817609801564 0.03585355547492508
v 0.07236453590783398 -0.0019431987731746703 0.03591573504330814
v 0.07257250558323936 -0.0022901800766579605 0.03591573504330814
v 0.07274666940987107 -0.0026699446515805747 0.03596194247348139
v 0.07295770610202368 -0.0030422951235967166 0.035990392487039724
v 0.0725006290539465 -0.0023382054485832082 0.03596194247348139
v 0.07228829536466197 -0.001983947848138712 0.03596194247348139
v 0.07211171301984898 -0.0016105838586946697 0.03596194247348139
v 0.07219156989620057 -0.00157750339848238 0.03591573504330814
v 0.07242264137934384 -0.002390315884636812 0.035990392487039724
v 0.07267415964080204 -0.0027294486865418743 0.035990392487039724
v 0.07212779578428474 -0.0011746215186134862 0.03585355547492508
v 0.07203130682706504 -0.0007894226091546483 0.03585355547492508
v 0.07205528601521571 -0.00119661587199886 0.03591573504330814
v 0.0719535556637041 -6.421664178412875e-16 0.03585355547492508
v 0.07195699652080112 -0.0008042042637378122 0.03591573504330814
v 0.07197304113826242 -0.0003966211566959303 0.03585355547492508
v 0.0718976398285287 -0.00040404774677607613 0.03591573504330814
v 0.07203492316024462 0.0003905263132572556 0.03577778795423647
v 0.07197304113826242 0.0003966211566959303 0.03585355547492508
v 0.07187778814301549 -6.43017082906224e-16 0.03591573504330814
v 0.07187221105534825 -0.0008210685643129934 0.03596194247348139
v 0.07202505072325227 -0.0016464782543204604 0.035990392487039724
v 0.07197256811577901 -0.0012217090710132938 0.03596194247348139
v 0.0717913470988707 -6.436444023130202e-16 0.03596194247348139
v 0.0717802158117209 -0.0008393673103374716 0.035990392487039724
v 0.07181161077170817 -0.00041252066664262954 0.03596194247348139
v 0.07171826512518464 -0.00042171432590804026 0.035990392487039724
v 0.0718976398285287 0.00040404774677607613 0.03591573504330814
v 0.07181161077170817 0.00041252066664262954 0.03596194247348139
v 0.07188280828485549 -0.0012489368316678101 0.035990392487039724
v 0.07220557746522527 -0.0020281632909889546 0.035990392487039724
v 0.07254197274487506 -0.003458029911256877 0.03559754731457199
v 0.07169755131804845 -6.4402414414197e-16 0.035990392487039724
v 0.07556872917525936 -0.0043788129978994395 0.03600000170990825
v 0.0760000036098063 -0.0044975454559315065 0.035990392487039724
v 0.07555916954345765 -0.004475888464851585 0.035990392487039724
v 0.0760000036098063 -0.004591341713590935 0.03596194247348139
v 0.07512257742066986 -0.004411126346297034 0.035990392487039724
v 0.0746944386674242 -0.004303882803300407 0.035990392487039724
v 0.07431619615678287 -0.0040650703453631865 0.03600000170990825
v 0.07427886552756835 -0.004155190188358249 0.035990392487039724
v 0.07510427450232005 -0.004503120636250024 0.03596194247348139
v 0.07554997612261083 -0.004569233157700747 0.03596194247348139
v 0.0760000036098063 -0.004677785141921631 0.03591573504330814
v 0.07554149986488401 -0.0046552603071725596 0.03591573504330814
v 0.0760000036098063 -0.0047535536162846 0.03585355547492508
v 0.07508741353960513 -0.004587903240679814 0.03591573504330814
v 0.07466720935704885 -0.004393640250038022 0.03596194247348139
v 0.07464211627724371 -0.00447636148733499 0.03591573504330814
v 0.07420989579772996 -0.004321710314980909 0.03591573504330814
v 0.07424297685398873 -0.004241846762908785 0.03596194247348139
v 0.07462012073176538 -0.004548866964869391 0.03585355547492508
v 0.07507262777230128 -0.004662215454292462 0.03585355547492508
v 0.07355549208012402 -0.003658466512879155 0.03600000170990825
v 0.07392586105523513 -0.0038804537708900244 0.03600000170990825
v 0.07387987869221124 -0.003966480920361837 0.035990392487039724
v 0.07288873637218529 -0.003111270098644092 0.03600000170990825
v 0.07320867504704953 -0.003401246232412336 0.03600000170990825
v 0.07314679302506732 -0.0034766496879133635 0.035990392487039724
v 0.07281975901295201 -0.0031802448352728774 0.035990392487039724
v 0.07259875833106832 -0.002791330470105491 0.03600000170990825
v 0.07350130048819459 -0.003739572225807397 0.035990392487039724
v 0.07383565871940778 -0.004049202157658804 0.03596194247348139
v 0.07379491012128092 -0.004125438409296189 0.03591573504330814
v 0.07308728374489704 -0.0035491554038663553 0.03596194247348139
v 0.07344919172107112 -0.0038175613309215928 0.03596194247348139
v 0.07340116468021574 -0.0038894364297029083 0.03591573504330814
v 0.07275343668314171 -0.0032465690724318985 0.03596194247348139
v 0.07303245128379654 -0.0036159769822050047 0.03591573504330814
v 0.07269230997125398 -0.0033076936385523226 0.03591573504330814
v 0.07418089646773929 -0.004391710966804296 0.03585355547492508
v 0.07553407646365251 -0.0047306640010921774 0.03585355547492508
v 0.0760000036098063 -0.004815735092016382 0.03577778795423647
v 0.0755279805771325 -0.004792546023074384 0.03577778795423647
v 0.0760000036098063 -0.004861940138003729 0.035691343095394235
v 0.07506049703442041 -0.00472320197604903 0.03577778795423647
v 0.07460206958344706 -0.004608370999830691 0.03577778795423647
v 0.07415710038506607 -0.004449158879841764 0.03577778795423647
v 0.07505148671905104 -0.00476851915120563 0.035691343095394235
v 0.07552344871656569 -0.004838528386098273 0.035691343095394235
v 0.0760000036098063 -0.004890393012585148 0.03559754731457199
v 0.07458865710722407 -0.004652586681099524 0.035691343095394235
v 0.07413942307709753 -0.004491846774783148 0.035691343095394235
v 0.07372988478860254 -0.0042470991244558665 0.03577778795423647
v 0.07375919692378385 -0.004192259987634839 0.03585355547492508
v 0.0733590733085876 -0.00395243544278126 0.03585355547492508
v 0.07370810286618124 -0.004287848199419908 0.035691343095394235
v 0.07332452740850925 -0.004004137229370874 0.03577778795423647
v 0.0729843784665718 -0.0036745466547104255 0.03585355547492508
v 0.07294493449497175 -0.0037226135114704073 0.03577778795423647
v 0.07263873636031093 -0.003361270110518455 0.03585355547492508
v 0.0732988544946922 -0.004042555524194913 0.035691343095394235
v 0.07369469038995824 -0.0043129412792250466 0.03559754731457199
v 0.07291562235979043 -0.003758330523664921 0.035691343095394235
v 0.07256209145920955 -0.003437910720085202 0.035691343095394235
v 0.07259476815753896 -0.003405238790127607 0.03577778795423647
v 0.07252335702133461 -0.0028532124920876978 0.035990392487039724
v 0.07234154091162459 -0.0024445091454963763 0.03600000170990825
v 0.07245084725226558 -0.0029127165270489974 0.03596194247348139
v 0.07226043281451044 -0.0024987024063559404 0.035990392487039724
v 0.07211954840840473 -0.0020741456540128433 0.03600000170990825
v 0.07193493231076875 -0.0016838072146048433 0.03600000170990825
v 0.0720335193515842 -0.0021201282554553225 0.035990392487039724
v 0.0723840290117872 -0.002967555663870025 0.03591573504330814
v 0.07232545814718883 -0.003015622520630007 0.03585355547492508
v 0.07218244513990779 -0.0025508128424095444 0.03596194247348139
v 0.07211056861061493 -0.002598838214334792 0.03591573504330814
v 0.0719508014521475 -0.0021643436983055653 0.03596194247348139
v 0.07187456853837038 -0.002205092773269607 0.03591573504330814
v 0.07184481389828523 -0.001721136055679931 0.035990392487039724
v 0.07175815923108342 -0.0017570304513057217 0.03596194247348139
v 0.07204756506758336 -0.002640932923823197 0.03585355547492508
v 0.07178946263833197 -0.0012772526155597347 0.03600000170990825
v 0.07169612462120334 -0.0013055685186609545 0.035990392487039724
v 0.07162118870455814 -0.0004312754478259448 0.03600000170990825
v 0.0716845508291497 -0.0008583974649927287 0.03600000170990825
v 0.07158887821718363 -0.0008774275600433382 0.035990392487039724
v 0.07160000187493853 -6.441417800832721e-16 0.03600000170990825
v 0.07152411228393163 -0.0004408365399415255 0.035990392487039724
v 0.07160636479027982 -0.0013327961601061755 0.03596194247348139
v 0.07152363926144822 -0.0013578893591206093 0.03591573504330814
v 0.07167829472533693 -0.0017901109115180114 0.03591573504330814
v 0.07160829502718791 -0.0018191061883926496 0.03585355547492508
v 0.0714307666374081 -0.00045003019920693624 0.03596194247348139
v 0.07149688297355627 -0.000895726365672464 0.03596194247348139
v 0.0714120975081034 -0.0009125906662476452 0.03591573504330814
v 0.07150246006122352 -6.439927564875857e-16 0.035990392487039724
v 0.07140866428040127 -6.43582819626698e-16 0.03596194247348139
v 0.07134474520998246 -0.00045850314887581345 0.03591573504330814
v 0.0718077426684971 -0.0022408095470455303 0.03585355547492508
v 0.07227739295935898 -0.003055070068508914 0.03577778795423647
v 0.07224167213246702 -0.0030843819652716375 0.035691343095394235
v 0.07199586828778415 -0.0026754790623201297 0.03577778795423647
v 0.07175290257800171 -0.0022701216822268444 0.03577778795423647
v 0.0715508456836389 -0.0018429020326472811 0.03577778795423647
v 0.07195744665509984 -0.0027011491151140987 0.035691343095394235
v 0.07171215397987485 -0.002291902650973787 0.035691343095394235
v 0.07150815921920906 -0.0018605838705690325 0.035691343095394235
v 0.0713916354709987 -0.001397934145568533 0.03577778795423647
v 0.07145113712177409 -0.0013798838317152784 0.03585355547492508
v 0.07133778720183948 -0.0009273723208308091 0.03585355547492508
v 0.07134741549819523 -0.001411346741000824 0.035691343095394235
v 0.07127679781905982 -0.0009395032971302661 0.03577778795423647
v 0.07126933627085386 -0.00046592973895595927 0.03585355547492508
v 0.07120745424887165 -0.00047202458239463396 0.03577778795423647
v 0.07132221560686158 -6.429277446429679e-16 0.03591573504330814
v 0.07124644808617298 -6.420526850279917e-16 0.03585355547492508
v 0.07123148684278657 -0.0009485174271970861 0.035691343095394235
v 0.07116147188584776 -0.00047655346272906796 0.035691343095394235
v 0.07110960725936089 -6.384780702955219e-16 0.03559754731457199
v 0.07113806490231411 -6.397842629248646e-16 0.035691343095394235
v 0.07118426851778992 -6.40991251050713e-16 0.03577778795423647
v 0.07113315920139751 0.0004793423343882504 0.03559754731457199
v 0.07216551551263883 0.0007627265815614293 0.03559754731457199
v 0.07225873908884406 0.0011348991933091135 0.03559754731457199
v 0.07238799629713188 0.001496141981615906 0.03559754731457199
v 0.07120357851626569 0.0009540683484240281 0.03559754731457199
v 0.07213761481551284 0.0007682775027883712 0.035691343095394235
v 0.0720922962098447 0.0007772916328551913 0.03577778795423647
v 0.07203130682706504 0.0007894226091546483 0.03585355547492508
v 0.0722315174078636 0.0011431586093279406 0.035691343095394235
v 0.07218729743506014 0.0011565712047602317 0.03577778795423647
v 0.07236171303172334 0.0015070304394313588 0.035691343095394235
v 0.0723190189378986 0.0015247123965624054 0.03577778795423647
v 0.07255203591673975 0.0018429761808289036 0.03559754731457199
v 0.07252694283693462 0.0018563887762611947 0.035691343095394235
v 0.07212779578428474 0.0011746215186134862 0.03585355547492508
v 0.07148186832440562 0.0018714723283844853 0.03559754731457199
v 0.07193378790153471 0.0027169567444965126 0.03559754731457199
v 0.07274928629231958 0.00217206154649624 0.03559754731457199
v 0.07297783244575307 0.002480228780295385 0.03559754731457199
v 0.07168706090006971 0.002305315127196783 0.03559754731457199
v 0.07272562753875444 0.002187869175878654 0.035691343095394235
v 0.07248619423880776 0.0018781697450081375 0.03577778795423647
v 0.07323549237010063 0.002764510047612717 0.03559754731457199
v 0.07321537365576614 0.002784629238784392 0.035691343095394235
v 0.07268720590607014 0.002213539228672623 0.03577778795423647
v 0.07295584452966963 0.002498278974939344 0.035691343095394235
v 0.07292012370277767 0.0025275911101206583 0.03577778795423647
v 0.07351977125323206 0.003022167587774377 0.03559754731457199
v 0.07350172773430863 0.003044161941159751 0.035691343095394235
v 0.07318270458683163 0.002817301168741987 0.03577778795423647
v 0.07132018618781988 0.001419606157019651 0.03559754731457199
v 0.07226157722374449 0.0015485081216077418 0.03585355547492508
v 0.07195699652080112 0.0008042042637378122 0.03591573504330814
v 0.07187221105534825 0.0008210685643129934 0.03596194247348139
v 0.07205528601521571 0.00119661587199886 0.03591573504330814
v 0.07219156989620057 0.00157750339848238 0.03591573504330814
v 0.07211171301984898 0.0016105838586946697 0.03596194247348139
v 0.07243135414831237 0.0019074817609801564 0.03585355547492508
v 0.07236453590783398 0.0019431987731746703 0.03591573504330814
v 0.07197256811577901 0.0012217090710132938 0.03596194247348139
v 0.0717802158117209 0.0008393673103374716 0.035990392487039724
v 0.07171826512518464 0.00042171432590804026 0.035990392487039724
v 0.07162118870455814 0.0004312754478259448 0.03600000170990825
v 0.07202505072325227 0.0016464782543204604 0.035990392487039724
v 0.07188280828485549 0.0012489368316678101 0.035990392487039724
v 0.07178946263833197 0.0012772526155597347 0.03600000170990825
v 0.07193493231076875 0.0016838072146048433 0.03600000170990825
v 0.07228829536466197 0.001983947848138712 0.03596194247348139
v 0.07220557746522527 0.0020281632909889546 0.035990392487039724
v 0.0716845508291497 0.0008583974649927287 0.03600000170990825
v 0.07263550912627093 0.0022480853671695555 0.03585355547492508
v 0.07257250558323936 0.0022901800766579605 0.03591573504330814
v 0.07313873638405965 0.0028612700867697294 0.03585355547492508
v 0.07287205851494782 0.002567038657999565 0.03585355547492508
v 0.07281348765034945 0.002615105514759547 0.03591573504330814
v 0.07347241559912732 0.0030798787149356743 0.03577778795423647
v 0.07343296399813237 0.003127945571695656 0.03585355547492508
v 0.07308515514372171 0.0029148463203172714 0.03591573504330814
v 0.0725006290539465 0.0023382054485832082 0.03596194247348139
v 0.07242264137934384 0.002390315884636812 0.035990392487039724
v 0.07274666940987107 0.0026699446515805747 0.03596194247348139
v 0.07302403606122887 0.0029759708864376955 0.03596194247348139
v 0.07267415964080204 0.0027294486865418743 0.035990392487039724
v 0.07295770610202368 0.0030422951235967166 0.035990392487039724
v 0.07259875833106832 0.002791330470105491 0.03600000170990825
v 0.07234154091162459 0.0024445091454963763 0.03600000170990825
v 0.07338489881030252 0.003186515244201077 0.03591573504330814
v 0.07211954840840473 0.0020741456540128433 0.03600000170990825
v 0.07289757121147211 0.003780324877050295 0.03559754731457199
v 0.07369469038995824 0.0043129412792250466 0.03559754731457199
v 0.07382794540117033 0.0032507199400912123 0.03559754731457199
v 0.0732830463884726 0.004066212847248507 0.03559754731457199
v 0.07381213729495073 0.003274377501563397 0.035691343095394235
v 0.07378646438113368 0.003312795557968845 0.03577778795423647
v 0.07415702409111713 0.003447966024136412 0.03559754731457199
v 0.0745038640123763 0.003612006359000053 0.03559754731457199
v 0.07449297686586309 0.003638293439106044 0.035691343095394235
v 0.07414361161489413 0.003473059342360141 0.035691343095394235
v 0.07412183732186772 0.0035138084173241824 0.03577778795423647
v 0.07375191848105533 0.0033644975829770496 0.03585355547492508
v 0.07458039447255427 0.004679814084126155 0.03559754731457199
v 0.07486510823119463 0.0037412611831019738 0.03559754731457199
v 0.0760000036098063 0.004890393012585148 0.03559754731457199
v 0.07561679436308921 0.0038907818258086813 0.03559754731457199
v 0.07552066398742951 0.004866844408408788 0.03559754731457199
v 0.07523727774350064 0.003834485474562971 0.03559754731457199
v 0.07523172354401808 0.003862391655316544 0.035691343095394235
v 0.07485684559652483 0.003768488824547195 0.035691343095394235
v 0.07484343312030184 0.0038127042673974376 0.03577778795423647
v 0.0760000036098063 0.003909607596127296 0.03559754731457199
v 0.07561400963395304 0.003919097609700606 0.035691343095394235
v 0.07560947777338622 0.0039650799727244945 0.03577778795423647
v 0.0760000036098063 0.003938060470708715 0.035691343095394235
v 0.07522271322864871 0.0039077088304731444 0.03577778795423647
v 0.07447529192849967 0.0036809813340474284 0.03577778795423647
v 0.07412852830118943 0.004518133854889139 0.03559754731457199
v 0.0737098271094272 0.0034274965960554016 0.03591573504330814
v 0.07366180006857181 0.003499371694836717 0.03596194247348139
v 0.07409252518668641 0.00356864755414521 0.03585355547492508
v 0.07405680435979445 0.0036354691324838595 0.03591573504330814
v 0.07333005871980713 0.0032533370609583168 0.03596194247348139
v 0.07445149584582644 0.003738429485503486 0.03585355547492508
v 0.07482538197198352 0.003872208063940147 0.03585355547492508
v 0.07442249651583577 0.0038084301373268736 0.03591573504330814
v 0.07327055706903174 0.0033258427769113086 0.035990392487039724
v 0.07320867504704953 0.003401246232412336 0.03600000170990825
v 0.07360969130144834 0.0035773605615323223 0.035990392487039724
v 0.07401605576166759 0.0037117053841212444 0.03596194247348139
v 0.07397184341825902 0.003794426621418212 0.035990392487039724
v 0.07435352678599738 0.003974950263949534 0.035990392487039724
v 0.0743894230889719 0.003888293450980407 0.03596194247348139
v 0.07392586105523513 0.0038804537708900244 0.03600000170990825
v 0.07355549208012402 0.003658466512879155 0.03600000170990825
v 0.07521058249076784 0.003968695352229712 0.03585355547492508
v 0.07480338642650519 0.003944713779893139 0.03591573504330814
v 0.0760000036098063 0.003984265278277471 0.03577778795423647
v 0.07560338188686622 0.0040269619947067015 0.03585355547492508
v 0.07559595848563472 0.004102365688626319 0.03591573504330814
v 0.0760000036098063 0.0040464469924278434 0.03585355547492508
v 0.07519579672346399 0.004043008042679541 0.03591573504330814
v 0.07517893576074908 0.00412779017027215 0.03596194247348139
v 0.07477829334670005 0.004027435017190106 0.03596194247348139
v 0.0747510640363247 0.004117192940764902 0.035990392487039724
v 0.0760000036098063 0.004122214989953632 0.03591573504330814
v 0.0755874822279079 0.004188392838098132 0.03596194247348139
v 0.07557828880706108 0.004281737530947294 0.035990392487039724
v 0.0760000036098063 0.004208658418284328 0.03596194247348139
v 0.07516063284239927 0.00421978446022514 0.035990392487039724
v 0.07254197274487506 0.003458029911256877 0.03559754731457199
v 0.07288873637218529 0.003111270098644092 0.03600000170990825
v 0.07152411228393163 0.0004408365399415255 0.035990392487039724
v 0.0714307666374081 0.00045003019920693624 0.03596194247348139
v 0.07158887821718363 0.0008774275600433382 0.035990392487039724
v 0.07169612462120334 0.0013055685186609545 0.035990392487039724
v 0.07184481389828523 0.001721136055679931 0.035990392487039724
v 0.07149688297355627 0.000895726365672464 0.03596194247348139
v 0.07134474520998246 0.00045850314887581345 0.03591573504330814
v 0.07126933627085386 0.00046592973895595927 0.03585355547492508
v 0.0714120975081034 0.0009125906662476452 0.03591573504330814
v 0.07160636479027982 0.0013327961601061755 0.03596194247348139
v 0.07152363926144822 0.0013578893591206093 0.03591573504330814
v 0.07167829472533693 0.0017901109115180114 0.03591573504330814
v 0.07175815923108342 0.0017570304513057217 0.03596194247348139
v 0.07145113712177409 0.0013798838317152784 0.03585355547492508
v 0.07133778720183948 0.0009273723208308091 0.03585355547492508
v 0.07226043281451044 0.0024987024063559404 0.035990392487039724
v 0.0720335193515842 0.0021201282554553225 0.035990392487039724
v 0.0719508014521475 0.0021643436983055653 0.03596194247348139
v 0.07281975901295201 0.0031802448352728774 0.035990392487039724
v 0.07252335702133461 0.0028532124920876978 0.035990392487039724
v 0.07245084725226558 0.0029127165270489974 0.03596194247348139
v 0.07275343668314171 0.0032465690724318985 0.03596194247348139
v 0.07314679302506732 0.0034766496879133635 0.035990392487039724
v 0.07218244513990779 0.0025508128424095444 0.03596194247348139
v 0.07187456853837038 0.002205092773269607 0.03591573504330814
v 0.0718077426684971 0.0022408095470455303 0.03585355547492508
v 0.07211056861061493 0.002598838214334792 0.03591573504330814
v 0.0723840290117872 0.002967555663870025 0.03591573504330814
v 0.07269230997125398 0.0033076936385523226 0.03591573504330814
v 0.07232545814718883 0.003015622520630007 0.03585355547492508
v 0.07204756506758336 0.002640932923823197 0.03585355547492508
v 0.07308728374489704 0.0035491554038663553 0.03596194247348139
v 0.07160829502718791 0.0018191061883926496 0.03585355547492508
v 0.07120745424887165 0.00047202458239463396 0.03577778795423647
v 0.07116147188584776 0.00047655346272906796 0.035691343095394235
v 0.07127679781905982 0.0009395032971302661 0.03577778795423647
v 0.0713916354709987 0.001397934145568533 0.03577778795423647
v 0.0715508456836389 0.0018429020326472811 0.03577778795423647
v 0.07123148684278657 0.0009485174271970861 0.035691343095394235
v 0.07134741549819523 0.001411346741000824 0.035691343095394235
v 0.07150815921920906 0.0018605838705690325 0.035691343095394235
v 0.07199586828778415 0.0026754790623201297 0.03577778795423647
v 0.07175290257800171 0.0022701216822268444 0.03577778795423647
v 0.07171215397987485 0.002291902650973787 0.035691343095394235
v 0.07263873636031093 0.003361270110518455 0.03585355547492508
v 0.07227739295935898 0.003055070068508914 0.03577778795423647
v 0.07259476815753896 0.003405238790127607 0.03577778795423647
v 0.07224167213246702 0.0030843819652716375 0.035691343095394235
v 0.07303245128379654 0.0036159769822050047 0.03591573504330814
v 0.0729843784665718 0.0036745466547104255 0.03585355547492508
v 0.07195744665509984 0.0027011491151140987 0.035691343095394235
v 0.07221967658698869 0.0031024323983341873 0.03559754731457199
v 0.07256209145920955 0.003437910720085202 0.035691343095394235
v 0.07294493449497175 0.0037226135114704073 0.03577778795423647
v 0.07350130048819459 0.003739572225807397 0.035990392487039724
v 0.07344919172107112 0.0038175613309215928 0.03596194247348139
v 0.07387987869221124 0.003966480920361837 0.035990392487039724
v 0.07431619615678287 0.0040650703453631865 0.03600000170990825
v 0.07427886552756835 0.004155190188358249 0.035990392487039724
v 0.07472275135187445 0.004210537633614064 0.03600000170990825
v 0.07383565871940778 0.004049202157658804 0.03596194247348139
v 0.07340116468021574 0.0038894364297029083 0.03591573504330814
v 0.0733590733085876 0.00395243544278126 0.03585355547492508
v 0.07379491012128092 0.004125438409296189 0.03591573504330814
v 0.07424297685398873 0.004241846762908785 0.03596194247348139
v 0.07420989579772996 0.004321710314980909 0.03591573504330814
v 0.07466720935704885 0.004393640250038022 0.03596194247348139
v 0.07464211627724371 0.00447636148733499 0.03591573504330814
v 0.07418089646773929 0.004391710966804296 0.03585355547492508
v 0.0746944386674242 0.004303882803300407 0.035990392487039724
v 0.07375919692378385 0.004192259987634839 0.03585355547492508
v 0.07514160513153456 0.0043154556416796774 0.03600000170990825
v 0.07512257742066986 0.004411126346297034 0.035990392487039724
v 0.0760000036098063 0.004302455152780937 0.035990392487039724
v 0.07556872917525936 0.0043788129978994395 0.03600000170990825
v 0.07555916954345765 0.004475888464851585 0.035990392487039724
v 0.0760000036098063 0.004400000304356222 0.03600000170990825
v 0.07510427450232005 0.004503120636250024 0.03596194247348139
v 0.07508741353960513 0.004587903240679814 0.03591573504330814
v 0.07554997612261083 0.004569233157700747 0.03596194247348139
v 0.0760000036098063 0.0044975454559315065 0.035990392487039724
v 0.07554149986488401 0.0046552603071725596 0.03591573504330814
v 0.0760000036098063 0.004591341713590935 0.03596194247348139
v 0.07507262777230128 0.004662215454292462 0.03585355547492508
v 0.07462012073176538 0.004548866964869391 0.03585355547492508
v 0.07332452740850925 0.004004137229370874 0.03577778795423647
v 0.07291562235979043 0.003758330523664921 0.035691343095394235
v 0.07415710038506607 0.004449158879841764 0.03577778795423647
v 0.0732988544946922 0.004042555524194913 0.035691343095394235
v 0.07372988478860254 0.0042470991244558665 0.03577778795423647
v 0.07370810286618124 0.004287848199419908 0.035691343095394235
v 0.07460206958344706 0.004608370999830691 0.03577778795423647
v 0.07413942307709753 0.004491846774783148 0.035691343095394235
v 0.07458865710722407 0.004652586681099524 0.035691343095394235
v 0.07506049703442041 0.00472320197604903 0.03577778795423647
v 0.07505148671905104 0.00476851915120563 0.035691343095394235
v 0.07553407646365251 0.0047306640010921774 0.03585355547492508
v 0.0755279805771325 0.004792546023074384 0.03577778795423647
v 0.0760000036098063 0.004677785141921631 0.03591573504330814
v 0.0760000036098063 0.0047535536162846 0.03585355547492508
v 0.0760000036098063 0.004815735092016382 0.03577778795423647
v 0.07504593251956848 0.004796425570377794 0.03559754731457199
v 0.07552344871656569 0.004838528386098273 0.035691343095394235
v 0.0760000036098063 0.004861940138003729 0.035691343095394235
v 0.07638321285652339 -0.0038907818258086813 0.03559754731457199
v 0.07695407470004412 0.004796425570377794 0.03559754731457199
v 0.07638321285652339 0.0038907818258086813 0.03559754731457199
v 0.07647934323218308 0.004866844408408788 0.03559754731457199
v 0.07638599758565956 0.003919097609700606 0.035691343095394235
v 0.07638599758565956 -0.003919097609700606 0.035691343095394235
v 0.07676272947611196 0.003834485474562971 0.03559754731457199
v 0.07676828367559452 0.003862391655316544 0.035691343095394235
v 0.07677729399096389 0.0039077088304731444 0.03577778795423647
v 0.07639052944622637 0.0039650799727244945 0.03577778795423647
v 0.07713489898841797 0.0037412611831019738 0.03559754731457199
v 0.07714316162308776 0.003768488824547195 0.035691343095394235
v 0.07741961274705833 0.004679814084126155 0.03559754731457199
v 0.0774961432072363 0.003612006359000053 0.03559754731457199
v 0.07830531682965436 0.0043129412792250466 0.03559754731457199
v 0.07817206181844227 0.0032507199400912123 0.03559754731457199
v 0.07784298312849547 0.003447966024136412 0.03559754731457199
v 0.07871696083113999 0.004066212847248507 0.03559754731457199
v 0.07787147891842316 0.004518133854889139 0.03559754731457199
v 0.0775070303537495 0.003638293439106044 0.035691343095394235
v 0.07715657409931076 0.0038127042673974376 0.03577778795423647
v 0.07785639560471846 0.003473059342360141 0.035691343095394235
v 0.07818786992466187 0.003274377501563397 0.035691343095394235
v 0.07848023596638054 0.003022167587774377 0.03559754731457199
v 0.07849827948530397 0.003044161941159751 0.035691343095394235
v 0.07852759162048528 0.0030798787149356743 0.03577778795423647
v 0.07787816989774488 0.0035138084173241824 0.03577778795423647
v 0.07752471529111293 0.0036809813340474284 0.03577778795423647
v 0.07821354283847892 0.003312795557968845 0.03577778795423647
v 0.07639662533274638 -0.0040269619947067015 0.03585355547492508
v 0.07639052944622637 -0.0039650799727244945 0.03577778795423647
v 0.07678942472884476 0.003968695352229712 0.03585355547492508
v 0.07639662533274638 0.0040269619947067015 0.03585355547492508
v 0.07640404873397788 0.004102365688626319 0.03591573504330814
v 0.07717462524762908 0.003872208063940147 0.03585355547492508
v 0.0768042104961486 0.004043008042679541 0.03591573504330814
v 0.0764125249917047 0.004188392838098132 0.03596194247348139
v 0.0764125249917047 -0.004188392838098132 0.03596194247348139
v 0.07682107145886352 0.00412779017027215 0.03596194247348139
v 0.07683937437721333 0.00421978446022514 0.035990392487039724
v 0.07642171841255152 0.004281737530947294 0.035990392487039724
v 0.0771966207931074 0.003944713779893139 0.03591573504330814
v 0.07722171387291255 0.004027435017190106 0.03596194247348139
v 0.07640404873397788 -0.004102365688626319 0.03591573504330814
v 0.07754851137378616 0.003738429485503486 0.03585355547492508
v 0.07757751070377683 0.0038084301373268736 0.03591573504330814
v 0.07824808873855726 0.0033644975829770496 0.03585355547492508
v 0.07790748203292619 0.00356864755414521 0.03585355547492508
v 0.07794320285981815 0.0036354691324838595 0.03591573504330814
v 0.07856704322148023 0.003127945571695656 0.03585355547492508
v 0.0782901801101854 0.0034274965960554016 0.03591573504330814
v 0.0776105841306407 0.003888293450980407 0.03596194247348139
v 0.07764648043361522 0.003974950263949534 0.035990392487039724
v 0.0772489431832879 0.004117192940764902 0.035990392487039724
v 0.07727725586773815 0.004210537633614064 0.03600000170990825
v 0.07833820715104078 0.003499371694836717 0.03596194247348139
v 0.07798395145794501 0.0037117053841212444 0.03596194247348139
v 0.07802816380135358 0.003794426621418212 0.035990392487039724
v 0.07861510840931007 0.003186515244201077 0.03591573504330814
v 0.07866994849980546 0.0032533370609583168 0.03596194247348139
v 0.07839031591816426 0.0035773605615323223 0.035990392487039724
v 0.07685840208807804 0.0043154556416796774 0.03600000170990825
v 0.07945803447473754 0.003458029911256877 0.03559754731457199
v 0.07876451484951197 0.002764510047612717 0.03559754731457199
v 0.08006621931807789 0.0027169567444965126 0.03559754731457199
v 0.07902217477385953 0.002480228780295385 0.03559754731457199
v 0.07978033063262391 0.0031024323983341873 0.03559754731457199
v 0.07878463356384646 0.002784629238784392 0.035691343095394235
v 0.07881730263278097 0.002817301168741987 0.03577778795423647
v 0.07904416268994297 0.002498278974939344 0.035691343095394235
v 0.07925072092729302 0.00217206154649624 0.03559754731457199
v 0.07927437968085815 0.002187869175878654 0.035691343095394235
v 0.07947306438267798 0.0018563887762611947 0.035691343095394235
v 0.07944797130287284 0.0018429761808289036 0.03559754731457199
v 0.07907988351683493 0.0025275911101206583 0.03577778795423647
v 0.07931280131354246 0.002213539228672623 0.03577778795423647
v 0.08051813889520698 0.0018714723283844853 0.03559754731457199
v 0.07961201092248071 0.001496141981615906 0.03559754731457199
v 0.08079642870334691 0.0009540683484240281 0.03559754731457199
v 0.07983449170697376 0.0007627265815614293 0.03559754731457199
v 0.08067982103179272 0.001419606157019651 0.03559754731457199
v 0.07989078901189384 0.0003832085612636392 0.03559754731457199
v 0.07974126813076854 0.0011348991933091135 0.03559754731457199
v 0.079768489811749 0.0011431586093279406 0.035691343095394235
v 0.07951381298080484 0.0018781697450081375 0.03577778795423647
v 0.07963829418788926 0.0015070304394313588 0.035691343095394235
v 0.07991910169634409 0.0003859974329228216 0.035691343095394235
v 0.07981270978455246 0.0011565712047602317 0.03577778795423647
v 0.07986239240409976 0.0007682775027883712 0.035691343095394235
v 0.0799077110097679 0.0007772916328551913 0.03577778795423647
v 0.07990961072909641 -6.385463208255216e-16 0.03559754731457199
v 0.07993806074265475 -6.398427014247373e-16 0.035691343095394235
v 0.079680988281714 0.0015247123965624054 0.03577778795423647
v 0.08031294631954289 0.002305315127196783 0.03559754731457199
v 0.07996508405936797 0.0003905263132572556 0.03577778795423647
v 0.07912794870466477 0.002567038657999565 0.03585355547492508
v 0.07886127083555294 0.0028612700867697294 0.03585355547492508
v 0.07891485207589088 0.0029148463203172714 0.03591573504330814
v 0.07956865307130023 0.0019074817609801564 0.03585355547492508
v 0.07936449809334167 0.0022480853671695555 0.03585355547492508
v 0.07942750163637324 0.0022901800766579605 0.03591573504330814
v 0.07918651956926315 0.002615105514759547 0.03591573504330814
v 0.07897597115838373 0.0029759708864376955 0.03596194247348139
v 0.07872945015058086 0.0033258427769113086 0.035990392487039724
v 0.07925333780974153 0.0026699446515805747 0.03596194247348139
v 0.0794993781656661 0.0023382054485832082 0.03596194247348139
v 0.07971171185495063 0.001983947848138712 0.03596194247348139
v 0.07963547131177862 0.0019431987731746703 0.03591573504330814
v 0.07932584757881056 0.0027294486865418743 0.035990392487039724
v 0.07904230111758892 0.0030422951235967166 0.035990392487039724
v 0.07973842999586811 0.0015485081216077418 0.03585355547492508
v 0.07987221143532786 0.0011746215186134862 0.03585355547492508
v 0.07980843732341203 0.00157750339848238 0.03591573504330814
v 0.08002696608135018 0.0003966211566959303 0.03585355547492508
v 0.07994472120439688 0.00119661587199886 0.03591573504330814
v 0.07996870039254755 0.0007894226091546483 0.03585355547492508
v 0.08004301069881148 0.0008042042637378122 0.03591573504330814
v 0.07998427198752545 -6.410338059880043e-16 0.03577778795423647
v 0.0800464515559085 -6.420737727612482e-16 0.03585355547492508
v 0.0801023673910839 0.00040404774677607613 0.03591573504330814
v 0.08002743910383359 0.0012217090710132938 0.03596194247348139
v 0.07979442975438733 0.0020281632909889546 0.035990392487039724
v 0.07988829419976362 0.0016105838586946697 0.03596194247348139
v 0.08018839644790443 0.00041252066664262954 0.03596194247348139
v 0.0801171989347571 0.0012489368316678101 0.035990392487039724
v 0.08012779616426435 0.0008210685643129934 0.03596194247348139
v 0.0802197914078917 0.0008393673103374716 0.035990392487039724
v 0.08012221907659711 -6.429227573127375e-16 0.03591573504330814
v 0.0802086601207419 -6.435480709454194e-16 0.03596194247348139
v 0.07997495649636033 0.0016464782543204604 0.035990392487039724
v 0.07957736584026875 0.002390315884636812 0.035990392487039724
v 0.07910243600814049 0.003780324877050295 0.03559754731457199
v 0.08028174209442795 0.00042171432590804026 0.035990392487039724
v 0.07643127804435323 0.0043788129978994395 0.03600000170990825
v 0.07643127804435323 -0.0043788129978994395 0.03600000170990825
v 0.07687742979894274 0.004411126346297034 0.035990392487039724
v 0.07644083767615495 0.004475888464851585 0.035990392487039724
v 0.07689573271729255 0.004503120636250024 0.03596194247348139
v 0.0773055685521884 0.004303882803300407 0.035990392487039724
v 0.07645003109700177 0.004569233157700747 0.03596194247348139
v 0.07645003109700177 -0.004569233157700747 0.03596194247348139
v 0.07691259368000747 0.004587903240679814 0.03591573504330814
v 0.07645850735472859 0.0046552603071725596 0.03591573504330814
v 0.07646593075596009 0.0047306640010921774 0.03585355547492508
v 0.07692737944731132 0.004662215454292462 0.03585355547492508
v 0.07733279786256375 0.004393640250038022 0.03596194247348139
v 0.07735789094236889 0.00447636148733499 0.03591573504330814
v 0.07644083767615495 -0.004475888464851585 0.035990392487039724
v 0.07807414616437747 0.0038804537708900244 0.03600000170990825
v 0.07768381106282973 0.0040650703453631865 0.03600000170990825
v 0.07772114169204425 0.004155190188358249 0.035990392487039724
v 0.07879133217256307 0.003401246232412336 0.03600000170990825
v 0.07844451513948858 0.003658466512879155 0.03600000170990825
v 0.07849870673141801 0.003739572225807397 0.035990392487039724
v 0.07885321419454527 0.0034766496879133635 0.035990392487039724
v 0.0791112708474273 0.003111270098644092 0.03600000170990825
v 0.07812012852740136 0.003966480920361837 0.035990392487039724
v 0.07775703036562387 0.004241846762908785 0.03596194247348139
v 0.07779011142188264 0.004321710314980909 0.03591573504330814
v 0.07855081549854148 0.0038175613309215928 0.03596194247348139
v 0.07816434850020482 0.004049202157658804 0.03596194247348139
v 0.07820509709833168 0.004125438409296189 0.03591573504330814
v 0.07891272347471556 0.0035491554038663553 0.03596194247348139
v 0.07859884253939686 0.0038894364297029083 0.03591573504330814
v 0.07896755593581606 0.0036159769822050047 0.03591573504330814
v 0.07737988648784722 0.004548866964869391 0.03585355547492508
v 0.07646593075596009 -0.0047306640010921774 0.03585355547492508
v 0.07693951018519218 0.00472320197604903 0.03577778795423647
v 0.07739793763616554 0.004608370999830691 0.03577778795423647
v 0.0764720266424801 0.004792546023074384 0.03577778795423647
v 0.07647655850304691 0.004838528386098273 0.035691343095394235
v 0.07647655850304691 -0.004838528386098273 0.035691343095394235
v 0.07694852050056156 0.00476851915120563 0.035691343095394235
v 0.07741135011238853 0.004652586681099524 0.035691343095394235
v 0.0764720266424801 -0.004792546023074384 0.03577778795423647
v 0.07784290683454653 0.004449158879841764 0.03577778795423647
v 0.07781911075187331 0.004391710966804296 0.03585355547492508
v 0.07824081029582874 0.004192259987634839 0.03585355547492508
v 0.07786058414251507 0.004491846774783148 0.035691343095394235
v 0.07827012243101006 0.0042470991244558665 0.03577778795423647
v 0.078640933911025 0.00395243544278126 0.03585355547492508
v 0.07867547981110334 0.004004137229370874 0.03577778795423647
v 0.0790156287530408 0.0036745466547104255 0.03585355547492508
v 0.07829190435343136 0.004287848199419908 0.035691343095394235
v 0.0787011527249204 0.004042555524194913 0.035691343095394235
v 0.07908438485982217 0.003758330523664921 0.035691343095394235
v 0.07905507272464085 0.0037226135114704073 0.03577778795423647
v 0.07645850735472859 -0.0046552603071725596 0.03591573504330814
v 0.07918024820666059 0.0031802448352728774 0.035990392487039724
v 0.07940124888854427 0.002791330470105491 0.03600000170990825
v 0.07924657053647088 0.0032465690724318985 0.03596194247348139
v 0.07947665019827799 0.0028532124920876978 0.035990392487039724
v 0.07965846630798801 0.0024445091454963763 0.03600000170990825
v 0.07988045881120787 0.0020741456540128433 0.03600000170990825
v 0.07973957440510215 0.0024987024063559404 0.035990392487039724
v 0.07930769724835862 0.0033076936385523226 0.03591573504330814
v 0.07936127085930167 0.003361270110518455 0.03585355547492508
v 0.07954915996734702 0.0029127165270489974 0.03596194247348139
v 0.0796159782078254 0.002967555663870025 0.03591573504330814
v 0.0798175620797048 0.0025508128424095444 0.03596194247348139
v 0.07988943860899766 0.002598838214334792 0.03591573504330814
v 0.0799664878680284 0.0021201282554553225 0.035990392487039724
v 0.0800492057674651 0.0021643436983055653 0.03596194247348139
v 0.07967454907242377 0.003015622520630007 0.03585355547492508
v 0.08006507490884385 0.0016838072146048433 0.03600000170990825
v 0.08015519332132737 0.001721136055679931 0.035990392487039724
v 0.08031545639046289 0.0008583974649927287 0.03600000170990825
v 0.08021054458128063 0.0012772526155597347 0.03600000170990825
v 0.08030388259840926 0.0013055685186609545 0.035990392487039724
v 0.08037881851505446 0.0004312754478259448 0.03600000170990825
v 0.08041112900242897 0.0008774275600433382 0.035990392487039724
v 0.08024184798852918 0.0017570304513057217 0.03596194247348139
v 0.08032171249427567 0.0017901109115180114 0.03591573504330814
v 0.08012543868124222 0.002205092773269607 0.03591573504330814
v 0.0801922645511155 0.0022408095470455303 0.03585355547492508
v 0.08050312424605632 0.000895726365672464 0.03596194247348139
v 0.08039364242933278 0.0013327961601061755 0.03596194247348139
v 0.08047636795816437 0.0013578893591206093 0.03591573504330814
v 0.08047589493568097 0.0004408365399415255 0.035990392487039724
v 0.0805692405822045 0.00045003019920693624 0.03596194247348139
v 0.0805879097115092 0.0009125906662476452 0.03591573504330814
v 0.07995244215202923 0.002640932923823197 0.03585355547492508
v 0.07940523906207364 0.003405238790127607 0.03577778795423647
v 0.07943791576040304 0.003437910720085202 0.035691343095394235
v 0.07972261426025362 0.003055070068508914 0.03577778795423647
v 0.08000413893182845 0.0026754790623201297 0.03577778795423647
v 0.08024710464161089 0.0022701216822268444 0.03577778795423647
v 0.07975833508714558 0.0030843819652716375 0.035691343095394235
v 0.08004256056451275 0.0027011491151140987 0.035691343095394235
v 0.08028785323973775 0.002291902650973787 0.035691343095394235
v 0.0804491615359737 0.0018429020326472811 0.03577778795423647
v 0.08039171219242469 0.0018191061883926496 0.03585355547492508
v 0.08054887009783851 0.0013798838317152784 0.03585355547492508
v 0.08049184800040354 0.0018605838705690325 0.035691343095394235
v 0.0806083717486139 0.001397934145568533 0.03577778795423647
v 0.08066222001777312 0.0009273723208308091 0.03585355547492508
v 0.08072320940055278 0.0009395032971302661 0.03577778795423647
v 0.08065526200963014 0.00045850314887581345 0.03591573504330814
v 0.08073067094875874 0.00046592973895595927 0.03585355547492508
v 0.08065259172141737 0.001411346741000824 0.035691343095394235
v 0.08076852037682603 0.0009485174271970861 0.035691343095394235
v 0.08086684801821509 0.0004793423343882504 0.03559754731457199
v 0.08083853533376484 0.00047655346272906796 0.035691343095394235
v 0.08079255297074095 0.00047202458239463396 0.03577778795423647
v 0.07642171841255152 -0.004281737530947294 0.035990392487039724
v 0.08089039996025171 -6.383661264158957e-16 0.03559754731457199
v 0.07989078901189384 -0.0003832085612636392 0.03559754731457199
v 0.08079642870334691 -0.0009540683484240281 0.03559754731457199
v 0.07983449170697376 -0.0007627265815614293 0.03559754731457199
v 0.08086684801821509 -0.0004793423343882504 0.03559754731457199
v 0.07991910169634409 -0.0003859974329228216 0.035691343095394235
v 0.07996508405936797 -0.0003905263132572556 0.03577778795423647
v 0.07986239240409976 -0.0007682775027883712 0.035691343095394235
v 0.0799077110097679 -0.0007772916328551913 0.03577778795423647
v 0.07981270978455246 -0.0011565712047602317 0.03577778795423647
v 0.079768489811749 -0.0011431586093279406 0.035691343095394235
v 0.07996870039254755 -0.0007894226091546483 0.03585355547492508
v 0.07974126813076854 -0.0011348991933091135 0.03559754731457199
v 0.08002696608135018 -0.0003966211566959303 0.03585355547492508
v 0.08051813889520698 -0.0018714723283844853 0.03559754731457199
v 0.07961201092248071 -0.001496141981615906 0.03559754731457199
v 0.08006621931807789 -0.0027169567444965126 0.03559754731457199
v 0.07925072092729302 -0.00217206154649624 0.03559754731457199
v 0.07902217477385953 -0.002480228780295385 0.03559754731457199
v 0.08031294631954289 -0.002305315127196783 0.03559754731457199
v 0.07944797130287284 -0.0018429761808289036 0.03559754731457199
v 0.07947306438267798 -0.0018563887762611947 0.035691343095394235
v 0.07963829418788926 -0.0015070304394313588 0.035691343095394235
v 0.07904416268994297 -0.002498278974939344 0.035691343095394235
v 0.07951381298080484 -0.0018781697450081375 0.03577778795423647
v 0.07927437968085815 -0.002187869175878654 0.035691343095394235
v 0.07931280131354246 -0.002213539228672623 0.03577778795423647
v 0.07876451484951197 -0.002764510047612717 0.03559754731457199
v 0.07878463356384646 -0.002784629238784392 0.035691343095394235
v 0.079680988281714 -0.0015247123965624054 0.03577778795423647
v 0.08067982103179272 -0.001419606157019651 0.03559754731457199
v 0.07907988351683493 -0.0025275911101206583 0.03577778795423647
v 0.0801023673910839 -0.00040404774677607613 0.03591573504330814
v 0.08018839644790443 -0.00041252066664262954 0.03596194247348139
v 0.08004301069881148 -0.0008042042637378122 0.03591573504330814
v 0.07987221143532786 -0.0011746215186134862 0.03585355547492508
v 0.07994472120439688 -0.00119661587199886 0.03591573504330814
v 0.07973842999586811 -0.0015485081216077418 0.03585355547492508
v 0.08012779616426435 -0.0008210685643129934 0.03596194247348139
v 0.08028174209442795 -0.00042171432590804026 0.035990392487039724
v 0.08030245590156415 -6.439256985800324e-16 0.035990392487039724
v 0.08040000534467406 -6.440410576966641e-16 0.03600000170990825
v 0.08002743910383359 -0.0012217090710132938 0.03596194247348139
v 0.0802197914078917 -0.0008393673103374716 0.035990392487039724
v 0.0801171989347571 -0.0012489368316678101 0.035990392487039724
v 0.08031545639046289 -0.0008583974649927287 0.03600000170990825
v 0.07980843732341203 -0.00157750339848238 0.03591573504330814
v 0.07988829419976362 -0.0016105838586946697 0.03596194247348139
v 0.08037881851505446 -0.0004312754478259448 0.03600000170990825
v 0.07956865307130023 -0.0019074817609801564 0.03585355547492508
v 0.07963547131177862 -0.0019431987731746703 0.03591573504330814
v 0.07912794870466477 -0.002567038657999565 0.03585355547492508
v 0.07936449809334167 -0.0022480853671695555 0.03585355547492508
v 0.07942750163637324 -0.0022901800766579605 0.03591573504330814
v 0.07881730263278097 -0.002817301168741987 0.03577778795423647
v 0.07886127083555294 -0.0028612700867697294 0.03585355547492508
v 0.07918651956926315 -0.002615105514759547 0.03591573504330814
v 0.07971171185495063 -0.001983947848138712 0.03596194247348139
v 0.07979442975438733 -0.0020281632909889546 0.035990392487039724
v 0.07997495649636033 -0.0016464782543204604 0.035990392487039724
v 0.08006507490884385 -0.0016838072146048433 0.03600000170990825
v 0.0794993781656661 -0.0023382054485832082 0.03596194247348139
v 0.07957736584026875 -0.002390315884636812 0.035990392487039724
v 0.07932584757881056 -0.0027294486865418743 0.035990392487039724
v 0.07925333780974153 -0.0026699446515805747 0.03596194247348139
v 0.07965846630798801 -0.0024445091454963763 0.03600000170990825
v 0.07988045881120787 -0.0020741456540128433 0.03600000170990825
v 0.08021054458128063 -0.0012772526155597347 0.03600000170990825
v 0.07945803447473754 -0.003458029911256877 0.03559754731457199
v 0.07871696083113999 -0.004066212847248507 0.03559754731457199
v 0.07817206181844227 -0.0032507199400912123 0.03559754731457199
v 0.07910243600814049 -0.003780324877050295 0.03559754731457199
v 0.07848023596638054 -0.003022167587774377 0.03559754731457199
v 0.07849827948530397 -0.003044161941159751 0.035691343095394235
v 0.07852759162048528 -0.0030798787149356743 0.03577778795423647
v 0.07818786992466187 -0.003274377501563397 0.035691343095394235
v 0.07821354283847892 -0.003312795557968845 0.03577778795423647
v 0.07787816989774488 -0.0035138084173241824 0.03577778795423647
v 0.07785639560471846 -0.003473059342360141 0.035691343095394235
v 0.07824808873855726 -0.0033644975829770496 0.03585355547492508
v 0.07784298312849547 -0.003447966024136412 0.03559754731457199
v 0.07856704322148023 -0.003127945571695656 0.03585355547492508
v 0.07787147891842316 -0.004518133854889139 0.03559754731457199
v 0.0774961432072363 -0.003612006359000053 0.03559754731457199
v 0.07695407470004412 -0.004796425570377794 0.03559754731457199
v 0.07713489898841797 -0.0037412611831019738 0.03559754731457199
v 0.07647934323218308 -0.004866844408408788 0.03559754731457199
v 0.07741961274705833 -0.004679814084126155 0.03559754731457199
v 0.07676272947611196 -0.003834485474562971 0.03559754731457199
v 0.07714316162308776 -0.003768488824547195 0.035691343095394235
v 0.0775070303537495 -0.003638293439106044 0.035691343095394235
v 0.07715657409931076 -0.0038127042673974376 0.03577778795423647
v 0.07676828367559452 -0.003862391655316544 0.035691343095394235
v 0.07677729399096389 -0.0039077088304731444 0.03577778795423647
v 0.07752471529111293 -0.0036809813340474284 0.03577778795423647
v 0.07830531682965436 -0.0043129412792250466 0.03559754731457199
v 0.07861510840931007 -0.003186515244201077 0.03591573504330814
v 0.07891485207589088 -0.0029148463203172714 0.03591573504330814
v 0.07897597115838373 -0.0029759708864376955 0.03596194247348139
v 0.07790748203292619 -0.00356864755414521 0.03585355547492508
v 0.07794320285981815 -0.0036354691324838595 0.03591573504330814
v 0.0782901801101854 -0.0034274965960554016 0.03591573504330814
v 0.07754851137378616 -0.003738429485503486 0.03585355547492508
v 0.07866994849980546 -0.0032533370609583168 0.03596194247348139
v 0.07904230111758892 -0.0030422951235967166 0.035990392487039724
v 0.0791112708474273 -0.003111270098644092 0.03600000170990825
v 0.07872945015058086 -0.0033258427769113086 0.035990392487039724
v 0.07833820715104078 -0.003499371694836717 0.03596194247348139
v 0.07839031591816426 -0.0035773605615323223 0.035990392487039724
v 0.07802816380135358 -0.003794426621418212 0.035990392487039724
v 0.07798395145794501 -0.0037117053841212444 0.03596194247348139
v 0.07844451513948858 -0.003658466512879155 0.03600000170990825
v 0.07879133217256307 -0.003401246232412336 0.03600000170990825
v 0.07717462524762908 -0.003872208063940147 0.03585355547492508
v 0.07757751070377683 -0.0038084301373268736 0.03591573504330814
v 0.0771966207931074 -0.003944713779893139 0.03591573504330814
v 0.07678942472884476 -0.003968695352229712 0.03585355547492508
v 0.0768042104961486 -0.004043008042679541 0.03591573504330814
v 0.07722171387291255 -0.004027435017190106 0.03596194247348139
v 0.0776105841306407 -0.003888293450980407 0.03596194247348139
v 0.0772489431832879 -0.004117192940764902 0.035990392487039724
v 0.07682107145886352 -0.00412779017027215 0.03596194247348139
v 0.07683937437721333 -0.00421978446022514 0.035990392487039724
v 0.07764648043361522 -0.003974950263949534 0.035990392487039724
v 0.07978033063262391 -0.0031024323983341873 0.03559754731457199
v 0.07940124888854427 -0.002791330470105491 0.03600000170990825
v 0.08049754715838908 -6.438898114864186e-16 0.035990392487039724
v 0.08059134293921133 -6.434777604311941e-16 0.03596194247348139
v 0.08047589493568097 -0.0004408365399415255 0.035990392487039724
v 0.08041112900242897 -0.0008774275600433382 0.035990392487039724
v 0.08030388259840926 -0.0013055685186609545 0.035990392487039724
v 0.0805692405822045 -0.00045003019920693624 0.03596194247348139
v 0.08067779161275102 -6.428206796733496e-16 0.03591573504330814
v 0.08075355913343962 -6.419438853348151e-16 0.03585355547492508
v 0.08065526200963014 -0.00045850314887581345 0.03591573504330814
v 0.08050312424605632 -0.000895726365672464 0.03596194247348139
v 0.0805879097115092 -0.0009125906662476452 0.03591573504330814
v 0.08047636795816437 -0.0013578893591206093 0.03591573504330814
v 0.08039364242933278 -0.0013327961601061755 0.03596194247348139
v 0.08066222001777312 -0.0009273723208308091 0.03585355547492508
v 0.08073067094875874 -0.00046592973895595927 0.03585355547492508
v 0.0799664878680284 -0.0021201282554553225 0.035990392487039724
v 0.08015519332132737 -0.001721136055679931 0.035990392487039724
v 0.08024184798852918 -0.0017570304513057217 0.03596194247348139
v 0.07947665019827799 -0.0028532124920876978 0.035990392487039724
v 0.07973957440510215 -0.0024987024063559404 0.035990392487039724
v 0.0798175620797048 -0.0025508128424095444 0.03596194247348139
v 0.07954915996734702 -0.0029127165270489974 0.03596194247348139
v 0.07918024820666059 -0.0031802448352728774 0.035990392487039724
v 0.0800492057674651 -0.0021643436983055653 0.03596194247348139
v 0.08032171249427567 -0.0017901109115180114 0.03591573504330814
v 0.08039171219242469 -0.0018191061883926496 0.03585355547492508
v 0.08012543868124222 -0.002205092773269607 0.03591573504330814
v 0.07988943860899766 -0.002598838214334792 0.03591573504330814
v 0.0796159782078254 -0.002967555663870025 0.03591573504330814
v 0.07995244215202923 -0.002640932923823197 0.03585355547492508
v 0.0801922645511155 -0.0022408095470455303 0.03585355547492508
v 0.07924657053647088 -0.0032465690724318985 0.03596194247348139
v 0.08054887009783851 -0.0013798838317152784 0.03585355547492508
v 0.08081573870182268 -6.408810418946452e-16 0.03577778795423647
v 0.08086194231729849 -6.396729695665729e-16 0.035691343095394235
v 0.08079255297074095 -0.00047202458239463396 0.03577778795423647
v 0.08072320940055278 -0.0009395032971302661 0.03577778795423647
v 0.0806083717486139 -0.001397934145568533 0.03577778795423647
v 0.08083853533376484 -0.00047655346272906796 0.035691343095394235
v 0.08076852037682603 -0.0009485174271970861 0.035691343095394235
v 0.08065259172141737 -0.001411346741000824 0.035691343095394235
v 0.08024710464161089 -0.0022701216822268444 0.03577778795423647
v 0.0804491615359737 -0.0018429020326472811 0.03577778795423647
v 0.08049184800040354 -0.0018605838705690325 0.035691343095394235
v 0.07967454907242377 -0.003015622520630007 0.03585355547492508
v 0.08000413893182845 -0.0026754790623201297 0.03577778795423647
v 0.07972261426025362 -0.003055070068508914 0.03577778795423647
v 0.08004256056451275 -0.0027011491151140987 0.035691343095394235
v 0.07930769724835862 -0.0033076936385523226 0.03591573504330814
v 0.07936127085930167 -0.003361270110518455 0.03585355547492508
v 0.08028785323973775 -0.002291902650973787 0.035691343095394235
v 0.07975833508714558 -0.0030843819652716375 0.035691343095394235
v 0.07940523906207364 -0.003405238790127607 0.03577778795423647
v 0.07885321419454527 -0.0034766496879133635 0.035990392487039724
v 0.07891272347471556 -0.0035491554038663553 0.03596194247348139
v 0.07849870673141801 -0.003739572225807397 0.035990392487039724
v 0.07807414616437747 -0.0038804537708900244 0.03600000170990825
v 0.07812012852740136 -0.003966480920361837 0.035990392487039724
v 0.07768381106282973 -0.0040650703453631865 0.03600000170990825
v 0.07855081549854148 -0.0038175613309215928 0.03596194247348139
v 0.07896755593581606 -0.0036159769822050047 0.03591573504330814
v 0.0790156287530408 -0.0036745466547104255 0.03585355547492508
v 0.07859884253939686 -0.0038894364297029083 0.03591573504330814
v 0.07816434850020482 -0.004049202157658804 0.03596194247348139
v 0.07820509709833168 -0.004125438409296189 0.03591573504330814
v 0.07775703036562387 -0.004241846762908785 0.03596194247348139
v 0.07779011142188264 -0.004321710314980909 0.03591573504330814
v 0.07824081029582874 -0.004192259987634839 0.03585355547492508
v 0.07772114169204425 -0.004155190188358249 0.035990392487039724
v 0.078640933911025 -0.00395243544278126 0.03585355547492508
v 0.07727725586773815 -0.004210537633614064 0.03600000170990825
v 0.0773055685521884 -0.004303882803300407 0.035990392487039724
v 0.07685840208807804 -0.0043154556416796774 0.03600000170990825
v 0.07687742979894274 -0.004411126346297034 0.035990392487039724
v 0.07733279786256375 -0.004393640250038022 0.03596194247348139
v 0.07735789094236889 -0.00447636148733499 0.03591573504330814
v 0.07689573271729255 -0.004503120636250024 0.03596194247348139
v 0.07691259368000747 -0.004587903240679814 0.03591573504330814
v 0.07737988648784722 -0.004548866964869391 0.03585355547492508
v 0.07781911075187331 -0.004391710966804296 0.03585355547492508
v 0.07905507272464085 -0.0037226135114704073 0.03577778795423647
v 0.07943791576040304 -0.003437910720085202 0.035691343095394235
v 0.07827012243101006 -0.0042470991244558665 0.03577778795423647
v 0.07908438485982217 -0.003758330523664921 0.035691343095394235
v 0.07867547981110334 -0.004004137229370874 0.03577778795423647
v 0.0787011527249204 -0.004042555524194913 0.035691343095394235
v 0.07784290683454653 -0.004449158879841764 0.03577778795423647
v 0.07829190435343136 -0.004287848199419908 0.035691343095394235
v 0.07786058414251507 -0.004491846774783148 0.035691343095394235
v 0.07739793763616554 -0.004608370999830691 0.03577778795423647
v 0.07741135011238853 -0.004652586681099524 0.035691343095394235
v 0.07692737944731132 -0.004662215454292462 0.03585355547492508
v 0.07693951018519218 -0.00472320197604903 0.03577778795423647
v 0.07694852050056156 -0.00476851915120563 0.035691343095394235
f 1 2 3
f 4 5 6
f 7 8 9
f 2 9 10
f 9 2 7
f 8 11 9
f 7 2 1
f 12 3 2
f 13 14 15
f 14 16 17
f 18 10 19
f 18 12 2
f 18 20 21
f 20 18 19
f 22 21 20
f 23 24 10
f 18 21 12
f 2 10 18
f 19 25 20
f 26 23 9
f 4 17 5
f 11 27 28
f 26 28 29
f 28 26 11
f 27 30 28
f 11 26 9
f 30 31 32
f 30 32 33
f 32 31 34
f 32 34 35
f 33 32 36
f 30 33 28
f 28 33 37
f 23 29 38
f 23 26 29
f 39 19 24
f 38 24 23
f 37 40 29
f 24 19 10
f 33 36 37
f 37 29 28
f 37 41 40
f 41 37 36
f 42 36 43
f 44 38 40
f 42 45 41
f 40 38 29
f 32 35 43
f 46 24 38
f 34 47 35
f 23 10 9
f 48 40 41
f 22 49 50
f 51 52 53
f 49 25 54
f 49 22 20
f 55 50 56
f 54 56 49
f 39 57 25
f 49 56 50
f 25 49 20
f 58 56 54
f 55 59 60
f 61 62 63
f 58 64 59
f 59 55 56
f 65 66 67
f 65 60 66
f 68 66 64
f 59 64 66
f 66 60 59
f 56 58 59
f 69 65 67
f 57 70 54
f 71 51 61
f 46 72 39
f 25 19 39
f 73 58 70
f 74 57 72
f 39 72 57
f 58 54 70
f 44 48 75
f 46 38 44
f 57 74 70
f 72 46 76
f 75 76 44
f 77 72 76
f 48 45 78
f 76 46 44
f 24 46 39
f 79 76 75
f 73 64 58
f 70 74 80
f 81 68 64
f 81 64 73
f 70 80 73
f 68 67 66
f 77 79 82
f 79 77 76
f 83 73 80
f 80 74 84
f 82 84 77
f 85 80 84
f 79 86 87
f 84 74 77
f 74 72 77
f 82 88 84
f 75 78 86
f 54 25 57
f 40 48 44
f 67 68 89
f 36 32 43
f 15 53 90
f 47 91 92
f 92 93 94
f 93 92 91
f 91 95 93
f 96 35 92
f 95 97 98
f 99 100 98
f 99 98 97
f 97 101 99
f 95 98 93
f 93 98 102
f 96 103 43
f 43 35 96
f 45 48 41
f 104 42 103
f 43 103 42
f 42 41 36
f 94 102 105
f 102 94 93
f 42 104 45
f 103 96 106
f 105 106 94
f 107 103 106
f 102 100 108
f 106 96 94
f 96 92 94
f 105 109 106
f 98 100 102
f 92 35 47
f 101 110 111
f 112 100 99
f 99 111 112
f 111 110 113
f 111 99 101
f 114 115 116
f 117 111 113
f 113 110 118
f 116 118 114
f 119 113 118
f 120 121 115
f 118 110 114
f 122 118 116
f 117 123 112
f 117 112 111
f 124 105 108
f 108 100 125
f 123 125 112
f 125 100 112
f 119 122 126
f 122 119 118
f 127 125 123
f 123 117 128
f 126 128 119
f 129 123 128
f 130 131 122
f 128 117 119
f 117 113 119
f 132 108 125
f 121 130 116
f 108 105 102
f 133 128 126
f 107 134 104
f 107 104 103
f 78 135 136
f 78 45 135
f 134 135 104
f 135 45 104
f 124 137 109
f 124 109 105
f 134 138 139
f 134 107 138
f 137 138 109
f 138 107 109
f 107 106 109
f 135 134 140
f 86 136 141
f 86 78 136
f 142 82 87
f 141 87 86
f 140 143 136
f 87 82 79
f 134 139 140
f 140 136 135
f 140 144 143
f 144 140 139
f 145 139 146
f 147 141 143
f 138 146 139
f 143 141 136
f 138 137 146
f 148 87 141
f 132 149 124
f 86 79 75
f 127 150 132
f 127 132 125
f 151 146 137
f 137 149 151
f 132 150 149
f 137 124 149
f 129 133 152
f 133 129 128
f 153 149 150
f 150 127 154
f 152 154 129
f 155 150 154
f 156 157 133
f 154 127 129
f 127 123 129
f 158 154 152
f 153 159 151
f 153 151 149
f 160 144 145
f 145 146 161
f 159 161 151
f 161 146 151
f 155 158 162
f 158 155 154
f 163 161 159
f 159 153 164
f 162 164 155
f 165 159 164
f 166 167 158
f 164 153 155
f 153 150 155
f 168 145 161
f 157 166 152
f 145 144 139
f 124 108 132
f 169 143 144
f 131 156 126
f 78 75 48
f 164 162 170
f 171 172 69
f 67 171 69
f 173 174 175
f 89 176 177
f 178 171 89
f 179 178 180
f 179 171 178
f 177 181 178
f 171 67 89
f 68 81 176
f 179 172 171
f 172 182 183
f 184 185 186
f 182 180 187
f 182 172 179
f 188 189 183
f 188 182 187
f 188 187 190
f 180 181 191
f 188 183 182
f 179 180 182
f 192 189 188
f 176 89 68
f 175 186 193
f 85 194 83
f 85 83 80
f 176 195 196
f 176 81 195
f 194 195 83
f 195 81 83
f 88 142 197
f 142 88 82
f 194 198 199
f 194 85 198
f 197 198 88
f 197 200 198
f 148 201 142
f 198 85 88
f 85 84 88
f 195 194 202
f 196 203 177
f 196 177 176
f 191 187 180
f 204 181 203
f 177 203 181
f 181 180 178
f 202 199 205
f 199 202 194
f 181 204 191
f 203 196 206
f 205 206 202
f 207 203 206
f 199 200 208
f 206 196 202
f 196 195 202
f 209 206 205
f 208 210 205
f 177 178 89
f 81 73 83
f 187 191 211
f 212 192 213
f 188 190 213
f 214 215 216
f 211 217 190
f 211 190 187
f 212 218 219
f 212 213 218
f 217 220 218
f 218 213 190
f 213 192 188
f 221 192 212
f 221 222 223
f 224 225 226
f 222 219 227
f 222 221 212
f 228 223 229
f 227 229 222
f 227 219 220
f 229 223 222
f 212 219 222
f 218 190 217
f 225 230 215
f 231 211 232
f 204 207 233
f 217 231 234
f 217 211 231
f 233 235 232
f 211 191 232
f 207 209 236
f 209 207 206
f 236 237 233
f 236 233 207
f 233 237 235
f 235 231 232
f 209 210 238
f 233 232 204
f 204 203 207
f 231 235 239
f 220 234 240
f 220 217 234
f 241 240 234
f 234 242 241
f 220 240 227
f 235 243 239
f 239 234 231
f 239 244 242
f 244 239 243
f 245 244 243
f 237 246 247
f 239 242 234
f 243 235 237
f 236 238 246
f 220 219 218
f 204 232 191
f 200 199 198
f 248 184 214
f 249 197 201
f 148 147 250
f 200 249 251
f 200 197 249
f 250 252 201
f 197 142 201
f 147 169 253
f 169 147 143
f 201 252 249
f 253 250 147
f 160 254 169
f 250 201 148
f 148 141 147
f 255 250 253
f 208 251 256
f 208 200 251
f 210 256 257
f 256 210 208
f 258 259 251
f 210 209 205
f 252 255 260
f 255 252 250
f 260 261 258
f 260 258 252
f 258 261 259
f 259 256 251
f 262 263 255
f 258 251 249
f 252 258 249
f 256 259 264
f 254 262 253
f 208 205 199
f 168 265 160
f 168 160 145
f 260 255 263
f 266 254 265
f 160 265 254
f 255 253 262
f 163 165 267
f 165 163 159
f 254 266 262
f 265 168 268
f 267 268 163
f 269 265 268
f 165 170 270
f 268 168 163
f 168 161 163
f 271 268 267
f 263 272 273
f 260 263 274
f 261 274 275
f 261 260 274
f 262 272 263
f 262 266 272
f 269 271 276
f 271 269 268
f 263 273 274
f 272 266 277
f 276 277 269
f 278 272 277
f 271 279 280
f 277 266 269
f 266 265 269
f 281 277 276
f 267 270 279
f 253 169 254
f 169 144 160
f 259 261 282
f 238 257 283
f 238 210 257
f 246 283 284
f 283 246 238
f 264 285 257
f 246 237 236
f 264 282 286
f 264 259 282
f 285 286 287
f 286 285 264
f 286 288 289
f 285 283 257
f 256 264 257
f 283 285 290
f 247 284 245
f 284 247 246
f 291 245 284
f 284 290 291
f 247 245 243
f 290 287 292
f 287 290 285
f 292 293 290
f 294 292 287
f 294 287 289
f 290 293 291
f 284 283 290
f 282 275 288
f 247 243 237
f 274 295 275
f 275 282 261
f 275 296 288
f 296 275 295
f 278 297 273
f 288 286 282
f 278 281 298
f 281 278 277
f 296 295 299
f 295 297 299
f 298 297 278
f 300 297 298
f 281 301 302
f 295 273 297
f 273 272 278
f 288 296 303
f 288 303 289
f 296 299 304
f 305 306 303
f 303 306 289
f 296 304 303
f 289 306 294
f 299 307 304
f 307 299 300
f 304 308 305
f 308 304 307
f 309 307 310
f 300 311 310
f 304 305 303
f 299 297 300
f 298 302 311
f 289 287 286
f 273 295 274
f 276 280 301
f 238 236 209
f 142 87 148
f 165 164 170
f 174 312 62
f 120 313 314
f 121 314 315
f 314 121 120
f 313 316 314
f 122 116 130
f 316 317 318
f 319 320 318
f 319 318 317
f 317 321 319
f 316 318 314
f 314 318 322
f 315 323 130
f 315 130 121
f 152 133 157
f 324 131 323
f 130 323 131
f 133 126 156
f 315 325 323
f 325 315 322
f 323 326 324
f 326 323 325
f 327 325 328
f 324 326 329
f 322 320 328
f 324 156 131
f 315 314 322
f 156 324 330
f 322 318 320
f 126 122 131
f 321 331 332
f 320 319 333
f 319 332 333
f 331 334 332
f 332 319 321
f 335 336 337
f 338 332 334
f 337 334 335
f 339 337 336
f 340 334 337
f 336 341 339
f 335 334 331
f 342 337 339
f 338 343 333
f 338 333 332
f 325 327 326
f 328 320 344
f 343 344 333
f 344 320 333
f 340 342 345
f 342 340 337
f 346 344 343
f 343 338 347
f 345 347 340
f 348 343 347
f 349 350 342
f 347 338 340
f 338 334 340
f 351 328 344
f 352 349 339
f 328 325 322
f 353 347 345
f 157 330 354
f 157 156 330
f 166 354 355
f 354 166 157
f 329 356 330
f 162 158 167
f 326 357 329
f 329 330 324
f 329 358 356
f 358 329 357
f 351 359 327
f 356 354 330
f 357 326 327
f 354 356 360
f 355 361 167
f 167 166 355
f 170 362 363
f 170 162 362
f 361 362 167
f 162 167 362
f 356 364 360
f 360 355 354
f 365 361 355
f 360 364 366
f 360 366 365
f 361 365 367
f 368 369 358
f 365 355 360
f 364 356 358
f 362 361 370
f 359 368 357
f 152 166 158
f 346 371 351
f 346 351 344
f 364 358 369
f 372 359 371
f 351 371 359
f 358 357 368
f 348 353 373
f 353 348 347
f 359 372 368
f 371 346 374
f 373 374 348
f 375 371 374
f 376 377 353
f 374 346 348
f 346 343 348
f 374 373 378
f 369 379 380
f 379 368 372
f 366 381 382
f 366 364 381
f 368 379 369
f 364 369 381
f 372 383 379
f 383 372 375
f 379 384 380
f 384 379 383
f 385 383 386
f 380 384 387
f 375 378 386
f 380 381 369
f 372 371 375
f 381 380 388
f 375 374 378
f 357 327 359
f 327 328 351
f 365 366 389
f 350 376 345
f 116 115 121
f 341 390 352
f 352 391 392
f 391 352 390
f 390 393 391
f 342 339 349
f 393 394 395
f 396 397 395
f 396 395 394
f 394 398 396
f 393 395 391
f 391 395 399
f 392 400 349
f 392 349 352
f 373 353 377
f 401 350 400
f 349 400 350
f 353 345 376
f 392 402 400
f 402 392 399
f 400 403 401
f 403 400 402
f 404 402 405
f 401 403 406
f 399 397 405
f 401 376 350
f 392 391 399
f 376 401 407
f 399 395 397
f 345 342 350
f 398 408 409
f 397 396 410
f 396 409 410
f 408 411 409
f 409 396 398
f 412 6 413
f 414 409 411
f 413 411 412
f 5 413 6
f 415 411 413
f 412 411 408
f 16 413 5
f 414 416 410
f 414 410 409
f 402 404 403
f 405 397 417
f 416 417 410
f 417 397 410
f 415 16 13
f 16 415 413
f 418 417 416
f 416 414 419
f 13 419 415
f 420 416 419
f 14 13 16
f 419 414 415
f 414 411 415
f 421 405 417
f 16 5 17
f 405 402 399
f 90 419 13
f 407 422 377
f 377 376 407
f 378 423 424
f 378 373 423
f 422 423 377
f 373 377 423
f 403 425 406
f 426 407 406
f 406 425 427
f 426 422 407
f 421 428 404
f 407 401 406
f 425 403 404
f 423 422 429
f 386 424 430
f 386 378 424
f 385 430 431
f 430 385 386
f 429 432 424
f 385 384 383
f 422 433 429
f 429 424 423
f 429 434 432
f 434 429 433
f 435 433 436
f 432 434 437
f 426 427 436
f 432 430 424
f 433 422 426
f 430 432 438
f 426 406 427
f 386 383 375
f 418 439 421
f 418 421 417
f 427 425 440
f 425 428 440
f 439 428 421
f 425 404 428
f 420 90 52
f 90 420 419
f 441 428 439
f 439 418 442
f 52 442 420
f 443 439 442
f 52 90 53
f 442 418 420
f 418 416 420
f 71 442 52
f 441 444 440
f 441 440 428
f 433 435 434
f 436 427 445
f 444 445 440
f 445 427 440
f 443 71 63
f 71 443 442
f 446 445 444
f 444 441 447
f 63 447 443
f 448 444 447
f 71 61 63
f 447 441 443
f 441 439 443
f 449 436 445
f 51 71 52
f 436 433 426
f 404 405 421
f 312 447 63
f 13 15 90
f 352 339 341
f 384 385 450
f 270 363 451
f 270 170 363
f 279 451 452
f 451 279 270
f 370 453 363
f 279 271 267
f 367 454 370
f 370 361 367
f 367 389 455
f 454 453 370
f 365 389 367
f 453 451 363
f 362 370 363
f 451 453 456
f 280 452 457
f 280 279 452
f 301 457 458
f 457 301 280
f 456 459 452
f 301 281 276
f 453 460 456
f 456 452 451
f 456 461 459
f 461 456 460
f 462 460 463
f 459 461 464
f 454 455 463
f 459 457 452
f 460 453 454
f 457 459 465
f 454 367 455
f 280 276 271
f 388 466 382
f 382 381 388
f 455 467 468
f 455 389 467
f 466 467 382
f 467 389 382
f 387 450 469
f 387 384 450
f 466 470 471
f 466 388 470
f 469 470 387
f 470 469 472
f 431 473 450
f 470 388 387
f 380 387 388
f 467 466 474
f 463 468 475
f 468 463 455
f 462 475 476
f 475 462 463
f 474 477 468
f 462 461 460
f 474 471 478
f 471 474 466
f 474 478 477
f 471 472 479
f 471 479 478
f 477 478 480
f 471 470 472
f 477 475 468
f 468 467 474
f 475 477 481
f 473 482 469
f 463 460 454
f 366 382 389
f 461 462 483
f 302 458 484
f 302 301 458
f 311 484 485
f 484 311 302
f 465 486 458
f 311 300 298
f 464 487 465
f 465 459 464
f 464 483 488
f 487 486 465
f 461 483 464
f 486 484 458
f 457 465 458
f 484 486 489
f 310 485 490
f 310 311 485
f 490 309 310
f 489 491 485
f 309 308 307
f 486 492 489
f 489 485 484
f 489 493 491
f 493 489 492
f 494 493 492
f 487 488 495
f 491 490 485
f 492 486 487
f 487 464 488
f 310 307 300
f 481 496 476
f 476 475 481
f 488 497 498
f 488 483 497
f 496 497 476
f 497 483 476
f 478 499 480
f 500 481 480
f 500 496 481
f 480 499 501
f 502 500 501
f 496 500 503
f 504 505 479
f 481 477 480
f 483 462 476
f 497 496 506
f 495 498 507
f 498 495 488
f 507 494 495
f 498 508 507
f 495 494 492
f 506 503 509
f 503 506 496
f 509 508 506
f 510 509 503
f 510 503 502
f 506 508 498
f 498 497 506
f 480 501 500
f 495 492 487
f 479 499 478
f 482 504 472
f 302 298 281
f 431 438 511
f 431 430 438
f 473 511 512
f 511 473 431
f 437 513 438
f 472 469 482
f 434 514 437
f 437 438 432
f 437 515 513
f 515 437 514
f 449 516 435
f 513 511 438
f 450 385 431
f 511 513 517
f 482 512 518
f 482 473 512
f 504 518 519
f 518 504 482
f 517 520 512
f 499 479 505
f 513 521 517
f 517 512 511
f 517 522 520
f 522 517 521
f 521 523 524
f 520 522 525
f 526 523 515
f 520 518 512
f 521 513 515
f 518 520 527
f 516 526 514
f 479 472 504
f 446 528 449
f 446 449 445
f 526 515 514
f 529 516 528
f 449 528 516
f 516 514 435
f 448 312 173
f 312 448 447
f 516 529 526
f 528 446 530
f 173 530 448
f 531 528 530
f 174 173 312
f 530 446 448
f 446 444 448
f 193 530 173
f 526 532 523
f 532 526 529
f 523 533 524
f 533 523 532
f 531 534 529
f 524 522 521
f 531 193 185
f 193 531 530
f 533 532 535
f 532 534 535
f 185 534 531
f 248 534 185
f 185 193 186
f 532 529 534
f 529 528 531
f 524 533 536
f 173 175 193
f 523 521 515
f 435 436 449
f 522 524 537
f 519 538 505
f 505 504 519
f 501 539 540
f 501 499 539
f 538 539 505
f 499 505 539
f 527 525 541
f 527 520 525
f 538 542 543
f 538 519 542
f 541 542 527
f 542 541 544
f 537 545 525
f 542 519 527
f 518 527 519
f 539 538 546
f 502 540 547
f 540 502 501
f 548 547 540
f 540 546 548
f 502 547 510
f 546 543 549
f 543 546 538
f 543 550 549
f 550 543 544
f 550 544 551
f 543 542 544
f 546 549 548
f 540 539 546
f 545 552 541
f 502 503 500
f 537 536 553
f 537 524 536
f 545 553 554
f 553 545 537
f 555 556 536
f 544 541 552
f 535 248 216
f 248 535 534
f 216 230 555
f 216 555 535
f 555 230 556
f 556 553 536
f 248 214 216
f 555 536 533
f 525 522 537
f 553 556 557
f 552 554 558
f 552 545 554
f 558 551 552
f 554 559 558
f 551 544 552
f 556 224 557
f 557 554 553
f 557 560 559
f 560 557 224
f 224 226 560
f 225 224 230
f 557 559 554
f 224 556 230
f 230 216 215
f 541 525 545
f 555 533 535
f 184 248 185
f 469 450 473
f 514 434 435
f 312 63 62
f 270 267 165
f 4 6 561
f 561 562 4
f 4 563 17
f 563 4 562
f 562 564 563
f 564 565 566
f 566 567 568
f 567 566 565
f 565 569 567
f 564 566 563
f 563 566 570
f 17 571 14
f 17 563 571
f 572 15 14
f 14 571 572
f 568 573 570
f 571 563 570
f 574 575 572
f 572 571 574
f 576 572 575
f 572 576 15
f 573 574 570
f 574 571 570
f 566 568 570
f 15 576 53
f 577 578 567
f 569 579 577
f 577 580 581
f 580 577 579
f 579 582 580
f 568 567 578
f 583 584 582
f 584 585 582
f 585 584 586
f 585 587 588
f 582 585 589
f 583 582 579
f 580 582 590
f 581 591 578
f 581 578 577
f 592 574 573
f 573 568 593
f 591 593 578
f 568 578 593
f 590 589 594
f 589 590 582
f 595 593 591
f 591 581 596
f 594 596 590
f 597 591 596
f 589 588 598
f 596 581 590
f 581 580 590
f 599 573 593
f 598 600 594
f 577 567 569
f 601 596 594
f 53 602 51
f 53 576 602
f 51 603 61
f 603 51 602
f 604 605 602
f 575 592 606
f 592 575 574
f 602 605 603
f 606 604 575
f 599 607 592
f 604 602 576
f 575 604 576
f 608 604 606
f 61 609 62
f 61 603 609
f 62 610 174
f 610 62 609
f 611 612 609
f 605 608 613
f 608 605 604
f 613 614 611
f 613 611 605
f 611 614 612
f 612 610 609
f 615 616 608
f 611 609 603
f 605 611 603
f 610 612 617
f 607 615 606
f 595 618 599
f 595 599 593
f 613 608 616
f 619 607 618
f 599 618 607
f 608 606 615
f 597 601 620
f 601 597 596
f 607 619 615
f 618 595 621
f 620 621 597
f 622 618 621
f 601 600 623
f 621 595 597
f 595 591 597
f 624 621 620
f 616 625 626
f 625 615 619
f 614 627 628
f 614 613 627
f 615 625 616
f 613 616 627
f 622 624 629
f 624 622 621
f 616 626 627
f 625 619 630
f 629 630 622
f 631 625 630
f 624 632 633
f 630 619 622
f 619 618 622
f 629 634 630
f 620 623 632
f 606 592 607
f 592 573 599
f 612 614 635
f 586 587 585
f 636 637 638
f 587 638 639
f 638 587 636
f 637 640 638
f 636 587 586
f 641 642 643
f 640 643 644
f 643 640 641
f 642 645 643
f 641 640 637
f 638 640 646
f 588 639 647
f 588 587 639
f 598 647 648
f 647 598 588
f 646 649 639
f 598 594 589
f 640 644 646
f 646 639 638
f 646 650 649
f 650 646 644
f 651 644 652
f 649 650 653
f 643 652 644
f 649 647 639
f 643 645 652
f 647 649 654
f 642 655 645
f 588 589 585
f 655 656 657
f 652 645 658
f 645 657 658
f 656 659 657
f 657 645 655
f 660 661 662
f 663 657 659
f 662 659 660
f 664 662 661
f 665 659 662
f 661 666 664
f 660 659 656
f 667 662 664
f 663 668 658
f 663 658 657
f 651 669 670
f 651 652 669
f 668 669 658
f 669 652 658
f 665 667 671
f 667 665 662
f 668 672 673
f 668 663 672
f 671 672 665
f 672 671 674
f 675 676 667
f 672 663 665
f 663 659 665
f 669 668 677
f 678 675 664
f 651 650 644
f 650 651 679
f 600 648 680
f 648 600 598
f 623 680 681
f 680 623 600
f 654 682 648
f 623 620 601
f 653 683 654
f 653 654 649
f 653 679 684
f 683 682 654
f 653 650 679
f 682 680 648
f 648 647 654
f 680 682 685
f 632 681 686
f 632 623 681
f 687 629 633
f 686 633 632
f 685 688 681
f 633 629 624
f 682 689 685
f 685 681 680
f 685 690 688
f 690 685 689
f 691 689 692
f 693 686 688
f 683 684 692
f 688 686 681
f 689 682 683
f 694 633 686
f 683 653 684
f 632 624 620
f 677 695 670
f 677 670 669
f 684 696 697
f 684 679 696
f 695 696 670
f 696 679 670
f 673 674 698
f 674 673 672
f 695 699 700
f 695 677 699
f 698 699 673
f 699 698 701
f 702 703 674
f 699 677 673
f 677 668 673
f 696 695 704
f 692 697 705
f 697 692 684
f 706 690 691
f 705 691 692
f 704 707 697
f 691 690 689
f 704 700 708
f 700 704 695
f 704 708 707
f 700 701 709
f 708 709 710
f 711 705 707
f 700 699 701
f 707 705 697
f 697 696 704
f 712 691 705
f 703 713 698
f 692 689 683
f 679 651 670
f 714 688 690
f 676 702 671
f 600 601 594
f 715 707 708
f 174 716 175
f 716 610 617
f 175 717 186
f 717 175 716
f 617 718 716
f 635 719 617
f 635 617 612
f 635 628 720
f 719 718 617
f 635 614 628
f 718 717 716
f 610 716 174
f 717 718 721
f 186 722 184
f 186 717 722
f 184 723 214
f 723 184 722
f 721 724 722
f 718 725 721
f 721 722 717
f 721 726 724
f 726 721 725
f 727 725 728
f 724 726 729
f 719 720 728
f 724 723 722
f 725 718 719
f 723 724 730
f 719 635 720
f 631 731 626
f 631 626 625
f 720 628 732
f 628 733 732
f 731 733 626
f 628 627 733
f 634 687 734
f 687 634 629
f 735 733 731
f 731 631 736
f 734 736 634
f 737 731 736
f 694 738 687
f 736 631 634
f 631 630 634
f 739 736 734
f 720 740 728
f 740 720 732
f 727 728 741
f 741 728 740
f 735 742 732
f 727 726 725
f 735 737 743
f 737 735 731
f 735 743 742
f 737 739 744
f 743 744 745
f 746 740 742
f 737 736 739
f 742 740 732
f 732 733 735
f 747 742 743
f 738 748 734
f 728 725 719
f 626 733 627
f 726 727 749
f 214 750 215
f 750 723 730
f 215 751 225
f 751 215 750
f 730 752 750
f 730 729 753
f 729 730 724
f 752 753 754
f 753 752 730
f 753 755 756
f 752 751 750
f 750 214 723
f 751 752 757
f 225 758 226
f 225 751 758
f 759 226 758
f 758 760 759
f 757 754 761
f 758 751 757
f 761 760 757
f 762 761 754
f 762 754 756
f 757 760 758
f 752 754 757
f 729 749 755
f 727 763 749
f 749 729 726
f 749 764 755
f 764 749 763
f 746 765 741
f 755 753 729
f 746 747 766
f 747 746 742
f 764 763 767
f 763 765 767
f 766 765 746
f 768 765 766
f 747 745 769
f 763 741 765
f 741 740 746
f 755 764 770
f 756 770 771
f 756 755 770
f 772 771 770
f 770 773 772
f 756 771 762
f 767 768 774
f 768 767 765
f 773 774 775
f 774 773 767
f 776 775 774
f 773 775 772
f 768 777 776
f 773 770 764
f 767 773 764
f 766 769 777
f 756 754 753
f 741 763 727
f 743 737 744
f 693 778 694
f 693 694 686
f 779 739 748
f 780 738 778
f 694 778 738
f 739 734 748
f 693 781 778
f 781 693 714
f 778 782 780
f 782 778 781
f 706 783 714
f 780 748 738
f 693 688 714
f 748 780 784
f 744 779 785
f 739 779 744
f 745 785 786
f 785 745 744
f 784 787 779
f 745 747 743
f 780 788 784
f 784 779 748
f 784 789 787
f 789 784 788
f 788 790 791
f 787 789 792
f 793 790 782
f 787 785 779
f 788 780 782
f 785 787 794
f 783 793 781
f 734 687 738
f 712 795 706
f 712 706 691
f 793 782 781
f 796 783 795
f 706 795 783
f 783 781 714
f 711 715 797
f 715 711 707
f 783 796 793
f 795 712 798
f 797 798 711
f 799 795 798
f 710 800 715
f 798 712 711
f 712 705 711
f 801 798 797
f 793 802 790
f 802 793 796
f 790 803 791
f 803 790 802
f 799 804 796
f 791 789 788
f 799 801 805
f 801 799 798
f 803 802 806
f 802 804 806
f 805 804 799
f 807 804 805
f 808 809 801
f 802 796 804
f 796 795 799
f 791 803 810
f 800 808 797
f 790 788 782
f 714 690 706
f 789 791 811
f 769 786 812
f 769 745 786
f 777 812 813
f 812 777 769
f 794 814 786
f 777 768 766
f 794 792 815
f 794 787 792
f 814 815 816
f 815 814 794
f 815 817 818
f 814 812 786
f 785 794 786
f 812 814 819
f 776 813 820
f 813 776 777
f 820 821 776
f 813 822 820
f 776 821 775
f 819 816 823
f 816 819 814
f 823 822 819
f 824 823 816
f 824 816 818
f 819 822 813
f 813 812 819
f 792 811 817
f 776 774 768
f 811 810 825
f 811 791 810
f 817 825 826
f 825 817 811
f 827 828 810
f 817 815 792
f 806 807 829
f 807 806 804
f 829 830 827
f 829 827 806
f 827 830 828
f 828 825 810
f 829 831 832
f 827 810 803
f 792 789 811
f 825 828 833
f 818 826 834
f 818 817 826
f 835 834 826
f 826 833 835
f 818 834 824
f 828 836 833
f 833 826 825
f 836 837 838
f 839 837 836
f 836 838 833
f 839 830 832
f 833 838 835
f 836 828 830
f 831 807 840
f 818 816 815
f 827 803 806
f 840 805 809
f 769 766 747
f 687 633 694
f 708 700 709
f 666 841 678
f 667 664 675
f 842 678 843
f 678 841 843
f 667 676 671
f 843 844 845
f 844 843 841
f 846 843 845
f 847 848 845
f 845 844 847
f 678 842 675
f 849 845 848
f 675 850 676
f 850 675 842
f 676 851 702
f 851 676 850
f 846 852 842
f 702 674 671
f 849 853 846
f 849 846 845
f 850 854 851
f 850 852 854
f 855 852 853
f 851 854 856
f 846 853 852
f 850 842 852
f 842 843 846
f 702 851 857
f 858 859 848
f 703 698 674
f 847 860 858
f 849 848 859
f 858 861 862
f 860 863 858
f 859 864 849
f 863 865 861
f 858 862 859
f 866 861 865
f 867 866 865
f 868 861 866
f 865 869 867
f 863 861 858
f 870 866 867
f 864 853 849
f 859 862 871
f 855 853 872
f 872 853 864
f 871 864 859
f 855 854 852
f 868 870 873
f 870 868 866
f 874 864 871
f 871 862 875
f 873 875 868
f 876 871 875
f 877 878 870
f 875 862 868
f 862 861 868
f 879 875 873
f 880 877 867
f 858 848 847
f 854 855 881
f 703 857 882
f 703 702 857
f 713 882 883
f 882 713 703
f 856 884 857
f 885 701 713
f 856 881 886
f 856 854 881
f 884 886 887
f 886 884 856
f 888 889 881
f 884 882 857
f 851 856 857
f 882 884 890
f 709 885 891
f 709 701 885
f 710 891 892
f 891 710 709
f 883 893 885
f 710 715 708
f 883 890 894
f 890 883 882
f 883 894 893
f 890 887 895
f 890 895 894
f 893 894 896
f 890 884 887
f 893 891 885
f 885 713 883
f 891 893 897
f 889 898 886
f 698 713 701
f 874 899 872
f 874 872 864
f 887 886 898
f 900 888 899
f 872 899 888
f 886 881 889
f 876 879 901
f 879 876 875
f 888 900 889
f 899 874 902
f 901 902 876
f 903 899 902
f 904 905 879
f 902 874 876
f 874 871 876
f 902 901 906
f 898 907 908
f 907 889 900
f 895 909 910
f 895 887 909
f 889 907 898
f 887 898 909
f 900 911 907
f 911 900 903
f 907 912 908
f 912 907 911
f 913 911 914
f 908 912 915
f 903 906 914
f 908 909 898
f 900 899 903
f 909 908 916
f 903 902 906
f 881 855 888
f 855 872 888
f 894 895 917
f 878 904 873
f 678 664 666
f 869 918 880
f 880 919 920
f 919 880 918
f 877 870 867
f 921 922 923
f 920 923 924
f 923 920 921
f 922 925 923
f 921 920 919
f 880 920 926
f 926 927 877
f 877 880 926
f 879 873 904
f 928 878 927
f 877 927 878
f 873 870 878
f 923 929 924
f 924 926 920
f 930 927 926
f 924 929 931
f 924 931 930
f 878 928 904
f 932 933 925
f 930 926 924
f 929 923 925
f 930 934 927
f 922 935 925
f 905 901 879
f 935 936 932
f 937 932 938
f 938 932 936
f 936 939 938
f 929 925 933
f 940 1 3
f 939 3 12
f 3 939 940
f 938 939 941
f 940 939 936
f 12 941 939
f 937 942 933
f 937 933 932
f 943 931 944
f 931 929 944
f 942 944 933
f 929 933 944
f 941 21 945
f 21 941 12
f 946 942 945
f 942 937 945
f 22 945 21
f 944 942 947
f 945 937 941
f 937 938 941
f 930 931 948
f 932 925 935
f 945 22 946
f 904 949 905
f 949 904 928
f 949 950 905
f 951 906 901
f 934 952 928
f 901 905 951
f 934 948 953
f 948 934 930
f 954 949 952
f 953 952 934
f 943 955 948
f 952 949 928
f 928 927 934
f 952 953 956
f 906 957 914
f 957 906 951
f 914 958 913
f 958 914 957
f 950 959 951
f 913 912 911
f 950 954 960
f 954 950 949
f 958 957 961
f 957 959 961
f 960 959 950
f 960 962 959
f 954 956 963
f 957 951 959
f 951 905 950
f 913 958 964
f 952 956 954
f 914 911 903
f 947 965 943
f 947 943 944
f 966 956 953
f 953 955 966
f 943 965 955
f 953 948 955
f 946 50 967
f 50 946 22
f 968 965 967
f 965 947 967
f 55 967 50
f 969 955 965
f 967 947 946
f 947 942 946
f 55 968 967
f 969 970 966
f 969 966 955
f 971 963 972
f 963 956 972
f 970 972 966
f 972 956 966
f 968 60 973
f 60 968 55
f 974 970 973
f 970 969 973
f 65 973 60
f 972 970 975
f 973 969 968
f 969 965 968
f 960 963 976
f 963 960 954
f 948 931 943
f 973 65 974
f 869 880 867
f 912 913 977
f 800 892 978
f 800 710 892
f 808 978 979
f 978 808 800
f 897 980 892
f 808 801 797
f 896 981 897
f 897 893 896
f 896 917 982
f 981 980 897
f 894 917 896
f 980 978 892
f 891 897 892
f 978 980 983
f 809 979 984
f 809 808 979
f 840 984 985
f 984 840 809
f 983 986 979
f 840 807 805
f 980 987 983
f 983 979 978
f 983 988 986
f 988 983 987
f 989 987 990
f 986 988 991
f 981 982 990
f 986 984 979
f 987 980 981
f 984 986 992
f 981 896 982
f 809 805 801
f 916 993 910
f 910 909 916
f 982 994 995
f 982 917 994
f 993 994 910
f 994 917 910
f 915 977 996
f 915 912 977
f 993 997 998
f 993 916 997
f 996 997 915
f 997 996 999
f 964 1000 977
f 997 916 915
f 908 915 916
f 994 993 1001
f 990 995 1002
f 995 990 982
f 989 1002 1003
f 1002 989 990
f 1001 1004 995
f 989 988 987
f 1001 998 1005
f 998 1001 993
f 1001 1005 1004
f 998 999 1006
f 998 1006 1005
f 1004 1005 1007
f 998 997 999
f 1004 1002 995
f 995 994 1001
f 1002 1004 1008
f 1000 1009 996
f 990 987 981
f 895 910 917
f 988 989 1010
f 831 985 1011
f 831 840 985
f 832 1011 1012
f 1011 832 831
f 992 1013 985
f 832 830 829
f 991 1014 992
f 992 986 991
f 1015 991 1010
f 1014 1013 992
f 988 1010 991
f 1013 1011 985
f 984 992 985
f 1011 1013 1016
f 839 1012 1017
f 839 832 1012
f 1018 1012 1016
f 1012 1018 1017
f 1011 1016 1012
f 839 1017 837
f 1015 1019 1014
f 1015 1014 991
f 1016 1020 1018
f 1016 1021 1020
f 1019 1020 1021
f 1014 1019 1021
f 1016 1013 1021
f 1021 1013 1014
f 1003 1022 1010
f 839 836 830
f 1003 1008 1023
f 1003 1002 1008
f 1022 1023 1024
f 1023 1022 1003
f 1007 1025 1008
f 1026 1015 1022
f 1005 1027 1007
f 1007 1008 1004
f 1007 1028 1025
f 1028 1007 1027
f 1027 1029 1030
f 1028 1031 1025
f 1032 1029 1006
f 1025 1023 1008
f 1010 989 1003
f 1023 1025 1033
f 1019 1026 1034
f 1019 1015 1026
f 1035 1034 1026
f 1026 1024 1035
f 1019 1034 1020
f 1024 1033 1036
f 1033 1024 1023
f 1036 1037 1024
f 1038 1036 1033
f 1038 1033 1031
f 1024 1037 1035
f 1026 1022 1024
f 1025 1031 1033
f 1015 1010 1022
f 1006 1027 1005
f 1009 1032 999
f 831 829 807
f 958 1039 964
f 964 977 913
f 1000 964 1040
f 1040 964 1039
f 962 1041 961
f 999 996 1009
f 962 976 1042
f 976 962 960
f 1043 1039 1041
f 1042 1041 962
f 971 1044 976
f 1041 1039 961
f 961 959 962
f 1045 1041 1042
f 1000 1046 1009
f 1046 1000 1040
f 1009 1047 1032
f 1047 1009 1046
f 1043 1048 1040
f 1027 1006 1029
f 1045 1049 1043
f 1045 1043 1041
f 1046 1050 1047
f 1046 1048 1050
f 1051 1048 1049
f 1047 1050 1052
f 1043 1049 1048
f 1046 1040 1048
f 1040 1039 1043
f 1032 1047 1053
f 1044 1054 1042
f 1006 999 1032
f 975 1055 971
f 975 971 972
f 1056 1045 1054
f 1057 1044 1055
f 971 1055 1044
f 1045 1042 1054
f 974 69 1058
f 69 974 65
f 1058 1059 1055
f 1055 975 1058
f 1057 1055 1059
f 1057 1054 1044
f 1058 69 172
f 1058 975 974
f 975 970 974
f 1054 1057 1060
f 1056 1061 1049
f 1045 1056 1049
f 1060 1062 1056
f 1061 1051 1049
f 1054 1060 1056
f 1051 1050 1048
f 1059 172 1063
f 172 1059 1058
f 1064 1063 183
f 183 1063 172
f 1060 1063 1064
f 1063 1060 1057
f 1063 1057 1059
f 183 189 1064
f 1042 976 1044
f 976 963 971
f 1050 1051 1065
f 1053 1066 1029
f 1029 1032 1053
f 1067 1031 1028
f 1028 1030 1067
f 1029 1066 1030
f 1027 1030 1028
f 1052 1065 1068
f 1052 1050 1065
f 1069 1030 1066
f 1066 1053 1070
f 1068 1070 1052
f 1071 1066 1070
f 1068 1072 1073
f 1070 1053 1052
f 1047 1052 1053
f 1074 1070 1068
f 1067 1069 1075
f 1069 1067 1030
f 1075 1076 1067
f 1069 1077 1075
f 1067 1076 1031
f 1071 1074 1078
f 1074 1071 1070
f 1078 1077 1071
f 1079 1078 1074
f 1079 1074 1073
f 1071 1077 1069
f 1069 1066 1071
f 1065 1080 1072
f 1031 1076 1038
f 1062 1081 1061
f 1062 1061 1056
f 1072 1068 1065
f 1082 1080 1081
f 1061 1081 1080
f 1080 1065 1051
f 1064 192 1083
f 192 1064 189
f 1083 1084 1081
f 1081 1062 1083
f 1082 1081 1084
f 1082 1072 1080
f 1083 192 1084
f 1083 1062 1064
f 1062 1060 1064
f 1072 1082 1085
f 1072 1085 1073
f 1082 1084 1086
f 1085 1087 1073
f 1086 1087 1085
f 1082 1086 1085
f 1073 1087 1079
f 1086 221 223
f 221 1086 1084
f 1088 223 228
f 223 1088 1086
f 1086 1088 1087
f 1084 192 221
f 1073 1074 1068
f 1051 1061 1080
f 996 977 1000
f 958 961 1039
f 800 797 715
f 562 561 1089
f 226 759 1090
f 565 564 1091
f 760 761 1092
f 761 762 1093
f 562 1089 564
f 759 760 1094
f 1090 1094 1095
f 1090 759 1094
f 1096 1095 1097
f 1095 1096 1090
f 1092 1098 1094
f 1092 1093 1099
f 1094 760 1092
f 1097 1095 1100
f 1095 1098 1100
f 1099 1098 1092
f 1099 1101 1098
f 1102 1103 1093
f 1095 1094 1098
f 761 1093 1092
f 1096 1097 1104
f 579 569 1105
f 762 771 1102
f 584 583 1106
f 1107 775 821
f 772 775 1108
f 584 1109 586
f 579 1106 583
f 771 772 1110
f 1102 1110 1111
f 1110 1102 771
f 1112 1099 1103
f 1111 1103 1102
f 1108 1113 1110
f 1099 1093 1103
f 1108 1114 1115
f 1114 1108 775
f 1108 1115 1113
f 1114 1107 1116
f 1115 1116 1117
f 1118 1111 1113
f 1114 775 1107
f 1113 1111 1110
f 1110 772 1108
f 1119 1103 1111
f 1102 1093 762
f 565 1120 569
f 1121 1113 1115
f 1122 1104 1123
f 1124 1125 1123
f 1123 1125 1122
f 1097 1123 1104
f 1100 1101 1126
f 1101 1100 1098
f 1127 1123 1128
f 1126 1128 1100
f 1112 1129 1101
f 1128 1123 1097
f 1100 1128 1097
f 1130 1128 1126
f 1131 1124 1132
f 1124 1131 1125
f 1133 1132 1134
f 1132 1133 1131
f 1127 1135 1124
f 1130 1136 1127
f 1130 1127 1128
f 1132 1137 1134
f 1132 1135 1137
f 1138 1135 1136
f 1134 1137 1139
f 1127 1136 1135
f 1132 1124 1135
f 1124 1123 1127
f 1133 1134 1140
f 1129 1141 1126
f 1119 1142 1112
f 1119 1112 1103
f 1143 1130 1141
f 1144 1129 1142
f 1112 1142 1129
f 1130 1126 1141
f 1118 1121 1145
f 1121 1118 1113
f 1129 1144 1141
f 1142 1119 1146
f 1145 1146 1118
f 1147 1142 1146
f 1121 1117 1148
f 1146 1119 1118
f 1119 1111 1118
f 1149 1146 1145
f 1143 1136 1130
f 1141 1144 1150
f 1138 1136 1151
f 1151 1136 1143
f 1150 1143 1141
f 1138 1137 1135
f 1147 1149 1152
f 1149 1147 1146
f 1153 1143 1150
f 1150 1144 1154
f 1152 1154 1147
f 1155 1150 1154
f 1149 1156 1157
f 1154 1144 1147
f 1144 1142 1147
f 1152 1158 1154
f 1145 1148 1156
f 1126 1101 1129
f 1101 1099 1112
f 1137 1138 1159
f 1114 1116 1115
f 637 636 1160
f 821 820 1161
f 642 641 1162
f 822 823 1163
f 637 1164 641
f 820 822 1161
f 1107 1165 1116
f 1107 1161 1165
f 1117 1116 1166
f 1166 1116 1165
f 1163 1167 1161
f 1117 1121 1115
f 823 1168 1163
f 1163 1161 822
f 1163 1169 1167
f 1169 1163 1168
f 1170 1168 1171
f 1172 1165 1167
f 1168 824 1171
f 1167 1165 1161
f 824 1168 823
f 1169 1173 1167
f 1161 1107 821
f 656 655 1174
f 1175 1171 834
f 1171 824 834
f 661 660 1176
f 1175 834 835
f 1177 835 838
f 837 1017 1178
f 656 1179 660
f 1180 838 837
f 1177 1181 1175
f 1177 1175 835
f 1182 1169 1170
f 1170 1171 1183
f 1181 1183 1175
f 1183 1171 1175
f 1180 1178 1184
f 1178 1180 837
f 1185 1183 1181
f 1181 1177 1186
f 1184 1186 1180
f 1187 1181 1186
f 1188 1189 1178
f 1186 1177 1180
f 1177 838 1180
f 1190 1170 1183
f 1170 1169 1168
f 642 1191 655
f 1192 1186 1184
f 1172 1193 1166
f 1172 1166 1165
f 1148 1194 1195
f 1148 1117 1194
f 1193 1194 1166
f 1194 1117 1166
f 1182 1196 1173
f 1182 1173 1169
f 1193 1197 1198
f 1193 1172 1197
f 1196 1197 1173
f 1197 1172 1173
f 1172 1167 1173
f 1194 1193 1199
f 1156 1195 1200
f 1156 1148 1195
f 1201 1152 1157
f 1200 1157 1156
f 1199 1202 1195
f 1157 1152 1149
f 1193 1198 1199
f 1199 1195 1194
f 1199 1203 1202
f 1203 1199 1198
f 1204 1198 1205
f 1206 1200 1202
f 1197 1205 1198
f 1202 1200 1195
f 1197 1196 1205
f 1207 1157 1200
f 1190 1208 1182
f 1156 1149 1145
f 1185 1209 1190
f 1185 1190 1183
f 1205 1196 1210
f 1196 1208 1210
f 1209 1208 1190
f 1196 1182 1208
f 1187 1192 1211
f 1192 1187 1186
f 1212 1208 1209
f 1209 1185 1213
f 1211 1213 1187
f 1214 1209 1213
f 1215 1216 1192
f 1213 1185 1187
f 1185 1181 1187
f 1217 1213 1211
f 1212 1218 1210
f 1212 1210 1208
f 1219 1203 1204
f 1204 1205 1220
f 1218 1220 1210
f 1220 1205 1210
f 1214 1217 1221
f 1217 1214 1213
f 1222 1220 1218
f 1218 1212 1223
f 1221 1223 1214
f 1224 1218 1223
f 1225 1226 1217
f 1223 1212 1214
f 1212 1209 1214
f 1227 1204 1220
f 1216 1225 1211
f 1204 1203 1198
f 1182 1170 1190
f 1228 1202 1203
f 1189 1215 1184
f 1148 1145 1121
f 586 1229 636
f 1223 1221 1230
f 1140 1231 1232
f 1140 1134 1231
f 1232 1233 1234
f 1233 1232 1231
f 1139 1235 1231
f 1137 1159 1139
f 1139 1231 1134
f 1139 1236 1235
f 1236 1139 1159
f 1237 1238 1159
f 1235 1233 1231
f 1138 1151 1237
f 1233 1235 1239
f 1234 1240 1241
f 1234 1233 1240
f 1241 1242 1243
f 1242 1241 1240
f 1239 1244 1240
f 1235 1245 1239
f 1239 1240 1233
f 1239 1246 1244
f 1246 1239 1245
f 1247 1245 1248
f 1244 1246 1249
f 1236 1238 1248
f 1244 1242 1240
f 1245 1235 1236
f 1242 1244 1250
f 1237 1159 1138
f 1155 1251 1153
f 1155 1153 1150
f 1237 1252 1253
f 1237 1151 1252
f 1251 1252 1153
f 1252 1151 1153
f 1158 1201 1254
f 1201 1158 1152
f 1251 1255 1256
f 1251 1155 1255
f 1254 1255 1158
f 1254 1257 1255
f 1207 1258 1201
f 1255 1155 1158
f 1155 1154 1158
f 1252 1251 1259
f 1253 1260 1238
f 1253 1238 1237
f 1247 1246 1245
f 1261 1248 1260
f 1238 1260 1248
f 1248 1245 1236
f 1259 1256 1262
f 1256 1259 1251
f 1248 1261 1247
f 1260 1253 1263
f 1262 1263 1259
f 1264 1260 1263
f 1256 1257 1265
f 1263 1253 1259
f 1253 1252 1259
f 1266 1263 1262
f 1265 1267 1262
f 1238 1236 1159
f 1151 1143 1153
f 1246 1247 1268
f 1243 1269 1270
f 1269 1242 1250
f 1270 1271 1272
f 1271 1270 1269
f 1250 1273 1269
f 1249 1274 1250
f 1249 1250 1244
f 1249 1268 1275
f 1274 1273 1250
f 1249 1246 1268
f 1273 1271 1269
f 1242 1269 1243
f 1271 1273 1276
f 1272 1277 1278
f 1272 1271 1277
f 1278 1089 561
f 1089 1278 1277
f 1276 1091 1277
f 1273 1279 1276
f 1276 1277 1271
f 1276 1120 1091
f 1120 1276 1279
f 1105 1279 1280
f 565 1091 1120
f 1274 1275 1280
f 1091 1089 1277
f 1279 1273 1274
f 564 1089 1091
f 1274 1249 1275
f 1281 1268 1282
f 1261 1264 1283
f 1275 1281 1284
f 1275 1268 1281
f 1283 1285 1282
f 1268 1247 1282
f 1264 1266 1286
f 1266 1264 1263
f 1286 1287 1283
f 1286 1283 1264
f 1283 1287 1285
f 1285 1281 1282
f 1266 1267 1288
f 1283 1282 1261
f 1261 1260 1264
f 1281 1285 1289
f 1280 1284 1290
f 1280 1275 1284
f 579 1105 1290
f 1290 1105 1280
f 1289 1106 1284
f 1105 1120 1279
f 1285 1291 1289
f 1289 1284 1281
f 1289 1109 1106
f 1109 1289 1291
f 1229 1291 1292
f 584 1106 1109
f 1287 1293 1292
f 1106 1290 1284
f 1291 1285 1287
f 579 1290 1106
f 1286 1288 1293
f 1280 1279 1274
f 1261 1282 1247
f 569 1120 1105
f 1257 1256 1255
f 1294 1254 1258
f 1207 1206 1295
f 1257 1294 1296
f 1257 1254 1294
f 1295 1297 1258
f 1254 1201 1258
f 1206 1228 1298
f 1228 1206 1202
f 1258 1297 1294
f 1298 1295 1206
f 1219 1299 1228
f 1295 1258 1207
f 1207 1200 1206
f 1300 1295 1298
f 1265 1296 1301
f 1265 1257 1296
f 1267 1301 1302
f 1301 1267 1265
f 1303 1304 1296
f 1267 1266 1262
f 1297 1300 1305
f 1300 1297 1295
f 1305 1306 1303
f 1305 1303 1297
f 1303 1306 1304
f 1304 1301 1296
f 1307 1308 1300
f 1303 1296 1294
f 1297 1303 1294
f 1301 1304 1309
f 1299 1307 1298
f 1265 1262 1256
f 1227 1310 1219
f 1227 1219 1204
f 1305 1300 1308
f 1311 1299 1310
f 1219 1310 1299
f 1300 1298 1307
f 1222 1224 1312
f 1224 1222 1218
f 1299 1311 1307
f 1310 1227 1313
f 1312 1313 1222
f 1314 1310 1313
f 1224 1230 1315
f 1313 1227 1222
f 1227 1220 1222
f 1316 1313 1312
f 1308 1317 1318
f 1317 1307 1311
f 1306 1319 1320
f 1306 1305 1319
f 1307 1317 1308
f 1305 1308 1319
f 1314 1316 1321
f 1316 1314 1313
f 1308 1318 1319
f 1317 1311 1322
f 1321 1322 1314
f 1323 1317 1322
f 1316 1324 1325
f 1322 1311 1314
f 1311 1310 1314
f 1326 1322 1321
f 1312 1315 1324
f 1298 1228 1299
f 1228 1203 1219
f 1304 1306 1327
f 1288 1302 1328
f 1288 1267 1302
f 1293 1328 1329
f 1328 1293 1288
f 1309 1330 1302
f 1293 1287 1286
f 1327 1331 1309
f 1309 1304 1327
f 1327 1320 1332
f 1331 1330 1309
f 1306 1320 1327
f 1330 1328 1302
f 1301 1309 1302
f 1328 1330 1333
f 1292 1329 1160
f 1292 1293 1329
f 636 1229 1160
f 1160 1229 1292
f 1333 1164 1329
f 1229 1109 1291
f 1330 1334 1333
f 1333 1329 1328
f 1333 1162 1164
f 1162 1333 1334
f 1191 1334 1335
f 641 1164 1162
f 1331 1332 1335
f 1164 1160 1329
f 1334 1330 1331
f 637 1160 1164
f 1331 1327 1332
f 1292 1291 1287
f 1336 1320 1337
f 1318 1323 1338
f 1332 1336 1339
f 1332 1320 1336
f 1338 1340 1337
f 1320 1319 1337
f 1323 1326 1341
f 1326 1323 1322
f 1341 1342 1338
f 1341 1338 1323
f 1338 1342 1340
f 1340 1336 1337
f 1326 1343 1344
f 1338 1337 1318
f 1318 1317 1323
f 1336 1340 1345
f 1335 1339 1174
f 1335 1332 1339
f 655 1191 1174
f 1174 1191 1335
f 1345 1179 1339
f 1191 1162 1334
f 1340 1346 1345
f 1345 1339 1336
f 1345 1176 1179
f 1176 1345 1346
f 1347 1346 1348
f 660 1179 1176
f 1342 1349 1348
f 1179 1174 1339
f 1346 1340 1342
f 656 1174 1179
f 1341 1344 1349
f 1335 1334 1331
f 1318 1337 1319
f 642 1162 1191
f 1321 1325 1343
f 1288 1286 1266
f 1201 1157 1207
f 586 1109 1229
f 1224 1223 1230
f 841 666 1350
f 1189 1184 1178
f 1018 1188 1017
f 1188 1178 1017
f 1351 1020 1352
f 1020 1351 1018
f 1020 1034 1353
f 1018 1351 1188
f 841 1354 844
f 1188 1351 1355
f 1189 1355 1356
f 1189 1188 1355
f 1215 1356 1357
f 1356 1215 1189
f 1358 1359 1355
f 1215 1192 1184
f 1352 1353 1360
f 1353 1352 1020
f 1360 1361 1358
f 1360 1358 1352
f 1358 1361 1359
f 1359 1356 1355
f 1362 1363 1353
f 1358 1355 1351
f 1352 1358 1351
f 1356 1359 1364
f 1216 1211 1192
f 860 847 1365
f 1034 1035 1362
f 1362 1353 1034
f 865 863 1366
f 1037 1036 1367
f 1036 1038 1368
f 860 1369 863
f 1035 1037 1367
f 1367 1370 1362
f 1367 1362 1035
f 1361 1360 1371
f 1360 1363 1371
f 1370 1363 1362
f 1353 1363 1360
f 1368 1372 1373
f 1372 1368 1038
f 1374 1363 1370
f 1370 1367 1375
f 1373 1375 1368
f 1376 1370 1375
f 1377 1378 1372
f 1375 1367 1368
f 1367 1036 1368
f 1379 1375 1373
f 1038 1076 1372
f 844 1380 847
f 1359 1361 1381
f 1216 1357 1382
f 1216 1215 1357
f 1225 1382 1383
f 1382 1225 1216
f 1364 1384 1357
f 1221 1217 1226
f 1364 1381 1385
f 1364 1359 1381
f 1384 1385 1386
f 1385 1384 1364
f 1387 1388 1381
f 1384 1382 1357
f 1356 1364 1357
f 1382 1384 1389
f 1383 1390 1226
f 1383 1226 1225
f 1230 1391 1392
f 1230 1221 1391
f 1390 1391 1226
f 1221 1226 1391
f 1389 1386 1393
f 1386 1389 1384
f 1390 1394 1395
f 1390 1383 1394
f 1393 1394 1389
f 1394 1393 1396
f 1397 1398 1386
f 1394 1383 1389
f 1383 1382 1389
f 1391 1390 1399
f 1388 1397 1385
f 1211 1225 1217
f 1374 1400 1371
f 1374 1371 1363
f 1388 1385 1381
f 1401 1387 1400
f 1371 1400 1387
f 1387 1381 1361
f 1376 1379 1402
f 1379 1376 1375
f 1387 1401 1388
f 1400 1374 1403
f 1402 1403 1376
f 1404 1400 1403
f 1405 1406 1379
f 1403 1374 1376
f 1374 1370 1376
f 1407 1403 1402
f 1388 1408 1397
f 1408 1388 1401
f 1397 1409 1398
f 1409 1397 1408
f 1404 1410 1401
f 1398 1393 1386
f 1407 1411 1404
f 1407 1404 1403
f 1408 1412 1409
f 1408 1410 1412
f 1413 1410 1411
f 1409 1412 1414
f 1404 1411 1410
f 1408 1401 1410
f 1401 1400 1404
f 1398 1409 1415
f 1406 1416 1402
f 1397 1386 1385
f 1361 1371 1387
f 1393 1398 1417
f 1378 1405 1373
f 918 869 1418
f 918 1418 919
f 1076 1377 1372
f 922 921 1419
f 1075 1077 1420
f 919 1421 921
f 1076 1075 1377
f 1420 1422 1377
f 1377 1075 1420
f 1405 1379 1373
f 1423 1378 1422
f 1377 1422 1378
f 1378 1373 1372
f 1424 1425 1426
f 1427 1420 1424
f 1427 1428 1422
f 1422 1420 1427
f 1423 1422 1428
f 1423 1405 1378
f 1424 1078 1425
f 1420 1077 1424
f 1078 1424 1077
f 1405 1423 1429
f 1406 1402 1379
f 936 935 1430
f 1431 1425 1079
f 1425 1078 1079
f 1 940 1432
f 1433 1087 1088
f 1079 1087 1431
f 936 1434 940
f 1433 1088 228
f 1435 1436 1431
f 1435 1431 1087
f 1426 1437 1438
f 1426 1425 1437
f 1436 1437 1431
f 1437 1425 1431
f 1433 1439 1440
f 1439 1433 228
f 1441 1436 1440
f 1436 1435 1440
f 1442 1440 1439
f 1436 1443 1437
f 1440 1435 1433
f 1435 1087 1433
f 1427 1426 1444
f 1426 1427 1424
f 922 1445 935
f 1441 1440 1442
f 1406 1429 1446
f 1406 1405 1429
f 1416 1446 1447
f 1446 1416 1406
f 1448 1449 1429
f 1450 1407 1416
f 1428 1444 1451
f 1444 1428 1427
f 1429 1449 1446
f 1451 1448 1428
f 1438 1452 1444
f 1448 1429 1423
f 1428 1448 1423
f 1448 1451 1453
f 1411 1450 1454
f 1407 1450 1411
f 1413 1454 1455
f 1454 1413 1411
f 1447 1456 1450
f 1413 1412 1410
f 1446 1457 1447
f 1447 1450 1416
f 1447 1458 1456
f 1458 1447 1457
f 1459 1457 1460
f 1456 1458 1461
f 1449 1453 1460
f 1456 1454 1450
f 1457 1446 1449
f 1454 1456 1462
f 1449 1448 1453
f 1402 1416 1407
f 1443 1463 1438
f 1443 1438 1437
f 1453 1451 1464
f 1451 1452 1464
f 1463 1452 1438
f 1451 1444 1452
f 1441 1465 1466
f 1465 1441 1442
f 1467 1463 1466
f 1463 1443 1466
f 1468 1466 1465
f 1452 1463 1469
f 1466 1443 1441
f 1443 1436 1441
f 1467 1466 1468
f 1469 1470 1464
f 1469 1464 1452
f 1460 1471 1472
f 1460 1453 1471
f 1470 1471 1464
f 1471 1453 1464
f 1467 1473 1474
f 1473 1467 1468
f 1475 1470 1474
f 1470 1469 1474
f 1476 1474 1473
f 1470 1477 1471
f 1474 1469 1467
f 1469 1463 1467
f 1459 1458 1457
f 1460 1457 1449
f 1444 1426 1438
f 1475 1474 1476
f 865 1478 869
f 1412 1413 1479
f 1315 1392 1480
f 1315 1230 1392
f 1324 1480 1481
f 1480 1324 1315
f 1399 1482 1392
f 1324 1316 1312
f 1395 1483 1399
f 1399 1390 1395
f 1395 1396 1484
f 1483 1482 1399
f 1394 1396 1395
f 1482 1480 1392
f 1391 1399 1392
f 1480 1482 1485
f 1325 1481 1486
f 1325 1324 1481
f 1343 1486 1487
f 1486 1343 1325
f 1485 1488 1481
f 1343 1326 1321
f 1482 1489 1485
f 1485 1481 1480
f 1485 1490 1488
f 1490 1485 1489
f 1491 1489 1492
f 1488 1490 1493
f 1483 1484 1492
f 1488 1486 1481
f 1489 1482 1483
f 1486 1488 1494
f 1483 1395 1484
f 1325 1321 1316
f 1415 1495 1417
f 1417 1398 1415
f 1484 1496 1497
f 1484 1396 1496
f 1495 1496 1417
f 1496 1396 1417
f 1414 1479 1498
f 1414 1412 1479
f 1495 1499 1500
f 1495 1415 1499
f 1498 1499 1414
f 1499 1498 1501
f 1455 1502 1479
f 1499 1415 1414
f 1409 1414 1415
f 1496 1495 1503
f 1492 1497 1504
f 1497 1492 1484
f 1491 1504 1505
f 1504 1491 1492
f 1503 1506 1497
f 1491 1490 1489
f 1503 1500 1507
f 1500 1503 1495
f 1503 1507 1506
f 1500 1501 1508
f 1500 1508 1507
f 1506 1507 1509
f 1500 1499 1501
f 1506 1504 1497
f 1497 1496 1503
f 1504 1506 1510
f 1502 1511 1498
f 1492 1489 1483
f 1393 1417 1396
f 1490 1491 1512
f 1344 1487 1513
f 1344 1343 1487
f 1349 1513 1514
f 1513 1349 1344
f 1494 1515 1487
f 1349 1342 1341
f 1493 1516 1494
f 1494 1488 1493
f 1493 1512 1517
f 1516 1515 1494
f 1490 1512 1493
f 1515 1513 1487
f 1486 1494 1487
f 1513 1515 1518
f 1348 1514 1350
f 1348 1349 1514
f 666 1347 1350
f 1350 1347 1348
f 1518 1354 1514
f 1347 1176 1346
f 1515 1519 1518
f 1518 1514 1513
f 1518 1380 1354
f 1380 1518 1519
f 1365 1519 1520
f 844 1354 1380
f 1516 1517 1520
f 1354 1350 1514
f 1519 1515 1516
f 841 1350 1354
f 1516 1493 1517
f 1348 1346 1342
f 1510 1521 1505
f 1505 1504 1510
f 1517 1522 1523
f 1517 1512 1522
f 1521 1522 1505
f 1522 1512 1505
f 1507 1524 1509
f 1509 1510 1506
f 1525 1521 1510
f 1509 1524 1526
f 1509 1526 1525
f 1521 1525 1527
f 1528 1529 1508
f 1525 1510 1509
f 1512 1491 1505
f 1522 1521 1530
f 1520 1523 1369
f 1520 1517 1523
f 860 1365 1369
f 1369 1365 1520
f 1530 1366 1523
f 1365 1380 1519
f 1521 1527 1530
f 1530 1523 1522
f 1530 1531 1366
f 1531 1530 1527
f 1478 1527 1532
f 865 1366 1531
f 1525 1532 1527
f 1366 1369 1523
f 1525 1526 1532
f 863 1369 1366
f 1529 1533 1524
f 1520 1519 1516
f 1508 1524 1507
f 847 1380 1365
f 1511 1528 1501
f 1344 1341 1326
f 1455 1462 1534
f 1455 1454 1462
f 1502 1534 1535
f 1534 1502 1455
f 1461 1536 1462
f 1501 1498 1511
f 1458 1537 1461
f 1461 1462 1456
f 1461 1538 1536
f 1538 1461 1537
f 1472 1539 1459
f 1536 1534 1462
f 1479 1413 1455
f 1534 1536 1540
f 1511 1535 1541
f 1511 1502 1535
f 1528 1541 1542
f 1541 1528 1511
f 1540 1543 1535
f 1524 1508 1529
f 1536 1544 1540
f 1540 1535 1534
f 1540 1545 1543
f 1545 1540 1544
f 1544 1546 1547
f 1543 1545 1548
f 1549 1546 1538
f 1543 1541 1535
f 1544 1536 1538
f 1541 1543 1550
f 1539 1549 1537
f 1508 1501 1528
f 1477 1551 1472
f 1477 1472 1471
f 1549 1538 1537
f 1552 1539 1551
f 1472 1551 1539
f 1539 1537 1459
f 1475 1553 1554
f 1553 1475 1476
f 1555 1551 1554
f 1551 1477 1554
f 1556 1554 1553
f 1552 1549 1539
f 1554 1477 1475
f 1477 1470 1475
f 1555 1554 1556
f 1549 1557 1546
f 1557 1549 1552
f 1546 1558 1547
f 1558 1546 1557
f 1555 1559 1552
f 1547 1545 1544
f 1555 1560 1559
f 1560 1555 1556
f 1558 1557 1561
f 1557 1559 1561
f 1562 1559 1560
f 1561 1559 1562
f 1557 1552 1559
f 1552 1551 1555
f 1547 1558 1563
f 1546 1544 1538
f 1459 1460 1472
f 1545 1547 1564
f 1542 1565 1529
f 1529 1528 1542
f 1532 1526 1566
f 1526 1533 1566
f 1565 1533 1529
f 1524 1533 1526
f 1550 1548 1567
f 1550 1543 1548
f 1568 1533 1565
f 1565 1542 1569
f 1567 1569 1550
f 1570 1565 1569
f 1564 1571 1548
f 1569 1542 1550
f 1541 1550 1542
f 1572 1569 1567
f 1568 1421 1566
f 1568 1566 1533
f 869 1478 1418
f 1478 1532 1418
f 1421 1418 1566
f 1418 1532 1566
f 1570 1572 1445
f 1572 1570 1569
f 921 1421 1419
f 1421 1568 1419
f 1445 1419 1570
f 922 1419 1445
f 1573 1430 1572
f 1419 1568 1570
f 1568 1565 1570
f 919 1418 1421
f 1571 1573 1567
f 1478 1531 1527
f 1564 1563 1574
f 1564 1547 1563
f 1571 1574 1575
f 1574 1571 1564
f 1576 1577 1563
f 1571 1567 1548
f 1561 1578 1579
f 1578 1561 1562
f 1576 1579 1580
f 1579 1576 1561
f 1563 1577 1574
f 1576 1563 1558
f 1548 1545 1564
f 1577 1576 1580
f 1573 1575 1581
f 1573 1571 1575
f 936 1430 1581
f 1581 1430 1573
f 1582 1434 1575
f 1430 1445 1572
f 1577 1583 1582
f 1583 1577 1580
f 1582 1432 1434
f 1432 1582 1583
f 1581 1434 936
f 1434 1581 1575
f 1582 1575 1574
f 1577 1582 1574
f 1445 1430 935
f 1573 1572 1567
f 1576 1558 1561
f 1531 1478 865
f 1498 1479 1502
f 1537 1458 1459
f 1176 1347 661
f 1315 1312 1224
f 661 1347 666
f 1434 1432 940
f 226 1584 560
f 8 7 1585
f 228 229 1586
f 1 1587 7
f 1586 229 227
f 1439 1588 1442
f 1096 1589 1090
f 1586 1590 1591
f 1439 228 1586
f 1591 1592 1588
f 1591 1588 1586
f 1593 1588 1592
f 1588 1593 1442
f 1594 1595 1590
f 1586 1588 1439
f 227 1590 1586
f 1465 1442 1593
f 227 1594 1590
f 226 1090 1584
f 27 11 1596
f 240 241 1597
f 240 1594 227
f 31 30 1598
f 245 1599 244
f 242 244 1600
f 31 1601 34
f 27 1602 30
f 241 242 1597
f 1594 1597 1603
f 1597 1594 240
f 1604 1591 1595
f 1603 1595 1594
f 1600 1605 1597
f 1595 1591 1590
f 1600 1599 1606
f 1599 1600 244
f 1600 1606 1605
f 1599 1607 1608
f 1606 1608 1609
f 1610 1603 1605
f 1607 1599 245
f 1605 1603 1597
f 1597 242 1600
f 1611 1595 1603
f 8 1585 11
f 1612 1605 1606
f 1122 1125 1613
f 1614 1104 1122
f 1593 1615 1616
f 1616 1468 1465
f 1616 1617 1468
f 1604 1618 1592
f 1465 1593 1616
f 1615 1593 1592
f 1619 1616 1615
f 1473 1620 1476
f 1621 1131 1133
f 1617 1619 1622
f 1619 1617 1616
f 1622 1623 1620
f 1622 1620 1617
f 1620 1623 1624
f 1620 1624 1476
f 1625 1626 1619
f 1617 1620 1473
f 1473 1468 1617
f 1553 1476 1624
f 1618 1625 1615
f 1131 1627 1125
f 1611 1628 1604
f 1611 1604 1595
f 1622 1619 1626
f 1629 1618 1628
f 1604 1628 1618
f 1619 1615 1625
f 1610 1612 1630
f 1612 1610 1605
f 1618 1629 1625
f 1628 1611 1631
f 1630 1631 1610
f 1632 1628 1631
f 1612 1609 1633
f 1631 1611 1610
f 1611 1603 1610
f 1634 1631 1630
f 1626 1635 1636
f 1622 1626 1637
f 1623 1637 1638
f 1623 1622 1637
f 1625 1635 1626
f 1625 1629 1635
f 1632 1634 1639
f 1634 1632 1631
f 1626 1636 1637
f 1635 1629 1640
f 1639 1640 1632
f 1641 1635 1640
f 1634 1642 1643
f 1640 1629 1632
f 1629 1628 1632
f 1639 1644 1640
f 1630 1633 1642
f 1615 1592 1618
f 1592 1591 1604
f 1624 1623 1645
f 1599 1608 1606
f 1614 1096 1104
f 91 47 1646
f 245 291 1647
f 97 95 1648
f 293 292 1649
f 91 1650 95
f 291 293 1649
f 1607 1651 1608
f 1607 1647 1651
f 1609 1608 1652
f 1652 1608 1651
f 1649 1653 1647
f 1609 1612 1606
f 292 1654 1649
f 1649 1647 291
f 1649 1655 1653
f 1655 1649 1654
f 1656 1654 1657
f 1658 1651 1653
f 1654 294 1657
f 1653 1651 1647
f 294 1654 292
f 1655 1659 1653
f 1647 1607 245
f 110 101 1660
f 1661 1657 306
f 1657 294 306
f 115 114 1662
f 1661 306 305
f 1663 305 308
f 110 1664 114
f 1665 308 309
f 1666 1667 1661
f 1666 1661 305
f 1668 1655 1656
f 1656 1657 1669
f 1667 1669 1661
f 1669 1657 1661
f 1663 1665 1670
f 1665 1663 308
f 1671 1669 1667
f 1667 1666 1672
f 1670 1672 1663
f 1673 1667 1672
f 1674 1675 1665
f 1672 1666 1663
f 1666 305 1663
f 1676 1656 1669
f 490 1674 309
f 1656 1655 1654
f 97 1677 101
f 1678 1672 1670
f 1658 1679 1652
f 1658 1652 1651
f 1633 1680 1681
f 1633 1609 1680
f 1679 1680 1652
f 1680 1609 1652
f 1668 1682 1659
f 1668 1659 1655
f 1679 1683 1684
f 1679 1658 1683
f 1682 1683 1659
f 1683 1658 1659
f 1658 1653 1659
f 1680 1679 1685
f 1642 1681 1686
f 1642 1633 1681
f 1687 1639 1643
f 1686 1643 1642
f 1685 1688 1681
f 1643 1639 1634
f 1679 1684 1685
f 1685 1681 1680
f 1685 1689 1688
f 1689 1685 1684
f 1690 1684 1691
f 1692 1686 1688
f 1683 1691 1684
f 1688 1686 1681
f 1683 1682 1691
f 1693 1643 1686
f 1676 1694 1668
f 1642 1634 1630
f 1671 1695 1676
f 1671 1676 1669
f 1696 1691 1682
f 1682 1694 1696
f 1676 1695 1694
f 1682 1668 1694
f 1673 1678 1697
f 1678 1673 1672
f 1698 1694 1695
f 1695 1671 1699
f 1697 1699 1673
f 1700 1695 1699
f 1701 1702 1678
f 1699 1671 1673
f 1671 1667 1673
f 1703 1699 1697
f 1698 1704 1696
f 1698 1696 1694
f 1705 1689 1690
f 1690 1691 1706
f 1704 1706 1696
f 1706 1691 1696
f 1700 1703 1707
f 1703 1700 1699
f 1708 1706 1704
f 1704 1698 1709
f 1707 1709 1700
f 1710 1704 1709
f 1711 1712 1703
f 1709 1698 1700
f 1698 1695 1700
f 1713 1690 1706
f 1702 1711 1697
f 1690 1689 1684
f 1668 1656 1676
f 1714 1688 1689
f 1675 1701 1670
f 1633 1630 1612
f 34 1715 47
f 1709 1707 1716
f 1553 1717 1556
f 1232 1718 1140
f 1717 1645 1719
f 1717 1553 1624
f 1720 1719 1721
f 1719 1720 1717
f 1638 1722 1645
f 1717 1720 1556
f 1645 1717 1624
f 1560 1556 1720
f 1560 1723 1562
f 1234 1241 1724
f 1723 1721 1725
f 1723 1560 1720
f 1578 1726 1727
f 1578 1562 1726
f 1725 1726 1723
f 1726 1725 1728
f 1729 1730 1721
f 1726 1562 1723
f 1720 1721 1723
f 1722 1729 1719
f 1731 1232 1234
f 1641 1732 1636
f 1641 1636 1635
f 1638 1733 1734
f 1638 1637 1733
f 1732 1733 1636
f 1638 1645 1623
f 1644 1687 1735
f 1687 1644 1639
f 1732 1736 1737
f 1732 1641 1736
f 1735 1736 1644
f 1735 1738 1736
f 1693 1739 1687
f 1736 1641 1644
f 1641 1640 1644
f 1733 1732 1740
f 1734 1741 1722
f 1734 1722 1638
f 1730 1725 1721
f 1742 1729 1741
f 1722 1741 1729
f 1729 1721 1719
f 1740 1737 1743
f 1737 1740 1732
f 1729 1742 1730
f 1741 1734 1744
f 1743 1744 1740
f 1745 1741 1744
f 1737 1738 1746
f 1744 1734 1740
f 1734 1733 1740
f 1747 1744 1743
f 1746 1748 1743
f 1722 1719 1645
f 1733 1637 1636
f 1725 1730 1749
f 1579 1578 1727
f 1579 1727 1580
f 1750 1243 1270
f 1728 1751 1727
f 1728 1727 1726
f 1728 1749 1752
f 1751 1753 1727
f 1728 1725 1749
f 1727 1753 1580
f 1583 1580 1753
f 1583 1754 1432
f 1278 1755 1272
f 1753 1756 1754
f 1754 1583 1753
f 1754 1585 1587
f 1585 1754 1756
f 1596 1756 1757
f 1432 1587 1
f 1751 1752 1757
f 1754 1587 1432
f 1756 1753 1751
f 1585 7 1587
f 1751 1728 1752
f 1270 1272 1758
f 1759 1749 1760
f 1742 1745 1761
f 1752 1759 1762
f 1752 1749 1759
f 1761 1763 1760
f 1749 1730 1760
f 1745 1747 1764
f 1747 1745 1744
f 1764 1765 1761
f 1764 1761 1745
f 1761 1765 1763
f 1763 1759 1760
f 1747 1748 1766
f 1761 1760 1742
f 1742 1741 1745
f 1759 1763 1767
f 1757 1762 1602
f 1757 1752 1762
f 11 1585 1596
f 1602 1596 1757
f 1767 1598 1762
f 1596 1585 1756
f 1763 1768 1767
f 1767 1762 1759
f 1767 1601 1598
f 1601 1767 1768
f 1715 1768 1769
f 30 1602 1598
f 1765 1770 1769
f 1598 1602 1762
f 1768 1763 1765
f 27 1596 1602
f 1764 1766 1770
f 1757 1756 1751
f 1742 1760 1730
f 1601 31 1598
f 1738 1737 1736
f 1243 1771 1241
f 1772 1735 1739
f 1693 1692 1773
f 1738 1772 1774
f 1738 1735 1772
f 1773 1775 1739
f 1735 1687 1739
f 1692 1714 1776
f 1714 1692 1688
f 1739 1775 1772
f 1776 1773 1692
f 1705 1777 1714
f 1773 1739 1693
f 1693 1686 1692
f 1778 1773 1776
f 1746 1774 1779
f 1746 1738 1774
f 1748 1779 1780
f 1779 1748 1746
f 1781 1782 1774
f 1748 1747 1743
f 1775 1778 1783
f 1778 1775 1773
f 1783 1784 1781
f 1783 1781 1775
f 1781 1784 1782
f 1782 1779 1774
f 1785 1786 1778
f 1781 1774 1772
f 1775 1781 1772
f 1779 1782 1787
f 1777 1785 1776
f 1746 1743 1737
f 1713 1788 1705
f 1713 1705 1690
f 1783 1778 1786
f 1789 1777 1788
f 1705 1788 1777
f 1778 1776 1785
f 1708 1710 1790
f 1710 1708 1704
f 1777 1789 1785
f 1788 1713 1791
f 1790 1791 1708
f 1792 1788 1791
f 1710 1716 1793
f 1791 1713 1708
f 1713 1706 1708
f 1794 1791 1790
f 1786 1795 1796
f 1783 1786 1797
f 1784 1797 1798
f 1784 1783 1797
f 1785 1795 1786
f 1785 1789 1795
f 1792 1794 1799
f 1794 1792 1791
f 1786 1796 1797
f 1795 1789 1800
f 1799 1800 1792
f 1801 1795 1800
f 1794 1802 1803
f 1800 1789 1792
f 1789 1788 1792
f 1804 1800 1799
f 1790 1793 1802
f 1776 1714 1777
f 1714 1689 1705
f 1782 1784 1805
f 1766 1780 1806
f 1766 1748 1780
f 1770 1806 1807
f 1806 1770 1766
f 1787 1808 1780
f 1770 1765 1764
f 1805 1809 1787
f 1787 1782 1805
f 1805 1798 1810
f 1809 1808 1787
f 1784 1798 1805
f 1808 1806 1780
f 1779 1787 1780
f 1806 1808 1811
f 1769 1807 1646
f 1769 1770 1807
f 34 1601 1715
f 1646 1715 1769
f 1811 1650 1807
f 1715 1601 1768
f 1808 1812 1811
f 1811 1807 1806
f 1811 1648 1650
f 1648 1811 1812
f 1677 1812 1813
f 91 1646 1650
f 1809 1810 1813
f 1650 1646 1807
f 1812 1808 1809
f 47 1715 1646
f 1809 1805 1810
f 1769 1768 1765
f 1814 1798 1815
f 1796 1801 1816
f 1810 1814 1817
f 1810 1798 1814
f 1816 1818 1815
f 1798 1797 1815
f 1801 1804 1819
f 1804 1801 1800
f 1819 1820 1816
f 1819 1816 1801
f 1816 1820 1818
f 1818 1814 1815
f 1804 1821 1822
f 1816 1815 1796
f 1796 1795 1801
f 1814 1818 1823
f 1813 1817 1660
f 1813 1810 1817
f 97 1648 1677
f 1660 1677 1813
f 1823 1664 1817
f 1677 1648 1812
f 1818 1824 1823
f 1823 1817 1814
f 1823 1662 1664
f 1662 1823 1824
f 1825 1824 1826
f 110 1660 1664
f 1820 1827 1826
f 1664 1660 1817
f 1824 1818 1820
f 101 1677 1660
f 1819 1822 1827
f 1813 1812 1809
f 1796 1815 1797
f 95 1650 1648
f 1799 1803 1821
f 1766 1764 1747
f 1687 1643 1693
f 1662 114 1664
f 1710 1709 1716
f 1133 1140 1828
f 313 120 1829
f 490 491 1830
f 1665 309 1674
f 317 316 1831
f 493 494 1832
f 313 1833 316
f 491 493 1830
f 1830 1834 1674
f 1830 1674 490
f 1697 1678 1702
f 1835 1675 1834
f 1674 1834 1675
f 1678 1670 1701
f 1830 1836 1834
f 1836 1830 1832
f 1834 1837 1835
f 1837 1834 1836
f 1838 1836 1839
f 1835 1837 1840
f 1832 1841 1839
f 1835 1701 1675
f 1830 493 1832
f 1701 1835 1842
f 1841 1832 494
f 1670 1665 1675
f 331 321 1843
f 1844 1841 507
f 1841 494 507
f 336 335 1845
f 1844 507 508
f 1846 508 509
f 510 547 1847
f 331 1848 335
f 1846 509 510
f 1849 1850 1844
f 1849 1844 508
f 1836 1838 1837
f 1839 1841 1851
f 1850 1851 1844
f 1851 1841 1844
f 1846 1847 1852
f 1847 1846 510
f 1853 1851 1850
f 1850 1849 1854
f 1852 1854 1846
f 1855 1850 1854
f 1856 1857 1847
f 1854 1849 1846
f 1849 508 1846
f 1858 1839 1851
f 1839 1836 1832
f 317 1859 321
f 1860 1854 1852
f 1702 1842 1861
f 1702 1701 1842
f 1711 1861 1862
f 1861 1711 1702
f 1840 1863 1842
f 1707 1703 1712
f 1837 1864 1840
f 1840 1842 1835
f 1840 1865 1863
f 1865 1840 1864
f 1858 1866 1838
f 1863 1861 1842
f 1864 1837 1838
f 1861 1863 1867
f 1862 1868 1712
f 1712 1711 1862
f 1716 1869 1870
f 1716 1707 1869
f 1868 1869 1712
f 1707 1712 1869
f 1863 1871 1867
f 1867 1862 1861
f 1872 1868 1862
f 1867 1871 1873
f 1867 1873 1872
f 1868 1872 1874
f 1875 1876 1865
f 1872 1862 1867
f 1871 1863 1865
f 1869 1868 1877
f 1866 1875 1864
f 1697 1711 1703
f 1853 1878 1858
f 1853 1858 1851
f 1871 1865 1876
f 1879 1866 1878
f 1858 1878 1866
f 1865 1864 1875
f 1855 1860 1880
f 1860 1855 1854
f 1866 1879 1875
f 1878 1853 1881
f 1880 1881 1855
f 1882 1878 1881
f 1883 1884 1860
f 1881 1853 1855
f 1853 1850 1855
f 1881 1880 1885
f 1876 1886 1887
f 1886 1875 1879
f 1873 1888 1889
f 1873 1871 1888
f 1875 1886 1876
f 1871 1876 1888
f 1879 1890 1886
f 1890 1879 1882
f 1886 1891 1887
f 1891 1886 1890
f 1892 1890 1893
f 1887 1891 1894
f 1882 1885 1893
f 1887 1888 1876
f 1879 1878 1882
f 1888 1887 1895
f 1882 1881 1885
f 1864 1838 1866
f 1838 1839 1858
f 1872 1873 1896
f 1857 1883 1852
f 390 341 1897
f 547 548 1856
f 1856 1847 547
f 394 393 1898
f 549 550 1899
f 390 1900 393
f 548 549 1901
f 1901 1902 1856
f 1901 1856 548
f 1883 1860 1852
f 1903 1857 1902
f 1856 1902 1857
f 1852 1847 1857
f 1901 1904 1902
f 1904 1901 1899
f 1902 1905 1903
f 1905 1902 1904
f 1906 1904 1907
f 1903 1905 1908
f 1899 1909 1907
f 1903 1883 1857
f 1901 549 1899
f 1883 1903 1910
f 1909 1899 550
f 1884 1880 1860
f 408 398 1911
f 1912 1909 551
f 1909 550 551
f 6 412 1913
f 1912 551 558
f 1914 558 559
f 6 1915 561
f 408 1916 412
f 1917 559 560
f 1914 1918 1912
f 1914 1912 558
f 1904 1906 1905
f 1907 1909 1919
f 1918 1919 1912
f 1919 1909 1912
f 1917 1584 1589
f 1584 1917 560
f 1920 1919 1918
f 1918 1914 1921
f 1589 1921 1917
f 1922 1918 1921
f 1589 1584 1090
f 1921 1914 1917
f 1914 559 1917
f 1923 1907 1919
f 1278 561 1915
f 1907 1904 1899
f 394 1924 398
f 1614 1921 1589
f 1910 1925 1884
f 1884 1883 1910
f 1885 1926 1927
f 1885 1880 1926
f 1925 1926 1884
f 1880 1884 1926
f 1905 1928 1908
f 1908 1910 1903
f 1908 1928 1929
f 1930 1925 1910
f 1923 1931 1906
f 1930 1910 1908
f 1928 1905 1906
f 1926 1925 1932
f 1893 1927 1933
f 1893 1885 1927
f 1892 1933 1934
f 1933 1892 1893
f 1932 1935 1927
f 1892 1891 1890
f 1925 1936 1932
f 1932 1927 1926
f 1932 1937 1935
f 1937 1932 1936
f 1938 1936 1939
f 1935 1937 1940
f 1930 1929 1939
f 1935 1933 1927
f 1936 1925 1930
f 1933 1935 1941
f 1930 1908 1929
f 1893 1890 1882
f 1920 1942 1923
f 1920 1923 1919
f 1929 1928 1943
f 1928 1931 1943
f 1942 1931 1923
f 1928 1906 1931
f 1922 1614 1613
f 1614 1922 1921
f 1944 1931 1942
f 1942 1920 1945
f 1613 1945 1922
f 1946 1942 1945
f 1613 1614 1122
f 1945 1920 1922
f 1920 1918 1922
f 1627 1945 1613
f 1944 1947 1943
f 1944 1943 1931
f 1936 1938 1937
f 1939 1929 1948
f 1947 1948 1943
f 1948 1929 1943
f 1946 1627 1621
f 1627 1946 1945
f 1949 1948 1947
f 1947 1944 1950
f 1621 1950 1946
f 1951 1947 1950
f 1627 1131 1621
f 1950 1944 1946
f 1944 1942 1946
f 1952 1939 1948
f 1125 1627 1613
f 1939 1936 1930
f 1906 1907 1923
f 1828 1950 1621
f 1096 1614 1589
f 336 1953 341
f 1891 1892 1954
f 1793 1870 1955
f 1793 1716 1870
f 1802 1955 1956
f 1955 1802 1793
f 1877 1957 1870
f 1802 1794 1790
f 1874 1958 1877
f 1877 1868 1874
f 1874 1896 1959
f 1958 1957 1877
f 1872 1896 1874
f 1957 1955 1870
f 1869 1877 1870
f 1955 1957 1960
f 1803 1956 1961
f 1803 1802 1956
f 1821 1961 1962
f 1961 1821 1803
f 1960 1963 1956
f 1821 1804 1799
f 1957 1964 1960
f 1960 1956 1955
f 1960 1965 1963
f 1965 1960 1964
f 1966 1964 1967
f 1963 1965 1968
f 1958 1959 1967
f 1963 1961 1956
f 1964 1957 1958
f 1961 1963 1969
f 1958 1874 1959
f 1803 1799 1794
f 1895 1970 1889
f 1889 1888 1895
f 1959 1971 1972
f 1959 1896 1971
f 1970 1971 1889
f 1971 1896 1889
f 1894 1954 1973
f 1894 1891 1954
f 1970 1974 1975
f 1970 1895 1974
f 1973 1974 1894
f 1974 1973 1976
f 1934 1977 1954
f 1974 1895 1894
f 1887 1894 1895
f 1971 1970 1978
f 1967 1972 1979
f 1972 1967 1959
f 1966 1979 1980
f 1979 1966 1967
f 1978 1981 1972
f 1966 1965 1964
f 1978 1975 1982
f 1975 1978 1970
f 1978 1982 1981
f 1975 1976 1983
f 1975 1983 1982
f 1981 1982 1984
f 1975 1974 1976
f 1981 1979 1972
f 1972 1971 1978
f 1979 1981 1985
f 1977 1986 1973
f 1967 1964 1958
f 1873 1889 1896
f 1965 1966 1987
f 1822 1962 1988
f 1822 1821 1962
f 1827 1988 1989
f 1988 1827 1822
f 1969 1990 1962
f 1827 1820 1819
f 1968 1991 1969
f 1969 1963 1968
f 1968 1987 1992
f 1991 1990 1969
f 1965 1987 1968
f 1990 1988 1962
f 1961 1969 1962
f 1988 1990 1993
f 1826 1989 1829
f 1826 1827 1989
f 115 1662 1825
f 1829 1825 1826
f 1993 1833 1989
f 1825 1662 1824
f 1990 1994 1993
f 1993 1989 1988
f 1993 1831 1833
f 1831 1993 1994
f 1859 1994 1995
f 313 1829 1833
f 1991 1992 1995
f 1833 1829 1989
f 1994 1990 1991
f 120 1825 1829
f 1991 1968 1992
f 1826 1824 1820
f 1985 1996 1980
f 1980 1979 1985
f 1992 1997 1998
f 1992 1987 1997
f 1996 1997 1980
f 1997 1987 1980
f 1982 1999 1984
f 1984 1985 1981
f 2000 1996 1985
f 1984 1999 2001
f 1984 2001 2000
f 1996 2000 2002
f 2003 2004 1983
f 2000 1985 1984
f 1987 1966 1980
f 1997 1996 2005
f 1995 1998 1843
f 1995 1992 1998
f 317 1831 1859
f 1843 1859 1995
f 2005 1848 1998
f 1859 1831 1994
f 1996 2002 2005
f 2005 1998 1997
f 2005 1845 1848
f 1845 2005 2002
f 1953 2002 2006
f 331 1843 1848
f 2000 2006 2002
f 1848 1843 1998
f 2000 2001 2006
f 321 1859 1843
f 2004 2007 1999
f 1995 1994 1991
f 1983 1999 1982
f 316 1833 1831
f 1986 2003 1976
f 1822 1819 1804
f 1934 1941 2008
f 1934 1933 1941
f 1977 2008 2009
f 2008 1977 1934
f 1940 2010 1941
f 1976 1973 1986
f 1937 2011 1940
f 1940 1941 1935
f 1940 2012 2010
f 2012 1940 2011
f 1952 2013 1938
f 2010 2008 1941
f 1954 1892 1934
f 2008 2010 2014
f 1986 2009 2015
f 1986 1977 2009
f 2003 2015 2016
f 2015 2003 1986
f 2014 2017 2009
f 1999 1983 2004
f 2010 2018 2014
f 2014 2009 2008
f 2014 2019 2017
f 2019 2014 2018
f 2018 2020 2021
f 2017 2019 2022
f 2023 2020 2012
f 2017 2015 2009
f 2018 2010 2012
f 2015 2017 2024
f 2013 2023 2011
f 1983 1976 2003
f 1949 2025 1952
f 1949 1952 1948
f 2023 2012 2011
f 2026 2013 2025
f 1952 2025 2013
f 2013 2011 1938
f 1951 1828 1718
f 1828 1951 1950
f 2013 2026 2023
f 2025 1949 2027
f 1718 2027 1951
f 2028 2025 2027
f 1140 1718 1828
f 2027 1949 1951
f 1949 1947 1951
f 1731 2027 1718
f 2023 2029 2020
f 2029 2023 2026
f 2020 2030 2021
f 2030 2020 2029
f 2028 2031 2026
f 2021 2019 2018
f 2028 1731 1724
f 1731 2028 2027
f 2030 2029 2032
f 2029 2031 2032
f 1724 2031 2028
f 1771 2031 1724
f 1724 1731 1234
f 2029 2026 2031
f 2026 2025 2028
f 2021 2030 2033
f 1718 1232 1731
f 2020 2018 2012
f 1938 1939 1952
f 2019 2021 2034
f 2016 2035 2004
f 2004 2003 2016
f 2006 2001 2036
f 2001 2007 2036
f 2035 2007 2004
f 1999 2007 2001
f 2024 2022 2037
f 2024 2017 2022
f 2038 2007 2035
f 2035 2016 2039
f 2037 2039 2024
f 2040 2035 2039
f 2034 2041 2022
f 2039 2016 2024
f 2015 2024 2016
f 2042 2039 2037
f 2038 1900 2036
f 2038 2036 2007
f 336 1845 1953
f 1953 2006 1897
f 1900 1897 2036
f 1897 2006 2036
f 2040 2042 1924
f 2042 2040 2039
f 390 1897 1900
f 1900 2038 1898
f 1924 1898 2040
f 393 1900 1898
f 2043 1911 2042
f 1898 2038 2040
f 2038 2035 2040
f 341 1953 1897
f 2041 2043 2037
f 1953 1845 2002
f 2034 2033 2044
f 2034 2021 2033
f 2041 2044 2045
f 2044 2041 2034
f 2046 2047 2033
f 2041 2037 2022
f 2032 1771 1750
f 1771 2032 2031
f 1750 1758 2046
f 1750 2046 2032
f 2046 1758 2047
f 2047 2044 2033
f 1771 1243 1750
f 2046 2033 2030
f 2022 2019 2034
f 2044 2047 2048
f 2043 2045 1916
f 2043 2041 2045
f 398 1924 1911
f 1916 1911 2043
f 2048 1913 2045
f 1911 1924 2042
f 2047 1755 2048
f 2048 2045 2044
f 2048 1915 1913
f 1915 2048 1755
f 1915 1755 1278
f 412 1916 1913
f 1272 1755 1758
f 1913 1916 2045
f 1755 2047 1758
f 408 1911 1916
f 1758 1750 1270
f 2043 2042 2037
f 2046 2030 2032
f 394 1898 1924
f 1241 1771 1724
f 1973 1954 1977
f 2011 1937 1938
f 335 1848 1845
f 1828 1621 1133
f 1793 1790 1710
f 115 1825 120
f 6 1913 1915
