v 0.07076240875654172 0.03190000113369895 0.0011412784403238424
v 0.07109530977333023 0.034200002387352324 0.002238698112008719
v 0.07109530977333023 0.03190000113369895 0.002238698112008719
v 0.07065000488157391 0.03190000113369895 5.85366852260522e-16
v 0.07076240875654172 0.034200002387352324 0.0011412784403238424
v 0.07324991955584448 0.034200002387352324 0.004864097349409902
v 0.07324991955584448 0.03190000113369895 0.004864097349409902
v 0.0723634296455744 0.03190000113369895 0.00413657494165498
v 0.07163590580730794 0.034200002387352324 0.00325008598505927
v 0.07163590580730794 0.03190000113369895 0.00325008598505927
v 0.07426130266052322 0.034200002387352324 0.005404695290736339
v 0.07426130266052322 0.03190000113369895 0.005404695290736339
v 0.0723634296455744 0.034200002387352324 0.00413657494165498
v 0.07065000488157391 0.034200002387352324 5.85366852260522e-16
v 0.07535872245141739 0.034200002387352324 0.005737594400176127
v 0.07535872245141739 0.03190000113369895 0.005737594400176127
v 0.08223759851056833 0.03190000113369895 0.0011412784403238424
v 0.08235000238553614 0.034200002387352324 6.056375307209855e-16
v 0.08235000238553614 0.03190000113369895 5.652301269848315e-16
v 0.07975008771126557 0.03190000113369895 0.004864097349409902
v 0.07873870460658683 0.03190000113369895 0.005404695290736339
v 0.07975008771126557 0.034200002387352324 0.004864097349409902
v 0.07764128481569266 0.034200002387352324 0.005737594400176127
v 0.07764128481569266 0.03190000113369895 0.005737594400176127
v 0.07650000363355502 0.03190000113369895 0.005850000182492654
v 0.07873870460658683 0.034200002387352324 0.005404695290736339
v 0.08223759851056833 0.034200002387352324 0.0011412784403238424
v 0.08190469749377982 0.03190000113369895 0.002238698112008719
v 0.08136410145980211 0.03190000113369895 0.00325008598505927
v 0.08063657762153564 0.03190000113369895 0.00413657494165498
v 0.08136410145980211 0.034200002387352324 0.00325008598505927
v 0.08063657762153564 0.034200002387352324 0.00413657494165498
v 0.08190469749377982 0.034200002387352324 0.002238698112008719
v 0.07650000363355502 0.034200002387352324 0.005850000182492654
v 0.08188471610855341 0.0011705419381127097 0.035000001662410796
v 0.08154315572856063 0.00229639445721741 0.037429624427958164
v 0.08154327779887893 0.0022961007255140053 0.035000001662410796
v 0.08200000389479101 -6.536226406409969e-16 0.035000001662410796
v 0.08188490684342575 0.001169579680681751 0.03748175989796376
v 0.0809888191543795 0.003333421627063765 0.035000001662410796
v 0.08098816302641865 0.0033344017658890057 0.037351465091970404
v 0.07933342356793993 0.004988817928759104 0.035000001662410796
v 0.08024264144559812 0.004242640696814903 0.035000001662410796
v 0.07933559794548461 0.004987367866892134 0.037166871882519104
v 0.08024533462199557 0.004239948474091815 0.03725953469819965
v 0.07829610052062286 0.005543277526932899 0.035000001662410796
v 0.07830278387054967 0.005540506149237789 0.03708844551771007
v 0.08200000389479101 -6.751246475672371e-16 0.037500001781154424
v 0.07717529663437972 0.005883765023268761 0.03703554329351766
v 0.07717054352136099 0.0058847120219099325 0.035000001662410796
v 0.07011653470242685 0.0011767889820190475 0.037481531016116953
v 0.07000000332482159 -6.679992705512252e-16 0.037500001781154424
v 0.07000000332482159 -6.275262725805203e-16 0.035000001662410796
v 0.07600375727209396 0.005999999331310346 0.03701688942300274
v 0.0760000036098063 0.006000000284984708 0.035000001662410796
v 0.07483319447235459 0.005885453503726157 0.03703527626469638
v 0.07370390669898974 0.005543277526932899 0.035000001662410796
v 0.07482946369825161 0.0058847120219099325 0.035000001662410796
v 0.07267069589552033 0.004991563557246448 0.037166307307296975
v 0.07175736577401448 0.004242640696814903 0.035000001662410796
v 0.07266658365167267 0.004988817928759104 0.035000001662410796
v 0.07101552919092757 0.0033399182952342787 0.037350972995999765
v 0.07045672942073367 0.0022961007255140053 0.035000001662410796
v 0.0710111880652331 0.003333421627063765 0.035000001662410796
v 0.0717602191677047 0.004245497428365386 0.037258905273120924
v 0.07370437972147315 0.005543475891200134 0.03708800301280624
v 0.07046008635448686 0.0023041955134961434 0.037429143776079865
v 0.07011529111105919 0.0011705419381127097 0.035000001662410796
v 0.0826000023974105 5.739400655511937e-16 -0.031500001496169716
v 0.08247209559201885 0.001293068351174223 -0.03747770105988035
v 0.0826000023974105 6.256058793912915e-16 -0.037500001781154424
v 0.08247318659548863 0.0012875961676867692 -0.031500001496169716
v 0.08209684380417581 0.0025275558241692753 -0.03741472421973091
v 0.08066699601897653 0.0046668164562505 -0.0372084787875715
v 0.08148543172679545 0.0036701611831581327 -0.037319967135152066
v 0.08148770528647375 0.0036667637182445645 -0.031500001496169716
v 0.0806669120956327 0.004666905147966138 -0.031500001496169716
v 0.07966855999743228 0.005486501000646071 -0.03709647545583561
v 0.08209760674366517 0.0025257107026979697 -0.031500001496169716
v 0.07852627936456358 0.006097369960477439 -0.037000974505254636
v 0.07966676708963227 0.005487699769318732 -0.031500001496169716
v 0.07852571478934145 0.006097605041207599 -0.031500001496169716
v 0.0772876013272139 0.006473182985682335 -0.031500001496169716
v 0.07729079041427944 0.006472547838557441 -0.036937192763943916
v 0.06952708002355035 0.0012888976947719039 -0.03747784601838333
v 0.0694000048222021 5.261832344094418e-16 -0.031500001496169716
v 0.0694000048222021 6.262546117920114e-16 -0.037500001781154424
v 0.07233046303023904 0.005485842011662134 -0.03709657082327178
v 0.07347093549651795 0.006096212676639512 -0.037001165240126976
v 0.07233324012998033 0.005487699769318732 -0.031500001496169716
v 0.07471240589239869 0.006473182985682335 -0.031500001496169716
v 0.07471100208373826 0.006472903559094356 -0.03693713172878477
v 0.07599747828009651 0.006599999741278562 -0.03691463264324346
v 0.07347429243027115 0.006097605041207599 -0.031500001496169716
v 0.06990240047594742 0.0025257107026979697 -0.031500001496169716
v 0.06990435360104019 0.002530431867625582 -0.03741452967016112
v 0.07051253844438055 0.003667112286223767 -0.037320268496250364
v 0.07133418612744968 0.004667990906226938 -0.03720833382906852
v 0.07051230193313884 0.0036667637182445645 -0.031500001496169716
v 0.0713330951239799 0.004666905147966138 -0.031500001496169716
v 0.06952682062412396 0.0012875961676867692 -0.031500001496169716
v 0.0760000036098063 0.0066000002181157424 -0.031500001496169716
v 0.08800000417977571 -0.02213597402808687 0.0011863186922876634
v 0.08790000570090495 -0.022228362185551243 0.0011480503627570027
v 0.08790000570090495 -0.02200000104494393 -3.915330160266249e-16
v 0.08790000570090495 -0.02287868036219165 0.0021213203484074517
v 0.08800000417977571 -0.02190000065872444 -3.9001323555915764e-16
v 0.08800000417977571 -0.022807969222968794 0.0021920310107931273
v 0.08800000417977571 -0.023813681779892848 0.002864026682512233
v 0.08790000570090495 -0.02385195082467928 0.0027716387634664497
v 0.08800000417977571 -0.027864028346785696 0.0011863186922876634
v 0.08800000417977571 -0.028100001716148126 -4.98557870162594e-16
v 0.08790000570090495 -0.028000001329928637 -4.967954452373995e-16
v 0.08800000417977571 -0.025000001187436283 0.003100000051874663
v 0.08790000570090495 -0.025000001187436283 0.003000000142492354
v 0.08800000417977571 -0.02719203315190377 0.0021920310107931273
v 0.08790000570090495 -0.027771640189321323 0.0011480503627570027
v 0.08790000570090495 -0.027121322012680915 0.0021213203484074517
v 0.08800000417977571 -0.026186320594979717 0.002864026682512233
v 0.08790000570090495 -0.026148051550193285 0.0027716387634664497
v 0.08790000570090495 -0.02200000104494393 -3.915330160266249e-16
v 0.0800000037997961 -0.022228362185551243 0.0011480503627570027
v 0.0800000037997961 -0.02200000104494393 -3.9131373612682446e-16
v 0.08790000570090495 -0.02287868036219165 0.0021213203484074517
v 0.0800000037997961 -0.02385195082467928 0.0027716387634664497
v 0.0800000037997961 -0.02287868036219165 0.0021213203484074517
v 0.08790000570090495 -0.022228362185551243 0.0011480503627570027
v 0.08790000570090495 -0.027771640189321323 0.0011480503627570027
v 0.08790000570090495 -0.028000001329928637 -4.967954452373995e-16
v 0.0800000037997961 -0.028000001329928637 -4.963569396479099e-16
v 0.08790000570090495 -0.02385195082467928 0.0027716387634664497
v 0.0800000037997961 -0.026148051550193285 0.0027716387634664497
v 0.0800000037997961 -0.025000001187436283 0.003000000142492354
v 0.08790000570090495 -0.025000001187436283 0.003000000142492354
v 0.08790000570090495 -0.026148051550193285 0.0027716387634664497
v 0.0800000037997961 -0.027121322012680915 0.0021213203484074517
v 0.08790000570090495 -0.027121322012680915 0.0021213203484074517
v 0.0800000037997961 -0.027771640189321323 0.0011480503627570027
v 0.07819742192706869 -0.025000001187436283 -4.435515750602954e-16
v 0.0800000037997961 -0.02200000104494393 -3.9131373612682446e-16
v 0.0800000037997961 -0.022228362185551243 0.0011480503627570027
v 0.0800000037997961 -0.02287868036219165 0.0021213203484074517
v 0.07819742192706869 -0.025000001187436283 -4.435515750602954e-16
v 0.0800000037997961 -0.027771640189321323 0.0011480503627570027
v 0.0800000037997961 -0.028000001329928637 -4.963569396479099e-16
v 0.07819742192706869 -0.025000001187436283 -4.435515750602954e-16
v 0.0800000037997961 -0.026148051550193285 0.0027716387634664497
v 0.07819742192706869 -0.025000001187436283 -4.435515750602954e-16
v 0.0800000037997961 -0.025000001187436283 0.003000000142492354
v 0.07819742192706869 -0.025000001187436283 -4.435515750602954e-16
v 0.0800000037997961 -0.02385195082467928 0.0027716387634664497
v 0.07819742192706869 -0.025000001187436283 -4.435515750602954e-16
v 0.07819742192706869 -0.025000001187436283 -4.435515750602954e-16
v 0.0800000037997961 -0.027121322012680915 0.0021213203484074517
v 0.07819742192706869 -0.025000001187436283 -4.435515750602954e-16
v 0.08800000417977571 0.019987368579353904 -0.016720961411268442
v 0.0760000036098063 0.019987368579353904 -0.016720961411268442
v 0.0760000036098063 0.02017767048353436 -0.017677670364790732
v 0.08800000417977571 0.019445437401269805 -0.01590990332831166
v 0.0760000036098063 0.019445437401269805 -0.01590990332831166
v 0.0760000036098063 0.01863437931831302 -0.015367971196553198
v 0.0760000036098063 0.015367971196553198 -0.016720961411268442
v 0.08800000417977571 0.015177670246047104 -0.017677670364790732
v 0.0760000036098063 0.015177670246047104 -0.017677670364790732
v 0.08800000417977571 0.02017767048353436 -0.017677670364790732
v 0.08800000417977571 0.01863437931831302 -0.015367971196553198
v 0.0760000036098063 0.016720961411268442 -0.015367971196553198
v 0.0760000036098063 0.017677670364790732 -0.015177670246047104
v 0.08800000417977571 0.016720961411268442 -0.015367971196553198
v 0.08800000417977571 0.01590990332831166 -0.01590990332831166
v 0.0760000036098063 0.01590990332831166 -0.01590990332831166
v 0.08800000417977571 0.015367971196553198 -0.016720961411268442
v 0.08800000417977571 0.017677670364790732 -0.015177670246047104
v 0.07449785204920012 0.017677670364790732 -0.017677670364790732
v 0.0760000036098063 0.02017767048353436 -0.017677670364790732
v 0.0760000036098063 0.019987368579353904 -0.016720961411268442
v 0.0760000036098063 0.019445437401269805 -0.01590990332831166
v 0.07449785204920012 0.017677670364790732 -0.017677670364790732
v 0.0760000036098063 0.015367971196553198 -0.016720961411268442
v 0.0760000036098063 0.015177670246047104 -0.017677670364790732
v 0.07449785204920012 0.017677670364790732 -0.017677670364790732
v 0.07449785204920012 0.017677670364790732 -0.017677670364790732
v 0.0760000036098063 0.01863437931831302 -0.015367971196553198
v 0.0760000036098063 0.017677670364790732 -0.015177670246047104
v 0.07449785204920012 0.017677670364790732 -0.017677670364790732
v 0.0760000036098063 0.016720961411268442 -0.015367971196553198
v 0.0760000036098063 0.01590990332831166 -0.01590990332831166
v 0.07449785204920012 0.017677670364790732 -0.017677670364790732
v 0.07449785204920012 0.017677670364790732 -0.017677670364790732
v 0.07449785204920012 0.017677670364790732 -0.017677670364790732
v 0.08800000417977571 -0.015367971196553198 -0.016720961411268442
v 0.0760000036098063 -0.015367971196553198 -0.016720961411268442
v 0.0760000036098063 -0.015177670246047104 -0.017677670364790732
v 0.08800000417977571 -0.01590990332831166 -0.01590990332831166
v 0.0760000036098063 -0.01590990332831166 -0.01590990332831166
v 0.0760000036098063 -0.016720961411268442 -0.015367971196553198
v 0.08800000417977571 -0.019987368579353904 -0.016720961411268442
v 0.08800000417977571 -0.02017767048353436 -0.017677670364790732
v 0.0760000036098063 -0.02017767048353436 -0.017677670364790732
v 0.08800000417977571 -0.015177670246047104 -0.017677670364790732
v 0.08800000417977571 -0.016720961411268442 -0.015367971196553198
v 0.0760000036098063 -0.01863437931831302 -0.015367971196553198
v 0.0760000036098063 -0.017677670364790732 -0.015177670246047104
v 0.08800000417977571 -0.017677670364790732 -0.015177670246047104
v 0.08800000417977571 -0.01863437931831302 -0.015367971196553198
v 0.0760000036098063 -0.019445437401269805 -0.01590990332831166
v 0.08800000417977571 -0.019445437401269805 -0.01590990332831166
v 0.0760000036098063 -0.019987368579353904 -0.016720961411268442
v 0.07449785204920012 -0.017677670364790732 -0.017677670364790732
v 0.0760000036098063 -0.015177670246047104 -0.017677670364790732
v 0.0760000036098063 -0.015367971196553198 -0.016720961411268442
v 0.0760000036098063 -0.01590990332831166 -0.01590990332831166
v 0.07449785204920012 -0.017677670364790732 -0.017677670364790732
v 0.0760000036098063 -0.019987368579353904 -0.016720961411268442
v 0.0760000036098063 -0.02017767048353436 -0.017677670364790732
v 0.07449785204920012 -0.017677670364790732 -0.017677670364790732
v 0.07449785204920012 -0.017677670364790732 -0.017677670364790732
v 0.0760000036098063 -0.016720961411268442 -0.015367971196553198
v 0.07449785204920012 -0.017677670364790732 -0.017677670364790732
v 0.0760000036098063 -0.017677670364790732 -0.015177670246047104
v 0.0760000036098063 -0.01863437931831302 -0.015367971196553198
v 0.0760000036098063 -0.019445437401269805 -0.01590990332831166
v 0.07449785204920012 -0.017677670364790732 -0.017677670364790732
v 0.07449785204920012 -0.017677670364790732 -0.017677670364790732
v 0.07449785204920012 -0.017677670364790732 -0.017677670364790732
v 0.08800000417977571 -0.015367971196553198 0.01863437931831302
v 0.0760000036098063 -0.01590990332831166 0.019445437401269805
v 0.0760000036098063 -0.015367971196553198 0.01863437931831302
v 0.0760000036098063 -0.015177670246047104 0.017677670364790732
v 0.08800000417977571 -0.015177670246047104 0.017677670364790732
v 0.08800000417977571 -0.01590990332831166 0.019445437401269805
v 0.08800000417977571 -0.016720961411268442 0.019987368579353904
v 0.0760000036098063 -0.016720961411268442 0.019987368579353904
v 0.08800000417977571 -0.019987368579353904 0.01863437931831302
v 0.08800000417977571 -0.02017767048353436 0.017677670364790732
v 0.0760000036098063 -0.02017767048353436 0.017677670364790732
v 0.08800000417977571 -0.017677670364790732 0.02017767048353436
v 0.0760000036098063 -0.01863437931831302 0.019987368579353904
v 0.0760000036098063 -0.017677670364790732 0.02017767048353436
v 0.08800000417977571 -0.019445437401269805 0.019445437401269805
v 0.0760000036098063 -0.019987368579353904 0.01863437931831302
v 0.0760000036098063 -0.019445437401269805 0.019445437401269805
v 0.08800000417977571 -0.01863437931831302 0.019987368579353904
v 0.0760000036098063 -0.015367971196553198 0.01863437931831302
v 0.07449785204920012 -0.017677670364790732 0.017677670364790732
v 0.0760000036098063 -0.015177670246047104 0.017677670364790732
v 0.0760000036098063 -0.01590990332831166 0.019445437401269805
v 0.07449785204920012 -0.017677670364790732 0.017677670364790732
v 0.0760000036098063 -0.019987368579353904 0.01863437931831302
v 0.0760000036098063 -0.02017767048353436 0.017677670364790732
v 0.07449785204920012 -0.017677670364790732 0.017677670364790732
v 0.07449785204920012 -0.017677670364790732 0.017677670364790732
v 0.0760000036098063 -0.016720961411268442 0.019987368579353904
v 0.07449785204920012 -0.017677670364790732 0.017677670364790732
v 0.0760000036098063 -0.019445437401269805 0.019445437401269805
v 0.0760000036098063 -0.017677670364790732 0.02017767048353436
v 0.0760000036098063 -0.01863437931831302 0.019987368579353904
v 0.07449785204920012 -0.017677670364790732 0.017677670364790732
v 0.07449785204920012 -0.017677670364790732 0.017677670364790732
v 0.07449785204920012 -0.017677670364790732 0.017677670364790732
v 0.08800000417977571 0.019445437401269805 0.019445437401269805
v 0.0760000036098063 0.019445437401269805 0.019445437401269805
v 0.0760000036098063 0.019987368579353904 0.01863437931831302
v 0.08800000417977571 0.019987368579353904 0.01863437931831302
v 0.0760000036098063 0.02017767048353436 0.017677670364790732
v 0.08800000417977571 0.01863437931831302 0.019987368579353904
v 0.08800000417977571 0.02017767048353436 0.017677670364790732
v 0.0760000036098063 0.01863437931831302 0.019987368579353904
v 0.0760000036098063 0.015367971196553198 0.01863437931831302
v 0.08800000417977571 0.015177670246047104 0.017677670364790732
v 0.0760000036098063 0.015177670246047104 0.017677670364790732
v 0.08800000417977571 0.017677670364790732 0.02017767048353436
v 0.0760000036098063 0.017677670364790732 0.02017767048353436
v 0.08800000417977571 0.01590990332831166 0.019445437401269805
v 0.0760000036098063 0.01590990332831166 0.019445437401269805
v 0.0760000036098063 0.016720961411268442 0.019987368579353904
v 0.08800000417977571 0.016720961411268442 0.019987368579353904
v 0.08800000417977571 0.015367971196553198 0.01863437931831302
v 0.0760000036098063 0.019987368579353904 0.01863437931831302
v 0.07449785204920012 0.017677670364790732 0.017677670364790732
v 0.0760000036098063 0.02017767048353436 0.017677670364790732
v 0.0760000036098063 0.019445437401269805 0.019445437401269805
v 0.07449785204920012 0.017677670364790732 0.017677670364790732
v 0.0760000036098063 0.015367971196553198 0.01863437931831302
v 0.0760000036098063 0.015177670246047104 0.017677670364790732
v 0.07449785204920012 0.017677670364790732 0.017677670364790732
v 0.0760000036098063 0.01863437931831302 0.019987368579353904
v 0.0760000036098063 0.017677670364790732 0.02017767048353436
v 0.07449785204920012 0.017677670364790732 0.017677670364790732
v 0.07449785204920012 0.017677670364790732 0.017677670364790732
v 0.0760000036098063 0.016720961411268442 0.019987368579353904
v 0.0760000036098063 0.01590990332831166 0.019445437401269805
v 0.07449785204920012 0.017677670364790732 0.017677670364790732
v 0.07449785204920012 0.017677670364790732 0.017677670364790732
v 0.07449785204920012 0.017677670364790732 0.017677670364790732
v 0.08750000415602699 0.01544736935553681 0.003072672751458644
v 0.08750000415602699 0.015750000748084858 2.7188718064172206e-16
v 0.08800000417977571 0.015937761110091375 0.0031702179030339284
v 0.08750000415602699 0.013095647480225181 0.008750231204798231
v 0.08750000415602699 0.014551103329384918 0.006027264404474264
v 0.08800000417977571 0.015013043163032425 0.006218606290546158
v 0.08750000415602699 0.008750231204798231 0.013095647480225181
v 0.08750000415602699 0.011136931948348416 0.011136931948348416
v 0.08800000417977571 0.011490485737113976 0.011490485737113976
v 0.08800000417977571 0.006218606290546158 0.015013043163032425
v 0.08750000415602699 0.006027264404474264 0.014551103329384918
v 0.08800000417977571 0.01351138179104816 0.009028016519200821
v 0.08800000417977571 0.0031702179030339284 0.015937761110091375
v 0.08800000417977571 0.016250000771833584 2.7861194493597255e-16
v 0.08750000415602699 -0.01544736935553681 0.003072672751458644
v 0.08800000417977571 -0.016250000771833584 -2.9037196119884184e-16
v 0.08750000415602699 -0.015750000748084858 -2.834471886993222e-16
v 0.08800000417977571 0.009028016519200821 0.01351138179104816
v 0.08750000415602699 0.003072672751458644 0.01544736935553681
v 0.08750000415602699 -0.003072672751458644 0.01544736935553681
v 0.08750000415602699 -2.9931302457430144e-16 0.015750000748084858
v 0.08800000417977571 -0.0031702179030339284 0.015937761110091375
v 0.08750000415602699 -0.008750231204798231 0.013095647480225181
v 0.08750000415602699 -0.006027264404474264 0.014551103329384918
v 0.08800000417977571 -0.006218606290546158 0.015013043163032425
v 0.08750000415602699 -0.013095647480225181 0.008750231204798231
v 0.08750000415602699 -0.011136931948348416 0.011136931948348416
v 0.08800000417977571 -0.01351138179104816 0.009028016519200821
v 0.08800000417977571 -0.015937761110091375 0.0031702179030339284
v 0.08750000415602699 -0.014551103329384918 0.006027264404474264
v 0.08800000417977571 -0.011490485737113976 0.011490485737113976
v 0.08800000417977571 -0.015013043163032425 0.006218606290546158
v 0.08800000417977571 -3.121312493128331e-16 0.016250000771833584
v 0.08800000417977571 -0.009028016519200821 0.01351138179104816
v 0.08750000415602699 0.0313483195889408 -0.003087540057920418
v 0.08800000417977571 0.03100000147242099 5.441423395182637e-16
v 0.08800000417977571 0.030850728546629735 -0.0030385314477282543
v 0.08750000415602699 0.03014362287644734 -0.009143968062794161
v 0.08800000417977571 0.030404346002844695 -0.006047800351342003
v 0.08800000417977571 0.029665151097739706 -0.008998825500663443
v 0.08750000415602699 0.03089473871107362 -0.006145345502917288
v 0.08750000415602699 0.027780520804977504 -0.014848997821378385
v 0.08800000417977571 0.02864026777879669 -0.011863187399713815
v 0.08800000417977571 0.02733956085361311 -0.014613299110232125
v 0.08750000415602699 0.026191294960450362 -0.017500462409596462
v 0.08800000417977571 0.02577555969595302 -0.017222678048868234
v 0.08750000415602699 0.029102206658769836 -0.012054528808948528
v 0.08800000417977571 0.017222678048868234 -0.02577555969595302
v 0.08800000417977571 0.014613299110232125 -0.02733956085361311
v 0.08750000415602699 0.014848997821378385 -0.027780520804977504
v 0.08750000415602699 0.003087540057920418 -0.0313483195889408
v 0.08800000417977571 0.006047800351342003 -0.030404346002844695
v 0.08800000417977571 0.0030385314477282543 -0.030850728546629735
v 0.08750000415602699 0.006145345502917288 -0.03089473871107362
v 0.08800000417977571 0.008998825500663443 -0.029665151097739706
v 0.08800000417977571 0.011863187399713815 -0.02864026777879669
v 0.08750000415602699 0.012054528808948528 -0.029102206658769836
v 0.08750000415602699 5.336885158847372e-16 -0.031500001496169716
v 0.08800000417977571 0.019666192035168173 -0.023963324731336444
v 0.08750000415602699 0.017500462409596462 -0.026191294960450362
v 0.08750000415602699 0.019983389849916877 -0.024349829876647577
v 0.08800000417977571 0.021920312015279997 -0.021920312015279997
v 0.08750000415602699 0.031500001496169716 5.485899538814841e-16
v 0.08750000415602699 0.024349829876647577 -0.019983389849916877
v 0.08800000417977571 0.023963324731336444 -0.019666192035168173
v 0.08750000415602699 0.022273863896696833 -0.022273863896696833
v 0.08750000415602699 0.009143968062794161 -0.03014362287644734
v 0.08800000417977571 5.170738757437645e-16 -0.03100000147242099
v 0.08750000415602699 -0.017500462409596462 -0.026191294960450362
v 0.08800000417977571 -0.014613299110232125 -0.02733956085361311
v 0.08800000417977571 -0.017222678048868234 -0.02577555969595302
v 0.08800000417977571 -0.011863187399713815 -0.02864026777879669
v 0.08750000415602699 -0.014848997821378385 -0.027780520804977504
v 0.08750000415602699 -0.009143968062794161 -0.03014362287644734
v 0.08800000417977571 -0.006047800351342003 -0.030404346002844695
v 0.08800000417977571 -0.008998825500663443 -0.029665151097739706
v 0.08750000415602699 -0.006145345502917288 -0.03089473871107362
v 0.08800000417977571 -0.0030385314477282543 -0.030850728546629735
v 0.08800000417977571 -0.021920312015279997 -0.021920312015279997
v 0.08750000415602699 -0.019983389849916877 -0.024349829876647577
v 0.08800000417977571 -0.019666192035168173 -0.023963324731336444
v 0.08750000415602699 -0.012054528808948528 -0.029102206658769836
v 0.08800000417977571 -0.023963324731336444 -0.019666192035168173
v 0.08750000415602699 -0.022273863896696833 -0.022273863896696833
v 0.08800000417977571 -0.02733956085361311 -0.014613299110232125
v 0.08800000417977571 -0.02864026777879669 -0.011863187399713815
v 0.08750000415602699 -0.029102206658769836 -0.012054528808948528
v 0.08750000415602699 -0.0313483195889408 -0.003087540057920418
v 0.08800000417977571 -0.030404346002844695 -0.006047800351342003
v 0.08800000417977571 -0.030850728546629735 -0.0030385314477282543
v 0.08750000415602699 -0.03089473871107362 -0.006145345502917288
v 0.08800000417977571 -0.029665151097739706 -0.008998825500663443
v 0.08750000415602699 -0.03014362287644734 -0.009143968062794161
v 0.08800000417977571 -0.03100000147242099 -5.577115640322924e-16
v 0.08750000415602699 -0.031500001496169716 -5.620787848006044e-16
v 0.08800000417977571 -0.02577555969595302 -0.017222678048868234
v 0.08750000415602699 -0.027780520804977504 -0.014848997821378385
v 0.08750000415602699 -0.024349829876647577 -0.019983389849916877
v 0.08750000415602699 -0.003087540057920418 -0.0313483195889408
v 0.08750000415602699 -0.026191294960450362 -0.017500462409596462
v 0.08600000408478081 0.03650000173365697 6.452857218497959e-16
v 0.08600000408478081 0.03632424336349249 -0.003577625683004876
v 0.08500000403728336 0.037319429262812065 -0.0036756429033892035
v 0.08500000403728336 0.035885263240102994 -0.01088567594733969
v 0.08600000408478081 0.03579866579336288 -0.007120797018670133
v 0.08600000408478081 0.03492832349738517 -0.010595390823078255
v 0.08500000403728336 0.036779451209820735 -0.007315887321820702
v 0.08500000403728336 0.03307204975809386 -0.01767737854043605
v 0.08600000408478081 0.0337216049952449 -0.013967945762318745
v 0.08600000408478081 0.03219012604066762 -0.017205981118143532
v 0.08600000408478081 0.030348641883377603 -0.020278313646273638
v 0.08600000408478081 0.028214883237107635 -0.02315535655331158
v 0.08500000403728336 0.028987893527729902 -0.02378974836811154
v 0.08500000403728336 0.031180112412372285 -0.020833884275078818
v 0.08500000403728336 0.03464548275519119 -0.014350629534462533
v 0.08600000408478081 0.02580939796965498 -0.02580939796965498
v 0.08500000403728336 0.026516505547186098 -0.026516505547186098
v 0.08600000408478081 0.017205981118143532 -0.03219012604066762
v 0.08600000408478081 0.013967945762318745 -0.0337216049952449
v 0.08500000403728336 0.01767737854043605 -0.03307204975809386
v 0.08600000408478081 0.010595390823078255 -0.03492832349738517
v 0.08600000408478081 0.007120797018670133 -0.03579866579336288
v 0.08500000403728336 0.007315887321820702 -0.036779451209820735
v 0.08600000408478081 6.139464228846966e-16 -0.03650000173365697
v 0.08500000403728336 6.409299394149468e-16 -0.037500001781154424
v 0.08600000408478081 0.003577625683004876 -0.03632424336349249
v 0.08500000403728336 0.0036756429033892035 -0.037319429262812065
v 0.08500000403728336 0.01088567594733969 -0.035885263240102994
v 0.08500000403728336 0.02378974836811154 -0.028987893527729902
v 0.08600000408478081 0.02315535655331158 -0.028214883237107635
v 0.08500000403728336 0.037500001781154424 6.545806417261077e-16
v 0.08600000408478081 0.020278313646273638 -0.030348641883377603
v 0.08500000403728336 0.014350629534462533 -0.03464548275519119
v 0.08500000403728336 0.020833884275078818 -0.031180112412372285
v 0.08500000403728336 -0.007315887321820702 -0.036779451209820735
v 0.08600000408478081 -0.003577625683004876 -0.03632424336349249
v 0.08600000408478081 -0.007120797018670133 -0.03579866579336288
v 0.08600000408478081 -0.017205981118143532 -0.03219012604066762
v 0.08500000403728336 -0.01767737854043605 -0.03307204975809386
v 0.08600000408478081 -0.013967945762318745 -0.0337216049952449
v 0.08600000408478081 -0.020278313646273638 -0.030348641883377603
v 0.08500000403728336 -0.020833884275078818 -0.031180112412372285
v 0.08500000403728336 -0.014350629534462533 -0.03464548275519119
v 0.08600000408478081 -0.010595390823078255 -0.03492832349738517
v 0.08500000403728336 -0.026516505547186098 -0.026516505547186098
v 0.08600000408478081 -0.02315535655331158 -0.028214883237107635
v 0.08600000408478081 -0.02580939796965498 -0.02580939796965498
v 0.08500000403728336 -0.02378974836811154 -0.028987893527729902
v 0.08500000403728336 -0.01088567594733969 -0.035885263240102994
v 0.08500000403728336 -0.028987893527729902 -0.02378974836811154
v 0.08600000408478081 -0.028214883237107635 -0.02315535655331158
v 0.08600000408478081 -0.030348641883377603 -0.020278313646273638
v 0.08600000408478081 -0.03219012604066762 -0.017205981118143532
v 0.08600000408478081 -0.0337216049952449 -0.013967945762318745
v 0.08500000403728336 -0.03307204975809386 -0.01767737854043605
v 0.08600000408478081 -0.03579866579336288 -0.007120797018670133
v 0.08500000403728336 -0.036779451209820735 -0.007315887321820702
v 0.08600000408478081 -0.03492832349738517 -0.010595390823078255
v 0.08500000403728336 -0.03464548275519119 -0.014350629534462533
v 0.08500000403728336 -0.037319429262812065 -0.0036756429033892035
v 0.08600000408478081 -0.03632424336349249 -0.003577625683004876
v 0.08600000408478081 -0.03650000173365697 -6.593092813057843e-16
v 0.08500000403728336 -0.031180112412372285 -0.020833884275078818
v 0.08500000403728336 -0.0036756429033892035 -0.037319429262812065
v 0.08500000403728336 -0.035885263240102994 -0.01088567594733969
v 0.08500000403728336 -0.037500001781154424 -6.676440316925374e-16
v 0.08500000403728336 0.037500001781154424 6.545806417261077e-16
v 0.08320000090002999 0.037445161690659035 -0.002027313567132677
v 0.08320000090002999 0.037500001781154424 6.545806417261077e-16
v 0.08500000403728336 0.037319429262812065 -0.0036756429033892035
v 0.08279296505306011 0.0373743952383232 -0.0030670458343060036
v 0.08222660455252662 0.03728329644859585 -0.004025670719620955
v 0.0776178854615539 0.03685783179826041 -0.006910161823423799
v 0.08500000403728336 0.036779451209820735 -0.007315887321820702
v 0.08500000403728336 0.035885263240102994 -0.01088567594733969
v 0.0815142326925189 0.037180539943471036 -0.004884412520662906
v 0.08067811967673144 0.037077039572344095 -0.00561634805652661
v 0.0787068900298804 0.03690691551030856 -0.006643016653874734
v 0.07973112866495491 0.03698229774655504 -0.0062096551029872105
v 0.07650742703478652 0.036840875468109324 -0.006999996517784712
v 0.06760000168494873 0.03591223696574941 -0.010795877969441703
v 0.08500000403728336 0.03464548275519119 -0.014350629534462533
v 0.08500000403728336 0.03307204975809386 -0.01767737854043605
v 0.06760000168494873 0.033145303393165015 -0.017539343713323108
v 0.08500000403728336 0.031180112412372285 -0.020833884275078818
v 0.06760000168494873 0.031283902700505184 -0.02067770674690883
v 0.06760000168494873 0.02669271214430058 -0.02633912020856055
v 0.08500000403728336 0.028987893527729902 -0.02378974836811154
v 0.08500000403728336 0.026516505547186098 -0.026516505547186098
v 0.06760000168494873 0.021093022394687022 -0.031005395454610785
v 0.08500000403728336 0.02378974836811154 -0.028987893527729902
v 0.08500000403728336 0.020833884275078818 -0.031180112412372285
v 0.06760000168494873 0.02400642318309054 -0.02880852836112946
v 0.06760000168494873 0.029126080942740717 -0.023620141197580047
v 0.06760000168494873 0.014696402294110955 -0.03450023052050888
v 0.08500000403728336 0.01767737854043605 -0.03307204975809386
v 0.08500000403728336 0.014350629534462533 -0.03464548275519119
v 0.08500000403728336 0.01088567594733969 -0.035885263240102994
v 0.08500000403728336 0.007315887321820702 -0.036779451209820735
v 0.07729079041427944 0.006472547838557441 -0.036937192763943916
v 0.06760000168494873 0.011273789941299017 -0.035765085011738584
v 0.08066699601897653 0.0046668164562505 -0.0372084787875715
v 0.07966855999743228 0.005486501000646071 -0.03709647545583561
v 0.07852627936456358 0.006097369960477439 -0.037000974505254636
v 0.08500000403728336 0.0036756429033892035 -0.037319429262812065
v 0.06760000168494873 0.01797976007030133 -0.0329084755315745
v 0.06760000168494873 0.03469313214099934 -0.01423505087754462
v 0.07599747828009651 0.006599999741278562 -0.03691463264324346
v 0.0707799105884277 0.03728229699786478 -0.004034911824185861
v 0.07148977237751541 0.037180002071131035 -0.004888515704604135
v 0.06760000168494873 0.037322339876963984 -0.0036445247473854137
v 0.07021023130111548 0.03737394128932703 -0.0030722605257157976
v 0.07430637712555477 0.03690612586793707 -0.006647406416961654
v 0.07538830161541998 0.036857644878085516 -0.006911159843643322
v 0.06760000168494873 0.03679159339179394 -0.007254570828734985
v 0.07233178291555564 0.037075925680689625 -0.005623695640646353
v 0.07327402844370834 0.03698184761225631 -0.0062123330205948735
v 0.06980000636708006 0.037500001781154424 6.545806417261077e-16
v 0.06980000636708006 0.037445161690659035 -0.002027313567132677
v 0.06760000168494873 0.037500001781154424 6.515940982799259e-16
v 0.06760000168494873 0.007744524369920347 -0.03669158728352828
v 0.07471100208373826 0.006472903559094356 -0.03693713172878477
v 0.07347093549651795 0.006096212676639512 -0.037001165240126976
v 0.07233046303023904 0.005485842011662134 -0.03709657082327178
v 0.06760000168494873 0.004141876417431689 -0.03727042184471285
v 0.07133418612744968 0.004667990906226938 -0.03720833382906852
v 0.07051253844438055 0.003667112286223767 -0.037320268496250364
v 0.08500000403728336 6.409299394149468e-16 -0.037500001781154424
v 0.08247209559201885 0.001293068351174223 -0.03747770105988035
v 0.0826000023974105 6.256058793912915e-16 -0.037500001781154424
v 0.08209684380417581 0.0025275558241692753 -0.03741472421973091
v 0.08247327814822736 -0.001287118496040851 -0.03747790705354248
v 0.08500000403728336 -0.0036756429033892035 -0.037319429262812065
v 0.08209725579150007 -0.0025265644796702846 -0.03741479288428495
v 0.08148662191239886 -0.003668381388380604 -0.03732014261123462
v 0.08066975785992803 -0.004664054138461826 -0.03720882592503916
v 0.08148543172679545 0.0036701611831581327 -0.037319967135152066
v 0.08500000403728336 -0.007315887321820702 -0.036779451209820735
v 0.07853335181362997 -0.006094437411815201 -0.03700145897183038
v 0.079669368713291 -0.005485961697794528 -0.03709655556448199
v 0.076003825936648 -0.006599999264441381 -0.03691463264324346
v 0.07729322419125051 -0.006472062418307334 -0.036937276687287746
v 0.08500000403728336 -0.01088567594733969 -0.035885263240102994
v 0.06760000168494873 -0.010316045297419918 -0.036052999301536826
v 0.06760000168494873 -0.01709580693383339 -0.03337623373250276
v 0.08500000403728336 -0.014350629534462533 -0.03464548275519119
v 0.08500000403728336 -0.01767737854043605 -0.03307204975809386
v 0.06760000168494873 -0.02322965923018061 -0.029438453165219203
v 0.08500000403728336 -0.020833884275078818 -0.031180112412372285
v 0.08500000403728336 -0.02378974836811154 -0.028987893527729902
v 0.06760000168494873 -0.020258711823443187 -0.03155685002487085
v 0.06760000168494873 -0.013771169362896685 -0.0348798653957183
v 0.06760000168494873 -0.02848585264084713 -0.024388436522158052
v 0.08500000403728336 -0.026516505547186098 -0.026516505547186098
v 0.08500000403728336 -0.028987893527729902 -0.02378974836811154
v 0.06760000168494873 -0.03266579973879802 -0.01841698161816785
v 0.08500000403728336 -0.031180112412372285 -0.020833884275078818
v 0.08500000403728336 -0.03307204975809386 -0.01767737854043605
v 0.06760000168494873 -0.030721372156208293 -0.02150459010222372
v 0.06760000168494873 -0.03561157395708392 -0.011749698243322393
v 0.08500000403728336 -0.03464548275519119 -0.014350629534462533
v 0.08500000403728336 -0.035885263240102994 -0.01088567594733969
v 0.06760000168494873 -0.037211881497694055 -0.004638491374033549
v 0.08500000403728336 -0.036779451209820735 -0.007315887321820702
v 0.08500000403728336 -0.037319429262812065 -0.0036756429033892035
v 0.06760000168494873 -0.036585054227931124 -0.008233100328490228
v 0.06760000168494873 -0.03430119486652394 -0.0151551387355775
v 0.06760000168494873 -0.025980843824355837 -0.02704155859641677
v 0.06860000173244618 -0.037486665598880364 -0.0010000000474974513
v 0.08500000403728336 -0.037500001781154424 -6.676440316925374e-16
v 0.06990629909673807 -0.0025351082098581945 -0.03741421305027304
v 0.07051699401099842 -0.003673775370570398 -0.03731961236828951
v 0.06760000168494873 -0.003146525294028951 -0.03736762033565766
v 0.07347417798934774 -0.006097556403815152 -0.03700094398767506
v 0.07471612903710678 -0.0064739216064754745 -0.036936952438004766
v 0.06760000168494873 -0.006763327919812601 -0.03688505729393832
v 0.0713362002877016 -0.004670003159130132 -0.03720807824433958
v 0.07233724556229948 -0.005490372441717406 -0.03709590325121859
v 0.06990435360104019 0.002530431867625582 -0.03741452967016112
v 0.06952708002355035 0.0012888976947719039 -0.03747784601838333
v 0.06760000168494873 0.0005000444888158401 -0.03749666773558591
v 0.0694000048222021 6.262546117920114e-16 -0.037500001781154424
v 0.06952819391520482 -0.0012944841999734669 -0.037477651468813544
v 0.06760000168494873 -0.037486665598880364 -0.0010000000474974513
v 0.06860000173244618 -0.037500001781154424 -6.676440316925374e-16
v 0.08600000408478081 -0.014551103329384918 0.006027264404474264
v 0.08750000415602699 -0.014551103329384918 0.006027264404474264
v 0.08750000415602699 -0.01544736935553681 0.003072672751458644
v 0.08600000408478081 -0.01544736935553681 0.003072672751458644
v 0.08750000415602699 -0.015750000748084858 -2.834471886993222e-16
v 0.08600000408478081 -0.011136931948348416 0.011136931948348416
v 0.08750000415602699 -0.011136931948348416 0.011136931948348416
v 0.08750000415602699 -0.013095647480225181 0.008750231204798231
v 0.08600000408478081 -0.008750231204798231 0.013095647480225181
v 0.08750000415602699 -0.006027264404474264 0.014551103329384918
v 0.08750000415602699 -0.008750231204798231 0.013095647480225181
v 0.08600000408478081 -0.013095647480225181 0.008750231204798231
v 0.08600000408478081 -0.015750000748084858 -2.834471886993222e-16
v 0.08600000408478081 -0.006027264404474264 0.014551103329384918
v 0.08600000408478081 -0.003072672751458644 0.01544736935553681
v 0.08750000415602699 -0.003072672751458644 0.01544736935553681
v 0.08600000408478081 0.01544736935553681 0.003072672751458644
v 0.08600000408478081 0.015750000748084858 2.71928814007123e-16
v 0.08750000415602699 0.015750000748084858 2.7188718064172206e-16
v 0.08600000408478081 0.003072672751458644 0.01544736935553681
v 0.08750000415602699 0.003072672751458644 0.01544736935553681
v 0.08750000415602699 -2.9931302457430144e-16 0.015750000748084858
v 0.08600000408478081 0.006027264404474264 0.014551103329384918
v 0.08750000415602699 0.008750231204798231 0.013095647480225181
v 0.08750000415602699 0.006027264404474264 0.014551103329384918
v 0.08600000408478081 0.013095647480225181 0.008750231204798231
v 0.08750000415602699 0.013095647480225181 0.008750231204798231
v 0.08750000415602699 0.011136931948348416 0.011136931948348416
v 0.08750000415602699 0.01544736935553681 0.003072672751458644
v 0.08750000415602699 0.014551103329384918 0.006027264404474264
v 0.08600000408478081 0.014551103329384918 0.006027264404474264
v 0.08600000408478081 0.011136931948348416 0.011136931948348416
v 0.08600000408478081 -3.0466228861204113e-16 0.015750000748084858
v 0.08600000408478081 0.008750231204798231 0.013095647480225181
v 0.08750000415602699 0.031500001496169716 5.485899538814841e-16
v 0.08750000415602699 0.0313483195889408 -0.003087540057920418
v 0.08600000408478081 0.0313483195889408 -0.003087540057920418
v 0.08750000415602699 0.03089473871107362 -0.006145345502917288
v 0.08750000415602699 0.03014362287644734 -0.009143968062794161
v 0.08600000408478081 0.03089473871107362 -0.006145345502917288
v 0.08750000415602699 0.029102206658769836 -0.012054528808948528
v 0.08750000415602699 0.027780520804977504 -0.014848997821378385
v 0.08600000408478081 0.029102206658769836 -0.012054528808948528
v 0.08750000415602699 0.026191294960450362 -0.017500462409596462
v 0.08750000415602699 0.024349829876647577 -0.019983389849916877
v 0.08600000408478081 0.026191294960450362 -0.017500462409596462
v 0.08600000408478081 0.03014362287644734 -0.009143968062794161
v 0.08750000415602699 0.022273863896696833 -0.022273863896696833
v 0.08750000415602699 0.019983389849916877 -0.024349829876647577
v 0.08600000408478081 0.022273863896696833 -0.022273863896696833
v 0.08750000415602699 0.017500462409596462 -0.026191294960450362
v 0.08750000415602699 0.014848997821378385 -0.027780520804977504
v 0.08600000408478081 0.017500462409596462 -0.026191294960450362
v 0.08600000408478081 0.019983389849916877 -0.024349829876647577
v 0.08750000415602699 0.012054528808948528 -0.029102206658769836
v 0.08750000415602699 0.009143968062794161 -0.03014362287644734
v 0.08600000408478081 0.009143968062794161 -0.03014362287644734
v 0.08750000415602699 0.006145345502917288 -0.03089473871107362
v 0.08750000415602699 0.003087540057920418 -0.0313483195889408
v 0.08600000408478081 0.006145345502917288 -0.03089473871107362
v 0.08600000408478081 0.012054528808948528 -0.029102206658769836
v 0.08600000408478081 0.024349829876647577 -0.019983389849916877
v 0.08600000408478081 0.027780520804977504 -0.014848997821378385
v 0.08600000408478081 0.031500001496169716 5.48631587246885e-16
v 0.08600000408478081 0.014848997821378385 -0.027780520804977504
v 0.08600000408478081 0.003087540057920418 -0.0313483195889408
v 0.08750000415602699 5.336885158847372e-16 -0.031500001496169716
v 0.08600000408478081 5.302680747085177e-16 -0.031500001496169716
v 0.08750000415602699 -0.003087540057920418 -0.0313483195889408
v 0.08750000415602699 -0.006145345502917288 -0.03089473871107362
v 0.08600000408478081 -0.003087540057920418 -0.0313483195889408
v 0.08750000415602699 -0.009143968062794161 -0.03014362287644734
v 0.08750000415602699 -0.012054528808948528 -0.029102206658769836
v 0.08600000408478081 -0.012054528808948528 -0.029102206658769836
v 0.08600000408478081 -0.006145345502917288 -0.03089473871107362
v 0.08750000415602699 -0.014848997821378385 -0.027780520804977504
v 0.08750000415602699 -0.017500462409596462 -0.026191294960450362
v 0.08600000408478081 -0.014848997821378385 -0.027780520804977504
v 0.08750000415602699 -0.019983389849916877 -0.024349829876647577
v 0.08750000415602699 -0.022273863896696833 -0.022273863896696833
v 0.08600000408478081 -0.022273863896696833 -0.022273863896696833
v 0.08600000408478081 -0.019983389849916877 -0.024349829876647577
v 0.08750000415602699 -0.024349829876647577 -0.019983389849916877
v 0.08750000415602699 -0.026191294960450362 -0.017500462409596462
v 0.08600000408478081 -0.026191294960450362 -0.017500462409596462
v 0.08750000415602699 -0.027780520804977504 -0.014848997821378385
v 0.08750000415602699 -0.029102206658769836 -0.012054528808948528
v 0.08600000408478081 -0.029102206658769836 -0.012054528808948528
v 0.08600000408478081 -0.027780520804977504 -0.014848997821378385
v 0.08750000415602699 -0.03014362287644734 -0.009143968062794161
v 0.08750000415602699 -0.03089473871107362 -0.006145345502917288
v 0.08600000408478081 -0.03014362287644734 -0.009143968062794161
v 0.08750000415602699 -0.0313483195889408 -0.003087540057920418
v 0.08750000415602699 -0.031500001496169716 -5.620787848006044e-16
v 0.08600000408478081 -0.031500001496169716 -5.620787848006044e-16
v 0.08600000408478081 -0.0313483195889408 -0.003087540057920418
v 0.08600000408478081 -0.024349829876647577 -0.019983389849916877
v 0.08600000408478081 -0.009143968062794161 -0.03014362287644734
v 0.08600000408478081 -0.017500462409596462 -0.026191294960450362
v 0.08600000408478081 -0.03089473871107362 -0.006145345502917288
v -0.03650000173365697 -5.010797787456882e-16 0.025000001187436283
v -0.03632424336349249 -0.003577625683004876 0.025000001187436283
v -0.03632424336349249 -0.003577625683004876 0.030500001448672265
v -0.03579866579336288 -0.007120797018670133 0.025000001187436283
v -0.03492832349738517 -0.010595390823078255 0.025000001187436283
v -0.03492832349738517 -0.010595390823078255 0.030500001448672265
v -0.03579866579336288 -0.007120797018670133 0.030500001448672265
v -0.0337216049952449 -0.013967945762318745 0.025000001187436283
v -0.03219012604066762 -0.017205981118143532 0.025000001187436283
v -0.03219012604066762 -0.017205981118143532 0.030500001448672265
v -0.030348641883377603 -0.020278313646273638 0.025000001187436283
v -0.028214883237107635 -0.02315535655331158 0.025000001187436283
v -0.028214883237107635 -0.02315535655331158 0.030500001448672265
v -0.030348641883377603 -0.020278313646273638 0.030500001448672265
v -0.0337216049952449 -0.013967945762318745 0.030500001448672265
v -0.02580939796965498 -0.02580939796965498 0.025000001187436283
v -0.02315535655331158 -0.028214883237107635 0.025000001187436283
v -0.02315535655331158 -0.028214883237107635 0.030500001448672265
v -0.020278313646273638 -0.030348641883377603 0.025000001187436283
v -0.017205981118143532 -0.03219012604066762 0.025000001187436283
v -0.017205981118143532 -0.03219012604066762 0.030500001448672265
v -0.020278313646273638 -0.030348641883377603 0.030500001448672265
v -0.013967945762318745 -0.0337216049952449 0.025000001187436283
v -0.010595390823078255 -0.03492832349738517 0.025000001187436283
v -0.010595390823078255 -0.03492832349738517 0.030500001448672265
v -0.007120797018670133 -0.03579866579336288 0.025000001187436283
v -0.003577625683004876 -0.03632424336349249 0.025000001187436283
v -0.003577625683004876 -0.03632424336349249 0.030500001448672265
v -0.007120797018670133 -0.03579866579336288 0.030500001448672265
v -0.013967945762318745 -0.0337216049952449 0.030500001448672265
v -0.02580939796965498 -0.02580939796965498 0.030500001448672265
v -0.03650000173365697 -5.010797787456882e-16 0.030500001448672265
v -1.6508249409612422e-17 -0.03650000173365697 0.030500001448672265
v 3.21195213786645e-17 -0.03650000173365697 0.025000001187436283
v 0.003577625683004876 -0.03632424336349249 0.025000001187436283
v 0.003577625683004876 -0.03632424336349249 0.030500001448672265
v 0.007120797018670133 -0.03579866579336288 0.025000001187436283
v 0.010595390823078255 -0.03492832349738517 0.025000001187436283
v 0.010595390823078255 -0.03492832349738517 0.030500001448672265
v 0.007120797018670133 -0.03579866579336288 0.030500001448672265
v 0.013967945762318745 -0.0337216049952449 0.025000001187436283
v 0.017205981118143532 -0.03219012604066762 0.025000001187436283
v 0.017205981118143532 -0.03219012604066762 0.030500001448672265
v 0.020278313646273638 -0.030348641883377603 0.025000001187436283
v 0.02315535655331158 -0.028214883237107635 0.025000001187436283
v 0.02315535655331158 -0.028214883237107635 0.030500001448672265
v 0.020278313646273638 -0.030348641883377603 0.030500001448672265
v 0.013967945762318745 -0.0337216049952449 0.030500001448672265
v 0.02580939796965498 -0.02580939796965498 0.025000001187436283
v 0.028214883237107635 -0.02315535655331158 0.025000001187436283
v 0.028214883237107635 -0.02315535655331158 0.030500001448672265
v 0.030348641883377603 -0.020278313646273638 0.025000001187436283
v 0.03219012604066762 -0.017205981118143532 0.025000001187436283
v 0.03219012604066762 -0.017205981118143532 0.030500001448672265
v 0.030348641883377603 -0.020278313646273638 0.030500001448672265
v 0.0337216049952449 -0.013967945762318745 0.025000001187436283
v 0.03492832349738517 -0.010595390823078255 0.025000001187436283
v 0.03492832349738517 -0.010595390823078255 0.030500001448672265
v 0.03579866579336288 -0.007120797018670133 0.025000001187436283
v 0.03632424336349249 -0.003577625683004876 0.025000001187436283
v 0.03632424336349249 -0.003577625683004876 0.030500001448672265
v 0.03579866579336288 -0.007120797018670133 0.030500001448672265
v 0.0337216049952449 -0.013967945762318745 0.030500001448672265
v 0.02580939796965498 -0.02580939796965498 0.030500001448672265
v 0.03650000173365697 -5.268269252698201e-16 0.030500001448672265
v 0.03650000173365697 -5.268269252698201e-16 0.025000001187436283
v 0.03510742354251306 -0.014541970943697247 0.030500001448672265
v 0.03579514864231692 -0.012758130679526025 0.03198082312850459
v 0.03410257882925816 -0.016763480029010625 0.0319996314942661
v 0.03259772646285963 -0.019529168102878636 0.031999728769050995
v 0.03351300970945825 -0.01791307725158231 0.030500001448672265
v 0.03087654641894977 -0.022150372603599866 0.03199974974988695
v 0.031595847676869626 -0.02111167054315577 0.030500001448672265
v 0.03800000180490315 2.1114633614676268e-14 0.03189143904527958
v 0.037755224113833474 -0.004306186880558283 0.03190546378044279
v 0.03781702221247185 -0.0037246515135813674 0.030500001448672265
v 0.036363733111461904 -0.011030818509470408 0.030500001448672265
v 0.03701572594028146 -0.008592792919122072 0.031941316214396664
v 0.03726984201070094 -0.007413432473395987 0.030500001448672265
v 0.029374398673041036 -0.024106946182860245 0.030500001448672265
v 0.028943978730722186 -0.024622069574636862 0.03199977263807163
v 0.014541970943697247 -0.03510742354251306 0.030500001448672265
v 0.017859751595973306 -0.03354145972301659 0.032749349242278125
v 0.014487629624893028 -0.0351298844810799 0.03296275486154521
v 0.010965138956179898 -0.036383592426370015 0.03303216328158998
v 0.011030818509470408 -0.036363733111461904 0.030500001448672265
v 0.007371021620856677 -0.03727825341857116 0.03299219669643971
v 0.024106946182860245 -0.029374398673041036 0.030500001448672265
v 0.026805766425183064 -0.026934197751473654 0.03199979361890759
v 0.02402947349241291 -0.02943780848135069 0.03214871749988246
v 0.01791307725158231 -0.03351300970945825 0.030500001448672265
v 0.02103844933301291 -0.03164464910130671 0.03244656144713476
v 0.02111167054315577 -0.031595847676869626 0.030500001448672265
v 0.003716150698739734 -0.037817857631212703 0.032925515785069415
v 0.007413432473395987 -0.03726984201070094 0.030500001448672265
v 0.026870059335951657 -0.026870059335951657 0.030500001448672265
v 0.03800000180490315 -5.627523454322535e-16 0.030500001448672265
v 0.0037246515135813674 -0.03781702221247185 0.030500001448672265
v -4.957302243283393e-07 -0.03800000180490315 0.03289615405882129
v -3.1127962011259855e-19 -0.03800000180490315 0.030500001448672265
v -0.017933091061737017 -0.033502305668422494 0.03290813983819918
v -0.01791307725158231 -0.03351300970945825 0.030500001448672265
v -0.01454720756961736 -0.035105252979665824 0.03290701450245237
v -0.02112060074987876 -0.03158987767536536 0.03290887226010897
v -0.02111167054315577 -0.031595847676869626 0.030500001448672265
v -0.02410051651031364 -0.02937967439960998 0.03290944065002854
v -0.024106946182860245 -0.029374398673041036 0.030500001448672265
v -0.007413432473395987 -0.03726984201070094 0.030500001448672265
v -0.0037528461808293556 -0.03781423366863823 0.032899766577303424
v -0.007448765154822734 -0.03726279626451667 0.03290289462920981
v -0.011030818509470408 -0.036363733111461904 0.030500001448672265
v -0.011046779203587875 -0.03635934620939807 0.03290529407390386
v -0.014541970943697247 -0.03510742354251306 0.030500001448672265
v -0.02687073835209719 -0.026869380319806124 0.03290999378115833
v -0.03351300970945825 -0.01791307725158231 0.030500001448672265
v -0.03350157706121015 -0.017934449094028082 0.03291173328319408
v -0.035104341266976036 -0.01454940769636981 0.03291213382642599
v -0.03510742354251306 -0.014541970943697247 0.030500001448672265
v -0.03635754948690062 -0.011052679586863734 0.03291220630567748
v -0.037261968475170715 -0.007452912207784601 0.03291196979443578
v -0.036363733111461904 -0.011030818509470408 0.030500001448672265
v -0.029374398673041036 -0.024106946182860245 0.030500001448672265
v -0.029377017462838273 -0.024104459000124923 0.03291056598577535
v -0.031586536000401955 -0.021125598003534085 0.032911161078577056
v -0.03781442440351057 -0.0037509083145263744 0.03291150058664982
v -0.03800000180490315 -1.9032048834496592e-08 0.032911172522669396
v -0.03781702221247185 -0.0037246515135813674 0.030500001448672265
v -0.03726984201070094 -0.007413432473395987 0.030500001448672265
v -0.031595847676869626 -0.02111167054315577 0.030500001448672265
v -0.03800000180490315 -5.452544057394024e-16 0.030500001448672265
v -0.03800000180490315 -5.642558086562498e-16 0.032911172522669396
v -0.0037246515135813674 -0.03781702221247185 0.030500001448672265
v -0.026870059335951657 -0.026870059335951657 0.030500001448672265
v 0.008269677554958998 0.037089250418871345 0.030500001448672265
v 0.004599458436083392 0.03772062099329343 0.0329396034627405
v 0.008157464414863536 0.03711409172864499 0.033005567210990794
v 0.004656516773144104 0.03771361720878108 0.030500001448672265
v 0.0010000000474974513 0.03798684109871164 0.03289751972050725
v 0.011639949397777571 0.036173356820681235 0.03302941669942827
v 0.018214774043255888 0.033349996243463575 0.03271898806529894
v 0.01523208309042845 0.03481355832469779 0.030500001448672265
v 0.01499484991723421 0.034916394938468986 0.03293958438925326
v 0.018516503259857764 0.033183419850053575 0.030500001448672265
v 0.02127932268124577 0.03148317868042927 0.03242138825868324
v 0.011805841052995869 0.03611955432789138 0.030500001448672265
v 0.024141637041441566 0.029345893346369722 0.03213871154847947
v 0.021628518178178346 0.031244315677750878 0.030500001448672265
v 0.0010000000474974513 0.03798684109871164 0.030500001448672265
v 0.03782309521080718 0.0036624402355257824 0.030500001448672265
v 0.024539157125630373 0.029014304585502915 0.030500001448672265
v 0.027221316676854235 0.026514148064163967 0.030500001448672265
v 0.02680576451783434 0.026934199658822378 0.031999583810548016
v 0.028943528596423462 0.024622596002884523 0.03199957999585057
v 0.031802667220994785 0.020798810039404092 0.030500001448672265
v 0.03087511972210466 0.022152360060969656 0.031999578088501845
v 0.03259736025190474 0.019529778454470126 0.03199957618115312
v 0.029650023915014367 0.02376712339755449 0.030500001448672265
v 0.03520234465908212 0.014310661041963546 0.030500001448672265
v 0.03410255975577092 0.016763518175985093 0.03199956473706078
v 0.035796853812075646 0.012750901827864314 0.031980693428791396
v 0.0364177263391241 0.01085123781246422 0.030500001448672265
v 0.03701477226591976 0.008596910885015907 0.031941356268719856
v 0.03365920417440993 0.017636841658017488 0.030500001448672265
v 0.03775438869509262 0.004313509192307441 0.03190550955681215
v 0.03729403100721118 0.007290780413737319 0.030500001448672265
v 0.06610000161370255 0.033700090101644875 -0.01962916467440068
v 0.06610000161370255 0.03158487660701259 -0.022877843036102075
v 0.06600000313483179 0.03364590232441289 -0.019723132116608033
v 0.06610000161370255 0.02913709588161839 -0.025923537531961083
v 0.06600000313483179 0.02933602090937737 -0.025698796539230795
v 0.06600000313483179 0.038936166705325626 -0.0022304996119397458
v 0.06610000161370255 0.038936166705325626 -0.0022304996119397458
v 0.06610000161370255 0.038582483216846875 -0.005691401751955483
v 0.06600000313483179 0.03782301891685824 -0.009513583635159528
v 0.06610000161370255 0.03789695538277238 -0.009209834536259565
v 0.06610000161370255 0.03686039146024722 -0.012740165361900258
v 0.06599999550543689 0.038552362365806836 -0.005898333829655322
v 0.06610000161370255 0.03546182419411181 -0.016231425102616326
v 0.06600000313483179 0.036755067663740704 -0.013043522500637561
v 0.06600000313483179 0.03535868240454487 -0.016456982440600232
v 0.06600000313483179 0.023979237741735826 -0.03075729325471621
v 0.06610000161370255 0.026388408006922104 -0.028716756277302746
v 0.06610000161370255 0.02337992016261059 -0.031215053133636372
v 0.06600000313483179 0.020966782612079626 -0.03288484348089149
v 0.06610000161370255 0.020160164836950933 -0.033385144865738514
v 0.06600000313483179 0.014407885282116117 -0.036241151623706
v 0.06610000161370255 0.016782540164803628 -0.03520435500463659
v 0.06610000161370255 0.013302520430114595 -0.03666119177427207
v 0.06599999550543689 0.007334826340969769 -0.03830407896778354
v 0.06610000161370255 0.009774898993335501 -0.037755151634581985
v 0.06610000161370255 0.006251340686174445 -0.038495725552814
v 0.06599999550543689 0.010920185607792288 -0.03743987451999775
v 0.06600000313483179 0.017766703495850633 -0.03471811077988107
v 0.06600000313483179 0.026777436574594304 -0.028354916965682708
v 0.06600013283454498 0.0036839827856822993 -0.03882552522057825
v 0.06610000161370255 0.002778433216456405 -0.03890090745682473
v 0.06600000313483179 0.03163248975319499 -0.022813042770573055
v 0.06600007179938583 6.572717942763655e-16 -0.03899998277891337
v 0.06610000161370255 -0.0006075984528172013 -0.038995267812869105
v 0.06600000313483179 -0.018108508016480007 -0.03454105922728212
v 0.06610000161370255 -0.018020184419145213 -0.03458733913670686
v 0.06610000161370255 -0.02134703356092671 -0.03263919985350139
v 0.06600000313483179 -0.01469360039883627 -0.03612626056600288
v 0.06610000161370255 -0.014570769048397603 -0.0361759698884323
v 0.06600013283454498 -0.003760629832550988 -0.03881816666920335
v 0.06610000161370255 -0.004026931953964308 -0.038791555339814376
v 0.06610000161370255 -0.0274159463552881 -0.027737723714321705
v 0.06600000313483179 -0.027221877437378916 -0.02792853488061131
v 0.06610000161370255 -0.024496270389584573 -0.0303471179117476
v 0.06600000313483179 -0.02440194436581722 -0.030423018946846847
v 0.06599999550543689 -0.007486003277624165 -0.03827482023836648
v 0.06610000161370255 -0.007523309111305276 -0.03826751509275583
v 0.06600000313483179 -0.03207665023571726 -0.02218422041404544
v 0.06610000161370255 -0.03005995320999766 -0.024847819554841832
v 0.06610000161370255 -0.032390409100717665 -0.02172268016995549
v 0.06600000313483179 -0.03573858812327302 -0.01561488034982128
v 0.06610000161370255 -0.034379445755250426 -0.018413714329804654
v 0.06610000161370255 -0.036010213654973366 -0.014975753541815462
v 0.06600000313483179 -0.034066224762590025 -0.018987952180565815
v 0.06600000313483179 -0.038071496864451326 -0.008464848920430312
v 0.06610000161370255 -0.037277028900690734 -0.0114642406186799
v 0.06610000161370255 -0.038184770490437 -0.007932609458047024
v 0.06610000161370255 -0.038747587137042405 -0.004430077286375622
v 0.06599999550543689 -0.038710237434340655 -0.004754564034270825
v 0.06610000161370255 -0.03898718065428186 -0.0010000000474974513
v 0.06600000313483179 -0.0389879092614942 -0.0010000000474974513
v 0.06600000313483179 -0.029787944301203906 -0.02517358518005608
v 0.06600000313483179 -0.037077649923935585 -0.012096193888136986
v 0.06610000161370255 -0.011054126310870438 -0.037400689947824084
v 0.06599999550543689 -0.011141707949551827 -0.03737454019682618
v 0.06600000313483179 -0.021354802192277145 -0.0326342140439384
v -1.993486788804011e-08 0.038320341022999305 0.03415359659291184
v 0.004785597551675014 0.037990991489533776 0.03414858026576928
v 0.0010000000474974513 0.038318090351505685 0.034000001614913344
v 0.004878758662209548 0.03795244397183373 0.033730542831362786
v -2.921092848329086e-08 0.0383322543231257 0.034000001614913344
v 0.0010000000474974513 0.03823527708463281 0.033724305801037247
v 0.00947033927122809 0.03705374702973385 0.034139703464810545
v 0.02707185873823681 0.028769730980746644 0.03332334676710014
v 0.023080475949779355 0.030780019314755602 0.033139474535466285
v 0.02291765894070319 0.031182149460808883 0.033334588680475896
v 0.014055556964905347 0.035594735882553685 0.03412870569207138
v 0.01848318187765985 0.03372654884313597 0.034117772769188814
v 0.014268280707003811 0.035479707495742474 0.03371559684676617
v 0.009635590057275323 0.036980157701287375 0.03372376029930235
v 0.011696214277769346 0.03628717213370436 0.03351448218267272
v 0.01509726882163498 0.03503851866253127 0.03346910254184543
v 0.00819444123088986 0.03724136147956303 0.033502748173326324
v 0.018720524723405685 0.03357417075362301 0.03370758979682531
v 0.004619024019288098 0.03787138165108894 0.0334697357816216
v 0.0010000000474974513 0.038152460003062494 0.03344860998716115
v 0.021562850068980177 0.0317622428721509 0.0332099625148885
v 0.019977841372480487 0.032640748620664795 0.0332838303162486
v 0.018392830768632074 0.03351925818387613 0.03335769811760869
v 0.023017325540896083 0.03136329799846571 0.03369848029932232
v 0.02277399934220492 0.03154317624187275 0.03410567254888752
v 0.026950576154961547 0.029146068050013296 0.03407746286126834
v 0.01918533607055628 0.033080003402270464 0.033320764216928644
v 0.027179986337366735 0.02894954628164581 0.033676900555865696
v 0.03125093608516982 0.02642251903149151 0.033622888254716266
v 0.0351397607327697 0.02407858581469191 0.03383399361142292
v 0.03326584783248432 0.025141433002625613 0.03357376639569365
v 0.03113659052920159 0.026239047343089572 0.03329552617862053
v 0.03314953389263353 0.024954362147182607 0.03327058568671326
v 0.03507879805287217 0.02397810859129157 0.03350541464684165
v 0.026899562206005312 0.028483201426121596 0.033084096572630894
v 0.024598103737927257 0.029797797664709025 0.03306899037074151
v 0.027511185999093968 0.027642999054671158 0.03299958576539419
v 0.03096443704812435 0.02596282319361709 0.03307652058350152
v 0.03298245395916055 0.0246856491369829 0.03306978382781045
v 0.03496283506518649 0.023788083252676007 0.033236272483179174
v 0.03462582943394521 0.02323687091570381 0.03299955906251206
v 0.03480520032259182 0.023530184909738017 0.03306118549976533
v -0.03812388791918586 0.003766096055573681 0.0341621987356544
v -0.03757044398420728 0.00748436581874512 0.03416238184113185
v -0.03756982981791834 0.007462828990634773 0.03381081550973608
v -0.0383092097358495 -1.4063902867267851e-08 0.03416209192412589
v -0.038119359873316494 0.003762423217188171 0.0338106705512331
v -0.03830151930579673 -1.5393245852371213e-08 0.033810643848350974
v -0.038301175983026514 -1.545227388030936e-08 0.03379503792109606
v -0.03744473825924244 0.007358747354984374 0.03345596853853605
v -0.03665962774831888 0.011101702263752733 0.03381087654489523
v -0.03538777710197172 0.014658957223973035 0.03381082695382842
v -0.03664980871709078 0.011150476985307689 0.03416246194977823
v -0.03537314392256574 0.014706699116194266 0.034162400914619084
v -0.03534822250414571 0.014379102436205549 0.03345601050020797
v -0.0337693154162122 0.01808965768904658 0.034162194920956956
v -0.03378640907547137 0.018047428988310354 0.033810655292443315
v -0.03184517820934207 0.021295201359368132 0.03416190118925355
v -0.03186402662942678 0.021258099612000425 0.03381041115180672
v -0.02961912486569518 0.02428903313608899 0.03381014412298544
v -0.0295992274038126 0.02432119866496052 0.034161584569365466
v -0.03656664831275025 0.01091628412597856 0.03345606390597222
v -0.037980722324006955 0.003706129965384136 0.033455762544873924
v -0.038161210919005484 -1.660002714463169e-08 0.03345562521576584
v -0.03192792662635835 0.020901825943955288 0.03345549551605265
v -0.029777125819244743 0.02386730879660015 0.033455175081467114
v -0.03378965156830116 0.017734837420728677 0.03345580069184839
v -0.02733459983958353 0.026629441572447732 0.03345486990567137
v -0.027094155644813434 0.0270773175702832 0.03380988090886161
v -0.004698764070530381 0.037874311338728095 0.03344999853703179
v -0.0010000000474974513 0.03823564329558771 0.0337241226955598
v -0.0010000000474974513 0.03815270795839654 0.033448243776206255
v -0.021310824452761556 0.03183034475832014 0.033809312518942036
v -0.02430587502531667 0.02961343715180198 0.0341609437001944
v -0.021293154774187917 0.03184857329006974 0.0341605851186344
v -0.024324784480560524 0.029591155504015143 0.033809613880040335
v -0.027074487064777664 0.027104224538724297 0.03416126794947738
v -0.014676018458303908 0.03538996292360874 0.034159467412282485
v -0.014688998920041052 0.03537843872262192 0.033808393176857354
v -0.018057654284816538 0.033788949663970946 0.034160127354940784
v -0.01807322587979443 0.03377442329609348 0.0338089348638948
v -0.024633862711793686 0.029146077586756913 0.03345457235927052
v -0.0010000000474974513 0.03831857481808143 0.034000001614913344
v -0.0037693862321215577 0.03813183011927013 0.03415552682981993
v -1.993486788804011e-08 0.038320341022999305 0.03415359659291184
v -0.011155540042493972 0.036653589082260574 0.03415850610852589
v -0.007497527001773807 0.03757465922488601 0.03415719766730163
v -0.007504503129729667 0.03756675898647366 0.03380652778980586
v -0.003772918165120126 0.03812501325493267 0.03380515068402756
v -3.005049035833211e-08 0.0383322543231257 0.034000001614913344
v -0.011165669971563985 0.03664426596170056 0.033807603534485864
v -0.01861012547194618 0.03331687704023034 0.03345391241661222
v -0.015296348344640553 0.034962808362304365 0.03345338598836456
v -0.02172507198525464 0.0313744445444053 0.03345427481286967
v -0.011864074316870199 0.03627243595746732 0.033452588716598175
v -0.008331613936379823 0.03724316583145537 0.03345147101024626
v -0.03729403100721118 0.007290780413737319 0.030500001448672265
v -0.03782040203440973 0.003690152581965339 0.03291145862497791
v -0.03728692422586777 0.007327028145714121 0.03291188587109195
v -0.03782309521080718 0.0036624402355257824 0.030500001448672265
v -0.0364177263391241 0.01085123781246422 0.030500001448672265
v -0.03641278630593048 0.010869227925623393 0.03291209949414897
v -0.03519972396193616 0.014317106926974299 0.032912011756107695
v -0.03364791266996736 0.01765836990305858 0.03291161121287578
v -0.03365920417440993 0.017636841658017488 0.030500001448672265
v -0.03179423101759116 0.02081170371677432 0.03291102756416642
v -0.031802667220994785 0.020798810039404092 0.030500001448672265
v -0.03520234465908212 0.014310661041963546 0.030500001448672265
v -0.02965274570164267 0.023764399703577466 0.032910409583180034
v -0.029650023915014367 0.02376712339755449 0.030500001448672265
v -0.027221316676854235 0.026514148064163967 0.030500001448672265
v -0.027220841747022106 0.02651463634543716 0.03290981830507578
v -0.02453182146244015 0.029020509190900157 0.03290925372985365
v -0.024539157125630373 0.029014304585502915 0.030500001448672265
v -0.02163567073589112 0.031239364200464914 0.03290868152523663
v -0.018534258769123957 0.03317350545138931 0.03290798725030131
v -0.021628518178178346 0.031244315677750878 0.030500001448672265
v -0.01523208309042845 0.03481355832469779 0.030500001448672265
v -0.015234807738079836 0.03481236432439694 0.03290695728199067
v -0.011817311848218437 0.03611623554111265 0.03290538944134003
v -0.008300067342169037 0.037082464072113464 0.032903176916820875
v -0.011805841052995869 0.03611955432789138 0.030500001448672265
v -0.018516503259857764 0.033183419850053575 0.030500001448672265
v -0.004682867272595148 0.037710355642464055 0.03290026248797151
v -0.008269677554958998 0.037089250418871345 0.030500001448672265
v -0.0010000000474974513 0.03798684109871164 0.03289677585450512
v -0.0010000000474974513 0.03798684109871164 0.030500001448672265
v -0.004656516773144104 0.03771361720878108 0.030500001448672265
v -0.031802667220994785 0.020798810039404092 0.030500001448672265
v -0.030555402299692336 0.019965409273501322 0.030500001448672265
v -0.03365920417440993 0.017636841658017488 0.030500001448672265
v -0.028490430277783307 0.022815465103451782 0.030500001448672265
v -0.032336274729249936 0.016929718821696582 0.030500001448672265
v -0.03520234465908212 0.014310661041963546 0.030500001448672265
v -0.027221316676854235 0.026514148064163967 0.030500001448672265
v -0.026160563757818833 0.025453389423082395 0.030500001448672265
v -0.029650023915014367 0.02376712339755449 0.030500001448672265
v -0.023587460684553196 0.027854655635158876 0.030500001448672265
v -0.035822843345780786 0.00699814209798838 0.030500001448672265
v -0.03782309521080718 0.0036624402355257824 0.030500001448672265
v -0.03729403100721118 0.007290780413737319 0.030500001448672265
v -0.03633031636182782 0.0035154136896935195 0.030500001448672265
v -0.03800000180490315 -5.452544057394024e-16 0.030500001448672265
v -0.0364177263391241 0.01085123781246422 0.030500001448672265
v -0.034982297651560135 0.010415803450351535 0.030500001448672265
v -0.033816495594234386 0.01373662155546962 0.030500001448672265
v -0.011805841052995869 0.03611955432789138 0.030500001448672265
v -0.008269677554958998 0.037089250418871345 0.030500001448672265
v -0.007976962945261123 0.03561766602890648 0.030500001448672265
v -0.011370312277121375 0.03468380139104443 0.030500001448672265
v -0.01523208309042845 0.03481355832469779 0.030500001448672265
v -0.004509445404616841 0.03622036915201576 0.030500001448672265
v -0.004656516773144104 0.03771361720878108 0.030500001448672265
v -0.0010000000474974513 0.03798684109871164 0.030500001448672265
v -0.0010000000474974513 0.03648629934042802 0.030500001448672265
v -0.021628518178178346 0.031244315677750878 0.030500001448672265
v -0.020795048747721534 0.0299969344081763 0.030500001448672265
v -0.024539157125630373 0.029014304585502915 0.030500001448672265
v -0.017809288870798134 0.03186030920676486 0.030500001448672265
v -0.014657944421800906 0.03342745748981857 0.030500001448672265
v -0.018516503259857764 0.033183419850053575 0.030500001448672265
v -0.03781702221247185 -0.0037246515135813674 0.030500001448672265
v -0.03632424336349249 -0.003577625683004876 0.030500001448672265
v -0.03650000173365697 -5.010797787456882e-16 0.030500001448672265
v -0.03579866579336288 -0.007120797018670133 0.030500001448672265
v -0.03726984201070094 -0.007413432473395987 0.030500001448672265
v -0.03492832349738517 -0.010595390823078255 0.030500001448672265
v -0.036363733111461904 -0.011030818509470408 0.030500001448672265
v -0.0337216049952449 -0.013967945762318745 0.030500001448672265
v -0.03510742354251306 -0.014541970943697247 0.030500001448672265
v -0.03219012604066762 -0.017205981118143532 0.030500001448672265
v -0.03351300970945825 -0.01791307725158231 0.030500001448672265
v -0.030348641883377603 -0.020278313646273638 0.030500001448672265
v -0.031595847676869626 -0.02111167054315577 0.030500001448672265
v -0.028214883237107635 -0.02315535655331158 0.030500001448672265
v -0.029374398673041036 -0.024106946182860245 0.030500001448672265
v -0.02580939796965498 -0.02580939796965498 0.030500001448672265
v -0.026870059335951657 -0.026870059335951657 0.030500001448672265
v -0.02315535655331158 -0.028214883237107635 0.030500001448672265
v -0.024106946182860245 -0.029374398673041036 0.030500001448672265
v -0.020278313646273638 -0.030348641883377603 0.030500001448672265
v -0.02111167054315577 -0.031595847676869626 0.030500001448672265
v -0.017205981118143532 -0.03219012604066762 0.030500001448672265
v -0.01791307725158231 -0.03351300970945825 0.030500001448672265
v -0.013967945762318745 -0.0337216049952449 0.030500001448672265
v -0.010595390823078255 -0.03492832349738517 0.030500001448672265
v -0.014541970943697247 -0.03510742354251306 0.030500001448672265
v -0.011030818509470408 -0.036363733111461904 0.030500001448672265
v -0.007120797018670133 -0.03579866579336288 0.030500001448672265
v -0.003577625683004876 -0.03632424336349249 0.030500001448672265
v -0.007413432473395987 -0.03726984201070094 0.030500001448672265
v -0.0037246515135813674 -0.03781702221247185 0.030500001448672265
v -1.6508249409612422e-17 -0.03650000173365697 0.030500001448672265
v -3.1127962011259855e-19 -0.03800000180490315 0.030500001448672265
v 0.0010000000474974513 0.03798684109871164 0.030500001448672265
v 0.004656516773144104 0.03771361720878108 0.030500001448672265
v 0.0010000000474974513 0.03648629934042802 0.030500001448672265
v 0.004509445404616841 0.03622036915201576 0.030500001448672265
v 0.008269677554958998 0.037089250418871345 0.030500001448672265
v 0.011805841052995869 0.03611955432789138 0.030500001448672265
v 0.007976962945261123 0.03561766602890648 0.030500001448672265
v 0.011370312277121375 0.03468380139104443 0.030500001448672265
v 0.01523208309042845 0.03481355832469779 0.030500001448672265
v 0.014657944421800906 0.03342745748981857 0.030500001448672265
v 0.017809288870798134 0.03186030920676486 0.030500001448672265
v 0.018516503259857764 0.033183419850053575 0.030500001448672265
v 0.021628518178178346 0.031244315677750878 0.030500001448672265
v 0.020795048747721534 0.0299969344081763 0.030500001448672265
v 0.024539157125630373 0.029014304585502915 0.030500001448672265
v 0.023587460684553196 0.027854655635158876 0.030500001448672265
v 0.027221316676854235 0.026514148064163967 0.030500001448672265
v 0.026160563757818833 0.025453389423082395 0.030500001448672265
v 0.029650023915014367 0.02376712339755449 0.030500001448672265
v 0.028490430277783307 0.022815465103451782 0.030500001448672265
v 0.031802667220994785 0.020798810039404092 0.030500001448672265
v 0.030555402299692336 0.019965409273501322 0.030500001448672265
v 0.03365920417440993 0.017636841658017488 0.030500001448672265
v 0.032336274729249936 0.016929718821696582 0.030500001448672265
v 0.03520234465908212 0.014310661041963546 0.030500001448672265
v 0.034982297651560135 0.010415803450351535 0.030500001448672265
v 0.033816495594234386 0.01373662155546962 0.030500001448672265
v 0.0364177263391241 0.01085123781246422 0.030500001448672265
v 0.03729403100721118 0.007290780413737319 0.030500001448672265
v 0.035822843345780786 0.00699814209798838 0.030500001448672265
v 0.03782309521080718 0.0036624402355257824 0.030500001448672265
v 0.03633031636182782 0.0035154136896935195 0.030500001448672265
v 0.03800000180490315 -5.627523454322535e-16 0.030500001448672265
v 0.01791307725158231 -0.03351300970945825 0.030500001448672265
v 0.017205981118143532 -0.03219012604066762 0.030500001448672265
v 0.02111167054315577 -0.031595847676869626 0.030500001448672265
v 0.013967945762318745 -0.0337216049952449 0.030500001448672265
v 0.014541970943697247 -0.03510742354251306 0.030500001448672265
v 0.020278313646273638 -0.030348641883377603 0.030500001448672265
v 0.024106946182860245 -0.029374398673041036 0.030500001448672265
v 0.02315535655331158 -0.028214883237107635 0.030500001448672265
v 0.026870059335951657 -0.026870059335951657 0.030500001448672265
v 0.02580939796965498 -0.02580939796965498 0.030500001448672265
v 0.0037246515135813674 -0.03781702221247185 0.030500001448672265
v 0.003577625683004876 -0.03632424336349249 0.030500001448672265
v 0.007413432473395987 -0.03726984201070094 0.030500001448672265
v 0.007120797018670133 -0.03579866579336288 0.030500001448672265
v 0.010595390823078255 -0.03492832349738517 0.030500001448672265
v 0.011030818509470408 -0.036363733111461904 0.030500001448672265
v 0.03726984201070094 -0.007413432473395987 0.030500001448672265
v 0.03492832349738517 -0.010595390823078255 0.030500001448672265
v 0.03579866579336288 -0.007120797018670133 0.030500001448672265
v 0.036363733111461904 -0.011030818509470408 0.030500001448672265
v 0.0337216049952449 -0.013967945762318745 0.030500001448672265
v 0.03632424336349249 -0.003577625683004876 0.030500001448672265
v 0.03781702221247185 -0.0037246515135813674 0.030500001448672265
v 0.03650000173365697 -5.268269252698201e-16 0.030500001448672265
v 0.029374398673041036 -0.024106946182860245 0.030500001448672265
v 0.028214883237107635 -0.02315535655331158 0.030500001448672265
v 0.031595847676869626 -0.02111167054315577 0.030500001448672265
v 0.030348641883377603 -0.020278313646273638 0.030500001448672265
v 0.03510742354251306 -0.014541970943697247 0.030500001448672265
v 0.03219012604066762 -0.017205981118143532 0.030500001448672265
v 0.03351300970945825 -0.01791307725158231 0.030500001448672265
v -0.03782040203440973 0.003690152581965339 0.03291145862497791
v -0.037980722324006955 0.003706129965384136 0.033455762544873924
v -0.03728692422586777 0.007327028145714121 0.03291188587109195
v -0.03800000180490315 -5.642558086562498e-16 0.032911172522669396
v -0.038161210919005484 -1.660002714463169e-08 0.03345562521576584
v -0.03744473825924244 0.007358747354984374 0.03345596853853605
v -0.03641278630593048 0.010869227925623393 0.03291209949414897
v -0.03179423101759116 0.02081170371677432 0.03291102756416642
v -0.03192792662635835 0.020901825943955288 0.03345549551605265
v -0.02965274570164267 0.023764399703577466 0.032910409583180034
v -0.03364791266996736 0.01765836990305858 0.03291161121287578
v -0.03378965156830116 0.017734837420728677 0.03345580069184839
v -0.03519972396193616 0.014317106926974299 0.032912011756107695
v -0.03534822250414571 0.014379102436205549 0.03345601050020797
v -0.03656664831275025 0.01091628412597856 0.03345606390597222
v -0.029777125819244743 0.02386730879660015 0.033455175081467114
v -0.027220841747022106 0.02651463634543716 0.03290981830507578
v -0.02733459983958353 0.026629441572447732 0.03345486990567137
v -0.02453182146244015 0.029020509190900157 0.03290925372985365
v -0.024633862711793686 0.029146077586756913 0.03345457235927052
v -0.02163567073589112 0.031239364200464914 0.03290868152523663
v -0.018534258769123957 0.03317350545138931 0.03290798725030131
v -0.02172507198525464 0.0313744445444053 0.03345427481286967
v -0.01861012547194618 0.03331687704023034 0.03345391241661222
v -0.015234807738079836 0.03481236432439694 0.03290695728199067
v -0.008300067342169037 0.037082464072113464 0.032903176916820875
v -0.011817311848218437 0.03611623554111265 0.03290538944134003
v -0.011864074316870199 0.03627243595746732 0.033452588716598175
v -0.008331613936379823 0.03724316583145537 0.03345147101024626
v -0.004682867272595148 0.037710355642464055 0.03290026248797151
v -0.015296348344640553 0.034962808362304365 0.03345338598836456
v -0.004698764070530381 0.037874311338728095 0.03344999853703179
v -0.0010000000474974513 0.03798684109871164 0.03289677585450512
v -0.0010000000474974513 0.03815270795839654 0.033448243776206255
v 0.0010000000474974513 0.03798684109871164 0.03289751972050725
v 0.0010000000474974513 0.038152460003062494 0.03344860998716115
v 0.004599458436083392 0.03772062099329343 0.0329396034627405
v 0.004619024019288098 0.03787138165108894 0.0334697357816216
v 0.008157464414863536 0.03711409172864499 0.033005567210990794
v 0.021353613914022462 0.031556499072705746 0.032861924778631035
v 0.01499484991723421 0.034916394938468986 0.03293958438925326
v 0.01509726882163498 0.03503851866253127 0.03346910254184543
v 0.011696214277769346 0.03628717213370436 0.03351448218267272
v 0.011639949397777571 0.036173356820681235 0.03302941669942827
v 0.00819444123088986 0.03724136147956303 0.033502748173326324
v 0.018214774043255888 0.033349996243463575 0.03271898806529894
v 0.024274853905679183 0.02946258875596519 0.032702806118729555
v 0.02127932268124577 0.03148317868042927 0.03242138825868324
v 0.018392830768632074 0.03351925818387613 0.03335769811760869
v 0.024141637041441566 0.029345893346369722 0.03213871154847947
v 0.021562850068980177 0.0317622428721509 0.0332099625148885
v 0.02685946210644441 0.026988152832161383 0.032382268536366166
v 0.02680576451783434 0.026934199658822378 0.031999583810548016
v 0.02701237806829737 0.027141801215924133 0.03270669329542786
v 0.024598103737927257 0.029797797664709025 0.03306899037074151
v 0.027511185999093968 0.027642999054671158 0.03299958576539419
v 0.027241233212224047 0.027371753085366768 0.032923467292540476
v 0.034623872494154995 -0.023238108785025302 0.032999734538594616
v 0.031688355997303574 -0.022734301693224657 0.0329997497973844
v 0.03345311895954328 -0.020047635076967385 0.03299971927980483
v 0.035000001662410796 -0.023011822839829055 0.03299971546510738
v 0.035000001662410796 -0.0172046421593397 0.03299963154176355
v 0.02751118790644269 -0.02764298951792754 0.032999795573753765
v 0.029708711127884868 -0.02526680112686641 0.032999772685569084
v 0.013202448518317977 -0.03187399824855275 -0.0450000097667802
v 0.010660951167073551 -0.03281147540489693 -0.045000005952082756
v 0.010470323106261392 -0.03222468719953575 -0.04579625156485356
v 0.015960396571066404 -0.029860139357733573 -0.04578436496760929
v 0.015662473468842086 -0.030739802866922572 -0.045000005952082756
v 0.013269091282713807 -0.03116582637043397 -0.045791593819271004
v 0.018522124216545643 -0.028318377886188406 -0.04577357318853226
v 0.01802610673693139 -0.029416203942360664 -0.04500000213738531
v 0.022405892482679768 -0.026234042460039353 -0.04499999832268786
v 0.020278559694258957 -0.02791117800722831 -0.044999994507990415
v 0.020932534258402136 -0.026552886316736357 -0.04575808170220075
v 0.015530312322122874 -0.02905530304631254 -0.04637026434846536
v 0.012911101954491966 -0.03032462645560119 -0.046376688298965796
v 0.010187526233088051 -0.031354146539290806 -0.046380831060393035
v 0.014078875256723355 -0.02761868989519134 -0.04700000223238021
v 0.020370831503451203 -0.025840251242604806 -0.04634689932660363
v 0.01833092776581391 -0.024999711270430325 -0.04700000223238021
v 0.018023884675668622 -0.027556527492946792 -0.046360670384386626
v 0.02255267250368953 -0.02392204207556703 -0.04632823782669382
v 0.023172812608828197 -0.02457975313585936 -0.04573708560745349
v 0.01624766426964741 -0.026401156725789354 -0.04700000223238021
v 0.025225888496749338 -0.022416258922991483 -0.04571006229074026
v 0.026234000498367438 -0.02240598403541849 -0.04499998687859552
v 0.024395268645285295 -0.02439526483058785 -0.044999994507990415
v 0.02791105402956129 -0.02027870656011066 -0.04500000213738531
v 0.02635724765082781 -0.01954806611403015 -0.04627497320624396
v 0.027953786270360492 -0.017130158284341945 -0.04624143438629158
v 0.03140161472697023 -0.009189959962561667 -0.04613591985491272
v 0.03354685751990383 -0.0080538219462567 -0.04499997924920063
v 0.03281136477867097 -0.010661120921109934 -0.04500003265496488
v 0.03407525415144663 -0.00539693619612952 -0.04499999832268786
v 0.03207848510518918 -0.006380791490357696 -0.0461081145252229
v 0.032509175891026754 -0.00352454559854401 -0.04608870534461351
v 0.03439361735626534 -0.00270684374314642 -0.045000028840267436
v 0.024553015921454646 -0.02181830319085476 -0.04630422049156868
v 0.02215086660691923 -0.02168753154768055 -0.04700000223238021
v 0.03187384184595743 -0.013202785165367659 -0.0450000097667802
v 0.03073970559213768 -0.015662776737289108 -0.044999983063898075
v 0.029332293949971833 -0.01458464119566294 -0.04620536260723451
v 0.029416121926365557 -0.018026181123531604 -0.045000017396175096
v 0.030484099882365223 -0.011931291193231774 -0.04616929464287489
v 0.023847289264399274 -0.01980700014732495 -0.04700000223238021
v 0.032690534237043156 -0.0006417158550839006 -0.04607993535518329
v 0.03449984523606675 7.705316785620123e-16 -0.04500000213738531
v 0.020305762301752184 -0.02342403332388554 -0.04700000223238021
v 0.02537906767272613 -0.017802061926485147 -0.04700000223238021
v 0.029665420033909706 -0.011610741213101683 -0.046695669484770885
v 0.028532575055175702 -0.014186905581068388 -0.046709196401917286
v 0.02673373540064361 -0.015694515020046595 -0.04700000223238021
v 0.027902619733506384 -0.01350754611276539 -0.04700000223238021
v 0.009579580762012485 -0.02948283335531543 -0.04700000223238021
v 0.011848273840045498 -0.028646544863445422 -0.04700000223238021
v 0.010187526233088051 -0.031354146539290806 -0.046380831060393035
v 0.030840724502575467 -0.002217170105386218 -0.04700000223238021
v 0.03165753705663077 -0.0034321967801470565 -0.04666544945159723
v 0.030681342628550157 -0.004434228154034936 -0.04700000223238021
v 0.031233882480233843 -0.0062128151029847145 -0.04667272789432575
v 0.029667878606414178 -0.008990307281264709 -0.04700000223238021
v 0.03056800796740533 -0.008946023412279014 -0.04668315346244789
v 0.03262072908846392 0.0022451711767387805 -0.046083387656372654
v 0.03176722486701644 0.0021864725197759394 -0.046663454364832546
v 0.03183584936673589 -0.0006251254378644711 -0.046662161182398076
v 0.028880969465644446 -0.011264943657919857 -0.04700000223238021
v 0.031000106376600778 -1.1216461812881311e-07 -0.04700000223238021
v 0.03087471727152402 0.002785395754552611 -0.04700000223238021
v 0.031452292982551144 0.00498150944528819 -0.046669046711289575
v 0.03230051575538351 0.005115837340157192 -0.046098303123389694
v 0.03433380671499675 0.0033815621551681885 -0.04500004028435978
v 0.03301428379465676 0.010015206812671873 -0.044999994507990415
v 0.030921229877493017 0.010722463163403417 -0.046153955744441255
v 0.03187384947535232 0.013202587754774786 -0.04499999832268786
v 0.033837159810303774 0.006730642161576761 -0.04499996780510829
v 0.03173257787745576 0.00794842376314997 -0.04612270192825951
v 0.028685660771065047 0.019167160944570938 -0.04500002121087254
v 0.030426152720799404 0.016263232049927856 -0.044999994507990415
v 0.028593980239977057 0.01601323585275094 -0.046225565244912836
v 0.02410953636242663 0.023640435387997094 -0.04572585132347262
v 0.02439515992640806 0.024395178999895295 -0.045000017396175096
v 0.02666869862387289 0.021886529054691017 -0.04500001358147765
v 0.029872704971123376 0.013417494457487189 -0.04618917684596768
v 0.027093247746821092 0.018490353508859858 -0.04626053076171033
v 0.030893603838583195 0.0077383211950346475 -0.04667819435576703
v 0.02906392426254234 0.013054339075248 -0.04670312340358196
v 0.030095407008068342 0.010436111945884008 -0.04668991692102109
v 0.02537986875918996 0.0208286676763203 -0.0462918112807742
v 0.021950371831160886 0.02570045021057399 -0.0457494566712735
v 0.02780682123652456 0.01557243516500495 -0.04671676857634921
v 0.0213620100631029 0.02501159405297715 -0.04633923559943298
v 0.02188650235180889 0.026668717697360123 -0.04500002121087254
v 0.01626322823523041 0.030426154628148128 -0.04499999069329297
v 0.019167164759268385 0.028685714176829302 -0.04500000213738531
v 0.01711619267698916 0.02920340676733635 -0.04578007343298163
v 0.019613339402042573 0.027560414669645095 -0.04576733234350927
v 0.014479969712419827 0.03061531784514071 -0.04578875186967313
v 0.013202585847426063 0.03187384947535232 -0.04499999832268786
v 0.00673062499543825 0.03383709114574973 -0.045000005952082756
v 0.010015198229602618 0.03301427616526187 -0.04499998687859552
v 0.008877690736914245 0.03270346224669041 -0.0457980063256791
v 0.0029911245336265713 0.033763211900297296 -0.04580157306779187
v -5.9142787985067856e-08 0.03450003978563654 -0.0449999525463185
v 0.003381430786524864 0.03433354731557037 -0.04500055145381765
v 0.011725925048833852 0.031785121520088166 -0.045794454842356114
v 0.00595803813623258 0.033364289914796785 -0.04580020359140846
v 0.01665530283881389 0.028416873374265128 -0.04636644965101855
v 0.011409404342881957 0.030926744022652386 -0.04637923270216282
v 0.01408938665553805 0.02978949688306476 -0.046374162969256005
v 0.0057969701659357775 0.03246222840954882 -0.04638433676734666
v 0.0029102391194758825 0.03285008014305868 -0.04638556891462198
v -5.119216173030448e-07 0.03389730614494768 -0.04580230167500421
v 0.008637745313835321 0.031819688401002466 -0.04638239127164878
v 0.01908624167498041 0.02681974347662819 -0.04635512381429896
v 0.03048258735482756 0.005640785008370897 -0.04700000223238021
v 0.028823560176418628 0.011410913055722172 -0.04700000223238021
v 0.029803491100648394 0.008529858040644545 -0.04700000223238021
v 0.02594697312572558 0.016963524670470242 -0.04700000223238021
v 0.023465270203285593 0.02300870241731756 -0.04631825476347551
v 0.02192039784597255 0.021920373050439146 -0.04700000223238021
v 0.024067050169612747 0.019539286587856308 -0.04700000223238021
v 0.027536923762767618 0.014238133153081645 -0.04700000223238021
v 0.019539313290738436 0.024067027281428066 -0.04700000223238021
v 0.016963555188049817 0.025946952144889623 -0.04700000223238021
v 0.011410952156371001 0.02882354491762884 -0.04700000223238021
v 0.014238167485358666 0.027536904689280384 -0.04700000223238021
v 0.005640835076274886 0.030482577818083945 -0.04700000223238021
v 0.0027854520213399514 0.03087471154947785 -0.04700000223238021
v -4.5865505667534357e-07 0.032980390207841825 -0.046386217413187936
v 0.008529902863339545 0.02980347774920733 -0.04700000223238021
v -5.001686678231702e-08 0.031000106376600778 -0.04700000223238021
v 0.06600000313483179 -0.037077649923935585 -0.012096193888136986
v 0.06354375759580311 -0.03650933248361188 -0.0136456190868528
v 0.06600000313483179 -0.03573858812327302 -0.01561488034982128
v 0.0047097322793643315 -0.036189637949384235 -0.03914619631735228
v 7.226687446206149e-09 -0.036438360037613915 -0.03935062595352701
v 3.008249911638664e-08 -0.03557726075354983 -0.04215043840340549
v 0.06332244410872878 -0.03537516952691 -0.016365990462401392
v 0.06319262995461372 -0.03475714276415687 -0.017704102403399702
v 0.004655925018202667 -0.0350788896056109 -0.04271554005378153
v 0.009306672538295646 -0.03430825205680055 -0.04232763109980997
v 0.0027069918010910743 -0.03439365931793725 -0.04499997924920063
v 0.009370711771684026 -0.03537240387126106 -0.03890542024390431
v 0.013822941482970474 -0.033040292401849136 -0.0417766896063565
v 0.013897329036857697 -0.03406944055253769 -0.03863111297989885
v 0.008053684617148615 -0.03354684607581149 -0.04499999832268786
v 0.06345225826284384 -0.03599320010436058 -0.015027880428751805
v 0.022566268085389973 -0.030348222266658453 -0.03797766675135206
v 0.018289509688285133 -0.032363401042794226 -0.038322328480369094
v 0.018168330101840935 -0.03137204128501381 -0.041058645291245366
v 0.026376941026396983 -0.027430293432385566 -0.039222478822196205
v 0.026752143223173208 -0.028166530039620552 -0.037593709823935395
v 0.031006379646552062 -0.02592605523227598 -0.03715198693308164
v 0.030349383842031008 -0.025502803106459693 -0.03823779097025026
v -5.5920844643342254e-08 -0.03450003597093909 -0.0449999525463185
v 0.00539681269529968 -0.03407526559553897 -0.04500001358147765
v 0.010660951167073551 -0.03281147540489693 -0.045000005952082756
v 0.013202448518317977 -0.03187399824855275 -0.0450000097667802
v 0.015662473468842086 -0.030739802866922572 -0.045000005952082756
v 0.01802610673693139 -0.029416203942360664 -0.04500000213738531
v 0.018165381340714548 -0.029499621838778856 -0.04473008559014113
v 0.022257882221743408 -0.02736890922842017 -0.0437320997028956
v 0.020278559694258957 -0.02791117800722831 -0.044999994507990415
v 0.06394117277581213 -0.0386918086309751 -0.004673324806931944
v 0.063906073744604 -0.03850393478171954 -0.006223206338829834
v 0.06599999550543689 -0.038710237434340655 -0.004754564034270825
v 0.026179818443181624 -0.02509327054001087 -0.04259178363921201
v 0.030013867850142706 -0.02286513055686057 -0.0413988247507624
v 0.024395268645285295 -0.02439526483058785 -0.044999994507990415
v 0.022405892482679768 -0.026234042460039353 -0.04499999832268786
v 0.026234000498367438 -0.02240598403541849 -0.04499998687859552
v 0.033868344961931474 -0.020842419660616063 -0.040260202412745194
v 0.03434026881247165 -0.02377969282564174 -0.03732832895195548
v 0.0378377970547672 -0.019116171791148107 -0.039264436679413706
v 0.038418611443926665 -0.022315789328986035 -0.036564485379297906
v 0.033144357348198206 -0.024908967247565528 -0.036901784742242594
v 0.033187574055573155 -0.017669985656784126 -0.04267330372365041
v 0.029416121926365557 -0.018026181123531604 -0.045000017396175096
v 0.029434796777716432 -0.019945961945917468 -0.044021482651210864
v 0.02791105402956129 -0.02027870656011066 -0.04500000213738531
v 0.03708009514499899 -0.015721596510895886 -0.04148419767962208
v 0.03073970559213768 -0.015662776737289108 -0.044999983063898075
v 0.03187384184595743 -0.013202785165367659 -0.0450000097667802
v 0.03228396759785923 -0.014297322952340763 -0.044499483314783816
v 0.03614722995786801 -0.01217198715803336 -0.04316791357990679
v 0.0352823312351469 -0.023891877355506352 -0.03665158255140355
v 0.04228072558000395 -0.021629725529920263 -0.03567809465116145
v 0.0407417927066156 -0.021965108007397927 -0.035920564450275805
v 0.042613973734260124 -0.021084883737684246 -0.03596662692194608
v 0.06247840415164685 -0.030776952298008364 -0.02398416060879094
v 0.061973074995564925 -0.031827424607424604 -0.02257467567856275
v 0.0609657430995747 -0.030131785870269878 -0.02482544444696755
v 0.06281188881714472 -0.03325205770121409 -0.020398732200577196
v 0.06270839989011012 -0.033373147642268286 -0.020200772291272262
v 0.05135177093273047 -0.021957038014949193 -0.03328907933993541
v 0.04971074912627049 -0.021473414487339637 -0.03391863030367537
v 0.05131648879604489 -0.01908101935417572 -0.035212594751121706
v 0.06207153996606207 -0.027910558118893203 -0.027288115843845384
v 0.05970994470008373 -0.028382510579664233 -0.026866492593838887
v 0.058181364915566025 -0.02661365253971537 -0.028720729284693602
v 0.060996394193559844 -0.02119179063363119 -0.03285884631779146
v 0.056392496880159904 -0.02492855381160619 -0.030357892524686125
v 0.05469980499678284 -0.023658770731275203 -0.031558755466245536
v 0.05264488851734361 -0.02249504959140669 -0.032702100399701894
v 0.055790854242940835 -0.018236590297954214 -0.03505292296009044
v 0.06157954317755676 -0.02469548533434951 -0.030261479861415364
v 0.06560000158995383 -0.03898901552375378 -0.0010000000474974513
v 0.06400000303983688 -0.03900668520232742 1.488350402476142e-06
v 0.06397626799232281 -0.03887968248023066 -0.0031234432750340546
v 0.06384881895062477 -0.03819476118305021 -0.0077468532427116266
v 0.06600000313483179 -0.038071496864451326 -0.008464848920430312
v 0.06395872038406747 -0.03878574555560288 -0.0038983840409829995
v 0.06600000313483179 -0.0389879092614942 -0.0010000000474974513
v 0.06379156415664555 -0.037885587584380875 -0.0092705006234306
v 0.06363525692876237 -0.03702546104816573 -0.012263358698628157
v 0.06560000158995383 -0.03900181001899039 1.5298185898184258e-06
v 0.06382019346098389 -0.03804017438371554 -0.008508676933071113
v 0.06600000313483179 -0.034066224762590025 -0.018987952180565815
v 0.06600000313483179 -0.03207665023571726 -0.02218422041404544
v 0.06600000313483179 -0.029787944301203906 -0.02517358518005608
v 0.06600000313483179 -0.021354802192277145 -0.0326342140439384
v 0.06600000313483179 -0.027221877437378916 -0.02792853488061131
v 0.06600000313483179 -0.02440194436581722 -0.030423018946846847
v 0.06600000313483179 -0.018108508016480007 -0.03454105922728212
v 0.06032163906507515 -0.017469366903358763 -0.03504945921480873
v 0.037953019991148196 -0.022840253007461175 -0.036307157333628215
v 0.04196391877174355 -0.017680153732828607 -0.03844704619869521
v 0.0411613789081855 -0.01411221285138542 -0.040484945312824205
v 0.04691821511912053 -0.020020890233167776 -0.03551815964600635
v 0.04674251015472031 -0.021105723429836187 -0.034803941472434374
v 0.04381965845339231 -0.0212943430524426 -0.03543562103734965
v 0.05059250118231162 -0.015399987952224303 -0.03730800424395886
v 0.04622551565384603 -0.01646122056946364 -0.03779741848229268
v 0.04539882875544965 -0.012762109408963052 -0.039658548331433785
v 0.049748503186901605 -0.011596359803727196 -0.038998704855268684
v 0.04444702359549524 -0.008966583677842976 -0.04108256725893433
v 0.04880172198348465 -0.007715083011863022 -0.04026945305405372
v 0.04021517372408301 -0.010422723311520055 -0.0420450192394628
v 0.035053334947414694 -0.00851166479484633 -0.04434176846354276
v 0.03281136477867097 -0.010661120921109934 -0.04500003265496488
v 0.03407525415144663 -0.00539693619612952 -0.04499999832268786
v 0.03914738650295568 -0.006650429087851073 -0.0431373807415425
v 0.03354685751990383 -0.0080538219462567 -0.04499997924920063
v 0.03423443766120471 -0.004051890088847265 -0.04500001358147765
v 0.03798727215952313 -0.0028232921510822073 -0.043842706855365954
v 0.043405473863407096 -0.005108072046667023 -0.042066560835944955
v 0.04778364408478675 -0.0037842106232370554 -0.041114419982615225
v 0.04228014193129459 -0.0012011380766127622 -0.04266001713244316
v 0.04220957384322599 -6.65296424580846e-08 -0.042694982649240654
v 0.03449984523606675 7.705316785620123e-16 -0.04500000213738531
v 0.03439361735626534 -0.00270684374314642 -0.045000028840267436
v 0.04612167577464632 -4.075675508691409e-08 -0.041755243377310514
v 0.05504213976035732 -0.01445386383044256 -0.03697968086410652
v 0.05955451103791587 -0.013593948056261351 -0.036823552927003345
v 0.053248118068700556 -0.006602495030245958 -0.03960833165424393
v 0.054185511301700906 -0.010560705686543104 -0.0385034426857489
v 0.058692229197643275 -0.009617226103766363 -0.03818272962730296
v 0.06410776061331447 -0.012802489888786295 -0.036863103710131906
v 0.06488909457376568 -0.016768772921718078 -0.035218103174234905
v 0.06599999550543689 -0.011141707949551827 -0.03737454019682618
v 0.06600000313483179 -0.01469360039883627 -0.03612626056600288
v 0.06324560084336017 -0.008740179477025878 -0.038067247291495576
v 0.06231144628849217 -0.0046226365377702305 -0.038837381300242946
v 0.06599999550543689 -0.007486003277624165 -0.03827482023836648
v 0.0577600163237757 -0.005582174089449332 -0.039117925594573943
v 0.05224539051252863 -0.00260301363910892 -0.040292284018272895
v 0.05676099665352208 -0.0015109571936156724 -0.03963120076543758
v 0.050033773891369204 -1.4983866806248828e-08 -0.04081550792007782
v 0.05400298565826578 -8.720135570365836e-10 -0.0401615543367706
v 0.06130808930724152 -0.00047391241059594955 -0.039178869200984234
v 0.04709969935015268 -3.4313534153616204e-08 -0.041520311420351064
v 0.05997558115679258 -4.637282329147111e-08 -0.039321001013155055
v 0.06197895725902791 -1.0598548900360212e-07 -0.039134397458149284
v 0.06600013283454498 -0.003760629832550988 -0.03881816666920335
v 0.06600007179938583 6.572717942763655e-16 -0.03899998277891337
v 0.04807772292565904 -2.787031140132883e-08 -0.04128537564869417
v 0.0579722012398598 1.323983969217566e-08 -0.039507604568160826
v 0.009376676051142119 -0.035836095604711016 -0.03511848616510882
v 0.009370711771684026 -0.03537240387126106 -0.03890542024390431
v 0.01395184106337266 -0.03458337948075707 -0.03514271712329098
v 0.0047246587136365314 -0.03661831457496989 -0.035105085132978164
v 0.0047097322793643315 -0.036189637949384235 -0.03914619631735228
v 0.022700959330190784 -0.030944608250795813 -0.03520898986203447
v 0.018390900531723986 -0.0329308601761924 -0.035175149680983786
v 0.018289509688285133 -0.032363401042794226 -0.038322328480369094
v 0.013897329036857697 -0.03406944055253769 -0.03863111297989885
v 0.03510463499867944 -0.02395992965060878 -0.03498242353657588
v 0.026890439357061258 -0.02871451323520402 -0.0352242715400064
v 0.031006379646552062 -0.02592605523227598 -0.03715198693308164
v 0.022566268085389973 -0.030348222266658453 -0.03797766675135206
v -5.432227029534816e-09 -0.036884076916694486 -0.035104390858042844
v 7.226687446206149e-09 -0.036438360037613915 -0.03935062595352701
v 0.026752143223173208 -0.028166530039620552 -0.037593709823935395
v 0.0352823312351469 -0.023891877355506352 -0.03665158255140355
v -0.0035218376401939533 0.03571180894719639 -0.03399974221548696
v -0.006986627433745174 0.035193746331037 -0.03399976510367164
v -0.003532039094841094 -0.03571076372009596 -0.03400001687370313
v 1.2764390000127125e-06 -0.03588954333063832 -0.0339999978002159
v 1.4204377750328957e-06 0.035889566218823 -0.03399971932730228
v -0.007026446676206555 -0.03518575453988593 -0.034000035947190366
v -0.01039355041279555 0.03433888407729846 -0.03399979180655377
v -0.013724336322342157 0.03314598240931055 -0.03399981469473845
v -0.010454824944209351 -0.034320203503901414 -0.0340000550206776
v 0.0046603915520757044 0.03562468507220862 -0.03399969262442015
v 0.026512841530288433 0.027809068093320732 -0.03399958962758909
v 0.0223829890392091 0.030010356421142914 -0.033999604886378876
v 0.022384720911849953 -0.03000944089375568 -0.03399983758292313
v 0.01813344087899238 0.03197139510376479 -0.03399962395986611
v 0.018134842780304083 -0.031970765678686064 -0.03399987191520015
v 0.009247402630390145 0.034847646461082515 -0.03399966973623547
v 0.009248074017140784 -0.03484747098499996 -0.03399993676505675
v 0.013757619557565604 0.03360583274243156 -0.03399964684805079
v 0.0137586705067122 -0.033605458902081775 -0.033999906247477174
v 0.0046606614419200665 -0.03562463548114181 -0.03399996728263632
v 0.026514895744863543 -0.027807864556276263 -0.03399980325064611
v 0.03460379955618986 0.023094550276009373 -0.033999559110009514
v -0.022740683682053175 0.02774164522329703 -0.03399989098868739
v -0.025352172148377372 0.02537612844834336 -0.033999917691569514
v -0.02537046743733229 -0.025357804549157592 -0.0340001122411393
v -0.019954844468922373 -0.02980950306382457 -0.034000096982349515
v -0.019903170577307838 0.029844077574133765 -0.03399986428580526
v -0.02773488748677 -0.022746529705890417 -0.03400011605583675
v -0.027706073169605494 0.02278230775324408 -0.033999940579754195
v -0.029802314266486052 0.01996011638079387 -0.033999963467938876
v -0.01689719471126505 0.03164500577551799 -0.03399984139762058
v -0.016923148005344446 -0.031630631995538394 -0.034000085538257174
v -0.03313699116742841 -0.013727897342408757 -0.03400011605583675
v -0.03312474598862414 0.013757456479249752 -0.03400000924430824
v -0.034309476574680975 0.010457871933794993 -0.03400002831779547
v -0.03162282521721349 0.01692751774126977 -0.03399998635612356
v -0.0356942575242436 0.0035338253269205644 -0.03400006265007249
v -0.035868524347706376 -1.9481930410096798e-08 -0.03400007790886228
v -0.03517246413398123 0.007029436922167676 -0.034000047391282706
v -0.03432809611291887 -0.010396560209081085 -0.034000108426441855
v -0.029837119565990777 -0.019908005706321674 -0.034000119870534196
v 0.03460658810002348 -0.02309294619573299 -0.033999738400789514
v 0.035000001662410796 0.022870951785164406 -0.03399955529531207
v -0.013754126248378684 -0.03313358845730585 -0.03400007027946739
v -0.035180562736660814 -0.006988774154733368 -0.03400010079704696
v -0.035695279863159346 -0.003523471761212732 -0.03400008935295462
v -0.03163735349243968 -0.016901182977445695 -0.03400011605583675
v -0.022777171263131946 -0.027712186222264013 -0.03400010461174441
v 0.035000001662410796 -0.0228709594145593 -0.033999559110009514
v -0.030640143896124572 -0.020492606182697104 -0.035122575520771804
v -0.028019585986620577 -0.023027690073859075 -0.0399603214170563
v -0.02847899953688393 -0.023404362836501047 -0.035122049092524144
v -0.025627282406195384 -0.025671763685773952 -0.03993980215948989
v -0.0260497220014555 -0.026082305239697456 -0.035121450185024994
v -0.03249167024444333 -0.017408123843198897 -0.03512301039628074
v -0.03013690328689478 -0.020170289043974776 -0.039974702826430786
v -0.03469280789171636 -0.010539118313691587 -0.039994203559778896
v -0.03526358962659071 -0.010731203588928429 -0.03512339568072287
v -0.03614978199045993 -0.007202906473864068 -0.03512331938677393
v -0.03348944250863184 -0.013899641697184828 -0.03999036978884485
v -0.03403502053747509 -0.0141529833840226 -0.0351233003132867
v -0.0319649501724284 -0.017120596745191508 -0.03998427390232484
v -0.03668256552406657 -0.003624185019017595 -0.03512310957841436
v -0.03555867173289151 -0.0070852235344670556 -0.039996397010810814
v -0.02048706151995816 -0.03064793541565969 -0.03511987090028201
v -0.02013622761047218 -0.030194188598453575 -0.03987437246888215
v -0.017374066224393747 -0.03251549684469612 -0.035118730305745416
v -0.017092039920104662 -0.032031591029475504 -0.0398257045588557
v -0.01412048788382192 -0.034056791015804055 -0.035117185353279456
v -0.022988442559177535 -0.028069791219718088 -0.03991175268916347
v -0.023385811962817193 -0.028496907634047997 -0.03512074446599733
v -0.010523508571739226 -0.034788797123570525 -0.039686811424817225
v -0.007213884696278816 -0.036161626626032284 -0.03511227202296796
v -0.010733333143778112 -0.03527379775695838 -0.03511507201089392
v -0.0036268491083470134 -0.03669987280638276 -0.03510870528085519
v -0.003559708525934374 -0.036228063396765986 -0.03948175236356377
v -6.054121800998875e-09 -0.036884076916694486 -0.035104390858042844
v -0.007075827457818373 -0.035676786209937195 -0.03959330174630349
v -0.013877273265031076 -0.033568635627627685 -0.03976379964868881
v -0.03686094077667956 -1.6101505790070404e-08 -0.03512297224930627
v -0.03608181171135261 -0.003563824107642305 -0.039997388832146985
v -0.03625729160860347 -8.599530382618335e-08 -0.03999762152869124
v 7.226687446206149e-09 -0.036438360037613915 -0.03935062595352701
v 2.3799400917505277e-07 0.03555807282539236 -0.042206323721001304
v -5.9142787985067856e-08 0.03450003978563654 -0.0449999525463185
v -0.0031000246089894767 0.034360486708939764 -0.04499995636101595
v 2.3248437732151028e-07 0.03557182862438557 -0.04216170320496593
v -0.003196828994004308 0.03543333603357901 -0.04215044984749783
v 2.3179566424487002e-07 0.03557354523823664 -0.04215612611729869
v -0.009789371955448711 0.034203988746184244 -0.04215044984749783
v -0.006277746498738468 0.0339241005798141 -0.044999960175713394
v -0.009492945168297906 0.03316836705392845 -0.04499996399041084
v -0.0064737771248096765 0.03498331999047588 -0.04215044984749783
v -0.013095760013799862 0.03307942356825855 -0.04215044984749783
v -0.012699215538483077 0.03207785186541301 -0.044999971619805734
v -0.003559858491227752 0.0362280481379762 -0.03948175617826122
v 6.168567344636581e-08 0.03599821643150314 -0.0407784786519616
v 2.3110696572014568e-07 0.03557526566678515 -0.042150549029631446
v 2.3127914398930574e-07 0.03557483460597366 -0.04215194139419953
v -0.010523670696380716 0.03478874753250372 -0.03968681523951467
v -0.0163403633249537 0.03160288007161283 -0.04215044984749783
v -0.013877430621300757 0.03356857077777109 -0.03976380346338626
v -0.007075989105622682 0.03567675187766017 -0.039593305561000935
v -0.01584557417791732 0.030646020437541388 -0.04499997543450318
v -1.146226695582791e-07 0.03643835622291647 -0.0393506335829219
v -0.0288762068158821 0.018879244747423973 -0.044999994507990415
v -0.029777871592595595 0.019468689889556856 -0.04215044984749783
v -0.026784032186479845 0.021745766718903603 -0.04499999069329297
v -0.03064568474416607 0.015846170224393386 -0.04499999832268786
v -0.03160259778400176 0.016340908826688594 -0.04215044984749783
v -0.03316821065133313 0.009493363831342694 -0.04499999832268786
v -0.03420388574935318 0.009789740073752329 -0.04215044984749783
v -0.03207761153947386 0.012699741013056376 -0.04499999832268786
v 2.2697473091605187e-07 0.03558558060868133 -0.04211708268893055
v 2.2972955411878107e-07 0.03557870270918473 -0.04213939485429696
v -0.03307923283338621 0.01309623494363199 -0.04215044984749783
v -0.033924009027075375 0.0062780273558379895 -0.04500000213738531
v -0.034983278028803966 0.006474006960330847 -0.04215044984749783
v -0.01887861532234525 0.028876639784042313 -0.04499997924920063
v -0.01946811005554494 0.02977824924764283 -0.04215044984749783
v -0.022424143902614047 0.027620835662505172 -0.04215044984749783
v -0.02515677190105925 0.025157305958701803 -0.04215044984749783
v -0.021745141108522326 0.02678455098533261 -0.044999983063898075
v -0.024395028319346146 0.024395613875404232 -0.04499998687859552
v -0.02762037026941666 0.02242471610723107 -0.04215044984749783
v -0.020136370661626435 0.030194093231017405 -0.03987437246888215
v -0.034360437117872955 0.0031001438182846897 -0.04500000213738531
v -0.035433332218881564 0.0031968964664653987 -0.04215044984749783
v -0.017092188693305088 0.03203151092082912 -0.03982570837355315
v -0.02298857416623945 0.028069682500840853 -0.03991175268916347
v -0.02562740256916496 0.025671643522804377 -0.03993980215948989
v -0.028019692798149087 0.023027556559448437 -0.0399603214170563
v -0.03013699865433095 0.020170147900169244 -0.039974702826430786
v -0.0319650321884235 0.01712044606464236 -0.03998427390232484
v -0.033489507358488435 0.013899483387240785 -0.03999036978884485
v -0.03555870606516853 0.007085055687779396 -0.039996397010810814
v -0.036081826970142394 0.0035636531615129696 -0.039997388832146985
v -0.03469285748278317 0.010538955235375735 -0.039994203559778896
v -0.03625729160860347 -8.599530382618335e-08 -0.03999762152869124
v -0.03557724930945749 -4.7311378212534053e-08 -0.04215044984749783
v -0.03450000163866207 2.5704583861075774e-10 -0.04500000213738531
v -0.03436044474726785 -0.0030999781173643437 -0.04500000213738531
v -0.03543332840418412 -0.0031968189804235103 -0.04215044984749783
v -0.03392403954465495 -0.006277725994739691 -0.04500000213738531
v -0.034983289472896306 -0.006473787615227655 -0.04215044984749783
v -0.032077703092212584 -0.012699269897921694 -0.04499999832268786
v -0.030645806814484366 -0.015845667638004768 -0.04499999832268786
v -0.03160268170734559 -0.016340472043830934 -0.04215044984749783
v -0.03316826787179483 -0.009492959473413332 -0.04500000213738531
v -0.034203916266932755 -0.009789412009771903 -0.04215044984749783
v 2.159554672089669e-07 0.03561309220666775 -0.0420278416568598
v -0.033079293868545356 -0.013095834400400075 -0.04215044984749783
v -0.03608181171135261 -0.003563824107642305 -0.039997388832146985
v -0.03555867173289151 -0.0070852235344670556 -0.039996397010810814
v -0.03348944250863184 -0.013899641697184828 -0.03999036978884485
v -0.029777976496775382 -0.019468247384653026 -0.04215044984749783
v -0.0319649501724284 -0.017120596745191508 -0.03998427390232484
v -0.03469280789171636 -0.010539118313691587 -0.039994203559778896
v -0.028876355589082525 -0.018878743114709717 -0.044999994507990415
v -0.02762048661768879 -0.022424300305209366 -0.04215044984749783
v -0.02678419812581878 -0.021745293696420198 -0.04499999069329297
v 1.9391692524288103e-07 0.035668107773245694 -0.04184936340741574
v -0.024395201888079976 -0.024395194258685082 -0.04499998687859552
v -0.025156888249331377 -0.025156937840398186 -0.04215044984749783
v -0.021745307047861262 -0.02678419812581878 -0.044999983063898075
v -0.02242424689944511 -0.027620530486709427 -0.04215044984749783
v -0.01887876218819695 -0.02887636321847742 -0.04499997924920063
v -0.019468190164191324 -0.02977801464374985 -0.04215044984749783
v -0.015845694340886896 -0.030645818258576707 -0.04499997543450318
v -0.01634040910132306 -0.03160271413227389 -0.04215044984749783
v -0.012699303276524354 -0.03207771835100237 -0.044999971619805734
v -0.028019585986620577 -0.023027690073859075 -0.0399603214170563
v -0.009789342391543499 -0.03420393534041999 -0.04215044984749783
v -0.009492999527736523 -0.03316829075997951 -0.04499996780510829
v -0.006473715135976166 -0.03498330473168609 -0.04215044984749783
v -0.006277771294271872 -0.03392406624753708 -0.04499996399041084
v -0.003100029138942695 -0.03436047907954487 -0.044999960175713394
v -0.0031967436401489358 -0.03543333603357901 -0.04215044984749783
v -5.5920844643342254e-08 -0.03450003597093909 -0.0449999525463185
v -0.03013690328689478 -0.020170289043974776 -0.039974702826430786
v -0.022988442559177535 -0.028069791219718088 -0.03991175268916347
v -0.025627282406195384 -0.025671763685773952 -0.03993980215948989
v -0.02013622761047218 -0.030194188598453575 -0.03987437246888215
v -0.017092039920104662 -0.032031591029475504 -0.0398257045588557
v -0.013095767643194756 -0.033079320571427484 -0.04215044984749783
v -0.013877273265031076 -0.033568635627627685 -0.03976379964868881
v -0.007075827457818373 -0.035676786209937195 -0.03959330174630349
v -0.003559708525934374 -0.036228063396765986 -0.03948175236356377
v -0.010523508571739226 -0.034788797123570525 -0.039686811424817225
v 7.226687446206149e-09 -0.036438360037613915 -0.03935062595352701
v 3.008249911638664e-08 -0.03557726075354983 -0.04215043840340549
v 1.498398413107093e-07 0.03577814272109903 -0.04149240309383018
v 2.314513222584658e-07 0.03557440735985962 -0.042153337573465066
v -5.119116637925558e-07 0.03389731758904002 -0.045802282601516975
v -0.0031000246089894767 0.034360486708939764 -0.04499995636101595
v -5.9142787985067856e-08 0.03450003978563654 -0.0449999525463185
v -0.007264609205066275 0.03310969319249901 -0.04580234745137357
v -0.009492945168297906 0.03316836705392845 -0.04499996399041084
v -0.006277746498738468 0.0339241005798141 -0.044999960175713394
v -0.0036535243339182177 0.033699731520084875 -0.04580235126607102
v -0.014191580492789457 0.03078350022617582 -0.04580235126607102
v -0.01584557417791732 0.030646020437541388 -0.04499997543450318
v -0.012699215538483077 0.03207785186541301 -0.044999971619805734
v -0.020458964365913657 0.027026902528826113 -0.04580235126607102
v -0.021745141108522326 0.02678455098533261 -0.044999983063898075
v -0.01887861532234525 0.028876639784042313 -0.04499997924920063
v -0.01742661749642105 0.029074675987296184 -0.04580235126607102
v -0.010790920770109569 0.032133748627101166 -0.04580235126607102
v -5.119216173030448e-07 0.03389730614494768 -0.04580230167500421
v -0.01049905540743079 0.03126454692566005 -0.04638625174546496
v -0.007068065979025651 0.032214112858213184 -0.04638624793076751
v -0.0199054899133555 0.026295903501185602 -0.04638625174546496
v -0.023252728612990214 0.02466448519554798 -0.04580235126607102
v -0.02262379372288792 0.02399730796354138 -0.04638625174546496
v -0.025775607379671106 0.022014517876077777 -0.04580235126607102
v -0.024395028319346146 0.024395613875404232 -0.04499998687859552
v -0.016955319256262147 0.028288184555896878 -0.04638625174546496
v -0.013807586372072689 0.029950892917341987 -0.04638625174546496
v -0.0288762068158821 0.018879244747423973 -0.044999994507990415
v -0.026784032186479845 0.021745766718903603 -0.04499999069329297
v -0.02799821795887225 0.01910833449524363 -0.04580235126607102
v -0.03207761153947386 0.012699741013056376 -0.04499999832268786
v -0.03064568474416607 0.015846170224393386 -0.04499999832268786
v -0.031442920270924324 0.012663788443294521 -0.04580235126607102
v -0.02989463185204766 0.01597908286650962 -0.04580235126607102
v -0.033924009027075375 0.0062780273558379895 -0.04500000213738531
v -0.03342625967482027 0.005631357937305459 -0.04580235126607102
v -0.034360437117872955 0.0031001438182846897 -0.04500000213738531
v -0.03262450945363371 0.009201217134727213 -0.04580235126607102
v -0.03316821065133313 0.009493363831342694 -0.04499999832268786
v -0.027240941387869366 0.01859139149278488 -0.04638625174546496
v -0.03059241821636749 0.012321216214803976 -0.04638625174546496
v -0.029085986565225985 0.015546896719272896 -0.04638625174546496
v -0.0329231430432575 0.0019416167466178996 -0.04638625174546496
v -0.03383844536334335 0.001995648836510336 -0.04580235126607102
v -0.03450000163866207 2.5704583861075774e-10 -0.04500000213738531
v -0.03385644692059486 -0.0016630125835664922 -0.04580235126607102
v -0.03294064868984092 -0.0016181001239671394 -0.04638625174546496
v -0.03436044474726785 -0.0030999781173643437 -0.04500000213738531
v -0.032522103900674004 0.005479027531510583 -0.04638625174546496
v -0.03174205358591364 0.00895228046976615 -0.04638625174546496
v -0.03257432329402343 -0.00515942311951012 -0.04638625174546496
v -0.03347992483850204 -0.005302932991133602 -0.04580235126607102
v -0.025078379868527234 0.021419058863419993 -0.04638625174546496
v -0.0035546771784206177 0.032788182862286686 -0.04638624793076751
v -4.586553186098301e-07 0.03298039402253927 -0.04638621359849049
v -0.005641183167416908 0.030482537763760753 -0.04700000223238021
v -4.5865505667534357e-07 0.032980390207841825 -0.046386217413187936
v -0.011411420410482598 0.028823445735495223 -0.04700000223238021
v -0.016964014859092158 0.025946812908432815 -0.04700000223238021
v -0.01423864527621388 0.027536780711613362 -0.04700000223238021
v -0.008530327248430503 0.029803409084653287 -0.04700000223238021
v -5.001686678231702e-08 0.031000106376600778 -0.04700000223238021
v -0.0027856906783489677 0.030874696290688064 -0.04700000223238021
v -0.019539727185411415 0.02406688423027381 -0.04700000223238021
v -0.021920748798137657 0.02192024144337723 -0.04700000223238021
v -0.025947175304690262 0.01696346172796237 -0.04700000223238021
v -0.024067328642526364 0.01953918168367652 -0.04700000223238021
v -0.028823630748321394 0.011410955971068448 -0.04700000223238021
v -0.03087470582743168 0.002785591734633941 -0.04700000223238021
v -0.031000106376600778 1.1216461812881311e-07 -0.04700000223238021
v -0.030482583540130115 0.00564093807310595 -0.04700000223238021
v -0.02753705346248081 0.01423811980164058 -0.04700000223238021
v -0.029803515896181798 0.008529959130126885 -0.04700000223238021
v -0.030815190825215222 -0.003380912464509278 -0.04700000223238021
v -0.028876355589082525 -0.018878743114709717 -0.044999994507990415
v -0.030645806814484366 -0.015845667638004768 -0.04499999832268786
v -0.030050126549374667 -0.0156847083865852 -0.04580235126607102
v -0.032077703092212584 -0.012699269897921694 -0.04499999832268786
v -0.03156564862453193 -0.012354713073084445 -0.04580235126607102
v -0.03316826787179483 -0.009492959473413332 -0.04500000213738531
v -0.01887876218819695 -0.02887636321847742 -0.04499997924920063
v -0.021745307047861262 -0.02678419812581878 -0.044999983063898075
v -0.020723328621023995 -0.02682471593475011 -0.04580235126607102
v -0.024395201888079976 -0.024395194258685082 -0.04499998687859552
v -0.023493746919726055 -0.02443504068086577 -0.04580235126607102
v -0.028184609798169724 -0.018832339227617956 -0.04580235126607102
v -0.02678419812581878 -0.021745293696420198 -0.04499999069329297
v -0.025990599913076062 -0.02176026638389894 -0.04580235126607102
v -0.032713342313077654 -0.008880248491552334 -0.04580235126607102
v -0.03392403954465495 -0.006277725994739691 -0.04500000213738531
v -0.03071182969054509 -0.01202048358791008 -0.04638625174546496
v -0.03182847364922248 -0.008640040808023941 -0.04638625174546496
v -0.027422246328121513 -0.01832291117912943 -0.04638625174546496
v -0.022858321321918007 -0.023774033721979393 -0.04638625174546496
v -0.02016273785037881 -0.026099158573017478 -0.04638625174546496
v -0.025287551173628353 -0.021171694807481378 -0.04638625174546496
v -0.029237283188012775 -0.015260472068827635 -0.04638625174546496
v -0.017711409456359073 -0.02890210098215107 -0.04580235126607102
v -0.014492824289141226 -0.030642816091686065 -0.04580235126607102
v -0.012699303276524354 -0.03207771835100237 -0.044999971619805734
v -0.015845694340886896 -0.030645818258576707 -0.04499997543450318
v -0.007589401128757223 -0.033036737103828706 -0.04580235126607102
v -0.006277771294271872 -0.03392406624753708 -0.04499996399041084
v -0.009492999527736523 -0.03316829075997951 -0.04499996780510829
v -0.011105743935697632 -0.03202631911760401 -0.04580235126607102
v -0.0003327348986356324 -0.033895555198819594 -0.045802355080768464
v -5.5920844643342254e-08 -0.03450003597093909 -0.0449999525463185
v -0.003100029138942695 -0.03436047907954487 -0.044999960175713394
v 0.003322413840743804 -0.033731919937141086 -0.04580143955338123
v 0.00539681269529968 -0.03407526559553897 -0.04500001358147765
v 0.0027069918010910743 -0.03439365931793725 -0.04499997924920063
v -0.003984377335014971 -0.03366225211766993 -0.04580235126607102
v -0.014100859358109341 -0.02981392429816543 -0.04638625174546496
v -0.007383992545850204 -0.032143148041610115 -0.04638624793076751
v -0.010805395639571502 -0.031160012771525025 -0.04638625174546496
v 0.008053684617148615 -0.03354684607581149 -0.04499999832268786
v 0.006937513204117451 -0.0331730324289059 -0.04579957416632974
v -0.00032371009933689077 -0.032978704111570334 -0.04638624793076751
v 0.0032325047597826784 -0.03281965793092034 -0.046385450659001126
v -0.003876548474378849 -0.032751718169392596 -0.04638624793076751
v -0.017232292993782927 -0.02812034359028326 -0.04638625174546496
v -0.03023302412581086 -0.006853526917779684 -0.04700000223238021
v -0.027762273199740672 -0.013793576895699267 -0.04700000223238021
v -0.029221154647207648 -0.010350396647928473 -0.04700000223238021
v -0.025857976234291424 -0.017098877765278075 -0.04700000223238021
v -0.020824923550776253 -0.022963648933121972 -0.04700000223238021
v -0.02353094784922738 -0.02018170071138692 -0.04700000223238021
v -0.017802189718849615 -0.025378901733387194 -0.04700000223238021
v -0.01453888771448586 -0.02737932335244997 -0.04700000223238021
v -0.01111882167221967 -0.028937489930365157 -0.04700000223238021
v -0.004142627912828711 -0.03072206452379489 -0.04700000223238021
v -0.0076268156813155685 -0.03004726743363828 -0.04700000223238021
v 0.006749994598561626 -0.03227625046492433 -0.04638377982151942
v 0.0026240533644582287 -0.030888854540261912 -0.04700000223238021
v 0.006081812193777791 -0.030397683633753836 -0.04700000223238021
v 0.010187526233088051 -0.031354146539290806 -0.046380831060393035
v -0.0007362240902589884 -0.03099136309005268 -0.04700000223238021
v 0.021570775102925932 -0.0021245838220732005 -0.04833899918318618
v 0.031000106376600778 -1.1216461812881311e-07 -0.04700000223238021
v 0.030681342628550157 -0.004434228154034936 -0.04700000223238021
v 0.021259430941409363 -0.004224952898428391 -0.048338995368488735
v 0.029667878606414178 -0.008990307281264709 -0.04700000223238021
v 0.028880969465644446 -0.011264943657919857 -0.04700000223238021
v 0.020749333413518922 -0.006267229377877603 -0.04833899918318618
v 0.020025977132213102 -0.008292910016084454 -0.04833900299788363
v 0.027902619733506384 -0.01350754611276539 -0.04700000223238021
v 0.018021170518435214 -0.012043603515460855 -0.04833901062727852
v 0.02673373540064361 -0.015694515020046595 -0.04700000223238021
v 0.02537906767272613 -0.017802061926485147 -0.04700000223238021
v 0.019123236610819605 -0.010203588016687859 -0.048339006812581076
v 0.023847289264399274 -0.01980700014732495 -0.04700000223238021
v 0.016757399401280404 -0.013747312245064314 -0.04833901444197597
v 0.009579580762012485 -0.02948283335531543 -0.04700000223238021
v 0.006081812193777791 -0.030397683633753836 -0.04700000223238021
v 0.0062621272200424904 -0.020750350030388498 -0.048339056403647884
v 0.011848273840045498 -0.028646544863445422 -0.04700000223238021
v 0.008288225567619767 -0.02002749919649438 -0.04833904877425299
v 0.020305762301752184 -0.02342403332388554 -0.04700000223238021
v 0.01833092776581391 -0.024999711270430325 -0.04700000223238021
v 0.013743504223338032 -0.016760372957940195 -0.04833902970076576
v 0.01624766426964741 -0.026401156725789354 -0.04700000223238021
v 0.014078875256723355 -0.02761868989519134 -0.04700000223238021
v 0.010199089534723704 -0.01912532134297429 -0.0483390411448581
v 0.01203948554956702 -0.018023680589355218 -0.0483390335154632
v 0.02215086660691923 -0.02168753154768055 -0.04700000223238021
v 0.015324863208055484 -0.015328281176967828 -0.04833902207137086
v 0.021675145225070747 -4.0037664885791775e-08 -0.04833899918318618
v 0.004219815931479076 -0.021259841021384895 -0.04833906403304278
v 0.002085080007406953 -0.021573985170827426 -0.04833907166243767
v 0.0026240533644582287 -0.030888854540261912 -0.04700000223238021
v -1.362322312293979e-06 -0.021674428061950746 -0.048339079291832565
v -0.002087679485298366 -0.021573586534944234 -0.04833908692122746
v -0.0007362240902589884 -0.03099136309005268 -0.04700000223238021
v -0.004142627912828711 -0.03072206452379489 -0.04700000223238021
v -0.01111882167221967 -0.028937489930365157 -0.04700000223238021
v -0.006264552890781483 -0.020749148400692752 -0.048339102180017246
v -0.0076268156813155685 -0.03004726743363828 -0.04700000223238021
v -0.004222266397751473 -0.02125904947166468 -0.04833909455062235
v -0.008290373242282323 -0.020025946614633527 -0.04833910980941214
v -0.01453888771448586 -0.02737932335244997 -0.04700000223238021
v -0.017802189718849615 -0.025378901733387194 -0.04700000223238021
v -0.012041269874297766 -0.018021410844374364 -0.04833912506820193
v -0.025857976234291424 -0.017098877765278075 -0.04700000223238021
v -0.027762273199740672 -0.013793576895699267 -0.04700000223238021
v -0.019123700096559393 -0.010199880130769556 -0.048339151771084055
v -0.021258744295868937 -0.004220867834300035 -0.04833915940047895
v -0.03023302412581086 -0.006853526917779684 -0.04700000223238021
v -0.030815190825215222 -0.003380912464509278 -0.04700000223238021
v -0.029221154647207648 -0.010350396647928473 -0.04700000223238021
v -0.020749064477348922 -0.006263132392819726 -0.04833915940047895
v -0.020824923550776253 -0.022963648933121972 -0.04700000223238021
v -0.02353094784922738 -0.02018170071138692 -0.04700000223238021
v -0.015326201213184953 -0.015325346720956867 -0.04833913651229427
v -0.01675844462838083 -0.013744087872047395 -0.04833914414168916
v -0.02002605914820821 -0.008289081013522215 -0.0483391555857815
v -0.013745093998498992 -0.01675776751958402 -0.04833913269759682
v -0.021573077272835084 -0.0020861938990614226 -0.04833915940047895
v -0.031000106376600778 1.1216461812881311e-07 -0.04700000223238021
v -0.010201120861114132 -0.019123366310532797 -0.04833911743880703
v -0.01802191247708862 -0.012040156936317659 -0.04833914795638661
v -0.02167370326943585 7.590245146632645e-08 -0.048339163215176395
v -0.026336903869343953 9.403353479756978e-08 -0.04766958081642958
v -0.03087470582743168 0.002785591734633941 -0.04700000223238021
v -0.021420353953203186 0.003304410852980749 -0.04833915940047895
v -0.030482583540130115 0.00564093807310595 -0.04700000223238021
v -0.020612853075615556 0.006697652658056719 -0.048339163215176395
v -0.029803515896181798 0.008529959130126885 -0.04700000223238021
v -0.028823630748321394 0.011410955971068448 -0.04700000223238021
v -0.02753705346248081 0.01423811980164058 -0.04700000223238021
v -0.01911224265277789 0.010221472271992882 -0.048339151771084055
v -0.005641183167416908 0.030482537763760753 -0.04700000223238021
v -0.0027856906783489677 0.030874696290688064 -0.04700000223238021
v -0.0042068397612765596 0.021262118395760643 -0.04833909455062235
v -0.017011435363053495 0.013430253666772418 -0.04833914414168916
v -0.025947175304690262 0.01696346172796237 -0.04700000223238021
v -0.024067328642526364 0.01953918168367652 -0.04700000223238021
v -0.011411420410482598 0.028823445735495223 -0.04700000223238021
v -0.008530327248430503 0.029803409084653287 -0.04700000223238021
v -0.007882444756109885 0.020190062528190333 -0.04833910980941214
v -0.021920748798137657 0.02192024144337723 -0.04700000223238021
v -0.021673705176784575 7.590245874228441e-08 -0.048339163215176395
v -0.016964014859092158 0.025946812908432815 -0.04700000223238021
v -0.01423864527621388 0.027536780711613362 -0.04700000223238021
v -0.011301293909890542 0.018494568749538587 -0.04833912125350448
v -0.019539727185411415 0.02406688423027381 -0.04700000223238021
v -0.014378143993472037 0.016218296821353118 -0.04833913651229427
v -0.00039798342091697594 0.021670754508309464 -0.04833908310653001
v 0.003384548824850453 0.021408652368785086 -0.048339067847740225
v 0.005640835076274886 0.030482577818083945 -0.04700000223238021
v 0.008529902863339545 0.02980347774920733 -0.04700000223238021
v 0.01058268978792909 0.018915665571297424 -0.0483390411448581
v 0.011410952156371001 0.02882354491762884 -0.04700000223238021
v 0.014238167485358666 0.027536904689280384 -0.04700000223238021
v 0.007091425755678393 0.020481760997855813 -0.04833905258895044
v 0.016963555188049817 0.025946952144889623 -0.04700000223238021
v 0.02594697312572558 0.016963524670470242 -0.04700000223238021
v 0.027536923762767618 0.014238133153081645 -0.04700000223238021
v 0.01870756047413269 0.010946913285453386 -0.04833901062727852
v 0.0203394422655101 0.007491139767736299 -0.04833900299788363
v 0.028823560176418628 0.011410913055722172 -0.04700000223238021
v 0.03048258735482756 0.005640785008370897 -0.04700000223238021
v 0.021337517798145633 0.0038110126874983663 -0.048338995368488735
v 0.029803491100648394 0.008529858040644545 -0.04700000223238021
v 0.03087471727152402 0.002785395754552611 -0.04700000223238021
v 0.031000106376600778 -1.1216461812881311e-07 -0.04700000223238021
v 0.021675145225070747 -4.0037664885791775e-08 -0.04833899918318618
v 0.019539313290738436 0.024067027281428066 -0.04700000223238021
v 0.013749700245666019 0.016755484423162104 -0.04833902970076576
v 0.02192039784597255 0.021920373050439146 -0.04700000223238021
v 0.0027854520213399514 0.03087471154947785 -0.04700000223238021
v -5.001686678231702e-08 0.031000106376600778 -0.04700000223238021
v 0.016488108464417506 0.014069341374129407 -0.048339018256673416
v 0.024067050169612747 0.019539286587856308 -0.04700000223238021
v 0.02028451825167088 -0.004031198693058569 -0.04844856110855611
v 0.020581582093295303 -0.002027151204072597 -0.04844856110855611
v 0.02057435324163359 -0.0022303856478535222 -0.048266558078671196
v 0.02066229346187498 -0.00223991929202888 -0.048087831873893094
v 0.020698273688193325 -4.1674631735455354e-09 -0.048254408267303095
v 0.02078467658536365 -4.167462718798163e-09 -0.048088526148828414
v 0.02030048085313707 -0.004453911516023312 -0.048087831873893094
v 0.020214081770664194 -0.004434954853898554 -0.048266558078671196
v 0.02078831199203046 -4.167462718798163e-09 -0.048081545252500746
v 0.0197978124485243 -0.005979817197630799 -0.048448564923253556
v 0.02068972113651757 -2.117193899328712e-08 -0.0483514846879296
v 0.02068116667749309 -3.817641299403922e-08 -0.04844856110855611
v 0.019618294694025984 -0.006587719753360088 -0.048266558078671196
v 0.019702147465953113 -0.006615878419400922 -0.048087831873893094
v 0.019107626868867245 -0.007912601369938488 -0.048448568737951
v 0.018246287258864013 -0.00973565624702577 -0.04844857255264845
v 0.01879395574190812 -0.008663731986517376 -0.048266558078671196
v 0.01719476018560373 -0.011491289684600892 -0.04844857255264845
v 0.0177506722298304 -0.010638904123179693 -0.048266558078671196
v 0.01984978770123713 -0.0066654566116056135 -0.04795542754021165
v 0.018874285640743116 -0.008700764115656678 -0.048087831873893094
v 0.016500574895673692 -0.012490018484174192 -0.048266558078671196
v 0.017826540840001348 -0.010684379131443156 -0.048087831873893094
v 0.0165711029294191 -0.012543405174942346 -0.048087831873893094
v 0.015988946720432717 -0.013116867688447442 -0.0484485763673459
v 0.02045260526526982 -0.004487288688171387 -0.04795542754021165
v 0.020939187090749378 -4.167461809303418e-09 -0.04795574034540229
v 0.02081712821654369 -0.002256704914469221 -0.04795542754021165
v 0.020937602083960227 -4.167461809303418e-09 -0.04795624007076782
v 0.021123457958266423 -4.167460899808673e-09 -0.04789753569175881
v 0.021000426336211797 -0.0022765761503068527 -0.04789753569175881
v 0.021123459865615146 -4.167460899808673e-09 -0.04789753569175881
v 0.020632693317036432 -0.004526800847488299 -0.04789753569175881
v 0.020024567601506504 -0.006724149069685104 -0.04789753569175881
v 0.020810612713304533 -0.004565838076973083 -0.04791102064723329
v 0.021181517653406923 -0.0022962082522982874 -0.04791102064723329
v 0.020693997412355447 -1.2669700173921583e-08 -0.04830294647761635
v 0.019015721270629893 -0.008765965878091975 -0.04795542754021165
v 0.017960125822542583 -0.010764446769828684 -0.04795542754021165
v 0.01669527896070777 -0.012637404088403636 -0.04795542754021165
v 0.01918315787831415 -0.00884315437357952 -0.04789753569175881
v 0.019348576511049043 -0.008919413990238767 -0.04791102064723329
v 0.016842282141518172 -0.01274868262762463 -0.04789753569175881
v 0.018118266012548956 -0.01085923246463838 -0.04789753569175881
v 0.01827450266852937 -0.010952876611237117 -0.04791102064723329
v 0.015236006506752497 -0.014363164630272762 -0.04795542754021165
v 0.015122684243374374 -0.014256329259902945 -0.048087831873893094
v 0.02019724369613396 -0.0067821348550625715 -0.04791102064723329
v 0.015058322668051738 -0.014195651728639569 -0.048266558078671196
v 0.01344050566616073 -0.015735844405859734 -0.048266558078671196
v 0.01311326661405765 -0.015991750523056125 -0.048448591626135684
v 0.014622105339288094 -0.01462533352700246 -0.04844858399674079
v 0.011666164952306435 -0.017092846728614663 -0.048266558078671196
v 0.011487392971158972 -0.01719712339067203 -0.04844859544083313
v 0.009731397137326403 -0.018248242291305505 -0.048448603070228025
v 0.00975590180005037 -0.01825052920242487 -0.048266558078671196
v 0.011716027816308094 -0.017165907721464757 -0.048087831873893094
v 0.009797599304167126 -0.01832853785786348 -0.048087831873893094
v 0.013497952148686654 -0.015803105151241947 -0.048087831873893094
v 0.007908163923133482 -0.019109047843666183 -0.04844860688492547
v 0.005974981591779782 -0.01979874895674749 -0.04844861832901781
v 0.007732042203037193 -0.019195708232914166 -0.048266558078671196
v 0.001989351963118599 -0.02058462622185786 -0.04844862977311015
v 0.004026329231767711 -0.020284874925882157 -0.04844862214371526
v 0.0034384488308437933 -0.0204066286242921 -0.048266558078671196
v -1.7867623512864817e-06 -0.02068044951437309 -0.048448637402505046
v 0.0012189654690839685 -0.020658232716442848 -0.048266558078671196
v 0.00561794927577991 -0.019917122833219558 -0.048266558078671196
v 0.005641959458347334 -0.020002255436140093 -0.048087831873893094
v 0.001224172650308164 -0.020746535332941685 -0.048087831873893094
v -0.0010146378760659408 -0.020669203786299883 -0.048266558078671196
v -0.0010189779288767575 -0.02075755217916808 -0.048087831873893094
v 0.0034531430454089185 -0.020493853588762212 -0.048087831873893094
v -0.0019920530073295334 -0.02058421804923105 -0.04844864503189994
v 0.007765088450181756 -0.019277758560297675 -0.048087831873893094
v 0.015370159879213308 -0.014489638063098775 -0.04789753569175881
v 0.013599098851488911 -0.015921531479803908 -0.04795542754021165
v 0.01180382021702342 -0.0172945469487662 -0.04795542754021165
v 0.009871016017554135 -0.018465889854133444 -0.04795542754021165
v 0.015502698680979754 -0.014614590385317872 -0.04791102064723329
v 0.013718838389646937 -0.016061728286694832 -0.04789753569175881
v 0.01190775164896185 -0.017446833485540436 -0.04789753569175881
v 0.009957928176833608 -0.018628491332803865 -0.04789753569175881
v 0.00782327355350082 -0.019422223059957222 -0.04795542754021165
v 0.00568423393545292 -0.02015215015761518 -0.04795542754021165
v 0.0012333410372029896 -0.02090200714208401 -0.04795542754021165
v -0.001026619483118496 -0.020913106004305515 -0.04795542754021165
v 0.003479014800330388 -0.020647431400622196 -0.04795542754021165
v 0.007892154591623568 -0.019593245483241484 -0.04789753569175881
v 0.003509642767712262 -0.020829241788286046 -0.04789753569175881
v 0.0012441946859042402 -0.021086058664497864 -0.04789753569175881
v 0.005734279904932027 -0.020329598438748597 -0.04789753569175881
v -0.0033034752984319182 -0.02086268524080226 -0.04789753569175881
v -0.0032746342783852855 -0.020680583028783728 -0.04795542754021165
v -0.0010356657996950236 -0.021097256708852985 -0.04789753569175881
v -0.0032502717131412118 -0.020526759168938424 -0.048087831873893094
v 0.016987515302713252 -0.01285862125436743 -0.04791102064723329
v 0.021317637502401565 -4.1674604450613005e-09 -0.04791435087810436
v 0.021305415211781975 -4.1674604450613005e-09 -0.047913294206911594
v 0.020366744055136943 -0.006839054432503655 -0.047999231710993406
v 0.020985262913860714 -0.004604157189663505 -0.047999231710993406
v 0.02135927873973098 -0.0023154793885438174 -0.047999231710993406
v 0.021483733243933267 -4.1674595355665555e-09 -0.04800054778161256
v 0.02111479478036471 -0.004632577639316626 -0.04815481414636169
v 0.0204924593168454 -0.006881270735473177 -0.04815481414636169
v 0.021490634031614553 -4.1674595355665555e-09 -0.048004129782515115
v 0.01951095673726755 -0.008994270751911948 -0.047999231710993406
v 0.020696135550274386 -8.41858167373356e-09 -0.04827867737245972
v 0.018427868764681055 -0.011044800329287341 -0.047999231710993406
v 0.013837136925844429 -0.01620023613629118 -0.04791102064723329
v 0.015632799891077687 -0.014737244352325263 -0.047999231710993406
v 0.017130078175695562 -0.01296653809146342 -0.047999231710993406
v 0.018541615413150137 -0.011112977555731152 -0.04815481414636169
v 0.014039386462428305 -0.01643703920234829 -0.04815481414636169
v 0.013953260130822875 -0.01633619767534178 -0.047999231710993406
v 0.015729293616669193 -0.014828214396013784 -0.04815481414636169
v 0.017235813959526336 -0.013046578073292459 -0.04815481414636169
v 0.012010432813812089 -0.01759728706019148 -0.04791102064723329
v 0.01963138864301217 -0.009049790812227232 -0.04815481414636169
v 0.020697203665559494 -6.2930224236395474e-09 -0.04826654281988141
v 0.02069718459207226 -6.3310915999271965e-09 -0.04826676025763588
v 0.02149112040553902 -0.002329772344621256 -0.04815481414636169
v 0.021616162373148118 -4.167459080819183e-09 -0.04815323104692126
v 0.021645653799109432 -2.210256130118442e-08 -0.04824611511505372
v 0.021570775102925932 -0.0021245838220732005 -0.04833899918318618
v 0.021616698338139395 -4.493480659828058e-09 -0.0481549209578902
v 0.02069773963055077 -5.2302427985925414e-09 -0.048260477450940975
v 0.021617083622581523 -4.7279311246815844e-09 -0.04815613403167829
v 0.020749333413518922 -0.006267229377877603 -0.04833899918318618
v 0.021259430941409363 -0.004224952898428391 -0.048338995368488735
v 0.020025977132213102 -0.008292910016084454 -0.04833900299788363
v 0.018021170518435214 -0.012043603515460855 -0.04833901062727852
v 0.016757399401280404 -0.013747312245064314 -0.04833901444197597
v 0.019123236610819605 -0.010203588016687859 -0.048339006812581076
v 0.015324863208055484 -0.015328281176967828 -0.04833902207137086
v 0.012111224749751792 -0.01774497307184486 -0.047999231710993406
v 0.010043794155338293 -0.018789133964335347 -0.04791102064723329
v 0.007960206409888815 -0.019762207969904466 -0.04791102064723329
v 0.012185980421942633 -0.017854510201681384 -0.04815481414636169
v 0.008027007484228688 -0.01992806338549702 -0.047999231710993406
v 0.010128081802774358 -0.018946824020042996 -0.047999231710993406
v 0.010190596110858374 -0.019063778829064848 -0.04815481414636169
v 0.005783723152214537 -0.020504912396660524 -0.04791102064723329
v 0.005832257547830344 -0.02067700102788117 -0.047999231710993406
v 0.0035399019015347477 -0.02100886444696415 -0.04791102064723329
v 0.0012549176812179375 -0.02126789384769512 -0.04791102064723329
v -0.0010446031589757265 -0.021279189166835133 -0.04791102064723329
v 0.005868254463450018 -0.0208046369897541 -0.04815481414636169
v 0.00356960480478577 -0.021185181670304587 -0.047999231710993406
v 0.0012654436235666477 -0.021446387355928964 -0.047999231710993406
v -0.001053376247847626 -0.021457776135156426 -0.047999231710993406
v -0.003359939257946698 -0.021219197327437822 -0.047999231710993406
v -0.003331969181010891 -0.021042595909137596 -0.04791102064723329
v 0.008076551820993538 -0.02005107593406441 -0.04815481414636169
v 0.013743504223338032 -0.016760372957940195 -0.04833902970076576
v 0.008288225567619767 -0.02002749919649438 -0.04833904877425299
v 0.0062621272200424904 -0.020750350030388498 -0.048339056403647884
v 0.01203948554956702 -0.018023680589355218 -0.0483390335154632
v 0.010199089534723704 -0.01912532134297429 -0.0483390411448581
v 0.004219815931479076 -0.021259841021384895 -0.04833906403304278
v 0.003591634682541117 -0.021315953313478797 -0.04815481414636169
v 0.0012732504018915514 -0.021578770708774453 -0.04815481414636169
v -0.0010598830488082328 -0.02159023005990468 -0.04815481414636169
v 0.002085080007406953 -0.021573985170827426 -0.04833907166243767
v -0.002087679485298366 -0.021573586534944234 -0.04833908692122746
v -1.362322312293979e-06 -0.021674428061950746 -0.048339079291832565
v -0.00338068405949965 -0.021350178778971607 -0.04815481414636169
v -0.003236434851827258 -0.02043939306066278 -0.048266558078671196
v -0.004028602791446012 -0.020284119615787688 -0.04844865266129483
v -0.005420561571091997 -0.019971352572123457 -0.048266558078671196
v -0.00597723130959904 -0.019797602640164724 -0.04844866029068973
v -0.007910148519480187 -0.019107565833708096 -0.04844866792008462
v -0.007541619659049981 -0.01927073951699554 -0.048266558078671196
v -0.005443734427569846 -0.020056715964239524 -0.048087831873893094
v -0.007573858620847362 -0.01935311027896458 -0.048087831873893094
v -0.005484534524112239 -0.02020701885834142 -0.04795542754021165
v -0.009574733235231947 -0.018345436967552864 -0.048266558078671196
v -0.011489030430038016 -0.01719495664252224 -0.04844868317887441
v -0.009733270153772788 -0.018246376904254014 -0.048448675549479514
v -0.011496319363184515 -0.017206572396247788 -0.048266558078671196
v -0.014623315552053096 -0.014622531631727775 -0.04844869462296675
v -0.013114718106436163 -0.01598926143297208 -0.048448686993571854
v -0.013283816014858507 -0.015867121496445646 -0.048266558078671196
v -0.0159898784602841 -0.013113789227607864 -0.048448698437664195
v -0.014916653387946344 -0.01434292384561997 -0.048266558078671196
v -0.00961566207781317 -0.01842385188826956 -0.048087831873893094
v -0.013340598740028686 -0.015934943956026903 -0.048087831873893094
v -0.01637563592489566 -0.012651441221333548 -0.048266558078671196
v -0.01498041605576983 -0.01440423080196207 -0.048087831873893094
v -0.011545462203043089 -0.01728011976302235 -0.048087831873893094
v -0.017195402962123518 -0.011487998554378653 -0.04844870225236164
v -0.016445633715695962 -0.012705518372339575 -0.048087831873893094
v -0.005532834792672248 -0.020384951606050583 -0.04789753569175881
v -0.007630621795693127 -0.019498139353846256 -0.04795542754021165
v -0.009687726480955283 -0.018561917232962077 -0.04795542754021165
v -0.005580553319871617 -0.020560740493794638 -0.04791102064723329
v -0.009773037420981456 -0.018725363667116968 -0.04789753569175881
v -0.007697819121730287 -0.01966982934918371 -0.04789753569175881
v -0.007764207731908723 -0.019839453685853714 -0.04791102064723329
v -0.011631988124206072 -0.0174096153899006 -0.04795542754021165
v -0.011734419426373544 -0.017562914728846968 -0.04789753569175881
v -0.013440577191737857 -0.01605435829122759 -0.04795542754021165
v -0.015092682601629548 -0.014512174341940187 -0.04795542754021165
v -0.013558933902071413 -0.0161957233492116 -0.04789753569175881
v -0.011835617627591333 -0.017714367754229077 -0.04791102064723329
v -0.015225586660676527 -0.014639960030687904 -0.04789753569175881
v -0.016568880868156333 -0.012800732266937676 -0.04795542754021165
v -0.016714783508753328 -0.012913447993421756 -0.04789753569175881
v -0.015356891407818929 -0.014766208396364555 -0.04791102064723329
v -0.013675865822908584 -0.016335388959483055 -0.04791102064723329
v -0.009857322207394437 -0.018886841717389302 -0.04791102064723329
v -0.018246663006562525 -0.009732116207795127 -0.04844870606705909
v -0.017643910292386433 -0.010812691248438533 -0.048266558078671196
v -0.01910764022030831 -0.007908944982435717 -0.048448709881756535
v -0.01870648091475524 -0.008847936096829101 -0.048266558078671196
v 0.02161800487201493 -5.288403168543986e-09 -0.04815903701643531
v 0.021619849278230463 -6.409346801521416e-09 -0.04816484298594936
v -0.019797490106590043 -0.005975905225399092 -0.04844871369645398
v -0.019551176999798026 -0.006780085408859271 -0.048266558078671196
v -0.01771933067560738 -0.0108589082153554 -0.048087831873893094
v -0.01878644269528662 -0.008885755007316809 -0.048087831873893094
v -0.020168072704758178 -0.004633130770446414 -0.048266558078671196
v -0.019634749391462814 -0.006809066142199893 -0.048087831873893094
v -0.020254282959707437 -0.004652934772241546 -0.048087831873893094
v -0.02028379536650471 -0.004027297688082021 -0.04844871369645398
v -0.02054995252941505 -0.002432272788179951 -0.048266558078671196
v -0.020583714509168072 -0.0019904916039808346 -0.04844871369645398
v 0.021623536183312808 -8.651234976971022e-09 -0.048176451110280016
v -0.020593733812012127 0.0020282937059579176 -0.048266558078671196
v -0.0204379930666998 0.0031528717584874966 -0.04844871369645398
v -0.02067972281450947 7.217997678665318e-08 -0.04844871751115143
v 0.021630908086128775 -1.3135010418375488e-08 -0.04819967117363877
v -0.02025519657974595 0.004236157141666863 -0.048266558078671196
v -0.01966752336457711 0.006390501325871378 -0.04844871751115143
v -0.020692429571704807 -0.0002031564063960465 -0.048266558078671196
v -0.02078088096140407 -0.0002040247567047012 -0.048087831873893094
v -0.02034177686034755 0.004254264079935344 -0.048087831873893094
v -0.019680558185752872 0.006394736593711703 -0.048266558078671196
v -0.020681763677643517 0.0020369633211615723 -0.048087831873893094
v -0.020637793567522822 -0.0024426690308154697 -0.048087831873893094
v -0.018927231733956162 -0.008952344365948384 -0.04795542754021165
v -0.020406069771116142 -0.004687803014254144 -0.04795542754021165
v -0.020792456660806424 -0.0024609740949325942 -0.04795542754021165
v -0.01978189562342747 -0.00686009201208565 -0.04795542754021165
v -0.01800932588286286 -0.011036617803263926 -0.04789753569175881
v -0.01785212220107968 -0.010940283341290824 -0.04795542754021165
v -0.019956089967638757 -0.006920498222993121 -0.04789753569175881
v -0.020585761094348287 -0.004729081378488931 -0.04789753569175881
v -0.01909390158745361 -0.009031173181338059 -0.04789753569175881
v -0.020836754834907545 0.0020522280714135865 -0.04795542754021165
v -0.019912802688361042 0.006470196554418661 -0.04795542754021165
v -0.019764683708547448 0.0064220703314296634 -0.048087831873893094
v 0.021675145225070747 -4.0037664885791775e-08 -0.04833899918318618
v -0.02049422170706583 0.004286144937009906 -0.04795542754021165
v -0.020936615984670226 -0.0002055536606192926 -0.04795542754021165
v -0.021120978404925994 -0.00020736361534851033 -0.04789753569175881
v -0.0206746893212284 0.004323886123037135 -0.04789753569175881
v -0.02008815097854999 0.006527169537624 -0.04789753569175881
v -0.021020237967401822 0.002070299008474913 -0.04789753569175881
v -0.020975548786812404 -0.002482644199034989 -0.04789753569175881
v 0.020697237997836515 -6.2265988391826634e-09 -0.048266165164834174
v 0.020697270422764813 -6.1601752547257795e-09 -0.04826578369508949
v -0.005627394943495401 -0.020733298332801242 -0.047999231710993406
v -0.009940056319295287 -0.019045351933048016 -0.047999231710993406
v -0.007829375638904179 -0.020005957600012225 -0.047999231710993406
v -0.005662136346817892 -0.02086128143214183 -0.04815481414636169
v -0.011934955210129439 -0.017863037957823735 -0.047999231710993406
v -0.010001418588750366 -0.019162915186312635 -0.04815481414636169
v -0.007877709286066847 -0.020129450800457915 -0.04815481414636169
v -0.015485781451477498 -0.01489013551864482 -0.047999231710993406
v -0.018164635567363696 -0.011131792597213197 -0.04791102064723329
v -0.01685893138852479 -0.013024807594963494 -0.04791102064723329
v -0.017000426146221992 -0.013134119657650656 -0.047999231710993406
v -0.013875779810980648 -0.016574166131468893 -0.04815481414636169
v -0.013790648161734476 -0.016472483463675358 -0.047999231710993406
v -0.018317089950825594 -0.01122521644503438 -0.047999231710993406
v -0.017105372287681275 -0.013215193422487781 -0.04815481414636169
v -0.01558137681582028 -0.014982048746277066 -0.04815481414636169
v -0.019258564910094034 -0.009109054044412201 -0.04791102064723329
v -0.012008632276617193 -0.017973301787523877 -0.04815481414636169
v -0.004222266397751473 -0.02125904947166468 -0.04833909455062235
v -0.008290373242282323 -0.020025946614633527 -0.04833910980941214
v -0.006264552890781483 -0.020749148400692752 -0.048339102180017246
v -0.010201120861114132 -0.019123366310532797 -0.04833911743880703
v -0.012041269874297766 -0.018021410844374364 -0.04833912506820193
v -0.015326201213184953 -0.015325346720956867 -0.04833913651229427
v -0.018430163305195313 -0.01129450756313266 -0.04815481414636169
v -0.019540080044925245 -0.009242203197770138 -0.04815481414636169
v -0.019420199362961688 -0.009185502488595065 -0.047999231710993406
v -0.01802191247708862 -0.012040156936317659 -0.04833914795638661
v -0.01675844462838083 -0.013744087872047395 -0.04833914414168916
v -0.013745093998498992 -0.01675776751958402 -0.04833913269759682
v -0.019123700096559393 -0.010199880130769556 -0.048339151771084055
v -0.02012818813560302 -0.006980177257199793 -0.04791102064723329
v -0.02076328948412809 -0.00476986287838127 -0.04791102064723329
v -0.02029712201203515 -0.007038759089053326 -0.047999231710993406
v -0.020937554400242142 -0.00480989431338813 -0.047999231710993406
v -0.021334002554448395 -0.002525068641433953 -0.047999231710993406
v -0.021156437925042848 -0.0025040532347808675 -0.04791102064723329
v -0.02106680207178635 -0.0048395845804538595 -0.04815481414636169
v -0.02042241765702446 -0.0070822080161353496 -0.04815481414636169
v -0.02130312257861644 -0.00020915179948018982 -0.04791102064723329
v -0.02120151429742312 0.0020881522693631804 -0.04791102064723329
v -0.020852984465195012 0.0043611733600681934 -0.04791102064723329
v -0.02148191554059986 -0.00021090708184639054 -0.047999231710993406
v -0.021028000876706088 0.004397774905233187 -0.047999231710993406
v -0.020261387833702127 0.0065834568289632744 -0.04791102064723329
v -0.021379454674527176 0.0021056772278524316 -0.047999231710993406
v -0.021465697354404734 -0.0025406554952016325 -0.04815481414636169
v -0.02002605914820821 -0.008289081013522215 -0.0483391555857815
v -0.02161452396059471 -0.00021220895165824892 -0.04815481414636169
v -0.021573077272835084 -0.0020861938990614226 -0.04833915940047895
v -0.021258744295868937 -0.004220867834300035 -0.04833915940047895
v -0.020749064477348922 -0.006263132392819726 -0.04833915940047895
v 0.020697339087318856 -6.027327631064639e-09 -0.04826502457029758
v 0.020697472601729494 -5.761632838489731e-09 -0.04826351013541119
v -0.02151143176209458 0.0021186753325652674 -0.04815481414636169
v -0.020431439416486175 0.00663870890678292 -0.047999231710993406
v -0.021157807401426254 0.004424921722776254 -0.04815481414636169
v -0.020557562850821443 0.0066796887709424935 -0.04815481414636169
v -0.021420353953203186 0.003304410852980749 -0.04833915940047895
v -0.02167370326943585 7.590245146632645e-08 -0.048339163215176395
v -0.020612853075615556 0.006697652658056719 -0.048339163215176395
v -0.01824981203930487 0.00975510643563271 -0.048266558078671196
v -0.01966752336457711 0.006390501325871378 -0.04844871751115143
v -0.018327822602092203 0.009796803939749466 -0.048087831873893094
v -0.019680558185752872 0.006394736593711703 -0.048266558078671196
v -0.018235730083679957 0.009752719388705366 -0.04844870606705909
v -0.016250702676163797 0.012811531675409604 -0.048266558078671196
v -0.01623126488532356 0.012814347875799714 -0.048448698437664195
v -0.01632016831667027 0.012866293564607334 -0.048087831873893094
v -0.013745430645548673 0.015468942423272902 -0.048266558078671196
v -0.013804186522973216 0.015535062574118519 -0.048087831873893094
v -0.013718735392815873 0.015474532862381207 -0.0484486908082693
v -0.018465174598362166 0.009870219699462113 -0.04795542754021165
v -0.019912802688361042 0.006470196554418661 -0.04795542754021165
v -0.018627774169683864 0.009957131858741586 -0.04789753569175881
v -0.013907639210382072 0.015651480464474732 -0.04795542754021165
v -0.016587263895152526 0.013076854373253455 -0.04789753569175881
v -0.01644247514621 0.012962711949924266 -0.04795542754021165
v -0.014030108164563293 0.015789298807507568 -0.04789753569175881
v -0.016730311234710582 0.01318962350550179 -0.04791102064723329
v -0.020261387833702127 0.0065834568289632744 -0.04791102064723329
v -0.010858173886096889 0.017720057375471 -0.048087831873893094
v -0.01081195596550566 0.01764463699225005 -0.048266558078671196
v -0.010782987153094559 0.017646414641260266 -0.04844867936417696
v -0.007541756988158066 0.019270676574487666 -0.048266558078671196
v -0.007520925402238199 0.019264153441853615 -0.04844866792008462
v -0.004036441041024852 0.020296528826582172 -0.048266558078671196
v -0.0075739964267926285 0.019353047336456708 -0.048087831873893094
v -0.000405554462860596 0.020690159826723953 -0.048266558078671196
v -0.0003793562234818623 0.020676949529465638 -0.04844864121720249
v -0.00401388235083594 0.020287047396078117 -0.04844865266129483
v 0.0032378963577865683 0.020439385431267887 -0.048266558078671196
v 0.003251733219100522 0.020526749632194807 -0.048087831873893094
v -0.000407291074070934 0.02077859786498215 -0.048087831873893094
v -0.004053697301762693 0.020383284583266326 -0.048087831873893094
v -0.0076307605553127544 0.019498076411338383 -0.04795542754021165
v -0.011035882520331053 0.018010052582726477 -0.04789753569175881
v -0.010939549012032312 0.017852848900943297 -0.04795542754021165
v -0.00041034873288849777 0.020934310000063627 -0.04795542754021165
v -0.0076979593118614575 0.019669764499327114 -0.04789753569175881
v -0.004084080890089381 0.020536032698431628 -0.04795542754021165
v -0.004120049195478204 0.020716862708851647 -0.04789753569175881
v 0.003276095784344596 0.020680575399388834 -0.04795542754021165
v -0.00041396849333531424 0.021118645717437268 -0.04789753569175881
v 0.0033049368043912286 0.020862677611407365 -0.04789753569175881
v -0.014151103691855682 0.015925458710825402 -0.04791102064723329
v -0.01878841870856407 0.010042996883571909 -0.04791102064723329
v -0.018946106856922995 0.010127283577333612 -0.047999231710993406
v -0.020261387833702127 0.0065834568289632744 -0.04791102064723329
v -0.020557562850821443 0.0066796887709424935 -0.04815481414636169
v -0.01687072834037906 0.013300318396013422 -0.047999231710993406
v -0.014269874296862217 0.01605911331159504 -0.047999231710993406
v -0.011131057314280324 0.018165362267227314 -0.04791102064723329
v -0.011224482115775869 0.01831781665068921 -0.047999231710993406
v -0.01697487148802579 0.01338241831446374 -0.04815481414636169
v -0.01129377323387415 0.018430888097710207 -0.04815481414636169
v -0.014357964243978394 0.016158243946796658 -0.04815481414636169
v -0.020612853075615556 0.006697652658056719 -0.048339163215176395
v -0.01906306357329357 0.010189797885417629 -0.04815481414636169
v -0.01911224265277789 0.010221472271992882 -0.048339151771084055
v -0.017011435363053495 0.013430253666772418 -0.04833914414168916
v -0.014378143993472037 0.016218296821353118 -0.04833913651229427
v -0.007764349352551436 0.019839388835997118 -0.04791102064723329
v -0.007829518213221254 0.02000589275015563 -0.047999231710993406
v -0.0041904670798348365 0.021070881890705717 -0.047999231710993406
v -0.004155585009543994 0.020895514527029535 -0.04791102064723329
v -0.007877852814058284 0.020129384043252596 -0.04815481414636169
v -0.0004175446529824066 0.021300763188245586 -0.04791102064723329
v -0.000421055068703189 0.021479531354695602 -0.047999231710993406
v 0.0033614007639060084 0.02121918969804293 -0.047999231710993406
v 0.0033334306869702013 0.02104258637239398 -0.04791102064723329
v -0.004216338834756306 0.02120094972220099 -0.04815481414636169
v -0.011301293909890542 0.018494568749538587 -0.04833912125350448
v -0.007882444756109885 0.020190062528190333 -0.04833910980941214
v -0.0042068397612765596 0.021262118395760643 -0.04833909455062235
v -0.00042365865931528676 0.02161212070120322 -0.04815481414636169
v -0.00039798342091697594 0.021670754508309464 -0.04833908310653001
v 0.0033821455654589605 0.021350171149576713 -0.04815481414636169
v 0.003384548824850453 0.021408652368785086 -0.048339067847740225
v 0.0032293807609923286 0.020426859872201275 -0.048448625958412705
v 0.00678067287226608 0.0195519571054259 -0.048266558078671196
v 0.00676624997805686 0.019542475674921844 -0.048448614514320365
v 0.006809653128769522 0.019635529497090687 -0.048087831873893094
v 0.010097405913255808 0.018048201464543334 -0.048448603070228025
v 0.010112301353111253 0.018055502795456535 -0.048266558078671196
v 0.01311917844142585 0.015987085148078672 -0.048448591626135684
v 0.010155521875183648 0.018132677939503017 -0.048087831873893094
v 0.01312886491191767 0.015996761128152515 -0.048266558078671196
v 0.015736572059397713 0.013439773244250941 -0.048266558078671196
v 0.013184980065034657 0.01606513671886356 -0.048087831873893094
v 0.015732004912879516 0.013424127262672836 -0.048448580182043344
v 0.01580383375845429 0.013497220680451227 -0.048087831873893094
v 0.006860678044980917 0.019782675729055343 -0.04795542754021165
v 0.006921083302214026 0.019956871980615354 -0.04789753569175881
v 0.010321708215779712 0.018429425161239354 -0.04789753569175881
v 0.010231620320875767 0.01826856318460468 -0.04795542754021165
v 0.006980760905909156 0.020128970148579617 -0.04791102064723329
v 0.013283780728907124 0.016185526662936267 -0.04795542754021165
v 0.013400744120998231 0.016328047574246662 -0.04789753569175881
v 0.01592226008701625 0.013598366429579123 -0.04795542754021165
v 0.01041071082926004 0.01858835117891977 -0.04791102064723329
v 0.01785423935816266 0.010464156647838618 -0.048266558078671196
v 0.017849675072667548 0.010444893379406572 -0.04844857255264845
v 0.017930552380586162 0.010508884929076867 -0.048087831873893094
v 0.019415770499225937 0.0071626781051015165 -0.048266558078671196
v 0.01949875733483264 0.00719329438997246 -0.048087831873893094
v 0.01940671822218465 0.007147599559768625 -0.048448564923253556
v 0.020359023107504592 0.003636241370298249 -0.04844855729385866
v 0.020372647299435886 0.0036380142509366553 -0.048266558078671196
v 0.02068116667749309 -3.817641299403922e-08 -0.04844856110855611
v 0.020698273688193325 -4.1674631735455354e-09 -0.048254408267303095
v 0.020459725398054296 0.0036535646266599997 -0.048087831873893094
v 0.019644873598486656 0.00724719987959338 -0.04795542754021165
v 0.018064915561406547 0.010587636496843245 -0.04795542754021165
v 0.01822397890819505 0.01068086579509464 -0.04789753569175881
v 0.019817849146863686 0.00731101499950676 -0.04789753569175881
v 0.020613041903139173 0.0036809439023287316 -0.04795542754021165
v 0.02078831199203046 -4.167462718798163e-09 -0.048081545252500746
v 0.021123457958266423 -4.167460899808673e-09 -0.04789753569175881
v 0.020937602083960227 -4.167461809303418e-09 -0.04795624007076782
v 0.02079454330030983 0.0037133564328599433 -0.04789753569175881
v 0.016062456893907173 0.01371810692141151 -0.04789753569175881
v 0.0070393417840883266 0.020297904025011748 -0.047999231710993406
v 0.010498077891210045 0.01874435704570465 -0.047999231710993406
v 0.007082789757495989 0.020423199670001058 -0.04815481414636169
v 0.01620096474350352 0.013836405457609002 -0.04791102064723329
v 0.013629729918312461 0.01660706980429638 -0.047999231710993406
v 0.013516299889731465 0.016468853779054715 -0.04791102064723329
v 0.01633692628255412 0.013952528662587449 -0.047999231710993406
v 0.01838112727686525 0.010772972618622312 -0.04791102064723329
v 0.01056287624939034 0.018860062541312672 -0.04815481414636169
v 0.007091425755678393 0.020481760997855813 -0.04833905258895044
v 0.01058268978792909 0.018915665571297424 -0.0483390411448581
v 0.013749700245666019 0.016755484423162104 -0.04833902970076576
v 0.016437767809560633 0.014038654994192878 -0.04815481414636169
v 0.013713859255804484 0.016709582168784598 -0.04815481414636169
v 0.016488108464417506 0.014069341374129407 -0.048339018256673416
v 0.01864979832539304 0.010930443329226769 -0.04815481414636169
v 0.018535387919568214 0.010863385716483598 -0.047999231710993406
v 0.019988741870434756 0.007374061457884606 -0.04791102064723329
v 0.020156493190658376 0.007435949201912984 -0.047999231710993406
v 0.020973858875843465 0.003745378672158628 -0.04791102064723329
v 0.021149878552783052 0.003776812255957551 -0.047999231710993406
v 0.021317637502401565 -4.1674604450613005e-09 -0.04791435087810436
v 0.021490634031614553 -4.1674595355665555e-09 -0.048004129782515115
v 0.021280427036156624 0.0038001257794037513 -0.04815481414636169
v 0.020280911455234918 0.007481850025778947 -0.04815481414636169
v 0.01870756047413269 0.010946913285453386 -0.04833901062727852
v 0.0203394422655101 0.007491139767736299 -0.04833900299788363
v 0.021616162373148118 -4.167459080819183e-09 -0.04815323104692126
v 0.021675145225070747 -4.0037664885791775e-08 -0.04833899918318618
v 0.021337517798145633 0.0038110126874983663 -0.048338995368488735
v -0.01060675957514412 3.583657769152464e-08 -0.04923712010597159
v -0.02067972281450947 7.217997678665318e-08 -0.04844871751115143
v -0.0204379930666998 0.0031528717584874966 -0.04844871369645398
v -0.010197343356967425 0.002918553729398393 -0.04923714299415627
v -0.01966752336457711 0.006390501325871378 -0.04844871751115143
v -0.010429689902732298 0.001930064889074587 -0.04923714299415627
v -0.010605982330539332 3.583377280973115e-08 -0.04923718114113074
v 0.0 8.586460943477262e-16 -0.04950000235112384
v -0.009862070552041358 0.0039042975372813316 -0.04923714299415627
v -0.004871753924022837 0.009421794385194304 -0.04923714299415627
v -0.010782987153094559 0.017646414641260266 -0.04844867936417696
v -0.007520925402238199 0.019264153441853615 -0.04844866792008462
v -0.013718735392815873 0.015474532862381207 -0.0484486908082693
v -0.006685540993663086 0.00823456231128672 -0.04923714299415627
v -0.00887787765708914 0.005804106034347223 -0.04923714299415627
v -0.018235730083679957 0.009752719388705366 -0.04844870606705909
v -0.01623126488532356 0.012814347875799714 -0.048448698437664195
v -0.007500218270822534 0.007500083325900353 -0.04923714299415627
v -0.0029186307386031007 0.010197321422457106 -0.04923714299415627
v -0.00401388235083594 0.020287047396078117 -0.04844865266129483
v -0.009421863049748347 0.00487162136328656 -0.04923714299415627
v 0.0 8.586460943477262e-16 -0.04950000235112384
v 0.0 8.586460943477262e-16 -0.04950000235112384
v 0.0 8.586460943477262e-16 -0.04950000235112384
v 0.0 8.586460943477262e-16 -0.04950000235112384
v -0.008234679613233209 0.006685396988834469 -0.04923714299415627
v 0.0 8.586460943477262e-16 -0.04950000235112384
v 0.0 8.586460943477262e-16 -0.04950000235112384
v 0.0 8.586460943477262e-16 -0.04950000235112384
v -0.00580425003917584 0.008877784197001692 -0.04923714299415627
v 0.0 8.586460943477262e-16 -0.04950000235112384
v -0.003904407448251518 0.009862027636695081 -0.04923714299415627
v 0.0 8.586460943477262e-16 -0.04950000235112384
v -0.0019300999366073796 0.010429683227011766 -0.04923714299415627
v 0.0 8.586460943477262e-16 -0.04950000235112384
v 0.0 8.586460943477262e-16 -0.04950000235112384
v 0.0 8.586460943477262e-16 -0.04950000235112384
v 0.0 8.586460943477262e-16 -0.04950000235112384
v 3.1585115402323016e-08 0.010606761482492844 -0.04923714299415627
v -0.0003793562234818623 0.020676949529465638 -0.04844864121720249
v 0.0032293807609923286 0.020426859872201275 -0.048448625958412705
v 0.0029185668424208666 0.010197321422457106 -0.04923714299415627
v 0.00676624997805686 0.019542475674921844 -0.048448614514320365
v 0.0019300689421906242 0.01042968036598868 -0.04923714299415627
v 0.0 8.586460943477262e-16 -0.04950000235112384
v 0.0 8.586460943477262e-16 -0.04950000235112384
v 0.003904320663884603 0.009862031451392528 -0.04923714299415627
v 0.010197336681246894 0.0029185112908892974 -0.04923714299415627
v 0.01940671822218465 0.007147599559768625 -0.048448564923253556
v 0.020359023107504592 0.003636241370298249 -0.04844855729385866
v 0.009421829671145687 0.004871603720310869 -0.04923714299415627
v 0.017849675072667548 0.010444893379406572 -0.04844857255264845
v 0.005804147519181957 0.008877795641094033 -0.04923714299415627
v 0.010097405913255808 0.018048201464543334 -0.048448603070228025
v 0.01311917844142585 0.015987085148078672 -0.048448591626135684
v 0.015732004912879516 0.013424127262672836 -0.048448580182043344
v 0.008877827112347969 0.005804100312301053 -0.04923714299415627
v 0.0075001329169671616 0.00750009286264397 -0.04923714299415627
v 0.010606743362679971 -2.7334193352999906e-08 -0.04923714299415627
v 0.02068116667749309 -3.817641299403922e-08 -0.04844856110855611
v 0.004871654265052039 0.00942180296826356 -0.04923714299415627
v 0.0 8.586460943477262e-16 -0.04950000235112384
v 0.0 8.586460943477262e-16 -0.04950000235112384
v 0.006685444195715373 0.008234574709053422 -0.04923714299415627
v 0.0 8.586460943477262e-16 -0.04950000235112384
v 0.008234610948679166 0.006685400326694735 -0.04923714299415627
v 0.0 8.586460943477262e-16 -0.04950000235112384
v 0.0 8.586460943477262e-16 -0.04950000235112384
v 0.0 8.586460943477262e-16 -0.04950000235112384
v 0.009862053385902847 0.0039042672581203475 -0.04923714299415627
v 0.0 8.586460943477262e-16 -0.04950000235112384
v 0.01042969085640666 0.0019300118409382172 -0.04923714299415627
v 0.0 8.586460943477262e-16 -0.04950000235112384
v 0.0 8.586460943477262e-16 -0.04950000235112384
v 0.0 8.586460943477262e-16 -0.04950000235112384
v 0.0 8.586460943477262e-16 -0.04950000235112384
v 0.0 8.586460943477262e-16 -0.04950000235112384
v 0.020581582093295303 -0.002027151204072597 -0.04844856110855611
v 0.02028451825167088 -0.004031198693058569 -0.04844856110855611
v 0.010429681319663042 -0.0019300639354002253 -0.04923714299415627
v 0.01019733477389817 -0.002918552537305441 -0.04923714299415627
v 0.0197978124485243 -0.005979817197630799 -0.048448564923253556
v 0.009862062922646464 -0.003904295629932608 -0.04923714299415627
v 0.019107626868867245 -0.007912601369938488 -0.048448568737951
v 0.02068116667749309 -3.817641299403922e-08 -0.04844856110855611
v 0.01060675385309795 -2.7334204266936846e-08 -0.04923714299415627
v 0.018246287258864013 -0.00973565624702577 -0.04844857255264845
v 0.009421854466679092 -0.004871618979100656 -0.04923714299415627
v 0.01719476018560373 -0.011491289684600892 -0.04844857255264845
v 0.008877870027694246 -0.005804103173324138 -0.04923714299415627
v 0.014622105339288094 -0.01462533352700246 -0.04844858399674079
v 0.00750021064142764 -0.007500079511202906 -0.04923714299415627
v 0.015988946720432717 -0.013116867688447442 -0.0484485763673459
v 0.006685533841105373 -0.008234558496589273 -0.04923714299415627
v 0.01311326661405765 -0.015991750523056125 -0.048448591626135684
v 0.011487392971158972 -0.01719712339067203 -0.04844859544083313
v 0.007908163923133482 -0.019109047843666183 -0.04844860688492547
v 0.004871746771465124 -0.009421788663148134 -0.04923714299415627
v 0.009731397137326403 -0.018248242291305505 -0.048448603070228025
v 0.005804242886618127 -0.008877778474955522 -0.04923714299415627
v 0.0039044010109495764 -0.009862020960974549 -0.04923714299415627
v 0.005974981591779782 -0.01979874895674749 -0.04844861832901781
v 0.00291862477813834 -0.010197313793062213 -0.04923714299415627
v 0.004026329231767711 -0.020284874925882157 -0.04844862214371526
v 0.008234671983838315 -0.006685393174137022 -0.04923714299415627
v 0.010606743362679971 -2.7334193352999906e-08 -0.04923714299415627
v 0.0 8.586460943477262e-16 -0.04950000235112384
v 0.0 8.586460943477262e-16 -0.04950000235112384
v 0.0 8.586460943477262e-16 -0.04950000235112384
v 0.0 8.586460943477262e-16 -0.04950000235112384
v 0.0 8.586460943477262e-16 -0.04950000235112384
v 0.0 8.586460943477262e-16 -0.04950000235112384
v 0.0 8.586460943477262e-16 -0.04950000235112384
v 0.0 8.586460943477262e-16 -0.04950000235112384
v 0.0 8.586460943477262e-16 -0.04950000235112384
v 0.0 8.586460943477262e-16 -0.04950000235112384
v 0.0019300944529797998 -0.010429675597616872 -0.04923714299415627
v 0.0 8.586460943477262e-16 -0.04950000235112384
v 0.0 8.586460943477262e-16 -0.04950000235112384
v 0.001989351963118599 -0.02058462622185786 -0.04844862977311015
v -3.583646491417626e-08 -0.01060675385309795 -0.04923714299415627
v 0.0 8.586460943477262e-16 -0.04950000235112384
v 0.0 8.586460943477262e-16 -0.04950000235112384
v -0.0019920530073295334 -0.02058421804923105 -0.04844864503189994
v -1.7867623512864817e-06 -0.02068044951437309 -0.048448637402505046
v -0.004028602791446012 -0.020284119615787688 -0.04844865266129483
v -0.0019300725184694806 -0.010429670829245064 -0.04923714299415627
v -0.00597723130959904 -0.019797602640164724 -0.04844866029068973
v -0.0029185697034439517 -0.01019731188571349 -0.04923714299415627
v -0.004871656172400762 -0.009421793431519943 -0.04923714299415627
v -0.007910148519480187 -0.019107565833708096 -0.04844866792008462
v -0.009733270153772788 -0.018246376904254014 -0.048448675549479514
v -0.011489030430038016 -0.01719495664252224 -0.04844868317887441
v -0.0058041489496934995 -0.008877785150676054 -0.04923714299415627
v -0.003904323048070507 -0.00986202191464891 -0.04923714299415627
v -0.013114718106436163 -0.01598926143297208 -0.048448686993571854
v -0.006685444672552554 -0.008234564218635443 -0.04923714299415627
v -0.014623315552053096 -0.014622531631727775 -0.04844869462296675
v -0.007500132440129981 -0.00750008189538881 -0.04923714299415627
v -0.017195402962123518 -0.011487998554378653 -0.04844870225236164
v -0.018246663006562525 -0.009732116207795127 -0.04844870606705909
v -0.008877824251324884 -0.005804088868208712 -0.04923714299415627
v -0.009862048617531038 -0.0039042565292837783 -0.04923714299415627
v -0.01910764022030831 -0.007908944982435717 -0.048448709881756535
v -0.019797490106590043 -0.005975905225399092 -0.04844871369645398
v -0.02028379536650471 -0.004027297688082021 -0.04844871369645398
v -0.020583714509168072 -0.0019904916039808346 -0.04844871369645398
v -0.010429684180686127 -0.0019300019465667145 -0.04923714299415627
v -0.010197331912875085 -0.0029185008004713187 -0.04923714299415627
v -0.00942182585644824 -0.004871592753055709 -0.04923714299415627
v -0.010605982330539332 3.583377280973115e-08 -0.04923718114113074
v 0.0 8.586460943477262e-16 -0.04950000235112384
v 0.0 8.586460943477262e-16 -0.04950000235112384
v 0.0 8.586460943477262e-16 -0.04950000235112384
v 0.0 8.586460943477262e-16 -0.04950000235112384
v 0.0 8.586460943477262e-16 -0.04950000235112384
v 0.0 8.586460943477262e-16 -0.04950000235112384
v 0.0 8.586460943477262e-16 -0.04950000235112384
v -0.0159898784602841 -0.013113789227607864 -0.048448698437664195
v -0.008234609041330443 -0.006685388882602394 -0.04923714299415627
v 0.0 8.586460943477262e-16 -0.04950000235112384
v 0.0 8.586460943477262e-16 -0.04950000235112384
v 0.0 8.586460943477262e-16 -0.04950000235112384
v 0.0 8.586460943477262e-16 -0.04950000235112384
v 0.0 8.586460943477262e-16 -0.04950000235112384
v 0.0 8.586460943477262e-16 -0.04950000235112384
v 0.0 8.586460943477262e-16 -0.04950000235112384
v 0.06599999550543689 0.038552362365806836 -0.005898333829655322
v 0.0639061233356708 0.038504274289792306 -0.00622106533988781
v 0.06394119947869426 0.03869211762146829 -0.004673353893999976
v 2.3799400917505277e-07 0.03555807282539236 -0.042206323721001304
v -1.146226695582791e-07 0.03643835622291647 -0.0393506335829219
v 0.0047314932209496785 0.03618698291996125 -0.03914510149918504
v 0.056761778666498675 0.0015140141967821125 -0.03963097188359077
v 0.05997558115679258 -4.637282329147111e-08 -0.039321001013155055
v 0.0579722012398598 1.323983969217566e-08 -0.039507604568160826
v 0.009306324447153624 0.03431158991706651 -0.04231868944899464
v 0.004655549270504156 0.03508217787481005 -0.04270655262659684
v 0.003381430786524864 0.03433354731557037 -0.04500055145381765
v 0.009403924435004707 0.035364663850141476 -0.03890349000699622
v 0.013948899931641168 0.034051847167912985 -0.03862761108764268
v 0.013822634399826006 0.03304378285001297 -0.041767847137674785
v 0.018168110756737743 0.031375840723670834 -0.04104997448394876
v 0.018318032181094956 0.032351026164276764 -0.038320196064496326
v 0.02265961563926222 0.030301215657370095 -0.03796946515184141
v 0.026784362157808994 0.02814938488194585 -0.03759056651323922
v 0.026377137483315494 0.02743518959655855 -0.03921442981058343
v 0.03034990073353505 0.02550840689700906 -0.03823020353702855
v 0.031039868875437637 0.025908957758319362 -0.0371483820439944
v -5.9142787985067856e-08 0.03450003978563654 -0.0449999525463185
v 0.00673062499543825 0.03383709114574973 -0.045000005952082756
v 0.010015198229602618 0.03301427616526187 -0.04499998687859552
v 0.013202585847426063 0.03187384947535232 -0.04499999832268786
v 0.01626322823523041 0.030426154628148128 -0.04499999069329297
v 0.01816560068581774 0.029503468961153967 -0.04472363493675857
v 0.019167164759268385 0.028685714176829302 -0.04500000213738531
v 0.03316110005529227 0.02490041851058722 -0.03689998039035025
v 0.0343411118606074 0.023786004242567493 -0.03732126413228398
v 0.02225826941353426 0.027373113025006557 -0.04372591989303176
v 0.026180419258029497 0.025097935914988323 -0.042585947152118386
v 0.030014707083581005 0.022870322360085682 -0.041393381177505795
v 0.02439515992640806 0.024395178999895295 -0.045000017396175096
v 0.02188650235180889 0.026668717697360123 -0.04500002121087254
v 0.02666869862387289 0.021886529054691017 -0.04500001358147765
v 0.03386941307721658 0.020848132170042666 -0.040255174641510294
v 0.038419725335581134 0.02232272254159562 -0.03655795461726896
v 0.037839044460832305 0.019122342064268327 -0.039259817080805615
v 0.03318875661178167 0.01767488754300328 -0.042670129895374664
v 0.029435861078304093 0.01995052623141258 -0.044018011276534263
v 0.030426152720799404 0.016263232049927856 -0.044999994507990415
v 0.028685660771065047 0.019167160944570938 -0.04500002121087254
v 0.03708135399515644 0.015726796897190254 -0.04148127562137782
v 0.032285100563000935 0.014301197731272364 -0.044497762886235304
v 0.03187384947535232 0.013202587754774786 -0.04499999832268786
v 0.036148374367102054 0.012176036459373152 -0.04316632285107147
v 0.0352823312351469 0.023891877355506352 -0.03665158255140355
v 0.06197895725902791 -1.0598548900360212e-07 -0.039134397458149284
v 0.06130886750552067 0.00047702210427087374 -0.039178773833548064
v 0.06096034530268746 0.03012323713329157 -0.024835801350535647
v 0.06195599659509554 0.031795371612127754 -0.022620293737980468
v 0.0624797774427277 0.03078694871266774 -0.023971257394677092
v 0.046919622742478406 0.020028676030656722 -0.035512601631826346
v 0.046520414654669384 0.021102015543917885 -0.034859437690890616
v 0.049336760003282354 0.021392214837486767 -0.03404694909639128
v 0.05820307817343329 0.026636510206816677 -0.028697822026525488
v 0.059711756681370964 0.028384650624931895 -0.02686394628329314
v 0.062073046771553564 0.027920810118281514 -0.0272775319657792
v 0.054347590166821114 0.02343090931603342 -0.03177611883411369
v 0.05642085152628207 0.024952456705807924 -0.03033526564678035
v 0.06099803832815942 0.021201270156786522 -0.03285257114049145
v 0.05579241445419658 0.018244910153085714 -0.03504815458828192
v 0.05197587450851637 0.02219883833466163 -0.03301689686240783
v 0.06158114535048442 0.024705559950306544 -0.030253131396053012
v 0.05131798415744404 0.01908909697601935 -0.0352074525389634
v 0.0639762756217177 0.03887996095314428 -0.003125642209693552
v 0.06400000303983688 0.03900668520232742 1.4883501696454874e-06
v 0.06600000313483179 0.038936166705325626 -0.0022304996119397458
v 0.06384877317425541 0.038194658186219144 -0.00774663675863152
v 0.06600000313483179 0.03900142854924571 1.5191378327794613e-06
v 0.06600000313483179 0.03782301891685824 -0.009513583635159528
v 0.06379142682753747 0.03788504208264598 -0.009272207700538049
v 0.06363525692876237 0.03702546104816573 -0.012263358698628157
v 0.06600000313483179 0.036755067663740704 -0.013043522500637561
v 0.06600000313483179 0.03535868240454487 -0.016456982440600232
v 0.06345274272941959 0.03599591998364016 -0.015021376369604988
v 0.0635440017364397 0.036510690515902944 -0.013642367057279392
v 0.0633237906969275 0.03538042617999171 -0.016355103315888186
v 0.06281312859381494 0.03326137700707665 -0.02038348294753356
v 0.0627008925655348 0.03335476461527209 -0.0202309827877023
v 0.06600000313483179 0.03364590232441289 -0.019723132116608033
v 0.06600000313483179 0.03163248975319499 -0.022813042770573055
v 0.06600000313483179 0.02933602090937737 -0.025698796539230795
v 0.06600000313483179 0.023979237741735826 -0.03075729325471621
v 0.06600000313483179 0.026777436574594304 -0.028354916965682708
v 0.06600000313483179 0.017766703495850633 -0.03471811077988107
v 0.06600000313483179 0.020966782612079626 -0.03288484348089149
v 0.06319483866443543 0.034764928561645814 -0.017688830262171384
v 0.0648907501524576 0.016777518115614898 -0.035213914636438304
v 0.03800811948106997 0.022820750366764342 -0.03630025273124948
v 0.04079932597350844 0.021949446767030034 -0.03591227129802643
v 0.042615266916694594 0.021092301416869574 -0.035960607329375005
v 0.041965272989337166 0.01768667877281138 -0.03844281188452925
v 0.041162687349409754 0.014117646887898405 -0.04048224832172931
v 0.043645410703416765 0.021320687353010292 -0.035467244879183735
v 0.05059396221143375 0.015406993644085376 -0.037304464204728216
v 0.046226930906598795 0.01646801645296514 -0.03779354656438416
v 0.04540016771425348 0.012767719875232952 -0.03965608785158059
v 0.049749857404495224 0.011602113321151353 -0.03899648470135464
v 0.05504363893645392 0.01446104785940927 -0.03697645363006652
v 0.04021631050392216 0.010426911849316656 -0.04204354295155088
v 0.03301428379465676 0.010015206812671873 -0.044999994507990415
v 0.03505420088373512 0.00851443045049527 -0.044341058929817656
v 0.033837159810303774 0.006730642161576761 -0.04499996780510829
v 0.039148221921696535 0.006653271037448949 -0.0431367207988842
v 0.03798771847912441 0.0028247305304382464 -0.043842500861703826
v 0.03449984523606675 7.705316785620123e-16 -0.04500000213738531
v 0.03433380671499675 0.0033815621551681885 -0.04500004028435978
v 0.0444481451165446 0.008970878073493727 -0.04108122067073561
v 0.04340628257926582 0.005110974077749686 -0.04206597718723559
v 0.048802824431046776 0.007719463715043506 -0.040268270497845204
v 0.042280580621500974 0.0012026074503855566 -0.04265986072984784
v 0.04220957384322599 -6.65296424580846e-08 -0.042694982649240654
v 0.04778443372715824 0.0037871651064096123 -0.041113939330736926
v 0.04612167577464632 -4.075675508691409e-08 -0.041755243377310514
v 0.03408548135530154 0.0050561020391631795 -0.04500000213738531
v 0.0603232564967926 0.017477906103593455 -0.035045015092283194
v 0.059556036916894595 0.013601297070892637 -0.03682062323936419
v 0.05869357960053945 0.009623224715501477 -0.03818101682814934
v 0.054186865519294525 0.010566584135308643 -0.038501474301866345
v 0.053249197628078004 0.006606955365235645 -0.03960732838881542
v 0.0577610920684557 0.005586717394108487 -0.03911711306401777
v 0.05224617252550523 0.002606019143859828 -0.04029192925141034
v 0.06410929412168809 0.012810003889082155 -0.03686044486601148
v 0.06600000313483179 0.014407885282116117 -0.036241151623706
v 0.06599999550543689 0.010920185607792288 -0.03743987451999775
v 0.0632469474315589 0.008746301112753652 -0.038065774818281106
v 0.06231252966256706 0.00462727187200529 -0.038836759504559115
v 0.06599999550543689 0.007334826340969769 -0.03830407896778354
v 0.050033773891369204 -1.4983866806248828e-08 -0.04081550792007782
v 0.05400298565826578 -8.720135570365836e-10 -0.0401615543367706
v 0.04709969935015268 -3.4313534153616204e-08 -0.041520311420351064
v 0.06600013283454498 0.0036839827856822993 -0.03882552522057825
v 0.06600007179938583 6.572717942763655e-16 -0.03899998277891337
v 0.04807772292565904 -2.787031140132883e-08 -0.04128537564869417
v 0.017715195543575035 0.029555934402488715 -0.044999994507990415
v 0.06600000313483179 -0.03898794740846867 0.0010000000474974513
v 0.06610000161370255 -0.03898718065428186 0.0010000000474974513
v 0.06600000313483179 -0.038936166705325626 0.0022304996119397458
v 0.06610000161370255 -0.038936166705325626 0.0022304996119397458
v 0.06600000313483179 0.0185567120782959 0.034294812877695424
v 0.06600000313483179 0.019205857235471413 0.033905763329187266
v 0.06600015572272966 0.01867958920510393 0.03423541803844854
v 0.06600001076422668 0.011526038717318277 0.03725031838916815
v 0.06600001076422668 0.011321530879845887 0.03732348428619803
v 0.06600000313483179 0.009718774303474897 0.03772502315414705
v 0.06600014046393987 -0.023686816386904175 0.030944949666217303
v 0.06600014046393987 -0.02440297051943041 0.030425231471366
v 0.06600014046393987 -0.025367160094645902 0.02957225749286363
v 0.06600000313483179 0.02495902752216006 0.02995348691160582
v 0.06600000313483179 0.025451220767583882 0.02950742289505759
v 0.06600014046393987 0.025140141727539866 0.029815768704380963
v 0.06600014046393987 -0.025812960897070303 0.02917787690467355
v 0.06600013283454498 -0.026174460700617574 0.028912763061514912
v 0.06600013283454498 -0.026639273955116893 0.02844687787703304
v 0.06600014809333477 -0.02135574060784906 0.03263663256211968
v 0.06600014809333477 -0.022313056098265394 0.03194189986310603
v 0.06600015572272966 -0.020525353452929274 0.033124425554038606
v 0.06600000313483179 0.021855582321653744 0.032291024788135836
v 0.06600000313483179 0.022436616055916403 0.03186006506612826
v 0.06600014809333477 0.022006041618350958 0.032198907474190186
v 0.06600000313483179 0.03667733557386699 0.013124907163316601
v 0.06600006416999094 0.03637534123579256 0.01406881685323047
v 0.06599999550543689 0.036355016527795936 0.014025831888725415
v 0.06600017861091434 -0.00748636996541624 0.0382777880729801
v 0.06600017861091434 -0.008442052288488155 0.038042421240511715
v 0.06600017861091434 -0.0066098888675722445 0.038405633843212605
v 0.06600000313483179 0.037787042505237345 0.009466695281492021
v 0.06600004891120115 0.0375569513993379 0.010514479182882619
v 0.06600000313483179 0.037554506178274494 0.010394876973832679
v 0.06600001839362157 0.03853286926185362 0.005717340740919452
v 0.06600003365241136 0.03837656203397044 0.006953219267180344
v 0.06600001076422668 0.038392488395810886 0.006663837272539441
v 0.06600016335212455 -0.017187928062476487 0.03497139906095459
v 0.06600016335212455 -0.018109335805825966 0.0345436570362434
v 0.06600015572272966 -0.019041052769025457 0.033996339505364404
v 0.06600008705817562 0.004215872011156252 0.038756853037140715
v 0.0660001023169654 0.0038229298023222114 0.03881513017003568
v 0.0660001023169654 0.002594801310761702 0.038875486313039165
v 0.06600000313483179 0.0278149408200401 0.027318572388260742
v 0.06600000313483179 0.028220794110801473 0.026870745981492083
v 0.06600012520515008 0.028030375858348888 0.027117442465377506
v 0.065999987876042 0.007883695023198078 0.038184766675739557
v 0.065999987876042 0.007608829382853843 0.03825362959404943
v 0.06600003365241136 0.006194059666150276 0.03846346084180885
v 0.0660001099463603 -0.030933362522722607 0.023680527858163103
v 0.0660001099463603 -0.03145826489140413 0.023053202770383363
v 0.0660001023169654 -0.031732122021110865 0.022637137534556873
v 0.06600009468757051 -6.957979987336877e-16 0.03900300401929124
v 0.06600011757575519 -0.0010819166220517318 0.03895070451729543
v 0.06600009468757051 0.0005544212127807369 0.0389757594501261
v 0.06600000313483179 0.03521441054710639 0.016656699018079424
v 0.06600008705817562 0.03482241986686674 0.017562868952477606
v 0.06600000313483179 0.034805268987145865 0.01752167022005202
v 0.06600001839362157 0.0389075297715924 0.0019129339173060145
v 0.06600001839362157 0.03884966081132424 0.003435059233743709
v 0.06600001839362157 0.038860582290114465 0.002868641274329925
v 0.06600017098151945 -0.0037608160374701105 0.03882120698306846
v 0.06600017098151945 -0.004767346608577916 0.03867439072243295
v 0.06600015572272966 -0.0030192083362300115 0.03885705750967361
v 0.06600012520515008 -0.028505986613971412 0.026552930185756995
v 0.06600012520515008 -0.02896798843645243 0.026112778950251325
v 0.06600011757575519 -0.029328853092874807 0.025669419554192885
v 0.06600000313483179 0.02886334747078889 0.026161740591981175
v 0.06600017098151945 -0.012063655472590029 0.037053575368348746
v 0.06600017098151945 -0.010191463954527524 0.037611570237381375
v 0.06600017098151945 -0.011142241053520019 0.03737741266400363
v 0.06600000313483179 0.031288510855020935 0.023206666141319943
v 0.0660001099463603 0.03062970688391009 0.02414230079879731
v 0.06600000313483179 0.030718482522892332 0.023975196069790927
v 0.06600000313483179 0.030396882547290005 0.02440878602568808
v 0.06600000313483179 0.03341234747323174 0.020028122899526934
v 0.0660001023169654 0.03290301288483066 0.020939702074904698
v 0.06600000313483179 0.03292046131095239 0.020848864591952454
v 0.06600000313483179 0.03266539156617121 0.02127446275669853
v 0.06600000313483179 0.03460410091728816 0.01794696130165363
v 0.06600017098151945 -0.014694296581120314 0.036129014777559476
v 0.06600017098151945 -0.015617976930473731 0.03570021608165552
v 0.06600017098151945 -0.013731909450448443 0.03646725255607608
v 0.06599999550543689 0.03619228534941232 0.014480689736562913
v 0.06600000313483179 0.037425432075464116 0.01091009191834802
v 0.06600000313483179 0.03830064192538396 0.00728310524247433
v 0.06600002602301647 0.03882302659375059 0.003633119040438032
v 0.06600000313483179 0.03900142854924571 1.5191378327794613e-06
v 0.06600001076422668 -0.0389185962088856 0.001938703390652191
v 0.06600001839362157 -0.038849245009302535 0.002877406733806931
v 0.06600000313483179 -0.038936166705325626 0.0022304996119397458
v 0.06600003365241136 -0.038550916595474494 0.005682438166629833
v 0.06600003365241136 -0.03839129821020748 0.0066100624363060745
v 0.06600002602301647 -0.03857863418712304 0.00572419241437111
v 0.06600005654059604 -0.03693604072531498 0.012471064206235338
v 0.06600006416999094 -0.036743669347769625 0.012976648947046199
v 0.06600006416999094 -0.03682729514519867 0.012838304175765702
v 0.06600009468757051 -0.03307245030132577 0.02058746435675829
v 0.06600009468757051 -0.0336103989352754 0.019783526406585983
v 0.06600009468757051 -0.03356982581323109 0.019788336740066415
v 0.06600008705817562 -0.03381027763739608 0.01940200516348911
v 0.06600007942878072 -0.0349033334144111 0.01730253683256855
v 0.06600007942878072 -0.035404191745085356 0.016359558882506064
v 0.06600007942878072 -0.03532139755169972 0.016459202594514277
v 0.06600007179938583 -0.03555156113685065 0.01599491576826262
v 0.06600006416999094 -0.03640893727620664 0.013856387796509773
v 0.06600004891120115 -0.037575227614805584 0.010281110298202
v 0.06600004891120115 -0.037882333647458744 0.009275439702949861
v 0.06600004891120115 -0.03782364071254207 0.00937321135218605
v 0.06600004128180625 -0.037963102236500124 0.008863515321201887
v 0.06600002602301647 -0.03862984268564906 0.005223773727577596
v 0.06600000313483179 -0.03898794740846867 0.0010000000474974513
v 0.06600001839362157 -0.03879545014590757 0.0036055356784558956
v 0.06600002602301647 -0.038710538795438953 0.0047548134201164105
v 0.06600003365241136 -0.0382934741088814 0.007178544385457175
v 0.06600004128180625 -0.03807205381027856 0.008465311452495738
v 0.06600004891120115 -0.03746213327959991 0.010694452793725828
v 0.06600005654059604 -0.037078405234030054 0.012096909143908263
v 0.06600006416999094 -0.03629788380413501 0.014148254112862912
v 0.06600007179938583 -0.035739465503685786 0.015615866449111282
v 0.06600007942878072 -0.03478296445117435 0.017545349954453116
v 0.06600008705817562 -0.03406720132513641 0.018989207216025816
v 0.06600009468757051 -0.032919709815555365 0.02083287147290669
v 0.0660001023169654 -0.03207769927751514 0.022185723404839486
v 0.0660001099463603 -0.03070703652320317 0.023976168817639865
v 0.06600011757575519 -0.029789023860581354 0.025175334218835443
v 0.06600012520515008 -0.02818492641805781 0.026897652949933182
v 0.06600013283454498 -0.027222951274710194 0.027930524245329824
v 0.06600014046393987 -0.022879355563639736 0.03153093106306848
v 0.06600014809333477 -0.02311912646431047 0.03140870434217513
v 0.06600015572272966 -0.01973253725316315 0.03359014289183282
v 0.06600015572272966 -0.019853379238883306 0.03356891791523875
v 0.06600017098151945 -0.01640181619347314 0.03533633590690144
v 0.06600016335212455 -0.016431856935866795 0.03536922241359042
v 0.06600017098151945 -0.012918268817320167 0.03675321372078155
v 0.06600017098151945 -0.012911713259757818 0.03680081733022034
v 0.06600017098151945 -0.00931430574788672 0.037827600368491865
v 0.06600017861091434 -0.009349402871746126 0.03786254681180212
v 0.06600017098151945 -0.00562359312065247 0.03854949752802428
v 0.06600017861091434 -0.005796792782504501 0.038566823883827706
v 0.06600013283454498 -0.0018804080187350553 0.03891210359383113
v 0.06600017861091434 -0.0023017030855518317 0.03893202775859583
v 0.06600009468757051 0.0019114649011611057 0.03890906709466346
v 0.06600017861091434 0.0011086746980831091 0.038984243337247815
v 0.06600004891120115 0.005715879711797323 0.03853437988204256
v 0.06600017861091434 0.004574354865860275 0.03873061554810153
v 0.06600000313483179 0.009465179892931275 0.03778855694012373
v 0.06600017861091434 0.008111552623742413 0.03814718427649355
v 0.06600017098151945 0.011676461774389746 0.0372108095677115
v 0.06600001076422668 0.0131189829381817 0.036680425478798906
v 0.06600000313483179 0.014925232642504227 0.03603421954600616
v 0.06600000313483179 0.013123381284337876 0.03667885000875337
v 0.06600000313483179 0.01336601988381425 0.03658959753259028
v 0.06600000313483179 0.014107130720711902 0.036317106064569504
v 0.06600000313483179 0.015095278503242104 0.0359537866503401
v 0.06600000313483179 0.013613056829446801 0.036498765771684205
v 0.06600016335212455 0.015217354543586303 0.035908902920180896
v 0.06600000313483179 0.01646077806455981 0.035307885893343105
v 0.06600000313483179 0.016984762998505376 0.03505462050045427
v 0.06600000313483179 0.018385115543045893 0.03439765330616407
v 0.06600000313483179 0.016655175046449422 0.035215936426085115
v 0.06600000313483179 0.017508746025102218 0.03480135129286799
v 0.06600000313483179 0.019784865365389814 0.03355875174654299
v 0.06600000313483179 0.020302544604455797 0.03324181905326684
v 0.06600000313483179 0.02166808231274797 0.032430093398256865
v 0.06600000313483179 0.020026598927896933 0.033413873352210466
v 0.06600000313483179 0.02082022384352178 0.03292488635999069
v 0.06600000313483179 0.023049016139935485 0.0314058414117413
v 0.06600000313483179 0.02352651898549163 0.031042752786707428
v 0.06600000313483179 0.02474221347072425 0.030149980069742455
v 0.06600000313483179 0.02320514789173611 0.03129003673399966
v 0.06600000313483179 0.024004021831047773 0.03067966416167356
v 0.06600000313483179 0.026107137012727488 0.028912982406618104
v 0.06600000313483179 0.027578240750814054 0.027579753278351715
v 0.06600000313483179 0.02616022615709479 0.028864865720372723
v 0.06600000313483179 0.026320611296548613 0.02871367972381189
v 0.06600000313483179 0.026961039870058157 0.028115777397439423
v 0.06600000313483179 0.02653408748771846 0.028514378948354402
v 0.06600000313483179 0.02891924995452322 0.02610005502691748
v 0.06600000313483179 0.030148452283415006 0.024743725998261912
v 0.06600000313483179 0.0314126945157045 0.023039239070379303
v 0.06600000313483179 0.03242857133397559 0.021669606284377974
v 0.06600000313483179 0.03358311621913579 0.019743187888434655
v 0.06600000313483179 0.03439612742718534 0.01838664142202462
v 0.06599999550543689 0.03539246536513385 0.016280279932817665
v 0.06599999550543689 0.036032697481724885 0.014926756614134229
v 0.06600000313483179 0.03684403785229273 0.012658948545908877
v 0.06600000313483179 0.03732197366600909 0.011323057712498974
v 0.06600000313483179 0.03792292965768773 0.008924279636832178
v 0.06600000313483179 0.03825210752976815 0.0076103333273222495
v 0.06600001839362157 0.0386387767070695 0.0050032827846402395
v 0.06600002602301647 0.038813630993939086 0.0038243486313538355
v 0.06610000161370255 -0.03540283752749174 0.016359680952824363
v 0.06600007942878072 -0.035404191745085356 0.016359558882506064
v 0.06610000161370255 -0.03682634910023186 0.012838228835491128
v 0.06610000161370255 -0.0336095597018371 0.01978377054722258
v 0.06600009468757051 -0.0336103989352754 0.019783526406585983
v 0.06610000161370255 -0.031456962172226044 0.02305340876404549
v 0.0660001099463603 -0.03145826489140413 0.023053202770383363
v 0.06600002602301647 -0.03857863418712304 0.00572419241437111
v 0.06610000161370255 -0.038936166705325626 0.0022304996119397458
v 0.06610000161370255 -0.038577680512761336 0.00572388437755228
v 0.06610000161370255 -0.0378809450975881 0.009275460683785819
v 0.06600006416999094 -0.03682729514519867 0.012838304175765702
v 0.06600004891120115 -0.037882333647458744 0.009275439702949861
v 0.06600012520515008 -0.02896798843645243 0.026112778950251325
v 0.06610000161370255 -0.028967124407480727 0.026113328266683666
v 0.06610000161370255 -0.02617322664599353 0.028913014831546402
v 0.06610000161370255 -0.023118134642974297 0.03140942531999258
v 0.06600014809333477 -0.02311912646431047 0.03140870434217513
v 0.06610000161370255 -0.019852234829649262 0.03356916587057279
v 0.06610000161370255 -0.01643072778542254 0.035369920503223184
v 0.06600016335212455 -0.016431856935866795 0.03536922241359042
v 0.06600015572272966 -0.019853379238883306 0.03356891791523875
v 0.06610000161370255 -0.012910693781865157 0.03680100806509268
v 0.06610000161370255 -0.00934822889860687 0.03786305416656255
v 0.06600017861091434 -0.009349402871746126 0.03786254681180212
v 0.06600017861091434 -0.0023017030855518317 0.03893202775859583
v 0.06610000161370255 -0.005795932568230244 0.038566919251263876
v 0.06610000161370255 -0.0023009341855977083 0.0389320659055703
v 0.06600017861091434 -0.005796792782504501 0.038566823883827706
v 0.06600017098151945 -0.012911713259757818 0.03680081733022034
v 0.06600013283454498 -0.026174460700617574 0.028912763061514912
v 0.06600017861091434 0.0011086746980831091 0.038984243337247815
v 0.06610000161370255 0.0011094251205964745 0.038984220449063134
v 0.06600000313483179 -0.038936166705325626 0.0022304996119397458
v 0.06600017861091434 0.004574354865860275 0.03873061554810153
v 0.06610000161370255 0.018680487566352655 0.0342352273035762
v 0.06600015572272966 0.01867958920510393 0.03423541803844854
v 0.06610000161370255 0.015218296773855666 0.035908387936025576
v 0.06610000161370255 0.011677251416761236 0.03721085534408086
v 0.06600016335212455 0.015217354543586303 0.035908902920180896
v 0.06600017098151945 0.011676461774389746 0.0372108095677115
v 0.06610000161370255 0.008112495807686138 0.038146963024041636
v 0.06610000161370255 0.025140979053629442 0.029815200314461388
v 0.06600014046393987 0.025140141727539866 0.029815768704380963
v 0.06610000161370255 0.02200677594760947 0.03219806824075189
v 0.06600014809333477 0.022006041618350958 0.032198907474190186
v 0.06610000161370255 0.02803072490316527 0.027116303778189632
v 0.06600012520515008 0.028030375858348888 0.027117442465377506
v 0.06600017861091434 0.008111552623742413 0.03814718427649355
v 0.06610000161370255 0.004574924209454212 0.03873075287720962
v 0.06610000161370255 0.032902867926327684 0.020938345949962356
v 0.0660001099463603 0.03062970688391009 0.02414230079879731
v 0.06610000161370255 0.03063026573708605 0.024141282274579012
v 0.06600008705817562 0.03482241986686674 0.017562868952477606
v 0.06610000161370255 0.03482249997551312 0.017561436533586328
v 0.06610000161370255 0.036374685107831706 0.01406733865796983
v 0.06600006416999094 0.03637534123579256 0.01406881685323047
v 0.06610000161370255 0.038375467215803205 0.006951698633410608
v 0.06610000161370255 0.038848600325434024 0.003433228417387829
v 0.06600001839362157 0.03884966081132424 0.003435059233743709
v 0.06610000161370255 0.03755644785927492 0.010512765430054638
v 0.06600003365241136 0.03837656203397044 0.006953219267180344
v 0.06610000161370255 0.0390000018524006 4.2679536521392626e-16
v 0.06600000313483179 0.03900142854924571 1.5191378327794613e-06
v 0.06600004891120115 0.0375569513993379 0.010514479182882619
v 0.0660001023169654 0.03290301288483066 0.020939702074904698
v 0.06610000161370255 0.0390000018524006 4.2679536521392626e-16
v 0.06610000161370255 -0.03898718065428186 -0.0010000000474974513
v 0.06610000161370255 -0.038747587137042405 -0.004430077286375622
v 0.06760000168494873 -0.037486665598880364 -0.0010000000474974513
v 0.06610000161370255 -0.038184770490437 -0.007932609458047024
v 0.06610000161370255 -0.037277028900690734 -0.0114642406186799
v 0.06760000168494873 -0.036585054227931124 -0.008233100328490228
v 0.06760000168494873 -0.037211881497694055 -0.004638491374033549
v 0.06610000161370255 -0.036010213654973366 -0.014975753541815462
v 0.06610000161370255 -0.034379445755250426 -0.018413714329804654
v 0.06760000168494873 -0.03430119486652394 -0.0151551387355775
v 0.06610000161370255 -0.032390409100717665 -0.02172268016995549
v 0.06610000161370255 -0.03005995320999766 -0.024847819554841832
v 0.06760000168494873 -0.030721372156208293 -0.02150459010222372
v 0.06760000168494873 -0.03266579973879802 -0.01841698161816785
v 0.06760000168494873 -0.03561157395708392 -0.011749698243322393
v 0.06610000161370255 -0.0274159463552881 -0.027737723714321705
v 0.06610000161370255 -0.024496270389584573 -0.0303471179117476
v 0.06760000168494873 -0.025980843824355837 -0.02704155859641677
v 0.06610000161370255 -0.02134703356092671 -0.03263919985350139
v 0.06610000161370255 -0.018020184419145213 -0.03458733913670686
v 0.06760000168494873 -0.020258711823443187 -0.03155685002487085
v 0.06760000168494873 -0.02322965923018061 -0.029438453165219203
v 0.06610000161370255 -0.014570769048397603 -0.0361759698884323
v 0.06610000161370255 -0.011054126310870438 -0.037400689947824084
v 0.06760000168494873 -0.013771169362896685 -0.0348798653957183
v 0.06610000161370255 -0.007523309111305276 -0.03826751509275583
v 0.06610000161370255 -0.004026931953964308 -0.038791555339814376
v 0.06760000168494873 -0.006763327919812601 -0.03688505729393832
v 0.06760000168494873 -0.010316045297419918 -0.036052999301536826
v 0.06760000168494873 -0.01709580693383339 -0.03337623373250276
v 0.06760000168494873 -0.02848585264084713 -0.024388436522158052
v 0.06760000168494873 -0.003146525294028951 -0.03736762033565766
v 0.06610000161370255 -0.0006075984528172013 -0.038995267812869105
v 0.06760000168494873 0.0005000444888158401 -0.03749666773558591
v 0.06610000161370255 0.002778433216456405 -0.03890090745682473
v 0.06610000161370255 0.006251340686174445 -0.038495725552814
v 0.06760000168494873 0.004141876417431689 -0.03727042184471285
v 0.06760000168494873 0.011273789941299017 -0.035765085011738584
v 0.06610000161370255 0.009774898993335501 -0.037755151634581985
v 0.06610000161370255 0.013302520430114595 -0.03666119177427207
v 0.06760000168494873 0.007744524369920347 -0.03669158728352828
v 0.06610000161370255 0.016782540164803628 -0.03520435500463659
v 0.06760000168494873 0.014696402294110955 -0.03450023052050888
v 0.06610000161370255 0.020160164836950933 -0.033385144865738514
v 0.06760000168494873 0.01797976007030133 -0.0329084755315745
v 0.06610000161370255 0.02337992016261059 -0.031215053133636372
v 0.06760000168494873 0.021093022394687022 -0.031005395454610785
v 0.06610000161370255 0.026388408006922104 -0.028716756277302746
v 0.06760000168494873 0.02400642318309054 -0.02880852836112946
v 0.06760000168494873 0.037322339876963984 -0.0036445247473854137
v 0.06610000161370255 0.038582483216846875 -0.005691401751955483
v 0.06610000161370255 0.038936166705325626 -0.0022304996119397458
v 0.06760000168494873 0.03679159339179394 -0.007254570828734985
v 0.06610000161370255 0.03789695538277238 -0.009209834536259565
v 0.06760000168494873 0.031283902700505184 -0.02067770674690883
v 0.06610000161370255 0.03158487660701259 -0.022877843036102075
v 0.06610000161370255 0.033700090101644875 -0.01962916467440068
v 0.06760000168494873 0.03591223696574941 -0.010795877969441703
v 0.06610000161370255 0.03686039146024722 -0.012740165361900258
v 0.06610000161370255 0.03546182419411181 -0.016231425102616326
v 0.06760000168494873 0.03469313214099934 -0.01423505087754462
v 0.06760000168494873 0.033145303393165015 -0.017539343713323108
v 0.06610000161370255 0.0390000018524006 4.2679536521392626e-16
v 0.06760000168494873 0.037500001781154424 6.515940982799259e-16
v 0.06610000161370255 0.02913709588161839 -0.025923537531961083
v 0.06760000168494873 0.02669271214430058 -0.02633912020856055
v 0.06760000168494873 0.029126080942740717 -0.023620141197580047
v 0.06610000161370255 0.0390000018524006 4.2679536521392626e-16
v 0.06610000161370255 0.038848600325434024 0.003433228417387829
v 0.06760000168494873 0.037500001781154424 6.515940982799259e-16
v 0.06610000161370255 0.038375467215803205 0.006951698633410608
v 0.06610000161370255 0.03755644785927492 0.010512765430054638
v 0.06760000168494873 0.03679159339179394 0.007254570828734985
v 0.06760000168494873 0.037322339876963984 0.0036445247473854137
v 0.06610000161370255 0.036374685107831706 0.01406733865796983
v 0.06610000161370255 0.03482249997551312 0.017561436533586328
v 0.06760000168494873 0.03469313214099934 0.01423505087754462
v 0.06610000161370255 0.032902867926327684 0.020938345949962356
v 0.06610000161370255 0.03063026573708605 0.024141282274579012
v 0.06760000168494873 0.031283902700505184 0.02067770674690883
v 0.06760000168494873 0.033145303393165015 0.017539343713323108
v 0.06760000168494873 0.03591223696574941 0.010795877969441703
v 0.06610000161370255 0.02803072490316527 0.027116303778189632
v 0.06610000161370255 0.025140979053629442 0.029815200314461388
v 0.06760000168494873 0.02669271214430058 0.02633912020856055
v 0.06610000161370255 0.02200677594760947 0.03219806824075189
v 0.06610000161370255 0.018680487566352655 0.0342352273035762
v 0.06760000168494873 0.021093022394687022 0.031005395454610785
v 0.06760000168494873 0.02400642318309054 0.02880852836112946
v 0.06610000161370255 0.015218296773855666 0.035908387936025576
v 0.06610000161370255 0.011677251416761236 0.03721085534408086
v 0.06760000168494873 0.011273789941299017 0.035765085011738584
v 0.06610000161370255 0.008112495807686138 0.038146963024041636
v 0.06610000161370255 0.004574924209454212 0.03873075287720962
v 0.06760000168494873 0.007744524369920347 0.03669158728352828
v 0.06760000168494873 0.014696402294110955 0.03450023052050888
v 0.06760000168494873 0.029126080942740717 0.023620141197580047
v 0.06760000168494873 0.01797976007030133 0.0329084755315745
v 0.06760000168494873 0.004141876417431689 0.03727042184471285
v 0.06610000161370255 0.0011094251205964745 0.038984220449063134
v 0.06760000168494873 0.0005000444888158401 0.03749666773558591
v 0.06760000168494873 -0.003146525294028951 0.03736762033565766
v 0.06610000161370255 -0.0023009341855977083 0.0389320659055703
v 0.06610000161370255 -0.005795932568230244 0.038566919251263876
v 0.06610000161370255 -0.00934822889860687 0.03786305416656255
v 0.06760000168494873 -0.006763327919812601 0.03688505729393832
v 0.06610000161370255 -0.01643072778542254 0.035369920503223184
v 0.06760000168494873 -0.013771169362896685 0.0348798653957183
v 0.06610000161370255 -0.012910693781865157 0.03680100806509268
v 0.06760000168494873 -0.010316045297419918 0.036052999301536826
v 0.06760000168494873 -0.01709580693383339 0.03337623373250276
v 0.06610000161370255 -0.019852234829649262 0.03356916587057279
v 0.06610000161370255 -0.023118134642974297 0.03140942531999258
v 0.06760000168494873 -0.020258711823443187 0.03155685002487085
v 0.06760000168494873 -0.02322965923018061 0.029438453165219203
v 0.06610000161370255 -0.02617322664599353 0.028913014831546402
v 0.06610000161370255 -0.038577680512761336 0.00572388437755228
v 0.06610000161370255 -0.038936166705325626 0.0022304996119397458
v 0.06760000168494873 -0.037211881497694055 0.004638491374033549
v 0.06610000161370255 -0.0378809450975881 0.009275460683785819
v 0.06760000168494873 -0.036585054227931124 0.008233100328490228
v 0.06760000168494873 -0.02848585264084713 0.024388436522158052
v 0.06610000161370255 -0.028967124407480727 0.026113328266683666
v 0.06610000161370255 -0.031456962172226044 0.02305340876404549
v 0.06760000168494873 -0.03430119486652394 0.0151551387355775
v 0.06610000161370255 -0.03540283752749174 0.016359680952824363
v 0.06610000161370255 -0.03682634910023186 0.012838228835491128
v 0.06760000168494873 -0.03266579973879802 0.01841698161816785
v 0.06610000161370255 -0.0336095597018371 0.01978377054722258
v 0.06760000168494873 -0.030721372156208293 0.02150459010222372
v 0.06760000168494873 -0.03561157395708392 0.011749698243322393
v 0.06760000168494873 -0.025980843824355837 0.02704155859641677
v 0.06610000161370255 -0.03898718065428186 0.0010000000474974513
v 0.06760000168494873 -0.037486665598880364 0.0010000000474974513
v 0.06600000313483179 -0.03898794740846867 0.0010000000474974513
v 0.06397619932776877 -0.038880502640181724 0.0031207026533371096
v 0.06560000158995383 -0.03898908418830782 0.0010000000474974513
v 0.06600002602301647 -0.038710538795438953 0.0047548134201164105
v 0.06379132764540385 -0.03788479031261449 0.009275391065557415
v 0.06600005654059604 -0.037078405234030054 0.012096909143908263
v 0.06363518444951088 -0.03702647957238403 0.01226331006123571
v 0.06600004128180625 -0.03807205381027856 0.008465311452495738
v 0.06390605467111676 -0.03850467483302422 0.006220550832569671
v 0.06400000303983688 -0.03900668520232742 1.488350402476142e-06
v 0.06395866316360577 -0.03878654664206671 0.0038956646385406024
v 0.06354469601137502 -0.03651591665140508 0.013632189444491294
v 0.06358993832309423 -0.03677119620454583 0.012947749752863502
v 0.06382001035550644 -0.038039762396391286 0.008511681007310479
v 0.06384868925091158 -0.03819473448016808 0.007747970949063543
v 0.06394112699944277 -0.038692590643951696 0.004670626862162686
v 0.06399706190810539 -0.03877821915754032 0.004197405060816228
v 0.06560000158995383 -0.03900181001899039 1.5298185898184258e-06
v 0.06600007179938583 -0.035739465503685786 0.015615866449111282
v 0.06297358621252025 -0.03323926702067492 0.02041776944818552
v 0.06600008705817562 -0.03406720132513641 0.018989207216025816
v 0.0660001023169654 -0.03207769927751514 0.022185723404839486
v 0.06261457740640575 -0.030753886729896207 0.024011264034150548
v 0.06600011757575519 -0.029789023860581354 0.025175334218835443
v 0.06600016335212455 -0.018109335805825966 0.0345436570362434
v 0.06567895819770797 -0.020519442579235436 0.033169366504659514
v 0.06600014809333477 -0.02135574060784906 0.03263663256211968
v 0.061069582978774406 -0.021151866010152842 0.03289269412823703
v 0.06600014046393987 -0.02440297051943041 0.030425231471366
v 0.06167068011425858 -0.02465609858321116 0.03029484701998264
v 0.06600013283454498 -0.027222951274710194 0.027930524245329824
v 0.06218384084419881 -0.027877269161623586 0.02732039009159415
v 0.06271486580228247 -0.03338796011245426 0.02017512226563989
v 0.06326380076487892 -0.0350902001835407 0.016987528654154316
v 0.06320033182875884 -0.03478515027281137 0.017649681929623462
v 0.06198221119595004 -0.03184300573914611 0.022550463793867825
v 0.06100287917921943 -0.030185201171268883 0.02475487826624767
v 0.05653105813552051 -0.025057894943237846 0.03024640608445428
v 0.05828880968385297 -0.026726945239188282 0.028606549668064307
v 0.06329553523293896 -0.03524272323155664 0.016656452970094104
v 0.0597741460581136 -0.028461270730499866 0.02677582105022558
v 0.05584028509245664 -0.01823635950875868 0.03511457228552839
v 0.05448033019387788 -0.023556561635234008 0.03169549711092401
v 0.03445100184995775 -0.024209506231066547 0.03754723155024342
v 0.03345781103740286 -0.02539757658473807 0.036864648662597865
v 0.035604886792459656 -0.024340121471645437 0.03661109335270307
v 0.05212597140895614 -0.02235662947985162 0.03294846881960689
v 0.06496248935264237 -0.01670575411989672 0.035250928645764734
v 0.06600017098151945 -0.014694296581120314 0.036129014777559476
v 0.060378218657606286 -0.01743289458106978 0.03508783888582112
v 0.06416009826228475 -0.012739532122124086 0.03689035972338939
v 0.06326757350065382 -0.008674376899742708 0.03809677686443136
v 0.06600017098151945 -0.011142241053520019 0.03737741266400363
v 0.06600017861091434 -0.00748636996541624 0.0382777880729801
v 0.058694289134264555 -0.009588953473639306 0.03826488295151753
v 0.059590327232244 -0.013561685252604927 0.0368759210935532
v 0.062289828398061076 -0.004551861025527959 0.038876813827750656
v 0.05507579302123311 -0.014464616508870765 0.03708099922829389
v 0.05136584716630921 -0.019130015328182592 0.03530705047460225
v 0.05063384868793763 -0.015470375795838542 0.03747105204223056
v 0.05418670148730431 -0.010582882430150153 0.03866156570961676
v 0.04876145022253864 -0.007823918237369332 0.04060582544551883
v 0.04976217124785354 -0.011687523443311143 0.039243715242882615
v 0.05771444213337862 -0.005556647087809619 0.039239118532459205
v 0.046280287079787374 -0.016612000300746388 0.038027624029115525
v 0.04697234949058826 -0.02013473224907303 0.03564818360848099
v 0.05319681420273836 -0.006634156542217329 0.03983386801139188
v 0.06600017098151945 -0.0037608160374701105 0.03882120698306846
v 0.06600009468757051 -6.957979987336877e-16 0.03900300401929124
v 0.06208886250716805 -1.4627428721635444e-07 0.039160997343445914
v 0.06014287852802003 -6.818223078948781e-08 0.039375635109988316
v 0.06122723679485631 -0.000395226735767501 0.0392334956684226
v 0.05819689836356945 9.909818361420848e-09 0.039590276691228166
v 0.05665330392990109 -0.0014841567982844944 0.03979317281902928
v 0.05212755069369912 -0.002640539294730404 0.04058296777841752
v 0.05050546504536513 -8.417202197579124e-10 0.041044233364291305
v 0.04767417371215554 -0.003908364958433996 0.0415360661208064
v 0.05435118361181601 4.534049127674889e-09 0.040317255027759735
v 0.046724077536657305 -1.948694354513108e-08 0.04205711945976409
v 0.04670581276528196 -0.021371012749077378 0.03481322644601992
v 0.04950192877333448 -0.02159977634026533 0.03399093026438482
v 0.04204111298927726 -0.01793689431509149 0.03874299424131644
v 0.04267805683666914 -0.021280991611378752 0.036129697608402456
v 0.04443378278065735 -0.009183054406508573 0.04153040892449278
v 0.04543261934543352 -0.012947690625053077 0.03999721335606443
v 0.041229375890174946 -0.014426490515238588 0.040917448079949015
v 0.04385976999704555 -0.021646121099546667 0.03542831207704156
v 0.04104728130755131 -0.022319420920955402 0.035876474177185536
v 0.03850251952896677 -0.022615561605797696 0.036756513434073046
v 0.03829284086910523 -0.023233481557022317 0.036261644178390284
v 0.0379601344018865 -0.019512473079502657 0.039617547963275435
v 0.03721880517356002 -0.016210053260170554 0.041997499553367845
v 0.03341415563982153 -0.018367960848627574 0.04325100531969328
v 0.03404812020850745 -0.021410897318232536 0.04065707972041421
v 0.04025154304954093 -0.010789593255398078 0.04260045444650862
v 0.03627254276899583 -0.012743528971373985 0.04382288568743231
v 0.04332617393288274 -0.005353480116489784 0.04261237537602991
v 0.03912633318774672 -0.007065611698055807 0.04379809778342292
v 0.04577873065948035 -2.414824963226977e-08 0.04231034289098101
v 0.04483338378230339 -2.880955571940846e-08 0.042563562507500485
v 0.042120069597031407 -0.0014735908016125926 0.043295686870887806
v 0.03788456143076768 -0.003282400048712636 0.044597910138306496
v 0.0354998452835642 -7.996074885441036e-16 0.04549999453173914
v 0.04294269384264693 -3.813216789368584e-08 0.04307000555523688
v 0.03481795285615652 -0.006925782532631319 0.04549999453173914
v 0.03513079237907224 -0.009155857521061517 0.045118231055354396
v 0.033971223537374584 -0.010305502427351287 0.04549999453173914
v 0.03532898498492143 -0.003479650901129644 0.04549999453173914
v 0.03252119600268166 -0.015107455017492333 0.045246862653260944
v 0.06332726588630155 -0.035395250094270025 0.01632537537868517
v 0.06345420375854172 -0.03600534991572868 0.015001069781421239
v 0.03131073528234607 -0.026455029790481976 0.03711820015779521
v 0.030481492536660326 -0.026075223253887447 0.03847554198862291
v 0.02287482751777037 -0.031021178765296975 0.037950864687090746
v 0.02709764800032599 -0.0287420706095598 0.037559724684381735
v 0.02651717884128546 -0.028144399072382864 0.03946901508878886
v 0.02247195350571496 -0.03028468466598433 0.04043708993335393
v 0.018566578793242083 -0.03313782658616926 0.038301305682739706
v 0.014117366507636064 -0.03494838117656052 0.03861655990913926
v 0.013895535175383333 -0.03405574578870363 0.042009603588366584
v 0.009521293138699538 -0.03634511357322401 0.0388969363567826
v 0.009342416253372288 -0.035368016969197225 0.04255722629504133
v 0.004797952403030881 -0.03723042855668046 0.03914200396485823
v 0.01827589121840001 -0.032316857919245656 0.04129926114740057
v 0.01822869959628548 -0.030412625803653004 0.045499979272949354
v 0.016734635194266545 -0.031308072623528194 0.045499979272949354
v 0.018357615389151816 -0.03060649444994623 0.04509657501794884
v 1.0540589346848457e-08 -0.037510965221616566 0.03935062595352701
v 3.4630282069457976e-08 -0.03663489706477119 0.042458109011280776
v 0.029517140836803346 -0.01972276590565314 0.045499990717041694
v 0.026423484149945553 -0.026001158995608842 0.043009699003300206
v 0.02744171082184388 -0.02252097236790651 0.045499990717041694
v 0.02248889648442498 -0.028399976171924468 0.044130167196168024
v 0.019722762090955692 -0.02951717707642909 0.0454999830876468
v 0.022520945665024383 -0.027441703192448985 0.04549998690234425
v 0.025102288484775137 -0.025102303743564924 0.04549998690234425
v 0.03130809169701543 -0.016734658082451226 0.045499990717041694
v 0.03279773867939095 -0.013585307766544319 0.04549999453173914
v 0.01358530872021868 -0.03279771960590372 0.045499979272949354
v 0.010305536759628309 -0.03397118920509756 0.04549997545825191
v 0.00465929148869948 -0.03616319065198548 0.04295036138451502
v 0.006925761551795362 -0.0348178536740229 0.04549997164355446
v 0.003479484008116346 -0.035328752288377174 0.04549996782885701
v -5.60514080709514e-08 -0.03550003601843654 0.045499952570067226
v 0.05876985829068593 -0.03342286077939516 -0.0004593304613845911
v 0.06397619932776877 -0.038880502640181724 0.0031207026533371096
v 0.05874067966991525 -0.033266030937961766 0.0027232245308202174
v 0.06400000303983688 -0.03900668520232742 1.488350402476142e-06
v 0.058753088880709736 -0.03330654683954437 -0.0036498374288358726
v 0.058690028117216464 -0.03291642154635621 -0.006798322046840943
v 0.06397626799232281 -0.03887968248023066 -0.0031234432750340546
v 0.06379132764540385 -0.03788479031261449 0.009275391065557415
v 0.058555437961897994 -0.032192670443864646 0.008961163946445416
v 0.05866820804782069 -0.032850587497819106 0.00586228732296884
v 0.06363518444951088 -0.03702647957238403 0.01226331006123571
v 0.058405547055120355 -0.03130713039325883 0.012020526503256357
v 0.06390605467111676 -0.03850467483302422 0.006220550832569671
v 0.058581507604249516 -0.032256597143678345 -0.009905157559703115
v 0.063906073744604 -0.03850393478171954 -0.006223206338829834
v 0.06379156415664555 -0.037885587584380875 -0.0092705006234306
v 0.05842894640925911 -0.031332664070619076 -0.012966405530727143
v 0.06363525692876237 -0.03702546104816573 -0.012263358698628157
v 0.0584019002043612 0.03217640838864888 0.005743342672391294
v 0.058473231231919165 0.032587487814912386 0.002650596982967518
v 0.05847284213277959 -0.03258525240220855 0.0026754621346002094
v 0.05813738145400427 0.030646909262046496 0.011787672602731059
v 0.05828876390748361 0.03152284581182996 0.008794443548206798
v 0.05813738145400427 -0.030646909262046496 0.011787672602731059
v 0.05840159121386801 -0.03217463836903356 0.005753501688529339
v 0.058499842561308135 -0.0327393242173879 -0.0004468445692109614
v 0.058499865449492816 0.032739438658311304 -0.0004655473155369162
v 0.0583006276165432 -0.03157655484453237 -0.009712545856218613
v 0.05841298952983909 0.032230798344845546 -0.006680049259851217
v 0.058299818900684475 0.03157185895197534 -0.009730267986882146
v 0.0584133977024659 -0.03223315964256512 -0.006666233379373221
v 0.05847995272882045 0.032621522545532855 -0.003585050991585098
v 0.0581247128437834 0.03055225326694999 -0.013007488868554962
v 0.0581247128437834 -0.03055225326694999 -0.013007488868554962
v 0.05814277543619406 0.030657630469220765 -0.012712690003539584
v 0.05814277925089151 -0.03065765526475417 -0.012712615616939371
v 0.058480055725651514 -0.03262211763833456 -0.0035777806550886526
v 0.0581247128437834 0.030573300860112784 0.01200748882105751
v 0.0581247128437834 -0.030573300860112784 0.01200748882105751
v 0.058288947012961057 -0.03152391011241762 0.008790108144558495
v 0.04422929592402092 0.01892365926979722 0.03230077896950734
v 0.0418316365083804 -0.0196520643031739 0.032653894068066514
v 0.041811960298949735 0.019659216860886675 0.03265615236895503
v 0.049079260296227556 0.01854911510833057 0.030899589098877245
v 0.04670017464245557 -0.01851644031734989 0.03173310621305214
v 0.04667126305050617 0.01851885883553117 0.03174126394354215
v 0.0442531950035252 -0.01891792577953466 0.03229639588214095
v 0.03879916184652332 0.004446781369658037 0.03290419925573662
v 0.039479879347117386 0.020625792529355147 0.03286368716885146
v 0.036756082373261556 0.013103162434195403 0.03298064960726821
v 0.035000001662410796 0.017204645974037147 0.032999566691906956
v 0.035000001662410796 0.02301178660020331 0.032999555247814616
v 0.03802359570861169 0.00884945816111038 0.03294077076015922
v 0.04910948414409866 -0.018552807735459087 0.03088659242467595
v 0.05127593474748782 0.01908913130829637 0.029737224083951075
v 0.05697589000479342 -0.025879060067079962 0.020929097216002557
v 0.05697328838113469 0.025871627129104846 0.020939637225048102
v 0.05740873227999099 0.027263873441570885 0.018846161783816484
v 0.05772776687156034 0.028534642621191875 0.016656134442857295
v 0.057958380591009995 0.02964697406440564 0.01438016673679321
v 0.05772798812401225 -0.028535621091086982 0.016654307202780272
v 0.057408934458955674 -0.02726522002976961 0.0188441666970518
v 0.05639188652856841 -0.024410178390256165 0.022916329518642975
v 0.05638766365849479 0.02440081903007041 0.02292846025652384
v 0.05310825600151059 0.020093163490995103 0.028285041245200704
v 0.05131190734441127 -0.019103205634526388 0.029713805656325087
v 0.05453260680768901 0.02141608339941148 0.026622445417330276
v 0.05559791447547591 0.022891575946910603 0.024825364338321165
v 0.054549792019686905 -0.021436013286222355 0.02659810955496833
v 0.055602740067746126 -0.022899544849876996 0.024815587268764983
v 0.05313935722979446 -0.020116076471209388 0.028254857451652793
v 0.057958632361041484 -0.02964829585707096 0.014377170291948738
v 0.0581247128437834 0.030573300860112784 0.01200748882105751
v 0.03905794329192025 7.51978753461423e-06 0.03288976062590043
v 0.035000001662410796 -0.023011822839829055 0.03299971546510738
v 0.035000001662410796 -0.0172046421593397 0.03299963154176355
v 0.03675784857817943 -0.013095752384404968 0.03298051990755502
v 0.03948833653135697 -0.020621905352656844 0.032863134037721675
v 0.03803052701387255 -0.00882013172081364 0.03294048847254816
v 0.0388026637387795 -0.0044166834068026795 0.03290401233556173
v 0.0581247128437834 -0.030573300860112784 0.01200748882105751
v 0.029708709220536145 0.02526681066361003 0.0329995781359993
v 0.03168835408995485 0.022734311229968274 0.0329995781359993
v 0.035000001662410796 0.02301178660020331 0.032999555247814616
v 0.03345311895954328 0.02004764270636228 0.03299957432130185
v 0.035000001662410796 0.017204645974037147 0.032999566691906956
v 0.004797952403030881 -0.03723042855668046 0.03914200396485823
v 0.004785597074837833 -0.03799094952786186 0.034148862553380344
v 0.009470338317553728 -0.03705370506806194 0.034139978123026715
v -4.641216712464384e-09 -0.03832029906132739 0.0341538788805229
v 1.0540589346848457e-08 -0.037510965221616566 0.03935062595352701
v 0.014055557918579709 -0.035594701550276664 0.03412896890619521
v 0.009521293138699538 -0.03634511357322401 0.0388969363567826
v 0.014117366507636064 -0.03494838117656052 0.03861655990913926
v 0.018483183785008572 -0.0337265183255564 0.034118024539220304
v 0.018566578793242083 -0.03313782658616926 0.038301305682739706
v 0.022774003156902367 -0.031543145724293176 0.034105909060129225
v 0.02695058378435644 -0.029146045161828615 0.034077680299022806
v 0.03513979125034927 -0.02407860298083042 0.03383417290220292
v 0.03131073528234607 -0.026455029790481976 0.03711820015779521
v 0.02287482751777037 -0.031021178765296975 0.037950864687090746
v 0.02709764800032599 -0.0287420706095598 0.037559724684381735
v 0.035604886792459656 -0.024340121471645437 0.03661109335270307
v -0.029610629534481125 -0.02430795785012263 0.03416176767484291
v -0.028900088729247875 -0.023674735240090117 0.0399666690736078
v -0.031845140062367605 -0.02129521089611175 0.03416206140654632
v -0.027101769780917273 -0.02707689223151788 0.03416147012844206
v -0.026400494875782332 -0.026440465275630043 0.03994691275553075
v -0.03109867434392899 -0.020696023016699705 0.03998006247634356
v -0.033785073931364984 -0.0180592240328159 0.03416233225006504
v -0.03756765162567621 -0.007498309014750404 0.03416243906159355
v -0.03664798910640865 -0.011156409793511846 0.034162542058424616
v -0.035784574300994354 -0.010705001385840629 0.03999682425692486
v -0.03538542724834448 -0.014677069407450505 0.03416251154084504
v -0.03450755473960676 -0.01429764052590321 0.03999362754046443
v -0.03297192920890479 -0.017553183435660147 0.03998855780755761
v -0.036677804781652945 -0.007059748031242874 0.03999847220622188
v -0.0381230677592348 -0.0037696124913638718 0.034162233067931425
v -0.01808828058326828 -0.033773004228643266 0.03416038293966972
v -0.020667777089454775 -0.031147475768366073 0.03988158987645152
v -0.02129334169436281 -0.03184840162868463 0.034160821629876104
v -0.014705623371514265 -0.03537761474797341 0.03415973825580121
v -0.01753000533397331 -0.03302889027118061 0.039833051666138264
v -0.02431879159087158 -0.02960221621926218 0.03416116495264632
v -0.023640692880074754 -0.028942992631432185 0.03991909598174859
v -0.01114965968637971 -0.036655336213691214 0.03415877695204461
v -0.0074839595534670345 -0.03757732569840133 0.034157468510820355
v -0.010699094326844238 -0.035866575037311055 0.03969122121506574
v -0.0037659267783744788 -0.038132131480368425 0.034155805302733544
v -0.007092023709503181 -0.036774686652709665 0.03959388539501285
v -0.014278801642562122 -0.03457591030315621 0.0397721347626101
v -0.03718865380494041 -0.0034757694464775113 0.039999052040233796
v -0.0383092097358495 -1.4063902867267851e-08 0.03416209192412589
v -6.446359144915408e-09 -0.03832029906132739 0.0341538788805229
v -0.0035234278921920936 -0.03731419549791504 0.039480573622052706
v 1.0540589346848457e-08 -0.037510965221616566 0.03935062595352701
v -0.037350889072655935 -8.470516734054622e-08 0.039999124519485285
v -0.018057654284816538 0.033788949663970946 0.034160127354940784
v -0.021293154774187917 0.03184857329006974 0.0341605851186344
v -0.020667927770003924 0.031147571135802243 0.039881593691148964
v -0.02430587502531667 0.02961343715180198 0.0341609437001944
v -0.023640772988721137 0.02894315857077112 0.039919099796446034
v -0.017530148385127564 0.03302896656512955 0.03983305548083571
v -0.014676018458303908 0.03538996292360874 0.034159467412282485
v -0.00709215722391382 0.03677469046740711 0.0395938892097103
v -0.0037693862321215577 0.03813183011927013 0.03415552682981993
v -0.007497527001773807 0.03757465922488601 0.03415719766730163
v -0.011155540042493972 0.036653589082260574 0.03415850610852589
v -0.010699189694280409 0.03586661318428552 0.03969122502976319
v -0.014278876029162335 0.03457599041180259 0.03977213857730755
v -0.026400428118577013 0.026440797154307916 0.03994691275553075
v -0.027074487064777664 0.027104224538724297 0.03416126794947738
v -0.0295992274038126 0.02432119866496052 0.034161584569365466
v -0.028900025786740002 0.023675099543696287 0.0399666690736078
v -0.03184517820934207 0.021295201359368132 0.03416190118925355
v -0.0337693154162122 0.01808965768904658 0.034162194920956956
v -0.03109862475286218 0.020696393042352046 0.03998006247634356
v -0.03537314392256574 0.014706699116194266 0.034162400914619084
v -0.032971891061930325 0.017553547739266318 0.03998855780755761
v -0.03664980871709078 0.011150476985307689 0.03416246194977823
v -0.03757044398420728 0.00748436581874512 0.03416238184113185
v -0.03578455522750712 0.010705286534474778 0.03999682425692486
v -0.03450752040732974 0.01429799338541704 0.03999362754046443
v -0.036677804781652945 0.007059915877930534 0.03999847220622188
v -0.03812388791918586 0.003766096055573681 0.0341621987356544
v -0.0383092097358495 -1.4063902867267851e-08 0.03416209192412589
v -0.0371886614343353 0.0034757343989447187 0.039999052040233796
v -0.0035235807185085566 0.03731418786852014 0.03948057743675015
v -1.0974301924872558e-07 0.037510965221616566 0.039350629768224454
v -1.0974301924872558e-07 0.037510965221616566 0.039350629768224454
v 0.004785597551675014 0.037990991489533776 0.03414858026576928
v -1.993486788804011e-08 0.038320341022999305 0.03415359659291184
v 0.00947033927122809 0.03705374702973385 0.034139703464810545
v 0.004804952372845783 0.03722935662669791 0.039141626309810995
v 0.014140068725816413 0.03494099210760604 0.038615114138806916
v 0.014055556964905347 0.035594735882553685 0.03412870569207138
v 0.009539818263175626 0.03634059697144698 0.03889586442680004
v 0.01848318187765985 0.03372654884313597 0.034117772769188814
v 0.02277399934220492 0.03154317624187275 0.03410567254888752
v 0.018560391353983352 0.03314061513000288 0.038301832110987366
v 0.03129358249527647 0.026464082067523265 0.03712020287395479
v 0.0351397607327697 0.02407858581469191 0.03383399361142292
v 0.026950576154961547 0.029146068050013296 0.03407746286126834
v 0.022880929126336547 0.0310178885887491 0.03795033062944819
v 0.026984200805606484 0.028804595408061795 0.03757102763291664
v 0.035604886792459656 0.024340121471645437 0.03661109335270307
v 0.03516245818257824 0.024064612577944233 0.033833005604784194
v 0.03515114378995099 0.024071618269805306 0.033833711323811855
v 0.035604886792459656 0.024340121471645437 0.03661109335270307
v 0.035145486593637365 0.024075122069410204 0.03383406609067441
v 0.035142659902829276 0.02407687301553829 0.03383424156675696
v 0.03518509078253018 0.02405060882361698 0.033831590352031427
v 0.04221704302082685 0.02042220403396744 0.033066594740744915
v 0.039922185886680506 0.021425953929055108 0.03339297643959682
v 0.0439341718560482 0.021633269383848353 0.03541451813107388
v 0.044593469830478405 0.01964788148742347 0.032605779289169856
v 0.0453029387057291 0.021448987072238967 0.035140374899058635
v 0.03532101608195504 0.023966801828059214 0.0338230645032378
v 0.035230375055921304 0.024022633739890775 0.033828752217131
v 0.035502595680423354 0.023855632007715455 0.03381160896680502
v 0.03829895582911247 0.02323126521780572 0.03626079731555709
v 0.035140184164186294 0.02407840652391191 0.03383439796935228
v 0.03514000868810374 0.024078515242789145 0.033834405598747175
v 0.03514053893104885 0.02407818717880872 0.0338343750811676
v 0.035139920950062464 0.024078570555902123 0.03383441322814207
v 0.0351398751736931 0.02407859725878425 0.03383441322814207
v 0.0351397607327697 0.02407858581469191 0.03383399361142292
v 0.03514124465007651 0.024077748488602335 0.03383432930479824
v 0.041055677456631745 0.02231699477337923 0.035875230585817874
v 0.04758474194521245 0.021385020318102077 0.03458121273260728
v 0.04932799382854958 0.021569420885332313 0.03404968804915809
v 0.047001543370148724 0.019223599393296542 0.03196659049233053
v 0.05585669973557028 0.023735816175608493 0.025065194366802324
v 0.05478187058295614 0.0222763873190579 0.026854430520512063
v 0.05977239892668296 0.028459002892867735 0.02677833493584303
v 0.051551523749835404 0.01988709734961569 0.029918626298988116
v 0.054710764622547536 0.023702962093847812 0.03155190426963106
v 0.05336202874915985 0.020942864459088106 0.028492597025933097
v 0.04938089223804454 0.019281435928636403 0.031082799480504075
v 0.05072135021797264 0.021880776490941223 0.03354477469509787
v 0.052951918256047836 0.02271787179132123 0.03254906618222808
v 0.05829088106456659 0.02672917874454339 0.028604363846427283
v 0.05839328280282885 0.031232863956015544 0.012245625123872284
v 0.05823641099972354 0.03032998419816524 0.014613260009583295
v 0.06345306316400512 0.03599900225917718 0.015016320941813599
v 0.0631971503710882 0.0347737443274454 0.017672083740379874
v 0.05801288117343262 0.029249101120703003 0.016889380303545254
v 0.0572526768221393 0.02665071614010861 0.02117908006173841
v 0.05665717966250705 0.02521341062140081 0.023170640138632237
v 0.061024405516911795 0.030219047074365735 0.02471325038035932
v 0.062003554428164964 0.031883279407440845 0.022492838974236262
v 0.05769409835189476 0.028010852236816097 0.019080807638467423
v 0.0627214118231012 0.033404332793895986 0.020148308757286237
v 0.05840553942572546 0.03130712467121266 0.012020526503256357
v 0.06363518444951088 0.03702647957238403 0.01226331006123571
v 0.056526427092820075 0.025053942916682947 0.03025019026432152
v 0.05874153416214334 0.0332708412714422 0.002669783003776266
v 0.0639765273917492 0.03888161271713875 0.0031157704879569703
v 0.058769968916911886 0.03342321554625771 -0.0005178426154050716
v 0.05875247089972335 0.0333026215158716 -0.0036984004346825305
v 0.06400000303983688 0.03900668520232742 1.4883501696454874e-06
v 0.0639762756217177 0.03887996095314428 -0.003125642209693552
v 0.05868907444285476 0.032910600318052374 -0.00683287033110519
v 0.05866905872535133 0.032855519901617836 0.005833689489884442
v 0.0585556668437448 0.03219400940266848 0.008956103750282218
v 0.0637923995753864 0.03789087094034471 0.009250449619975787
v 0.05840553942572546 0.03130712467121266 0.012020526503256357
v 0.06363518444951088 0.03702647957238403 0.01226331006123571
v 0.06390703123366315 0.038509412687253164 0.006191272075991017
v 0.0639061233356708 0.038504274289792306 -0.00622106533988781
v 0.058580790441129516 0.032252263647378765 -0.009922004217302605
v 0.06379142682753747 0.03788504208264598 -0.009272207700538049
v 0.06363525692876237 0.03702546104816573 -0.012263358698628157
v 0.05842894640925911 0.031332664070619076 -0.012966405530727143
v 0.05841164294164036 0.031226459079002344 -0.0132686955078537
v 0.06363525692876237 0.03702546104816573 -0.012263358698628157
v 0.06345274272941959 0.03599591998364016 -0.015021376369604988
v 0.05824808778860824 0.030280416019541345 -0.015615196016035005
v 0.06319483866443543 0.034764928561645814 -0.017688830262171384
v 0.0584203404518191 0.03127992015637071 -0.013117685941049784
v 0.05842464724523655 0.03130637508316436 -0.013042080545002666
v 0.05842679110520166 0.03131953197465842 -0.013004253051445702
v 0.058018629922484966 0.02916252465479885 -0.01787615860969205
v 0.0627008925655348 0.03335476461527209 -0.0202309827877023
v 0.057693495629698166 0.027901147260291914 -0.020046677587908235
v 0.06195599659509554 0.031795371612127754 -0.022620293737980468
v 0.05724839673160398 0.02653573925171293 -0.022116038419229822
v 0.06096034530268746 0.03012323713329157 -0.024835801350535647
v 0.05842894640925911 0.031332664070619076 -0.012966405530727143
v 0.05842889300349485 0.03133243709612099 -0.012966999669854484
v 0.05842891207698209 0.031332540092952055 -0.012966704030802356
v 0.05842886248591528 0.031332233009807586 -0.012967591901633102
v 0.05842891970637698 0.03133259159136759 -0.012966556211276292
v 0.05842892352107443 0.03133261638690099 -0.012966482778350441
v 0.058428927335771874 0.031332629738342055 -0.012966445585050335
v 0.05842839327812932 0.03132936817202503 -0.012975870748767049
v 0.0584286603069506 0.031331006584578436 -0.012971139570258639
v 0.058428793821361236 0.03133182483718078 -0.012968774457841614
v 0.058427859220486766 0.03132609325426694 -0.01298533310578387
v 0.051526873174934096 0.019802968012123667 -0.03077841714182794
v 0.05642085152628207 0.024952456705807924 -0.03033526564678035
v 0.054347590166821114 0.02343090931603342 -0.03177611883411369
v 0.05334692636196792 0.020863051451757153 -0.02935450884055335
v 0.05820307817343329 0.026636510206816677 -0.028697822026525488
v 0.059711756681370964 0.028384650624931895 -0.02686394628329314
v 0.055835398465027275 0.023617016960371107 -0.025981206220613284
v 0.05197587450851637 0.02219883833466163 -0.03301689686240783
v 0.04935561605276195 0.01919933219548864 -0.03194310530749922
v 0.0566468265736364 0.02509575581539747 -0.0240923969267981
v 0.049336760003282354 0.021392214837486767 -0.03404694909639128
v 0.046980627384047846 0.019156722025007733 -0.03283122409357908
v 0.0445861112791035 0.019609377838744058 -0.03348277060279736
v 0.046520414654669384 0.021102015543917885 -0.034859437690890616
v 0.03994457053129841 0.021422782008128083 -0.034372228347681055
v 0.043645410703416765 0.021320687353010292 -0.035467244879183735
v 0.04079932597350844 0.021949446767030034 -0.03591227129802643
v 0.03800811948106997 0.022820750366764342 -0.03630025273124948
v 0.0422297345192324 0.020411469475352106 -0.03397991723285587
v 0.03548676468601908 0.02374306982280361 -0.0349498383909852
v 0.0352823312351469 0.023891877355506352 -0.03665158255140355
v 0.054761450507523346 0.022179627518319478 -0.027741502172142773
v 0.035104615925192206 0.023959937280003674 -0.03498224424579588
v 0.05795147598863126 -0.02958407161085641 -0.015352061047176901
v 0.05795176972033467 0.029585629914763434 -0.015348691715657004
v 0.057715952753567556 0.028442246834332607 -0.017600661160083186
v 0.05739424024439055 0.027154841759146064 -0.019765725120950428
v 0.057715308069699045 -0.02843939344064239 -0.01760582435307745
v 0.056957754933131266 -0.025753939898173206 -0.02184472378537139
v 0.056960905873222334 0.025762965472332366 -0.0218320208428735
v 0.05637827568807818 0.02429774018301134 -0.023810019670343907
v 0.055592543381470794 0.022802230010660063 -0.025707284241049955
v 0.05637360268370584 -0.024287413797022817 -0.023823445498007967
v 0.054545553890823495 0.02136633783735631 -0.027494023675280754
v 0.053141348501861696 0.02008135318769977 -0.029163596584781404
v 0.05452717467852475 -0.02134541040716309 -0.027520308848038022
v 0.0555848109897461 -0.022789588103321323 -0.025723027497412954
v 0.057392615183278206 -0.027148980476519036 -0.019774939522633206
v 0.04429664059274696 0.01897119230733324 -0.03326989141177794
v 0.04670289452173515 -0.01856940929874762 -0.03270150530690019
v 0.04672923882230284 0.018567059445120382 -0.032693875912006565
v 0.04187995346624174 0.019686764698498838 -0.03363863532577671
v 0.04427346249106012 -0.018976702637795162 -0.033274278313841776
v 0.04912530750910804 0.018583643842270403 -0.03183209188975078
v 0.04909593433876758 -0.018580359387768697 -0.0318449931965159
v 0.0512769685304959 -0.01908797164027254 -0.030669190909833333
v 0.05131389480178106 0.019101817084655748 -0.030644757772686493
v 0.041863290867794056 -0.019692614537033526 -0.033640618968449054
v 0.0395342082681549 0.020615334536304708 -0.03385606545085018
v 0.035000001662410796 0.022870951785164406 -0.03399955529531207
v 0.03952641484127106 -0.020618716265591308 -0.033856599508492735
v 0.053108153004679526 -0.020057568549118887 -0.029196259931669744
v 0.0581247128437834 -0.03055225326694999 -0.013007488868554962
v 0.0581247128437834 0.03055225326694999 -0.013007488868554962
v 0.035000001662410796 -0.0228709594145593 -0.033999559110009514
v 0.06345225826284384 -0.03599320010436058 -0.015027880428751805
v 0.06363525692876237 -0.03702546104816573 -0.012263358698628157
v 0.05841164294164036 -0.031226459079002344 -0.0132686955078537
v 0.06319262995461372 -0.03475714276415687 -0.017704102403399702
v 0.058249144459801006 -0.030281989582238156 -0.015611387994308723
v 0.05842464724523655 -0.03130637508316436 -0.013042080545002666
v 0.0584203404518191 -0.03127992015637071 -0.013117685941049784
v 0.05842679110520166 -0.03131953197465842 -0.013004253051445702
v 0.06270839989011012 -0.033373147642268286 -0.020200772291272262
v 0.05801958359684667 -0.02916670747054928 -0.017868391885690338
v 0.061973074995564925 -0.031827424607424604 -0.02257467567856275
v 0.057694250939792635 -0.02790376032804298 -0.02004248142071674
v 0.05724846921085547 -0.026535937615980165 -0.02211575231692131
v 0.0609657430995747 -0.030131785870269878 -0.02482544444696755
v 0.05842891207698209 -0.031332540092952055 -0.012966704030802356
v 0.05842889300349485 -0.03133243709612099 -0.012966999669854484
v 0.05842894640925911 -0.031332664070619076 -0.012966405530727143
v 0.05842886248591528 -0.031332233009807586 -0.012967591901633102
v 0.05842891970637698 -0.03133259159136759 -0.012966556211276292
v 0.058428927335771874 -0.031332629738342055 -0.012966445585050335
v 0.05842892352107443 -0.03133261638690099 -0.012966482778350441
v 0.05842839327812932 -0.03132936817202503 -0.012975870748767049
v 0.058427859220486766 -0.03132609325426694 -0.01298533310578387
v 0.058428793821361236 -0.03133182483718078 -0.012968774457841614
v 0.0584286603069506 -0.031331006584578436 -0.012971139570258639
v 0.05664667017104108 -0.02509542584406832 -0.02409283370965576
v 0.05970994470008373 -0.028382510579664233 -0.026866492593838887
v 0.056392496880159904 -0.02492855381160619 -0.030357892524686125
v 0.05332361093117299 -0.020845482862665854 -0.029376565421190826
v 0.05469980499678284 -0.023658770731275203 -0.031558755466245536
v 0.05150353867065194 -0.019793007837090038 -0.030793450864465832
v 0.05264488851734361 -0.02249504959140669 -0.032702100399701894
v 0.058181364915566025 -0.02661365253971537 -0.028720729284693602
v 0.05475239823048206 -0.022169386963023507 -0.027753926641727045
v 0.04457395383834051 -0.019612711884312573 -0.03348564306997481
v 0.04674251015472031 -0.021105723429836187 -0.034803941472434374
v 0.04971074912627049 -0.021473414487339637 -0.03391863030367537
v 0.04381965845339231 -0.0212943430524426 -0.03543562103734965
v 0.04222052583959579 -0.020415143028993388 -0.033981649105496725
v 0.05135177093273047 -0.021957038014949193 -0.03328907933993541
v 0.04696547922048655 -0.01915816398064263 -0.03283597720659781
v 0.03994077490733883 -0.021424601618810213 -0.034372838699272545
v 0.0407417927066156 -0.021965108007397927 -0.035920564450275805
v 0.04933850332001555 -0.019196917492004806 -0.031950706092161996
v 0.055834967404215785 -0.023616337944225574 -0.025982053083446477
v 0.037953019991148196 -0.022840253007461175 -0.036307157333628215
v 0.03548676468601908 -0.02374307554484978 -0.03494993757311882
v 0.0352823312351469 -0.023891877355506352 -0.03665158255140355
v 0.03510463499867944 -0.02395992965060878 -0.03498242353657588
v 0.013951842970721384 0.03458341762773154 -0.035142457723864595
v 0.009403924435004707 0.035364663850141476 -0.03890349000699622
v 0.009376676051142119 0.03583612993698804 -0.035118215321590096
v 0.018390904346421433 0.03293090595256176 -0.03517490172564974
v 0.013948899931641168 0.034051847167912985 -0.03862761108764268
v 0.0047314932209496785 0.03618698291996125 -0.03914510149918504
v 0.0047246587136365314 0.03661834127785202 -0.035104810474761994
v 0.018318032181094956 0.032351026164276764 -0.038320196064496326
v 0.022700966959585678 0.030944659749211345 -0.03520875716549021
v 0.031039868875437637 0.025908957758319362 -0.0371483820439944
v 0.02689044698645615 0.028714566640968275 -0.03522405791694938
v 0.035104615925192206 0.023959937280003674 -0.03498224424579588
v 0.02265961563926222 0.030301215657370095 -0.03796946515184141
v -1.146226695582791e-07 0.03643835622291647 -0.0393506335829219
v -2.365273870531434e-08 0.036884103619576614 -0.035104116199826674
v 0.026784362157808994 0.02814938488194585 -0.03759056651323922
v 0.0352823312351469 0.023891877355506352 -0.03665158255140355
v -0.020136370661626435 0.030194093231017405 -0.03987437246888215
v -0.020488759060321993 0.03064683296809756 -0.035119642018435204
v -0.017405306689134425 0.032499272936454826 -0.03511850142389861
v -0.02298857416623945 0.028069682500840853 -0.03991175268916347
v -0.023399327435871253 0.028485293787671173 -0.03512053084294031
v -0.014150766091131639 0.034044233031809146 -0.03511694502734031
v -0.017092188693305088 0.03203151092082912 -0.03982570837355315
v -0.007202042921729546 0.036164029885423776 -0.0351119897353569
v -0.003623897724616132 0.03670020087036319 -0.03510842680794157
v -0.007075989105622682 0.03567675187766017 -0.039593305561000935
v -0.010523670696380716 0.03478874753250372 -0.03968681523951467
v -0.010729486021403 0.035275003201351574 -0.035114804982072645
v -0.013877430621300757 0.03356857077777109 -0.03976380346338626
v -0.02607729654194979 0.026054757402085293 -0.03512125945015265
v -0.02562740256916496 0.025671643522804377 -0.03993980215948989
v -0.028491208476062457 0.023390191235486135 -0.035121881245836484
v -0.03064092590910117 0.020491471310206677 -0.03512242293287393
v -0.028019692798149087 0.023027556559448437 -0.0399603214170563
v -0.03013699865433095 0.020170147900169244 -0.039974702826430786
v -0.03250762712386335 0.0173774441389829 -0.03512288069656755
v -0.0319650321884235 0.01712044606464236 -0.03998427390232484
v -0.034047597594957235 0.014122730925920646 -0.03512319350175819
v -0.03526237655280262 0.010735228094734817 -0.035123315572076486
v -0.033489507358488435 0.013899483387240785 -0.03999036978884485
v -0.03469285748278317 0.010538955235375735 -0.039994203559778896
v -0.0361472452166578 0.00721566711366084 -0.03512326598100968
v -0.03555870606516853 0.007085055687779396 -0.039996397010810814
v -0.03668179876987976 0.003627376967106216 -0.03512309431962457
v -0.036081826970142394 0.0035636531615129696 -0.039997388832146985
v -0.03686094077667956 -1.6101505790070404e-08 -0.03512297224930627
v -2.365273870531434e-08 0.036884103619576614 -0.035104116199826674
v -0.003559858491227752 0.0362280481379762 -0.03948175617826122
v -1.146226695582791e-07 0.03643835622291647 -0.0393506335829219
v 0.06390703123366315 0.038509412687253164 0.006191272075991017
v 0.06600000313483179 0.03825210752976815 0.0076103333273222495
v 0.06600002602301647 0.038813630993939086 0.0038243486313538355
v 0.0637923995753864 0.03789087094034471 0.009250449619975787
v 0.06600000313483179 0.03732197366600909 0.011323057712498974
v 0.06363518444951088 0.03702647957238403 0.01226331006123571
v 0.06358965603548317 0.036769609290407956 0.012951562542961592
v 0.06599999550543689 0.036032697481724885 0.014926756614134229
v 0.06600000313483179 0.03900142854924571 1.5191378327794613e-06
v 0.0639765273917492 0.03888161271713875 0.0031157704879569703
v 0.0639591552595764 0.03878856080231863 0.003884645884965482
v 0.06400000303983688 0.03900668520232742 1.4883501696454874e-06
v 0.06399849623434539 0.03878124421261564 0.004169469554576033
v 0.06394177931270617 0.038695512702195956 0.0046535212819739935
v 0.06384971540452478 0.03820014372114766 0.007720860847983402
v 0.06382105558260687 0.03804550733074619 0.008485655233979594
v 0.06600000313483179 0.03242857133397559 0.021669606284377974
v 0.06600000313483179 0.03439612742718534 0.01838664142202462
v 0.06297515786786834 0.033250180870070256 0.02039994336701656
v 0.06600000313483179 0.030148452283415006 0.024743725998261912
v 0.06261629020555937 0.030765594036360477 0.023996184535143295
v 0.06600000313483179 0.02166808231274797 0.032430093398256865
v 0.06568101050493436 0.020530777952698642 0.03316234364665993
v 0.06600000313483179 0.018385115543045893 0.03439765330616407
v 0.06107155517735441 0.021162915281307537 0.0328853737238366
v 0.06167261798056156 0.024667859295439687 0.03028511000474965
v 0.06600000313483179 0.02474221347072425 0.030149980069742455
v 0.06600000313483179 0.027578240750814054 0.027579753278351715
v 0.06218568334306562 0.02788925875569892 0.027308036193912644
v 0.062003554428164964 0.031883279407440845 0.022492838974236262
v 0.0627214118231012 0.033404332793895986 0.020148308757286237
v 0.061024405516911795 0.030219047074365735 0.02471325038035932
v 0.056526427092820075 0.025053942916682947 0.03025019026432152
v 0.05829088106456659 0.02672917874454339 0.028604363846427283
v 0.0631971503710882 0.0347737443274454 0.017672083740379874
v 0.06332510676754666 0.03538637329331129 0.016344202817933917
v 0.05977239892668296 0.028459002892867735 0.02677833493584303
v 0.054710764622547536 0.023702962093847812 0.03155190426963106
v 0.05584213522071835 0.018246035488832524 0.035108926533307105
v 0.05072135021797264 0.021880776490941223 0.03354477469509787
v 0.051367598112437296 0.01913938041041452 0.035300893552923096
v 0.05183663423701024 0.02229932509480559 0.0330469223460117
v 0.052951918256047836 0.02271787179132123 0.03254906618222808
v 0.04932799382854958 0.021569420885332313 0.03404968804915809
v 0.06600000313483179 0.014925232642504227 0.03603421954600616
v 0.06496448062470961 0.016715950806172053 0.03524606490652005
v 0.060380148894514374 0.017442841404662346 0.03508263182380622
v 0.064161944575849 0.012748298296856864 0.036887262189062575
v 0.065999987876042 0.007608829382853843 0.03825362959404943
v 0.06600001076422668 0.011321530879845887 0.03732348428619803
v 0.0632692100058585 0.008681522781734952 0.038095044991790505
v 0.05959216210171592 0.013570246387349938 0.03687246116296894
v 0.05869593708356158 0.009595941045687506 0.03826281538550136
v 0.062291159727470014 0.004557275034879349 0.038876073776445974
v 0.05507758974373056 0.014472969742604924 0.03707713112508282
v 0.05063558437527593 0.015478499194051532 0.03746676050760289
v 0.054188360880693676 0.010589719321649205 0.03865915482083038
v 0.04976382301184801 0.011694199163843066 0.03924096866072091
v 0.0487628158842246 0.007829006090089019 0.04060432626942223
v 0.05771576583339266 0.0055619442720517 0.03923811908172814
v 0.046973974551700604 0.020143717768908997 0.03564145448218481
v 0.04628195410257163 0.01661984522604576 0.03802287473079424
v 0.053198153161542194 0.006639348822279623 0.03983261297593188
v 0.06208886250716805 -1.4627428721635444e-07 0.039160997343445914
v 0.06600009468757051 -6.957979987336877e-16 0.03900300401929124
v 0.0660001023169654 0.0038229298023222114 0.03881513017003568
v 0.0612282057280078 0.0003988614271785429 0.03923336978340686
v 0.06014287852802003 -6.818223078948781e-08 0.039375635109988316
v 0.056654276677750026 0.0014877243748623314 0.03979287145793098
v 0.05819689836356945 9.909818361420848e-09 0.039590276691228166
v 0.05212853107094295 0.0026440399948936266 0.040582498570631564
v 0.04767516171879427 0.0039117977092989475 0.041535440510425126
v 0.05050546504536513 -8.417202197579124e-10 0.041044233364291305
v 0.05435118361181601 4.534049127674889e-09 0.040317255027759735
v 0.046724077536657305 -1.948694354513108e-08 0.04205711945976409
v 0.04758474194521245 0.021385020318102077 0.03458121273260728
v 0.0453029387057291 0.021448987072238967 0.035140374899058635
v 0.04267950642169893 0.021289486942592806 0.036122346686422446
v 0.042042692274020244 0.017944373029435967 0.03873775666172197
v 0.045434244406545865 0.012954177518061383 0.039994146339317194
v 0.044435163701133096 0.009188023049933047 0.04152870375473405
v 0.04123093610143069 0.014432732313935936 0.040914072072708585
v 0.0439341718560482 0.021633269383848353 0.03541451813107388
v 0.041055677456631745 0.02231699477337923 0.035875230585817874
v 0.03829895582911247 0.02323126521780572 0.03626079731555709
v 0.03850369827047784 0.022623395087004727 0.03674849875473729
v 0.03796152676645459 0.01951946160522522 0.03961179921422309
v 0.0372202700173796 0.01621596413386439 0.04199382218502912
v 0.03404923410016192 0.021417264048271267 0.04065081980190399
v 0.03341548315453302 0.01837346736439205 0.04324699607267668
v 0.040252923970016674 0.010794412171947765 0.04259858524475968
v 0.03445179530702669 0.024216502386184002 0.037538545484157027
v 0.03627391606007668 0.012748149523656438 0.0438208638977855
v 0.0433271810130087 0.005356839911266065 0.042611616251237994
v 0.03912737078545225 0.007068885662139535 0.04379724329119483
v 0.04483338378230339 -2.880955571940846e-08 0.042563562507500485
v 0.04577873065948035 -2.414824963226977e-08 0.04231034289098101
v 0.04212061891346375 0.0014752926335110522 0.04329546561843589
v 0.037885122191292364 0.003284058965264819 0.04459763166539288
v 0.04294269384264693 -3.813216789368584e-08 0.04307000555523688
v 0.0354998452835642 -7.996074885441036e-16 0.04549999453173914
v 0.03481794904145907 0.00692572674268116 0.045499964014159566
v 0.03513186049435735 0.009159024673616734 0.04511730408387482
v 0.03397120446388735 0.010305491936933309 0.04550000597583148
v 0.03532898498492143 0.003479586051273048 0.04550004412280595
v 0.03252253114678805 0.015111839058533083 0.0452446424993469
v 0.063544123806758 0.03651274282312933 0.013639815024687474
v 0.030481845396174156 0.02608130006692022 0.038466245570945024
v 0.033449235597542426 0.02540210081590999 0.03686564811332893
v 0.03129358249527647 0.026464082067523265 0.03712020287395479
v 0.026517134972264822 0.02814959850500287 0.039459215131048
v 0.026984200805606484 0.028804595408061795 0.03757102763291664
v 0.022880929126336547 0.0310178885887491 0.03795033062944819
v 0.018560391353983352 0.03314061513000288 0.038301832110987366
v 0.022471631163780703 0.030289166935484335 0.040426923764658174
v 0.013895013515507482 0.03405946893341172 0.04199905976462359
v 0.014140068725816413 0.03494099210760604 0.038615114138806916
v 0.009539818263175626 0.03634059697144698 0.03889586442680004
v 0.009341892686147713 0.035371667634653825 0.042546625250836634
v 0.004804952372845783 0.03722935662669791 0.039141626309810995
v 0.01827542201061405 0.03232084809277502 0.04128885846746311
v 2.801853248751265e-07 0.03663148672525374 0.04246720324999398
v -1.0974301924872558e-07 0.037510965221616566 0.039350629768224454
v 0.035604886792459656 0.024340121471645437 0.03661109335270307
v 0.029517121763316112 0.01972273348072484 0.04550002886401616
v 0.0264239686165213 0.026006194396238635 0.043002493039823175
v 0.027441686026310474 0.02252094947972183 0.04550000979052893
v 0.02248913681036413 0.0284044851443066 0.044122598836433546
v 0.01972272775867867 0.029517173261731644 0.045500013605226375
v 0.018357682146357135 0.03061064865546581 0.045088747258787976
v 0.02252091514744481 0.027441693655705368 0.04550003267871361
v 0.02510226178189301 0.025102286577426414 0.04550002123462127
v 0.03130807643822564 0.016734625657522928 0.04549999453173914
v 0.03279772723529861 0.013585261990174957 0.045500002161134034
v 0.010305497658979479 0.0339712082785848 0.0454999830876468
v 0.013585265804872404 0.03279772723529861 0.04549999834643659
v 0.016734597047292077 0.03130807643822564 0.04549999834643659
v 0.018228661449311012 0.030412625803653004 0.04550000597583148
v 0.006925712437565734 0.034817876562207584 0.045500002161134034
v 0.0046587679214749045 0.03616687183502165 0.04293974508152054
v 0.0034794303639335 0.0353287789912593 0.045500574365751056
v -5.5786912447197735e-08 0.03550003601843654 0.045499952570067226
v 0.06345306316400512 0.03599900225917718 0.015016320941813599
v 0.0632611266619687 0.03508005690302962 0.017008143279156895
v 0.06329311671475768 0.03523321700551918 0.016676173048545406
v 0.016734597047292077 0.03130807643822564 0.04549999834643659
v 0.013585265804872404 0.03279772723529861 0.04549999834643659
v 0.010305497658979479 0.0339712082785848 0.0454999830876468
v 0.02252091514744481 0.027441693655705368 0.04550003267871361
v 0.01972272775867867 0.029517173261731644 0.045500013605226375
v 0.0034794303639335 0.0353287789912593 0.045500574365751056
v 0.006925712437565734 0.034817876562207584 0.045500002161134034
v -5.5786912447197735e-08 0.03550003601843654 0.045499952570067226
v -0.003189875754233129 0.035356439362446146 0.04549995638476467
v 0.027441686026310474 0.02252094947972183 0.04550000979052893
v 0.03397120446388735 0.010305491936933309 0.04550000597583148
v 0.03279772723529861 0.013585261990174957 0.045500002161134034
v 0.03130807643822564 0.016734625657522928 0.04549999453173914
v 0.03532898498492143 0.003479586051273048 0.04550004412280595
v 0.03481794904145907 0.00692572674268116 0.045499964014159566
v 0.0354998452835642 -7.996074885441036e-16 0.04549999453173914
v 0.029517121763316112 0.01972273348072484 0.04550002886401616
v 0.02510226178189301 0.025102286577426414 0.04550002123462127
v -0.03550000168615952 2.6449485636747224e-10 0.045500002161134034
v 0.003479484008116346 -0.035328752288377174 0.04549996782885701
v -0.009768099295136556 0.034129766177961596 0.045499964014159566
v -0.01306730618554408 0.03300764240640186 0.04549996782885701
v -0.016304863750513654 0.03153430897765763 0.04549997545825191
v -0.0064597056596027436 0.03490740369658685 0.04549996019946212
v -0.019425818412300844 0.029713641624334874 0.045499979272949354
v -0.022375434030915686 0.027560912487661904 0.0454999830876468
v -0.025102130174831094 0.02510273289702769 0.04549998690234425
v -0.027560380337368073 0.022376076807435474 0.045499990717041694
v -0.02971319721208232 0.019426468818215525 0.04549999453173914
v -0.031533963747538696 0.016305479824151314 0.04549999453173914
v -0.033007398265765264 0.01306784882625589 0.04549999834643659
v -0.034129609775366276 0.009768533216971131 0.04549999834643659
v -0.03490731595854557 0.006459998914468967 0.045500002161134034
v -0.035356393586076784 0.0031900030697604165 0.045500002161134034
v 0.033971223537374584 -0.010305502427351287 0.04549999453173914
v 0.03532898498492143 -0.003479650901129644 0.04549999453173914
v 0.03481795285615652 -0.006925782532631319 0.04549999453173914
v 0.03130809169701543 -0.016734658082451226 0.045499990717041694
v 0.02744171082184388 -0.02252097236790651 0.045499990717041694
v 0.029517140836803346 -0.01972276590565314 0.045499990717041694
v 0.03279773867939095 -0.013585307766544319 0.04549999453173914
v 0.022520945665024383 -0.027441703192448985 0.04549998690234425
v 0.016734635194266545 -0.031308072623528194 0.045499979272949354
v 0.019722762090955692 -0.02951717707642909 0.0454999830876468
v 0.010305536759628309 -0.03397118920509756 0.04549997545825191
v 0.006925761551795362 -0.0348178536740229 0.04549997164355446
v 0.01358530872021868 -0.03279771960590372 0.045499979272949354
v 0.025102288484775137 -0.025102303743564924 0.04549998690234425
v -0.03535640121547168 -0.003189832600468262 0.045500002161134034
v -0.029713351707328917 -0.019425951926711482 0.04549999453173914
v -0.03153408963255444 -0.01630496293264727 0.04549999453173914
v -0.02756055199875318 -0.02237559234085973 0.045499990717041694
v -0.03300748981850399 -0.013067365313354506 0.04549999834643659
v -0.0349073426614277 -0.006459688970301414 0.045500002161134034
v -0.03412966699582798 -0.00976811836862379 0.04549999834643659
v -0.02510230755826237 -0.0251023018362162 0.04549998690234425
v -0.013067398691957166 -0.03300750889199122 0.04549996782885701
v -0.00976815746927262 -0.03412968988401266 0.045499964014159566
v -0.0064597347466707755 -0.034907369364309826 0.04549996019946212
v -0.0163049896355294 -0.031534102983995504 0.04549997545825191
v -0.022375605692300793 -0.02756055199875318 0.0454999830876468
v -0.01942597290754744 -0.029713357429375087 0.045499979272949354
v -0.0031898838604652036 -0.03535643173305125 0.04549995638476467
v -5.60514080709514e-08 -0.03550003601843654 0.045499952570067226
v -0.0035235807185085566 0.03731418786852014 0.03948057743675015
v -0.00709215722391382 0.03677469046740711 0.0395938892097103
v -0.006666230518350136 0.03602330188191338 0.042458120455373116
v -1.0974301924872558e-07 0.037510965221616566 0.039350629768224454
v 8.522115645117943e-08 0.03707122597343515 0.04090891460176049
v -0.014278876029162335 0.03457599041180259 0.03977213857730755
v -0.017530148385127564 0.03302896656512955 0.03983305548083571
v -0.016826130712528364 0.03254236757351148 0.042458120455373116
v -0.010699189694280409 0.03586661318428552 0.03969122502976319
v -0.013485070869083127 0.03406280679367768 0.042458120455373116
v -0.010080391408968659 0.03522080398002725 0.042458120455373116
v 2.790216081590404e-07 0.036634111237097144 0.04245790301761865
v -0.0032918652667525417 0.03648669606896249 0.042458120455373116
v 2.790429703716103e-07 0.036634061646030336 0.04245807086430631
v 1.82703233387195e-07 0.03685135825669317 0.041688058925877236
v -0.003189875754233129 0.035356439362446146 0.04549995638476467
v -0.009768099295136556 0.034129766177961596 0.045499964014159566
v -0.01306730618554408 0.03300764240640186 0.04549996782885701
v -0.0064597056596027436 0.03490740369658685 0.04549996019946212
v -0.02004685878603696 0.03066349556654524 0.042458120455373116
v -0.023640772988721137 0.02894315857077112 0.039919099796446034
v -0.026400428118577013 0.026440797154307916 0.03994691275553075
v -0.0259046337987634 0.025905179300498293 0.042458120455373116
v -0.020667927770003924 0.031147571135802243 0.039881593691148964
v -0.023090768003490858 0.02844194547323431 0.042458120455373116
v -0.028441468636053457 0.023091355466897667 0.042458120455373116
v -0.028900025786740002 0.023675099543696287 0.0399666690736078
v -0.03109862475286218 0.020696393042352046 0.03998006247634356
v -0.019425818412300844 0.029713641624334874 0.045499979272949354
v -0.022375434030915686 0.027560912487661904 0.0454999830876468
v -0.03254207765650552 0.016826689565704323 0.042458120455373116
v -0.032971891061930325 0.017553547739266318 0.03998855780755761
v -0.03450752040732974 0.01429799338541704 0.03999362754046443
v -0.03522069716849874 0.01008076715666717 0.042458120455373116
v -0.03578455522750712 0.010705286534474778 0.03999682425692486
v -0.036677804781652945 0.007059915877930534 0.03999847220622188
v -0.03406261224410789 0.013485557243007595 0.042458120455373116
v -0.030663106467405665 0.020047451971489938 0.042458120455373116
v -0.03602325992024147 0.006666463691731572 0.042458120455373116
v -0.0371886614343353 0.0034757343989447187 0.039999052040233796
v -0.016304863750513654 0.03153430897765763 0.04549997545825191
v 2.801853248751265e-07 0.03663148672525374 0.04246720324999398
v -5.5786912447197735e-08 0.03550003601843654 0.045499952570067226
v -0.025102130174831094 0.02510273289702769 0.04549998690234425
v -0.027560380337368073 0.022376076807435474 0.045499990717041694
v 2.3144427913116075e-07 0.03674142249097345 0.04207763108793561
v -0.02971319721208232 0.019426468818215525 0.04549999453173914
v -0.031533963747538696 0.016305479824151314 0.04549999453173914
v -0.034129609775366276 0.009768533216971131 0.04549999834643659
v -0.03648669225426504 0.0032919313087020896 0.042458120455373116
v -0.03490731595854557 0.006459998914468967 0.045500002161134034
v -0.033007398265765264 0.01306784882625589 0.04549999834643659
v 2.68000074353072e-07 0.03665897162035803 0.042369810209479386
v 2.5581479472718566e-07 0.03668645270076487 0.04227241716896479
v -0.035356393586076784 0.0031900030697604165 0.045500002161134034
v -0.03663488562067885 -5.100053628070953e-08 0.042458120455373116
v -0.03550000168615952 2.6449485636747224e-10 0.045500002161134034
v -0.037350889072655935 -8.470516734054622e-08 0.039999124519485285
v -0.03718865380494041 -0.0034757694464775113 0.039999052040233796
v -0.036677804781652945 -0.007059748031242874 0.03999847220622188
v -0.03602327136433381 -0.006666242439279657 0.042458120455373116
v -0.036486688439567594 -0.0032918562068461055 0.042458120455373116
v -0.03450755473960676 -0.01429764052590321 0.03999362754046443
v -0.03297192920890479 -0.017553183435660147 0.03998855780755761
v -0.032542165394546796 -0.016826243246103045 0.042458120455373116
v -0.035784574300994354 -0.010705001385840629 0.03999682425692486
v -0.03406267327926704 -0.013485149070380786 0.042458120455373116
v -0.03522072768607831 -0.010080434324314935 0.042458120455373116
v -0.03535640121547168 -0.003189832600468262 0.045500002161134034
v -0.0349073426614277 -0.006459688970301414 0.045500002161134034
v -0.03300748981850399 -0.013067365313354506 0.04549999834643659
v -0.030663213278934176 -0.020047001837191214 0.042458120455373116
v -0.03153408963255444 -0.01630496293264727 0.04549999453173914
v -0.03412966699582798 -0.00976811836862379 0.04549999834643659
v -0.03109867434392899 -0.020696023016699705 0.03998006247634356
v -0.013485074683780574 -0.03406269998214917 0.042458120455373116
v -0.014278801642562122 -0.03457591030315621 0.0397721347626101
v -0.010699094326844238 -0.035866575037311055 0.03969122121506574
v -0.01682617267420028 -0.03254219972682382 0.042458120455373116
v -0.01753000533397331 -0.03302889027118061 0.039833051666138264
v -0.0035234278921920936 -0.03731419549791504 0.039480573622052706
v 1.0540589346848457e-08 -0.037510965221616566 0.03935062595352701
v 3.4630282069457976e-08 -0.03663489706477119 0.042458109011280776
v -0.006666161853796093 -0.036023286623123596 0.042458120455373116
v -0.007092023709503181 -0.036774686652709665 0.03959388539501285
v -0.010080356123017276 -0.03522075057426299 0.042458120455373116
v -0.028900088729247875 -0.023674735240090117 0.0399666690736078
v -0.028441584984325585 -0.023090930128132348 0.042458120455373116
v -0.025904748239686803 -0.025904803552799782 0.042458120455373116
v -0.023640692880074754 -0.028942992631432185 0.03991909598174859
v -0.020667777089454775 -0.031147475768366073 0.03988158987645152
v -0.023090871000321922 -0.028441634575392394 0.042458120455373116
v -0.026400494875782332 -0.026440465275630043 0.03994691275553075
v -0.020046936987334618 -0.03066325524060609 0.042458120455373116
v -0.0032917727603394564 -0.03648669606896249 0.042458120455373116
v -0.029713351707328917 -0.019425951926711482 0.04549999453173914
v -0.02756055199875318 -0.02237559234085973 0.045499990717041694
v -0.02510230755826237 -0.0251023018362162 0.04549998690234425
v -0.022375605692300793 -0.02756055199875318 0.0454999830876468
v 2.7866217583582764e-07 0.036634923767653316 0.0424550305504412
v 2.7713899769269695e-07 0.03663835699535545 0.04244285403619097
v 2.7409269961409924e-07 0.03664522726545716 0.042418508637085406
v -0.01942597290754744 -0.029713357429375087 0.045499979272949354
v -0.013067398691957166 -0.03300750889199122 0.04549996782885701
v -0.0064597347466707755 -0.034907369364309826 0.04549996019946212
v -0.0031898838604652036 -0.03535643173305125 0.04549995638476467
v -0.00976815746927262 -0.03412968988401266 0.045499964014159566
v -0.0163049896355294 -0.031534102983995504 0.04549997545825191
v -5.60514080709514e-08 -0.03550003601843654 0.045499952570067226
v 2.78852573103719e-07 0.036634492706841826 0.042456552614722476
v 2.7942373580356114e-07 0.0366332033391048 0.042461114992868865
v 0.035604886792459656 -0.024340121471645437 0.03661109335270307
v 0.03518511748541231 -0.024050627897104215 0.03383176582811398
v 0.035230397944105984 -0.024022654720726733 0.033828931507911
v 0.035162484885460366 -0.024064629744082744 0.03383318108086675
v 0.035151174307530564 -0.024071635435943817 0.033833890614591855
v 0.03514551711121694 -0.02407513732819999 0.03383424156675696
v 0.03532103515544227 -0.023966824716243895 0.03382322853522801
v 0.04950192877333448 -0.02159977634026533 0.03399093026438482
v 0.044605894300062676 -0.0196446733268707 0.03260297548654645
v 0.047019213048722364 -0.01922211356864101 0.03196109542065839
v 0.049398874721808816 -0.019284064255177258 0.031074821040794065
v 0.05212597140895614 -0.02235662947985162 0.03294846881960689
v 0.03829284086910523 -0.023233481557022317 0.036261644178390284
v 0.035502595680423354 -0.02385565108120269 0.0338116890754514
v 0.03992490195126264 -0.021424641673133404 0.0333926407462215
v 0.04222776613534984 -0.020418053643145306 0.033064820906432146
v 0.04670581276528196 -0.021371012749077378 0.03481322644601992
v 0.04385976999704555 -0.021646121099546667 0.03542831207704156
v 0.05157323319300522 -0.01989643000691932 0.029904523362527247
v 0.05448033019387788 -0.023556561635234008 0.03169549711092401
v 0.03514021468176587 -0.02407842369005042 0.033834573445434835
v 0.03514056944862842 -0.02407820434494723 0.033834550557250154
v 0.03514127516765608 -0.024077765654740846 0.03383450859557824
v 0.03513990569127268 -0.024078614424922762 0.03383459251892207
v 0.03513994765294459 -0.024078587722040634 0.03383458870422462
v 0.03513979125034927 -0.02407860298083042 0.03383417290220292
v 0.035140039205683316 -0.024078532408927655 0.033834584889527175
v 0.035142686605711404 -0.024076890181676802 0.03383442085753696
v 0.04104728130755131 -0.022319420920955402 0.035876474177185536
v 0.05653105813552051 -0.025057894943237846 0.03024640608445428
v 0.058402495297162904 -0.03128871112663689 0.01207685241840728
v 0.06363518444951088 -0.03702647957238403 0.01226331006123571
v 0.05839943590981056 -0.03127019649257878 0.012133144001281182
v 0.05839328280282885 -0.031232863956015544 0.012245625123872284
v 0.06271486580228247 -0.03338796011245426 0.02017512226563989
v 0.05769155013400029 -0.028002004046088214 0.01909534545043723
v 0.05801138199733602 -0.029242558914581718 0.016901938287540164
v 0.06345420375854172 -0.03600534991572868 0.015001069781421239
v 0.05823539629020269 -0.030329074392824174 0.014615506866379468
v 0.06320033182875884 -0.03478515027281137 0.017649681929623462
v 0.05840401736144418 -0.03129793125036584 0.012048693275529265
v 0.0584054936493561 -0.031306836661555426 0.012021406744692209
v 0.05840551653754078 -0.03130697971270968 0.012020966147137102
v 0.058405547055120355 -0.03130713039325883 0.012020526503256357
v 0.05840544405828929 -0.031306550559246915 0.012022286986128061
v 0.058404780300933545 -0.031302529868137974 0.012034610366229992
v 0.05840515795598078 -0.03130482822334968 0.012027568434743174
v 0.05840534869085312 -0.03130597644728117 0.012024047468999766
v 0.0597741460581136 -0.028461270730499866 0.02677582105022558
v 0.054788817147006785 -0.022284367666116633 0.026844727837556093
v 0.0558539798562907 -0.023731459791124232 0.025070624588617862
v 0.06100287917921943 -0.030185201171268883 0.02475487826624767
v 0.05338371148944754 -0.020959376376986638 0.028471789758709454
v 0.05828880968385297 -0.026726945239188282 0.028606549668064307
v 0.056656611272587476 -0.025212199454961448 0.023172246126257345
v 0.05725158963336696 -0.026647734954053925 0.021183415465386712
v 0.06198221119595004 -0.03184300573914611 0.022550463793867825
v 3.453362460594137e-08 0.036842561564380816 -0.03470932553166106
v -2.365273870531434e-08 0.036884103619576614 -0.035104116199826674
v -0.0036170064736784635 0.03666485006912357 -0.034712182740048725
v -0.0071742418835743504 0.03613377170527565 -0.03471487973114362
v -0.003623897724616132 0.03670020087036319 -0.03510842680794157
v -0.007202042921729546 0.036164029885423776 -0.0351119897353569
v 3.729223130680966e-08 0.03684059318049826 -0.03469060681128955
v 3.3841531119233e-07 0.03663266928146225 -0.03433053751928483
v -0.003595807961547931 0.0364526842265267 -0.034332162580397174
v -0.007132585387455148 0.03592504671977581 -0.0343335091685959
v -0.01061041024060072 0.03505335402090193 -0.03433457728388101
v -0.01067213681366197 0.035256723171186444 -0.034717008332318944
v -0.007063087322020378 0.03557683350743579 -0.03407922143679132
v 8.276576220156036e-07 0.036296274001812456 -0.03408616037144707
v -0.014091964437337734 0.03403243417260615 -0.034718648652221074
v -0.010729486021403 0.035275003201351574 -0.035114804982072645
v -0.014150766091131639 0.034044233031809146 -0.03511694502734031
v -0.020436186807458734 0.03064280846229117 -0.03472072003293469
v -0.017405306689134425 0.032499272936454826 -0.03511850142389861
v -0.020488759060321993 0.03064683296809756 -0.035119642018435204
v -0.017349734176729248 0.03249167024444333 -0.034719842652521926
v -0.023399327435871253 0.028485293787671173 -0.03512053084294031
v -0.023349734461713956 0.028484275263452874 -0.03472140286377767
v -0.01401063985614348 0.033836332020957816 -0.03433540125852952
v -0.017249752863996992 0.032304589852256704 -0.034336003980726115
v -0.02031851483531688 0.030466470258114775 -0.03433645030032739
v -0.023215363651498677 0.028320432100763515 -0.034336805067189946
v -0.026031232162930795 0.026055552766502954 -0.0347219674389998
v -0.025881495751399752 0.025905734338976805 -0.034337094984195904
v -0.010507170222574524 0.03471321652305681 -0.0340794808362177
v 8.54488444588062e-07 0.036277864271934135 -0.03408224649186664
v -0.003560552289325891 0.036099832342091354 -0.034078901002205786
v -0.0035218376401939533 0.03571180894719639 -0.03399974221548696
v -0.013874357882507349 0.03350771872409952 -0.03407968682987983
v 1.4204377750328957e-06 0.035889566218823 -0.03399971932730228
v -0.006986627433745174 0.035193746331037 -0.03399976510367164
v -0.013724336322342157 0.03314598240931055 -0.03399981469473845
v -0.01039355041279555 0.03433888407729846 -0.03399979180655377
v -0.01708195576740401 0.031990653603825026 -0.0340798394177777
v -0.02012084293566918 0.030170259001369715 -0.034079961488096
v -0.02298946489809328 0.028044988056918907 -0.03408006067022962
v -0.01689719471126505 0.03164500577551799 -0.03399984139762058
v -0.019903170577307838 0.029844077574133765 -0.03399986428580526
v -0.025352172148377372 0.02537612844834336 -0.033999917691569514
v -0.022740683682053175 0.02774164522329703 -0.03399989098868739
v -0.02562960364959177 0.025653708722758184 -0.03408014459357345
v -0.02607729654194979 0.026054757402085293 -0.03512125945015265
v -0.02844826070485751 0.02339236561303082 -0.03472244427618065
v -0.03060073234945282 0.020494660397272213 -0.0347228638928998
v -0.028491208476062457 0.023390191235486135 -0.035121881245836484
v -0.03064092590910117 0.020491471310206677 -0.03512242293287393
v -0.02828468075629198 0.023257903250076817 -0.034337346754227394
v -0.03042482902078536 0.020376891150345466 -0.03433756800667931
v -0.02800934733867333 0.023031586787300995 -0.03408022088752238
v -0.03228347550188859 0.017281044827153202 -0.0343377549268542
v -0.03247007905689436 0.017380902162218437 -0.0347232224744598
v -0.034012269681902296 0.014125992492237671 -0.0347234666150964
v -0.033816842731702046 0.014044841479777248 -0.03433788844126484
v -0.031969119636737764 0.01711282620649235 -0.03408034677253813
v -0.03012861204199413 0.020178570752131808 -0.03408028573737898
v -0.03250762712386335 0.0173774441389829 -0.03512288069656755
v -0.03665054495369802 0.0036285316283396485 -0.034723397950542356
v -0.0361472452166578 0.00721566711366084 -0.03512326598100968
v -0.03668179876987976 0.003627376967106216 -0.03512309431962457
v -0.03611482028835988 0.007217838153345257 -0.034723531464952995
v -0.03526237655280262 0.010735228094734817 -0.035123315572076486
v -0.034047597594957235 0.014122730925920646 -0.03512319350175819
v -0.03522873855071662 0.010738075766378863 -0.03472356198253257
v -0.035026338333583595 0.01067638066457155 -0.03433794566172654
v -0.036439950766449236 0.0036076525971202866 -0.03433788081186995
v -0.03590732745013536 0.0071763537954483425 -0.03433793803233165
v -0.03682377036475781 -1.767966652851361e-08 -0.03470427868693893
v -0.027706073169605494 0.02278230775324408 -0.033999940579754195
v -0.03468524334667933 0.010572410131984289 -0.034080423066487064
v -0.03348752753051354 0.013908097927750052 -0.03408039254890749
v -0.029802314266486052 0.01996011638079387 -0.033999963467938876
v -0.03162282521721349 0.01692751774126977 -0.03399998635612356
v -0.03312474598862414 0.013757456479249752 -0.03400000924430824
v -0.034309476574680975 0.010457871933794993 -0.03400002831779547
v -0.03555766465276555 0.007106447557386764 -0.034080434510579405
v -0.036617818664301804 -1.889531721352705e-08 -0.034337846479592926
v -0.03627947788895414 -1.9533667928159253e-08 -0.03408842248703303
v -0.036085130498131335 0.0035725003985664916 -0.034080434510579405
v -0.03517246413398123 0.007029436922167676 -0.034000047391282706
v -0.0356942575242436 0.0035338253269205644 -0.03400006265007249
v -0.035868524347706376 -1.9481930410096798e-08 -0.03400007790886228
v -0.036825490793306326 -1.760659044474463e-08 -0.03472366497936363
v -0.03686094077667956 -1.6101505790070404e-08 -0.03512297224930627
v -0.03665159399549589 -0.0036178805162309646 -0.034723424653424484
v -0.03612313251409649 -0.007176091058161693 -0.0347235810560198
v -0.03668256552406657 -0.003624185019017595 -0.03512310957841436
v -0.03614978199045993 -0.007202906473864068 -0.03512331938677393
v -0.03682377036475781 -1.767966652851361e-08 -0.03470427868693893
v -0.03644099599354966 -0.0035970656196124273 -0.034337907514752075
v -0.036617818664301804 -1.889531721352705e-08 -0.034337846479592926
v -0.0352478539996226 -0.010675130397483357 -0.0347236459058764
v -0.03504534315626362 -0.010613798645607853 -0.034338025770372926
v -0.03591559008480516 -0.007134848933552651 -0.034337991438095905
v -0.035565850993486414 -0.007065348483931977 -0.03408048791634366
v -0.03526358962659071 -0.010731203588928429 -0.03512339568072287
v -0.0340248352952921 -0.014095653249768803 -0.03472357342662491
v -0.03403502053747509 -0.0141529833840226 -0.0351233003132867
v -0.03063645317634478 -0.020441174524370442 -0.034723027924890015
v -0.03249167024444333 -0.017408123843198897 -0.03512301039628074
v -0.030640143896124572 -0.020492606182697104 -0.035122575520771804
v -0.03248498307981906 -0.01735388456755138 -0.03472335598887044
v -0.02847899953688393 -0.023404362836501047 -0.035122049092524144
v -0.028477826517419036 -0.023355651057453963 -0.0347226273816581
v -0.03382933586584036 -0.014014680574414018 -0.03433799525279335
v -0.03229829560146946 -0.017254187449778913 -0.03433788844126484
v -0.033499902409031 -0.013878231707764588 -0.034080499360436
v -0.030460345761363916 -0.020323714267936888 -0.03433772440927463
v -0.0283140749074684 -0.023221404224905706 -0.034337526045007394
v -0.0260499909376255 -0.026036759659531228 -0.034722165803267035
v -0.025900147714565946 -0.025887051858231036 -0.034337297163160585
v -0.034704065063881906 -0.010510439418286444 -0.03408050317513345
v -0.03626045017808943 -1.9531272319000998e-08 -0.03408433313137005
v -0.03627947788895414 -1.9533667928159253e-08 -0.03408842248703303
v -0.03608616428113942 -0.0035620180868198292 -0.03408046121346153
v -0.035695279863159346 -0.003523471761212732 -0.03400008935295462
v -0.035868524347706376 -1.9481930410096798e-08 -0.03400007790886228
v -0.035180562736660814 -0.006988774154733368 -0.03400010079704696
v -0.03432809611291887 -0.010396560209081085 -0.034000108426441855
v -0.03313699116742841 -0.013727897342408757 -0.03400011605583675
v -0.03198379668516438 -0.017086230135893166 -0.03408048028694877
v -0.030163781645105026 -0.02012591457592472 -0.0340804421399743
v -0.02803845538754124 -0.022995442528992438 -0.03408039636360494
v -0.03163735349243968 -0.016901182977445695 -0.03400011605583675
v -0.029837119565990777 -0.019908005706321674 -0.034000119870534196
v -0.02773488748677 -0.022746529705890417 -0.03400011605583675
v -0.02537046743733229 -0.025357804549157592 -0.0340001122411393
v -0.025648072507280517 -0.02563520744014114 -0.03408034295784068
v -0.0260497220014555 -0.026082305239697456 -0.035121450185024994
v -0.023387173809805706 -0.028454047600884325 -0.034721627930927035
v -0.02048920537992327 -0.03060733368338453 -0.03472096417357129
v -0.023385811962817193 -0.028496907634047997 -0.03512074446599733
v -0.02048706151995816 -0.03064793541565969 -0.03511987090028201
v -0.02325259128388213 -0.02829037991427752 -0.03433702631964186
v -0.020371228231985672 -0.030431203380218985 -0.03433669062626654
v -0.02302632631952184 -0.02801523150948504 -0.034080278107984086
v -0.01727617727321107 -0.03228994522875839 -0.034336255750757605
v -0.017376316895887367 -0.032476937882903734 -0.034720094422553416
v -0.01412249822937639 -0.034019727415410816 -0.03471891568104235
v -0.014040998172099584 -0.033823701557711416 -0.03433566447265335
v -0.017108128406586598 -0.03197615012413224 -0.034080087373111745
v -0.020173043255531375 -0.030135333538895415 -0.034080194184640256
v -0.017374066224393747 -0.03251549684469612 -0.035118730305745416
v -0.003627426796591615 -0.03666378195383846 -0.034712468842357236
v -0.007213884696278816 -0.036161626626032284 -0.03511227202296796
v -0.0036268491083470134 -0.03669987280638276 -0.03510870528085519
v -6.054121800998875e-09 -0.036884076916694486 -0.035104390858042844
v -0.007215058192580892 -0.0361255777351599 -0.03471518109224192
v -0.010733333143778112 -0.03527379775695838 -0.03511507201089392
v -0.01412048788382192 -0.034056791015804055 -0.035117185353279456
v -0.01073498967614439 -0.03523756576060855 -0.03471730969341724
v -0.010672902614174418 -0.035034311051247435 -0.03433485957149207
v -0.0036061672493019337 -0.036451623740636485 -0.03433244486800824
v -0.007173167092568711 -0.03591690997012176 -0.03433379527090441
v 3.099020397570015e-08 -0.03684056647761613 -0.034690885284203166
v -0.022777171263131946 -0.027712186222264013 -0.03400010461174441
v -0.013904421513085685 -0.03349521414586887 -0.034079942414608766
v -0.016923148005344446 -0.031630631995538394 -0.034000085538257174
v -0.019954844468922373 -0.02980950306382457 -0.034000096982349515
v -0.013754126248378684 -0.03313358845730585 -0.03400007027946739
v -0.010454824944209351 -0.034320203503901414 -0.0340000550206776
v -0.010569055105579817 -0.03469435284418232 -0.034079751679736425
v -0.007103275159622557 -0.035568769237033226 -0.034079499909704936
v 3.020099100214473e-07 -0.03663264257858012 -0.034330819806895896
v 7.425463761853645e-07 -0.036296251113627775 -0.03408643884436069
v -0.0035708123949462767 -0.03609878330029348 -0.0340791794751194
v -0.007026446676206555 -0.03518575453988593 -0.034000035947190366
v -0.003532039094841094 -0.03571076372009596 -0.03400001687370313
v 1.2764390000127125e-06 -0.03588954333063832 -0.0339999978002159
v 3.729223130680966e-08 0.03684059318049826 -0.03469060681128955
v 0.004768455731860577 0.03657562811054005 -0.034709501007743615
v 3.538770201711237e-08 0.036841951212789326 -0.034703527191541905
v 3.3841531119233e-07 0.03663266928146225 -0.03433053751928483
v 4.6072588162219044e-07 0.0365485704615498 -0.03426944132497667
v 0.004744188057215493 0.036363408862178925 -0.034330808362803555
v 5.830364811558827e-07 0.03646447164163735 -0.03420834894536595
v 0.0047039582579413985 0.036011579316659326 -0.03407855767943557
v 0.0046603915520757044 0.03562468507220862 -0.03399969262442015
v 1.1240477276280815e-06 0.03609292011031773 -0.034042939849374676
v 0.0047246587136365314 0.03661834127785202 -0.035104810474761994
v -2.365273870531434e-08 0.036884103619576614 -0.035104116199826674
v 6.81974630074766e-09 0.03686234840003744 -0.034897363412906834
v 0.009247402630390145 0.034847646461082515 -0.03399966973623547
v 0.009332391228482062 0.035230291132577474 -0.034079690644577276
v 0.009410076588312055 0.03557771088784856 -0.03433592768677718
v 0.01388021535043693 0.033983266537214174 -0.03408175821059345
v 0.013991634079789095 0.03432486887887887 -0.03434525080733719
v 0.013757619557565604 0.03360583274243156 -0.03399964684805079
v 3.443543555327424e-08 0.036842634043632305 -0.03470998928901681
v 3.4673501259739027e-08 0.0368424623822472 -0.034708375671996805
v 2.2055989713273404e-08 0.03685147269761657 -0.03479398511209819
v 2.967411051004153e-08 0.036846032939057416 -0.03474229596169387
v 0.009456361266108604 0.035784692556615205 -0.034719869355404054
v 0.014056503009872157 0.03452374813026848 -0.0347386643697245
v 0.009376676051142119 0.03583612993698804 -0.035118215321590096
v 0.013951842970721384 0.03458341762773154 -0.035142457723864595
v 0.018289158736120026 0.03234340439877803 -0.03408454675442707
v 0.01842988101758425 0.032678685786773354 -0.03435785456770146
v 0.01813344087899238 0.03197139510376479 -0.03399962395986611
v 0.022566279529482314 0.030376979363361256 -0.03408746881267133
v 0.02273104012690763 0.03070595124177955 -0.0343710991972368
v 0.0223829890392091 0.030010356421142914 -0.033999604886378876
v 0.018509192392200946 0.0328676506394987 -0.03476394818440198
v 0.026512841530288433 0.027809068093320732 -0.03399958962758909
v 0.026714679079548054 0.028169038203191832 -0.034088720033433884
v 0.02689565404847105 0.028491441172606713 -0.03437682887280191
v 0.03479252789767351 0.023422339598219155 -0.034074868867004504
v 0.022820630203794767 0.030884830034455524 -0.034790376408313506
v 0.018390904346421433 0.03293090595256176 -0.03517490172564974
v 0.022700966959585678 0.030944659749211345 -0.03520875716549021
v 0.02689044698645615 0.028714566640968275 -0.03522405791694938
v 0.03495367216191925 0.023701749020059726 -0.03428619547616307
v 0.0350625436270513 0.02388947409611486 -0.034604959224213694
v 0.026992488235809686 0.02866394560584906 -0.034801763280192244
v 0.035104615925192206 0.023959937280003674 -0.03498224424579588
v 3.3483169089436105e-08 0.03684331305977784 -0.03471645138649171
v 3.4911566966203815e-08 0.03684229453555954 -0.034706758240279356
v 8.276576220156036e-07 0.036296274001812456 -0.03408616037144707
v 1.4204377750328957e-06 0.035889566218823 -0.03399971932730228
v 9.758526457180107e-07 0.03619459705606509 -0.034064550110410874
v 9.01755162970639e-07 0.036245435528938774 -0.034075357148277696
v 8.647063924931213e-07 0.03627085285802689 -0.034080758759862384
v 8.461819781505306e-07 0.036283563429919674 -0.03408345956565473
v 8.554442144256577e-07 0.03627720814397328 -0.034082109162758556
v 0.004797199477122316 -0.036568940945915784 -0.034699350097837645
v 3.099020397570015e-08 -0.03684056647761613 -0.034690885284203166
v 3.0411386968084296e-08 -0.036841245493761665 -0.03469734738167807
v 2.9855636202392517e-07 -0.03663529379330566 -0.03433540888792441
v 0.004773627507924094 -0.0363636186705385 -0.03433521815305207
v 3.0281956770927386e-08 -0.03684139808165954 -0.03469878933731296
v 1.2468041542098009e-08 -0.03686232169715531 -0.034897638071123005
v 0.0047246587136365314 -0.03661831457496989 -0.035105085132978164
v 0.009376676051142119 -0.035836095604711016 -0.03511848616510882
v -6.054121800998875e-09 -0.036884076916694486 -0.035104390858042844
v 0.009512667154097931 -0.03576871660370795 -0.034709260681804466
v 0.01395184106337266 -0.03458337948075707 -0.03514271712329098
v 0.014138520912327368 -0.03449353954118717 -0.034727445344533425
v 0.018390900531723986 -0.0329308601761924 -0.035175149680983786
v 0.009467647048505001 -0.035568555613976205 -0.034340387068092504
v 0.014075500203157287 -0.03430139323079118 -0.03434991999701209
v 0.018614798476318528 -0.03281981814821311 -0.03475180981712622
v 0.01853785030677013 -0.03263742983388607 -0.034362783156802745
v 3.020099100214473e-07 -0.03663264257858012 -0.034330819806895896
v 0.0047351066931061725 -0.0360281923240402 -0.0340876214005692
v 7.397418145340222e-07 -0.03629839115889544 -0.03408799524091899
v 7.425463761853645e-07 -0.036296251113627775 -0.03408643884436069
v 2.6359662457804868e-08 -0.03684600623617529 -0.03474257443460749
v 2.8674934126247252e-08 -0.03684328635689571 -0.034716729859405326
v 0.009248074017140784 -0.03484747098499996 -0.03399993676505675
v 2.1729122758899078e-08 -0.036851442180037 -0.03479425977031436
v 0.013969042487834704 -0.03397679681034438 -0.034091615388796015
v 0.00939324328215363 -0.03523774505138855 -0.034089017579834735
v 0.0137586705067122 -0.033605458902081775 -0.033999906247477174
v 0.018134842780304083 -0.031970765678686064 -0.03399987191520015
v 0.018403822819325066 -0.03231973038642311 -0.034095136354539424
v 0.022948342459616633 -0.03081730035290331 -0.03477698682027519
v 0.022700959330190784 -0.030944608250795813 -0.03520898986203447
v 0.026890439357061258 -0.02871451323520402 -0.0352242715400064
v 0.022861539019214394 -0.030644742513896706 -0.03437617274484106
v 0.02704738173206933 -0.028410130896527885 -0.03438149806247681
v 0.027141164161450515 -0.0285766920311481 -0.034786966068796055
v 0.02270519555170547 -0.030333941946766307 -0.034098821352273045
v 0.03122867923291639 -0.02619687014076888 -0.034750814181092604
v 0.03510463499867944 -0.02395992965060878 -0.03498242353657588
v 0.03324863210290685 -0.02498817562535116 -0.034696355560341896
v 0.031128037977525835 -0.02602621774313696 -0.03436220332279083
v 0.033143746996606716 -0.024809609637865826 -0.034333551130267814
v 0.03506339430458194 -0.023889208974642306 -0.034605497096553695
v 0.026876115168148473 -0.02810595455151388 -0.03410027475200028
v 0.022384720911849953 -0.03000944089375568 -0.03399983758292313
v 0.026514895744863543 -0.027807864556276263 -0.03399980325064611
v 0.030952939550019654 -0.02572930267471296 -0.03409490365799517
v 0.03297294773312309 -0.024518819066192687 -0.034087007234280264
v 0.03495521329968776 -0.023701111965586108 -0.034286576945907754
v 0.03479470608991564 -0.023421235243308303 -0.034075093934153866
v 2.9832568141478955e-08 -0.0368419245099072 -0.03470380566445552
v 0.03495367216191925 0.023701749020059726 -0.03428619547616307
v 0.03479252789767351 0.023422339598219155 -0.034074868867004504
v 0.03518074584213826 0.023194770007332055 -0.03407178659146748
v 0.03533595443715676 0.023472846192414965 -0.034275083262500505
v 0.0350625436270513 0.02388947409611486 -0.034604959224213694
v 0.035104615925192206 0.023959937280003674 -0.03498224424579588
v 0.035442624821862 0.023663968256546486 -0.034583039972684304
v 0.035000001662410796 0.022870951785164406 -0.03399955529531207
v 0.03460379955618986 0.023094550276009373 -0.033999559110009514
v 0.03548676468601908 0.02374306982280361 -0.0349498383909852
v 0.03506339430458194 -0.023889208974642306 -0.034605497096553695
v 0.03510463499867944 -0.02395992965060878 -0.03498242353657588
v 0.03544261337776966 -0.023663977793290103 -0.03458305523147409
v 0.03460658810002348 -0.02309294619573299 -0.033999738400789514
v 0.03479470608991564 -0.023421235243308303 -0.034075093934153866
v 0.03495521329968776 -0.023701111965586108 -0.034286576945907754
v 0.03518073821274337 -0.023194779544075672 -0.034071790406164926
v 0.03533594299306442 -0.02347285572915858 -0.034275083262500505
v 0.03548676468601908 -0.02374307554484978 -0.03494993757311882
v 0.05824808778860824 0.030280416019541345 -0.015615196016035005
v 0.058018629922484966 0.02916252465479885 -0.01787615860969205
v 0.05801490296307943 0.029922090044269822 -0.015573255324956015
v 0.05841164294164036 0.031226459079002344 -0.0132686955078537
v 0.05819513597334902 0.030918166675443226 -0.013143961577063434
v 0.05819472017132732 0.030915999927293436 -0.01314315286120471
v 0.05776429641431102 0.02874168341776895 -0.017908993617965496
v 0.057715952753567556 0.028442246834332607 -0.017600661160083186
v 0.05795176972033467 0.029585629914763434 -0.015348691715657004
v 0.057693495629698166 0.027901147260291914 -0.020046677587908235
v 0.05631545143582661 0.024489794940668608 -0.024248854835230427
v 0.0566468265736364 0.02509575581539747 -0.0240923969267981
v 0.055835398465027275 0.023617016960371107 -0.025981206220613284
v 0.05741678892099866 0.027410830846011924 -0.02014194393459623
v 0.05724839673160398 0.02653573925171293 -0.022116038419229822
v 0.056946192585169975 0.025980262082995198 -0.022253110035237444
v 0.054761450507523346 0.022179627518319478 -0.027741502172142773
v 0.055476374400122985 0.02299214663039839 -0.02612768488052475
v 0.05372618739682755 0.02093218330623703 -0.028656354357929903
v 0.05334692636196792 0.020863051451757153 -0.02935450884055335
v 0.05739424024439055 0.027154841759146064 -0.019765725120950428
v 0.0581247128437834 0.03055225326694999 -0.013007488868554962
v 0.05637827568807818 0.02429774018301134 -0.023810019670343907
v 0.056960905873222334 0.025762965472332366 -0.0218320208428735
v 0.055592543381470794 0.022802230010660063 -0.025707284241049955
v 0.054386564930635206 0.02158098132594488 -0.0278522943374393
v 0.054545553890823495 0.02136633783735631 -0.027494023675280754
v 0.053141348501861696 0.02008135318769977 -0.029163596584781404
v 0.052971792829745734 0.020335202229297966 -0.029423016992000672
v 0.05131389480178106 0.019101817084655748 -0.030644757772686493
v 0.051526873174934096 0.019802968012123667 -0.03077841714182794
v 0.04935561605276195 0.01919933219548864 -0.03194310530749922
v 0.046980627384047846 0.019156722025007733 -0.03283122409357908
v 0.0479415954472695 0.01882483381039135 -0.032354627238666556
v 0.05016901635995108 0.019077090215805503 -0.031384788096532334
v 0.05119182448348303 0.019391213384412076 -0.03079221299514434
v 0.04908426899397522 0.01888785451956143 -0.031903659428550446
v 0.04912530750910804 0.018583643842270403 -0.03183209188975078
v 0.04675768502116373 0.018885331097200364 -0.032739808683963645
v 0.0445861112791035 0.019609377838744058 -0.03348277060279736
v 0.04436747189493939 0.01933114525106583 -0.033326318416411205
v 0.0422297345192324 0.020411469475352106 -0.03397991723285587
v 0.03634556370752273 0.02313974681135922 -0.03451885768814167
v 0.03994457053129841 0.021422782008128083 -0.034372228347681055
v 0.03548676468601908 0.02374306982280361 -0.0349498383909852
v 0.040805063278468445 0.02060661795263874 -0.03387599724500978
v 0.03964614293533675 0.021141594937277297 -0.033997007077417596
v 0.035442624821862 0.023663968256546486 -0.034583039972684304
v 0.03533595443715676 0.023472846192414965 -0.034275083262500505
v 0.0362374437377877 0.022941680090525773 -0.03423716135518173
v 0.04672923882230284 0.018567059445120382 -0.032693875912006565
v 0.04197673615516484 0.020120329858862585 -0.033728761367655125
v 0.04187995346624174 0.019686764698498838 -0.03363863532577671
v 0.04429664059274696 0.01897119230733324 -0.03326989141177794
v 0.0395342082681549 0.020615334536304708 -0.03385606545085018
v 0.03736280618747978 0.022313489066425607 -0.034176992132353146
v 0.03609188632730964 0.022670664910416916 -0.03405665368669597
v 0.035000001662410796 0.022870951785164406 -0.03399955529531207
v 0.03518074584213826 0.023194770007332055 -0.03407178659146748
v 0.057715308069699045 -0.02843939344064239 -0.01760582435307745
v 0.05801702012016241 -0.029930562487299195 -0.015560349249819083
v 0.05795147598863126 -0.02958407161085641 -0.015352061047176901
v 0.057768687131072305 -0.028758746559448545 -0.017882960215239718
v 0.05801958359684667 -0.02916670747054928 -0.017868391885690338
v 0.0581247128437834 -0.03055225326694999 -0.013007488868554962
v 0.05819513597334902 -0.030918166675443226 -0.013143961577063434
v 0.057392615183278206 -0.027148980476519036 -0.019774939522633206
v 0.0555848109897461 -0.022789588103321323 -0.025723027497412954
v 0.05633543663575047 -0.02453215715581547 -0.024198308186711426
v 0.05637360268370584 -0.024287413797022817 -0.023823445498007967
v 0.05695830424956361 -0.02601307229573524 -0.02221144590972335
v 0.05742425046920463 -0.027435651174949616 -0.02010755634446193
v 0.056957754933131266 -0.025753939898173206 -0.02184472378537139
v 0.05452717467852475 -0.02134541040716309 -0.027520308848038022
v 0.05550629688689579 -0.023039755961883346 -0.0260731251702917
v 0.057694250939792635 -0.02790376032804298 -0.02004248142071674
v 0.058249144459801006 -0.030281989582238156 -0.015611387994308723
v 0.05841164294164036 -0.031226459079002344 -0.0132686955078537
v 0.05724846921085547 -0.026535937615980165 -0.02211575231692131
v 0.05664667017104108 -0.02509542584406832 -0.02409283370965576
v 0.055834967404215785 -0.023616337944225574 -0.025982053083446477
v 0.05475239823048206 -0.022169386963023507 -0.027753926641727045
v 0.05442410155351185 -0.021623759343113447 -0.027803666481736045
v 0.0512769685304959 -0.01908797164027254 -0.030669190909833333
v 0.04909593433876758 -0.018580359387768697 -0.0318449931965159
v 0.053022284165151756 -0.020372864737190355 -0.02937706705390508
v 0.053108153004679526 -0.020057568549118887 -0.029196259931669744
v 0.04452788755197279 -0.019291600189983438 -0.033294332178319674
v 0.04670289452173515 -0.01856940929874762 -0.03270150530690019
v 0.05332361093117299 -0.020845482862665854 -0.029376565421190826
v 0.03952641484127106 -0.020618716265591308 -0.033856599508492735
v 0.035000001662410796 -0.0228709594145593 -0.033999559110009514
v 0.03518073821274337 -0.023194779544075672 -0.034071790406164926
v 0.04215450487088379 -0.02005443477516633 -0.033705011061351264
v 0.04427346249106012 -0.018976702637795162 -0.033274278313841776
v 0.041863290867794056 -0.019692614537033526 -0.033640618968449054
v 0.039840497955554444 -0.021051840828399948 -0.03397986764178906
v 0.04933850332001555 -0.019196917492004806 -0.031950706092161996
v 0.04696547922048655 -0.01915816398064263 -0.03283597720659781
v 0.05150353867065194 -0.019793007837090038 -0.030793450864465832
v 0.04457395383834051 -0.019612711884312573 -0.03348564306997481
v 0.04222052583959579 -0.020415143028993388 -0.033981649105496725
v 0.03533594299306442 -0.02347285572915858 -0.034275083262500505
v 0.03544261337776966 -0.023663977793290103 -0.03458305523147409
v 0.03994077490733883 -0.021424601618810213 -0.034372838699272545
v 0.03548676468601908 -0.02374307554484978 -0.03494993757311882
v 0.05842464724523655 0.03130637508316436 -0.013042080545002666
v 0.0584203404518191 0.03127992015637071 -0.013117685941049784
v 0.058213206195154577 0.03102380709183783 -0.01284520019507518
v 0.05819513597334902 0.030918166675443226 -0.013143961577063434
v 0.05842679110520166 0.03131953197465842 -0.013004253051445702
v 0.05842839327812932 0.03132936817202503 -0.012975870748767049
v 0.058427859220486766 0.03132609325426694 -0.01298533310578387
v 0.0584286603069506 0.031331006584578436 -0.012971139570258639
v 0.0581247128437834 0.03055225326694999 -0.013007488868554962
v 0.05842886248591528 0.031332233009807586 -0.012967591901633102
v 0.058428793821361236 0.03133182483718078 -0.012968774457841614
v 0.05842894640925911 0.031332664070619076 -0.012966405530727143
v 0.05814277543619406 0.030657630469220765 -0.012712690003539584
v 0.05842889300349485 0.03133243709612099 -0.012966999669854484
v 0.05842891207698209 0.031332540092952055 -0.012966704030802356
v 0.05842892352107443 0.03133261638690099 -0.012966482778350441
v 0.05842891970637698 0.03133259159136759 -0.012966556211276292
v 0.058428927335771874 0.031332629738342055 -0.012966445585050335
v 0.05842891970637698 -0.03133259159136759 -0.012966556211276292
v 0.05821321763924692 -0.031023849053509744 -0.01284516109442635
v 0.05842891207698209 -0.031332540092952055 -0.012966704030802356
v 0.05842892352107443 -0.03133261638690099 -0.012966482778350441
v 0.05842886248591528 -0.031332233009807586 -0.012967591901633102
v 0.058428793821361236 -0.03133182483718078 -0.012968774457841614
v 0.058428927335771874 -0.031332629738342055 -0.012966445585050335
v 0.05842894640925911 -0.031332664070619076 -0.012966405530727143
v 0.05842889300349485 -0.03133243709612099 -0.012966999669854484
v 0.05814277925089151 -0.03065765526475417 -0.012712615616939371
v 0.0581247128437834 -0.03055225326694999 -0.013007488868554962
v 0.0584286603069506 -0.031331006584578436 -0.012971139570258639
v 0.05819513597334902 -0.030918166675443226 -0.013143961577063434
v 0.0584203404518191 -0.03127992015637071 -0.013117685941049784
v 0.05842839327812932 -0.03132936817202503 -0.012975870748767049
v 0.05841164294164036 -0.031226459079002344 -0.0132686955078537
v 0.058427859220486766 -0.03132609325426694 -0.01298533310578387
v 0.05842679110520166 -0.03131953197465842 -0.013004253051445702
v 0.05842464724523655 -0.03130637508316436 -0.013042080545002666
v 0.05840553942572546 0.03130712467121266 0.012020526503256357
v 0.0585556668437448 0.03219400940266848 0.008956103750282218
v 0.05835618487015859 0.03188449629592638 0.008876246873930627
v 0.05847058001719363 0.032542405720485945 0.005784357822502251
v 0.05820349016075754 0.031002976936429505 0.011908768265831426
v 0.05854281131334904 0.032955598489134985 0.002649734146088767
v 0.05866905872535133 0.032855519901617836 0.005833689489884442
v 0.05874153416214334 0.0332708412714422 0.002669783003776266
v 0.0584019002043612 0.03217640838864888 0.005743342672391294
v 0.05813738145400427 0.030646909262046496 0.011787672602731059
v 0.05828876390748361 0.03152284581182996 0.008794443548206798
v 0.058499865449492816 0.032739438658311304 -0.0004655473155369162
v 0.058473231231919165 0.032587487814912386 0.002650596982967518
v 0.05856986896233929 0.03310712590111731 -0.0005094303730697816
v 0.058549906650600114 0.03298667301453673 -0.0036615182708366056
v 0.058769968916911886 0.03342321554625771 -0.0005178426154050716
v 0.05875247089972335 0.0333026215158716 -0.0036984004346825305
v 0.05868907444285476 0.032910600318052374 -0.00683287033110519
v 0.058580790441129516 0.032252263647378765 -0.009922004217302605
v 0.05837057390892797 0.03193981322360262 -0.009829966058328976
v 0.058213206195154577 0.03102380709183783 -0.01284520019507518
v 0.05842894640925911 0.031332664070619076 -0.012966405530727143
v 0.05848316470407067 0.032595868705203035 -0.006768892132875959
v 0.05847995272882045 0.032621522545532855 -0.003585050991585098
v 0.05841298952983909 0.032230798344845546 -0.006680049259851217
v 0.058299818900684475 0.03157185895197534 -0.009730267986882146
v 0.05814277543619406 0.030657630469220765 -0.012712690003539584
v 0.05842894640925911 -0.031332664070619076 -0.012966405530727143
v 0.058581507604249516 -0.032256597143678345 -0.009905157559703115
v 0.05821321763924692 -0.031023849053509744 -0.01284516109442635
v 0.058690028117216464 -0.03291642154635621 -0.006798322046840943
v 0.058371333033719885 -0.03194423064324603 -0.009812892426231401
v 0.058753088880709736 -0.03330654683954437 -0.0036498374288358726
v 0.05848417941359152 -0.032601770042153255 -0.006734069667232723
v 0.058550589481443094 -0.032990663188066094 -0.0036133381652461716
v 0.05876985829068593 -0.03342286077939516 -0.0004593304613845911
v 0.05814277925089151 -0.03065765526475417 -0.012712615616939371
v 0.0583006276165432 -0.03157655484453237 -0.009712545856218613
v 0.0584133977024659 -0.03223315964256512 -0.006666233379373221
v 0.058480055725651514 -0.03262211763833456 -0.0035777806550886526
v 0.05856979266839035 -0.03310677113425475 -0.0004506160532882601
v 0.05874067966991525 -0.033266030937961766 0.0027232245308202174
v 0.0585419606358184 -0.032950761452772426 0.002703255543360511
v 0.05866820804782069 -0.032850587497819106 0.00586228732296884
v 0.058499842561308135 -0.0327393242173879 -0.0004468445692109614
v 0.058555437961897994 -0.032192670443864646 0.008961163946445416
v 0.05846972552496554 -0.03253750764896424 0.005812632359978032
v 0.058405547055120355 -0.03130713039325883 0.012020526503256357
v 0.05835600176468114 -0.031883441532082335 0.008880356256755206
v 0.05820349016075754 -0.03100298075112695 0.011908769219505788
v 0.05847284213277959 -0.03258525240220855 0.0026754621346002094
v 0.05840159121386801 -0.03217463836903356 0.005753501688529339
v 0.058288947012961057 -0.03152391011241762 0.008790108144558495
v 0.05813738145400427 -0.030646909262046496 0.011787672602731059
v 0.058190798662351995 0.030929112949766857 0.012131376842688946
v 0.05839328280282885 0.031232863956015544 0.012245625123872284
v 0.05840553942572546 0.03130712467121266 0.012020526503256357
v 0.0581247128437834 0.030573300860112784 0.01200748882105751
v 0.05820349016075754 0.031002976936429505 0.011908768265831426
v 0.05813738145400427 0.030646909262046496 0.011787672602731059
v 0.05840551653754078 -0.03130697971270968 0.012020966147137102
v 0.0584054936493561 -0.031306836661555426 0.012021406744692209
v 0.058405547055120355 -0.03130713039325883 0.012020526503256357
v 0.05840544405828929 -0.031306550559246915 0.012022286986128061
v 0.0581247128437834 -0.030573300860112784 0.01200748882105751
v 0.05813738145400427 -0.030646909262046496 0.011787672602731059
v 0.05820349016075754 -0.03100298075112695 0.011908769219505788
v 0.05840534869085312 -0.03130597644728117 0.012024047468999766
v 0.05840515795598078 -0.03130482822334968 0.012027568434743174
v 0.05840401736144418 -0.03129793125036584 0.012048693275529265
v 0.058404780300933545 -0.031302529868137974 0.012034610366229992
v 0.05839943590981056 -0.03127019649257878 0.012133144001281182
v 0.058402495297162904 -0.03128871112663689 0.01207685241840728
v 0.05839328280282885 -0.031232863956015544 0.012245625123872284
v 0.058190798662351995 -0.030929112949766857 0.012131376842688946
v 0.057958380591009995 0.02964697406440564 0.01438016673679321
v 0.05772776687156034 0.028534642621191875 0.016656134442857295
v 0.058020197763135606 0.02998704099034799 0.014568099713859195
v 0.0581247128437834 0.030573300860112784 0.01200748882105751
v 0.058190798662351995 0.030929112949766857 0.012131376842688946
v 0.05777876937642423 0.028851922451935685 0.016907957880111235
v 0.05801288117343262 0.029249101120703003 0.016889380303545254
v 0.05823641099972354 0.03032998419816524 0.014613260009583295
v 0.05740873227999099 0.027263873441570885 0.018846161783816484
v 0.05743965421749486 0.027551541683383807 0.01915305800811007
v 0.05697328838113469 0.025871627129104846 0.020939637225048102
v 0.056975210988647884 0.026133557607244118 0.021283171710969606
v 0.05638766365849479 0.02440081903007041 0.02292846025652384
v 0.05559791447547591 0.022891575946910603 0.024825364338321165
v 0.05635332375207858 0.024651234843966474 0.02328424182859834
v 0.05453260680768901 0.02141608339941148 0.026622445417330276
v 0.055525503888540495 0.023152001526907107 0.025163842442776918
v 0.05769409835189476 0.028010852236816097 0.019080807638467423
v 0.0572526768221393 0.02665071614010861 0.02117908006173841
v 0.05665717966250705 0.02521341062140081 0.023170640138632237
v 0.05585669973557028 0.023735816175608493 0.025065194366802324
v 0.054436209403208036 0.02171341999190335 0.026905270900734468
v 0.05478187058295614 0.0222763873190579 0.026854430520512063
v 0.05336202874915985 0.020942864459088106 0.028492597025933097
v 0.05310825600151059 0.020093163490995103 0.028285041245200704
v 0.05127593474748782 0.01908913130829637 0.029737224083951075
v 0.049079260296227556 0.01854911510833057 0.030899589098877245
v 0.04919453663837281 0.018942189162645118 0.030931411304978562
v 0.051275301507711646 0.01947870919240091 0.02983064411707481
v 0.05302853645426708 0.020443142908252998 0.02847711126164776
v 0.051551523749835404 0.01988709734961569 0.029918626298988116
v 0.04938089223804454 0.019281435928636403 0.031082799480504075
v 0.04689021905455837 0.018897105160869954 0.0317620960062992
v 0.04422929592402092 0.01892365926979722 0.03230077896950734
v 0.04451338788697745 0.019299553834160044 0.032345220194762714
v 0.04667126305050617 0.01851885883553117 0.03174126394354215
v 0.041811960298949735 0.019659216860886675 0.03265615236895503
v 0.042130533312128016 0.02005415439490399 0.032739701872435134
v 0.039479879347117386 0.020625792529355147 0.03286368716885146
v 0.039811155302793555 0.02105733971476953 0.03299146045983248
v 0.035000001662410796 0.02301178660020331 0.032999555247814616
v 0.03532606674137462 0.02355924527488784 0.033228860526040016
v 0.047001543370148724 0.019223599393296542 0.03196659049233053
v 0.044593469830478405 0.01964788148742347 0.032605779289169856
v 0.04221704302082685 0.02042220403396744 0.033066594740744915
v 0.039922185886680506 0.021425953929055108 0.03339297643959682
v 0.035502595680423354 0.023855632007715455 0.03381160896680502
v 0.05801138199733602 -0.029242558914581718 0.016901938287540164
v 0.05769155013400029 -0.028002004046088214 0.01909534545043723
v 0.0577767132545004 -0.028843121944925887 0.016924450724522533
v 0.05801965607609816 -0.029984170430519264 0.014574639058957395
v 0.05823539629020269 -0.030329074392824174 0.014615506866379468
v 0.05772798812401225 -0.028535621091086982 0.016654307202780272
v 0.058190798662351995 -0.030929112949766857 0.012131376842688946
v 0.05743563734108337 -0.027537728663928895 0.019175171809209246
v 0.05634668617852112 -0.02463734171586518 0.023302201424177937
v 0.056656611272587476 -0.025212199454961448 0.023172246126257345
v 0.0558539798562907 -0.023731459791124232 0.025070624588617862
v 0.05725158963336696 -0.026647734954053925 0.021183415465386712
v 0.05697084316007128 -0.026121703434928145 0.021299944935643245
v 0.05697589000479342 -0.025879060067079962 0.020929097216002557
v 0.054788817147006785 -0.022284367666116633 0.026844727837556093
v 0.05551440311897027 -0.023134667541708787 0.02518502355035035
v 0.057408934458955674 -0.02726522002976961 0.0188441666970518
v 0.057958632361041484 -0.02964829585707096 0.014377170291948738
v 0.0581247128437834 -0.030573300860112784 0.01200748882105751
v 0.055602740067746126 -0.022899544849876996 0.024815587268764983
v 0.054431254111224625 -0.021707926827579938 0.026911914196338094
v 0.054549792019686905 -0.021436013286222355 0.02659810955496833
v 0.05639188652856841 -0.024410178390256165 0.022916329518642975
v 0.05313935722979446 -0.020116076471209388 0.028254857451652793
v 0.05338371148944754 -0.020959376376986638 0.028471789758709454
v 0.05302725090122751 -0.020442217844122146 0.028478303354599888
v 0.05157323319300522 -0.01989643000691932 0.029904523362527247
v 0.051267580560079296 -0.019475638360956227 0.029835580335570988
v 0.049398874721808816 -0.019284064255177258 0.031074821040794065
v 0.05131190734441127 -0.019103205634526388 0.029713805656325087
v 0.049172945450823846 -0.018939347213047242 0.030940797368046447
v 0.047019213048722364 -0.01922211356864101 0.03196109542065839
v 0.03976678655678967 -0.021078751611538493 0.03299527897197674
v 0.04222776613534984 -0.020418053643145306 0.033064820906432146
v 0.03992490195126264 -0.021424641673133404 0.0333926407462215
v 0.035502595680423354 -0.02385565108120269 0.0338116890754514
v 0.035326070556072064 -0.023559279607164862 0.03322903600212257
v 0.044605894300062676 -0.0196446733268707 0.03260297548654645
v 0.04686081918133578 -0.018899554196630808 0.03177076872094453
v 0.04208627519235009 -0.02007099628413167 0.03274559939468791
v 0.04447432538512208 -0.019309325181670056 0.03235304032452868
v 0.04670017464245557 -0.01851644031734989 0.03173310621305214
v 0.0442531950035252 -0.01891792577953466 0.03229639588214095
v 0.04910948414409866 -0.018552807735459087 0.03088659242467595
v 0.0418316365083804 -0.0196520643031739 0.032653894068066514
v 0.03948833653135697 -0.020621905352656844 0.032863134037721675
v 0.035000001662410796 -0.023011822839829055 0.03299971546510738
v 0.03518509078253018 0.02405060882361698 0.033831590352031427
v 0.035230375055921304 0.024022633739890775 0.033828752217131
v 0.03507879805287217 0.02397810859129157 0.03350541464684165
v 0.03532606674137462 0.02355924527488784 0.033228860526040016
v 0.03532101608195504 0.023966801828059214 0.0338230645032378
v 0.035502595680423354 0.023855632007715455 0.03381160896680502
v 0.03516245818257824 0.024064612577944233 0.033833005604784194
v 0.0351397607327697 0.02407858581469191 0.03383399361142292
v 0.035145486593637365 0.024075122069410204 0.03383406609067441
v 0.03515114378995099 0.024071618269805306 0.033833711323811855
v 0.035142659902829276 0.02407687301553829 0.03383424156675696
v 0.035000001662410796 0.02301178660020331 0.032999555247814616
v 0.03480520032259182 0.023530184909738017 0.03306118549976533
v 0.03514124465007651 0.024077748488602335 0.03383432930479824
v 0.03496283506518649 0.023788083252676007 0.033236272483179174
v 0.03462582943394521 0.02323687091570381 0.03299955906251206
v 0.03514053893104885 0.02407818717880872 0.0338343750811676
v 0.035140184164186294 0.02407840652391191 0.03383439796935228
v 0.035139920950062464 0.024078570555902123 0.03383441322814207
v 0.03514000868810374 0.024078515242789145 0.033834405598747175
v 0.0351398751736931 0.02407859725878425 0.03383441322814207
v 0.034803689702402885 -0.023531058475453337 0.03306133427296576
v 0.034623872494154995 -0.023238108785025302 0.032999734538594616
v 0.035151174307530564 -0.024071635435943817 0.033833890614591855
v 0.03513979125034927 -0.02407860298083042 0.03383417290220292
v 0.03507823729234749 -0.02397832793639476 0.03350538412926207
v 0.03514056944862842 -0.02407820434494723 0.033834550557250154
v 0.03514127516765608 -0.024077765654740846 0.03383450859557824
v 0.035326070556072064 -0.023559279607164862 0.03322903600212257
v 0.034961778393993725 -0.023788603958877497 0.033236333518338324
v 0.03513990569127268 -0.024078614424922762 0.03383459251892207
v 0.03513994765294459 -0.024078587722040634 0.03383458870422462
v 0.035140039205683316 -0.024078532408927655 0.033834584889527175
v 0.03514021468176587 -0.02407842369005042 0.033834573445434835
v 0.035142686605711404 -0.024076890181676802 0.03383442085753696
v 0.03514551711121694 -0.02407513732819999 0.03383424156675696
v 0.03532103515544227 -0.023966824716243895 0.03382322853522801
v 0.035502595680423354 -0.02385565108120269 0.0338116890754514
v 0.035162484885460366 -0.024064629744082744 0.03383318108086675
v 0.03518511748541231 -0.024050627897104215 0.03383176582811398
v 0.035230397944105984 -0.024022654720726733 0.033828931507911
v 9.139806640921269e-08 -0.038166105175829745 0.033448075929518595
v 0.003744970022694638 -0.037972558871470774 0.033463445345531806
v 5.194965225475108e-08 -0.038237260727305156 0.03361740271978775
v 0.004850307218139671 -0.03795981778199842 0.03374310463005514
v 3.222544335853079e-08 -0.03827283659569414 0.033702066114922324
v -4.641216712464384e-09 -0.03832029906132739 0.0341538788805229
v 1.2501238100289472e-08 -0.038308416278780566 0.0337867295100569
v 0.004785597074837833 -0.03799094952786186 0.034148862553380344
v 0.009470338317553728 -0.03705370506806194 0.034139978123026715
v 0.007424618596821586 -0.03740635858823005 0.03349640051677483
v 0.011043191480639147 -0.03649046499003994 0.03351603094983613
v 0.00957980773651057 -0.03699841865796527 0.03373607032796322
v 0.014187333780856792 -0.03551385666728635 0.033727574996749166
v 0.014055557918579709 -0.035594701550276664 0.03412896890619521
v 0.018483183785008572 -0.0337265183255564 0.034118024539220304
v 0.014594907500166676 -0.03524311996009111 0.033480626742832253
v 2.1438770199545872e-08 -0.03829229536737033 0.0337483650978343
v 2.174695976983746e-08 -0.0382917384215431 0.0337470452125177
v 0.018616612364954488 -0.03362705771902563 0.03371922843873554
v 2.236334072941013e-08 -0.038290628344586075 0.03374439781248961
v 0.024480868548643064 -0.029878903854474448 0.033073957106817264
v 0.022788930068011748 -0.031249000126215565 0.03333107915882483
v 0.02131898981264646 -0.031907958592573005 0.03322223821127235
v 0.0267415574377583 -0.028556191847068924 0.033076291701654714
v 0.02751118790644269 -0.02764298951792754 0.032999795573753765
v 0.034803689702402885 -0.023531058475453337 0.03306133427296576
v 0.026921696987940447 -0.028856458127199947 0.03332036367369673
v 1.9897815072129965e-08 -0.03829507628180906 0.03375497978320707
v 2.1130578810264792e-08 -0.03829285231319757 0.03374968879784834
v 0.034961778393993725 -0.023788603958877497 0.033236333518338324
v 0.018027678392279478 -0.03370313804490488 0.0333736130353568
v 0.022891598835095284 -0.03143626743857708 0.03370989768878063
v 0.022774003156902367 -0.031543145724293176 0.034105909060129225
v 0.02695058378435644 -0.029146045161828615 0.034077680299022806
v 0.03507823729234749 -0.02397832793639476 0.03350538412926207
v 0.02703307089459761 -0.029042098471100397 0.0336882111337955
v 0.03513979125034927 -0.02407860298083042 0.03383417290220292
v 1.74322894148498e-08 -0.0382995204043346 0.03376556556862198
v 0.019673333148788608 -0.03280554736506458 0.03329792562331457
v 3.930010466538858e-09 -0.038314355762705254 0.0339703041952899
v -0.0037659267783744788 -0.038132131480368425 0.034155805302733544
v -0.0037620965837192877 -0.03812602414975608 0.03380534523359735
v 1.1429835100818018e-08 -0.038309160144782695 0.033809674915199484
v 1.1697685850685881e-08 -0.0383089732246078 0.03380394142493692
v -0.007462080356260836 -0.037575166579646435 0.03380670708058586
v -0.0074839595534670345 -0.03757732569840133 0.034157468510820355
v 1.1699523030070724e-08 -0.0383089732246078 0.03380389946326501
v 1.1764648310779161e-08 -0.03830892744823844 0.03380250709869692
v -0.0037682086827034444 -0.03797843732023631 0.03344989172550328
v -0.011100438645223476 -0.036664037538567396 0.03380777519587097
v 1.1965536600553745e-08 -0.03830878630443291 0.033798204119976916
v 1.183161077087244e-08 -0.03830888167186908 0.03380107277245692
v -0.014657355051045373 -0.0353915078760747 0.03380856483824246
v -0.01114965968637971 -0.036655336213691214 0.03415877695204461
v -0.014705623371514265 -0.03537761474797341 0.03415973825580121
v -0.011093068649756233 -0.03651576024880976 0.03345267645463945
v -0.01808828058326828 -0.033773004228643266 0.03416038293966972
v -0.018045580767397373 -0.033789643938906266 0.033809098895885015
v -0.02129334169436281 -0.03184840162868463 0.034160821629876104
v -0.02125584131111191 -0.031867030703666144 0.03380946129214246
v -0.024286328515599198 -0.029622094607657523 0.033809743579753526
v -0.02431879159087158 -0.02960221621926218 0.03416116495264632
v -0.007479800102738465 -0.03742373072040284 0.03345146719554881
v -0.01460833046680765 -0.03525589156714304 0.03345354239095988
v 1.2501238100289472e-08 -0.038308416278780566 0.0337867295100569
v 9.139806640921269e-08 -0.038166105175829745 0.033448075929518595
v -4.641216712464384e-09 -0.03832029906132739 0.0341538788805229
v -0.018008574387465837 -0.033645871806833316 0.0334541145955769
v -0.021209656769123342 -0.03172516401296788 0.03345448462122924
v -0.024202267842661218 -0.029505454511175033 0.0334547745382352
v -0.027074710224578302 -0.02709669623331301 0.033809995349785016
v -0.026984273284857974 -0.026984387725781378 0.033455053011148816
v -0.027101769780917273 -0.02707689223151788 0.03416147012844206
v -0.0295883650528328 -0.02432712289009542 0.03381023949042161
v -0.029610629534481125 -0.02430795785012263 0.03416176767484291
v -0.031827128968372476 -0.021313235341547943 0.03381047981636076
v -0.031845140062367605 -0.02129521089611175 0.03416206140654632
v -0.029501206845568007 -0.024207583623553353 0.033455342928154774
v -0.03377100914187858 -0.018075220966559113 0.033810701068812676
v -0.03172008283596872 -0.021215930039074626 0.033455640474555626
v -0.033785073931364984 -0.0180592240328159 0.03416233225006504
v -0.0381230677592348 -0.0037696124913638718 0.034162233067931425
v -0.038118257425754365 -0.0037733725909534777 0.0338106133307714
v -0.03756765162567621 -0.007498309014750404 0.03416243906159355
v -0.03537465454275468 -0.014690501910835096 0.0338108498420131
v -0.03538542724834448 -0.014677069407450505 0.03416251154084504
v -0.03663976461871332 -0.011166979366462604 0.03381087654489523
v -0.03664798910640865 -0.011156409793511846 0.034162542058424616
v -0.037561269636847694 -0.007505662320916318 0.03381078880685395
v -0.0383092097358495 -1.4063902867267851e-08 0.03416209192412589
v 1.0358431191851819e-08 -0.038309900196087376 0.03383262413503951
v -0.03364320914801544 -0.018011093995129457 0.03345592657686414
v -0.0352527673299341 -0.01461155483982457 0.03345612494113137
v -0.036511358087956136 -0.011099871208978263 0.03345615927340839
v -0.03797473324901546 -0.0037669271827799056 0.033455796877150945
v -0.038301175983026514 -1.545227388030936e-08 0.03379503792109606
v -0.03741975199096581 -0.007484729168676929 0.033456037203090094
v 8.215624283414165e-09 -0.038311387928091634 0.033878518760022125
v -0.038161210919005484 -1.660002714463169e-08 0.03345562521576584
v 0.03417170496169186 -0.016797461353866838 0.03238186799313425
v 0.03266824114516398 -0.019554648374474626 0.03237576447721935
v 0.03410257882925816 -0.016763480029010625 0.0319996314942661
v 0.03259772646285963 -0.019529168102878636 0.031999728769050995
v 0.032853677402751025 -0.01966564653343328 0.032703439358505726
v 0.031133121061873714 -0.02228936491977196 0.03270346224669041
v 0.030957393209288808 -0.022163558105324777 0.03237578355070658
v 0.03087654641894977 -0.022150372603599866 0.03199974974988695
v 0.03436542674213339 -0.016892689553580365 0.03270665514845339
v 0.035000001662410796 -0.0172046421593397 0.03299963154176355
v 0.03313305058496585 -0.019832871425409238 0.032922689094261326
v 0.0346569077740444 -0.017035975311728846 0.03292253269166601
v 0.031397861064682564 -0.022478900069765606 0.03292271198244601
v 0.029179793790140574 -0.024792033419379633 0.03270348513487509
v 0.029015090413176958 -0.024652098872938177 0.032375806438891264
v 0.028943978730722186 -0.024622069574636862 0.03199977263807163
v 0.026859465921141856 -0.026988149017463936 0.03238247834472574
v 0.029427922692917274 -0.02500284885908033 0.03292273105593324
v 0.026805766425183064 -0.026934197751473654 0.03199979361890759
v 0.027012381882994818 -0.027141795493877963 0.03270690310378743
v 0.031688355997303574 -0.022734301693224657 0.0329997497973844
v 0.027241237026921494 -0.027371745455971874 0.032923673286202604
v 0.02402947349241291 -0.02943780848135069 0.03214871749988246
v 0.026805766425183064 -0.026934197751473654 0.03199979361890759
v 0.026857337319966534 -0.026986010879544997 0.03236731492237466
v 0.024166869357703513 -0.02954674861103679 0.032707116726844454
v 0.026859465921141856 -0.026988149017463936 0.03238247834472574
v 0.021122780849469613 -0.03170647581017594 0.03287716068023361
v 0.02103844933301291 -0.03164464910130671 0.03244656144713476
v 0.027012381882994818 -0.027141795493877963 0.03270690310378743
v 0.02725193343856236 -0.02738249336602827 0.03292669071188303
v 0.027241237026921494 -0.027371745455971874 0.032923673286202604
v 0.024480868548643064 -0.029878903854474448 0.033073957106817264
v 0.02751118790644269 -0.02764298951792754 0.032999795573753765
v 0.02131898981264646 -0.031907958592573005 0.03322223821127235
v 0.018027678392279478 -0.03370313804490488 0.0333736130353568
v 0.017859751595973306 -0.03354145972301659 0.032749349242278125
v 0.010965138956179898 -0.036383592426370015 0.03303216328158998
v 0.014487629624893028 -0.0351298844810799 0.03296275486154521
v 0.011043191480639147 -0.03649046499003994 0.03351603094983613
v 0.014594907500166676 -0.03524311996009111 0.033480626742832253
v 0.007371021620856677 -0.03727825341857116 0.03299219669643971
v 0.007424618596821586 -0.03740635858823005 0.03349640051677483
v 0.003716150698739734 -0.037817857631212703 0.032925515785069415
v 0.003744970022694638 -0.037972558871470774 0.033463445345531806
v 9.139806640921269e-08 -0.038166105175829745 0.033448075929518595
v -4.957302243283393e-07 -0.03800000180490315 0.03289615405882129
v 0.03586186770066169 0.01278514159847255 0.0323531395066623
v 0.03410255975577092 0.016763518175985093 0.03199956473706078
v 0.034168973638319944 0.016796166264083645 0.03236688004686572
v 0.034699792602741475 0.017057089662096958 0.032932180061509
v 0.03640499287904664 0.012974312444860026 0.03291645969333068
v 0.03467834637369549 0.017046549653051413 0.03292736591333112
v 0.035796853812075646 0.012750901827864314 0.031980693428791396
v 0.03417168588820463 0.016797499500841306 0.032381887066621484
v 0.034268548685774114 0.016845112647023708 0.03254429018102467
v 0.036077802464336006 0.012859570160357325 0.03269522250020529
v 0.03731069742035631 0.008680282051390376 0.032662572504758014
v 0.037082391592861974 0.00863041060431946 0.03231770478207885
v 0.034316983899256304 0.01686892017378927 0.03262548983087754
v 0.03701477226591976 0.008596910885015907 0.031941356268719856
v 0.03474267743143855 0.017078167772839326 0.03294180454316731
v 0.037826871761279524 0.004335746017399278 0.03228445587913242
v 0.03775438869509262 0.004313509192307441 0.03190550955681215
v 0.03807493772154835 7.354902452882386e-06 0.032271253211269
v 0.03806296720096025 0.004360691277678352 0.032631253838719676
v 0.03800000180490315 2.1114633614676268e-14 0.03189143904527958
v 0.038313684375954615 7.397150040841321e-06 0.032618745445791575
v 0.034667627073869944 0.01704127964852864 0.03292495883924218
v 0.034670331694359735 0.017042609070588854 0.03292556537613622
v 0.03436541529804105 0.016892727700554833 0.03270668948073041
v 0.03465690395934695 0.017036009644005867 0.03292255176515324
v 0.0348284547182276 0.017120327809021507 0.03296106113587882
v 0.036756082373261556 0.013103162434195403 0.03298064960726821
v 0.03802359570861169 0.00884945816111038 0.03294077076015922
v 0.034341199598648675 0.01688082393717205 0.032666089655803976
v 0.03435330744834486 0.016886776772537804 0.03268638766091847
v 0.03841971770618624 0.004400260657456967 0.032849881778791445
v 0.03765585887473888 0.008758552013604093 0.03288231433648425
v 0.03879916184652332 0.004446781369658037 0.03290419925573662
v 0.03905794329192025 7.51978753461423e-06 0.03288976062590043
v 0.03867442886940742 7.4644264585205645e-06 0.03283695758384164
v 0.034359361373192954 0.016889752236546318 0.03269653857082444
v 0.03783017910396591 -0.004306848730565305 0.03228428421774732
v 0.037755224113833474 -0.004306186880558283 0.03190546378044279
v 0.03708891091079858 -0.008602385929526446 0.03231745301204736
v 0.03806630887592366 -0.004331627097831081 0.03263109362142691
v 0.037317285402846956 -0.008652093344607148 0.03266233980821376
v 0.038423112786913904 -0.004370934217160227 0.03284971774680123
v 0.03701572594028146 -0.008592792919122072 0.031941316214396664
v 0.03579514864231692 -0.012758130679526025 0.03198082312850459
v 0.03586431673642254 -0.0127783619274352 0.03235317383893932
v 0.03436390086315466 0.016891983834552704 0.03270415270692828
v 0.03410257882925816 -0.016763480029010625 0.0319996314942661
v 0.03608033923813814 -0.012852787628296891 0.03269530642354912
v 0.03417170496169186 -0.016797461353866838 0.03238186799313425
v 0.035000001662410796 0.017204645974037147 0.032999566691906956
v 0.03766254603936314 -0.00873011439781246 0.03288207019584766
v 0.0388026637387795 -0.0044166834068026795 0.03290401233556173
v 0.03803052701387255 -0.00882013172081364 0.03294048847254816
v 0.03675784857817943 -0.013095752384404968 0.03298051990755502
v 0.0346569077740444 -0.017035975311728846 0.03292253269166601
v 0.03436542674213339 -0.016892689553580365 0.03270665514845339
v 0.03640767461135175 -0.012967519422381613 0.03291649784030515
v 0.035000001662410796 -0.0172046421593397 0.03299963154176355
v 0.03436238642826828 0.016891239968550575 0.03270161593312615
v 0.03467030499147761 0.017042597626496514 0.032925561561438776
v 0.03467298672378272 0.017043913697115665 0.032926160468937926
v -0.0037528461808293556 -0.03781423366863823 0.032899766577303424
v -4.957302243283393e-07 -0.03800000180490315 0.03289615405882129
v -0.0037682086827034444 -0.03797843732023631 0.03344989172550328
v 9.139806640921269e-08 -0.038166105175829745 0.033448075929518595
v -0.007448765154822734 -0.03726279626451667 0.03290289462920981
v -0.007479800102738465 -0.03742373072040284 0.03345146719554881
v -0.017933091061737017 -0.033502305668422494 0.03290813983819918
v -0.01454720756961736 -0.035105252979665824 0.03290701450245237
v -0.018008574387465837 -0.033645871806833316 0.0334541145955769
v -0.011046779203587875 -0.03635934620939807 0.03290529407390386
v -0.01460833046680765 -0.03525589156714304 0.03345354239095988
v -0.02112060074987876 -0.03158987767536536 0.03290887226010897
v -0.021209656769123342 -0.03172516401296788 0.03345448462122924
v -0.011093068649756233 -0.03651576024880976 0.03345267645463945
v -0.02410051651031364 -0.02937967439960998 0.03290944065002854
v -0.024202267842661218 -0.029505454511175033 0.0334547745382352
v -0.026984273284857974 -0.026984387725781378 0.033455053011148816
v -0.02687073835209719 -0.026869380319806124 0.03290999378115833
v -0.029377017462838273 -0.024104459000124923 0.03291056598577535
v -0.029501206845568007 -0.024207583623553353 0.033455342928154774
v -0.03172008283596872 -0.021215930039074626 0.033455640474555626
v -0.031586536000401955 -0.021125598003534085 0.032911161078577056
v -0.03364320914801544 -0.018011093995129457 0.03345592657686414
v -0.03350157706121015 -0.017934449094028082 0.03291173328319408
v -0.03781442440351057 -0.0037509083145263744 0.03291150058664982
v -0.037261968475170715 -0.007452912207784601 0.03291196979443578
v -0.03797473324901546 -0.0037669271827799056 0.033455796877150945
v -0.03741975199096581 -0.007484729168676929 0.033456037203090094
v -0.03635754948690062 -0.011052679586863734 0.03291220630567748
v -0.036511358087956136 -0.011099871208978263 0.03345615927340839
v -0.035104341266976036 -0.01454940769636981 0.03291213382642599
v -0.0352527673299341 -0.01461155483982457 0.03345612494113137
v -0.038161210919005484 -1.660002714463169e-08 0.03345562521576584
v -0.03800000180490315 -1.9032048834496592e-08 0.032911172522669396
v 0.02900040573535545 0.024664448955922236 0.032367677318632104
v 0.02680576451783434 0.026934199658822378 0.031999583810548016
v 0.02685946210644441 0.026988152832161383 0.032382268536366166
v 0.028943528596423462 0.024622596002884523 0.03199957999585057
v 0.03093287614879814 0.02219230375793524 0.03236767350393466
v 0.03087511972210466 0.022152360060969656 0.031999578088501845
v 0.03265557634964056 0.01956966683832273 0.03236767350393466
v 0.029170037701420348 0.02480871699866327 0.03270668948073041
v 0.031113811063397945 0.022322114097352852 0.032706685666032964
v 0.02701237806829737 0.027141801215924133 0.03270669329542786
v 0.027241233212224047 0.027371753085366768 0.032923467292540476
v 0.029428286996523445 0.025028353926209723 0.032929368629490696
v 0.027511185999093968 0.027642999054671158 0.03299958576539419
v 0.03138926845868362 0.022519736405933743 0.032929368629490696
v 0.029708709220536145 0.02526681066361003 0.0329995781359993
v 0.032846589694894845 0.01968413446460926 0.032706685666032964
v 0.03259736025190474 0.019529778454470126 0.03199957618115312
v 0.03410255975577092 0.016763518175985093 0.03199956473706078
v 0.03417168588820463 0.016797499500841306 0.032381887066621484
v 0.03436541529804105 0.016892727700554833 0.03270668948073041
v 0.03313738789596288 0.01985840319542076 0.032929368629490696
v 0.03345311895954328 0.02004764270636228 0.03299957432130185
v 0.035000001662410796 0.017204645974037147 0.032999566691906956
v 0.03465690395934695 0.017036009644005867 0.03292255176515324
v 0.03632424336349249 0.003577625683004876 0.025000001187436283
v 0.03579866579336288 0.007120797018670133 0.025000001187436283
v 0.035822843345780786 0.00699814209798838 0.030500001448672265
v 0.03633031636182782 0.0035154136896935195 0.030500001448672265
v 0.03492832349738517 0.010595390823078255 0.025000001187436283
v 0.0337216049952449 0.013967945762318745 0.025000001187436283
v 0.033816495594234386 0.01373662155546962 0.030500001448672265
v 0.03219012604066762 0.017205981118143532 0.025000001187436283
v 0.030348641883377603 0.020278313646273638 0.025000001187436283
v 0.030555402299692336 0.019965409273501322 0.030500001448672265
v 0.032336274729249936 0.016929718821696582 0.030500001448672265
v 0.034982297651560135 0.010415803450351535 0.030500001448672265
v 0.028214883237107635 0.02315535655331158 0.025000001187436283
v 0.02580939796965498 0.02580939796965498 0.025000001187436283
v 0.026160563757818833 0.025453389423082395 0.030500001448672265
v 0.02315535655331158 0.028214883237107635 0.025000001187436283
v 0.020278313646273638 0.030348641883377603 0.025000001187436283
v 0.020795048747721534 0.0299969344081763 0.030500001448672265
v 0.023587460684553196 0.027854655635158876 0.030500001448672265
v 0.017205981118143532 0.03219012604066762 0.025000001187436283
v 0.013967945762318745 0.0337216049952449 0.025000001187436283
v 0.014657944421800906 0.03342745748981857 0.030500001448672265
v 0.010595390823078255 0.03492832349738517 0.025000001187436283
v 0.007120797018670133 0.03579866579336288 0.025000001187436283
v 0.007976962945261123 0.03561766602890648 0.030500001448672265
v 0.003577625683004876 0.03632424336349249 0.025000001187436283
v 0.004509445404616841 0.03622036915201576 0.030500001448672265
v 0.011370312277121375 0.03468380139104443 0.030500001448672265
v 0.017809288870798134 0.03186030920676486 0.030500001448672265
v 0.028490430277783307 0.022815465103451782 0.030500001448672265
v 0.03650000173365697 -5.268269252698201e-16 0.030500001448672265
v 0.0010000000474974513 0.03648629934042802 0.030500001448672265
v -0.03633031636182782 0.0035154136896935195 0.030500001448672265
v -0.0010000000474974513 0.03648629934042802 0.030500001448672265
v -2.848485539551389e-17 0.03650000173365697 0.025000001187436283
v -0.003577625683004876 0.03632424336349249 0.025000001187436283
v -0.004509445404616841 0.03622036915201576 0.030500001448672265
v -0.007120797018670133 0.03579866579336288 0.025000001187436283
v -0.007976962945261123 0.03561766602890648 0.030500001448672265
v -0.013967945762318745 0.0337216049952449 0.025000001187436283
v -0.011370312277121375 0.03468380139104443 0.030500001448672265
v -0.010595390823078255 0.03492832349738517 0.025000001187436283
v -0.014657944421800906 0.03342745748981857 0.030500001448672265
v -0.017205981118143532 0.03219012604066762 0.025000001187436283
v -0.020278313646273638 0.030348641883377603 0.025000001187436283
v -0.017809288870798134 0.03186030920676486 0.030500001448672265
v -0.020795048747721534 0.0299969344081763 0.030500001448672265
v -0.02315535655331158 0.028214883237107635 0.025000001187436283
v -0.026160563757818833 0.025453389423082395 0.030500001448672265
v -0.02580939796965498 0.02580939796965498 0.025000001187436283
v -0.028214883237107635 0.02315535655331158 0.025000001187436283
v -0.023587460684553196 0.027854655635158876 0.030500001448672265
v -0.030555402299692336 0.019965409273501322 0.030500001448672265
v -0.030348641883377603 0.020278313646273638 0.025000001187436283
v -0.03219012604066762 0.017205981118143532 0.025000001187436283
v -0.033816495594234386 0.01373662155546962 0.030500001448672265
v -0.0337216049952449 0.013967945762318745 0.025000001187436283
v -0.03492832349738517 0.010595390823078255 0.025000001187436283
v -0.034982297651560135 0.010415803450351535 0.030500001448672265
v -0.03579866579336288 0.007120797018670133 0.025000001187436283
v -0.032336274729249936 0.016929718821696582 0.030500001448672265
v -0.028490430277783307 0.022815465103451782 0.030500001448672265
v -0.035822843345780786 0.00699814209798838 0.030500001448672265
v -0.03632424336349249 0.003577625683004876 0.025000001187436283
v -0.0010000000474974513 0.03648629934042802 0.034000001614913344
v 0.0010000000474974513 0.03648629934042802 0.034000001614913344
v -0.03219012604066762 0.017205981118143532 0.025000001187436283
v -0.030348641883377603 0.020278313646273638 0.025000001187436283
v -0.028214883237107635 0.02315535655331158 0.025000001187436283
v -0.03650000173365697 -5.010797787456882e-16 0.025000001187436283
v -0.03492832349738517 0.010595390823078255 0.025000001187436283
v -0.03579866579336288 0.007120797018670133 0.025000001187436283
v -0.0337216049952449 0.013967945762318745 0.025000001187436283
v -0.03632424336349249 0.003577625683004876 0.025000001187436283
v -0.02580939796965498 0.02580939796965498 0.025000001187436283
v -0.020278313646273638 0.030348641883377603 0.025000001187436283
v -0.013967945762318745 0.0337216049952449 0.025000001187436283
v -0.010595390823078255 0.03492832349738517 0.025000001187436283
v -0.007120797018670133 0.03579866579336288 0.025000001187436283
v 0.007120797018670133 0.03579866579336288 0.025000001187436283
v 0.007120797018670133 -0.03579866579336288 0.025000001187436283
v -0.017205981118143532 0.03219012604066762 0.025000001187436283
v -0.02315535655331158 0.028214883237107635 0.025000001187436283
v -0.003577625683004876 0.03632424336349249 0.025000001187436283
v 0.003577625683004876 0.03632424336349249 0.025000001187436283
v -0.03632424336349249 -0.003577625683004876 0.025000001187436283
v -0.03492832349738517 -0.010595390823078255 0.025000001187436283
v -0.03579866579336288 -0.007120797018670133 0.025000001187436283
v -0.02315535655331158 -0.028214883237107635 0.025000001187436283
v -0.028214883237107635 -0.02315535655331158 0.025000001187436283
v -0.03219012604066762 -0.017205981118143532 0.025000001187436283
v -0.0337216049952449 -0.013967945762318745 0.025000001187436283
v -0.030348641883377603 -0.020278313646273638 0.025000001187436283
v -0.017205981118143532 -0.03219012604066762 0.025000001187436283
v -0.013967945762318745 -0.0337216049952449 0.025000001187436283
v -0.020278313646273638 -0.030348641883377603 0.025000001187436283
v -0.02580939796965498 -0.02580939796965498 0.025000001187436283
v -0.010595390823078255 -0.03492832349738517 0.025000001187436283
v -0.007120797018670133 -0.03579866579336288 0.025000001187436283
v -0.003577625683004876 -0.03632424336349249 0.025000001187436283
v -2.848485539551389e-17 0.03650000173365697 0.025000001187436283
v 0.03650000173365697 -5.268269252698201e-16 0.025000001187436283
v 0.010595390823078255 0.03492832349738517 0.025000001187436283
v 0.013967945762318745 0.0337216049952449 0.025000001187436283
v 0.02315535655331158 0.028214883237107635 0.025000001187436283
v 0.017205981118143532 0.03219012604066762 0.025000001187436283
v 0.020278313646273638 0.030348641883377603 0.025000001187436283
v 0.02580939796965498 0.02580939796965498 0.025000001187436283
v 0.030348641883377603 0.020278313646273638 0.025000001187436283
v 0.03219012604066762 0.017205981118143532 0.025000001187436283
v 0.0337216049952449 0.013967945762318745 0.025000001187436283
v 0.03492832349738517 0.010595390823078255 0.025000001187436283
v 0.03579866579336288 0.007120797018670133 0.025000001187436283
v 0.03632424336349249 0.003577625683004876 0.025000001187436283
v 0.028214883237107635 0.02315535655331158 0.025000001187436283
v 0.017205981118143532 -0.03219012604066762 0.025000001187436283
v 0.013967945762318745 -0.0337216049952449 0.025000001187436283
v 0.020278313646273638 -0.030348641883377603 0.025000001187436283
v 0.02315535655331158 -0.028214883237107635 0.025000001187436283
v 0.003577625683004876 -0.03632424336349249 0.025000001187436283
v 3.21195213786645e-17 -0.03650000173365697 0.025000001187436283
v 0.010595390823078255 -0.03492832349738517 0.025000001187436283
v 0.03492832349738517 -0.010595390823078255 0.025000001187436283
v 0.0337216049952449 -0.013967945762318745 0.025000001187436283
v 0.03579866579336288 -0.007120797018670133 0.025000001187436283
v 0.028214883237107635 -0.02315535655331158 0.025000001187436283
v 0.02580939796965498 -0.02580939796965498 0.025000001187436283
v 0.030348641883377603 -0.020278313646273638 0.025000001187436283
v 0.03219012604066762 -0.017205981118143532 0.025000001187436283
v 0.03632424336349249 -0.003577625683004876 0.025000001187436283
v -0.0010000000474974513 0.03815270795839654 0.033448243776206255
v -0.0010000000474974513 0.03648629934042802 0.034000001614913344
v -0.0010000000474974513 0.03798684109871164 0.03289677585450512
v -0.0010000000474974513 0.03831857481808143 0.034000001614913344
v -0.0010000000474974513 0.03648629934042802 0.030500001448672265
v -0.0010000000474974513 0.03798684109871164 0.030500001448672265
v 0.0010000000474974513 0.03648629934042802 0.030500001448672265
v 0.0010000000474974513 0.03798684109871164 0.03289751972050725
v 0.0010000000474974513 0.03798684109871164 0.030500001448672265
v 0.0010000000474974513 0.03648629934042802 0.034000001614913344
v 0.0010000000474974513 0.038152460003062494 0.03344860998716115
v 0.0010000000474974513 0.038318090351505685 0.034000001614913344
v -0.0010000000474974513 0.03648629934042802 0.034000001614913344
v -0.0010000000474974513 0.03831857481808143 0.034000001614913344
v -2.921092848329086e-08 0.0383322543231257 0.034000001614913344
v 0.0010000000474974513 0.038318090351505685 0.034000001614913344
v 0.0010000000474974513 0.03648629934042802 0.034000001614913344
v 0.08750000415602699 -0.0313483195889408 0.003087540057920418
v 0.08750000415602699 -0.03089473871107362 0.006145345502917288
v 0.08600000408478081 -0.03089473871107362 0.006145345502917288
v 0.08600000408478081 -0.0313483195889408 0.003087540057920418
v 0.08750000415602699 -0.03014362287644734 0.009143968062794161
v 0.08750000415602699 -0.029102206658769836 0.012054528808948528
v 0.08600000408478081 -0.029102206658769836 0.012054528808948528
v 0.08750000415602699 -0.027780520804977504 0.014848997821378385
v 0.08750000415602699 -0.026191294960450362 0.017500462409596462
v 0.08600000408478081 -0.026191294960450362 0.017500462409596462
v 0.08600000408478081 -0.027780520804977504 0.014848997821378385
v 0.08600000408478081 -0.03014362287644734 0.009143968062794161
v 0.08750000415602699 -0.024349829876647577 0.019983389849916877
v 0.08750000415602699 -0.022273863896696833 0.022273863896696833
v 0.08600000408478081 -0.022273863896696833 0.022273863896696833
v 0.08750000415602699 -0.019983389849916877 0.024349829876647577
v 0.08750000415602699 -0.017500462409596462 0.026191294960450362
v 0.08600000408478081 -0.017500462409596462 0.026191294960450362
v 0.08600000408478081 -0.019983389849916877 0.024349829876647577
v 0.08750000415602699 -0.014848997821378385 0.027780520804977504
v 0.08750000415602699 -0.012054528808948528 0.029102206658769836
v 0.08600000408478081 -0.014848997821378385 0.027780520804977504
v 0.08750000415602699 -0.009143968062794161 0.03014362287644734
v 0.08750000415602699 -0.006145345502917288 0.03089473871107362
v 0.08600000408478081 -0.006145345502917288 0.03089473871107362
v 0.08600000408478081 -0.012054528808948528 0.029102206658769836
v 0.08600000408478081 -0.024349829876647577 0.019983389849916877
v 0.08600000408478081 -0.009143968062794161 0.03014362287644734
v 0.08600000408478081 -0.003087540057920418 0.0313483195889408
v 0.08750000415602699 -0.003087540057920418 0.0313483195889408
v 0.08600000408478081 0.0313483195889408 0.003087540057920418
v 0.08750000415602699 -5.808378685203918e-16 0.031500001496169716
v 0.08750000415602699 0.003087540057920418 0.0313483195889408
v 0.08600000408478081 0.003087540057920418 0.0313483195889408
v 0.08750000415602699 0.006145345502917288 0.03089473871107362
v 0.08750000415602699 0.009143968062794161 0.03014362287644734
v 0.08600000408478081 0.006145345502917288 0.03089473871107362
v 0.08750000415602699 0.012054528808948528 0.029102206658769836
v 0.08750000415602699 0.014848997821378385 0.027780520804977504
v 0.08600000408478081 0.014848997821378385 0.027780520804977504
v 0.08750000415602699 0.017500462409596462 0.026191294960450362
v 0.08750000415602699 0.019983389849916877 0.024349829876647577
v 0.08600000408478081 0.017500462409596462 0.026191294960450362
v 0.08600000408478081 0.012054528808948528 0.029102206658769836
v 0.08750000415602699 0.022273863896696833 0.022273863896696833
v 0.08750000415602699 0.024349829876647577 0.019983389849916877
v 0.08600000408478081 0.022273863896696833 0.022273863896696833
v 0.08750000415602699 0.026191294960450362 0.017500462409596462
v 0.08750000415602699 0.027780520804977504 0.014848997821378385
v 0.08600000408478081 0.027780520804977504 0.014848997821378385
v 0.08600000408478081 0.024349829876647577 0.019983389849916877
v 0.08750000415602699 0.029102206658769836 0.012054528808948528
v 0.08750000415602699 0.03014362287644734 0.009143968062794161
v 0.08600000408478081 0.029102206658769836 0.012054528808948528
v 0.08750000415602699 0.03089473871107362 0.006145345502917288
v 0.08750000415602699 0.0313483195889408 0.003087540057920418
v 0.08600000408478081 0.03089473871107362 0.006145345502917288
v 0.08600000408478081 0.019983389849916877 0.024349829876647577
v 0.08600000408478081 -5.842583096966113e-16 0.031500001496169716
v 0.08600000408478081 0.009143968062794161 0.03014362287644734
v 0.08600000408478081 0.026191294960450362 0.017500462409596462
v 0.08600000408478081 0.03014362287644734 0.009143968062794161
v 0.08800000417977571 0.023963324731336444 0.019666192035168173
v 0.08800000417977571 0.021920312015279997 0.021920312015279997
v 0.08800000417977571 0.019987368579353904 0.01863437931831302
v 0.08800000417977571 0.02017767048353436 0.017677670364790732
v 0.08800000417977571 0.02577555969595302 0.017222678048868234
v 0.08800000417977571 0.019987368579353904 0.016720961411268442
v 0.08800000417977571 0.019445437401269805 0.019445437401269805
v 0.08800000417977571 0.019666192035168173 0.023963324731336444
v 0.08800000417977571 0.017222678048868234 0.02577555969595302
v 0.08800000417977571 0.017677670364790732 0.02017767048353436
v 0.08800000417977571 0.016720961411268442 0.019987368579353904
v 0.08800000417977571 0.01863437931831302 0.019987368579353904
v 0.08800000417977571 0.01590990332831166 0.019445437401269805
v 0.08800000417977571 0.029665151097739706 0.008998825500663443
v 0.08800000417977571 0.015937761110091375 0.0031702179030339284
v 0.08800000417977571 0.030404346002844695 0.006047800351342003
v 0.08800000417977571 0.03100000147242099 5.441423395182637e-16
v 0.08800000417977571 0.030850728546629735 0.0030385314477282543
v 0.08800000417977571 0.016250000771833584 2.7861194493597255e-16
v 0.08800000417977571 0.015013043163032425 0.006218606290546158
v 0.08800000417977571 0.02864026777879669 0.011863187399713815
v 0.08800000417977571 0.01863437931831302 0.015367971196553198
v 0.08800000417977571 0.019445437401269805 0.01590990332831166
v 0.08800000417977571 0.02733956085361311 0.014613299110232125
v 0.08800000417977571 0.017677670364790732 0.015177670246047104
v 0.08800000417977571 0.01351138179104816 0.009028016519200821
v 0.08800000417977571 0.016720961411268442 0.015367971196553198
v 0.08800000417977571 0.014613299110232125 0.02733956085361311
v 0.08800000417977571 0.011863187399713815 0.02864026777879669
v 0.08800000417977571 0.015367971196553198 0.01863437931831302
v 0.08800000417977571 0.006218606290546158 0.015013043163032425
v 0.08800000417977571 0.015177670246047104 0.017677670364790732
v 0.08800000417977571 0.0031702179030339284 0.015937761110091375
v 0.08800000417977571 0.006047800351342003 0.030404346002844695
v 0.08800000417977571 0.0030385314477282543 0.030850728546629735
v 0.08800000417977571 -0.0030385314477282543 0.030850728546629735
v 0.08800000417977571 -3.121312493128331e-16 0.016250000771833584
v 0.08800000417977571 -5.645759735729918e-16 0.03100000147242099
v 0.08800000417977571 0.008998825500663443 0.029665151097739706
v 0.08800000417977571 -0.0031702179030339284 0.015937761110091375
v 0.08800000417977571 -0.006047800351342003 0.030404346002844695
v 0.08800000417977571 0.011490485737113976 0.011490485737113976
v 0.08800000417977571 0.01590990332831166 0.01590990332831166
v 0.08800000417977571 0.015367971196553198 0.016720961411268442
v 0.08800000417977571 0.009028016519200821 0.01351138179104816
v 0.08800000417977571 0.015937761110091375 -0.0031702179030339284
v 0.08800000417977571 0.029665151097739706 -0.008998825500663443
v 0.08800000417977571 0.030404346002844695 -0.006047800351342003
v 0.08800000417977571 0.02864026777879669 -0.011863187399713815
v 0.08800000417977571 0.019445437401269805 -0.01590990332831166
v 0.08800000417977571 0.02733956085361311 -0.014613299110232125
v 0.08800000417977571 0.015013043163032425 -0.006218606290546158
v 0.08800000417977571 0.01863437931831302 -0.015367971196553198
v 0.08800000417977571 0.030850728546629735 -0.0030385314477282543
v 0.08800000417977571 0.017677670364790732 -0.015177670246047104
v 0.08800000417977571 0.016720961411268442 -0.015367971196553198
v 0.08800000417977571 0.01351138179104816 -0.009028016519200821
v 0.08800000417977571 0.02577555969595302 -0.017222678048868234
v 0.08800000417977571 0.019987368579353904 -0.016720961411268442
v 0.08800000417977571 0.02017767048353436 -0.017677670364790732
v 0.08800000417977571 0.023963324731336444 -0.019666192035168173
v 0.08800000417977571 0.019987368579353904 -0.01863437931831302
v 0.08800000417977571 0.021920312015279997 -0.021920312015279997
v 0.08800000417977571 0.019445437401269805 -0.019445437401269805
v 0.08800000417977571 0.01863437931831302 -0.019987368579353904
v 0.08800000417977571 0.019666192035168173 -0.023963324731336444
v 0.08800000417977571 0.017677670364790732 -0.02017767048353436
v 0.08800000417977571 0.017222678048868234 -0.02577555969595302
v 0.08800000417977571 0.016720961411268442 -0.019987368579353904
v 0.08800000417977571 0.01590990332831166 -0.019445437401269805
v 0.08800000417977571 0.015367971196553198 -0.016720961411268442
v 0.08800000417977571 0.01590990332831166 -0.01590990332831166
v 0.08800000417977571 0.011490485737113976 -0.011490485737113976
v 0.08800000417977571 0.009028016519200821 -0.01351138179104816
v 0.08800000417977571 0.015177670246047104 -0.017677670364790732
v 0.08800000417977571 2.6282284347339567e-16 -0.016250000771833584
v 0.08800000417977571 -0.0031702179030339284 -0.015937761110091375
v 0.08800000417977571 -0.0030385314477282543 -0.030850728546629735
v 0.08800000417977571 0.008998825500663443 -0.029665151097739706
v 0.08800000417977571 0.006218606290546158 -0.015013043163032425
v 0.08800000417977571 0.0031702179030339284 -0.015937761110091375
v 0.08800000417977571 0.0030385314477282543 -0.030850728546629735
v 0.08800000417977571 0.015367971196553198 -0.01863437931831302
v 0.08800000417977571 0.011863187399713815 -0.02864026777879669
v 0.08800000417977571 0.014613299110232125 -0.02733956085361311
v 0.08800000417977571 5.170738757437645e-16 -0.03100000147242099
v 0.08800000417977571 0.006047800351342003 -0.030404346002844695
v 0.08800000417977571 -0.006047800351342003 -0.030404346002844695
v 0.08800000417977571 -0.008998825500663443 -0.029665151097739706
v 0.08800000417977571 -0.008998825500663443 0.029665151097739706
v 0.08800000417977571 -0.011863187399713815 0.02864026777879669
v 0.08800000417977571 -0.015367971196553198 0.01863437931831302
v 0.08800000417977571 -0.006218606290546158 0.015013043163032425
v 0.08800000417977571 -0.014613299110232125 0.02733956085361311
v 0.08800000417977571 -0.01590990332831166 0.019445437401269805
v 0.08800000417977571 -0.015177670246047104 0.017677670364790732
v 0.08800000417977571 -0.009028016519200821 0.01351138179104816
v 0.08800000417977571 -0.015367971196553198 0.016720961411268442
v 0.08800000417977571 -0.016720961411268442 0.019987368579353904
v 0.08800000417977571 -0.017222678048868234 0.02577555969595302
v 0.08800000417977571 -0.017677670364790732 0.02017767048353436
v 0.08800000417977571 -0.01863437931831302 0.019987368579353904
v 0.08800000417977571 -0.019666192035168173 0.023963324731336444
v 0.08800000417977571 -0.01351138179104816 0.009028016519200821
v 0.08800000417977571 -0.011490485737113976 0.011490485737113976
v 0.08800000417977571 -0.016720961411268442 0.015367971196553198
v 0.08800000417977571 -0.015013043163032425 0.006218606290546158
v 0.08800000417977571 -0.017677670364790732 0.015177670246047104
v 0.08800000417977571 -0.022807969222968794 0.0021920310107931273
v 0.08800000417977571 -0.015937761110091375 0.0031702179030339284
v 0.08800000417977571 -0.01863437931831302 0.015367971196553198
v 0.08800000417977571 -0.016250000771833584 -2.9037196119884184e-16
v 0.08800000417977571 -0.02213597402808687 0.0011863186922876634
v 0.08800000417977571 -0.023813681779892848 0.002864026682512233
v 0.08800000417977571 -0.01590990332831166 0.01590990332831166
v 0.08800000417977571 -0.019987368579353904 0.01863437931831302
v 0.08800000417977571 -0.019445437401269805 0.019445437401269805
v 0.08800000417977571 -0.021920312015279997 0.021920312015279997
v 0.08800000417977571 -0.019445437401269805 0.01590990332831166
v 0.08800000417977571 -0.019987368579353904 0.016720961411268442
v 0.08800000417977571 -0.02577555969595302 0.017222678048868234
v 0.08800000417977571 -0.023963324731336444 0.019666192035168173
v 0.08800000417977571 -0.02017767048353436 0.017677670364790732
v 0.08800000417977571 -0.02864026777879669 0.011863187399713815
v 0.08800000417977571 -0.02733956085361311 0.014613299110232125
v 0.08800000417977571 -0.025000001187436283 0.003100000051874663
v 0.08800000417977571 -0.02190000065872444 -3.9001323555915764e-16
v 0.08800000417977571 -0.026186320594979717 0.002864026682512233
v 0.08800000417977571 -0.029665151097739706 0.008998825500663443
v 0.08800000417977571 -0.030404346002844695 0.006047800351342003
v 0.08800000417977571 -0.02719203315190377 0.0021920310107931273
v 0.08800000417977571 -0.030850728546629735 0.0030385314477282543
v 0.08800000417977571 -0.027864028346785696 0.0011863186922876634
v 0.08800000417977571 -0.03100000147242099 -5.577115640322924e-16
v 0.08800000417977571 -0.02213597402808687 -0.0011863186922876634
v 0.08800000417977571 -0.01351138179104816 -0.009028016519200821
v 0.08800000417977571 -0.015013043163032425 -0.006218606290546158
v 0.08800000417977571 -0.017677670364790732 -0.015177670246047104
v 0.08800000417977571 -0.015367971196553198 -0.016720961411268442
v 0.08800000417977571 -0.009028016519200821 -0.01351138179104816
v 0.08800000417977571 -0.011490485737113976 -0.011490485737113976
v 0.08800000417977571 -0.015177670246047104 -0.017677670364790732
v 0.08800000417977571 -0.006218606290546158 -0.015013043163032425
v 0.08800000417977571 -0.016720961411268442 -0.015367971196553198
v 0.08800000417977571 -0.01863437931831302 -0.015367971196553198
v 0.08800000417977571 -0.01590990332831166 -0.01590990332831166
v 0.08800000417977571 -0.019445437401269805 -0.01590990332831166
v 0.08800000417977571 -0.02864026777879669 -0.011863187399713815
v 0.08800000417977571 -0.015937761110091375 -0.0031702179030339284
v 0.08800000417977571 -0.022807969222968794 -0.0021920310107931273
v 0.08800000417977571 -0.023813681779892848 -0.002864026682512233
v 0.08800000417977571 -0.011863187399713815 -0.02864026777879669
v 0.08800000417977571 -0.015367971196553198 -0.01863437931831302
v 0.08800000417977571 -0.014613299110232125 -0.02733956085361311
v 0.08800000417977571 -0.01590990332831166 -0.019445437401269805
v 0.08800000417977571 -0.017222678048868234 -0.02577555969595302
v 0.08800000417977571 -0.016720961411268442 -0.019987368579353904
v 0.08800000417977571 -0.017677670364790732 -0.02017767048353436
v 0.08800000417977571 -0.019666192035168173 -0.023963324731336444
v 0.08800000417977571 -0.01863437931831302 -0.019987368579353904
v 0.08800000417977571 -0.029665151097739706 -0.008998825500663443
v 0.08800000417977571 -0.025000001187436283 -0.003100000051874663
v 0.08800000417977571 -0.026186320594979717 -0.002864026682512233
v 0.08800000417977571 -0.027864028346785696 -0.0011863186922876634
v 0.08800000417977571 -0.028100001716148126 -4.98557870162594e-16
v 0.08800000417977571 -0.030850728546629735 -0.0030385314477282543
v 0.08800000417977571 -0.02719203315190377 -0.0021920310107931273
v 0.08800000417977571 -0.030404346002844695 -0.006047800351342003
v 0.08800000417977571 -0.02017767048353436 -0.017677670364790732
v 0.08800000417977571 -0.019987368579353904 -0.016720961411268442
v 0.08800000417977571 -0.02577555969595302 -0.017222678048868234
v 0.08800000417977571 -0.021920312015279997 -0.021920312015279997
v 0.08800000417977571 -0.019987368579353904 -0.01863437931831302
v 0.08800000417977571 -0.019445437401269805 -0.019445437401269805
v 0.08800000417977571 -0.023963324731336444 -0.019666192035168173
v 0.08800000417977571 -0.02733956085361311 -0.014613299110232125
v 0.08750000415602699 0.01544736935553681 -0.003072672751458644
v 0.08600000408478081 0.014551103329384918 -0.006027264404474264
v 0.08750000415602699 0.013095647480225181 -0.008750231204798231
v 0.08750000415602699 0.014551103329384918 -0.006027264404474264
v 0.08600000408478081 0.01544736935553681 -0.003072672751458644
v 0.08600000408478081 0.008750231204798231 -0.013095647480225181
v 0.08750000415602699 0.008750231204798231 -0.013095647480225181
v 0.08750000415602699 0.011136931948348416 -0.011136931948348416
v 0.08600000408478081 0.003072672751458644 -0.01544736935553681
v 0.08750000415602699 0.003072672751458644 -0.01544736935553681
v 0.08750000415602699 0.006027264404474264 -0.014551103329384918
v 0.08600000408478081 0.011136931948348416 -0.011136931948348416
v 0.08600000408478081 0.013095647480225181 -0.008750231204798231
v 0.08600000408478081 0.006027264404474264 -0.014551103329384918
v 0.08600000408478081 2.5260087648546773e-16 -0.015750000748084858
v 0.08750000415602699 2.5023487618218225e-16 -0.015750000748084858
v 0.08600000408478081 -0.003072672751458644 -0.01544736935553681
v 0.08750000415602699 -0.003072672751458644 -0.01544736935553681
v 0.08600000408478081 -0.008750231204798231 -0.013095647480225181
v 0.08750000415602699 -0.008750231204798231 -0.013095647480225181
v 0.08750000415602699 -0.006027264404474264 -0.014551103329384918
v 0.08600000408478081 -0.006027264404474264 -0.014551103329384918
v 0.08600000408478081 -0.013095647480225181 -0.008750231204798231
v 0.08750000415602699 -0.013095647480225181 -0.008750231204798231
v 0.08750000415602699 -0.011136931948348416 -0.011136931948348416
v 0.08600000408478081 -0.01544736935553681 -0.003072672751458644
v 0.08750000415602699 -0.01544736935553681 -0.003072672751458644
v 0.08750000415602699 -0.014551103329384918 -0.006027264404474264
v 0.08600000408478081 -0.014551103329384918 -0.006027264404474264
v 0.08600000408478081 -0.011136931948348416 -0.011136931948348416
v 0.08600000408478081 0.01544736935553681 0.003072672751458644
v 0.08600000408478081 0.014551103329384918 0.006027264404474264
v 0.08600000408478081 0.011136931948348416 0.011136931948348416
v 0.08600000408478081 0.01544736935553681 -0.003072672751458644
v 0.08600000408478081 0.015750000748084858 2.71928814007123e-16
v 0.08600000408478081 0.013095647480225181 0.008750231204798231
v 0.08600000408478081 0.006027264404474264 0.014551103329384918
v 0.08600000408478081 0.003072672751458644 -0.01544736935553681
v 0.08600000408478081 0.008750231204798231 0.013095647480225181
v 0.08600000408478081 -0.003072672751458644 0.01544736935553681
v 0.08600000408478081 0.013095647480225181 -0.008750231204798231
v 0.08600000408478081 0.014551103329384918 -0.006027264404474264
v 0.08600000408478081 0.011136931948348416 -0.011136931948348416
v 0.08600000408478081 0.008750231204798231 -0.013095647480225181
v 0.08600000408478081 0.006027264404474264 -0.014551103329384918
v 0.08600000408478081 -0.003072672751458644 -0.01544736935553681
v 0.08600000408478081 2.5260087648546773e-16 -0.015750000748084858
v 0.08600000408478081 0.003072672751458644 0.01544736935553681
v 0.08600000408478081 -3.0466228861204113e-16 0.015750000748084858
v 0.08600000408478081 -0.006027264404474264 -0.014551103329384918
v 0.08600000408478081 -0.006027264404474264 0.014551103329384918
v 0.08600000408478081 -0.008750231204798231 0.013095647480225181
v 0.08600000408478081 -0.011136931948348416 0.011136931948348416
v 0.08600000408478081 -0.014551103329384918 0.006027264404474264
v 0.08600000408478081 -0.013095647480225181 0.008750231204798231
v 0.08600000408478081 -0.01544736935553681 0.003072672751458644
v 0.08600000408478081 -0.01544736935553681 -0.003072672751458644
v 0.08600000408478081 -0.013095647480225181 -0.008750231204798231
v 0.08600000408478081 -0.011136931948348416 -0.011136931948348416
v 0.08600000408478081 -0.008750231204798231 -0.013095647480225181
v 0.08600000408478081 -0.014551103329384918 -0.006027264404474264
v 0.08600000408478081 -0.015750000748084858 -2.834471886993222e-16
v 0.08500000403728336 -0.036779451209820735 0.007315887321820702
v 0.06760000168494873 -0.037211881497694055 0.004638491374033549
v 0.08500000403728336 -0.037319429262812065 0.0036756429033892035
v 0.08500000403728336 -0.03464548275519119 0.014350629534462533
v 0.06760000168494873 -0.03561157395708392 0.011749698243322393
v 0.08500000403728336 -0.035885263240102994 0.01088567594733969
v 0.06760000168494873 -0.036585054227931124 0.008233100328490228
v 0.06860000173244618 -0.037486665598880364 0.0010000000474974513
v 0.08500000403728336 -0.037500001781154424 -6.676440316925374e-16
v 0.08500000403728336 -0.03307204975809386 0.01767737854043605
v 0.08500000403728336 -0.031180112412372285 0.020833884275078818
v 0.06760000168494873 -0.03266579973879802 0.01841698161816785
v 0.06760000168494873 -0.03430119486652394 0.0151551387355775
v 0.08500000403728336 -0.028987893527729902 0.02378974836811154
v 0.06760000168494873 -0.030721372156208293 0.02150459010222372
v 0.08500000403728336 -0.026516505547186098 0.026516505547186098
v 0.06760000168494873 -0.02848585264084713 0.024388436522158052
v 0.08500000403728336 -0.020833884275078818 0.031180112412372285
v 0.06760000168494873 -0.02322965923018061 0.029438453165219203
v 0.08500000403728336 -0.02378974836811154 0.028987893527729902
v 0.06760000168494873 -0.025980843824355837 0.02704155859641677
v 0.08500000403728336 -0.01767737854043605 0.03307204975809386
v 0.06760000168494873 -0.020258711823443187 0.03155685002487085
v 0.08320000090002999 0.037445161690659035 0.002027313567132677
v 0.08500000403728336 -0.01088567594733969 0.035885263240102994
v 0.06760000168494873 -0.013771169362896685 0.0348798653957183
v 0.08500000403728336 -0.014350629534462533 0.03464548275519119
v 0.07599773767952289 -0.005999999808147527 0.03701688942300274
v 0.08500000403728336 -0.007315887321820702 0.036779451209820735
v 0.08188378532237639 -0.001175204213648487 0.03748158442188121
v 0.08500000403728336 -0.0036756429033892035 0.037319429262812065
v 0.08500000403728336 -6.858871435739315e-16 0.037500001781154424
v 0.08188490684342575 0.001169579680681751 0.03748175989796376
v 0.08200000389479101 -6.751246475672371e-16 0.037500001781154424
v 0.08500000403728336 0.0036756429033892035 0.037319429262812065
v 0.07933475108265142 -0.004987930534765539 0.03716679558857017
v 0.07829607763243818 -0.00554328897102524 0.037088029715688364
v 0.07717310699804525 -0.005884202282963602 0.037035474628963616
v 0.08154273611184149 -0.0022974144119472517 0.03742955957810157
v 0.08098693469384077 -0.003336241642151322 0.03735130105998019
v 0.0802425498928594 -0.004242735587413893 0.03725921807831156
v 0.06760000168494873 -0.01709580693383339 0.03337623373250276
v 0.06760000168494873 -0.010316045297419918 0.036052999301536826
v 0.06860000173244618 -0.037500001781154424 -6.676440316925374e-16
v 0.06760000168494873 -0.037486665598880364 0.0010000000474974513
v 0.06760000168494873 0.037500001781154424 6.515940982799259e-16
v 0.06980000636708006 0.037445161690659035 0.002027313567132677
v 0.07370130507533101 -0.0055421998749041745 0.03708819374767858
v 0.07266423379804543 -0.004987245796573836 0.03716688714130889
v 0.06760000168494873 -0.006763327919812601 0.03688505729393832
v 0.07482848713570522 -0.005884518426014507 0.03703542503789681
v 0.0717583041895864 -0.004243583880758628 0.03725912271087539
v 0.07101115754765353 -0.003333374658601451 0.03735155664470913
v 0.06760000168494873 -0.003146525294028951 0.03736762033565766
v 0.07045830107608175 -0.0022998946805434517 0.037429406990203695
v 0.07011545895774685 -0.0011713688929936017 0.03748170267750206
v 0.07000000332482159 -6.679992705512252e-16 0.037500001781154424
v 0.06760000168494873 0.0005000444888158401 0.03749666773558591
v 0.07011653470242685 0.0011767889820190475 0.037481531016116953
v 0.07046008635448686 0.0023041955134961434 0.037429143776079865
v 0.08500000403728336 0.007315887321820702 0.036779451209820735
v 0.07933559794548461 0.004987367866892134 0.037166871882519104
v 0.07717529663437972 0.005883765023268761 0.03703554329351766
v 0.07600375727209396 0.005999999331310346 0.03701688942300274
v 0.06760000168494873 0.011273789941299017 0.035765085011738584
v 0.08500000403728336 0.01088567594733969 0.035885263240102994
v 0.08500000403728336 0.014350629534462533 0.03464548275519119
v 0.06760000168494873 0.01797976007030133 0.0329084755315745
v 0.08500000403728336 0.01767737854043605 0.03307204975809386
v 0.08500000403728336 0.020833884275078818 0.031180112412372285
v 0.06760000168494873 0.014696402294110955 0.03450023052050888
v 0.08154315572856063 0.00229639445721741 0.037429624427958164
v 0.08098816302641865 0.0033344017658890057 0.037351465091970404
v 0.08024533462199557 0.004239948474091815 0.03725953469819965
v 0.08500000403728336 0.026516505547186098 0.026516505547186098
v 0.06760000168494873 0.02400642318309054 0.02880852836112946
v 0.08500000403728336 0.02378974836811154 0.028987893527729902
v 0.07830278387054967 0.005540506149237789 0.03708844551771007
v 0.06760000168494873 0.02669271214430058 0.02633912020856055
v 0.08500000403728336 0.028987893527729902 0.02378974836811154
v 0.06760000168494873 0.021093022394687022 0.031005395454610785
v 0.08500000403728336 0.03307204975809386 0.01767737854043605
v 0.06760000168494873 0.031283902700505184 0.02067770674690883
v 0.08500000403728336 0.031180112412372285 0.020833884275078818
v 0.08500000403728336 0.03464548275519119 0.014350629534462533
v 0.06760000168494873 0.033145303393165015 0.017539343713323108
v 0.07761170565169007 0.036857644878085516 0.006911159843643322
v 0.08500000403728336 0.035885263240102994 0.01088567594733969
v 0.08500000403728336 0.036779451209820735 0.007315887321820702
v 0.08500000403728336 0.037319429262812065 0.0036756429033892035
v 0.08151023488959463 0.037180002071131035 0.004888515704604135
v 0.06760000168494873 0.03469313214099934 0.01423505087754462
v 0.08278977596599457 0.03737394128932703 0.0030722605257157976
v 0.07972597882340171 0.03698184761225631 0.0062123330205948735
v 0.07869363014155528 0.03690612586793707 0.006647406416961654
v 0.07649258023232353 0.036840875468109324 0.006999996517784712
v 0.08222009667868235 0.03728229699786478 0.004034911824185861
v 0.08066822435155441 0.037075925680689625 0.005623695640646353
v 0.06760000168494873 0.029126080942740717 0.023620141197580047
v 0.06760000168494873 0.03591223696574941 0.010795877969441703
v 0.07101552919092757 0.0033399182952342787 0.037350972995999765
v 0.0717602191677047 0.004245497428365386 0.037258905273120924
v 0.06760000168494873 0.004141876417431689 0.03727042184471285
v 0.07483319447235459 0.005885453503726157 0.03703527626469638
v 0.06760000168494873 0.007744524369920347 0.03669158728352828
v 0.07267069589552033 0.004991563557246448 0.037166307307296975
v 0.07370437972147315 0.005543475891200134 0.03708800301280624
v 0.07429311723722964 0.03690691551030856 0.006643016653874734
v 0.07326887860215514 0.03698229774655504 0.0062096551029872105
v 0.06760000168494873 0.03679159339179394 0.007254570828734985
v 0.07538212180555615 0.03685783179826041 0.006910161823423799
v 0.07232188759037861 0.037077039572344095 0.00561634805652661
v 0.07148577457459115 0.037180539943471036 0.004884412520662906
v 0.07077340271458343 0.03728329644859585 0.004025670719620955
v 0.07020704221404994 0.0373743952383232 0.0030670458343060036
v 0.06760000168494873 0.037322339876963984 0.0036445247473854137
v 0.08600000408478081 0.03219012604066762 0.017205981118143532
v 0.08600000408478081 0.030348641883377603 0.020278313646273638
v 0.08600000408478081 0.026191294960450362 0.017500462409596462
v 0.08600000408478081 0.029102206658769836 0.012054528808948528
v 0.08600000408478081 0.0337216049952449 0.013967945762318745
v 0.08600000408478081 0.028214883237107635 0.02315535655331158
v 0.08600000408478081 0.024349829876647577 0.019983389849916877
v 0.08600000408478081 0.02580939796965498 0.02580939796965498
v 0.08600000408478081 0.022273863896696833 0.022273863896696833
v 0.08600000408478081 0.027780520804977504 0.014848997821378385
v 0.08600000408478081 0.0313483195889408 0.003087540057920418
v 0.08600000408478081 0.03632424336349249 0.003577625683004876
v 0.08600000408478081 0.03579866579336288 0.007120797018670133
v 0.08600000408478081 0.03650000173365697 6.452857218497959e-16
v 0.08600000408478081 0.03492832349738517 0.010595390823078255
v 0.08600000408478081 0.03089473871107362 0.006145345502917288
v 0.08600000408478081 0.03014362287644734 0.009143968062794161
v 0.08600000408478081 0.031500001496169716 5.48631587246885e-16
v 0.08600000408478081 0.009143968062794161 0.03014362287644734
v 0.08600000408478081 0.013967945762318745 0.0337216049952449
v 0.08600000408478081 0.010595390823078255 0.03492832349738517
v 0.08600000408478081 0.014848997821378385 0.027780520804977504
v 0.08600000408478081 0.017205981118143532 0.03219012604066762
v 0.08600000408478081 0.007120797018670133 0.03579866579336288
v 0.08600000408478081 0.003577625683004876 0.03632424336349249
v 0.08600000408478081 -6.596090632207154e-16 0.03650000173365697
v 0.08600000408478081 0.003087540057920418 0.0313483195889408
v 0.08600000408478081 0.006145345502917288 0.03089473871107362
v 0.08600000408478081 0.02315535655331158 0.028214883237107635
v 0.08600000408478081 0.020278313646273638 0.030348641883377603
v 0.08600000408478081 0.019983389849916877 0.024349829876647577
v 0.08600000408478081 0.017500462409596462 0.026191294960450362
v 0.08600000408478081 0.012054528808948528 0.029102206658769836
v 0.08600000408478081 0.03579866579336288 -0.007120797018670133
v 0.08600000408478081 0.03632424336349249 -0.003577625683004876
v 0.08600000408478081 0.03089473871107362 -0.006145345502917288
v 0.08600000408478081 0.03014362287644734 -0.009143968062794161
v 0.08600000408478081 0.03492832349738517 -0.010595390823078255
v 0.08600000408478081 0.0313483195889408 -0.003087540057920418
v 0.08600000408478081 0.029102206658769836 -0.012054528808948528
v 0.08600000408478081 0.0337216049952449 -0.013967945762318745
v 0.08600000408478081 0.030348641883377603 -0.020278313646273638
v 0.08600000408478081 0.03219012604066762 -0.017205981118143532
v 0.08600000408478081 0.026191294960450362 -0.017500462409596462
v 0.08600000408478081 0.028214883237107635 -0.02315535655331158
v 0.08600000408478081 0.027780520804977504 -0.014848997821378385
v 0.08600000408478081 0.024349829876647577 -0.019983389849916877
v 0.08600000408478081 0.022273863896696833 -0.022273863896696833
v 0.08600000408478081 0.02580939796965498 -0.02580939796965498
v 0.08600000408478081 0.019983389849916877 -0.024349829876647577
v 0.08600000408478081 0.02315535655331158 -0.028214883237107635
v 0.08600000408478081 0.020278313646273638 -0.030348641883377603
v 0.08600000408478081 0.017500462409596462 -0.026191294960450362
v 0.08600000408478081 0.017205981118143532 -0.03219012604066762
v 0.08600000408478081 0.013967945762318745 -0.0337216049952449
v 0.08600000408478081 0.014848997821378385 -0.027780520804977504
v 0.08600000408478081 0.012054528808948528 -0.029102206658769836
v 0.08600000408478081 0.010595390823078255 -0.03492832349738517
v 0.08600000408478081 0.009143968062794161 -0.03014362287644734
v 0.08600000408478081 0.007120797018670133 -0.03579866579336288
v 0.08600000408478081 0.003087540057920418 -0.0313483195889408
v 0.08600000408478081 0.003577625683004876 -0.03632424336349249
v 0.08600000408478081 6.139464228846966e-16 -0.03650000173365697
v 0.08600000408478081 5.302680747085177e-16 -0.031500001496169716
v 0.08600000408478081 0.006145345502917288 -0.03089473871107362
v 0.08600000408478081 -5.842583096966113e-16 0.031500001496169716
v 0.08600000408478081 -0.003577625683004876 0.03632424336349249
v 0.08600000408478081 -0.003087540057920418 0.0313483195889408
v 0.08600000408478081 -0.007120797018670133 0.03579866579336288
v 0.08600000408478081 -0.006145345502917288 0.03089473871107362
v 0.08600000408478081 -0.010595390823078255 0.03492832349738517
v 0.08600000408478081 -0.009143968062794161 0.03014362287644734
v 0.08600000408478081 -0.013967945762318745 0.0337216049952449
v 0.08600000408478081 -0.012054528808948528 0.029102206658769836
v 0.08600000408478081 -0.017205981118143532 0.03219012604066762
v 0.08600000408478081 -0.017500462409596462 0.026191294960450362
v 0.08600000408478081 -0.014848997821378385 0.027780520804977504
v 0.08600000408478081 -0.020278313646273638 0.030348641883377603
v 0.08600000408478081 -0.02315535655331158 0.028214883237107635
v 0.08600000408478081 -0.019983389849916877 0.024349829876647577
v 0.08600000408478081 -0.02580939796965498 0.02580939796965498
v 0.08600000408478081 -0.022273863896696833 0.022273863896696833
v 0.08600000408478081 -0.026191294960450362 0.017500462409596462
v 0.08600000408478081 -0.024349829876647577 0.019983389849916877
v 0.08600000408478081 -0.030348641883377603 0.020278313646273638
v 0.08600000408478081 -0.028214883237107635 0.02315535655331158
v 0.08600000408478081 -0.03219012604066762 0.017205981118143532
v 0.08600000408478081 -0.027780520804977504 0.014848997821378385
v 0.08600000408478081 -0.0337216049952449 0.013967945762318745
v 0.08600000408478081 -0.029102206658769836 0.012054528808948528
v 0.08600000408478081 -0.03014362287644734 0.009143968062794161
v 0.08600000408478081 -0.03492832349738517 0.010595390823078255
v 0.08600000408478081 -0.0313483195889408 0.003087540057920418
v 0.08600000408478081 -0.03089473871107362 0.006145345502917288
v 0.08600000408478081 -0.03632424336349249 0.003577625683004876
v 0.08600000408478081 -0.03579866579336288 0.007120797018670133
v 0.08600000408478081 -0.031500001496169716 -5.620787848006044e-16
v 0.08600000408478081 -0.03650000173365697 -6.593092813057843e-16
v 0.08600000408478081 -0.014848997821378385 -0.027780520804977504
v 0.08600000408478081 -0.017500462409596462 -0.026191294960450362
v 0.08600000408478081 -0.020278313646273638 -0.030348641883377603
v 0.08600000408478081 -0.013967945762318745 -0.0337216049952449
v 0.08600000408478081 -0.009143968062794161 -0.03014362287644734
v 0.08600000408478081 -0.012054528808948528 -0.029102206658769836
v 0.08600000408478081 -0.019983389849916877 -0.024349829876647577
v 0.08600000408478081 -0.022273863896696833 -0.022273863896696833
v 0.08600000408478081 -0.02315535655331158 -0.028214883237107635
v 0.08600000408478081 -0.02580939796965498 -0.02580939796965498
v 0.08600000408478081 -0.017205981118143532 -0.03219012604066762
v 0.08600000408478081 -0.003577625683004876 -0.03632424336349249
v 0.08600000408478081 -0.003087540057920418 -0.0313483195889408
v 0.08600000408478081 -0.007120797018670133 -0.03579866579336288
v 0.08600000408478081 -0.006145345502917288 -0.03089473871107362
v 0.08600000408478081 -0.010595390823078255 -0.03492832349738517
v 0.08600000408478081 -0.03089473871107362 -0.006145345502917288
v 0.08600000408478081 -0.0313483195889408 -0.003087540057920418
v 0.08600000408478081 -0.03579866579336288 -0.007120797018670133
v 0.08600000408478081 -0.0337216049952449 -0.013967945762318745
v 0.08600000408478081 -0.029102206658769836 -0.012054528808948528
v 0.08600000408478081 -0.03014362287644734 -0.009143968062794161
v 0.08600000408478081 -0.03632424336349249 -0.003577625683004876
v 0.08600000408478081 -0.03492832349738517 -0.010595390823078255
v 0.08600000408478081 -0.030348641883377603 -0.020278313646273638
v 0.08600000408478081 -0.024349829876647577 -0.019983389849916877
v 0.08600000408478081 -0.026191294960450362 -0.017500462409596462
v 0.08600000408478081 -0.028214883237107635 -0.02315535655331158
v 0.08600000408478081 -0.027780520804977504 -0.014848997821378385
v 0.08600000408478081 -0.03219012604066762 -0.017205981118143532
v 0.06560000158995383 -0.03600000170990825 0.0010000000474974513
v 0.06560000158995383 -0.03507612394996196 0.0003826834443182263
v 0.06560000158995383 -0.03529289413237713 0.0007071068026706998
v 0.06560000158995383 -0.035000001662410796 -6.186590162714583e-16
v 0.06560000158995383 -0.03900181001899039 1.5298185898184258e-06
v 0.06560000158995383 -0.03507612394996196 -0.0003826834443182263
v 0.06560000158995383 -0.03529289413237713 -0.0007071068026706998
v 0.06560000158995383 -0.03600000170990825 -0.0010000000474974513
v 0.06560000158995383 -0.03561731889143882 0.0009238795480857181
v 0.06560000158995383 -0.03898908418830782 0.0010000000474974513
v 0.06560000158995383 -0.03561731889143882 -0.0009238795480857181
v 0.06560000158995383 -0.03898901552375378 -0.0010000000474974513
v 0.06560000158995383 -0.03898901552375378 -0.0010000000474974513
v 0.06600000313483179 -0.0389879092614942 -0.0010000000474974513
v 0.06560000158995383 -0.03600000170990825 -0.0010000000474974513
v 0.06610000161370255 -0.03898718065428186 -0.0010000000474974513
v 0.06860000173244618 -0.037486665598880364 -0.0010000000474974513
v 0.06860000173244618 -0.03600000170990825 -0.0010000000474974513
v 0.06760000168494873 -0.037486665598880364 -0.0010000000474974513
v 0.06560000158995383 -0.03529289413237713 -0.0007071068026706998
v 0.06560000158995383 -0.03561731889143882 -0.0009238795480857181
v 0.06860000173244618 -0.03529289413237713 -0.0007071068026706998
v 0.06860000173244618 -0.03507612394996196 -0.0003826834443182263
v 0.06560000158995383 -0.03507612394996196 -0.0003826834443182263
v 0.06860000173244618 -0.035000001662410796 -6.188255497330619e-16
v 0.06860000173244618 -0.03561731889143882 -0.0009238795480857181
v 0.06560000158995383 -0.03600000170990825 -0.0010000000474974513
v 0.06860000173244618 -0.03600000170990825 -0.0010000000474974513
v 0.06560000158995383 -0.035000001662410796 -6.186590162714583e-16
v 0.06560000158995383 -0.03529289413237713 0.0007071068026706998
v 0.06560000158995383 -0.03507612394996196 0.0003826834443182263
v 0.06860000173244618 -0.03507612394996196 0.0003826834443182263
v 0.06560000158995383 -0.03561731889143882 0.0009238795480857181
v 0.06860000173244618 -0.03529289413237713 0.0007071068026706998
v 0.06560000158995383 -0.03600000170990825 0.0010000000474974513
v 0.06860000173244618 -0.03561731889143882 0.0009238795480857181
v 0.06860000173244618 -0.03600000170990825 0.0010000000474974513
v 0.06760000168494873 -0.037486665598880364 0.0010000000474974513
v 0.06860000173244618 -0.03600000170990825 0.0010000000474974513
v 0.06860000173244618 -0.037486665598880364 0.0010000000474974513
v 0.06560000158995383 -0.03600000170990825 0.0010000000474974513
v 0.06600000313483179 -0.03898794740846867 0.0010000000474974513
v 0.06610000161370255 -0.03898718065428186 0.0010000000474974513
v 0.06560000158995383 -0.03898908418830782 0.0010000000474974513
v 0.06860000173244618 -0.03529289413237713 0.0007071068026706998
v 0.06860000173244618 -0.03507612394996196 0.0003826834443182263
v 0.06860000173244618 -0.03600000170990825 0.0010000000474974513
v 0.06860000173244618 -0.035000001662410796 -6.188255497330619e-16
v 0.06860000173244618 -0.03507612394996196 -0.0003826834443182263
v 0.06860000173244618 -0.03600000170990825 -0.0010000000474974513
v 0.06860000173244618 -0.03529289413237713 -0.0007071068026706998
v 0.06860000173244618 -0.03561731889143882 0.0009238795480857181
v 0.06860000173244618 -0.037500001781154424 -6.676440316925374e-16
v 0.06860000173244618 -0.037486665598880364 0.0010000000474974513
v 0.06860000173244618 -0.03561731889143882 -0.0009238795480857181
v 0.06860000173244618 -0.037486665598880364 -0.0010000000474974513
v 0.08600000408478081 -0.03579866579336288 0.007120797018670133
v 0.08600000408478081 -0.03492832349738517 0.010595390823078255
v 0.08500000403728336 -0.035885263240102994 0.01088567594733969
v 0.08600000408478081 -0.0337216049952449 0.013967945762318745
v 0.08600000408478081 -0.03219012604066762 0.017205981118143532
v 0.08500000403728336 -0.03464548275519119 0.014350629534462533
v 0.08600000408478081 -0.030348641883377603 0.020278313646273638
v 0.08600000408478081 -0.028214883237107635 0.02315535655331158
v 0.08500000403728336 -0.028987893527729902 0.02378974836811154
v 0.08500000403728336 -0.031180112412372285 0.020833884275078818
v 0.08500000403728336 -0.026516505547186098 0.026516505547186098
v 0.08600000408478081 -0.02580939796965498 0.02580939796965498
v 0.08600000408478081 -0.02315535655331158 0.028214883237107635
v 0.08600000408478081 -0.020278313646273638 0.030348641883377603
v 0.08600000408478081 -0.017205981118143532 0.03219012604066762
v 0.08500000403728336 -0.01767737854043605 0.03307204975809386
v 0.08500000403728336 -0.02378974836811154 0.028987893527729902
v 0.08600000408478081 -0.013967945762318745 0.0337216049952449
v 0.08600000408478081 -0.010595390823078255 0.03492832349738517
v 0.08500000403728336 -0.01088567594733969 0.035885263240102994
v 0.08600000408478081 -0.003577625683004876 0.03632424336349249
v 0.08500000403728336 -0.0036756429033892035 0.037319429262812065
v 0.08600000408478081 -0.007120797018670133 0.03579866579336288
v 0.08500000403728336 -0.007315887321820702 0.036779451209820735
v 0.08500000403728336 -0.014350629534462533 0.03464548275519119
v 0.08600000408478081 -0.03632424336349249 0.003577625683004876
v 0.08500000403728336 -0.037319429262812065 0.0036756429033892035
v 0.08500000403728336 -0.036779451209820735 0.007315887321820702
v 0.08500000403728336 -0.03307204975809386 0.01767737854043605
v 0.08500000403728336 -0.020833884275078818 0.031180112412372285
v 0.08600000408478081 0.03650000173365697 6.452857218497959e-16
v 0.08600000408478081 0.03632424336349249 0.003577625683004876
v 0.08600000408478081 -6.596090632207154e-16 0.03650000173365697
v 0.08600000408478081 0.003577625683004876 0.03632424336349249
v 0.08500000403728336 0.0036756429033892035 0.037319429262812065
v 0.08600000408478081 0.007120797018670133 0.03579866579336288
v 0.08600000408478081 0.010595390823078255 0.03492832349738517
v 0.08500000403728336 0.01088567594733969 0.035885263240102994
v 0.08500000403728336 0.007315887321820702 0.036779451209820735
v 0.08600000408478081 0.013967945762318745 0.0337216049952449
v 0.08600000408478081 0.017205981118143532 0.03219012604066762
v 0.08500000403728336 0.014350629534462533 0.03464548275519119
v 0.08600000408478081 0.020278313646273638 0.030348641883377603
v 0.08600000408478081 0.02315535655331158 0.028214883237107635
v 0.08500000403728336 0.02378974836811154 0.028987893527729902
v 0.08500000403728336 0.020833884275078818 0.031180112412372285
v 0.08600000408478081 0.02580939796965498 0.02580939796965498
v 0.08600000408478081 0.028214883237107635 0.02315535655331158
v 0.08500000403728336 0.028987893527729902 0.02378974836811154
v 0.08600000408478081 0.030348641883377603 0.020278313646273638
v 0.08600000408478081 0.03219012604066762 0.017205981118143532
v 0.08500000403728336 0.03307204975809386 0.01767737854043605
v 0.08500000403728336 0.031180112412372285 0.020833884275078818
v 0.08600000408478081 0.0337216049952449 0.013967945762318745
v 0.08600000408478081 0.03492832349738517 0.010595390823078255
v 0.08500000403728336 0.035885263240102994 0.01088567594733969
v 0.08600000408478081 0.03579866579336288 0.007120797018670133
v 0.08500000403728336 0.037319429262812065 0.0036756429033892035
v 0.08500000403728336 0.03464548275519119 0.014350629534462533
v 0.08500000403728336 0.026516505547186098 0.026516505547186098
v 0.08500000403728336 -6.858871435739315e-16 0.037500001781154424
v 0.08500000403728336 0.01767737854043605 0.03307204975809386
v 0.08500000403728336 0.036779451209820735 0.007315887321820702
v 0.08800000417977571 -0.030404346002844695 0.006047800351342003
v 0.08800000417977571 -0.029665151097739706 0.008998825500663443
v 0.08750000415602699 -0.03014362287644734 0.009143968062794161
v 0.08800000417977571 -0.030850728546629735 0.0030385314477282543
v 0.08750000415602699 -0.03089473871107362 0.006145345502917288
v 0.08750000415602699 -0.024349829876647577 0.019983389849916877
v 0.08800000417977571 -0.02577555969595302 0.017222678048868234
v 0.08800000417977571 -0.023963324731336444 0.019666192035168173
v 0.08750000415602699 -0.026191294960450362 0.017500462409596462
v 0.08800000417977571 -0.02733956085361311 0.014613299110232125
v 0.08750000415602699 -0.031500001496169716 -5.620787848006044e-16
v 0.08800000417977571 -0.03100000147242099 -5.577115640322924e-16
v 0.08750000415602699 -0.022273863896696833 0.022273863896696833
v 0.08800000417977571 -0.021920312015279997 0.021920312015279997
v 0.08750000415602699 -0.019983389849916877 0.024349829876647577
v 0.08800000417977571 -0.019666192035168173 0.023963324731336444
v 0.08800000417977571 -0.017222678048868234 0.02577555969595302
v 0.08750000415602699 -0.012054528808948528 0.029102206658769836
v 0.08800000417977571 -0.014613299110232125 0.02733956085361311
v 0.08800000417977571 -0.011863187399713815 0.02864026777879669
v 0.08750000415602699 -0.006145345502917288 0.03089473871107362
v 0.08800000417977571 -0.008998825500663443 0.029665151097739706
v 0.08800000417977571 -0.006047800351342003 0.030404346002844695
v 0.08750000415602699 -0.009143968062794161 0.03014362287644734
v 0.08750000415602699 -0.014848997821378385 0.027780520804977504
v 0.08750000415602699 -0.003087540057920418 0.0313483195889408
v 0.08800000417977571 -0.0030385314477282543 0.030850728546629735
v 0.08750000415602699 -0.0313483195889408 0.003087540057920418
v 0.08800000417977571 -0.02864026777879669 0.011863187399713815
v 0.08750000415602699 -0.027780520804977504 0.014848997821378385
v 0.08750000415602699 -0.029102206658769836 0.012054528808948528
v 0.08750000415602699 -0.017500462409596462 0.026191294960450362
v 0.08800000417977571 0.030850728546629735 0.0030385314477282543
v 0.08800000417977571 -5.645759735729918e-16 0.03100000147242099
v 0.08800000417977571 0.0030385314477282543 0.030850728546629735
v 0.08750000415602699 -5.808378685203918e-16 0.031500001496169716
v 0.08750000415602699 0.009143968062794161 0.03014362287644734
v 0.08800000417977571 0.006047800351342003 0.030404346002844695
v 0.08800000417977571 0.008998825500663443 0.029665151097739706
v 0.08750000415602699 0.006145345502917288 0.03089473871107362
v 0.08800000417977571 0.011863187399713815 0.02864026777879669
v 0.08800000417977571 0.014613299110232125 0.02733956085361311
v 0.08750000415602699 0.012054528808948528 0.029102206658769836
v 0.08800000417977571 0.017222678048868234 0.02577555969595302
v 0.08800000417977571 0.019666192035168173 0.023963324731336444
v 0.08750000415602699 0.019983389849916877 0.024349829876647577
v 0.08750000415602699 0.017500462409596462 0.026191294960450362
v 0.08800000417977571 0.021920312015279997 0.021920312015279997
v 0.08800000417977571 0.023963324731336444 0.019666192035168173
v 0.08750000415602699 0.024349829876647577 0.019983389849916877
v 0.08750000415602699 0.027780520804977504 0.014848997821378385
v 0.08800000417977571 0.02577555969595302 0.017222678048868234
v 0.08800000417977571 0.02733956085361311 0.014613299110232125
v 0.08800000417977571 0.02864026777879669 0.011863187399713815
v 0.08750000415602699 0.029102206658769836 0.012054528808948528
v 0.08750000415602699 0.026191294960450362 0.017500462409596462
v 0.08750000415602699 0.03089473871107362 0.006145345502917288
v 0.08800000417977571 0.029665151097739706 0.008998825500663443
v 0.08800000417977571 0.030404346002844695 0.006047800351342003
v 0.08750000415602699 0.03014362287644734 0.009143968062794161
v 0.08750000415602699 0.022273863896696833 0.022273863896696833
v 0.08750000415602699 0.003087540057920418 0.0313483195889408
v 0.08750000415602699 0.014848997821378385 0.027780520804977504
v 0.08750000415602699 0.0313483195889408 0.003087540057920418
v 0.08750000415602699 -0.01544736935553681 -0.003072672751458644
v 0.08750000415602699 -0.011136931948348416 -0.011136931948348416
v 0.08750000415602699 -0.013095647480225181 -0.008750231204798231
v 0.08800000417977571 -0.01351138179104816 -0.009028016519200821
v 0.08750000415602699 -0.008750231204798231 -0.013095647480225181
v 0.08800000417977571 -0.011490485737113976 -0.011490485737113976
v 0.08750000415602699 -0.003072672751458644 -0.01544736935553681
v 0.08750000415602699 -0.006027264404474264 -0.014551103329384918
v 0.08800000417977571 -0.0031702179030339284 -0.015937761110091375
v 0.08800000417977571 -0.009028016519200821 -0.01351138179104816
v 0.08800000417977571 2.6282284347339567e-16 -0.016250000771833584
v 0.08750000415602699 2.5023487618218225e-16 -0.015750000748084858
v 0.08800000417977571 -0.015937761110091375 -0.0031702179030339284
v 0.08750000415602699 -0.014551103329384918 -0.006027264404474264
v 0.08800000417977571 -0.015013043163032425 -0.006218606290546158
v 0.08800000417977571 -0.006218606290546158 -0.015013043163032425
v 0.08800000417977571 0.006218606290546158 -0.015013043163032425
v 0.08750000415602699 0.006027264404474264 -0.014551103329384918
v 0.08750000415602699 0.003072672751458644 -0.01544736935553681
v 0.08750000415602699 0.008750231204798231 -0.013095647480225181
v 0.08800000417977571 0.009028016519200821 -0.01351138179104816
v 0.08750000415602699 0.011136931948348416 -0.011136931948348416
v 0.08750000415602699 0.013095647480225181 -0.008750231204798231
v 0.08800000417977571 0.011490485737113976 -0.011490485737113976
v 0.08750000415602699 0.01544736935553681 -0.003072672751458644
v 0.08750000415602699 0.014551103329384918 -0.006027264404474264
v 0.08800000417977571 0.015937761110091375 -0.0031702179030339284
v 0.08800000417977571 0.015013043163032425 -0.006218606290546158
v 0.08800000417977571 0.0031702179030339284 -0.015937761110091375
v 0.08800000417977571 0.01351138179104816 -0.009028016519200821
v 0.0760000036098063 0.015367971196553198 0.016720961411268442
v 0.07449785204920012 0.017677670364790732 0.017677670364790732
v 0.0760000036098063 0.01590990332831166 0.01590990332831166
v 0.07449785204920012 0.017677670364790732 0.017677670364790732
v 0.0760000036098063 0.016720961411268442 0.015367971196553198
v 0.07449785204920012 0.017677670364790732 0.017677670364790732
v 0.0760000036098063 0.017677670364790732 0.015177670246047104
v 0.07449785204920012 0.017677670364790732 0.017677670364790732
v 0.07449785204920012 0.017677670364790732 0.017677670364790732
v 0.0760000036098063 0.019987368579353904 0.016720961411268442
v 0.0760000036098063 0.019445437401269805 0.01590990332831166
v 0.07449785204920012 0.017677670364790732 0.017677670364790732
v 0.0760000036098063 0.01863437931831302 0.015367971196553198
v 0.07449785204920012 0.017677670364790732 0.017677670364790732
v 0.07449785204920012 0.017677670364790732 0.017677670364790732
v 0.0760000036098063 0.015367971196553198 0.016720961411268442
v 0.08800000417977571 0.015367971196553198 0.016720961411268442
v 0.08800000417977571 0.016720961411268442 0.015367971196553198
v 0.0760000036098063 0.016720961411268442 0.015367971196553198
v 0.0760000036098063 0.01590990332831166 0.01590990332831166
v 0.08800000417977571 0.01590990332831166 0.01590990332831166
v 0.08800000417977571 0.017677670364790732 0.015177670246047104
v 0.0760000036098063 0.017677670364790732 0.015177670246047104
v 0.08800000417977571 0.01863437931831302 0.015367971196553198
v 0.0760000036098063 0.01863437931831302 0.015367971196553198
v 0.0760000036098063 0.019987368579353904 0.016720961411268442
v 0.08800000417977571 0.019987368579353904 0.016720961411268442
v 0.08800000417977571 0.019445437401269805 0.01590990332831166
v 0.0760000036098063 0.019445437401269805 0.01590990332831166
v 0.0760000036098063 -0.019987368579353904 0.016720961411268442
v 0.07449785204920012 -0.017677670364790732 0.017677670364790732
v 0.07449785204920012 -0.017677670364790732 0.017677670364790732
v 0.0760000036098063 -0.019445437401269805 0.01590990332831166
v 0.07449785204920012 -0.017677670364790732 0.017677670364790732
v 0.0760000036098063 -0.01863437931831302 0.015367971196553198
v 0.0760000036098063 -0.017677670364790732 0.015177670246047104
v 0.07449785204920012 -0.017677670364790732 0.017677670364790732
v 0.07449785204920012 -0.017677670364790732 0.017677670364790732
v 0.0760000036098063 -0.016720961411268442 0.015367971196553198
v 0.0760000036098063 -0.01590990332831166 0.01590990332831166
v 0.07449785204920012 -0.017677670364790732 0.017677670364790732
v 0.07449785204920012 -0.017677670364790732 0.017677670364790732
v 0.0760000036098063 -0.015367971196553198 0.016720961411268442
v 0.07449785204920012 -0.017677670364790732 0.017677670364790732
v 0.0760000036098063 -0.019987368579353904 0.016720961411268442
v 0.08800000417977571 -0.01863437931831302 0.015367971196553198
v 0.0760000036098063 -0.01863437931831302 0.015367971196553198
v 0.0760000036098063 -0.019445437401269805 0.01590990332831166
v 0.08800000417977571 -0.019987368579353904 0.016720961411268442
v 0.08800000417977571 -0.019445437401269805 0.01590990332831166
v 0.0760000036098063 -0.017677670364790732 0.015177670246047104
v 0.08800000417977571 -0.017677670364790732 0.015177670246047104
v 0.08800000417977571 -0.016720961411268442 0.015367971196553198
v 0.0760000036098063 -0.01590990332831166 0.01590990332831166
v 0.0760000036098063 -0.016720961411268442 0.015367971196553198
v 0.0760000036098063 -0.015367971196553198 0.016720961411268442
v 0.08800000417977571 -0.015367971196553198 0.016720961411268442
v 0.08800000417977571 -0.01590990332831166 0.01590990332831166
v 0.0760000036098063 -0.019987368579353904 -0.01863437931831302
v 0.07449785204920012 -0.017677670364790732 -0.017677670364790732
v 0.07449785204920012 -0.017677670364790732 -0.017677670364790732
v 0.0760000036098063 -0.019445437401269805 -0.019445437401269805
v 0.07449785204920012 -0.017677670364790732 -0.017677670364790732
v 0.0760000036098063 -0.01863437931831302 -0.019987368579353904
v 0.0760000036098063 -0.017677670364790732 -0.02017767048353436
v 0.07449785204920012 -0.017677670364790732 -0.017677670364790732
v 0.0760000036098063 -0.016720961411268442 -0.019987368579353904
v 0.07449785204920012 -0.017677670364790732 -0.017677670364790732
v 0.0760000036098063 -0.01590990332831166 -0.019445437401269805
v 0.07449785204920012 -0.017677670364790732 -0.017677670364790732
v 0.07449785204920012 -0.017677670364790732 -0.017677670364790732
v 0.0760000036098063 -0.015367971196553198 -0.01863437931831302
v 0.07449785204920012 -0.017677670364790732 -0.017677670364790732
v 0.08800000417977571 -0.019987368579353904 -0.01863437931831302
v 0.0760000036098063 -0.019987368579353904 -0.01863437931831302
v 0.08800000417977571 -0.01863437931831302 -0.019987368579353904
v 0.0760000036098063 -0.01863437931831302 -0.019987368579353904
v 0.0760000036098063 -0.019445437401269805 -0.019445437401269805
v 0.08800000417977571 -0.019445437401269805 -0.019445437401269805
v 0.08800000417977571 -0.017677670364790732 -0.02017767048353436
v 0.0760000036098063 -0.017677670364790732 -0.02017767048353436
v 0.08800000417977571 -0.01590990332831166 -0.019445437401269805
v 0.0760000036098063 -0.01590990332831166 -0.019445437401269805
v 0.0760000036098063 -0.016720961411268442 -0.019987368579353904
v 0.0760000036098063 -0.015367971196553198 -0.01863437931831302
v 0.08800000417977571 -0.015367971196553198 -0.01863437931831302
v 0.08800000417977571 -0.016720961411268442 -0.019987368579353904
v 0.0760000036098063 0.015367971196553198 -0.01863437931831302
v 0.07449785204920012 0.017677670364790732 -0.017677670364790732
v 0.0760000036098063 0.01590990332831166 -0.019445437401269805
v 0.07449785204920012 0.017677670364790732 -0.017677670364790732
v 0.0760000036098063 0.016720961411268442 -0.019987368579353904
v 0.07449785204920012 0.017677670364790732 -0.017677670364790732
v 0.0760000036098063 0.017677670364790732 -0.02017767048353436
v 0.07449785204920012 0.017677670364790732 -0.017677670364790732
v 0.07449785204920012 0.017677670364790732 -0.017677670364790732
v 0.0760000036098063 0.019987368579353904 -0.01863437931831302
v 0.0760000036098063 0.019445437401269805 -0.019445437401269805
v 0.07449785204920012 0.017677670364790732 -0.017677670364790732
v 0.07449785204920012 0.017677670364790732 -0.017677670364790732
v 0.0760000036098063 0.01863437931831302 -0.019987368579353904
v 0.07449785204920012 0.017677670364790732 -0.017677670364790732
v 0.0760000036098063 0.015367971196553198 -0.01863437931831302
v 0.08800000417977571 0.015367971196553198 -0.01863437931831302
v 0.0760000036098063 0.01590990332831166 -0.019445437401269805
v 0.08800000417977571 0.01590990332831166 -0.019445437401269805
v 0.0760000036098063 0.016720961411268442 -0.019987368579353904
v 0.08800000417977571 0.016720961411268442 -0.019987368579353904
v 0.08800000417977571 0.017677670364790732 -0.02017767048353436
v 0.0760000036098063 0.017677670364790732 -0.02017767048353436
v 0.08800000417977571 0.01863437931831302 -0.019987368579353904
v 0.0760000036098063 0.01863437931831302 -0.019987368579353904
v 0.08800000417977571 0.019987368579353904 -0.01863437931831302
v 0.0760000036098063 0.019987368579353904 -0.01863437931831302
v 0.0760000036098063 0.019445437401269805 -0.019445437401269805
v 0.08800000417977571 0.019445437401269805 -0.019445437401269805
v 0.0800000037997961 -0.027771640189321323 -0.0011480503627570027
v 0.07819742192706869 -0.025000001187436283 -4.435515750602954e-16
v 0.0800000037997961 -0.027121322012680915 -0.0021213203484074517
v 0.07819742192706869 -0.025000001187436283 -4.435515750602954e-16
v 0.07819742192706869 -0.025000001187436283 -4.435515750602954e-16
v 0.0800000037997961 -0.026148051550193285 -0.0027716387634664497
v 0.0800000037997961 -0.025000001187436283 -0.003000000142492354
v 0.07819742192706869 -0.025000001187436283 -4.435515750602954e-16
v 0.07819742192706869 -0.025000001187436283 -4.435515750602954e-16
v 0.0800000037997961 -0.02385195082467928 -0.0027716387634664497
v 0.0800000037997961 -0.022228362185551243 -0.0011480503627570027
v 0.07819742192706869 -0.025000001187436283 -4.435515750602954e-16
v 0.0800000037997961 -0.02287868036219165 -0.0021213203484074517
v 0.07819742192706869 -0.025000001187436283 -4.435515750602954e-16
v 0.07819742192706869 -0.025000001187436283 -4.435515750602954e-16
v 0.08790000570090495 -0.027771640189321323 -0.0011480503627570027
v 0.0800000037997961 -0.027771640189321323 -0.0011480503627570027
v 0.08790000570090495 -0.027121322012680915 -0.0021213203484074517
v 0.0800000037997961 -0.027121322012680915 -0.0021213203484074517
v 0.0800000037997961 -0.026148051550193285 -0.0027716387634664497
v 0.08790000570090495 -0.026148051550193285 -0.0027716387634664497
v 0.08790000570090495 -0.025000001187436283 -0.003000000142492354
v 0.0800000037997961 -0.025000001187436283 -0.003000000142492354
v 0.08790000570090495 -0.02385195082467928 -0.0027716387634664497
v 0.0800000037997961 -0.02385195082467928 -0.0027716387634664497
v 0.08790000570090495 -0.022228362185551243 -0.0011480503627570027
v 0.0800000037997961 -0.022228362185551243 -0.0011480503627570027
v 0.0800000037997961 -0.02287868036219165 -0.0021213203484074517
v 0.08790000570090495 -0.02287868036219165 -0.0021213203484074517
v 0.08790000570090495 -0.027771640189321323 -0.0011480503627570027
v 0.08800000417977571 -0.027864028346785696 -0.0011863186922876634
v 0.08790000570090495 -0.027121322012680915 -0.0021213203484074517
v 0.08800000417977571 -0.02719203315190377 -0.0021920310107931273
v 0.08800000417977571 -0.026186320594979717 -0.002864026682512233
v 0.08790000570090495 -0.026148051550193285 -0.0027716387634664497
v 0.08790000570090495 -0.025000001187436283 -0.003000000142492354
v 0.08800000417977571 -0.025000001187436283 -0.003100000051874663
v 0.08790000570090495 -0.02287868036219165 -0.0021213203484074517
v 0.08790000570090495 -0.02385195082467928 -0.0027716387634664497
v 0.08800000417977571 -0.022807969222968794 -0.0021920310107931273
v 0.08790000570090495 -0.022228362185551243 -0.0011480503627570027
v 0.08800000417977571 -0.023813681779892848 -0.002864026682512233
v 0.08800000417977571 -0.02213597402808687 -0.0011863186922876634
v 0.08247318659548863 0.0012875961676867692 -0.031500001496169716
v 0.08148770528647375 0.0036667637182445645 -0.031500001496169716
v 0.08209760674366517 0.0025257107026979697 -0.031500001496169716
v 0.0826000023974105 5.739400655511937e-16 -0.031500001496169716
v 0.07966676708963227 0.005487699769318732 -0.031500001496169716
v 0.0772876013272139 0.006473182985682335 -0.031500001496169716
v 0.07852571478934145 0.006097605041207599 -0.031500001496169716
v 0.07233324012998033 0.005487699769318732 -0.031500001496169716
v 0.0806669120956327 0.004666905147966138 -0.031500001496169716
v 0.08148770528647375 -0.0036667637182445645 -0.031500001496169716
v 0.07471240589239869 -0.006473182985682335 -0.031500001496169716
v 0.08247318659548863 -0.0012875961676867692 -0.031500001496169716
v 0.08209760674366517 -0.0025257107026979697 -0.031500001496169716
v 0.0806669120956327 -0.004666905147966138 -0.031500001496169716
v 0.07966676708963227 -0.005487699769318732 -0.031500001496169716
v 0.0772876013272139 -0.006473182985682335 -0.031500001496169716
v 0.07852571478934145 -0.006097605041207599 -0.031500001496169716
v 0.0760000036098063 -0.0066000002181157424 -0.031500001496169716
v 0.0760000036098063 0.0066000002181157424 -0.031500001496169716
v 0.07471240589239869 0.006473182985682335 -0.031500001496169716
v 0.07347429243027115 0.006097605041207599 -0.031500001496169716
v 0.0713330951239799 0.004666905147966138 -0.031500001496169716
v 0.07051230193313884 -0.0036667637182445645 -0.031500001496169716
v 0.07051230193313884 0.0036667637182445645 -0.031500001496169716
v 0.06952682062412396 0.0012875961676867692 -0.031500001496169716
v 0.06990240047594742 0.0025257107026979697 -0.031500001496169716
v 0.07233324012998033 -0.005487699769318732 -0.031500001496169716
v 0.0713330951239799 -0.004666905147966138 -0.031500001496169716
v 0.07347429243027115 -0.006097605041207599 -0.031500001496169716
v 0.06952682062412396 -0.0012875961676867692 -0.031500001496169716
v 0.06990240047594742 -0.0025257107026979697 -0.031500001496169716
v 0.0694000048222021 5.261832344094418e-16 -0.031500001496169716
v 0.06952819391520482 -0.0012944841999734669 -0.037477651468813544
v 0.06990629909673807 -0.0025351082098581945 -0.03741421305027304
v 0.06952682062412396 -0.0012875961676867692 -0.031500001496169716
v 0.06990240047594742 -0.0025257107026979697 -0.031500001496169716
v 0.07051699401099842 -0.003673775370570398 -0.03731961236828951
v 0.0713362002877016 -0.004670003159130132 -0.03720807824433958
v 0.07051230193313884 -0.0036667637182445645 -0.031500001496169716
v 0.07347429243027115 -0.006097605041207599 -0.031500001496169716
v 0.07471612903710678 -0.0064739216064754745 -0.036936952438004766
v 0.07347417798934774 -0.006097556403815152 -0.03700094398767506
v 0.07233724556229948 -0.005490372441717406 -0.03709590325121859
v 0.0713330951239799 -0.004666905147966138 -0.031500001496169716
v 0.07233324012998033 -0.005487699769318732 -0.031500001496169716
v 0.07471240589239869 -0.006473182985682335 -0.031500001496169716
v 0.0760000036098063 -0.0066000002181157424 -0.031500001496169716
v 0.076003825936648 -0.006599999264441381 -0.03691463264324346
v 0.08066975785992803 -0.004664054138461826 -0.03720882592503916
v 0.079669368713291 -0.005485961697794528 -0.03709655556448199
v 0.0806669120956327 -0.004666905147966138 -0.031500001496169716
v 0.07852571478934145 -0.006097605041207599 -0.031500001496169716
v 0.07853335181362997 -0.006094437411815201 -0.03700145897183038
v 0.07729322419125051 -0.006472062418307334 -0.036937276687287746
v 0.07966676708963227 -0.005487699769318732 -0.031500001496169716
v 0.08247318659548863 -0.0012875961676867692 -0.031500001496169716
v 0.08247327814822736 -0.001287118496040851 -0.03747790705354248
v 0.08209725579150007 -0.0025265644796702846 -0.03741479288428495
v 0.08148662191239886 -0.003668381388380604 -0.03732014261123462
v 0.08209760674366517 -0.0025257107026979697 -0.031500001496169716
v 0.08148770528647375 -0.0036667637182445645 -0.031500001496169716
v 0.0772876013272139 -0.006473182985682335 -0.031500001496169716
v 0.07000000332482159 -6.275262725805203e-16 0.035000001662410796
v 0.0710111880652331 0.003333421627063765 0.035000001662410796
v 0.07045672942073367 0.0022961007255140053 0.035000001662410796
v 0.07011529111105919 0.0011705419381127097 0.035000001662410796
v 0.07266658365167267 0.004988817928759104 0.035000001662410796
v 0.07482946369825161 0.0058847120219099325 0.035000001662410796
v 0.07370390669898974 0.005543277526932899 0.035000001662410796
v 0.07266658365167267 -0.004988817928759104 0.035000001662410796
v 0.07175736577401448 0.004242640696814903 0.035000001662410796
v 0.07045672942073367 -0.0022961007255140053 0.035000001662410796
v 0.07011529111105919 -0.0011705419381127097 0.035000001662410796
v 0.0710111880652331 -0.003333421627063765 0.035000001662410796
v 0.07175736577401448 -0.004242640696814903 0.035000001662410796
v 0.07482946369825161 -0.0058847120219099325 0.035000001662410796
v 0.07370390669898974 -0.005543277526932899 0.035000001662410796
v 0.0809888191543795 -0.003333421627063765 0.035000001662410796
v 0.0760000036098063 -0.006000000284984708 0.035000001662410796
v 0.07717054352136099 -0.0058847120219099325 0.035000001662410796
v 0.08200000389479101 -6.536226406409969e-16 0.035000001662410796
v 0.07829610052062286 0.005543277526932899 0.035000001662410796
v 0.07717054352136099 0.0058847120219099325 0.035000001662410796
v 0.07933342356793993 0.004988817928759104 0.035000001662410796
v 0.08024264144559812 0.004242640696814903 0.035000001662410796
v 0.08154327779887893 0.0022961007255140053 0.035000001662410796
v 0.0809888191543795 0.003333421627063765 0.035000001662410796
v 0.08188471610855341 0.0011705419381127097 0.035000001662410796
v 0.07829610052062286 -0.005543277526932899 0.035000001662410796
v 0.07933342356793993 -0.004988817928759104 0.035000001662410796
v 0.08024264144559812 -0.004242640696814903 0.035000001662410796
v 0.08188471610855341 -0.0011705419381127097 0.035000001662410796
v 0.08154327779887893 -0.0022961007255140053 0.035000001662410796
v 0.0760000036098063 0.006000000284984708 0.035000001662410796
v 0.07011545895774685 -0.0011713688929936017 0.03748170267750206
v 0.07011529111105919 -0.0011705419381127097 0.035000001662410796
v 0.07045672942073367 -0.0022961007255140053 0.035000001662410796
v 0.07101115754765353 -0.003333374658601451 0.03735155664470913
v 0.0710111880652331 -0.003333421627063765 0.035000001662410796
v 0.07045830107608175 -0.0022998946805434517 0.037429406990203695
v 0.07175736577401448 -0.004242640696814903 0.035000001662410796
v 0.0717583041895864 -0.004243583880758628 0.03725912271087539
v 0.07370390669898974 -0.005543277526932899 0.035000001662410796
v 0.07266658365167267 -0.004988817928759104 0.035000001662410796
v 0.07370130507533101 -0.0055421998749041745 0.03708819374767858
v 0.07266423379804543 -0.004987245796573836 0.03716688714130889
v 0.07482946369825161 -0.0058847120219099325 0.035000001662410796
v 0.07482848713570522 -0.005884518426014507 0.03703542503789681
v 0.07599773767952289 -0.005999999808147527 0.03701688942300274
v 0.0760000036098063 -0.006000000284984708 0.035000001662410796
v 0.07717310699804525 -0.005884202282963602 0.037035474628963616
v 0.07717054352136099 -0.0058847120219099325 0.035000001662410796
v 0.07829607763243818 -0.00554328897102524 0.037088029715688364
v 0.07933342356793993 -0.004988817928759104 0.035000001662410796
v 0.07829610052062286 -0.005543277526932899 0.035000001662410796
v 0.0802425498928594 -0.004242735587413893 0.03725921807831156
v 0.0809888191543795 -0.003333421627063765 0.035000001662410796
v 0.08024264144559812 -0.004242640696814903 0.035000001662410796
v 0.08154273611184149 -0.0022974144119472517 0.03742955957810157
v 0.08188471610855341 -0.0011705419381127097 0.035000001662410796
v 0.08154327779887893 -0.0022961007255140053 0.035000001662410796
v 0.08098693469384077 -0.003336241642151322 0.03735130105998019
v 0.07933475108265142 -0.004987930534765539 0.03716679558857017
v 0.08188378532237639 -0.001175204213648487 0.03748158442188121
v 0.07021023130111548 0.03737394128932703 -0.0030722605257157976
v 0.06980000636708006 0.037445161690659035 -0.002027313567132677
v 0.06980000636708006 0.034200002387352324 -0.002027313567132677
v 0.0707799105884277 0.03728229699786478 -0.004034911824185861
v 0.07020740842500484 0.034200002387352324 -0.0030664686228985827
v 0.07077479889384897 0.034200002387352324 -0.004027659130665107
v 0.07148977237751541 0.037180002071131035 -0.004888515704604135
v 0.07233178291555564 0.037075925680689625 -0.005623695640646353
v 0.0714877505878686 0.034200002387352324 -0.004886446231239239
v 0.07430307359756583 0.034200002387352324 -0.006646313982980323
v 0.07538830161541998 0.036857644878085516 -0.006911159843643322
v 0.07430637712555477 0.03690612586793707 -0.006647406416961654
v 0.07327460827772025 0.034200002387352324 -0.006212632951181629
v 0.07327402844370834 0.03698184761225631 -0.0062123330205948735
v 0.07232814369419138 0.034200002387352324 -0.005620996265365552
v 0.07538739371742764 0.034200002387352324 -0.00691101297779162
v 0.07650742703478652 0.036840875468109324 -0.006999996517784712
v 0.07650000363355502 0.034200002387352324 -0.007000000332482159
v 0.08067811967673144 0.037077039572344095 -0.00561634805652661
v 0.07973112866495491 0.03698229774655504 -0.0062096551029872105
v 0.08067186357291867 0.034200002387352324 -0.005620996265365552
v 0.07869693366954422 0.034200002387352324 -0.006646313982980323
v 0.0787068900298804 0.03690691551030856 -0.006643016653874734
v 0.0776178854615539 0.03685783179826041 -0.006910161823423799
v 0.0797253989893898 0.034200002387352324 -0.006212632951181629
v 0.08279259884210521 0.034200002387352324 -0.0030664686228985827
v 0.08279296505306011 0.0373743952383232 -0.0030670458343060036
v 0.08222660455252662 0.03728329644859585 -0.004025670719620955
v 0.0815142326925189 0.037180539943471036 -0.004884412520662906
v 0.08222520837326108 0.034200002387352324 -0.004027659130665107
v 0.08151225667924145 0.034200002387352324 -0.004886446231239239
v 0.08320000090002999 0.037445161690659035 -0.002027313567132677
v 0.08320000090002999 0.034200002387352324 -0.002027313567132677
v 0.07761261354968241 0.034200002387352324 -0.00691101297779162
v 0.06980000636708006 0.037500001781154424 6.545806417261077e-16
v 0.06980000636708006 0.034200002387352324 0.002027313567132677
v 0.06980000636708006 0.034200002387352324 -0.002027313567132677
v 0.06980000636708006 0.037445161690659035 -0.002027313567132677
v 0.06980000636708006 0.037445161690659035 0.002027313567132677
v 0.08278977596599457 0.03737394128932703 0.0030722605257157976
v 0.08320000090002999 0.037445161690659035 0.002027313567132677
v 0.08320000090002999 0.034200002387352324 0.002027313567132677
v 0.08222009667868235 0.03728229699786478 0.004034911824185861
v 0.08279259884210521 0.034200002387352324 0.0030664686228985827
v 0.08222520837326108 0.034200002387352324 0.004027659130665107
v 0.08151023488959463 0.037180002071131035 0.004888515704604135
v 0.08066822435155441 0.037075925680689625 0.005623695640646353
v 0.08151225667924145 0.034200002387352324 0.004886446231239239
v 0.07869693366954422 0.034200002387352324 0.006646313982980323
v 0.07761170565169007 0.036857644878085516 0.006911159843643322
v 0.07869363014155528 0.03690612586793707 0.006647406416961654
v 0.0797253989893898 0.034200002387352324 0.006212632951181629
v 0.07972597882340171 0.03698184761225631 0.0062123330205948735
v 0.08067186357291867 0.034200002387352324 0.005620996265365552
v 0.07761261354968241 0.034200002387352324 0.00691101297779162
v 0.07650000363355502 0.034200002387352324 0.007000000332482159
v 0.07649258023232353 0.036840875468109324 0.006999996517784712
v 0.07232188759037861 0.037077039572344095 0.00561634805652661
v 0.07326887860215514 0.03698229774655504 0.0062096551029872105
v 0.07232814369419138 0.034200002387352324 0.005620996265365552
v 0.07430307359756583 0.034200002387352324 0.006646313982980323
v 0.07429311723722964 0.03690691551030856 0.006643016653874734
v 0.07538212180555615 0.03685783179826041 0.006910161823423799
v 0.07327460827772025 0.034200002387352324 0.006212632951181629
v 0.07020740842500484 0.034200002387352324 0.0030664686228985827
v 0.07020704221404994 0.0373743952383232 0.0030670458343060036
v 0.07077340271458343 0.03728329644859585 0.004025670719620955
v 0.07148577457459115 0.037180539943471036 0.004884412520662906
v 0.07077479889384897 0.034200002387352324 0.004027659130665107
v 0.0714877505878686 0.034200002387352324 0.004886446231239239
v 0.06980000636708006 0.037445161690659035 0.002027313567132677
v 0.06980000636708006 0.034200002387352324 0.002027313567132677
v 0.07538739371742764 0.034200002387352324 0.00691101297779162
v 0.08320000090002999 0.034200002387352324 0.002027313567132677
v 0.08320000090002999 0.037445161690659035 0.002027313567132677
v 0.08320000090002999 0.037500001781154424 6.545806417261077e-16
v 0.08320000090002999 0.037445161690659035 -0.002027313567132677
v 0.08320000090002999 0.034200002387352324 -0.002027313567132677
v 0.08136410145980211 0.034200002387352324 0.00325008598505927
v 0.08222520837326108 0.034200002387352324 0.004027659130665107
v 0.08279259884210521 0.034200002387352324 0.0030664686228985827
v 0.08151225667924145 0.034200002387352324 0.004886446231239239
v 0.08063657762153564 0.034200002387352324 0.00413657494165498
v 0.08190469749377982 0.034200002387352324 0.002238698112008719
v 0.08320000090002999 0.034200002387352324 -0.002027313567132677
v 0.08235000238553614 0.034200002387352324 6.056375307209855e-16
v 0.08320000090002999 0.034200002387352324 0.002027313567132677
v 0.08223759851056833 0.034200002387352324 0.0011412784403238424
v 0.07869693366954422 0.034200002387352324 0.006646313982980323
v 0.0797253989893898 0.034200002387352324 0.006212632951181629
v 0.07873870460658683 0.034200002387352324 0.005404695290736339
v 0.07764128481569266 0.034200002387352324 0.005737594400176127
v 0.07761261354968241 0.034200002387352324 0.00691101297779162
v 0.08067186357291867 0.034200002387352324 0.005620996265365552
v 0.07975008771126557 0.034200002387352324 0.004864097349409902
v 0.08190469749377982 0.034200002387352324 -0.002238698112008719
v 0.08279259884210521 0.034200002387352324 -0.0030664686228985827
v 0.08223759851056833 0.034200002387352324 -0.0011412784403238424
v 0.08136410145980211 0.034200002387352324 -0.00325008598505927
v 0.08222520837326108 0.034200002387352324 -0.004027659130665107
v 0.08151225667924145 0.034200002387352324 -0.004886446231239239
v 0.08067186357291867 0.034200002387352324 -0.005620996265365552
v 0.08063657762153564 0.034200002387352324 -0.00413657494165498
v 0.0797253989893898 0.034200002387352324 -0.006212632951181629
v 0.07975008771126557 0.034200002387352324 -0.004864097349409902
v 0.07869693366954422 0.034200002387352324 -0.006646313982980323
v 0.07764128481569266 0.034200002387352324 -0.005737594400176127
v 0.07873870460658683 0.034200002387352324 -0.005404695290736339
v 0.07650000363355502 0.034200002387352324 -0.007000000332482159
v 0.07650000363355502 0.034200002387352324 -0.005850000182492654
v 0.07761261354968241 0.034200002387352324 -0.00691101297779162
v 0.07538739371742764 0.034200002387352324 -0.00691101297779162
v 0.07650000363355502 0.034200002387352324 0.005850000182492654
v 0.07538739371742764 0.034200002387352324 0.00691101297779162
v 0.07650000363355502 0.034200002387352324 0.007000000332482159
v 0.07535872245141739 0.034200002387352324 0.005737594400176127
v 0.07430307359756583 0.034200002387352324 0.006646313982980323
v 0.07426130266052322 0.034200002387352324 0.005404695290736339
v 0.07327460827772025 0.034200002387352324 0.006212632951181629
v 0.07324991955584448 0.034200002387352324 0.004864097349409902
v 0.07232814369419138 0.034200002387352324 0.005620996265365552
v 0.0714877505878686 0.034200002387352324 0.004886446231239239
v 0.0723634296455744 0.034200002387352324 0.00413657494165498
v 0.07163590580730794 0.034200002387352324 0.00325008598505927
v 0.07077479889384897 0.034200002387352324 0.004027659130665107
v 0.07020740842500484 0.034200002387352324 0.0030664686228985827
v 0.07109530977333023 0.034200002387352324 0.002238698112008719
v 0.06980000636708006 0.034200002387352324 0.002027313567132677
v 0.07076240875654172 0.034200002387352324 0.0011412784403238424
v 0.07324991955584448 0.034200002387352324 -0.004864097349409902
v 0.07426130266052322 0.034200002387352324 -0.005404695290736339
v 0.07327460827772025 0.034200002387352324 -0.006212632951181629
v 0.07232814369419138 0.034200002387352324 -0.005620996265365552
v 0.0723634296455744 0.034200002387352324 -0.00413657494165498
v 0.0714877505878686 0.034200002387352324 -0.004886446231239239
v 0.07430307359756583 0.034200002387352324 -0.006646313982980323
v 0.07535872245141739 0.034200002387352324 -0.005737594400176127
v 0.07076240875654172 0.034200002387352324 -0.0011412784403238424
v 0.06980000636708006 0.034200002387352324 -0.002027313567132677
v 0.07065000488157391 0.034200002387352324 5.85366852260522e-16
v 0.07109530977333023 0.034200002387352324 -0.002238698112008719
v 0.07163590580730794 0.034200002387352324 -0.00325008598505927
v 0.07077479889384897 0.034200002387352324 -0.004027659130665107
v 0.07020740842500484 0.034200002387352324 -0.0030664686228985827
v 0.08190469749377982 0.034200002387352324 -0.002238698112008719
v 0.08190469749377982 0.03190000113369895 -0.002238698112008719
v 0.08223759851056833 0.03190000113369895 -0.0011412784403238424
v 0.08136410145980211 0.03190000113369895 -0.00325008598505927
v 0.08136410145980211 0.034200002387352324 -0.00325008598505927
v 0.07975008771126557 0.03190000113369895 -0.004864097349409902
v 0.08063657762153564 0.03190000113369895 -0.00413657494165498
v 0.07975008771126557 0.034200002387352324 -0.004864097349409902
v 0.07764128481569266 0.034200002387352324 -0.005737594400176127
v 0.07764128481569266 0.03190000113369895 -0.005737594400176127
v 0.07873870460658683 0.03190000113369895 -0.005404695290736339
v 0.08063657762153564 0.034200002387352324 -0.00413657494165498
v 0.07873870460658683 0.034200002387352324 -0.005404695290736339
v 0.08223759851056833 0.034200002387352324 -0.0011412784403238424
v 0.07650000363355502 0.034200002387352324 -0.005850000182492654
v 0.07650000363355502 0.03190000113369895 -0.005850000182492654
v 0.07426130266052322 0.03190000113369895 -0.005404695290736339
v 0.07535872245141739 0.03190000113369895 -0.005737594400176127
v 0.07426130266052322 0.034200002387352324 -0.005404695290736339
v 0.07535872245141739 0.034200002387352324 -0.005737594400176127
v 0.07324991955584448 0.034200002387352324 -0.004864097349409902
v 0.07324991955584448 0.03190000113369895 -0.004864097349409902
v 0.0723634296455744 0.034200002387352324 -0.00413657494165498
v 0.0723634296455744 0.03190000113369895 -0.00413657494165498
v 0.07109530977333023 0.034200002387352324 -0.002238698112008719
v 0.07109530977333023 0.03190000113369895 -0.002238698112008719
v 0.07163590580730794 0.03190000113369895 -0.00325008598505927
v 0.07163590580730794 0.034200002387352324 -0.00325008598505927
v 0.07076240875654172 0.034200002387352324 -0.0011412784403238424
v 0.07076240875654172 0.03190000113369895 -0.0011412784403238424
v 0.07065000488157391 0.034200002387352324 5.85366852260522e-16
v 0.07109530977333023 0.03190000113369895 0.002238698112008719
v 0.07163590580730794 0.03190000113369895 0.00325008598505927
v 0.07076240875654172 0.03190000113369895 0.0011412784403238424
v 0.07065000488157391 0.03190000113369895 5.85366852260522e-16
v 0.07324991955584448 0.03190000113369895 0.004864097349409902
v 0.07426130266052322 0.03190000113369895 0.005404695290736339
v 0.07873870460658683 0.03190000113369895 0.005404695290736339
v 0.07109530977333023 0.03190000113369895 -0.002238698112008719
v 0.0723634296455744 0.03190000113369895 0.00413657494165498
v 0.08063657762153564 0.03190000113369895 0.00413657494165498
v 0.0723634296455744 0.03190000113369895 -0.00413657494165498
v 0.07426130266052322 0.03190000113369895 -0.005404695290736339
v 0.07163590580730794 0.03190000113369895 -0.00325008598505927
v 0.07076240875654172 0.03190000113369895 -0.0011412784403238424
v 0.07324991955584448 0.03190000113369895 -0.004864097349409902
v 0.07650000363355502 0.03190000113369895 -0.005850000182492654
v 0.07535872245141739 0.03190000113369895 -0.005737594400176127
v 0.08136410145980211 0.03190000113369895 -0.00325008598505927
v 0.07873870460658683 0.03190000113369895 -0.005404695290736339
v 0.07535872245141739 0.03190000113369895 0.005737594400176127
v 0.07764128481569266 0.03190000113369895 0.005737594400176127
v 0.07975008771126557 0.03190000113369895 0.004864097349409902
v 0.08136410145980211 0.03190000113369895 0.00325008598505927
v 0.08190469749377982 0.03190000113369895 0.002238698112008719
v 0.08223759851056833 0.03190000113369895 0.0011412784403238424
v 0.08235000238553614 0.03190000113369895 5.652301269848315e-16
v 0.08063657762153564 0.03190000113369895 -0.00413657494165498
v 0.07975008771126557 0.03190000113369895 -0.004864097349409902
v 0.07764128481569266 0.03190000113369895 -0.005737594400176127
v 0.08223759851056833 0.03190000113369895 -0.0011412784403238424
v 0.08190469749377982 0.03190000113369895 -0.002238698112008719
v 0.07650000363355502 0.03190000113369895 0.005850000182492654
f 1 2 3
f 4 5 1
f 6 7 8
f 9 10 3
f 11 12 7
f 13 8 10
f 5 2 1
f 5 4 14
f 9 13 10
f 3 2 9
f 11 7 6
f 8 13 6
f 12 11 15
f 15 16 12
f 17 18 19
f 20 21 22
f 23 24 25
f 26 21 24
f 27 17 28
f 29 30 31
f 30 20 32
f 29 33 28
f 16 34 25
f 34 23 25
f 24 23 26
f 15 34 16
f 33 29 31
f 21 26 22
f 20 22 32
f 32 31 30
f 33 27 28
f 27 18 17
f 35 36 37
f 38 39 35
f 40 37 41
f 42 43 44
f 43 40 45
f 46 42 47
f 38 48 39
f 39 36 35
f 47 42 44
f 37 36 41
f 41 45 40
f 45 44 43
f 47 49 46
f 49 50 46
f 51 52 53
f 54 55 50
f 56 57 58
f 54 58 55
f 59 60 61
f 62 63 64
f 65 64 60
f 66 61 57
f 56 58 54
f 59 61 66
f 56 66 57
f 65 62 64
f 60 59 65
f 63 62 67
f 51 68 67
f 51 53 68
f 68 63 67
f 49 54 50
f 69 70 71
f 72 73 70
f 74 75 76
f 74 77 78
f 79 75 73
f 80 78 81
f 79 73 72
f 69 72 70
f 76 77 74
f 75 79 76
f 81 78 77
f 82 80 81
f 82 83 84
f 82 84 80
f 85 86 87
f 88 89 90
f 91 92 93
f 92 94 89
f 95 96 97
f 97 98 99
f 88 100 98
f 85 96 101
f 93 83 102
f 92 91 94
f 91 93 102
f 88 90 100
f 97 99 95
f 96 95 101
f 99 98 100
f 90 89 94
f 101 86 85
f 84 83 93
f 103 104 105
f 104 103 106
f 105 107 103
f 106 108 109
f 103 108 106
f 109 110 106
f 111 112 113
f 114 115 110
f 116 117 118
f 119 115 114
f 118 119 116
f 111 117 116
f 120 119 118
f 119 120 115
f 111 113 117
f 109 114 110
f 121 122 123
f 124 125 126
f 127 126 122
f 128 129 130
f 127 122 121
f 127 124 126
f 124 131 125
f 132 133 134
f 135 136 132
f 136 137 138
f 134 133 131
f 135 137 136
f 132 134 135
f 128 138 137
f 128 130 138
f 125 131 133
f 139 140 141
f 141 142 143
f 144 145 146
f 147 148 149
f 149 150 151
f 151 152 142
f 153 154 144
f 154 155 147
f 156 157 158
f 159 160 157
f 161 160 159
f 162 163 164
f 156 158 165
f 156 159 157
f 159 166 161
f 167 168 169
f 170 171 167
f 171 172 162
f 173 168 166
f 169 170 167
f 168 173 169
f 172 171 170
f 172 163 162
f 161 166 168
f 174 175 176
f 176 177 178
f 179 180 181
f 182 183 184
f 185 186 187
f 186 188 184
f 189 187 179
f 190 177 183
f 191 192 193
f 194 195 192
f 196 195 194
f 197 198 199
f 191 193 200
f 191 194 192
f 194 201 196
f 202 203 204
f 205 206 202
f 206 207 208
f 204 203 201
f 205 207 206
f 202 204 205
f 197 208 207
f 197 199 208
f 196 201 203
f 209 210 211
f 211 212 213
f 214 215 216
f 217 212 218
f 219 218 220
f 221 222 223
f 222 214 224
f 225 220 221
f 226 227 228
f 228 229 230
f 226 231 227
f 228 230 226
f 232 233 231
f 233 227 231
f 234 235 236
f 237 238 239
f 240 241 242
f 243 242 238
f 237 239 232
f 243 240 242
f 238 237 243
f 234 241 240
f 234 236 241
f 233 232 239
f 244 245 246
f 244 247 248
f 249 250 251
f 252 247 253
f 249 254 255
f 256 257 258
f 259 253 256
f 260 257 255
f 261 262 263
f 264 263 265
f 263 264 261
f 262 261 266
f 264 265 267
f 266 268 262
f 269 270 271
f 272 273 268
f 274 275 276
f 277 276 273
f 277 273 272
f 274 278 275
f 276 277 274
f 270 269 278
f 269 275 278
f 266 272 268
f 279 280 281
f 279 282 283
f 284 285 286
f 287 288 289
f 290 288 291
f 292 284 293
f 294 291 292
f 295 282 287
f 296 297 298
f 299 300 301
f 300 296 298
f 302 303 304
f 305 306 302
f 307 303 299
f 308 306 305
f 309 298 297
f 310 311 312
f 307 299 301
f 307 304 303
f 301 300 298
f 304 313 302
f 313 305 302
f 308 314 306
f 315 316 317
f 318 319 320
f 319 315 320
f 321 322 323
f 324 310 325
f 326 322 318
f 321 327 325
f 328 316 308
f 317 316 328
f 315 317 320
f 318 320 329
f 323 322 326
f 327 321 323
f 329 326 318
f 325 327 324
f 324 311 310
f 314 308 316
f 330 331 332
f 333 334 335
f 336 332 334
f 337 338 339
f 340 339 341
f 342 335 338
f 343 344 345
f 346 347 348
f 347 349 350
f 345 344 351
f 352 351 350
f 348 353 346
f 354 343 355
f 356 357 354
f 358 331 330
f 336 334 333
f 332 336 330
f 342 338 337
f 340 341 359
f 339 340 337
f 335 342 333
f 360 361 359
f 360 357 361
f 361 357 356
f 355 356 354
f 355 343 345
f 352 350 362
f 362 350 349
f 351 352 345
f 347 346 349
f 341 360 359
f 348 363 353
f 364 365 366
f 367 365 368
f 369 370 371
f 372 373 370
f 374 375 376
f 375 366 376
f 371 367 377
f 374 378 379
f 380 381 382
f 383 384 385
f 384 386 387
f 381 387 388
f 389 390 385
f 391 380 392
f 378 391 393
f 353 363 394
f 369 372 370
f 394 373 372
f 368 377 367
f 375 364 366
f 368 365 364
f 369 371 377
f 393 379 378
f 392 395 391
f 393 391 395
f 388 382 381
f 383 386 384
f 390 383 385
f 388 387 386
f 392 380 382
f 375 374 379
f 394 363 373
f 396 397 398
f 399 400 401
f 397 400 402
f 403 404 405
f 406 407 408
f 409 405 406
f 410 401 404
f 407 411 412
f 413 414 415
f 416 417 418
f 419 420 421
f 417 421 422
f 414 416 423
f 424 411 425
f 426 396 398
f 402 400 399
f 397 402 398
f 410 404 403
f 409 406 408
f 405 409 403
f 401 410 399
f 412 411 424
f 412 408 407
f 415 427 413
f 428 415 414
f 429 427 415
f 425 429 424
f 428 414 423
f 423 416 418
f 417 422 418
f 425 427 429
f 420 422 421
f 430 431 432
f 433 434 435
f 433 436 437
f 435 438 439
f 440 441 442
f 443 436 441
f 444 432 439
f 445 446 447
f 448 449 450
f 451 452 453
f 449 453 454
f 455 451 456
f 455 456 457
f 442 446 440
f 458 447 448
f 420 419 459
f 444 430 432
f 459 431 430
f 434 438 435
f 443 437 436
f 434 433 437
f 444 439 438
f 458 445 447
f 449 454 450
f 452 460 453
f 454 453 460
f 440 446 445
f 458 448 450
f 461 455 457
f 452 451 455
f 443 441 440
f 459 419 431
f 462 463 464
f 463 462 465
f 466 465 467
f 468 469 470
f 465 469 471
f 465 466 463
f 471 467 465
f 472 471 469
f 473 474 469
f 475 468 470
f 473 469 468
f 472 469 474
f 475 470 476
f 477 478 479
f 478 480 481
f 482 483 484
f 485 486 487
f 488 484 486
f 480 483 489
f 490 491 492
f 493 494 495
f 496 492 493
f 497 498 494
f 499 495 494
f 498 499 494
f 494 500 497
f 487 491 501
f 470 477 502
f 493 495 503
f 504 505 506
f 507 504 506
f 508 509 510
f 511 512 510
f 508 510 512
f 505 511 510
f 513 514 515
f 506 515 514
f 507 506 514
f 506 505 510
f 509 475 476
f 509 476 510
f 502 476 470
f 479 502 477
f 492 496 490
f 490 501 491
f 516 496 503
f 516 503 517
f 516 518 519
f 516 517 518
f 520 519 521
f 480 489 481
f 488 482 484
f 478 481 479
f 501 485 487
f 516 519 520
f 485 488 486
f 520 521 522
f 482 489 483
f 496 493 503
f 500 523 524
f 524 523 525
f 500 524 526
f 523 527 525
f 527 523 528
f 529 527 528
f 528 530 529
f 530 528 531
f 526 532 500
f 533 534 535
f 536 537 538
f 534 533 537
f 535 531 533
f 533 531 528
f 533 538 537
f 536 538 539
f 540 541 542
f 543 544 545
f 546 542 544
f 547 538 541
f 548 549 550
f 551 552 553
f 554 550 552
f 555 556 557
f 558 559 560
f 561 557 559
f 562 553 556
f 563 545 549
f 564 560 565
f 566 567 568
f 569 570 571
f 572 573 571
f 569 571 573
f 567 572 568
f 574 575 576
f 576 577 578
f 577 576 575
f 576 520 574
f 566 568 578
f 572 571 568
f 570 539 571
f 578 568 576
f 536 539 570
f 574 520 522
f 549 548 563
f 550 554 548
f 557 561 555
f 558 560 564
f 562 556 555
f 554 552 551
f 545 563 543
f 539 538 547
f 540 547 541
f 540 542 546
f 579 558 564
f 543 546 544
f 561 559 558
f 562 551 553
f 565 580 564
f 532 497 500
f 581 582 583
f 584 583 585
f 586 587 588
f 589 590 591
f 589 591 587
f 592 588 582
f 581 583 584
f 593 584 585
f 592 586 588
f 582 581 592
f 589 587 586
f 594 590 589
f 594 595 596
f 594 596 590
f 597 598 599
f 600 601 602
f 603 604 605
f 600 605 601
f 606 607 608
f 597 609 610
f 611 610 607
f 612 608 604
f 613 596 595
f 605 600 603
f 600 602 613
f 604 614 612
f 607 606 611
f 610 611 597
f 606 608 612
f 614 604 603
f 597 599 609
f 602 596 613
f 615 616 617
f 618 619 620
f 616 618 620
f 621 622 623
f 624 625 626
f 622 624 626
f 619 621 627
f 628 629 630
f 631 632 633
f 629 631 634
f 635 636 637
f 638 639 640
f 636 638 637
f 632 635 641
f 625 628 642
f 617 616 620
f 627 621 623
f 619 627 620
f 626 625 642
f 622 626 643
f 622 643 623
f 644 615 617
f 630 629 634
f 632 645 633
f 633 634 631
f 642 628 630
f 645 632 641
f 637 638 640
f 640 639 646
f 635 637 641
f 647 648 646
f 646 639 647
f 649 650 651
f 652 653 654
f 650 652 655
f 656 657 658
f 659 660 661
f 657 659 662
f 653 656 658
f 663 664 665
f 666 667 668
f 664 666 669
f 670 671 672
f 673 674 675
f 671 673 676
f 667 670 672
f 660 663 677
f 651 648 649
f 678 655 652
f 651 650 655
f 658 654 653
f 662 679 657
f 658 657 679
f 678 652 654
f 677 661 660
f 669 665 664
f 677 663 665
f 672 668 667
f 676 680 671
f 675 676 673
f 672 671 680
f 669 666 668
f 662 659 661
f 649 648 647
f 681 682 683
f 684 685 686
f 682 684 687
f 688 689 690
f 691 692 693
f 689 691 694
f 685 688 695
f 696 697 698
f 699 700 701
f 697 699 702
f 703 704 705
f 706 707 708
f 704 706 709
f 700 703 710
f 692 696 711
f 683 712 681
f 686 687 684
f 683 682 687
f 690 695 688
f 693 694 691
f 690 689 694
f 686 685 695
f 698 711 696
f 701 702 699
f 698 697 702
f 705 710 703
f 708 709 706
f 713 708 707
f 705 704 709
f 701 700 710
f 693 692 711
f 707 714 713
f 714 715 716
f 717 718 719
f 715 717 720
f 721 722 723
f 724 725 726
f 722 724 727
f 718 721 728
f 729 730 731
f 732 733 734
f 730 732 735
f 736 737 738
f 739 740 741
f 737 739 742
f 733 736 743
f 725 729 744
f 716 715 720
f 719 718 728
f 717 719 720
f 723 722 727
f 726 725 744
f 724 726 727
f 721 723 728
f 731 730 735
f 733 743 734
f 734 735 732
f 744 729 731
f 743 736 738
f 742 739 741
f 745 741 746
f 737 742 738
f 746 741 740
f 714 716 713
f 747 748 749
f 749 750 751
f 750 752 753
f 754 755 756
f 757 758 748
f 759 755 758
f 760 752 761
f 762 763 764
f 765 766 764
f 765 767 766
f 768 769 770
f 771 772 763
f 773 770 772
f 774 775 767
f 776 761 769
f 777 754 756
f 755 759 756
f 751 747 749
f 757 748 747
f 759 758 757
f 760 753 752
f 751 750 753
f 761 776 760
f 772 771 773
f 773 768 770
f 769 768 776
f 774 778 775
f 766 767 775
f 762 764 766
f 779 780 778
f 771 763 762
f 778 774 779
f 781 782 783
f 784 785 781
f 786 787 784
f 788 789 790
f 791 790 792
f 783 793 792
f 787 786 794
f 795 796 797
f 798 797 799
f 800 801 799
f 802 803 804
f 805 806 807
f 800 805 808
f 809 804 796
f 803 802 794
f 810 806 811
f 789 812 779
f 812 789 788
f 790 791 788
f 793 791 792
f 787 785 784
f 782 781 785
f 793 783 782
f 779 812 780
f 794 813 787
f 804 809 802
f 802 813 794
f 797 798 795
f 799 801 798
f 800 808 801
f 795 809 796
f 808 805 807
f 806 810 807
f 814 815 816
f 817 818 815
f 814 816 819
f 820 821 822
f 823 820 824
f 825 819 822
f 826 827 824
f 817 828 818
f 754 777 829
f 825 814 819
f 823 821 820
f 822 821 825
f 817 815 814
f 824 827 823
f 826 830 827
f 831 832 833
f 834 835 836
f 837 833 835
f 838 839 840
f 841 840 842
f 843 836 839
f 842 844 845
f 832 831 830
f 833 837 831
f 835 834 837
f 839 838 843
f 836 843 834
f 845 841 842
f 844 829 845
f 841 838 840
f 844 754 829
f 832 830 826
f 846 847 848
f 849 850 847
f 851 852 853
f 854 855 856
f 857 853 855
f 856 858 859
f 858 846 860
f 861 862 863
f 864 863 865
f 866 867 868
f 869 870 871
f 868 870 872
f 873 865 867
f 874 849 862
f 875 871 876
f 857 855 854
f 859 854 856
f 858 860 859
f 848 860 846
f 850 877 847
f 848 847 877
f 853 857 851
f 867 866 873
f 864 861 863
f 868 872 866
f 878 875 876
f 874 862 861
f 872 870 869
f 865 873 864
f 874 850 849
f 875 869 871
f 876 879 878
f 880 881 882
f 883 884 881
f 885 879 886
f 887 888 889
f 889 890 882
f 891 886 892
f 893 894 895
f 896 897 898
f 899 895 897
f 900 901 902
f 902 903 904
f 905 906 903
f 887 894 907
f 898 901 908
f 885 886 891
f 909 910 891
f 909 884 910
f 892 909 891
f 910 884 883
f 880 882 911
f 881 880 883
f 890 911 882
f 890 889 888
f 907 894 893
f 887 907 888
f 899 897 896
f 908 901 900
f 900 902 904
f 898 908 896
f 895 899 893
f 903 906 904
f 879 885 878
f 912 913 914
f 914 913 915
f 912 914 916
f 914 915 917
f 913 918 915
f 919 920 921
f 922 923 924
f 918 922 925
f 925 924 926
f 924 925 922
f 926 924 927
f 915 925 928
f 927 924 929
f 918 925 915
f 926 928 925
f 917 930 931
f 921 932 933
f 929 934 927
f 915 928 930
f 924 923 929
f 935 929 936
f 936 929 923
f 935 936 937
f 935 921 938
f 938 929 935
f 919 935 939
f 935 937 939
f 938 934 929
f 937 940 939
f 940 937 941
f 940 941 942
f 940 943 939
f 942 944 940
f 943 919 939
f 945 942 941
f 944 942 945
f 930 917 915
f 919 921 935
f 946 920 919
f 921 920 932
f 947 946 948
f 948 946 949
f 947 920 946
f 950 943 944
f 944 943 940
f 951 944 945
f 950 944 951
f 949 950 952
f 950 949 943
f 953 952 950
f 950 951 953
f 949 952 948
f 949 946 919
f 943 949 919
f 921 933 938
f 954 955 956
f 957 954 958
f 959 958 960
f 958 959 957
f 956 958 954
f 958 956 961
f 955 962 956
f 963 964 965
f 962 963 966
f 962 964 963
f 965 967 968
f 969 970 967
f 963 965 968
f 971 969 972
f 964 962 955
f 956 962 973
f 962 966 973
f 961 956 973
f 961 974 958
f 974 975 960
f 958 974 960
f 968 970 976
f 970 968 967
f 971 970 969
f 970 971 977
f 978 968 976
f 979 977 971
f 970 977 976
f 979 971 980
f 978 966 963
f 978 963 968
f 971 972 980
f 981 982 983
f 984 985 986
f 987 985 984
f 980 988 987
f 988 980 972
f 989 990 991
f 987 988 985
f 992 986 991
f 980 987 993
f 994 995 996
f 997 998 999
f 1000 998 995
f 996 1001 994
f 995 994 1000
f 1002 989 997
f 984 992 1003
f 992 984 986
f 990 992 991
f 992 990 1004
f 993 987 1005
f 1004 1003 992
f 1005 984 1003
f 990 1006 1004
f 1005 987 984
f 1002 999 1007
f 999 1002 997
f 1000 999 998
f 999 1000 981
f 1007 1006 1002
f 981 1007 999
f 982 981 1000
f 994 982 1000
f 1002 1006 990
f 990 989 1002
f 980 993 979
f 1008 1009 1010
f 1011 811 1009
f 1012 1010 1013
f 1014 1015 1016
f 1015 1017 1018
f 1019 1013 1014
f 1020 1021 1017
f 811 1011 810
f 1010 1012 1008
f 1011 1009 1008
f 1021 1018 1017
f 1019 1014 1016
f 1022 1021 1023
f 1019 1012 1013
f 1018 1016 1015
f 1021 1020 1023
f 1024 1025 1023
f 1025 1024 1026
f 1026 1027 1028
f 1029 1030 1031
f 1031 1032 1033
f 1027 1030 1034
f 1032 1035 1036
f 1025 1026 1028
f 1029 1034 1030
f 1028 1027 1034
f 1037 1038 1039
f 1036 1033 1032
f 1035 1039 1036
f 1033 1029 1031
f 1039 1035 1037
f 1023 1025 1022
f 1040 1041 1042
f 1041 1040 1043
f 1042 1044 1045
f 1044 1042 1041
f 1046 1047 1048
f 1047 1046 1049
f 1048 1043 1040
f 1043 1048 1047
f 1050 1051 1052
f 1051 1053 1054
f 1050 1053 1051
f 1052 1055 1056
f 1057 1056 1055
f 1057 1045 1044
f 1050 1052 1056
f 1055 1045 1057
f 1058 1059 1060
f 1061 1058 1060
f 1058 1061 1062
f 1059 1063 1060
f 1064 1065 1066
f 1066 1063 1064
f 1064 1063 1059
f 1067 1068 1069
f 1068 1067 1070
f 1069 1049 1046
f 1049 1069 1068
f 1071 1072 1062
f 1072 1070 1067
f 1070 1072 1071
f 1071 1062 1061
f 1073 1054 1074
f 1075 1054 1053
f 1076 1077 1073
f 1074 1054 1075
f 1078 1077 1076
f 1079 1078 1080
f 1079 1077 1078
f 1076 1073 1074
f 1081 1080 1082
f 1080 1081 1079
f 1083 1082 1084
f 1082 1083 1081
f 1085 1084 1086
f 1084 1085 1083
f 1087 1086 1088
f 1086 1087 1085
f 1089 1088 1090
f 1088 1089 1087
f 1091 1090 1092
f 1090 1091 1089
f 1093 1092 1094
f 1092 1093 1091
f 1095 1094 1096
f 1094 1095 1093
f 1096 1097 1098
f 1099 1098 1097
f 1097 1100 1099
f 1096 1098 1095
f 1100 1101 1102
f 1101 1103 1102
f 1103 1101 1104
f 1103 1104 1105
f 1100 1102 1099
f 1106 1107 1108
f 1109 1108 1107
f 1107 1110 1109
f 1110 1111 1112
f 1113 1111 1114
f 1111 1113 1112
f 1110 1112 1109
f 1113 1114 1115
f 1116 1117 1118
f 1117 1116 1115
f 1114 1117 1115
f 1119 1118 1120
f 1118 1119 1116
f 1121 1120 1122
f 1120 1121 1119
f 1123 1122 1124
f 1122 1123 1121
f 1125 1124 1126
f 1124 1125 1123
f 1127 1126 1128
f 1126 1127 1125
f 1129 1128 1130
f 1128 1129 1127
f 1131 1132 1133
f 1130 1132 1129
f 1134 1135 1131
f 1133 1132 1130
f 1136 1135 1134
f 1137 1136 1138
f 1137 1135 1136
f 1134 1131 1133
f 1139 1140 1141
f 1142 1139 1143
f 1139 1142 1140
f 1140 1144 1141
f 1145 1146 1147
f 1141 1144 1145
f 1146 1148 1147
f 1145 1144 1146
f 1149 1150 1151
f 1105 1104 1149
f 1150 1152 1151
f 1153 1143 1154
f 1143 1153 1142
f 1151 1152 1154
f 1154 1152 1153
f 1104 1150 1149
f 1155 1156 1157
f 1156 1158 1159
f 1155 1158 1156
f 1157 1160 1161
f 1138 1161 1160
f 1138 1162 1137
f 1155 1157 1161
f 1160 1162 1138
f 1163 1164 1165
f 1147 1148 1163
f 1164 1166 1165
f 1148 1164 1163
f 1159 1167 1168
f 1167 1159 1158
f 1166 1169 1165
f 1169 1166 1168
f 1169 1168 1167
f 1170 1171 1172
f 1173 1174 1170
f 1175 1176 1172
f 1177 1178 1179
f 1180 1181 1177
f 1182 1183 1180
f 1182 1176 1184
f 1179 1185 1186
f 1171 1170 1174
f 1172 1171 1175
f 1180 1183 1181
f 1184 1176 1175
f 1184 1183 1182
f 1181 1178 1177
f 1185 1179 1178
f 1185 1187 1186
f 1188 1189 1190
f 1191 1190 1192
f 1193 1194 1191
f 1195 1196 1197
f 1198 1199 1195
f 1200 1196 1194
f 1201 1202 1199
f 1192 1190 1189
f 1191 1192 1193
f 1188 1187 1189
f 1200 1194 1193
f 1197 1198 1195
f 1199 1198 1201
f 1200 1197 1196
f 1201 1203 1202
f 1186 1187 1188
f 1204 1205 1206
f 1206 1207 1208
f 1209 1210 1211
f 1212 1210 1213
f 1208 1214 1213
f 1207 1206 1205
f 1208 1207 1214
f 1214 1212 1213
f 1212 1211 1210
f 1209 1215 1210
f 1216 1217 1209
f 1211 1218 1209
f 1219 1217 1216
f 1220 1216 1209
f 1221 1222 1219
f 1216 1221 1219
f 1223 1221 1216
f 1220 1224 1216
f 1209 1218 1220
f 1224 1225 1226
f 1216 1224 1226
f 1216 1226 1223
f 1217 1215 1209
f 1227 1228 1229
f 1230 1229 1231
f 1227 1232 1233
f 1227 1229 1230
f 1233 1228 1227
f 1234 1235 1236
f 1237 1238 1239
f 1234 1239 1238
f 1239 1234 1236
f 1240 1241 1237
f 1242 1243 1244
f 1240 1243 1241
f 1238 1237 1241
f 1245 1237 1239
f 1246 1236 1247
f 1248 1245 1246
f 1239 1246 1245
f 1246 1239 1236
f 1249 1244 1240
f 1243 1240 1244
f 1250 1249 1251
f 1240 1251 1249
f 1252 1253 1244
f 1237 1245 1251
f 1240 1237 1251
f 1254 1251 1245
f 1253 1242 1244
f 1255 1256 1257
f 1256 1255 1258
f 1259 1260 1258
f 1261 1262 1263
f 1264 1262 1265
f 1264 1266 1267
f 1268 1255 1253
f 1255 1257 1253
f 1269 1268 1252
f 1253 1252 1268
f 1268 1259 1255
f 1244 1249 1252
f 1270 1271 1272
f 1273 1260 1271
f 1258 1255 1259
f 1263 1270 1274
f 1260 1273 1258
f 1275 1259 1268
f 1276 1277 1267
f 1242 1253 1257
f 1278 1252 1249
f 1254 1250 1251
f 1279 1260 1259
f 1275 1268 1269
f 1252 1278 1269
f 1275 1279 1259
f 1250 1278 1249
f 1272 1280 1274
f 1270 1272 1274
f 1281 1282 1283
f 1281 1260 1282
f 1280 1281 1283
f 1272 1260 1281
f 1272 1271 1260
f 1260 1279 1282
f 1284 1285 1286
f 1285 1246 1286
f 1246 1285 1248
f 1248 1254 1245
f 1281 1280 1272
f 1287 1288 1289
f 1261 1290 1265
f 1262 1261 1265
f 1291 1292 1280
f 1292 1274 1280
f 1261 1292 1290
f 1261 1274 1292
f 1290 1288 1265
f 1267 1266 1276
f 1293 1276 1294
f 1295 1276 1266
f 1293 1277 1276
f 1266 1265 1288
f 1266 1264 1265
f 1291 1290 1292
f 1291 1289 1290
f 1280 1296 1291
f 1288 1287 1295
f 1289 1288 1290
f 1297 1294 1295
f 1276 1295 1294
f 1298 1294 1297
f 1297 1295 1287
f 1295 1266 1288
f 1293 1299 1300
f 1283 1296 1280
f 1261 1263 1274
f 1293 1301 1277
f 1302 1303 1304
f 1305 1306 1302
f 1305 1301 1300
f 1307 1308 1309
f 1310 1311 1312
f 1304 1313 1308
f 1307 1314 1312
f 1315 1306 1300
f 1306 1305 1300
f 1316 1313 1303
f 1313 1304 1303
f 1306 1303 1302
f 1317 1303 1306
f 1310 1312 1318
f 1311 1310 1319
f 1320 1314 1309
f 1314 1307 1309
f 1319 1310 1321
f 1308 1313 1309
f 1314 1318 1312
f 1320 1309 1313
f 1319 1322 1311
f 1299 1293 1294
f 1323 1324 1325
f 1322 1326 1324
f 1323 1327 1328
f 1329 1330 1331
f 1332 1333 1334
f 1335 1330 1328
f 1329 1336 1334
f 1337 1325 1326
f 1324 1326 1325
f 1338 1335 1327
f 1328 1327 1335
f 1327 1323 1325
f 1339 1327 1325
f 1340 1336 1331
f 1329 1331 1336
f 1341 1332 1336
f 1333 1332 1342
f 1332 1334 1336
f 1335 1343 1331
f 1331 1330 1335
f 1344 1326 1319
f 1319 1326 1322
f 1342 1332 1341
f 1345 1315 1299
f 1315 1300 1299
f 1346 1316 1317
f 1316 1303 1317
f 1315 1317 1306
f 1347 1317 1315
f 1320 1348 1314
f 1310 1318 1349
f 1321 1349 1350
f 1351 1349 1318
f 1321 1310 1349
f 1313 1316 1320
f 1318 1314 1351
f 1352 1320 1316
f 1298 1345 1299
f 1347 1315 1345
f 1347 1346 1317
f 1352 1348 1320
f 1352 1316 1346
f 1350 1349 1351
f 1351 1314 1348
f 1350 1353 1321
f 1299 1294 1298
f 1337 1344 1354
f 1326 1344 1337
f 1338 1339 1355
f 1327 1339 1338
f 1339 1325 1337
f 1339 1337 1356
f 1340 1343 1357
f 1331 1343 1340
f 1358 1341 1340
f 1342 1341 1359
f 1341 1336 1340
f 1360 1343 1338
f 1343 1335 1338
f 1361 1359 1341
f 1353 1354 1344
f 1356 1337 1354
f 1356 1355 1339
f 1340 1357 1358
f 1361 1341 1358
f 1343 1360 1357
f 1355 1360 1338
f 1321 1353 1344
f 1344 1319 1321
f 1301 1293 1300
f 1362 1363 1364
f 1365 1366 1367
f 1364 1368 1369
f 1365 1370 1371
f 1367 1370 1365
f 1372 1370 1367
f 1373 1371 1374
f 1373 1365 1371
f 1373 1374 1375
f 1376 1371 1370
f 1368 1364 1377
f 1378 1379 1380
f 1381 1382 1378
f 1375 1380 1379
f 1383 1382 1384
f 1372 1367 1385
f 1386 1370 1372
f 1386 1376 1370
f 1374 1387 1388
f 1389 1374 1388
f 1375 1374 1380
f 1387 1371 1376
f 1380 1374 1389
f 1389 1390 1391
f 1391 1380 1389
f 1391 1392 1380
f 1387 1374 1371
f 1393 1391 1390
f 1394 1395 1396
f 1397 1381 1392
f 1391 1393 1392
f 1398 1384 1381
f 1399 1397 1392
f 1392 1400 1399
f 1400 1392 1393
f 1399 1401 1397
f 1392 1378 1380
f 1397 1401 1398
f 1402 1403 1384
f 1384 1398 1402
f 1404 1405 1403
f 1384 1406 1383
f 1407 1402 1398
f 1408 1407 1409
f 1398 1401 1409
f 1409 1407 1398
f 1409 1401 1410
f 1402 1411 1404
f 1397 1398 1381
f 1384 1382 1381
f 1412 1407 1408
f 1412 1413 1414
f 1408 1409 1410
f 1415 1414 1413
f 1407 1412 1414
f 1407 1415 1411
f 1392 1381 1378
f 1406 1403 1416
f 1417 1418 1419
f 1420 1421 1422
f 1421 1423 1424
f 1425 1426 1427
f 1428 1429 1430
f 1431 1432 1433
f 1433 1434 1435
f 1432 1436 1430
f 1434 1425 1427
f 1429 1428 1422
f 1437 1438 1439
f 1440 1441 1395
f 1394 1396 1442
f 1443 1437 1439
f 1443 1439 1396
f 1396 1395 1441
f 1362 1444 1445
f 1444 1362 1441
f 1445 1363 1362
f 1446 1438 1437
f 1447 1444 1441
f 1377 1364 1363
f 1369 1424 1448
f 1420 1449 1421
f 1422 1428 1420
f 1420 1428 1450
f 1432 1431 1436
f 1436 1431 1451
f 1452 1428 1436
f 1430 1436 1428
f 1423 1448 1424
f 1423 1421 1449
f 1369 1448 1364
f 1420 1450 1449
f 1423 1449 1448
f 1436 1453 1452
f 1431 1454 1451
f 1436 1451 1453
f 1428 1452 1450
f 1435 1431 1433
f 1454 1431 1455
f 1405 1418 1456
f 1405 1456 1416
f 1404 1403 1402
f 1404 1418 1405
f 1418 1457 1419
f 1404 1458 1457
f 1457 1418 1404
f 1411 1402 1407
f 1415 1407 1414
f 1459 1460 1461
f 1419 1461 1417
f 1459 1462 1427
f 1426 1460 1459
f 1426 1459 1427
f 1463 1459 1461
f 1404 1411 1458
f 1464 1463 1457
f 1457 1458 1464
f 1462 1463 1465
f 1463 1461 1457
f 1466 1464 1458
f 1464 1467 1465
f 1419 1457 1461
f 1468 1458 1411
f 1469 1415 1470
f 1415 1413 1470
f 1469 1471 1472
f 1473 1469 1470
f 1471 1474 1475
f 1471 1469 1473
f 1472 1468 1415
f 1472 1471 1475
f 1476 1466 1468
f 1468 1472 1476
f 1477 1467 1466
f 1466 1458 1468
f 1478 1476 1472
f 1479 1475 1480
f 1475 1481 1480
f 1475 1479 1478
f 1478 1472 1475
f 1482 1477 1476
f 1472 1415 1469
f 1468 1411 1415
f 1463 1462 1459
f 1403 1405 1416
f 1483 1427 1462
f 1435 1427 1483
f 1435 1434 1427
f 1484 1455 1435
f 1464 1466 1467
f 1485 1486 1465
f 1462 1465 1486
f 1484 1483 1487
f 1486 1483 1462
f 1485 1465 1467
f 1483 1484 1435
f 1463 1464 1465
f 1484 1488 1455
f 1489 1455 1488
f 1490 1491 1488
f 1489 1488 1491
f 1491 1454 1489
f 1492 1488 1484
f 1492 1487 1493
f 1492 1484 1487
f 1492 1494 1490
f 1492 1490 1488
f 1487 1486 1495
f 1483 1486 1487
f 1435 1455 1431
f 1492 1493 1494
f 1477 1496 1467
f 1485 1467 1496
f 1496 1497 1485
f 1495 1485 1497
f 1495 1486 1485
f 1498 1496 1477
f 1499 1496 1498
f 1497 1496 1499
f 1495 1500 1493
f 1501 1477 1482
f 1500 1497 1502
f 1493 1500 1503
f 1504 1493 1503
f 1504 1494 1493
f 1505 1504 1503
f 1442 1396 1439
f 1500 1495 1497
f 1493 1487 1495
f 1466 1476 1477
f 1455 1489 1454
f 1441 1440 1447
f 1403 1406 1384
f 1474 1481 1475
f 1482 1478 1479
f 1476 1478 1482
f 1506 1498 1477
f 1501 1506 1477
f 1497 1499 1507
f 1507 1502 1497
f 1500 1502 1503
f 1508 1509 1510
f 1511 1512 1508
f 1513 1514 1515
f 1510 1516 1514
f 1517 1518 1519
f 1513 1520 1518
f 1511 1521 1522
f 1522 1512 1511
f 1516 1510 1509
f 1516 1515 1514
f 1523 1518 1520
f 1513 1515 1520
f 1518 1523 1519
f 1524 1517 1519
f 1512 1509 1508
f 1525 1526 1527
f 1528 1529 1525
f 1530 1526 1531
f 1531 1532 1533
f 1529 1528 1534
f 1535 1536 1537
f 1536 1538 1539
f 1540 1541 1542
f 1542 1543 1538
f 1544 1540 1534
f 1535 1545 1546
f 1547 1548 1549
f 1550 1551 1547
f 1552 1553 1554
f 1552 1548 1553
f 1555 1551 1556
f 1557 1558 1559
f 1558 1557 1560
f 1561 1562 1563
f 1563 1564 1559
f 1554 1560 1565
f 1532 1555 1556
f 1566 1567 1546
f 1537 1545 1535
f 1545 1566 1546
f 1543 1539 1538
f 1536 1539 1537
f 1541 1543 1542
f 1528 1544 1534
f 1527 1528 1525
f 1533 1530 1531
f 1530 1527 1526
f 1541 1540 1544
f 1533 1532 1568
f 1564 1557 1559
f 1563 1569 1564
f 1570 1569 1562
f 1569 1563 1562
f 1557 1571 1560
f 1547 1572 1550
f 1572 1547 1549
f 1571 1565 1560
f 1565 1552 1554
f 1549 1548 1552
f 1550 1556 1551
f 1532 1556 1568
f 1573 1567 1566
f 1574 1575 1576
f 1576 1577 1578
f 1579 1580 1574
f 1581 1582 1583
f 1584 1585 1582
f 1579 1585 1586
f 1587 1588 1583
f 1589 1590 1591
f 1591 1592 1593
f 1594 1589 1595
f 1596 1597 1598
f 1599 1600 1601
f 1597 1602 1599
f 1603 1598 1593
f 1577 1595 1578
f 1587 1604 1605
f 1586 1585 1584
f 1575 1577 1576
f 1580 1575 1574
f 1583 1588 1581
f 1582 1581 1584
f 1587 1605 1588
f 1604 1606 1605
f 1594 1595 1577
f 1596 1602 1597
f 1607 1601 1600
f 1590 1592 1591
f 1589 1594 1590
f 1596 1598 1603
f 1600 1599 1602
f 1593 1592 1603
f 1580 1579 1586
f 1608 1609 1610
f 1611 1612 1613
f 1612 1608 1610
f 1614 1615 1616
f 1610 1615 1617
f 1618 1616 1619
f 1612 1620 1621
f 1622 1623 1612
f 1617 1612 1610
f 1612 1617 1620
f 1614 1618 1624
f 1618 1614 1616
f 1625 1618 1619
f 1618 1625 1626
f 1617 1615 1614
f 1617 1614 1627
f 1619 1628 1625
f 1620 1629 1621
f 1630 1631 1632
f 1633 1634 1630
f 1635 1636 1637
f 1612 1638 1639
f 1633 1637 1640
f 1641 1642 1635
f 1628 1643 1644
f 1644 1643 1645
f 1628 1644 1625
f 1646 1647 1648
f 1646 1645 1647
f 1647 1645 1643
f 1649 1648 1632
f 1644 1645 1650
f 1641 1651 1652
f 1612 1639 1622
f 1625 1644 1653
f 1650 1645 1654
f 1655 1654 1646
f 1646 1649 1656
f 1649 1646 1648
f 1656 1649 1657
f 1646 1656 1655
f 1653 1644 1650
f 1620 1617 1627
f 1624 1618 1626
f 1626 1625 1653
f 1614 1624 1627
f 1654 1645 1646
f 1631 1634 1658
f 1634 1631 1630
f 1640 1634 1633
f 1634 1640 1659
f 1636 1642 1660
f 1642 1636 1635
f 1652 1642 1641
f 1642 1652 1661
f 1640 1637 1636
f 1640 1636 1662
f 1657 1631 1658
f 1658 1634 1659
f 1663 1652 1664
f 1661 1660 1642
f 1662 1636 1660
f 1662 1659 1640
f 1652 1663 1661
f 1652 1651 1664
f 1631 1657 1649
f 1649 1632 1631
f 1651 1665 1664
f 1666 1667 1665
f 1668 1669 1666
f 1670 1671 1672
f 1668 1673 1674
f 1612 1675 1638
f 1673 1670 1676
f 1667 1669 1677
f 1669 1667 1666
f 1674 1669 1668
f 1669 1674 1678
f 1676 1672 1679
f 1672 1676 1670
f 1680 1672 1671
f 1672 1680 1681
f 1674 1673 1676
f 1674 1676 1682
f 1671 1683 1680
f 1667 1663 1664
f 1684 1683 1685
f 1612 1686 1675
f 1687 1688 1685
f 1689 1690 1687
f 1688 1687 1690
f 1691 1692 1689
f 1685 1688 1684
f 1693 1694 1691
f 1695 1694 1693
f 1684 1688 1696
f 1697 1695 1698
f 1699 1700 1701
f 1697 1698 1700
f 1702 1701 1703
f 1683 1684 1680
f 1680 1684 1704
f 1663 1667 1677
f 1677 1669 1678
f 1676 1679 1682
f 1682 1678 1674
f 1672 1681 1679
f 1705 1688 1690
f 1681 1680 1704
f 1704 1684 1696
f 1706 1688 1705
f 1707 1705 1690
f 1688 1706 1696
f 1690 1692 1707
f 1692 1694 1708
f 1694 1692 1691
f 1709 1694 1695
f 1694 1709 1710
f 1697 1699 1711
f 1699 1697 1700
f 1702 1699 1701
f 1699 1702 1712
f 1709 1695 1697
f 1709 1697 1713
f 1708 1694 1710
f 1710 1709 1713
f 1699 1712 1711
f 1711 1713 1697
f 1714 1712 1715
f 1702 1715 1712
f 1702 1703 1715
f 1692 1708 1707
f 1690 1689 1692
f 1612 1716 1686
f 1667 1664 1665
f 1608 1612 1611
f 1612 1621 1716
f 1613 1612 1717
f 1717 1612 1623
f 1718 1719 1720
f 1721 1722 1723
f 1724 1723 1719
f 1725 1726 1727
f 1728 1729 1730
f 1731 1730 1726
f 1732 1727 1722
f 1733 1724 1718
f 1724 1719 1718
f 1734 1732 1721
f 1732 1722 1721
f 1724 1721 1723
f 1735 1721 1724
f 1725 1731 1726
f 1727 1732 1725
f 1736 1728 1731
f 1728 1730 1731
f 1737 1729 1728
f 1738 1737 1728
f 1737 1739 1740
f 1741 1731 1725
f 1737 1740 1729
f 1742 1725 1732
f 1743 1744 1745
f 1746 1747 1748
f 1747 1743 1749
f 1750 1751 1752
f 1753 1754 1746
f 1750 1754 1753
f 1755 1745 1739
f 1745 1744 1739
f 1756 1748 1749
f 1748 1747 1749
f 1745 1749 1743
f 1757 1749 1745
f 1753 1751 1750
f 1746 1748 1753
f 1758 1759 1751
f 1759 1752 1751
f 1760 1759 1761
f 1762 1761 1759
f 1761 1763 1760
f 1764 1751 1753
f 1760 1752 1759
f 1765 1753 1748
f 1761 1766 1767
f 1740 1739 1744
f 1768 1739 1737
f 1769 1733 1770
f 1771 1735 1769
f 1724 1733 1769
f 1724 1769 1735
f 1772 1769 1770
f 1773 1742 1734
f 1734 1721 1735
f 1774 1736 1741
f 1741 1725 1742
f 1734 1742 1732
f 1775 1741 1742
f 1731 1741 1736
f 1776 1734 1735
f 1777 1778 1772
f 1778 1769 1772
f 1769 1778 1771
f 1742 1773 1775
f 1775 1774 1741
f 1776 1735 1771
f 1776 1773 1734
f 1774 1779 1736
f 1779 1738 1736
f 1780 1768 1738
f 1738 1728 1736
f 1781 1757 1755
f 1755 1739 1768
f 1738 1768 1737
f 1782 1755 1768
f 1783 1765 1756
f 1756 1749 1757
f 1784 1758 1764
f 1764 1753 1765
f 1758 1751 1764
f 1785 1762 1758
f 1756 1765 1748
f 1786 1764 1765
f 1755 1757 1745
f 1787 1756 1757
f 1782 1781 1755
f 1787 1757 1781
f 1768 1780 1782
f 1788 1786 1765
f 1788 1765 1783
f 1785 1758 1784
f 1756 1787 1783
f 1764 1786 1784
f 1785 1789 1762
f 1779 1780 1738
f 1758 1762 1759
f 1767 1763 1761
f 1790 1791 1792
f 1793 1792 1791
f 1794 1793 1795
f 1796 1797 1798
f 1799 1800 1797
f 1801 1802 1790
f 1799 1802 1803
f 1804 1805 1767
f 1763 1767 1805
f 1806 1794 1804
f 1795 1805 1804
f 1795 1804 1794
f 1807 1804 1767
f 1808 1801 1792
f 1792 1793 1794
f 1809 1800 1803
f 1803 1802 1801
f 1800 1799 1803
f 1810 1798 1800
f 1792 1801 1790
f 1811 1803 1801
f 1800 1798 1797
f 1812 1792 1794
f 1798 1813 1796
f 1814 1815 1816
f 1817 1818 1819
f 1820 1819 1815
f 1821 1822 1823
f 1824 1825 1826
f 1821 1826 1822
f 1827 1823 1818
f 1828 1814 1813
f 1814 1816 1813
f 1829 1817 1820
f 1817 1819 1820
f 1814 1820 1815
f 1830 1820 1814
f 1831 1825 1832
f 1833 1821 1827
f 1821 1823 1827
f 1824 1826 1821
f 1834 1824 1821
f 1236 1235 1831
f 1818 1817 1827
f 1825 1824 1832
f 1835 1827 1817
f 1796 1813 1816
f 1836 1813 1798
f 1837 1807 1766
f 1807 1767 1766
f 1838 1812 1806
f 1812 1794 1806
f 1807 1806 1804
f 1839 1806 1807
f 1840 1811 1808
f 1811 1801 1808
f 1841 1810 1809
f 1810 1800 1809
f 1811 1809 1803
f 1842 1809 1811
f 1812 1808 1792
f 1840 1808 1812
f 1839 1838 1806
f 1789 1837 1766
f 1807 1837 1839
f 1842 1841 1809
f 1811 1840 1842
f 1843 1810 1841
f 1843 1844 1836
f 1812 1838 1840
f 1843 1836 1810
f 1810 1836 1798
f 1766 1762 1789
f 1845 1830 1828
f 1830 1814 1828
f 1846 1835 1829
f 1835 1817 1829
f 1830 1829 1820
f 1847 1829 1830
f 1848 1236 1832
f 1831 1832 1236
f 1849 1834 1833
f 1834 1821 1833
f 1848 1824 1834
f 1850 1848 1834
f 1848 1851 1236
f 1827 1835 1833
f 1828 1813 1836
f 1852 1833 1835
f 1847 1846 1829
f 1844 1845 1828
f 1830 1845 1847
f 1849 1850 1834
f 1833 1852 1849
f 1850 1284 1848
f 1835 1846 1852
f 1284 1851 1848
f 1836 1844 1828
f 1832 1824 1848
f 1766 1761 1762
f 1853 1854 1855
f 1856 1855 1857
f 1858 1859 1857
f 1860 1858 1861
f 1862 1863 1864
f 1865 1861 1863
f 1866 1867 1864
f 1868 1869 1870
f 1871 1868 1872
f 1873 1874 1875
f 1876 1877 1878
f 1874 1876 1879
f 1871 1872 1877
f 1880 1873 1881
f 1867 1866 1880
f 1853 1882 1854
f 1855 1856 1853
f 1859 1858 1860
f 1865 1860 1861
f 1862 1865 1863
f 1856 1857 1859
f 1867 1862 1864
f 1881 1873 1875
f 1875 1874 1879
f 1876 1878 1879
f 1870 1872 1868
f 1869 1883 1870
f 1878 1877 1872
f 1880 1881 1867
f 1869 1884 1883
f 1884 1885 1886
f 1887 1888 1889
f 1886 1885 1888
f 1890 1891 1892
f 1889 1892 1893
f 1894 1890 1895
f 1896 1897 1895
f 1885 1884 1869
f 1898 1899 1900
f 1901 1902 1903
f 1904 1902 1905
f 1906 1907 1908
f 1909 1907 1898
f 1910 1899 1904
f 1896 1906 1911
f 1912 1903 1913
f 1886 1888 1887
f 1893 1887 1889
f 1891 1893 1892
f 1894 1895 1914
f 1897 1896 1911
f 1895 1897 1914
f 1890 1894 1891
f 1907 1909 1908
f 1898 1915 1909
f 1910 1900 1899
f 1906 1908 1911
f 1905 1910 1904
f 1900 1915 1898
f 1901 1905 1902
f 1912 1901 1903
f 1912 1913 1916
f 1917 1918 1919
f 1920 1919 1918
f 1921 1922 1923
f 1920 1922 1919
f 1923 1924 1925
f 1926 1927 1928
f 1929 1930 1931
f 1932 1933 1934
f 1926 1928 1933
f 1925 1924 1930
f 1929 1931 1935
f 1930 1929 1925
f 1919 1922 1921
f 1923 1925 1921
f 1913 1918 1917
f 1917 1919 1936
f 1937 1938 1939
f 1940 1937 1939
f 1939 1941 1940
f 1934 1939 1938
f 1932 1934 1938
f 1933 1928 1934
f 1941 1929 1935
f 1940 1941 1935
f 1927 1942 1928
f 1943 1944 1945
f 1946 1947 1948
f 1945 1947 1949
f 1946 1948 1950
f 1951 1952 1953
f 1954 1952 1955
f 1956 1957 1958
f 1955 1958 1954
f 1956 1959 1957
f 1960 1961 1959
f 1945 1949 1943
f 1962 1963 1950
f 1963 1962 1964
f 1950 1963 1946
f 1943 1942 1965
f 1949 1947 1946
f 1965 1944 1943
f 1965 1942 1966
f 1967 1964 1968
f 1958 1957 1954
f 1952 1954 1953
f 1967 1968 1951
f 1951 1953 1967
f 1959 1961 1957
f 1964 1967 1963
f 1966 1942 1927
f 1969 1970 1971
f 1972 1973 1974
f 1971 1975 1976
f 1969 1971 1976
f 1972 1975 1971
f 1973 1972 1971
f 1977 1972 1974
f 1976 1978 1969
f 1979 1970 1980
f 1981 1976 1982
f 1983 1978 1981
f 1984 1983 1985
f 1981 1985 1983
f 1986 1984 1987
f 1988 1982 1975
f 1975 1982 1976
f 1982 1989 1981
f 1984 1985 1987
f 1986 1987 1990
f 1987 1985 1991
f 1981 1989 1985
f 1990 1987 1992
f 1990 1993 1986
f 1978 1976 1981
f 1994 1975 1972
f 1995 1996 1997
f 1977 1997 1996
f 1977 1996 1972
f 1998 1996 1995
f 1999 1998 2000
f 1999 2001 1996
f 1996 1998 1999
f 2002 1988 1994
f 2003 2001 1999
f 1996 2001 1994
f 2004 1999 2000
f 1972 1996 1994
f 2005 1971 1979
f 1988 2006 1982
f 1975 1994 1988
f 2007 1989 2006
f 1991 1989 2007
f 1987 1991 1992
f 1992 1991 2008
f 1991 1985 1989
f 2009 2006 1988
f 2010 2009 2002
f 2009 1988 2002
f 2007 2011 2008
f 1991 2007 2008
f 2012 2011 2007
f 2006 2009 2012
f 2006 2012 2007
f 2013 2012 2009
f 1992 2014 2015
f 1994 2001 2002
f 1989 1982 2006
f 2016 2002 2001
f 1990 2015 2017
f 1970 1979 1971
f 2018 2019 2020
f 2021 2022 2019
f 2023 2022 2024
f 1990 1992 2015
f 2017 2020 1993
f 2025 2021 2018
f 2018 2020 2017
f 2021 2019 2018
f 2026 2024 2021
f 2021 2024 2022
f 2027 2018 2017
f 2024 2028 2023
f 2029 2028 2030
f 2031 2032 2033
f 2034 2031 2035
f 2032 2029 2036
f 2037 2036 2030
f 2029 2030 2036
f 2038 2035 2033
f 2031 2033 2035
f 2034 2035 2039
f 2040 2039 2035
f 2033 2032 2036
f 2041 2033 2036
f 2039 2042 2034
f 2024 2030 2028
f 2043 2030 2024
f 2014 2008 2044
f 2045 2027 2015
f 2014 2045 2015
f 2018 2027 2025
f 2021 2025 2026
f 2025 2027 2046
f 2027 2017 2015
f 2026 2025 2047
f 2048 2044 2011
f 2011 2044 2008
f 2044 2049 2014
f 2027 2045 2046
f 2025 2046 2047
f 2046 2045 2050
f 2014 2049 2045
f 2046 2051 2047
f 2026 2052 2043
f 2008 2014 1992
f 2053 2037 2043
f 2030 2043 2037
f 2054 2038 2041
f 2033 2041 2038
f 2035 2038 2040
f 2055 2040 2038
f 2041 2036 2037
f 2056 2041 2037
f 2052 2047 2057
f 2043 2052 2053
f 2056 2053 2058
f 2041 2056 2054
f 2038 2054 2055
f 2054 2056 2059
f 2056 2037 2053
f 2053 2052 2060
f 2061 2062 2055
f 2026 2047 2052
f 2043 2024 2026
f 2055 2054 2063
f 2062 2064 2040
f 2017 1993 1990
f 2065 2011 2012
f 2066 2004 2067
f 2004 2000 2067
f 2068 2016 2003
f 2016 2001 2003
f 2004 2003 1999
f 2069 2003 2004
f 2070 2066 2071
f 2072 2069 2070
f 2004 2066 2070
f 2069 2004 2070
f 2073 2068 2069
f 2069 2068 2003
f 2074 2070 2071
f 2016 2075 2010
f 2076 1971 2005
f 2077 2013 2010
f 2013 2009 2010
f 2065 2048 2011
f 2012 2013 2065
f 2048 2078 2044
f 2079 2048 2065
f 2010 2002 2016
f 2080 2065 2013
f 2081 2077 2075
f 2077 2010 2075
f 2080 2079 2065
f 2013 2077 2080
f 2082 2083 2079
f 2084 2079 2080
f 2083 2078 2048
f 2085 2080 2077
f 2049 2086 2050
f 2016 2068 2075
f 2044 2078 2049
f 2087 2075 2068
f 2088 2089 1971
f 2090 2074 2091
f 2092 2093 2090
f 2091 2094 2090
f 2074 2090 2070
f 2095 1973 1971
f 2096 2090 2094
f 2097 2072 2098
f 2090 2093 2098
f 2073 2072 2097
f 2090 2098 2072
f 2070 2090 2072
f 2099 2087 2073
f 2073 2069 2072
f 2100 2085 2081
f 2081 2075 2087
f 2085 2077 2081
f 2101 2084 2085
f 2073 2087 2068
f 2102 2081 2087
f 2102 2087 2099
f 2100 2081 2102
f 2084 2101 2103
f 2100 2101 2085
f 2082 2084 2103
f 2097 2099 2073
f 2085 2084 2080
f 2083 2048 2079
f 2088 1971 2076
f 2086 2078 2104
f 2105 2051 2050
f 2086 2105 2050
f 2047 2051 2057
f 2051 2046 2050
f 2057 2051 2106
f 2107 2104 2083
f 2083 2104 2078
f 2105 2108 2106
f 2051 2105 2106
f 2109 2108 2105
f 2086 2104 2109
f 2086 2109 2105
f 2110 2109 2104
f 2057 2111 2060
f 2086 2049 2078
f 2111 2106 2112
f 2113 2058 2060
f 2111 2113 2060
f 2056 2058 2059
f 2054 2059 2063
f 2059 2058 2114
f 2058 2053 2060
f 2063 2059 2115
f 2116 2112 2108
f 2108 2112 2106
f 2112 2117 2111
f 2058 2113 2114
f 2059 2114 2115
f 2114 2113 2118
f 2111 2117 2113
f 2115 2114 2119
f 2120 2121 2115
f 2111 2057 2106
f 2060 2052 2057
f 2122 2108 2109
f 2123 2107 2082
f 2107 2083 2082
f 2124 2122 2110
f 2122 2109 2110
f 2116 2108 2122
f 2125 2116 2122
f 2107 2110 2104
f 2126 2110 2107
f 2126 2107 2123
f 2110 2126 2127
f 2122 2124 2125
f 2110 2127 2124
f 2125 2128 2116
f 2103 2123 2082
f 2116 2128 2129
f 2130 2118 2117
f 2118 2131 2119
f 2114 2118 2119
f 2130 2131 2118
f 2117 2129 2130
f 2118 2113 2117
f 2132 2130 2129
f 2132 2129 2128
f 2133 2131 2134
f 2130 2132 2134
f 2131 2133 2135
f 2130 2134 2131
f 2120 2119 2135
f 2129 2112 2116
f 2112 2129 2117
f 2061 2063 2121
f 2079 2084 2082
f 2050 2045 2049
f 2064 2136 2039
f 2136 2137 2042
f 2138 2139 2137
f 2140 2139 2141
f 2064 2039 2040
f 2142 2138 2136
f 2138 2143 2141
f 2139 2138 2141
f 2143 2138 2142
f 2136 2064 2142
f 2138 2137 2136
f 2144 2142 2064
f 2141 2145 2140
f 2040 2055 2062
f 2146 2147 2148
f 2149 2150 2151
f 2152 2149 2153
f 2150 2146 2148
f 2145 2141 2154
f 2147 2145 2148
f 2151 2148 2155
f 2149 2151 2153
f 2152 2153 2156
f 2153 2151 2157
f 2151 2150 2148
f 2148 2145 2158
f 2156 2159 2152
f 2140 2145 2147
f 2160 2156 2153
f 2161 2144 2062
f 2144 2064 2062
f 2144 2162 2142
f 2141 2143 2154
f 2142 2162 2143
f 2154 2143 2163
f 2164 2161 2061
f 2161 2062 2061
f 2162 2165 2163
f 2143 2162 2163
f 2166 2165 2162
f 2144 2161 2166
f 2144 2166 2162
f 2167 2166 2161
f 2154 2168 2158
f 2061 2055 2063
f 2168 2163 2169
f 2170 2155 2158
f 2155 2171 2157
f 2151 2155 2157
f 2170 2171 2155
f 2158 2168 2170
f 2155 2148 2158
f 2172 2170 2168
f 2173 2169 2165
f 2165 2169 2163
f 2172 2174 2170
f 2168 2169 2172
f 2175 2171 2176
f 2177 2174 2172
f 2171 2170 2174
f 2178 2172 2169
f 2175 2160 2157
f 2168 2154 2163
f 2158 2145 2154
f 2179 2165 2166
f 2160 2153 2157
f 2063 2115 2121
f 2180 2159 2181
f 2182 2180 2183
f 2184 2185 2090
f 2186 2182 2187
f 2188 2156 2160
f 2188 2181 2156
f 2183 2181 2189
f 2182 2183 2187
f 2186 2187 2190
f 2187 2183 2191
f 2183 2180 2181
f 2187 2192 2190
f 2190 2193 2186
f 2159 2156 2181
f 2194 2195 2193
f 2185 2196 2090
f 2197 2198 2199
f 2196 2200 2090
f 2201 2202 2198
f 2203 2199 2195
f 2204 2203 2194
f 2195 2194 2203
f 2201 2197 2205
f 2198 2197 2201
f 2202 2201 2206
f 2203 2207 2197
f 2197 2199 2203
f 2208 2194 2190
f 2200 2092 2090
f 2190 2194 2193
f 2206 2201 2205
f 2209 2189 2188
f 2181 2188 2189
f 2210 2192 2191
f 2187 2191 2192
f 2190 2192 2208
f 2192 2211 2208
f 2191 2183 2189
f 2212 2191 2189
f 2213 2214 2175
f 2214 2160 2175
f 2215 2212 2209
f 2189 2209 2212
f 2191 2212 2210
f 2210 2212 2216
f 2209 2188 2214
f 2217 2209 2214
f 2192 2210 2211
f 2188 2160 2214
f 2207 2204 2218
f 2203 2204 2207
f 2219 2220 2205
f 2206 2205 2220
f 2092 2221 2093
f 2222 2205 2207
f 2205 2197 2207
f 2205 2222 2219
f 2223 2211 2224
f 2223 2208 2211
f 2222 2218 2225
f 2207 2218 2222
f 2219 2222 2226
f 2227 2218 2223
f 2218 2204 2223
f 2228 2211 2210
f 2229 2230 1971
f 2204 2208 2223
f 2204 2194 2208
f 2171 2174 2176
f 2157 2171 2175
f 2096 2184 2090
f 2222 2225 2226
f 2231 2164 2121
f 2164 2061 2121
f 2232 2179 2167
f 2179 2166 2167
f 2164 2167 2161
f 2233 2167 2164
f 2234 2231 2120
f 2231 2121 2120
f 2233 2232 2167
f 2164 2231 2233
f 2232 2235 2179
f 2236 2232 2233
f 2235 2173 2179
f 2237 2233 2231
f 2179 2173 2165
f 2120 2115 2119
f 2238 2177 2178
f 2177 2172 2178
f 2176 2239 2213
f 2175 2176 2213
f 2240 2239 2176
f 2174 2177 2240
f 2178 2169 2173
f 2241 2240 2177
f 2242 2243 2235
f 2235 2243 2173
f 2238 2241 2177
f 2178 2243 2238
f 2241 2244 2240
f 2245 2241 2238
f 2244 2239 2240
f 2246 2238 2243
f 2213 2247 2217
f 2178 2173 2243
f 2240 2176 2174
f 2248 2235 2232
f 2249 2234 2135
f 2234 2120 2135
f 2250 2236 2237
f 2236 2233 2237
f 2234 2237 2231
f 2251 2237 2234
f 2251 2234 2249
f 2250 2252 2236
f 2237 2251 2250
f 2253 2248 2252
f 2248 2236 2252
f 2236 2248 2232
f 2133 2249 2135
f 2254 2246 2242
f 2246 2243 2242
f 2245 2255 2241
f 2238 2246 2245
f 2256 2257 2244
f 2258 2255 2245
f 2242 2235 2248
f 2259 2245 2246
f 2260 2248 2253
f 2242 2260 2254
f 2245 2259 2258
f 2254 2259 2246
f 2258 2261 2255
f 2242 2248 2260
f 2241 2255 2244
f 2239 2257 2247
f 2135 2119 2131
f 2257 2239 2244
f 2262 2215 2217
f 2247 2262 2217
f 2212 2215 2216
f 2215 2209 2217
f 2216 2215 2263
f 2257 2264 2247
f 2262 2247 2264
f 2264 2265 2262
f 2263 2262 2265
f 2266 2267 2263
f 2268 2265 2264
f 2263 2215 2262
f 2269 2264 2257
f 2216 2267 2228
f 2256 2244 2255
f 2216 2263 2267
f 2270 2224 2228
f 2267 2270 2228
f 2223 2224 2227
f 2218 2227 2225
f 2227 2224 2271
f 2224 2211 2228
f 2225 2227 2272
f 2273 2267 2266
f 2270 2267 2273
f 2272 2271 2274
f 2227 2271 2272
f 2225 2272 2275
f 2276 2271 2270
f 2271 2224 2270
f 2275 2272 2274
f 2275 2226 2225
f 2263 2265 2266
f 2228 2210 2216
f 2277 2266 2265
f 2278 2269 2256
f 2269 2257 2256
f 2268 2277 2265
f 2264 2269 2268
f 2279 2277 2280
f 2281 2277 2268
f 2279 2273 2266
f 2282 2268 2269
f 2256 2261 2278
f 2269 2278 2282
f 2277 2281 2280
f 2283 2284 1971
f 2282 2281 2268
f 2277 2279 2266
f 2256 2255 2261
f 2285 2273 2279
f 2276 2273 2285
f 2286 2274 2287
f 2275 2274 2286
f 2274 2276 2287
f 2274 2271 2276
f 2286 2287 2288
f 2289 2285 2290
f 2279 2290 2285
f 2291 2287 2289
f 2285 2289 2287
f 2288 2287 2291
f 2287 2276 2285
f 2230 2283 1971
f 2280 2290 2279
f 2276 2270 2273
f 2247 2213 2239
f 2217 2214 2213
f 2284 2095 1971
f 2229 1971 2089
f 2039 2136 2042
f 2292 2293 2206
f 2294 2292 2295
f 2292 2296 2293
f 2297 2298 2296
f 2299 2292 2294
f 2299 2297 2292
f 2298 2297 2300
f 2300 2297 2301
f 2300 2302 2298
f 2296 2292 2297
f 2220 2294 2295
f 2219 2294 2220
f 2226 2303 2304
f 2305 2303 2226
f 2294 2219 2303
f 2299 2306 2301
f 2297 2299 2301
f 2305 2307 2303
f 2307 2308 2303
f 2306 2308 2309
f 2310 2307 2305
f 2308 2306 2299
f 2308 2294 2303
f 2294 2308 2299
f 2311 2305 2226
f 2300 2312 2313
f 2313 2314 2302
f 2313 2315 2314
f 2316 2314 2315
f 2317 2316 2315
f 2318 2315 2313
f 2312 2300 2301
f 2319 2320 2321
f 2317 2319 2321
f 2320 2319 2322
f 2323 2322 2319
f 2324 2319 2317
f 2316 2317 2321
f 2325 2317 2315
f 2312 2326 2318
f 2313 2312 2318
f 2306 2327 2328
f 2328 2301 2306
f 2327 2306 2309
f 2308 2307 2309
f 2312 2328 2326
f 2328 2312 2301
f 2329 2324 2325
f 2317 2325 2324
f 2326 2328 2330
f 2331 2318 2326
f 2325 2331 2329
f 2331 2326 2332
f 2333 2323 2324
f 2325 2318 2331
f 2325 2315 2318
f 2329 2331 2334
f 2329 2335 2333
f 2302 2300 2313
f 2336 2309 2307
f 2337 2305 2311
f 2286 2338 2339
f 2337 2339 2338
f 2338 2286 2340
f 2337 2341 2310
f 2310 2336 2307
f 2305 2337 2310
f 2341 2342 2310
f 2336 2310 2342
f 2343 2336 2344
f 2341 2338 2345
f 2342 2346 2344
f 2337 2338 2341
f 2343 2327 2309
f 2342 2341 2347
f 2288 2348 2349
f 2349 2348 2350
f 2340 2349 2338
f 2351 2347 2345
f 2345 2338 2349
f 2345 2350 2351
f 2347 2351 2352
f 2346 2347 2352
f 2349 2350 2345
f 2345 2347 2341
f 2309 2336 2343
f 2343 2353 2327
f 2330 2327 2353
f 2344 2354 2343
f 2353 2343 2354
f 2355 2356 2353
f 2357 2354 2344
f 2330 2356 2332
f 2336 2342 2344
f 2358 2334 2332
f 2331 2332 2334
f 2356 2359 2358
f 2332 2356 2358
f 2355 2359 2356
f 2353 2354 2355
f 2360 2361 2358
f 2330 2353 2356
f 2332 2326 2330
f 2362 2355 2354
f 2363 2357 2346
f 2357 2344 2346
f 2363 2364 2357
f 2362 2357 2364
f 2365 2362 2364
f 2357 2362 2354
f 2352 2363 2346
f 2362 2365 2366
f 2366 2367 2368
f 2366 2365 2367
f 2367 2369 2368
f 2360 2359 2368
f 2366 2355 2362
f 2359 2355 2366
f 2335 2334 2361
f 2342 2347 2346
f 2330 2328 2327
f 2370 2320 2322
f 2371 2372 2322
f 2370 2322 2372
f 2373 2322 2323
f 2371 2322 2373
f 2371 2374 2372
f 2319 2324 2323
f 2375 2376 2374
f 2375 2371 2377
f 2376 2375 2378
f 2376 2378 2379
f 2378 2375 2380
f 2379 2381 2376
f 2371 2375 2374
f 2382 2379 2378
f 2333 2383 2323
f 2373 2323 2383
f 2335 2384 2333
f 2383 2333 2384
f 2385 2386 2383
f 2387 2384 2335
f 2373 2386 2377
f 2329 2334 2335
f 2388 2380 2377
f 2375 2377 2380
f 2386 2389 2388
f 2377 2386 2388
f 2389 2386 2385
f 2383 2384 2385
f 2390 2382 2380
f 2373 2383 2386
f 2377 2371 2373
f 2391 2385 2384
f 2380 2382 2378
f 2324 2329 2333
f 2392 2393 2381
f 2394 2379 2382
f 2394 2392 2379
f 2393 2392 2395
f 2392 2396 2395
f 2395 2397 2393
f 2381 2379 2392
f 2398 2399 2400
f 2401 2400 2399
f 2399 2395 2402
f 2397 2399 2398
f 2395 2399 2397
f 2401 2399 2402
f 2403 2396 2394
f 2392 2394 2396
f 2404 2390 2405
f 2404 2382 2390
f 2394 2404 2403
f 2403 2404 2406
f 2396 2407 2402
f 2394 2382 2404
f 2407 2408 2402
f 2401 2402 2408
f 2409 2410 2407
f 2408 2407 2410
f 2411 2407 2403
f 2396 2403 2407
f 2402 2395 2396
f 2412 2390 2388
f 2380 2388 2390
f 2411 2409 2407
f 2413 2387 2361
f 2387 2335 2361
f 2360 2413 2361
f 2414 2391 2387
f 2413 2414 2387
f 2415 2413 2360
f 2387 2391 2384
f 2358 2359 2360
f 2416 2412 2389
f 2388 2389 2412
f 2417 2391 2414
f 2417 2418 2391
f 2389 2418 2416
f 2416 2418 2419
f 2412 2420 2405
f 2418 2385 2391
f 2389 2385 2418
f 2421 2414 2413
f 2422 2415 2368
f 2415 2360 2368
f 2422 2423 2415
f 2421 2415 2423
f 2424 2421 2423
f 2415 2421 2413
f 2369 2422 2368
f 2425 2419 2417
f 2418 2417 2419
f 2425 2426 2424
f 2426 2421 2424
f 2417 2426 2425
f 2427 2425 2424
f 2419 2428 2429
f 2426 2414 2421
f 2417 2414 2426
f 2416 2429 2420
f 2359 2366 2368
f 2430 2406 2405
f 2404 2405 2406
f 2420 2431 2430
f 2405 2420 2430
f 2429 2431 2420
f 2428 2419 2425
f 2406 2432 2411
f 2429 2416 2419
f 2432 2430 2433
f 2432 2409 2411
f 2430 2431 2433
f 2434 2432 2433
f 2435 2434 2433
f 2436 2433 2431
f 2432 2434 2409
f 2432 2406 2430
f 2411 2403 2406
f 2437 2431 2429
f 2438 2437 2428
f 2437 2429 2428
f 2428 2427 2438
f 2437 2438 2439
f 2439 2436 2437
f 2428 2425 2427
f 2436 2440 2435
f 2441 2436 2442
f 2439 2442 2436
f 2440 2436 2441
f 2431 2437 2436
f 2433 2436 2435
f 2420 2412 2416
f 2405 2390 2412
f 2334 2358 2361
f 2443 2444 2445
f 2446 2445 2447
f 2443 2448 2449
f 2448 2443 2445
f 2446 2448 2445
f 2448 2446 2450
f 2446 2447 2451
f 2452 2453 2454
f 2455 2453 2456
f 2457 2458 2459
f 2451 2447 2458
f 2455 2460 2459
f 2461 2454 2462
f 2451 2463 2464
f 2463 2451 2458
f 2457 2463 2458
f 2463 2457 2465
f 2466 2449 2448
f 2467 2457 2468
f 2469 2468 2460
f 2457 2459 2468
f 2470 2446 2451
f 2460 2456 2471
f 2456 2460 2455
f 2472 2456 2453
f 2456 2472 2473
f 2452 2474 2475
f 2474 2452 2454
f 2461 2476 2477
f 2476 2461 2462
f 2474 2454 2461
f 2474 2461 2478
f 2472 2453 2452
f 2472 2452 2479
f 2468 2459 2460
f 2480 2476 2481
f 2462 2482 2476
f 2481 2482 2483
f 2484 2483 2485
f 2481 2486 2487
f 2486 2481 2483
f 2484 2486 2483
f 2486 2484 2488
f 2484 2485 2489
f 2482 2481 2476
f 2490 2491 2492
f 2491 2493 2494
f 2495 2496 2497
f 2498 2494 2499
f 2500 2497 2498
f 2489 2485 2496
f 2501 2492 2502
f 2489 2503 2504
f 2503 2489 2496
f 2495 2503 2496
f 2503 2495 2505
f 2506 2500 2507
f 2500 2506 2497
f 2508 2500 2498
f 2500 2508 2509
f 2495 2497 2506
f 2495 2506 2510
f 2499 2493 2511
f 2493 2499 2494
f 2512 2493 2491
f 2493 2512 2513
f 2490 2514 2515
f 2514 2490 2492
f 2501 2516 2514
f 2514 2492 2501
f 2490 2517 2512
f 2512 2491 2490
f 2499 2518 2508
f 2508 2498 2499
f 2489 2519 2484
f 2520 2521 2522
f 2523 2521 2524
f 2525 2524 2526
f 2527 2520 2528
f 2529 2530 2526
f 2531 2532 2529
f 2533 2534 2535
f 2536 2537 2538
f 2539 2540 2541
f 2538 2541 2542
f 2543 2539 2544
f 2545 2544 2546
f 2535 2547 2531
f 2537 2534 2533
f 2528 2522 2548
f 2528 2520 2522
f 2523 2525 2549
f 2523 2524 2525
f 2521 2523 2522
f 2522 2523 2550
f 2548 2522 2551
f 2530 2532 2552
f 2530 2529 2532
f 2525 2530 2553
f 2554 2532 2547
f 2526 2530 2525
f 2547 2534 2555
f 2547 2535 2534
f 2538 2542 2536
f 2536 2534 2537
f 2532 2531 2547
f 2534 2536 2556
f 2542 2540 2557
f 2542 2541 2540
f 2543 2545 2558
f 2543 2544 2545
f 2545 2546 2559
f 2545 2559 2560
f 2539 2543 2540
f 2540 2543 2561
f 2562 2563 2559
f 2536 2542 2564
f 2546 2562 2559
f 2565 2559 2563
f 2566 2563 2567
f 2568 2569 2566
f 2570 2571 2568
f 2572 2573 2574
f 2574 2575 2576
f 2570 2573 2577
f 2575 2578 2579
f 2578 2580 2581
f 2582 2583 2584
f 2585 2586 2587
f 2588 2589 2590
f 2591 2587 2588
f 2592 2583 2586
f 2444 2593 2589
f 2563 2569 2594
f 2563 2566 2569
f 2571 2577 2595
f 2571 2570 2577
f 2568 2571 2569
f 2569 2571 2596
f 2572 2576 2597
f 2572 2574 2576
f 2579 2581 2598
f 2579 2578 2581
f 2575 2579 2576
f 2576 2579 2599
f 2573 2572 2577
f 2577 2572 2600
f 2601 2602 2581
f 2601 2582 2602
f 2584 2592 2603
f 2602 2582 2584
f 2592 2584 2583
f 2602 2584 2604
f 2585 2591 2605
f 2592 2586 2585
f 2590 2593 2606
f 2591 2588 2590
f 2590 2607 2591
f 2587 2591 2585
f 2585 2608 2592
f 2589 2593 2590
f 2602 2609 2581
f 2580 2601 2581
f 2567 2563 2562
f 2610 2611 2612
f 2613 2614 2615
f 2616 2617 2618
f 2619 2620 2615
f 2615 2620 2613
f 2613 2620 2621
f 2619 2615 2622
f 2623 2624 2622
f 2625 2626 2627
f 2627 2628 2629
f 2626 2625 2623
f 2630 2628 2631
f 2613 2621 2632
f 2620 2619 2633
f 2620 2633 2621
f 2633 2619 2634
f 2635 2634 2624
f 2624 2634 2619
f 2625 2624 2623
f 2636 2624 2625
f 2636 2635 2624
f 2625 2637 2636
f 2625 2638 2637
f 2619 2622 2624
f 2630 2639 2640
f 2641 2629 2642
f 2641 2638 2625
f 2629 2630 2643
f 2641 2642 2644
f 2645 2638 2641
f 2645 2641 2644
f 2642 2646 2644
f 2625 2627 2641
f 2646 2642 2643
f 2630 2640 2647
f 2647 2643 2630
f 2640 2648 2649
f 2631 2639 2630
f 2643 2647 2650
f 2651 2650 2652
f 2651 2646 2643
f 2643 2650 2651
f 2653 2646 2651
f 2649 2654 2647
f 2642 2629 2643
f 2629 2628 2630
f 2655 2656 2652
f 2653 2651 2652
f 2656 2655 2657
f 2650 2655 2652
f 2654 2657 2650
f 2627 2629 2641
f 2658 2640 2639
f 2659 2617 2660
f 2661 2662 2663
f 2664 2665 2666
f 2667 2668 2669
f 2670 2671 2672
f 2673 2674 2670
f 2667 2675 2671
f 2676 2666 2674
f 2661 2669 2668
f 2677 2678 2679
f 2611 2610 2680
f 2679 2612 2677
f 2610 2612 2679
f 2679 2678 2681
f 2680 2682 2683
f 2684 2682 2685
f 2682 2684 2683
f 2686 2687 2685
f 2688 2684 2685
f 2687 2686 2689
f 2690 2691 2692
f 2693 2662 2690
f 2669 2661 2663
f 2669 2663 2694
f 2672 2671 2675
f 2672 2675 2695
f 2669 2696 2675
f 2675 2667 2669
f 2693 2663 2662
f 2690 2662 2691
f 2692 2693 2690
f 2694 2663 2693
f 2694 2696 2669
f 2695 2675 2696
f 2697 2672 2698
f 2698 2672 2695
f 2699 2692 2691
f 2686 2692 2699
f 2672 2673 2670
f 2697 2700 2672
f 2701 2702 2648
f 2658 2701 2648
f 2647 2640 2649
f 2648 2702 2649
f 2703 2704 2702
f 2704 2705 2649
f 2649 2702 2704
f 2650 2647 2654
f 2702 2706 2703
f 2655 2650 2657
f 2665 2664 2706
f 2666 2676 2664
f 2664 2676 2707
f 2706 2664 2708
f 2705 2654 2649
f 2704 2708 2709
f 2704 2709 2705
f 2707 2708 2664
f 2704 2706 2708
f 2708 2707 2710
f 2673 2711 2676
f 2706 2704 2703
f 2654 2705 2712
f 2713 2657 2714
f 2713 2656 2657
f 2715 2714 2716
f 2713 2714 2715
f 2717 2718 2719
f 2657 2712 2716
f 2716 2714 2657
f 2712 2720 2721
f 2720 2712 2705
f 2709 2710 2722
f 2657 2654 2712
f 2712 2721 2716
f 2716 2723 2717
f 2723 2716 2721
f 2723 2724 2717
f 2720 2722 2725
f 2717 2724 2718
f 2725 2726 2721
f 2717 2727 2716
f 2709 2720 2705
f 2710 2709 2708
f 2658 2648 2640
f 2728 2729 2673
f 2676 2674 2673
f 2711 2729 2730
f 2731 2707 2711
f 2722 2720 2709
f 2710 2731 2732
f 2732 2722 2710
f 2733 2731 2730
f 2707 2731 2710
f 2722 2732 2734
f 2711 2673 2729
f 2707 2676 2711
f 2728 2735 2729
f 2735 2728 2700
f 2735 2736 2737
f 2736 2735 2700
f 2700 2697 2736
f 2729 2735 2738
f 2739 2730 2738
f 2730 2729 2738
f 2737 2740 2738
f 2735 2737 2738
f 2733 2732 2731
f 2730 2731 2711
f 2672 2728 2673
f 2739 2738 2740
f 2722 2734 2725
f 2732 2733 2616
f 2732 2616 2734
f 2725 2734 2741
f 2741 2734 2742
f 2742 2734 2616
f 2739 2660 2733
f 2726 2725 2743
f 2617 2616 2660
f 2659 2660 2739
f 2659 2739 2744
f 2739 2740 2744
f 2659 2744 2745
f 2616 2733 2660
f 2733 2730 2739
f 2725 2721 2720
f 2672 2700 2728
f 2699 2689 2686
f 2685 2687 2688
f 2682 2680 2610
f 2618 2742 2616
f 2724 2723 2726
f 2726 2723 2721
f 2725 2741 2746
f 2725 2746 2743
f 2716 2727 2715
f 2719 2727 2717
f 2636 2637 2747
f 2638 2747 2637
f 2748 2749 2750
f 2751 2750 2749
f 2752 2753 2754
f 2755 2756 2757
f 2758 2759 2760
f 2761 2762 2763
f 2764 2765 2766
f 2767 2768 2769
f 2770 2771 2772
f 2773 2774 2775
f 2776 2777 2778
f 2779 2780 2781
f 2782 2783 2784
f 2785 2786 2787
f 2788 2789 2790
f 2791 2792 2793
f 2794 2795 2796
f 2797 2798 2799
f 2800 2801 2802
f 2803 2804 2805
f 2806 2807 2808
f 2809 2810 2811
f 2812 2813 2814
f 2815 2793 2792
f 2816 2817 2818
f 2819 2820 2821
f 2822 2821 2820
f 2823 2824 2825
f 2826 2825 2824
f 2827 2805 2804
f 2828 2829 2830
f 2775 2774 2831
f 2781 2780 2832
f 2784 2783 2833
f 2808 2807 2834
f 2835 2807 2806
f 2836 2837 2838
f 2839 2840 2841
f 2842 2843 2844
f 2845 2846 2847
f 2848 2847 2846
f 2849 2850 2851
f 2852 2851 2850
f 2853 2844 2843
f 2854 2855 2856
f 2857 2856 2855
f 2841 2858 2839
f 2838 2859 2836
f 2838 2837 2860
f 2860 2858 2861
f 2841 2840 2862
f 2862 2857 2863
f 2855 2854 2864
f 2842 2865 2864
f 2844 2853 2866
f 2852 2867 2866
f 2850 2849 2868
f 2868 2848 2869
f 2846 2845 2870
f 2799 2871 2870
f 2798 2797 2872
f 2872 2814 2873
f 2813 2812 2874
f 2874 2766 2875
f 2765 2764 2760
f 2876 2877 2758
f 2877 2876 2768
f 2878 2879 2769
f 2879 2878 2787
f 2880 2881 2785
f 2881 2880 2829
f 2882 2883 2830
f 2883 2882 2816
f 2884 2885 2817
f 2885 2884 2777
f 2886 2887 2778
f 2887 2886 2810
f 2888 2889 2811
f 2889 2888 2801
f 2890 2891 2802
f 2891 2890 2790
f 2892 2893 2788
f 2893 2892 2796
f 2894 2895 2794
f 2895 2894 2757
f 2896 2755 2897
f 2898 2899 2900
f 2898 2901 2902
f 2898 2903 2901
f 2898 2900 2903
f 2897 2900 2899
f 2904 2902 2905
f 2906 2907 2908
f 2907 2909 2752
f 2907 2906 2909
f 2905 2906 2908
f 2754 2753 2910
f 2911 2912 2913
f 2912 2914 2770
f 2912 2911 2914
f 2910 2911 2913
f 2772 2771 2915
f 2916 2917 2918
f 2917 2919 2761
f 2917 2916 2919
f 2915 2916 2918
f 2763 2762 2920
f 2921 2922 2923
f 2921 2924 2791
f 2921 2925 2924
f 2921 2923 2925
f 2920 2923 2922
f 2793 2815 2926
f 2926 2822 2927
f 2820 2819 2928
f 2826 2929 2928
f 2824 2823 2930
f 2930 2827 2931
f 2804 2803 2932
f 2932 2831 2933
f 2774 2773 2934
f 2934 2832 2935
f 2780 2779 2936
f 2936 2833 2937
f 2783 2782 2938
f 2938 2834 2939
f 2940 2941 2942
f 2940 2943 2944
f 2945 2946 2943
f 2947 2948 2949
f 2950 2942 2951
f 2949 2950 2952
f 2953 2945 2954
f 2955 2956 2957
f 2958 2959 2960
f 2956 2958 2961
f 2962 2963 2964
f 2965 2966 2967
f 2968 2963 2966
f 2962 2969 2959
f 2954 2955 2970
f 2971 2967 2972
f 2944 2941 2940
f 2953 2946 2945
f 2944 2943 2946
f 2947 2973 2948
f 2951 2952 2950
f 2947 2949 2952
f 2941 2951 2942
f 2968 2964 2963
f 2971 2965 2967
f 2968 2966 2965
f 2957 2970 2955
f 2960 2961 2958
f 2969 2960 2959
f 2957 2956 2961
f 2964 2969 2962
f 2953 2954 2970
f 2972 2974 2971
f 2975 2976 2977
f 2978 2977 2979
f 2980 2981 2978
f 2982 2983 2984
f 2984 2985 2975
f 2986 2987 2982
f 2988 2989 2981
f 2990 2991 2992
f 2993 2990 2994
f 2994 2995 2996
f 2997 2998 2999
f 3000 2997 3001
f 3002 3003 2998
f 2992 2991 2986
f 2995 3000 3004
f 2974 2989 2988
f 2980 2978 2979
f 2981 2980 2988
f 2976 2975 2985
f 2983 2982 2987
f 2987 2986 2991
f 2984 2983 2985
f 2977 2976 2979
f 3005 2990 2993
f 2995 3004 2996
f 2996 2993 2994
f 2991 2990 3005
f 3000 3001 3004
f 3003 2999 2998
f 3001 2997 2999
f 3006 851 3003
f 3006 852 851
f 2989 2974 2972
f 3007 3008 3009
f 3010 3011 3012
f 3008 3010 3013
f 3014 3015 3016
f 3017 3018 3019
f 3015 3017 3020
f 3011 3014 3021
f 3022 3023 3024
f 3025 3026 3027
f 3023 3025 3028
f 3029 3030 3031
f 3032 3033 3034
f 3030 3032 3035
f 3026 3029 3036
f 3018 3022 3037
f 3009 3008 3013
f 3012 3011 3021
f 3010 3012 3013
f 3016 3015 3020
f 3019 3018 3037
f 3017 3019 3020
f 3014 3016 3021
f 3024 3023 3028
f 3026 3036 3027
f 3027 3028 3025
f 3037 3022 3024
f 3036 3029 3031
f 3035 3032 3034
f 3034 3033 3038
f 3030 3035 3031
f 3039 3040 3038
f 3038 3033 3039
f 3041 3042 3043
f 3044 3045 3046
f 3047 3042 3045
f 3048 3049 3046
f 3048 3050 3051
f 3052 3053 3050
f 3052 3054 3055
f 3056 3057 3058
f 3059 3060 3057
f 3061 3062 3063
f 3064 3065 3060
f 3066 3065 3067
f 3068 3063 3066
f 3058 3069 3070
f 3054 3071 3072
f 3071 3062 3073
f 3040 3041 3043
f 3042 3047 3043
f 3053 3052 3055
f 3044 3046 3049
f 3049 3048 3051
f 3047 3045 3044
f 3050 3053 3051
f 3072 3071 3073
f 3061 3063 3068
f 3054 3072 3055
f 3068 3066 3067
f 3064 3060 3059
f 3059 3057 3056
f 3065 3064 3067
f 3073 3062 3061
f 3070 3056 3058
f 3041 3040 3039
f 3074 3075 3076
f 3077 3078 3079
f 3075 3077 3080
f 3081 3082 3083
f 3084 3085 3086
f 3082 3084 3087
f 3078 3081 3088
f 3089 3090 3091
f 3092 3093 3094
f 3090 3092 3095
f 3096 3097 3098
f 3099 3100 3101
f 3097 3099 3098
f 3093 3096 3102
f 3085 3089 3103
f 3076 3075 3080
f 3079 3078 3088
f 3077 3079 3080
f 3083 3082 3087
f 3086 3085 3103
f 3084 3086 3087
f 3081 3083 3088
f 3091 3090 3095
f 3093 3104 3094
f 3094 3095 3092
f 3103 3089 3091
f 3104 3093 3102
f 3098 3099 3101
f 3101 3100 3105
f 3096 3098 3102
f 3106 3107 3105
f 3105 3100 3106
f 3108 3109 3110
f 3111 3112 3110
f 3113 3114 3115
f 3111 3115 3116
f 3117 3113 3118
f 3119 3120 3118
f 3121 3119 3122
f 3123 3124 3125
f 3126 3123 3127
f 3128 3129 3130
f 3131 3132 3133
f 3134 3135 3132
f 3136 3130 3135
f 3126 3137 3133
f 3138 3122 3129
f 3139 3140 3124
f 3108 3110 3112
f 3108 3107 3109
f 3113 3117 3114
f 3111 3116 3112
f 3117 3118 3120
f 3116 3115 3114
f 3119 3121 3120
f 3138 3129 3128
f 3130 3136 3128
f 3135 3134 3136
f 3125 3124 3140
f 3122 3138 3121
f 3127 3123 3125
f 3137 3126 3127
f 3137 3131 3133
f 3132 3131 3134
f 3109 3107 3106
f 3141 3142 3143
f 3142 3141 3144
f 3145 3146 3147
f 3145 3148 3146
f 3148 3149 3144
f 3150 3143 3142
f 3142 3144 3151
f 3152 3153 3146
f 3148 3154 3155
f 3156 3157 3144
f 3150 3158 3143
f 3159 3152 3146
f 3160 3161 3162
f 3163 3162 3164
f 3165 3166 3167
f 3167 3166 3168
f 3169 3167 3170
f 3169 3170 3171
f 3172 3164 3171
f 3160 3173 3161
f 3161 3174 3159
f 3173 3175 3161
f 3163 3176 3162
f 3163 3164 3172
f 3163 3172 3177
f 3170 3167 3168
f 3170 3168 3178
f 3179 3172 3170
f 3172 3171 3170
f 3160 3162 3176
f 3159 3174 3180
f 3168 3166 3165
f 3160 3176 3173
f 3172 3181 3177
f 3170 3178 3179
f 3182 3183 3168
f 3168 3183 3178
f 3172 3179 3181
f 3163 3177 3176
f 3184 3185 3186
f 3183 3182 3187
f 3188 3165 3189
f 3190 3165 3188
f 3191 3188 3189
f 3192 3193 3194
f 3193 3192 3191
f 3195 3196 3191
f 3191 3189 3193
f 3192 3194 3197
f 3188 3196 3190
f 3188 3191 3196
f 3198 3182 3190
f 3196 3198 3190
f 3187 3182 3199
f 3190 3168 3165
f 3199 3182 3200
f 3195 3201 3196
f 3198 3196 3201
f 3202 3203 3201
f 3200 3198 3203
f 3200 3182 3198
f 3195 3192 3204
f 3199 3205 3206
f 3191 3192 3195
f 3190 3182 3168
f 3201 3195 3207
f 3208 3209 3210
f 3194 3208 3197
f 3197 3208 3210
f 3210 3211 3212
f 3197 3210 3212
f 3213 3214 3211
f 3214 3204 3197
f 3212 3211 3214
f 3197 3212 3214
f 3215 3207 3204
f 3204 3214 3215
f 3215 3216 3217
f 3207 3195 3204
f 3215 3218 3216
f 3216 3219 3217
f 3202 3207 3217
f 3214 3213 3218
f 3204 3192 3197
f 3203 3198 3201
f 3206 3220 3221
f 3222 3223 3206
f 3199 3200 3205
f 3201 3207 3202
f 3224 3225 3203
f 3200 3203 3225
f 3222 3205 3226
f 3200 3225 3205
f 3224 3203 3202
f 3220 3206 3227
f 3206 3221 3199
f 3206 3205 3222
f 3228 3227 3223
f 3222 3228 3223
f 3228 3229 3230
f 3229 3228 3231
f 3226 3205 3225
f 3232 3231 3222
f 3222 3226 3232
f 3233 3234 3231
f 3231 3228 3222
f 3226 3225 3235
f 3229 3234 3184
f 3223 3227 3206
f 3232 3226 3236
f 3237 3202 3217
f 3224 3202 3237
f 3225 3224 3235
f 3238 3235 3224
f 3239 3240 3217
f 3237 3240 3241
f 3238 3237 3242
f 3240 3237 3217
f 3243 3241 3244
f 3237 3238 3224
f 3217 3219 3239
f 3242 3245 3238
f 3246 3238 3245
f 3235 3238 3246
f 3247 3236 3246
f 3246 3236 3235
f 3241 3243 3242
f 3248 3242 3243
f 3245 3242 3248
f 3247 3246 3245
f 3237 3241 3242
f 3236 3226 3235
f 3232 3249 3233
f 3207 3215 3217
f 3187 3199 3221
f 3250 3251 3159
f 3252 3185 3253
f 3254 3255 3256
f 3255 3252 3253
f 3257 3258 3254
f 3259 3260 3261
f 3262 3263 3261
f 3259 3258 3264
f 3265 3266 3267
f 3268 3263 3269
f 3186 3229 3184
f 3185 3184 3253
f 3234 3253 3184
f 3229 3231 3234
f 3233 3231 3232
f 3234 3233 3270
f 3256 3253 3271
f 3234 3272 3271
f 3253 3234 3271
f 3234 3270 3272
f 3255 3253 3256
f 3236 3249 3232
f 3271 3273 3256
f 3257 3256 3273
f 3267 3273 3274
f 3264 3257 3267
f 3264 3258 3257
f 3275 3273 3271
f 3273 3275 3274
f 3275 3271 3276
f 3271 3272 3276
f 3256 3257 3254
f 3249 3277 3233
f 3270 3233 3277
f 3278 3277 3249
f 3247 3278 3236
f 3278 3249 3236
f 3267 3257 3273
f 3230 3229 3186
f 3279 3280 3260
f 3262 3260 3280
f 3266 3279 3260
f 3267 3274 3265
f 3266 3264 3267
f 3260 3264 3266
f 3281 3262 3282
f 3281 3263 3262
f 3283 3269 3281
f 3240 3244 3241
f 3262 3261 3260
f 3269 3283 3284
f 3283 3281 3282
f 3262 3280 3282
f 3260 3259 3264
f 3263 3281 3269
f 3214 3218 3215
f 3174 3161 3175
f 3159 3180 3250
f 3152 3159 3251
f 3146 3153 3147
f 3155 3149 3148
f 3154 3148 3145
f 3149 3156 3144
f 3157 3156 3151
f 3157 3151 3144
f 3285 3286 3287
f 3288 3285 3289
f 3289 3290 3291
f 3292 3293 3294
f 3295 3296 3293
f 3297 3294 3287
f 3290 3298 3299
f 3300 3299 3298
f 3300 3301 3302
f 3299 3291 3290
f 3291 3288 3289
f 3295 3293 3292
f 3297 3292 3294
f 3286 3297 3287
f 3286 3285 3288
f 3300 3298 3301
f 3303 3304 3305
f 3306 3307 3308
f 3309 3307 3303
f 3310 3304 3311
f 3312 3313 3314
f 3313 3315 3316
f 3317 3318 3319
f 3319 3320 3314
f 3311 3316 3321
f 3322 3306 3323
f 3307 3324 3308
f 3309 3303 3305
f 3309 3324 3307
f 3304 3310 3305
f 3318 3320 3319
f 3320 3312 3314
f 3313 3312 3315
f 3315 3321 3316
f 3311 3321 3310
f 3308 3323 3306
f 3325 3326 3327
f 3328 3329 3330
f 3331 3325 3330
f 3332 3333 3327
f 3334 3335 3336
f 3333 3332 3337
f 3334 3333 3337
f 3336 3333 3334
f 3338 3328 3339
f 3340 3341 3342
f 3343 3344 3345
f 3342 3343 3346
f 3347 3348 3341
f 3339 3349 3350
f 3351 3352 3353
f 3352 3348 3354
f 3355 3349 3351
f 3356 3344 3357
f 3358 3332 3327
f 3359 3360 3361
f 3362 3363 3364
f 3326 3364 3358
f 3363 3362 3361
f 3364 3326 3362
f 3331 3330 3329
f 3325 3331 3326
f 3362 3359 3361
f 3328 3338 3329
f 3355 3350 3349
f 3354 3348 3347
f 3353 3352 3354
f 3355 3351 3353
f 3345 3346 3343
f 3356 3357 3365
f 3344 3356 3345
f 3342 3346 3340
f 3339 3350 3338
f 3340 3347 3341
f 3358 3327 3326
f 952 3366 948
f 3367 3366 952
f 952 3368 3369
f 3369 3368 3370
f 3367 952 3369
f 3371 3372 3373
f 3374 3372 3375
f 3376 3377 3373
f 3371 3375 3372
f 3371 3373 3377
f 3376 3378 3377
f 3376 3379 3378
f 3380 3379 3381
f 3382 3383 3384
f 3385 3381 3382
f 3385 3380 3381
f 3386 3385 3382
f 3386 3382 3384
f 3383 3387 3384
f 3379 3380 3378
f 3388 3389 3390
f 3391 3392 3388
f 3390 3393 3394
f 3395 3396 3397
f 3398 3399 3396
f 3394 3400 3398
f 3395 3401 3402
f 3403 3404 3405
f 3406 3407 3403
f 3408 3405 3409
f 3410 3411 3412
f 3413 3414 3411
f 3406 3410 3415
f 3391 3408 3392
f 3416 3417 3402
f 3418 3419 3413
f 3389 3393 3390
f 3392 3408 3409
f 3401 3416 3402
f 3389 3388 3392
f 3395 3397 3401
f 3398 3400 3399
f 3394 3393 3400
f 3396 3399 3397
f 3404 3403 3407
f 3410 3412 3415
f 3415 3407 3406
f 3404 3409 3405
f 3414 3413 3419
f 3418 3420 3419
f 3412 3411 3414
f 3421 3417 3416
f 3422 3423 3424
f 3425 3426 3423
f 3422 3427 3428
f 3429 3430 3431
f 3431 3432 3433
f 3428 3434 3432
f 3435 3425 3436
f 3435 3436 3437
f 3438 3437 3439
f 3439 3440 3441
f 3442 3443 3440
f 3444 3445 3446
f 3444 3447 3442
f 3448 3445 3449
f 3450 3451 3449
f 3430 3452 996
f 3434 3428 3427
f 3425 3435 3426
f 3427 3422 3424
f 3433 3429 3431
f 3434 3433 3432
f 3430 3429 3452
f 3452 3453 996
f 3435 3437 3438
f 3444 3446 3447
f 3443 3442 3447
f 3438 3439 3441
f 3451 3448 3449
f 3421 3451 3450
f 3446 3445 3448
f 3441 3440 3443
f 3424 3423 3426
f 3454 3455 3456
f 3457 3455 3458
f 3458 3455 3454
f 3459 3460 3461
f 3457 3458 3461
f 3462 3460 3459
f 3457 3461 3460
f 3463 3462 3464
f 3465 3466 3467
f 3467 3463 3468
f 3468 3463 3464
f 3469 3465 3467
f 3467 3468 3469
f 3470 3466 3465
f 3459 3464 3462
f 3471 3472 3473
f 3474 3473 3472
f 3474 3475 3473
f 3473 3476 3471
f 3477 3478 3479
f 3480 3477 3481
f 3482 3483 3473
f 3473 3483 3476
f 3484 3485 3478
f 3473 3484 3482
f 3486 3487 3473
f 3488 3486 3473
f 3489 3490 3473
f 3491 3473 3490
f 3487 3489 3473
f 3473 3492 3488
f 3478 3493 3479
f 3479 3481 3477
f 3478 3485 3493
f 3485 3484 3473
f 3480 3481 3494
f 3495 3496 3494
f 3492 3473 3475
f 3496 3480 3494
f 3497 3498 3499
f 3500 3501 3502
f 3503 3496 3504
f 3503 3505 3500
f 3498 3502 3506
f 3507 3508 3509
f 3510 3508 3511
f 3512 3513 3514
f 3515 3516 3512
f 3516 3517 3511
f 3513 3497 3499
f 3518 3507 3519
f 3503 3504 3505
f 3501 3500 3505
f 3502 3501 3520
f 3520 3506 3502
f 3498 3506 3499
f 3517 3516 3515
f 3514 3515 3512
f 3509 3508 3510
f 3511 3517 3510
f 3513 3499 3514
f 3507 3509 3519
f 3495 3504 3496
f 3521 3522 3523
f 3524 3523 3525
f 3526 3527 3524
f 3528 3529 3530
f 3529 3531 3532
f 3521 3528 3533
f 3534 3535 3527
f 3535 3534 3536
f 3537 3538 3536
f 3534 3527 3526
f 3524 3525 3526
f 3522 3521 3533
f 3522 3525 3523
f 3533 3528 3530
f 3530 3529 3532
f 3538 3535 3536
f 3539 3540 3541
f 3542 3541 3543
f 3539 3541 3542
f 3540 3544 3545
f 3544 3540 3539
f 3540 3545 3546
f 3547 3543 3548
f 3549 3548 3550
f 3548 3549 3547
f 3549 3550 3551
f 3550 3552 3551
f 3543 3547 3542
f 3553 3554 3555
f 3554 3553 3556
f 3553 3555 3557
f 3553 3558 3559
f 3558 3553 3557
f 3540 3560 3553
f 3560 3561 3553
f 3556 3553 3562
f 3562 3553 3561
f 3540 3563 3560
f 3540 3546 3563
f 3564 3565 3566
f 3565 3567 3568
f 3569 3568 3570
f 3571 3572 3566
f 3552 3569 3573
f 3574 3575 3571
f 3576 3574 3577
f 3578 3579 3580
f 3578 3580 3581
f 3582 3577 3579
f 3583 3581 3584
f 3566 3572 3564
f 3564 3567 3565
f 3573 3569 3570
f 3570 3568 3585
f 3585 3568 3567
f 3582 3576 3577
f 3586 3583 3584
f 3571 3575 3572
f 3576 3575 3574
f 3578 3582 3579
f 3581 3583 3578
f 3552 3573 3551
f 3587 3588 3589
f 3589 3590 3591
f 3592 3593 3594
f 3594 3595 3596
f 3597 3598 3599
f 3600 3595 3597
f 3590 3593 3601
f 3602 3603 3604
f 3605 3606 3602
f 3607 3604 3608
f 3607 3609 3610
f 3611 3605 3612
f 3612 3613 3614
f 3598 3610 3615
f 3588 3616 3617
f 3596 3595 3600
f 3599 3598 3615
f 3600 3597 3599
f 3589 3591 3587
f 3591 3590 3601
f 3593 3592 3601
f 3592 3594 3596
f 3608 3609 3607
f 3612 3614 3611
f 3614 3613 3618
f 3609 3615 3610
f 3606 3603 3602
f 3611 3606 3605
f 3603 3608 3604
f 3588 3587 3616
f 3619 3620 3621
f 3622 3619 3623
f 3623 3619 3621
f 3624 3625 3620
f 3621 3620 3625
f 3626 3624 3620
f 3627 3622 3628
f 3629 3627 3630
f 3628 3630 3627
f 3631 3629 3630
f 3631 3632 3629
f 3623 3628 3622
f 3633 3634 3635
f 3636 3635 3634
f 3637 3633 3635
f 3638 3639 3635
f 3637 3635 3639
f 3620 3635 3640
f 3641 3620 3640
f 3635 3636 3642
f 3635 3642 3643
f 3635 3643 3640
f 3641 3626 3620
f 3632 3644 3645
f 3646 3647 3648
f 3648 3649 3650
f 3651 3645 3652
f 3647 3646 3651
f 3653 3654 3655
f 3656 3654 3657
f 3655 3658 3659
f 3660 3661 3656
f 3650 3662 3658
f 3649 3662 3650
f 3648 3647 3649
f 3663 3645 3644
f 3652 3645 3663
f 3647 3651 3652
f 3664 3665 3666
f 3667 3666 3665
f 3660 3665 3664
f 3659 3653 3655
f 3653 3657 3654
f 3656 3657 3660
f 3658 3662 3659
f 3664 3661 3660
f 3631 3644 3632
f 3668 3669 3670
f 3671 3672 3668
f 3670 3673 3674
f 3675 3671 3676
f 3677 3678 3679
f 3678 3680 3676
f 3681 3682 3674
f 3669 3668 3672
f 3673 3670 3669
f 3673 3681 3674
f 3675 3676 3680
f 3683 3678 3677
f 3677 3679 3684
f 3683 3680 3678
f 3672 3671 3675
f 3685 3686 3687
f 3686 3688 3689
f 3690 3691 3687
f 3692 3693 3694
f 3695 3696 3692
f 3696 3697 3690
f 3698 3689 3699
f 3700 3698 3699
f 3701 3700 3702
f 3703 3704 3701
f 3704 3705 3706
f 3707 3706 3708
f 3709 3710 3707
f 3711 3712 3710
f 3712 3713 3714
f 3715 3716 3693
f 3696 3695 3697
f 3688 3686 3685
f 3691 3690 3697
f 3688 3699 3689
f 3692 3694 3695
f 3693 3716 3694
f 3715 3717 3716
f 3703 3705 3704
f 3708 3706 3705
f 3708 3709 3707
f 1606 3714 3713
f 3711 3713 3712
f 3709 3711 3710
f 3700 3699 3702
f 3702 3703 3701
f 3685 3687 3691
f 3718 3719 3720
f 3721 3722 3719
f 3722 3723 3724
f 3722 3724 3725
f 3723 3722 3721
f 3720 3726 3727
f 3727 3728 3720
f 3727 3726 3729
f 3728 3730 3720
f 3720 3731 3718
f 3732 3733 3719
f 3720 3730 3731
f 3734 3735 3736
f 3737 3734 3738
f 3739 3740 3741
f 3742 3740 3739
f 3743 3739 3744
f 3745 3746 3744
f 3745 3737 3746
f 3747 3734 3736
f 3736 3735 3748
f 3734 3747 3738
f 3746 3737 3738
f 3749 3746 3738
f 3742 3739 3743
f 3750 3742 3743
f 3743 3746 3751
f 3743 3744 3746
f 3736 3748 3747
f 3735 3752 3748
f 3725 3753 3735
f 3741 3740 3742
f 3747 3749 3738
f 3749 3754 3746
f 3750 3755 3742
f 3742 3755 3756
f 3751 3750 3743
f 3757 3758 3759
f 3756 3755 3760
f 3754 3751 3746
f 3761 3758 3757
f 3762 3741 3763
f 3763 3741 3764
f 3762 3763 3765
f 3766 3767 3768
f 3765 3768 3767
f 3765 3769 3770
f 3767 3762 3765
f 3771 3766 3768
f 3764 3769 3763
f 3769 3765 3763
f 3764 3756 3772
f 3764 3772 3769
f 3756 3760 3759
f 3741 3742 3764
f 3773 3756 3758
f 3769 3774 3770
f 3774 3769 3772
f 3774 3775 3776
f 3775 3772 3773
f 3772 3756 3773
f 3777 3768 3770
f 3778 3779 3758
f 3770 3768 3765
f 3742 3756 3764
f 3780 3770 3774
f 3781 3782 3783
f 3783 3766 3771
f 3781 3783 3771
f 3784 3785 3781
f 3784 3781 3771
f 3785 3786 3787
f 3771 3777 3786
f 3728 3731 3730
f 3786 3784 3771
f 3777 3780 3788
f 3788 3786 3777
f 3789 3790 3788
f 3768 3777 3771
f 3790 3791 3788
f 3789 3792 3790
f 3789 3780 3776
f 3791 3787 3786
f 3770 3780 3777
f 3774 3772 3775
f 3793 3794 3778
f 3778 3795 3796
f 3773 3758 3779
f 3776 3780 3774
f 3775 3797 3798
f 3797 3775 3773
f 3799 3779 3796
f 3779 3797 3773
f 3776 3775 3798
f 3800 3778 3794
f 3758 3761 3778
f 3796 3779 3778
f 3795 3800 3801
f 3795 3801 3796
f 3802 3803 3801
f 3804 3801 3803
f 3797 3779 3799
f 3796 3804 3805
f 3805 3799 3796
f 3804 3806 3807
f 3796 3801 3804
f 3808 3797 3799
f 3809 3806 3803
f 3778 3800 3795
f 3810 3799 3805
f 3789 3776 3811
f 3811 3776 3798
f 3808 3798 3797
f 3798 3808 3812
f 3789 3813 3814
f 3815 3813 3811
f 3816 3811 3812
f 3789 3811 3813
f 3817 3815 3818
f 3798 3812 3811
f 3814 3792 3789
f 3812 3819 3816
f 3819 3812 3820
f 3820 3812 3808
f 3820 3810 3821
f 3808 3810 3820
f 3816 3818 3815
f 3818 3816 3822
f 3822 3816 3819
f 3819 3820 3821
f 3816 3815 3811
f 3808 3799 3810
f 3807 3823 3805
f 3789 3788 3780
f 3778 3761 3793
f 3824 3725 3724
f 3825 3826 3827
f 3828 3829 3830
f 3825 3827 3829
f 3830 3831 3832
f 3721 3719 3733
f 3833 3834 3835
f 3836 3835 3837
f 3838 3831 3834
f 3839 3837 3840
f 3809 3803 3841
f 3825 3809 3826
f 3809 3825 3806
f 3806 3804 3803
f 3805 3804 3807
f 3842 3807 3806
f 3843 3825 3828
f 3843 3844 3806
f 3843 3806 3825
f 3844 3842 3806
f 3828 3825 3829
f 3805 3823 3810
f 3828 3845 3843
f 3845 3828 3832
f 3846 3845 3847
f 3847 3832 3838
f 3830 3832 3828
f 3843 3845 3848
f 3846 3848 3845
f 3849 3843 3848
f 3849 3844 3843
f 3838 3832 3831
f 3807 3850 3823
f 3850 3807 3842
f 3823 3850 3851
f 3810 3851 3821
f 3810 3823 3851
f 3845 3832 3847
f 3841 3803 3802
f 3833 3852 3853
f 3852 3833 3836
f 3833 3853 3854
f 3855 3846 3847
f 3847 3838 3854
f 3854 3838 3833
f 3856 3836 3857
f 3836 3837 3857
f 3857 3839 3858
f 3719 3718 3732
f 3833 3835 3836
f 3859 3858 3839
f 3856 3857 3858
f 3856 3852 3836
f 3838 3834 3833
f 3837 3839 3857
f 3860 3725 3824
f 3725 3860 3753
f 3752 3735 3861
f 3861 3735 3862
f 3753 3862 3735
f 3759 3758 3756
f 3841 3826 3809
f 3847 3854 3855
f 3815 3817 3813
f 3788 3791 3786
f 3786 3785 3784
f 3863 3864 3865
f 3863 3866 3867
f 3866 3863 3868
f 3863 3865 3868
f 3868 3865 3869
f 3868 3870 3871
f 3872 3866 3868
f 3873 3874 3875
f 3873 3876 3877
f 3873 3875 3878
f 3875 3872 3878
f 3872 3875 3879
f 3868 3878 3872
f 3872 3880 3866
f 3868 3881 3882
f 3883 3884 3868
f 3884 3885 3868
f 3868 3886 3883
f 3868 3887 3888
f 3868 3888 3889
f 3868 3885 3887
f 3886 3868 3871
f 3889 3890 3868
f 3868 3890 3891
f 3891 3892 3868
f 3893 3868 3892
f 3894 3868 3893
f 3894 3895 3868
f 3896 3868 3895
f 3896 3881 3868
f 3878 3876 3873
f 3897 3898 3878
f 3898 3897 3899
f 3900 3897 3878
f 3878 3901 3900
f 3900 3901 3902
f 3903 3897 3900
f 3904 3901 3878
f 3882 3904 3878
f 3904 3905 3906
f 3905 3904 3882
f 3905 3882 3907
f 3907 3882 3908
f 3909 3905 3907
f 3910 3901 3904
f 3881 3911 3882
f 3912 3882 3913
f 3882 3912 3914
f 3882 3915 3913
f 3916 3882 3911
f 3917 3882 3916
f 3882 3917 3915
f 3914 3918 3882
f 3919 3920 3882
f 3921 3882 3920
f 3922 3919 3882
f 3918 3923 3882
f 3923 3924 3882
f 3922 3882 3924
f 3882 3921 3925
f 3925 3926 3882
f 3878 3868 3882
f 3927 3928 3929
f 3930 3927 3931
f 3932 3933 3934
f 3935 3932 3936
f 3928 3935 3937
f 3938 3939 3940
f 3941 3931 3939
f 3929 3939 3927
f 3939 3929 3942
f 3937 3936 3943
f 3936 3937 3935
f 3934 3936 3932
f 3936 3934 3944
f 3929 3928 3937
f 3929 3937 3945
f 3933 3946 3934
f 3947 3948 3949
f 3950 3947 3951
f 3952 3953 3954
f 3949 3953 3952
f 3948 3953 3949
f 3946 3951 3955
f 3946 3950 3951
f 3951 3947 3949
f 3951 3949 3956
f 3957 3958 3959
f 3960 3961 3962
f 3963 3959 3961
f 3954 3958 3964
f 3965 3962 3966
f 3950 3946 3933
f 3934 3946 3967
f 3968 3942 3969
f 3968 3939 3942
f 3945 3942 3929
f 3945 3937 3943
f 3936 3944 3943
f 3952 3970 3949
f 3955 3967 3946
f 3944 3934 3967
f 3970 3956 3949
f 3955 3951 3956
f 3952 3971 3970
f 3952 3964 3971
f 3939 3972 3941
f 3964 3957 3973
f 3957 3964 3958
f 3963 3957 3959
f 3957 3963 3974
f 3960 3965 3975
f 3965 3960 3962
f 3976 3965 3966
f 3965 3976 3977
f 3963 3961 3960
f 3963 3960 3978
f 3963 3978 3974
f 3974 3973 3957
f 3965 3977 3975
f 3975 3978 3960
f 3939 3979 3980
f 3977 3976 3981
f 3982 3983 3981
f 3982 3981 3976
f 3982 3976 3984
f 3964 3973 3971
f 3952 3954 3964
f 3939 3980 3972
f 3976 3966 3984
f 3939 3931 3927
f 3985 3986 3987
f 3984 3985 3988
f 3989 3990 3991
f 3992 3989 3993
f 3986 3992 3994
f 3988 3987 3995
f 3987 3988 3985
f 3994 3987 3986
f 3987 3994 3996
f 3993 3991 3997
f 3991 3993 3989
f 3998 3991 3990
f 3991 3998 3999
f 3994 3992 3993
f 3994 3993 4000
f 3990 4001 3998
f 3988 3983 3982
f 4002 4003 4004
f 4005 4006 4003
f 4007 4008 4009
f 4010 4011 4007
f 4012 4004 4011
f 4001 4013 4014
f 4015 4014 4013
f 4001 4014 3998
f 4016 4017 4018
f 4013 4019 4015
f 4015 4019 4016
f 4020 4017 4006
f 4009 4021 4007
f 3998 4014 4022
f 4014 4023 4022
f 4022 3999 3998
f 4023 4015 4024
f 4024 4018 4025
f 4018 4024 4015
f 4025 4018 4020
f 4015 4016 4018
f 3939 4026 4027
f 3996 3995 3987
f 3983 3988 3995
f 3939 4028 3979
f 3996 3994 4000
f 3997 3991 3999
f 3993 3997 4000
f 3939 4027 4028
f 4023 4014 4015
f 4020 4005 4029
f 4005 4020 4006
f 4002 4005 4003
f 4005 4002 4030
f 4012 4010 4031
f 4010 4012 4011
f 4021 4010 4007
f 4010 4021 4032
f 4002 4004 4012
f 4002 4012 4033
f 4005 4034 4029
f 4034 4005 4030
f 4031 4010 4032
f 4033 4030 4002
f 4033 4012 4031
f 4021 4035 4032
f 4021 4009 4035
f 4020 4029 4025
f 4018 4017 4020
f 3939 3938 4036
f 3988 3982 3984
f 3939 3968 4037
f 3939 4037 3940
f 4026 3939 4036
f 4038 4039 4040
f 4041 4039 4038
f 4042 4041 4038
f 4043 4042 4038
f 4038 4040 4044
f 4045 4046 4047
f 4048 4049 4047
f 4050 4051 4052
f 4053 4046 4054
f 4052 4053 4055
f 4048 4056 4057
f 4038 4044 4051
f 4038 4058 4059
f 4038 4059 4060
f 4038 4061 4062
f 4061 4038 4063
f 4062 4064 4038
f 4038 4064 4058
f 4060 4065 4038
f 4043 4038 4065
f 4038 4051 4050
f 4046 4045 4054
f 4045 4047 4049
f 4048 4057 4049
f 4050 4052 4066
f 4055 4053 4054
f 4052 4055 4066
f 4056 4067 4057
f 4068 4069 4070
f 4069 4071 4070
f 4072 4073 4074
f 4075 4076 4071
f 4076 4077 4074
f 4068 4078 4069
f 4079 4080 4081
f 4079 4081 4082
f 4069 4083 4084
f 4085 4082 4081
f 4069 4084 4085
f 4078 4083 4069
f 4069 4085 4081
f 4086 4087 4088
f 4089 4086 4088
f 4067 4090 4091
f 4090 4067 4056
f 4091 4090 4087
f 4087 4086 4091
f 4088 4092 4089
f 4089 4093 4094
f 4093 4089 4092
f 4076 4075 4077
f 4073 4094 4093
f 4071 4069 4075
f 4073 4072 4094
f 4074 4077 4072
f 4095 4096 4097
f 4098 4097 4099
f 4099 4097 4096
f 4098 4099 4100
f 4095 4097 4101
f 4102 4101 4103
f 4097 4104 4103
f 4103 4101 4097
f 4105 4098 4106
f 4103 4104 4107
f 4098 4104 4097
f 4102 4103 4108
f 4098 4100 4106
f 4109 4110 4111
f 4112 4113 4114
f 4115 4111 4113
f 4116 4117 4114
f 4109 4118 4106
f 4109 4106 4110
f 4105 4106 4118
f 4105 4104 4098
f 4119 4109 4115
f 4112 4115 4113
f 4117 4112 4114
f 4120 4115 4112
f 4109 4111 4115
f 4121 4112 4117
f 4117 4122 4123
f 4110 4106 4100
f 4104 4105 4124
f 4125 4108 4126
f 4103 4107 4126
f 4126 4108 4103
f 4104 4124 4107
f 4126 4107 4127
f 4105 4118 4128
f 4125 4126 4127
f 4129 4125 4127
f 4127 4107 4130
f 4124 4131 4132
f 4128 4131 4124
f 4124 4132 4130
f 4124 4130 4107
f 4105 4128 4124
f 4118 4133 4128
f 4133 4118 4119
f 4133 4119 4134
f 4134 4119 4120
f 4121 4120 4112
f 4135 4120 4121
f 4119 4115 4120
f 4128 4133 4136
f 4133 4137 4136
f 4137 4133 4134
f 4137 4134 4135
f 4138 4139 4140
f 4135 4139 4137
f 4135 4140 4139
f 4134 4120 4135
f 4140 4121 4123
f 4128 4136 4131
f 4118 4109 4119
f 4117 4116 4122
f 4122 4141 4142
f 4141 4122 4116
f 4143 4142 4144
f 4144 4142 4141
f 4143 4144 4145
f 4122 4142 4146
f 4122 4146 4123
f 4142 4143 4147
f 4142 4147 4146
f 4123 4146 4148
f 4143 4149 4147
f 4149 4143 4150
f 4150 4151 4152
f 4147 4149 4153
f 4143 4145 4150
f 4146 4147 4154
f 4145 4155 4150
f 4123 4121 4117
f 4156 4157 4158
f 4156 4158 3714
f 4159 4160 4157
f 4151 4161 4162
f 4161 4151 4155
f 4161 4160 4162
f 4151 4162 4163
f 4164 4159 4156
f 4162 4160 4159
f 4159 4157 4156
f 4159 4165 4162
f 3714 4166 4156
f 4152 4149 4150
f 4155 4151 4150
f 4164 4156 4166
f 4140 4148 4167
f 4140 4123 4148
f 4154 4147 4153
f 4154 4148 4146
f 4163 4152 4151
f 4152 4163 4168
f 4149 4152 4169
f 4148 4154 4167
f 4170 4153 4171
f 4170 4167 4154
f 4153 4169 4172
f 4153 4149 4169
f 4173 4172 4169
f 4153 4172 4171
f 4154 4153 4170
f 4152 4168 4169
f 4140 4167 4138
f 4168 4163 4174
f 4174 4163 4165
f 4164 4175 4176
f 4175 4164 4166
f 4177 4165 4164
f 4165 4159 4164
f 4177 4164 4176
f 4173 4174 4178
f 4174 4173 4168
f 4178 4174 4179
f 4179 4177 4180
f 4177 4179 4174
f 4180 4177 4176
f 4174 4165 4177
f 4168 4173 4169
f 4163 4162 4165
f 4140 4135 4121
f 4181 4182 4183
f 4184 4183 4185
f 4185 4183 4182
f 4184 4185 4186
f 4181 4183 4187
f 4187 4188 4189
f 4187 4183 4188
f 4190 4191 4184
f 4190 4184 4186
f 4184 4191 4192
f 4192 4188 4183
f 4184 4192 4183
f 4188 4192 4193
f 4186 4194 4190
f 4195 4194 4196
f 4197 4198 4199
f 4200 4196 4198
f 4201 4202 4199
f 4190 4203 4191
f 4190 4195 4203
f 4195 4200 4204
f 4191 4203 4205
f 4195 4204 4203
f 4197 4200 4198
f 4202 4197 4199
f 4206 4200 4197
f 4195 4196 4200
f 4207 4197 4202
f 4202 4208 4209
f 4195 4190 4194
f 4192 4191 4210
f 4211 4212 4213
f 4213 4212 4188
f 4188 4193 4213
f 4213 4193 4214
f 4188 4212 4189
f 4211 4213 4214
f 4215 4211 4214
f 4214 4193 4216
f 4217 4210 4218
f 4217 4216 4193
f 4218 4210 4205
f 4217 4193 4210
f 4210 4193 4192
f 4203 4219 4205
f 4205 4210 4191
f 4219 4204 4220
f 4220 4204 4206
f 4207 4206 4197
f 4221 4206 4207
f 4204 4200 4206
f 4205 4219 4222
f 4219 4223 4222
f 4223 4219 4220
f 4223 4220 4224
f 4224 4221 4225
f 4221 4224 4220
f 4226 4225 4221
f 4220 4206 4221
f 4226 4207 4209
f 4205 4222 4218
f 4219 4203 4204
f 4202 4201 4208
f 4208 4227 4228
f 4227 4208 4201
f 4229 4228 4230
f 4230 4228 4227
f 4229 4230 4231
f 4208 4228 4232
f 4208 4232 4209
f 4228 4229 4233
f 4228 4233 4232
f 4209 4232 4234
f 4229 4235 4233
f 4235 4229 4236
f 4236 4237 4238
f 4233 4235 4239
f 4229 4231 4236
f 4232 4233 4240
f 4231 4241 4236
f 4209 4207 4202
f 4242 4243 4244
f 4242 4244 4245
f 4246 4247 4243
f 4237 4248 4249
f 4248 4237 4241
f 4248 4247 4249
f 4237 4249 4250
f 4251 4246 4242
f 4249 4247 4246
f 4246 4243 4242
f 4246 4252 4249
f 4245 4253 4242
f 4238 4235 4236
f 4241 4237 4236
f 4251 4242 4253
f 4226 4234 4254
f 4226 4209 4234
f 4233 4239 4240
f 4240 4234 4232
f 4235 4255 4239
f 4240 4239 4256
f 4235 4238 4255
f 4234 4240 4257
f 4240 4256 4257
f 4257 4254 4234
f 4258 4255 4259
f 4258 4256 4239
f 4260 4259 4255
f 4258 4239 4255
f 4238 4250 4260
f 4226 4254 4225
f 4261 4250 4252
f 4252 4250 4249
f 4251 4262 4263
f 4262 4251 4253
f 4252 4251 4264
f 4252 4246 4251
f 4263 4264 4251
f 4260 4261 4265
f 4261 4260 4250
f 4265 4261 4266
f 4260 4265 4259
f 4266 4264 4267
f 4264 4266 4261
f 4267 4264 4263
f 4261 4252 4264
f 4260 4255 4238
f 4238 4237 4250
f 4226 4221 4207
f 4268 4269 4270
f 4271 4272 4273
f 4274 4275 4273
f 4276 4275 4277
f 4278 4279 4280
f 4276 4281 4282
f 4273 4275 4283
f 4275 4282 4283
f 4284 4282 4281
f 4285 4282 4284
f 4281 4286 4284
f 4282 4275 4276
f 4287 4288 4269
f 4269 4280 4289
f 4278 4280 4269
f 4290 4269 4289
f 4271 4273 4268
f 4269 4273 4291
f 4268 4273 4269
f 4285 4283 4282
f 4283 4285 4292
f 4293 4291 4294
f 4291 4293 4269
f 4292 4294 4291
f 4283 4292 4291
f 4269 4293 4278
f 4283 4291 4273
f 4295 4296 4284
f 4286 4297 4295
f 4298 4299 4295
f 4298 4295 4297
f 4295 4299 4296
f 4285 4284 4296
f 4297 4300 4298
f 4296 4301 4285
f 4302 1546 4303
f 4300 4302 4303
f 4299 4298 4304
f 4298 4303 4304
f 4305 4303 1546
f 4304 4303 4305
f 4303 4298 4300
f 4296 4299 4306
f 4292 4301 4307
f 4285 4301 4292
f 4301 4308 4307
f 4308 4301 4306
f 4308 4306 4309
f 4296 4306 4301
f 4292 4307 4294
f 4304 4310 4311
f 4310 4304 4305
f 4304 4311 4312
f 4309 4312 4313
f 4309 4306 4312
f 4313 4312 4311
f 4306 4299 4312
f 4312 4299 4304
f 4314 4269 4290
f 4295 4284 4286
f 4269 4314 4287
f 4270 4269 4315
f 4315 4269 4288
f 4275 4274 4316
f 4274 4273 4272
f 4276 4277 4317
f 4277 4275 4318
f 4318 4275 4319
f 4319 4275 4320
f 4321 4322 4275
f 4275 4316 4321
f 4320 4275 4322
f 4323 4324 4325
f 4326 4324 4327
f 4323 4325 4328
f 4327 4324 4323
f 4323 4329 4330
f 4330 4331 4323
f 4332 4330 4329
f 4333 4331 4334
f 4335 4334 4336
f 4327 4323 4337
f 4323 4333 4337
f 4335 4333 4334
f 4338 4333 4335
f 4339 4340 4335
f 4333 4323 4331
f 4326 4327 4341
f 4341 4342 4343
f 4341 4327 4342
f 4343 4342 4344
f 4344 1544 1528
f 1544 4344 4342
f 4345 4323 4346
f 4342 4347 1544
f 4348 4323 4345
f 4338 4349 4337
f 4338 4337 4333
f 4337 4349 4350
f 4350 4347 4342
f 4350 4351 4347
f 4351 4350 4349
f 4352 4351 4349
f 4338 4340 4353
f 4342 4327 4350
f 4337 4350 4327
f 4336 4339 4335
f 4329 4323 4348
f 4354 4339 4355
f 4355 4339 4336
f 4354 4355 4356
f 4339 4357 4340
f 4357 4339 4354
f 4358 4354 4359
f 4340 4357 4360
f 4354 4356 4359
f 4349 4338 4353
f 4356 4361 4359
f 4361 4356 4362
f 4361 4362 4363
f 4361 4364 4359
f 4363 4365 4361
f 4364 4358 4359
f 4366 4363 4362
f 4365 4363 4366
f 4358 4357 4354
f 4357 4358 4367
f 4353 4360 4368
f 4353 4340 4360
f 4360 4357 4367
f 4360 4367 4369
f 4353 4368 4352
f 4368 4360 4369
f 4367 4370 4369
f 4352 4349 4353
f 4371 4364 4365
f 4365 4364 4361
f 4372 4365 4366
f 4371 4365 4372
f 4370 4371 1566
f 4371 4370 4364
f 4373 1566 4371
f 4371 4372 4373
f 4370 1566 4369
f 4370 4367 4358
f 4370 4358 4364
f 4346 4323 4374
f 4338 4335 4340
f 4323 4328 4374
f 4375 4376 4377
f 4378 4379 4375
f 4380 4379 4381
f 4382 4376 4383
f 4377 4378 4375
f 4380 4381 4384
f 4379 4378 4381
f 4376 4382 4377
f 4385 4386 4387
f 1573 4388 4389
f 4390 4391 4389
f 4390 4385 4392
f 4387 4392 4385
f 4391 4390 4392
f 1573 4389 4391
f 4393 4387 4386
f 4394 4395 4396
f 4397 4394 4398
f 4399 4398 4396
f 4396 4400 4401
f 4396 4398 4394
f 4395 4400 4396
f 4399 4396 4402
f 4395 4403 4400
f 4404 4405 4406
f 4403 4407 4400
f 4403 4408 4407
f 4408 4405 4409
f 4409 4407 4408
f 4406 4410 4411
f 4412 4410 4413
f 4400 4407 4414
f 4402 4396 4401
f 4402 4415 4399
f 4416 4409 4404
f 4417 4409 4416
f 4401 4400 4414
f 4414 4407 4417
f 4417 4407 4409
f 4404 4411 4418
f 4411 4404 4406
f 4419 4412 4420
f 4412 4419 4410
f 4411 4410 4419
f 4411 4419 4420
f 4418 4411 4420
f 4421 4422 4423
f 4421 4420 4412
f 4422 4421 4412
f 4412 4413 4422
f 4404 4418 4416
f 4409 4405 4404
f 4413 4424 4422
f 4425 4426 4427
f 4424 4425 4428
f 4429 4428 4423
f 4428 4429 4424
f 4430 4427 4431
f 4427 4430 4425
f 4428 4425 4430
f 4428 4430 4431
f 4426 4432 4427
f 4429 4423 4422
f 4432 4433 4434
f 4434 4433 4435
f 4436 4437 4438
f 4439 4435 4437
f 4436 4440 4437
f 4441 4442 4436
f 4436 4438 4441
f 4442 4443 4436
f 4433 4432 4426
f 4427 4432 4444
f 4431 4427 4444
f 4431 4423 4428
f 4445 4434 4435
f 4446 4434 4445
f 4446 4447 4434
f 4447 4444 4432
f 4445 4439 4446
f 4434 4447 4432
f 4439 4440 4448
f 4440 4439 4437
f 4449 4443 4450
f 4443 4449 4436
f 4440 4436 4449
f 4440 4449 4450
f 4448 4450 4451
f 4450 4448 4440
f 4452 4451 4450
f 4450 4443 4452
f 4443 4442 4452
f 4439 4448 4446
f 4445 4435 4439
f 4429 4422 4424
f 4453 4454 4455
f 4454 4453 4456
f 4454 4456 4457
f 4458 4455 4459
f 4453 4460 4456
f 4459 4455 4454
f 4461 4462 4463
f 4464 4465 4466
f 4466 4465 4460
f 4463 4464 4466
f 4461 4467 4468
f 4460 4465 4456
f 4456 4465 4469
f 4454 4470 4459
f 4457 4456 4469
f 4459 4470 4471
f 4469 4465 4472
f 4470 4454 4457
f 4464 4462 4473
f 4462 4464 4463
f 4468 4462 4461
f 4462 4468 4474
f 4462 4474 4473
f 4474 4468 4475
f 4475 4468 4476
f 4464 4473 4472
f 4472 4465 4464
f 4468 4467 4476
f 4477 4478 4479
f 4480 4477 4479
f 4480 4479 4476
f 4481 4479 4478
f 4481 4478 4482
f 4476 4479 4483
f 4480 4476 4467
f 4484 4485 4486
f 4487 4488 4489
f 4488 4487 4481
f 4484 4490 4489
f 4490 4484 4486
f 4488 4481 4482
f 4479 4481 4491
f 4481 4492 4491
f 4491 4493 4479
f 4481 4494 4492
f 4493 4483 4479
f 4487 4495 4494
f 4494 4481 4487
f 4490 4496 4497
f 4496 4490 4486
f 4490 4497 4498
f 4498 4495 4490
f 4499 4498 4497
f 4490 4495 4487
f 4487 4489 4490
f 4476 4483 4475
f 4500 4501 4502
f 4501 3539 4503
f 4503 4502 4501
f 4502 4504 4500
f 4502 4505 4506
f 4502 4507 4505
f 4506 4504 4502
f 4503 4508 4502
f 4509 4510 4502
f 4502 4511 4509
f 4502 4510 4507
f 4508 4512 4502
f 4509 4511 4513
f 4514 4513 4511
f 4515 4516 4511
f 4517 4515 4511
f 4514 4511 4516
f 4518 4519 4520
f 4518 4521 4519
f 4522 4519 4523
f 4519 4521 4524
f 4524 4525 4519
f 4519 4526 4520
f 4526 4519 4522
f 4519 4527 4528
f 4523 4519 4529
f 4530 4531 4519
f 4519 4532 4529
f 4519 4528 4530
f 4531 4530 4533
f 4519 4534 4532
f 4535 4534 4519
f 4535 4519 4536
f 4531 4536 4519
f 4537 4538 4539
f 4539 4538 4540
f 4537 4539 4541
f 4542 4540 4543
f 4543 4540 4538
f 4542 4543 4544
f 4539 4540 4545
f 4546 4541 4547
f 4541 4539 4547
f 4542 4548 4549
f 4550 4548 4542
f 4545 4540 4549
f 4547 4539 4545
f 4542 4549 4540
f 4542 4544 4550
f 4551 4550 4552
f 4552 4550 4544
f 4553 4551 4552
f 4554 4555 4556
f 4557 4555 4558
f 4559 4553 4554
f 4557 4556 4555
f 4560 4551 4561
f 4551 4560 4550
f 4561 4551 4559
f 4559 4556 4562
f 4556 4559 4554
f 4563 4562 4556
f 4556 4557 4563
f 4559 4562 4561
f 4551 4553 4559
f 4550 4560 4548
f 4564 4565 4566
f 4565 4567 4568
f 4568 4566 4565
f 4569 4570 4567
f 4571 4569 4572
f 4573 4568 4574
f 4568 4573 4566
f 4574 4568 4570
f 4570 4571 4575
f 4571 4570 4569
f 4576 4575 4571
f 4576 4571 4577
f 4570 4575 4574
f 4568 4567 4570
f 4571 4572 4577
f 4577 4578 4579
f 4578 4577 4572
f 4579 4578 4580
f 4577 4579 4581
f 4580 4582 4583
f 4584 4585 4582
f 4580 4583 4579
f 4586 4585 4584
f 4579 4587 4581
f 4587 4579 4583
f 4587 4583 4588
f 4585 4589 4588
f 4585 4586 4589
f 4586 4590 4589
f 4585 4588 4583
f 4583 4582 4585
f 4577 4581 4576
f 4591 4592 4593
f 4594 4591 4595
f 4595 4596 4594
f 4595 4591 4593
f 4597 4598 4599
f 4598 4600 4599
f 4601 4602 4603
f 4600 4603 4599
f 4603 4600 4604
f 4605 4603 4604
f 4606 4603 4607
f 4608 4603 4609
f 4609 4603 4606
f 4608 4610 4611
f 4603 4611 4601
f 4603 4608 4611
f 4603 4605 4607
f 4612 4613 4614
f 4615 4612 4616
f 4612 4614 4616
f 4614 4613 4617
f 4614 4617 4618
f 4616 4614 4619
f 4613 4620 4617
f 4621 4622 4623
f 4622 4621 4620
f 4624 4623 4622
f 4625 4626 4624
f 4625 4627 4628
f 4620 4621 4617
f 4617 4621 4629
f 4614 4618 4619
f 4619 4592 4616
f 4617 4629 4618
f 4629 4621 4630
f 4623 4631 4630
f 4630 4621 4623
f 4626 4628 4632
f 4628 4626 4625
f 4633 4628 4627
f 4628 4633 4634
f 4632 4631 4626
f 4634 4632 4628
f 4633 4635 4634
f 4626 4631 4623
f 4623 4624 4626
f 4627 4636 4633
f 4637 4638 4639
f 4636 4637 4640
f 4641 4640 4642
f 4640 4641 4636
f 4639 4640 4637
f 4640 4639 4643
f 4638 4644 4639
f 4641 4635 4633
f 4645 4646 4647
f 4644 4647 4646
f 4647 4644 4638
f 4648 4649 4645
f 4650 4651 4648
f 4650 4652 4653
f 4639 4644 4654
f 4639 4654 4643
f 4643 4642 4640
f 4654 4646 4655
f 4642 4635 4641
f 4646 4649 4655
f 4646 4654 4644
f 4656 4649 4651
f 4651 4649 4648
f 4653 4651 4650
f 4657 4651 4653
f 4657 4656 4651
f 4658 4657 4653
f 4649 4656 4655
f 4646 4645 4649
f 4641 4633 4636
f 4659 4660 4661
f 4659 4662 4663
f 4662 4659 4661
f 4662 4661 4664
f 4610 4663 4665
f 4660 4666 4661
f 4665 4663 4662
f 4667 4668 4669
f 4670 4671 4666
f 4671 4670 4668
f 4667 4671 4668
f 4666 4671 4672
f 4669 4673 4674
f 4670 4666 4660
f 4661 4666 4675
f 4665 4662 4676
f 4664 4661 4675
f 4675 4666 4672
f 4665 4676 4677
f 4662 4664 4676
f 4667 4674 4678
f 4674 4667 4669
f 4679 4674 4673
f 4674 4679 4680
f 4667 4678 4681
f 4678 4674 4680
f 4679 4682 4680
f 4681 4672 4671
f 4681 4671 4667
f 4673 4683 4679
f 4684 4683 4685
f 4686 4685 4687
f 4684 4686 4688
f 4686 4684 4685
f 4689 4686 4687
f 4686 4689 4688
f 4687 4690 4689
f 4684 4682 4679
f 4691 4692 4693
f 4693 4694 4695
f 4690 4696 4697
f 4692 4698 4696
f 4690 4697 4689
f 4695 4691 4693
f 4697 4699 4700
f 4699 4697 4696
f 4700 4699 4701
f 4697 4700 4702
f 4682 4684 4688
f 4688 4689 4702
f 4689 4697 4702
f 4703 4698 4691
f 4691 4698 4692
f 4704 4695 4705
f 4691 4695 4704
f 4698 4703 4701
f 4703 4691 4704
f 4698 4701 4699
f 4699 4696 4698
f 4684 4679 4683
f 4706 4707 4708
f 4709 4710 4711
f 4707 4710 4708
f 4710 4709 4708
f 4708 4712 4706
f 4713 4714 4715
f 4713 4716 4714
f 4715 4712 4708
f 4709 4717 4718
f 4713 4719 4716
f 4708 4709 4720
f 4721 4718 4717
f 4715 4708 4713
f 4719 4713 4722
f 4722 4713 4723
f 4713 4724 4725
f 4725 4723 4713
f 4713 4726 4724
f 4720 4709 4718
f 4727 4728 1230
f 4729 4730 4731
f 4732 4730 4733
f 4727 4734 4735
f 4736 4730 4737
f 4738 4737 4730
f 4730 4739 4738
f 4730 4732 4739
f 4731 4735 4734
f 4733 4730 4740
f 4740 4730 4741
f 4731 4734 4742
f 4727 1230 4734
f 4742 4734 4743
f 4741 4730 4729
f 4729 4731 4744
f 4745 4731 4746
f 4746 4731 4742
f 4731 4745 4744
f 4747 4748 4749
f 4750 4749 4748
f 4749 4750 4751
f 4752 4753 4754
f 4754 4753 4750
f 4750 4755 4754
f 4756 4757 4758
f 4758 4757 4759
f 4758 4755 4750
f 4758 4760 4755
f 4760 4758 4759
f 4761 4760 4759
f 4757 4762 4759
f 4758 4750 4756
f 4748 4756 4750
f 4763 4764 4750
f 4759 4762 4765
f 4750 4766 4751
f 4767 4768 4769
f 4770 4767 4771
f 4772 4771 1227
f 4773 4770 4772
f 4772 4770 4771
f 4767 4770 4773
f 4750 4774 4775
f 4767 4773 4768
f 4776 4773 4772
f 4765 4761 4759
f 4765 4777 4778
f 4765 4779 4761
f 4779 4765 4778
f 4779 4778 4780
f 4768 4778 4777
f 4765 4762 4777
f 4773 4781 4782
f 4781 4773 4776
f 4782 4781 4783
f 4782 4780 4778
f 4783 4780 4782
f 4750 4784 4774
f 4778 4768 4782
f 4773 4782 4768
f 4750 4753 4784
f 4766 4750 4764
f 4750 4775 4763
f 4769 4768 4785
f 4777 4785 4768
f 4786 4787 4788
f 4789 4788 4790
f 4791 4787 4792
f 4793 4788 4794
f 4788 4793 4790
f 4791 4788 4787
f 4788 4791 4795
f 4792 4796 4791
f 4788 4797 4798
f 4799 4800 4801
f 4796 4799 4802
f 4796 4800 4799
f 4801 4803 4804
f 4805 4806 4803
f 4799 4801 4804
f 4807 4805 4808
f 4800 4796 4792
f 4791 4796 4809
f 4799 4810 4802
f 4809 4795 4791
f 4796 4802 4809
f 4811 4795 4812
f 4811 4788 4795
f 4787 4786 4813
f 4804 4806 4814
f 4806 4804 4803
f 4807 4806 4805
f 4806 4807 4815
f 4814 4806 4815
f 4816 4817 4818
f 4816 4815 4807
f 4817 4816 4807
f 4807 4808 4817
f 4804 4814 4810
f 4810 4799 4804
f 4808 4819 4817
f 4820 4819 4821
f 4822 4821 4823
f 4820 4822 4824
f 4822 4820 4821
f 4825 4822 4823
f 4822 4825 4826
f 4823 4827 4825
f 4820 4818 4817
f 4828 4829 4830
f 4827 4831 4825
f 4831 4827 4832
f 4832 4833 4831
f 4832 4834 4833
f 4830 4835 4834
f 4828 4836 4829
f 4837 4788 4789
f 4825 4831 4838
f 4839 4833 4840
f 4839 4838 4831
f 4840 4833 4835
f 4820 4824 4818
f 4822 4826 4824
f 4838 4826 4825
f 4839 4831 4833
f 4841 4835 4829
f 4829 4835 4830
f 4842 4829 4836
f 4841 4829 4842
f 4843 4835 4841
f 4786 4788 4844
f 4842 4845 4841
f 4835 4843 4840
f 4833 4834 4835
f 4844 4788 4837
f 4820 4817 4819
f 4788 4811 4797
f 4788 4798 4794
f 4846 4847 4848
f 4849 4848 4847
f 4850 4847 4846
f 4847 4851 4852
f 4849 4847 4852
f 4853 4849 4852
f 4850 4851 4847
f 4854 4850 4846
f 4855 4856 4857
f 4854 4857 4856
f 4858 4856 1229
f 4850 4854 4856
f 4858 4850 4856
f 4855 1229 4856
f 4850 4858 4851
f 4852 4859 4860
f 4852 4851 4859
f 4861 4853 4860
f 4862 4860 4859
f 4859 4851 4863
f 4860 4862 4864
f 4861 4860 4864
f 4865 4862 4859
f 4866 4863 4858
f 4858 4863 4851
f 1233 4863 4866
f 1229 4866 4858
f 4863 1233 4867
f 4867 1233 1232
f 4865 4863 4867
f 4863 4865 4859
f 4860 4853 4852
f 4868 4869 4870
f 4871 4870 4872
f 4868 4871 4873
f 4870 4871 4868
f 4874 4868 4873
f 4875 4871 4872
f 4876 4871 4877
f 4878 4876 4879
f 4878 4871 4876
f 4871 4880 4873
f 4880 4871 4878
f 4880 4881 4873
f 4871 4875 4877
f 4873 4882 4874
f 4883 4884 4885
f 4886 4884 4873
f 4887 4883 4888
f 4889 4887 4890
f 4886 4885 4884
f 4886 4873 4881
f 4889 4890 4891
f 4890 4887 4888
f 4883 4885 4888
f 4889 4891 4892
f 4884 4882 4873
f 4893 4894 4895
f 4896 4897 4898
f 4899 4894 4893
f 4900 4893 4895
f 4900 4901 4893
f 4902 4893 4901
f 4893 4903 4904
f 4901 4905 4902
f 4904 4906 4899
f 4907 4897 4896
f 4908 4909 4906
f 4902 4903 4893
f 4906 4904 4908
f 4909 4908 4910
f 4908 4904 4911
f 4910 4912 4909
f 4893 4904 4899
f 4913 4910 4908
f 4897 4914 4915
f 4902 4916 4917
f 4907 4918 4897
f 4919 4897 4918
f 4920 4897 4919
f 4902 4917 4897
f 4921 4922 4902
f 4903 4923 4911
f 4904 4903 4911
f 4924 4923 4903
f 4897 4920 4924
f 4920 4925 4924
f 4923 4924 4925
f 4923 4925 4926
f 4927 4913 4911
f 4924 4902 4897
f 4902 4924 4903
f 4922 4928 4902
f 4913 4908 4911
f 4905 4921 4902
f 4929 4930 4912
f 4931 4930 4929
f 4929 4910 4932
f 4910 4913 4932
f 4933 4931 4929
f 4932 4933 4929
f 4934 4932 4913
f 4931 4935 4930
f 4912 4910 4929
f 4936 4935 4937
f 4902 4938 4916
f 4939 4936 4937
f 4940 4931 4933
f 4940 4937 4931
f 4939 4937 4941
f 4941 4937 4940
f 4935 4931 4937
f 4918 4942 4919
f 4943 4933 4932
f 4926 4934 4927
f 4934 4913 4927
f 4943 4932 4934
f 4944 4943 4934
f 4926 4944 4934
f 4945 4943 4944
f 4945 4946 4943
f 4923 4926 4927
f 4947 4948 4940
f 4941 4940 4948
f 4949 4947 4940
f 4946 4950 4949
f 4947 4949 4950
f 4943 4946 4949
f 4928 4951 4902
f 4933 4943 4949
f 4940 4933 4949
f 4951 4938 4902
f 4911 4923 4927
f 4952 4897 4915
f 4914 4897 4917
f 4953 4898 4897
f 4952 4953 4897
f 4954 4955 4956
f 4955 4957 4956
f 4958 4954 4959
f 4960 4961 4962
f 4963 4964 4961
f 4965 4960 4966
f 4967 4963 4958
f 4968 4965 4969
f 4956 4959 4954
f 4959 4967 4958
f 4964 4962 4961
f 4969 4965 4966
f 4960 4962 4966
f 4963 4967 4964
f 4969 4970 4968
f 4970 4971 4968
f 4972 4971 4973
f 4972 4974 4975
f 4975 4976 4977
f 4978 4979 4980
f 4981 4979 4982
f 4983 4982 4984
f 4977 4985 4984
f 4975 4974 4976
f 4977 4976 4985
f 4974 4972 4973
f 4983 4981 4982
f 4984 4985 4983
f 4979 4981 4980
f 4980 4986 4978
f 4986 4987 4978
f 4970 4973 4971
f 4988 4989 4990
f 4991 4989 4988
f 4992 4993 4988
f 4991 4988 4993
f 4994 4993 4992
f 4995 4988 4990
f 4996 4992 4988
f 4995 4997 4998
f 4999 4998 5000
f 4998 4999 4995
f 5001 4996 4995
f 5002 3367 5001
f 5001 4999 5002
f 5000 5002 4999
f 4995 4990 4997
f 4996 4988 4995
f 4992 5003 4994
f 5004 4993 4994
f 5005 5004 4994
f 5003 4992 4996
f 5006 4994 5003
f 5005 4994 5006
f 5006 5003 5007
f 5008 5001 5009
f 5003 4996 5008
f 5008 4996 5001
f 3367 5009 5001
f 5010 5011 5008
f 5003 5008 5011
f 5008 5009 5010
f 5011 5007 5003
f 4995 4999 5001
f 5012 5013 5014
f 746 5012 5015
f 5016 5017 5018
f 5019 5020 5021
f 5017 5019 5022
f 5013 5016 5023
f 5024 5025 5026
f 5027 5028 5029
f 5025 5027 5030
f 5031 5032 5033
f 5034 5035 5036
f 5035 5037 5038
f 5032 5034 5039
f 5028 5031 5040
f 5020 5024 5041
f 5014 5015 5012
f 5042 746 5015
f 5018 5023 5016
f 5021 5022 5019
f 5018 5017 5022
f 5014 5013 5023
f 5026 5041 5024
f 5029 5030 5027
f 5026 5025 5030
f 5033 5040 5031
f 5036 5039 5034
f 5038 5036 5035
f 5033 5032 5039
f 5029 5028 5040
f 5021 5020 5041
f 5037 5043 5038
f 681 712 5044
f 5045 5046 5047
f 5048 5049 5050
f 5047 5049 5048
f 5051 5052 5053
f 5049 5053 5050
f 5054 5051 5055
f 5056 5057 5055
f 5045 5047 5048
f 5058 5056 5059
f 5060 5061 5062
f 5063 5059 5061
f 5064 5065 5066
f 5067 5068 5069
f 5070 5069 5071
f 5072 5066 5068
f 5073 5062 5065
f 5074 5071 5075
f 5052 5050 5053
f 5057 5054 5055
f 5052 5051 5054
f 5043 5045 5076
f 5043 5046 5045
f 5076 5077 5043
f 5057 5056 5058
f 5060 5063 5061
f 5064 5073 5065
f 5060 5062 5073
f 5067 5072 5068
f 5074 5070 5071
f 5044 5074 5075
f 5067 5069 5070
f 5064 5066 5072
f 5058 5059 5063
f 5075 681 5044
f 5046 5043 5037
f 5078 5079 5080
f 5081 5082 5078
f 5080 5081 5078
f 5082 5081 5083
f 5084 5078 5082
f 5085 5083 5081
f 5080 5086 5087
f 5088 5089 5090
f 5091 5087 5090
f 5081 5087 5092
f 5087 5088 5090
f 5093 5088 5087
f 5087 5081 5080
f 5086 5094 5087
f 5095 5096 5090
f 5097 5081 5098
f 5098 5099 5097
f 5098 5100 5101
f 5102 5103 5104
f 5101 5104 5103
f 5103 5098 5101
f 5098 5081 5100
f 5105 5100 5106
f 5105 5107 5100
f 5108 5101 5100
f 5109 5106 5110
f 5110 5106 5100
f 5100 5111 5110
f 5081 5092 5100
f 5100 5092 5111
f 5095 5112 5096
f 5092 5087 5091
f 5113 5091 5114
f 5115 5116 5114
f 5117 5118 5116
f 5116 5113 5114
f 5116 5115 5117
f 5116 5119 5120
f 5116 5120 5113
f 5121 5122 5120
f 5113 5120 5122
f 5123 5124 5113
f 5125 5113 5124
f 5123 5113 5122
f 5120 5119 5126
f 5092 5091 5113
f 5127 5128 5129
f 5130 5129 5128
f 5128 5092 5130
f 5131 5132 5092
f 5092 5113 5130
f 5128 5133 5092
f 5132 5111 5092
f 5134 5135 5136
f 5135 5130 5113
f 5137 5130 5135
f 5130 5137 5138
f 5139 5137 5135
f 5140 5139 5135
f 5135 5113 5136
f 5113 5141 5136
f 5091 5090 5096
f 5142 5143 5144
f 5143 5142 5145
f 5144 5146 5147
f 5146 5144 5143
f 5148 5149 5150
f 5149 5148 5151
f 5151 5152 5149
f 5152 5151 5153
f 5154 5155 5156
f 5156 5157 5158
f 5156 5158 5154
f 5159 5160 5161
f 674 5159 5162
f 5163 5164 5165
f 5166 5167 5168
f 5164 5166 5169
f 5160 5163 5170
f 5171 5172 5173
f 5174 5175 5176
f 5172 5174 5177
f 5178 5179 5180
f 5181 5182 5183
f 5179 5181 5184
f 5175 5178 5180
f 5167 5171 5185
f 675 674 5162
f 5161 5160 5170
f 5159 5161 5162
f 5169 5166 5168
f 5164 5169 5165
f 5163 5165 5170
f 5185 5171 5173
f 5174 5176 5177
f 5177 5173 5172
f 5168 5167 5185
f 5176 5175 5180
f 5184 5181 5186
f 5186 5181 5183
f 5179 5184 5180
f 5187 5183 5182
f 5182 5188 5187
f 615 644 5189
f 5190 5191 5192
f 5193 5194 5195
f 5191 5193 5192
f 5196 5197 5198
f 5199 5200 5201
f 5197 5199 5201
f 5194 5196 5202
f 5203 5204 5205
f 5206 5207 5208
f 5204 5206 5209
f 5210 5211 5212
f 5213 5214 5215
f 5211 5213 5215
f 5207 5210 5208
f 5200 5203 5216
f 5187 5188 5217
f 5195 5192 5193
f 5217 5190 5192
f 5202 5218 5194
f 5201 5198 5197
f 5202 5196 5198
f 5195 5194 5218
f 5205 5216 5203
f 5219 5209 5206
f 5205 5204 5209
f 5212 5208 5210
f 5215 5220 5211
f 5189 5215 5214
f 5212 5211 5220
f 5219 5206 5208
f 5201 5200 5216
f 5214 615 5189
f 5217 5188 5190
f 5221 5222 5223
f 5221 5224 5225
f 5224 5221 5223
f 5225 5224 5226
f 5222 5227 5223
f 5228 5229 5230
f 5230 5229 5231
f 5228 5230 5232
f 5227 5222 5232
f 5229 5233 5231
f 5232 5222 5228
f 5234 5235 5236
f 5237 5238 5239
f 5238 5236 5235
f 5240 5234 5241
f 5242 5241 5243
f 5243 5244 5225
f 5241 5242 5240
f 5240 5242 5245
f 5241 5244 5243
f 5243 5225 5226
f 5246 5245 5247
f 5248 5249 5233
f 5250 5233 5249
f 5250 5251 5252
f 5251 5250 5249
f 5248 5233 5229
f 5253 5254 5255
f 5256 5257 5258
f 5254 5253 5259
f 5257 5255 5258
f 5251 5249 5259
f 5260 5256 5261
f 5247 5262 5246
f 5235 5234 5240
f 5240 5245 5246
f 5263 5264 5262
f 5262 5247 5263
f 5251 5259 5253
f 5260 5257 5256
f 5265 5262 5264
f 5265 5264 5252
f 5265 5252 5251
f 5255 5257 5253
f 5239 5238 5235
f 5266 5267 5268
f 5269 5270 5271
f 5269 5272 5273
f 5274 5266 5268
f 5275 5273 5272
f 5273 5270 5269
f 5276 5275 5277
f 5270 5278 5271
f 5272 5269 5267
f 5274 5237 5239
f 5278 5270 5279
f 5278 5280 5281
f 5280 5278 5279
f 5281 5282 5283
f 5282 5281 5280
f 5283 5282 5284
f 5285 5286 5283
f 5286 5287 5288
f 5287 5286 5285
f 5288 5287 5289
f 5289 5290 5288
f 5285 5283 5284
f 5239 5266 5274
f 5277 5275 5272
f 5291 5292 5293
f 5276 5277 5293
f 5292 5276 5293
f 5291 5294 5295
f 5293 5294 5291
f 5296 5297 5298
f 5299 5300 5301
f 5295 5294 5300
f 5302 5301 5296
f 5303 5300 5304
f 5290 5304 5305
f 5304 5290 5303
f 5290 5305 5288
f 5295 5300 5303
f 5304 5300 5299
f 5306 5296 5298
f 5307 5301 5302
f 5307 5299 5301
f 5306 5302 5296
f 5297 5308 5298
f 5308 5297 5309
f 5267 5266 5272
f 5260 5261 5310
f 5311 5312 5313
f 5314 5315 5311
f 5313 5312 5316
f 5313 5310 5311
f 5317 5316 5318
f 5319 5320 5321
f 5320 5319 5315
f 5322 5321 5323
f 5312 5311 5315
f 5321 5320 5323
f 5315 5314 5320
f 5313 5316 5317
f 5324 5325 5326
f 5327 5324 5328
f 5318 5325 5317
f 5328 5324 5326
f 5327 5329 5330
f 5327 5328 5331
f 5332 5330 5333
f 5334 5327 5331
f 5326 5325 5335
f 5335 5325 5318
f 5310 5313 5260
f 5336 5337 5338
f 5338 5322 5323
f 5339 5340 5341
f 5322 5338 5337
f 5336 5342 5343
f 5342 5336 5338
f 5343 5342 5341
f 5344 5339 5345
f 5339 5341 5345
f 5340 5343 5341
f 5344 5334 5331
f 5334 5344 5346
f 5347 5332 5333
f 5333 5330 5329
f 5327 5334 5329
f 5348 5349 5350
f 5351 5350 5352
f 5351 5348 5350
f 5353 5351 5352
f 5352 5354 5353
f 5349 5348 5346
f 5349 5346 5344
f 5344 5331 5339
f 5332 5347 5355
f 5356 5357 5358
f 5359 5360 5361
f 5362 5363 5360
f 5356 5364 5361
f 5358 5364 5356
f 5357 5365 5358
f 5364 5366 5361
f 5367 5365 5368
f 5357 5369 5370
f 5357 5371 5365
f 5366 5359 5361
f 5372 5363 5373
f 5373 5363 5362
f 5363 5372 5309
f 5374 5372 5375
f 5362 5360 5359
f 5375 5376 5374
f 5377 5378 5376
f 5379 5376 5378
f 5377 5376 5375
f 5378 5380 5379
f 5375 5372 5373
f 5363 5309 5297
f 5371 5357 5370
f 5381 5382 5383
f 5368 5371 5382
f 5368 5365 5371
f 5384 5385 5354
f 5354 5385 5353
f 5384 5354 5386
f 5387 5386 5388
f 5386 5387 5384
f 5387 5388 5383
f 5388 5381 5383
f 5389 5390 5391
f 5380 5392 5379
f 5393 5392 5394
f 5392 5380 5394
f 5393 5389 5395
f 5396 5391 5367
f 5367 5391 5390
f 5393 5395 5392
f 5389 5391 5395
f 5396 5367 5368
f 5382 5381 5368
f 5369 5355 5370
f 5369 5332 5355
f 598 5397 599
f 5398 5399 5400
f 5401 5400 5397
f 5402 5403 5404
f 5405 5406 5407
f 5402 5407 5403
f 5408 5404 5399
f 5397 598 5401
f 5399 5398 5409
f 5398 5400 5401
f 5404 5408 5402
f 5407 5410 5405
f 5406 5405 5411
f 5410 5407 5402
f 5408 5399 5409
f 5411 5412 5406
f 5413 5414 5412
f 5415 5416 5417
f 5418 5417 5414
f 5419 5420 5421
f 5422 5423 5424
f 5425 5424 5420
f 5426 5421 5416
f 5418 5414 5413
f 5426 5416 5415
f 5418 5415 5417
f 5419 5425 5420
f 5421 5426 5419
f 5422 5424 5425
f 593 5423 5422
f 593 585 5423
f 5411 5413 5412
f 5427 5428 5429
f 5427 5430 5431
f 5429 5428 5432
f 5427 5433 5434
f 5429 5435 5433
f 5427 5429 5433
f 5433 5436 5434
f 5434 5437 5438
f 5434 5439 5437
f 5438 5430 5434
f 5440 5439 5441
f 5441 5439 5434
f 5427 5434 5430
f 5434 5442 5443
f 5433 5444 5445
f 5446 5434 5436
f 5447 5448 5436
f 5449 5436 5448
f 5450 5436 5451
f 5452 5436 5450
f 5451 5436 5449
f 5453 5436 5452
f 5454 5455 5456
f 5456 5446 5436
f 5442 5434 5446
f 5457 5456 5453
f 5454 5456 5457
f 5436 5453 5456
f 5458 5453 5452
f 5433 5445 5436
f 5459 5460 5461
f 5462 5463 5464
f 5464 5465 5459
f 5461 5466 5467
f 5468 5469 5470
f 5471 5462 5468
f 5469 5472 5473
f 5474 5475 5472
f 5476 5477 5478
f 5478 5479 5474
f 5480 5481 5476
f 462 464 5482
f 5483 5484 5485
f 5486 5483 5487
f 5488 5489 5490
f 5491 5492 5490
f 5490 5493 5491
f 5487 5489 5494
f 5488 5490 5492
f 5494 5495 5487
f 5496 5486 5487
f 5495 5496 5487
f 5488 5497 5489
f 5498 5499 5489
f 5497 5498 5489
f 5494 5489 5499
f 5480 5485 5500
f 5486 5501 5483
f 5467 5466 5502
f 5460 5503 5466
f 5460 5459 5465
f 5466 5461 5460
f 5463 5465 5464
f 5470 5471 5468
f 5470 5469 5473
f 5479 5475 5474
f 5477 5479 5478
f 5476 5481 5477
f 5473 5472 5475
f 5471 5463 5462
f 513 5504 5505
f 5506 5507 5508
f 5509 5506 5508
f 5510 5511 5512
f 5511 5513 5512
f 5507 5510 5508
f 5509 5508 5501
f 5484 5500 5485
f 5484 5483 5501
f 5514 5515 5516
f 5516 5512 5514
f 5515 5517 5516
f 5512 5508 5510
f 5513 5514 5512
f 5517 5518 5516
f 5500 5481 5480
f 5501 5486 5509
f 5493 5519 5520
f 5521 5519 5522
f 5523 5524 5525
f 5526 5527 5528
f 5529 5525 5527
f 5522 5519 5524
f 5530 5493 5531
f 5532 5493 5520
f 5493 5532 5531
f 5533 5534 5535
f 5536 5519 5521
f 5537 5533 5538
f 5536 5520 5519
f 5528 5535 5539
f 5493 5530 5491
f 5540 5541 5542
f 5543 5544 5540
f 5545 5546 5547
f 5547 5548 5549
f 5482 5548 462
f 5550 5543 5546
f 5482 5551 5548
f 5552 5553 5547
f 5545 5554 5546
f 5553 5545 5547
f 5551 5555 5548
f 5549 5556 5547
f 5555 5549 5548
f 5552 5547 5556
f 5538 5542 5557
f 5546 5554 5558
f 5559 5560 5561
f 5518 5559 5561
f 5562 5522 5563
f 5564 5565 5563
f 5562 5563 5565
f 5560 5564 5561
f 5523 5563 5522
f 5522 5524 5523
f 5563 5561 5564
f 5529 5527 5526
f 5526 5528 5539
f 5534 5539 5535
f 5525 5529 5523
f 5537 5534 5533
f 5518 5561 5516
f 5566 5567 5568
f 5569 5566 5568
f 5570 5571 5568
f 5572 5573 5574
f 5571 5572 5574
f 5567 5570 5568
f 5550 5544 5543
f 5541 5540 5544
f 5542 5541 5557
f 5571 5574 5568
f 5568 5558 5569
f 5505 5504 5574
f 5550 5546 5558
f 5574 5573 5505
f 5557 5537 5538
f 5558 5554 5569
f 5575 5576 5577
f 5575 5578 5579
f 5577 5576 5580
f 5581 5577 5580
f 5581 5582 5583
f 5584 5575 5577
f 5580 5582 5581
f 5578 5575 5584
f 5585 5586 5587
f 5585 5588 5586
f 5587 5589 5590
f 5591 5589 5579
f 5590 5585 5587
f 5591 5590 5589
f 5579 5578 5591
f 5588 5585 5592
f 5593 5594 5595
f 5594 5596 5597
f 5598 5593 5595
f 5599 5600 5601
f 5601 5602 5599
f 5599 5602 5598
f 5598 5602 5593
f 5603 5604 5605
f 5605 5583 5603
f 5604 5606 5605
f 5603 5583 5582
f 5596 5594 5607
f 5606 5604 5597
f 5606 5597 5596
f 5594 5593 5607
f 5608 5609 5610
f 5592 5609 5588
f 5611 5612 5608
f 5613 5609 5592
f 5613 5610 5609
f 5611 5614 5612
f 5610 5611 5608
f 5612 5614 5615
f 5616 5617 5618
f 5618 5619 5616
f 5620 5617 5615
f 5621 5619 5618
f 5622 5619 5621
f 5622 5623 5619
f 5618 5617 5620
f 5615 5614 5620
f 5624 5625 5623
f 5626 5625 5624
f 5624 5627 5626
f 5624 5623 5622
f 5626 5627 5628
f 5629 5630 5631
f 5628 5627 5630
f 5632 5631 5633
f 5629 5631 5632
f 5634 5632 5633
f 5629 5628 5630
f 5635 5636 5634
f 5637 5635 5638
f 5635 5637 5636
f 5635 5634 5639
f 5634 5633 5639
f 5601 5600 5640
f 5640 5641 5642
f 5641 5640 5600
f 5643 5644 5642
f 5642 5641 5643
f 5645 5646 5644
f 5645 5647 5648
f 5645 5644 5643
f 5648 5647 5649
f 5646 5645 5648
f 5650 5651 5652
f 5649 5651 5648
f 5653 5654 5650
f 5655 5656 5654
f 5654 5653 5655
f 5653 5650 5652
f 5652 5651 5649
f 5657 5658 5659
f 5660 5656 5655
f 5661 5662 5657
f 5658 5656 5660
f 5659 5661 5657
f 5663 5662 5661
f 5658 5660 5659
f 5662 5663 5664
f 5665 5664 5666
f 5667 5668 5669
f 5665 5670 5668
f 5669 5668 5670
f 5671 5669 5672
f 5671 5667 5669
f 5670 5665 5666
f 5664 5663 5666
f 5673 5674 5675
f 5676 5677 5678
f 5678 5673 5676
f 5679 5680 5681
f 5675 5674 5681
f 5680 5682 5681
f 5681 5674 5679
f 5675 5683 5673
f 5684 5685 5686
f 5684 5637 5685
f 5685 5687 5686
f 5637 5638 5685
f 5677 5688 5686
f 5687 5677 5686
f 5677 5676 5688
f 5673 5683 5676
f 5689 5690 5691
f 5692 5693 5694
f 5689 5691 5694
f 5695 5691 5690
f 5696 5694 5691
f 5690 5672 5695
f 5690 5671 5672
f 5692 5694 5696
f 5697 5698 5699
f 5698 5682 5680
f 5700 5682 5698
f 5699 5701 5697
f 5702 5697 5701
f 5700 5698 5697
f 5693 5702 5701
f 5693 5692 5702
f 5703 5704 5705
f 5706 5704 5707
f 5706 5707 5708
f 5709 5708 5710
f 5705 5711 5703
f 5703 5712 5707
f 5707 5710 5708
f 5710 5713 5709
f 5710 5707 5714
f 5704 5703 5707
f 5715 5716 5717
f 5718 5717 5716
f 5719 5720 5721
f 5717 5718 5721
f 5720 5717 5721
f 5722 5723 5724
f 5725 5726 5722
f 5725 5727 5726
f 5728 5729 5730
f 5723 5729 5728
f 5724 5723 5728
f 5724 5725 5722
f 5727 5731 5726
f 5732 5733 5734
f 5735 5732 5736
f 5737 5735 5738
f 5733 5727 5734
f 5735 5736 5738
f 5737 5738 5739
f 5736 5732 5734
f 5731 5727 5733
f 5740 5741 5742
f 5743 5741 5740
f 5744 5743 5745
f 5740 5745 5743
f 5743 5744 5746
f 5747 5748 5749
f 5749 5748 5750
f 5751 5752 5750
f 5752 5751 5753
f 5749 5754 5747
f 5755 5756 5749
f 5750 5752 5755
f 5753 5757 5752
f 5758 5755 5752
f 5755 5749 5750
f 5759 5760 5761
f 5762 5763 5764
f 5765 5766 5767
f 5763 5765 5768
f 5760 5762 5761
f 5769 5770 5771
f 5772 5773 5774
f 5775 5771 5772
f 5776 5777 5778
f 5779 5780 5781
f 5777 5781 5782
f 5773 5776 5783
f 5766 5770 5769
f 457 5784 5785
f 5784 5759 5786
f 5784 5786 5785
f 5761 5786 5759
f 457 5785 461
f 5761 5762 5764
f 5787 5764 5763
f 5769 5771 5775
f 5788 5772 5774
f 5772 5788 5775
f 5768 5787 5763
f 5765 5767 5768
f 5783 5776 5778
f 5773 5783 5774
f 5769 5767 5766
f 5777 5782 5778
f 5780 5782 5781
f 5789 426 5790
f 5791 5792 5793
f 5794 5795 5796
f 5792 5794 5797
f 5798 5799 5800
f 5801 5802 5803
f 5799 5801 5804
f 5795 5798 5796
f 5805 5806 5807
f 5808 5809 5810
f 5806 5808 5811
f 5812 5813 5814
f 5815 5790 5816
f 5813 5815 5814
f 5809 5812 5817
f 5802 5805 5818
f 5780 5779 5819
f 5792 5797 5793
f 5797 5794 5796
f 5819 5791 5793
f 5820 5800 5799
f 5798 5800 5796
f 5804 5820 5799
f 5807 5818 5805
f 5810 5811 5808
f 5807 5806 5811
f 5815 5821 5814
f 5821 5815 5816
f 5817 5812 5814
f 5810 5809 5817
f 5803 5804 5801
f 5802 5818 5803
f 5790 426 5816
f 5819 5779 5791
f 5822 5823 5824
f 5825 5822 5826
f 5827 5828 5829
f 5828 5830 5831
f 5832 5833 5825
f 5834 5829 5835
f 5836 5837 5838
f 5834 5835 5837
f 5839 5840 5841
f 5842 5843 5844
f 5845 5841 5843
f 5846 5838 5840
f 5847 5844 5848
f 5825 5826 5849
f 5849 5832 5825
f 5823 5850 5824
f 5826 5822 5824
f 5851 5852 5850
f 5824 5850 5852
f 5831 5851 5850
f 5851 5831 5830
f 5827 5829 5834
f 5828 5827 5830
f 5836 5838 5853
f 5846 5840 5839
f 5839 5841 5845
f 5838 5846 5853
f 5837 5836 5834
f 5843 5842 5845
f 5847 5842 5844
f 331 358 5854
f 5855 5856 5857
f 5858 5859 5860
f 5856 5859 5861
f 5862 5863 5864
f 5865 5866 5867
f 5863 5865 5868
f 5858 5860 5862
f 5869 5870 5871
f 5872 5873 5874
f 5875 5876 5874
f 5873 5877 5870
f 5878 5879 5880
f 5875 5879 5881
f 5878 5880 5854
f 5866 5869 5882
f 5847 5848 5857
f 5861 5883 5856
f 5857 5856 5883
f 5864 5858 5862
f 5868 5884 5863
f 5864 5863 5884
f 5861 5859 5858
f 5882 5867 5866
f 5877 5871 5870
f 5882 5869 5871
f 5876 5872 5874
f 5878 5881 5879
f 5885 5878 5854
f 5876 5875 5881
f 5877 5873 5872
f 5868 5865 5867
f 5854 358 5885
f 5857 5848 5855
f 311 5886 312
f 5887 5888 5889
f 5890 5887 5891
f 5892 5893 5894
f 5893 5890 5895
f 5896 5897 5892
f 311 5898 5886
f 5899 5886 5898
f 5899 5898 5900
f 5900 5889 5899
f 5899 5889 5888
f 5901 5893 5895
f 5889 5891 5887
f 5891 5895 5890
f 5901 5894 5893
f 5892 5894 5896
f 5902 5903 5904
f 5905 5906 5907
f 5906 5905 5903
f 5908 5907 5909
f 5910 5911 5912
f 5911 5908 5913
f 297 5910 5912
f 5896 5914 5904
f 5902 5906 5903
f 5902 5904 5914
f 5908 5915 5913
f 297 5912 309
f 5912 5911 5913
f 5907 5906 5909
f 5909 5915 5908
f 5897 5896 5904
f 5916 5917 285
f 5916 5918 5919
f 5920 5921 5918
f 5920 5922 5923
f 281 5924 5925
f 5926 5925 5927
f 5922 5928 5929
f 5926 5930 5928
f 5931 271 5932
f 5933 5934 5935
f 5935 5931 5936
f 5932 271 270
f 5931 5932 5936
f 5936 5933 5935
f 5933 5937 5934
f 5937 5938 5934
f 5939 5940 5938
f 265 5941 5942
f 5943 5944 5939
f 5940 5939 5944
f 5941 5944 5943
f 5942 5941 5943
f 5942 267 265
f 5937 5939 5938
f 5945 5946 250
f 5947 5945 5948
f 5949 5948 5950
f 5950 5951 5952
f 5953 5954 5955
f 5951 5954 5956
f 246 5957 5958
f 5958 5959 5955
f 5960 236 235
f 5961 5962 5963
f 5963 5960 5964
f 5964 5960 235
f 5965 5961 5963
f 5963 5964 5965
f 5966 5962 5967
f 5962 5961 5967
f 5968 5969 5970
f 230 229 5971
f 5972 5971 5969
f 5970 5967 5968
f 5969 5973 5972
f 5971 5972 230
f 5973 5969 5968
f 5966 5967 5970
f 5974 5975 215
f 5976 5974 5977
f 5978 5977 5979
f 5979 5980 5981
f 5982 5983 5980
f 5984 5985 5982
f 5986 5984 5987
f 5988 5987 210
f 5989 5990 199
f 5991 5992 5993
f 5994 5993 5990
f 5989 199 198
f 5994 5991 5993
f 5990 5989 5994
f 5995 5996 5991
f 5996 5992 5991
f 5997 5998 5999
f 200 193 6000
f 6001 6000 5998
f 6002 5996 5995
f 5998 5997 6001
f 6000 6001 200
f 5997 5999 6002
f 5999 5996 6002
f 6003 6004 180
f 6003 6005 6006
f 6007 6008 6005
f 6007 6009 6010
f 175 6011 6012
f 6013 6012 6014
f 6015 6009 6016
f 6017 6016 6013
f 6018 164 6019
f 6020 6018 6021
f 6022 6020 6023
f 6019 164 163
f 6018 6019 6021
f 6021 6023 6020
f 6023 6024 6022
f 6024 6025 6022
f 6026 6027 6025
f 6028 6029 6030
f 6031 6030 6027
f 6031 6027 6026
f 6028 165 6029
f 6030 6031 6028
f 158 6029 165
f 6024 6026 6025
f 145 6032 6033
f 6034 6035 6032
f 6036 6034 6037
f 6037 6038 6039
f 6040 6038 6041
f 6042 6043 6044
f 6044 6045 6041
f 140 6046 6042
f 6047 6048 130
f 6049 6050 6048
f 6051 6050 6052
f 6047 130 129
f 6048 6047 6049
f 6049 6052 6050
f 6052 6053 6051
f 6053 6054 6051
f 6055 6056 6054
f 6057 6058 6059
f 6060 6059 6056
f 6060 6056 6055
f 6057 121 6058
f 6059 6060 6057
f 123 6058 121
f 6053 6055 6054
f 6061 113 6062
f 6063 6061 6064
f 6062 113 112
f 6065 6066 6064
f 6061 6062 6064
f 6067 6066 6065
f 6063 6064 6066
f 6065 6068 6067
f 6069 6070 6071
f 6072 6069 6071
f 105 6072 107
f 6068 6073 6067
f 6071 6074 6072
f 6070 6073 6071
f 107 6072 6074
f 6070 6067 6073
f 6075 6076 6077
f 6076 6075 6078
f 6078 6079 6076
f 6079 6080 6081
f 6082 6079 6078
f 6079 6083 6076
f 6078 6084 6085
f 6084 6086 6087
f 6084 6088 6089
f 6084 6078 6086
f 6090 6089 6091
f 6089 6090 6092
f 6092 6084 6089
f 6092 6085 6084
f 6080 6079 6093
f 6082 6094 6093
f 6094 6082 6095
f 6078 6096 6082
f 6097 6098 6078
f 6098 6099 6100
f 6098 6096 6078
f 6099 6098 6097
f 6101 6102 6097
f 6101 6085 6103
f 6085 6101 6097
f 6097 6078 6085
f 6104 6097 6105
f 6097 6104 6099
f 6104 6106 6099
f 6079 6082 6093
f 6107 87 86
f 6108 6107 6109
f 6108 6110 6111
f 6112 6111 6113
f 6114 6115 6116
f 6117 6112 6118
f 6116 6117 6119
f 6107 86 6109
f 6111 6110 6113
f 6110 6108 6109
f 6117 6118 6119
f 6115 6114 6120
f 6120 6121 6122
f 6114 6116 6119
f 6118 6112 6113
f 6122 6115 6120
f 6123 6124 6125
f 6126 6127 6128
f 6129 6124 6127
f 6130 6131 6132
f 6132 6133 6134
f 6123 6135 6133
f 6131 69 71
f 6121 6136 6122
f 6136 6128 6122
f 6126 6128 6136
f 6127 6126 6129
f 6125 6124 6129
f 6134 6133 6135
f 6130 6132 6134
f 6125 6135 6123
f 6130 69 6131
f 6137 6138 6139
f 6139 6140 6137
f 6137 6141 6138
f 6141 6142 6143
f 6144 6141 6137
f 6141 6145 6138
f 6142 6141 6144
f 6146 6137 6147
f 6148 6149 6144
f 6146 6148 6137
f 6150 6144 6151
f 6144 6150 6152
f 6148 6144 6137
f 6150 6153 6154
f 6142 6144 6155
f 6142 6156 6157
f 6155 6156 6142
f 6158 6156 6159
f 6160 6161 6159
f 6155 6160 6156
f 6159 6156 6160
f 6162 6160 6155
f 6163 6164 6165
f 6165 6154 6163
f 6152 6154 6165
f 6166 6144 6152
f 6166 6152 6167
f 6152 6150 6154
f 6155 6144 6166
f 6157 6168 6142
f 6169 6170 53
f 6171 6172 6173
f 6174 6171 6170
f 6175 6173 6176
f 6177 6178 6179
f 6178 6175 6180
f 6181 6177 6182
f 6174 6170 6169
f 6169 53 52
f 6174 6172 6171
f 6181 6182 6183
f 6176 6173 6172
f 6180 6175 6176
f 6177 6179 6182
f 6180 6179 6178
f 6183 6184 6181
f 6183 6185 6186
f 6187 6188 6189
f 6185 6189 6186
f 6190 6191 6192
f 6193 6194 6195
f 6196 6195 6191
f 6197 6192 6188
f 6187 6189 6185
f 6190 6192 6197
f 6187 6197 6188
f 6196 6193 6195
f 6191 6190 6196
f 6194 6193 6198
f 48 38 6198
f 38 6194 6198
f 6184 6183 6186
f 6199 6200 6201
f 6202 6199 6203
f 6202 6204 6205
f 6206 6205 6207
f 6208 6209 6210
f 6211 6210 6212
f 6212 6206 6213
f 6199 6201 6203
f 6205 6204 6207
f 6204 6202 6203
f 6210 6211 6208
f 6214 6209 6208
f 6213 6211 6212
f 6215 6214 6216
f 6206 6207 6213
f 6215 6209 6214
f 6217 6218 6219
f 6220 6221 6222
f 6221 6223 6218
f 6224 6225 6226
f 6226 6227 6228
f 6217 6229 6227
f 6230 6225 6231
f 6216 6232 6215
f 6232 6222 6215
f 6220 6222 6232
f 6221 6220 6223
f 6229 6217 6219
f 6229 6228 6227
f 6219 6218 6223
f 6228 6224 6226
f 6224 6231 6225
f 6233 6234 6235
f 6236 6233 6235
f 6237 6234 6233
f 6238 6239 6240
f 6241 6238 6242
f 6241 6243 6244
f 6245 6244 6246
f 6247 6248 6249
f 6250 6249 6251
f 6251 6245 6252
f 6244 6243 6246
f 6238 6240 6242
f 6241 6242 6243
f 6249 6250 6247
f 6253 6248 6247
f 6254 6255 6253
f 6245 6246 6252
f 6252 6250 6251
f 6255 6248 6253
f 6256 6257 6258
f 6259 6260 6261
f 6260 6262 6257
f 6263 6264 6265
f 6265 6266 6267
f 6256 6268 6266
f 6269 6264 6270
f 6255 6271 6261
f 6271 6259 6261
f 6260 6259 6262
f 6254 6271 6255
f 6258 6268 6256
f 6268 6267 6266
f 6263 6265 6267
f 6258 6257 6262
f 6263 6270 6264
f 6272 6273 6274
f 6275 6276 6274
f 6272 6274 6276
f 6277 6278 6279
f 6278 6277 6280
f 6281 6280 6277
f 6282 6277 6279
f 6283 6284 6285
f 6286 6285 6284
f 6285 6286 6282
f 6282 6279 6285
f 6287 6288 6289
f 6287 6290 6291
f 6290 6287 6289
f 6280 6281 6292
f 6293 6292 6281
f 6288 6292 6293
f 6293 6289 6288
f 6294 6283 6295
f 6283 6294 6296
f 6296 6284 6283
f 6297 6294 6295
f 6297 6298 6299
f 6300 6301 6299
f 6297 6299 6301
f 6297 6295 6298
f 6300 6302 6303
f 6304 6305 6306
f 6302 6306 6303
f 6304 6306 6302
f 6307 6308 6309
f 6305 6304 6309
f 6310 6308 6307
f 6305 6309 6308
f 6301 6300 6303
f 6311 6291 6290
f 6312 6313 6311
f 6314 6315 6312
f 6315 6316 6317
f 6312 6311 6314
f 6317 6316 6318
f 6316 6315 6314
f 6318 6319 6317
f 6291 6311 6313
f 6320 6319 6321
f 6318 6321 6319
f 6322 6320 6321
f 6323 6320 6322
f 6324 6322 6325
f 6325 6326 6324
f 6324 6323 6322
f 6327 6326 6325
f 6328 6329 6330
f 6328 6331 6332
f 6333 6332 6331
f 6331 6328 6330
f 6334 6335 6310
f 6335 6308 6310
f 6329 6335 6334
f 6334 6330 6329
f 6336 6337 6338
f 6326 6327 6338
f 6338 6337 6326
f 6339 6337 6336
f 6332 6333 6340
f 6341 6340 6333
f 6340 6341 6342
f 6337 6339 6342
f 6339 6340 6342
f 6343 6344 6345
f 18 6345 19
f 6346 6344 6347
f 6348 6349 6350
f 6351 6352 6353
f 6354 6349 6346
f 6355 6353 6348
f 18 6356 6345
f 6344 6343 6347
f 6343 6345 6356
f 6350 6349 6354
f 6355 6351 6353
f 6355 6348 6350
f 6352 6351 6357
f 6347 6354 6346
f 6357 6358 6352
f 6359 6360 6361
f 6358 6362 6360
f 6363 6364 6359
f 6365 6366 6364
f 6367 6368 6369
f 6369 6366 6370
f 6363 6365 6364
f 6359 6361 6363
f 6361 6360 6362
f 6370 6367 6369
f 6366 6365 6370
f 6371 6368 6367
f 6372 6371 6373
f 6373 4 6372
f 6372 6368 6371
f 6357 6362 6358
f 6374 6375 6376
f 6377 6376 6375
f 6375 6378 6377
f 6378 6379 6380
f 6377 6378 6381
f 6375 6382 6378
f 6378 6383 6381
f 6384 6381 6385
f 6384 6386 6381
f 6387 6377 6381
f 6388 6384 6385
f 6389 6390 6385
f 6381 6391 6385
f 6392 6389 6385
f 6393 6380 6379
f 6394 6380 6393
f 6378 6380 6383
f 6383 6380 6395
f 6383 6396 6397
f 6383 6397 6391
f 6381 6383 6391
f 6398 6399 6397
f 6400 6401 6392
f 6400 6392 6391
f 6402 6389 6392
f 6399 6403 6391
f 6404 6391 6403
f 6385 6391 6392
f 6397 6399 6391
f 6393 6405 6394
