v -0.016213105018128005 0.03135642391366655 0.045500002161134034
v -0.012993749282025902 0.03282152713266928 0.045500002161134034
v -0.009713091357953507 0.0339373833563239 0.045500002161134034
v 0.03471068356395213 -0.006423290080938282 0.045500002161134034
v -6.040453004476697e-09 0.03530000091372054 0.045500002161134034
v -0.03515720915889142 0.003171855838750154 0.045500002161134034
v -0.01931651016431113 0.029545939895178064 0.045500002161134034
v -0.006423302001867803 0.03471067974925468 0.045500002161134034
v -0.003171867759679675 0.03515720915889142 0.045500002161134034
v 0.03530000091372054 6.040452094981952e-09 0.045500002161134034
v 0.03515720915889142 -0.003171855838750154 0.045500002161134034
v -0.02496087574307304 0.024960866206329424 0.045500002161134034
v -0.02224952994168361 0.027405265202437024 0.045500002161134034
v -0.03471068356395213 0.006423290080938282 0.045500002161134034
v -0.03393738717102135 0.009713079913861167 0.045500002161134034
v -0.03282153094736673 0.012993738791607923 0.045500002161134034
v -0.029545945617224234 0.019316500627567512 0.045500002161134034
v -0.027405272831831917 0.022249520404939993 0.045500002161134034
v -0.031356429635712724 0.016213095481384387 0.045500002161134034
v 0.03282153094736673 -0.012993738791607923 0.045500002161134034
v 0.012994219443486221 0.032821439394628005 0.045500002161134034
v 0.03282166064707992 0.012993657729287178 0.045500002161134034
v 0.009713491901185423 0.03393732995055965 0.045500002161134034
v 0.016213608558190984 0.0313563056580457 0.045500002161134034
v 0.03135662990732868 0.016212981040460983 0.045500002161134034
v 0.006423598117757112 0.03471065304637255 0.045500002161134034
v 0.03393745965027284 0.009713033183817443 0.045500002161134034
v 0.019317011797025385 0.02954579302932636 0.045500002161134034
v 0.022250002964167015 0.02740510117044681 0.045500002161134034
v 0.027405623783997024 0.022249358280298503 0.045500002161134034
v 0.02496129535979219 0.024960698359641764 0.045500002161134034
v 0.029546222182789128 0.019316357576413257 0.045500002161134034
v 0.0347107140815317 0.006423273868474133 0.045500002161134034
v 0.003172024877530766 0.03515720152949653 0.045500002161134034
v 0.035157216788286316 0.0031718601302847815 0.045500002161134034
v 6.040453004476697e-09 -0.03530000091372054 0.045500002161134034
v -0.035157216788286316 -0.0031718601302847815 0.045500002161134034
v -0.03530000091372054 -6.040453913971442e-09 0.045500002161134034
v -0.0347107140815317 -0.006423273868474133 0.045500002161134034
v -0.003172024877530766 -0.03515720152949653 0.045500002161134034
v -0.006423598117757112 -0.03471065304637255 0.045500002161134034
v -0.03393745965027284 -0.009713033183817443 0.045500002161134034
v -0.03135662990732868 -0.016212981040460983 0.045500002161134034
v -0.03282166064707992 -0.012993657729287178 0.045500002161134034
v -0.012994219443486221 -0.032821439394628005 0.045500002161134034
v -0.016213608558190984 -0.0313563056580457 0.045500002161134034
v -0.029546222182789128 -0.019316357576413257 0.045500002161134034
v -0.009713491901185423 -0.03393732995055965 0.045500002161134034
v -0.019317011797025385 -0.02954579302932636 0.045500002161134034
v -0.027405623783997024 -0.022249358280298503 0.045500002161134034
v -0.022250002964167015 -0.02740510117044681 0.045500002161134034
v -0.02496129535979219 -0.024960698359641764 0.045500002161134034
v 0.029545945617224234 -0.019316500627567512 0.045500002161134034
v 0.027405272831831917 -0.022249520404939993 0.045500002161134034
v 0.02496087574307304 -0.024960866206329424 0.045500002161134034
v 0.01931651016431113 -0.029545939895178064 0.045500002161134034
v 0.031356429635712724 -0.016213095481384387 0.045500002161134034
v 0.03393738717102135 -0.009713079913861167 0.045500002161134034
v 0.003171867759679675 -0.03515720915889142 0.045500002161134034
v 0.009713091357953507 -0.0339373833563239 0.045500002161134034
v 0.006423302001867803 -0.03471067974925468 0.045500002161134034
v 0.012993749282025902 -0.03282152713266928 0.045500002161134034
v 0.02224952994168361 -0.027405265202437024 0.045500002161134034
v 0.016213105018128005 -0.03135642391366655 0.045500002161134034
v -0.03530000091372054 -6.040453913971442e-09 0.045500002161134034
v -0.035157216788286316 -0.0031718601302847815 0.045500002161134034
v -0.03530000091372054 -6.040453913971442e-09 0.046068567556791784
v -0.03393745965027284 -0.009713033183817443 0.045500002161134034
v -0.03282166064707992 -0.012993657729287178 0.045500002161134034
v -0.03393745965027284 -0.009713033183817443 0.046068567556791784
v -0.0347107140815317 -0.006423273868474133 0.046068567556791784
v -0.0347107140815317 -0.006423273868474133 0.045500002161134034
v -0.03135662990732868 -0.016212981040460983 0.046068567556791784
v -0.03135662990732868 -0.016212981040460983 0.045500002161134034
v -0.029546222182789128 -0.019316357576413257 0.045500002161134034
v -0.03282166064707992 -0.012993657729287178 0.046068567556791784
v -0.027405623783997024 -0.022249358280298503 0.045500002161134034
v -0.029546222182789128 -0.019316357576413257 0.046068567556791784
v -0.022250002964167015 -0.02740510117044681 0.046068567556791784
v -0.022250002964167015 -0.02740510117044681 0.045500002161134034
v -0.019317011797025385 -0.02954579302932636 0.045500002161134034
v -0.016213608558190984 -0.0313563056580457 0.046068567556791784
v -0.016213608558190984 -0.0313563056580457 0.045500002161134034
v -0.012994219443486221 -0.032821439394628005 0.045500002161134034
v -0.019317011797025385 -0.02954579302932636 0.046068567556791784
v -0.006423598117757112 -0.03471065304637255 0.046068567556791784
v -0.009713491901185423 -0.03393732995055965 0.045500002161134034
v -0.006423598117757112 -0.03471065304637255 0.045500002161134034
v -0.003172024877530766 -0.03515720152949653 0.045500002161134034
v -0.003172024877530766 -0.03515720152949653 0.046068567556791784
v 6.040453004476697e-09 -0.03530000091372054 0.045500002161134034
v -0.012994219443486221 -0.032821439394628005 0.046068567556791784
v -0.027405623783997024 -0.022249358280298503 0.046068567556791784
v -0.035157216788286316 -0.0031718601302847815 0.046068567556791784
v -0.02496129535979219 -0.024960698359641764 0.046068567556791784
v -0.02496129535979219 -0.024960698359641764 0.045500002161134034
v -0.009713491901185423 -0.03393732995055965 0.046068567556791784
v 6.040453004476697e-09 -0.03530000091372054 0.046068567556791784
v 0.003171867759679675 -0.03515720915889142 0.046068567556791784
v 0.003171867759679675 -0.03515720915889142 0.045500002161134034
v 0.006423302001867803 -0.03471067974925468 0.045500002161134034
v 0.009713091357953507 -0.0339373833563239 0.046068567556791784
v 0.009713091357953507 -0.0339373833563239 0.045500002161134034
v 0.012993749282025902 -0.03282152713266928 0.045500002161134034
v 0.016213105018128005 -0.03135642391366655 0.046068567556791784
v 0.016213105018128005 -0.03135642391366655 0.045500002161134034
v 0.01931651016431113 -0.029545939895178064 0.045500002161134034
v 0.02224952994168361 -0.027405265202437024 0.045500002161134034
v 0.01931651016431113 -0.029545939895178064 0.046068567556791784
v 0.012993749282025902 -0.03282152713266928 0.046068567556791784
v 0.02496087574307304 -0.024960866206329424 0.045500002161134034
v 0.02224952994168361 -0.027405265202437024 0.046068567556791784
v 0.027405272831831917 -0.022249520404939993 0.045500002161134034
v 0.029545945617224234 -0.019316500627567512 0.045500002161134034
v 0.029545945617224234 -0.019316500627567512 0.046068567556791784
v 0.031356429635712724 -0.016213095481384387 0.046068567556791784
v 0.031356429635712724 -0.016213095481384387 0.045500002161134034
v 0.03282153094736673 -0.012993738791607923 0.045500002161134034
v 0.03282153094736673 -0.012993738791607923 0.046068567556791784
v 0.03393738717102135 -0.009713079913861167 0.045500002161134034
v 0.03471068356395213 -0.006423290080938282 0.045500002161134034
v 0.03515720915889142 -0.003171855838750154 0.045500002161134034
v 0.03515720915889142 -0.003171855838750154 0.046068567556791784
v 0.03393738717102135 -0.009713079913861167 0.046068567556791784
v 0.027405272831831917 -0.022249520404939993 0.046068567556791784
v 0.03530000091372054 6.040452094981952e-09 0.046068567556791784
v 0.03530000091372054 6.040452094981952e-09 0.045500002161134034
v 0.006423302001867803 -0.03471067974925468 0.046068567556791784
v 0.02496087574307304 -0.024960866206329424 0.046068567556791784
v 0.03471068356395213 -0.006423290080938282 0.046068567556791784
v 0.03393745965027284 0.009713033183817443 0.045500002161134034
v 0.03282166064707992 0.012993657729287178 0.045500002161134034
v 0.03393745965027284 0.009713033183817443 0.046068567556791784
v 0.029546222182789128 0.019316357576413257 0.045500002161134034
v 0.03135662990732868 0.016212981040460983 0.046068567556791784
v 0.03135662990732868 0.016212981040460983 0.045500002161134034
v 0.03282166064707992 0.012993657729287178 0.046068567556791784
v 0.035157216788286316 0.0031718601302847815 0.046068567556791784
v 0.03530000091372054 6.040452094981952e-09 0.045500002161134034
v 0.035157216788286316 0.0031718601302847815 0.045500002161134034
v 0.0347107140815317 0.006423273868474133 0.046068567556791784
v 0.0347107140815317 0.006423273868474133 0.045500002161134034
v 0.029546222182789128 0.019316357576413257 0.046068567556791784
v 0.027405623783997024 0.022249358280298503 0.045500002161134034
v 0.022250002964167015 0.02740510117044681 0.046068567556791784
v 0.022250002964167015 0.02740510117044681 0.045500002161134034
v 0.019317011797025385 0.02954579302932636 0.045500002161134034
v 0.016213608558190984 0.0313563056580457 0.046068567556791784
v 0.016213608558190984 0.0313563056580457 0.045500002161134034
v 0.012994219443486221 0.032821439394628005 0.045500002161134034
v 0.019317011797025385 0.02954579302932636 0.046068567556791784
v 0.006423598117757112 0.03471065304637255 0.046068567556791784
v 0.009713491901185423 0.03393732995055965 0.045500002161134034
v 0.006423598117757112 0.03471065304637255 0.045500002161134034
v 0.003172024877530766 0.03515720152949653 0.045500002161134034
v 0.003172024877530766 0.03515720152949653 0.046068567556791784
v -6.040453004476697e-09 0.03530000091372054 0.045500002161134034
v 0.012994219443486221 0.032821439394628005 0.046068567556791784
v 0.027405623783997024 0.022249358280298503 0.046068567556791784
v 0.02496129535979219 0.024960698359641764 0.046068567556791784
v 0.02496129535979219 0.024960698359641764 0.045500002161134034
v 0.009713491901185423 0.03393732995055965 0.046068567556791784
v -6.040453004476697e-09 0.03530000091372054 0.046068567556791784
v -0.012993749282025902 0.03282152713266928 0.046068567556791784
v -0.012993749282025902 0.03282152713266928 0.045500002161134034
v -0.016213105018128005 0.03135642391366655 0.045500002161134034
v -0.009713091357953507 0.0339373833563239 0.046068567556791784
v -0.009713091357953507 0.0339373833563239 0.045500002161134034
v -0.006423302001867803 0.03471067974925468 0.045500002161134034
v -0.01931651016431113 0.029545939895178064 0.045500002161134034
v -0.016213105018128005 0.03135642391366655 0.046068567556791784
v -0.02224952994168361 0.027405265202437024 0.045500002161134034
v -0.01931651016431113 0.029545939895178064 0.046068567556791784
v -0.003171867759679675 0.03515720915889142 0.045500002161134034
v -0.003171867759679675 0.03515720915889142 0.046068567556791784
v -0.02496087574307304 0.024960866206329424 0.045500002161134034
v -0.02224952994168361 0.027405265202437024 0.046068567556791784
v -0.027405272831831917 0.022249520404939993 0.045500002161134034
v -0.029545945617224234 0.019316500627567512 0.045500002161134034
v -0.029545945617224234 0.019316500627567512 0.046068567556791784
v -0.031356429635712724 0.016213095481384387 0.046068567556791784
v -0.031356429635712724 0.016213095481384387 0.045500002161134034
v -0.03282153094736673 0.012993738791607923 0.045500002161134034
v -0.03393738717102135 0.009713079913861167 0.045500002161134034
v -0.03471068356395213 0.006423290080938282 0.045500002161134034
v -0.03393738717102135 0.009713079913861167 0.046068567556791784
v -0.03515720915889142 0.003171855838750154 0.045500002161134034
v -0.03515720915889142 0.003171855838750154 0.046068567556791784
v -0.03282153094736673 0.012993738791607923 0.046068567556791784
v -0.027405272831831917 0.022249520404939993 0.046068567556791784
v -0.03530000091372054 -6.040453913971442e-09 0.045500002161134034
v -0.006423302001867803 0.03471067974925468 0.046068567556791784
v -0.02496087574307304 0.024960866206329424 0.046068567556791784
v -0.03471068356395213 0.006423290080938282 0.046068567556791784
v -0.03530000091372054 -6.040453913971442e-09 0.046068567556791784
v -0.034822843298283335 0.0031416813435272695 0.046540811841917495
v -0.03506510710373556 0.0031635378909673773 0.046358278569087474
v -0.034964269391426495 -5.934021200935884e-09 0.046540811841917495
v -0.03438058634978702 0.006362170998445438 0.046540811841917495
v -0.03461977169439967 0.006406432932920814 0.046358278569087474
v -0.0327356735519313 0.012959602971505113 0.046358278569087474
v -0.033614690469903064 0.009620643119004346 0.046540811841917495
v -0.03250950395500718 0.012870066300382232 0.046540811841917495
v -0.03384854668218251 0.00968757389305741 0.046358278569087474
v -0.031058406397680427 0.016058769988824828 0.046540811841917495
v -0.03515720915889142 0.003171855838750154 0.046068567556791784
v -0.03471068356395213 0.006423290080938282 0.046068567556791784
v -0.031274480397811555 0.016170491032949652 0.046358278569087474
v -0.03282153094736673 0.012993738791607923 0.046068567556791784
v -0.029468816249547114 0.019265738448642766 0.046358278569087474
v -0.031356429635712724 0.016213095481384387 0.046068567556791784
v -0.03393738717102135 0.009713079913861167 0.046068567556791784
v -0.02926521821741579 0.019132632210631106 0.046540811841917495
v -0.03520751357412255 -5.989163867323513e-09 0.046358278569087474
v -0.0247238991082821 0.024723290664039332 0.046540811841917495
v -0.022038394067397382 0.02714444861595222 0.046540811841917495
v -0.024895903816158915 0.0248952915572187 0.046358278569087474
v -0.009621119956185198 0.03361455314079498 0.046540811841917495
v -0.012960184712865752 0.032735440855387044 0.046358278569087474
v -0.012870644227045425 0.03250927507316037 0.046540811841917495
v -0.016059412765344616 0.031058074519002554 0.046540811841917495
v -0.0063625157517271935 0.034380525314627874 0.046540811841917495
v -0.009688053591261347 0.03384840935307443 0.046358278569087474
v -0.027144980766246052 0.022037739846785254 0.046540811841917495
v -0.02733382736335055 0.022191054444521408 0.046358278569087474
v -0.019133301690033022 0.02926478143455813 0.046540811841917495
v -0.02219171629452843 0.027333291398359272 0.046358278569087474
v -0.01926641174274213 0.029468375651992007 0.046358278569087474
v -0.027405272831831917 0.022249520404939993 0.046068567556791784
v -0.003141868025283573 0.03482282803949355 0.046540811841917495
v -0.006406779593551293 0.03461971065924052 0.046358278569087474
v -0.029545945617224234 0.019316500627567512 0.046068567556791784
v -0.03530000091372054 -6.040453913971442e-09 0.046068567556791784
v -0.02496087574307304 0.024960866206329424 0.046068567556791784
v -0.02224952994168361 0.027405265202437024 0.046068567556791784
v -0.01617113953151561 0.031274144704436235 0.046358278569087474
v -0.01931651016431113 0.029545939895178064 0.046068567556791784
v -0.016213105018128005 0.03135642391366655 0.046068567556791784
v -0.009713091357953507 0.0339373833563239 0.046068567556791784
v -0.0031637260032352232 0.035065088030248326 0.046358278569087474
v -0.006423302001867803 0.03471067974925468 0.046068567556791784
v -0.012993749282025902 0.03282152713266928 0.046068567556791784
v -0.003171867759679675 0.03515720915889142 0.046068567556791784
v -6.040453004476697e-09 0.03530000091372054 0.046068567556791784
v -5.98916341257614e-09 0.03520751357412255 0.046358278569087474
v -5.934020291441139e-09 0.034964269391426495 0.046540811841917495
v 0.006406461066314484 0.034619741176820096 0.046358278569087474
v 0.0031416887345035727 0.03482283566888844 0.046540811841917495
v 0.006362199131839108 0.03438055583220745 0.046540811841917495
v 0.003163545520362271 0.035065099474340666 0.046358278569087474
v 0.012959694524243837 0.032735536222823214 0.046358278569087474
v 0.009620700339466048 0.03361461417595413 0.046540811841917495
v 0.012870156899446594 0.03250937044059654 0.046540811841917495
v 0.009687631113519113 0.033848470388233576 0.046358278569087474
v 0.01605889396649185 0.031058204218715746 0.046540811841917495
v 0.003172024877530766 0.03515720152949653 0.046068567556791784
v 0.009713491901185423 0.03393732995055965 0.046068567556791784
v 0.016170615010616674 0.03127427440414943 0.046358278569087474
v 0.012994219443486221 0.032821439394628005 0.046068567556791784
v 0.006423598117757112 0.03471065304637255 0.046068567556791784
v 0.01926589103654064 0.029468535869284773 0.046358278569087474
v 0.031058198496669576 0.01605890541058419 0.046540811841917495
v 0.032509366625899094 0.012870167389864573 0.046540811841917495
v 0.03273553240812577 0.012959705014661815 0.046358278569087474
v 0.03438055201751 0.006362211052768629 0.046540811841917495
v 0.03384846657353613 0.009687642557611453 0.046358278569087474
v 0.03361461036125668 0.009620711783558389 0.046540811841917495
v 0.03482283566888844 0.003141700655433094 0.046540811841917495
v 0.03461973736212265 0.006406472510406824 0.046358278569087474
v 0.019132782891180256 0.029264939744502172 0.046540811841917495
v 0.022191226105906514 0.027333470689139272 0.046358278569087474
v 0.022037907693472913 0.027144625999383498 0.046540811841917495
v 0.019317011797025385 0.02954579302932636 0.046068567556791784
v 0.02489546894064998 0.024895476570044872 0.046358278569087474
v 0.02472346804747061 0.024723475676865503 0.046540811841917495
v 0.027144618369988605 0.02203791723021653 0.046540811841917495
v 0.02926493211510728 0.019132794335272596 0.046540811841917495
v 0.02733346305974438 0.02219123564265013 0.046358278569087474
v 0.02946852823988988 0.019265900573284256 0.046358278569087474
v 0.034964269391426495 5.934019381946394e-09 0.046540811841917495
v 0.03506509565964322 0.003163557441291792 0.046358278569087474
v 0.016213608558190984 0.0313563056580457 0.046068567556791784
v 0.02496129535979219 0.024960698359641764 0.046068567556791784
v 0.022250002964167015 0.02740510117044681 0.046068567556791784
v 0.027405623783997024 0.022249358280298503 0.046068567556791784
v 0.029546222182789128 0.019316357576413257 0.046068567556791784
v 0.03135662990732868 0.016212981040460983 0.046068567556791784
v 0.03127426868210326 0.016170626454709014 0.046358278569087474
v 0.03282166064707992 0.012993657729287178 0.046068567556791784
v 0.0347107140815317 0.006423273868474133 0.046068567556791784
v 0.03520751357412255 5.9891625030813954e-09 0.046358278569087474
v 0.03393745965027284 0.009713033183817443 0.046068567556791784
v 0.035157216788286316 0.0031718601302847815 0.046068567556791784
v 0.03530000091372054 6.040452094981952e-09 0.046068567556791784
v 0.03482283566888844 0.003141700655433094 0.046540811841917495
v 0.03074567559364194 4.6982502184268085e-09 0.047873155960376224
v 0.034964269391426495 5.934019381946394e-09 0.046540811841917495
v 0.03438055201751 0.006362211052768629 0.046540811841917495
v 0.030232417588916816 0.005594557074198869 0.047873155960376224
v 0.028587085174341942 0.011317245067264392 0.047873155960376224
v 0.03361461036125668 0.009620711783558389 0.046540811841917495
v 0.032509366625899094 0.012870167389864573 0.046540811841917495
v 0.02955892703263574 0.008459879323331476 0.047873155960376224
v 0.02731106887838286 0.014121218398382984 0.047873155960376224
v 0.031058198496669576 0.01605890541058419 0.046540811841917495
v 0.0306213145495271 0.0027626334548874754 0.047873155960376224
v 0.02583926323596608 0.003784568251122694 0.049078745312072236
v 0.025479932087917323 0.0057239425516883435 0.049078745312072236
v 0.025734236985860415 0.016824204290317724 0.047873155960376224
v 0.022003335090512444 0.014065753651180679 0.049078745312072236
v 0.02926493211510728 0.019132794335272596 0.046540811841917495
v 0.023869813145473984 0.0193787965442227 0.047873155960376224
v 0.024184634403713323 0.0098536400706839 0.049078745312072236
v 0.024962317698707936 0.007672886736055096 0.049078745312072236
v 0.01605889396649185 0.031058204218715746 0.046540811841917495
v 0.014121765807466602 0.027310786590771796 0.047873155960376224
v 0.019132782891180256 0.029264939744502172 0.046540811841917495
v 0.016824776494934746 0.025733863145510627 0.047873155960376224
v 0.009620700339466048 0.03361461417595413 0.046540811841917495
v 0.008460279866563392 0.029558812591712336 0.047873155960376224
v 0.012870156899446594 0.03250937044059654 0.046540811841917495
v 0.011317735255886308 0.028586892532120878 0.047873155960376224
v 0.005594840792321476 0.03023236418315256 0.047873155960376224
v 0.006362199131839108 0.03438055583220745 0.046540811841917495
v 0.027144618369988605 0.02203791723021653 0.046540811841917495
v 0.021740845759197214 0.021740325052995724 0.047873155960376224
v 0.02472346804747061 0.024723475676865503 0.046540811841917495
v 0.01903081984312438 0.017883559122738868 0.049078745312072236
v 0.022037907693472913 0.027144625999383498 0.046540811841917495
v 0.019379359212096103 0.02386935728912909 0.047873155960376224
v 0.015393712774924295 0.02109568696085362 0.049078745312072236
v 0.01728440748295257 0.019576605772978484 0.049078745312072236
v 0.0031416887345035727 0.03482283566888844 0.046540811841917495
v 0.002762778174971864 0.030621301198086037 0.047873155960376224
v 0.020609972979043212 0.016038143919729908 0.049078745312072236
v 0.026047791764547412 0.0018716443473974775 0.049078745312072236
v 0.02611494760574984 3.5192574012305065e-09 0.049078745312072236
v 0.024962317698707936 0.007672886736055096 0.049078745312072236
v 0.02319751658949376 0.011994440648440685 0.049078745312072236
v 0.013385148684161297 0.02242391692811596 0.049078745312072236
v 0.011287370264209673 0.023549712345968254 0.049078745312072236
v 0.009129985289302867 0.024467045992444536 0.049078745312072236
v 0.006942292543181128 0.02517532086739438 0.049078745312072236
v 0.0025850137507875404 0.025986699384936696 0.049078745312072236
v 0.00475214265506646 0.025678950575763748 0.049078745312072236
v 0.0004633316617737651 0.026110837269250897 0.049078745312072236
v -4.698250673174181e-09 0.03074567559364194 0.047873155960376224
v -0.0027626401306080073 0.030621306920132207 0.047873155960376224
v -5.934020291441139e-09 0.034964269391426495 0.046540811841917495
v -0.003141868025283573 0.03482282803949355 0.046540811841917495
v -0.0063625157517271935 0.034380525314627874 0.046540811841917495
v -0.0055945818697322736 0.03023238707133724 0.047873155960376224
v -0.008459929868072646 0.02955886027543042 0.047873155960376224
v -0.009621119956185198 0.03361455314079498 0.046540811841917495
v -0.011317325175910775 0.028586968826069814 0.047873155960376224
v -0.012870644227045425 0.03250927507316037 0.046540811841917495
v -0.014121327117260218 0.02731088958760286 0.047873155960376224
v -0.016059412765344616 0.031058074519002554 0.046540811841917495
v -0.0016351512255079192 0.026063706682295518 0.049078745312072236
v -0.003784568251122694 0.02583926323596608 0.049078745312072236
v -0.008159468084697474 0.024807530627757313 0.049078745312072236
v -0.016824337804728362 0.025733990937875095 0.047873155960376224
v -0.012461804028183199 0.02294981302548238 0.049078745312072236
v -0.010333863749193983 0.023983363337024555 0.049078745312072236
v -0.005967403695301687 0.025424016252741932 0.049078745312072236
v -0.019133301690033022 0.02926478143455813 0.046540811841917495
v -0.022038394067397382 0.02714444861595222 0.046540811841917495
v -0.019378945317423124 0.023869500340283345 0.047873155960376224
v -0.0247238991082821 0.024723290664039332 0.046540811841917495
v -0.02174047954824232 0.02174047382619615 0.047873155960376224
v -0.023869506062329515 0.01937893768802823 0.047873155960376224
v -0.027144980766246052 0.022037739846785254 0.046540811841917495
v -0.025733996659921266 0.01682433017533347 0.047873155960376224
v -0.02926521821741579 0.019132632210631106 0.046540811841917495
v -0.031058406397680427 0.016058769988824828 0.046540811841917495
v -0.02731089530964903 0.014121318534190963 0.047873155960376224
v -0.03250950395500718 0.012870066300382232 0.046540811841917495
v -0.02858697264076726 0.01131731659284152 0.047873155960376224
v -0.018273852262614687 0.0186562814037039 0.049078745312072236
v -0.033614690469903064 0.009620643119004346 0.046540811841917495
v -0.03438058634978702 0.006362170998445438 0.046540811841917495
v -0.030232388978685965 0.0055945723329886565 0.047873155960376224
v -0.034822843298283335 0.0031416813435272695 0.046540811841917495
v -0.030621306920132207 0.0027626308322829807 0.047873155960376224
v -0.029558862182779144 0.008459921285003391 0.047873155960376224
v -0.03074567559364194 -4.698251582668926e-09 0.047873155960376224
v -0.034964269391426495 -5.934021200935884e-09 0.046540811841917495
v -0.014513665888641891 0.021710457879335898 0.049078745312072236
v -0.01646020585994279 0.020274420747529165 0.049078745312072236
v -0.02140791041013168 0.014956331963439373 0.049078745312072236
v -0.019929959290128085 0.016875639763341832 0.049078745312072236
v -0.022691956644216305 0.012925386089081559 0.049078745312072236
v -0.02377174299616258 0.010811786211469276 0.049078745312072236
v -0.02464247057658242 0.008645178251810437 0.049078745312072236
v -0.025763900073206836 0.0042675516248169565 0.049078745312072236
v -0.025304707775395396 0.006454634496184386 0.049078745312072236
v -0.02602966622962888 0.002108778576876691 0.049078745312072236
v -0.02611494760574984 -3.5192589928463102e-09 0.049078745312072236
v -0.025678986815389493 -0.004751943813962045 0.049078745312072236
v -0.024497092456884362 -0.002369009368884817 0.049245001270896704
v -0.02600931481875013 -0.0023465434235275806 0.049078745312072236
v -0.024281445702867277 -0.009612727621802208 0.049078745312072236
v -0.02356141202303763 -0.007112091402259324 0.04924499745619926
v -0.025106923342173015 -0.007185714586145642 0.049078745312072236
v -0.024140158846180926 -0.004793033350673215 0.049245001270896704
v -0.02171579464106399 -0.011582385613305157 0.049244989826804364
v -0.02319760051283759 -0.011994390103699515 0.049078745312072236
v -0.02185824498047162 -0.014290274345133414 0.049078745312072236
v -0.015608280923238294 -0.019029086063134804 0.04924497075331713
v -0.018466286582667912 -0.018465962333384933 0.049078745312072236
v -0.016460461444671726 -0.020274333009487888 0.049078745312072236
v -0.020464701670873664 -0.013672074967320813 0.04924498601210692
v -0.020274615297098952 -0.016460112399855342 0.049078745312072236
v -0.022740431912021686 -0.00941261526946291 0.04924499364150181
v -0.019030014941963103 -0.015606944825457547 0.04924498219740947
v -0.0115839658517225 -0.021715325433278032 0.04924495549452734
v -0.014290629111995967 -0.021858012283927364 0.049078745312072236
v -0.011994729611772281 -0.023197425036755037 0.049078745312072236
v -0.007113782266902624 -0.02356148450228912 0.049244940235737555
v -0.009613031843923592 -0.02428132363254898 0.049078745312072236
v -0.007185962541479685 -0.02510685277027025 0.049078745312072236
v -0.009414219349739295 -0.022740250713892962 0.04924494786513245
v -0.0023707953625456968 -0.02449766275415266 0.04924492116225032
v -0.0047521192900445985 -0.025678954390461195 0.049078745312072236
v -0.002346632115243219 -0.026009307189355235 0.049078745312072236
v -1.9936727841173365e-06 -0.024612183786203445 0.04924491353285543
v 3.5192583107252515e-09 -0.02611494760574984 0.049078745312072236
v 0.0023465434235275806 -0.02600931481875013 0.049078745312072236
v 0.0023674842051618628 -0.024498145313379682 0.049244905903460534
v 0.004751943813962045 -0.025678986815389493 0.049078745312072236
v -0.004794633616252153 -0.024140504076299862 0.04924493260634266
v -0.013673532181745496 -0.02046400548858962 0.049244963123922236
v -0.024611355996857487 -3.4602214152133407e-09 0.049245001270896704
v -0.02611494760574984 -3.5192589928463102e-09 0.049078745312072236
v -0.017403670183929743 -0.017402518145300805 0.04924497456801458
v 0.004791611899037096 -0.024141431047779438 0.04924489827406564
v 0.009612727621802208 -0.024281445702867277 0.049078745312072236
v 0.007110653261321875 -0.023562918828529122 0.04924489064467075
v 0.007185714586145642 -0.025106923342173015 0.049078745312072236
v 0.014290274345133414 -0.02185824498047162 0.049078745312072236
v 0.011581128670496432 -0.021717728692669525 0.04924487157118351
v 0.011994390103699515 -0.02319760051283759 0.049078745312072236
v 0.009411302059866844 -0.022742140896477858 0.049244879200578406
v 0.016460112399855342 -0.020274615297098952 0.049078745312072236
v 0.013670957260968897 -0.020466822642654092 0.04924486394178862
v 0.021858012283927364 -0.014290629111995967 0.049078745312072236
v 0.020463530558757492 -0.013676295930045712 0.04924484105360394
v 0.020274333009487888 -0.016460461444671726 0.049078745312072236
v 0.019028416583732888 -0.015610926415917659 0.049244844868301385
v 0.018465962333384933 -0.018466286582667912 0.049078745312072236
v 0.023197425036755037 -0.011994729611772281 0.049078745312072236
v 0.021715029794225904 -0.011586865021782078 0.04924483723890649
v 0.015605946328400844 -0.019032328555964595 0.04924486012709117
v 0.023561637090186993 -0.007116873125508905 0.0492448296095116
v 0.02428132363254898 -0.009613031843923592 0.049078745312072236
v 0.02510685277027025 -0.007185962541479685 0.049078745312072236
v 0.024494481296482018 -0.00241256987586716 0.04924482579481415
v 0.025678954390461195 -0.0047521192900445985 0.049078745312072236
v 0.026009307189355235 -0.002346632115243219 0.049078745312072236
v 0.024140914156275395 -0.004797713984440455 0.049244821980116704
v 0.024613002038805787 -4.745511658101886e-09 0.04924482579481415
v 0.02611494760574984 3.5192574012305065e-09 0.049078745312072236
v 0.026047791764547412 0.0018716443473974775 0.049078745312072236
v 0.024338576519179478 0.0036654640985081532 0.049244821980116704
v 0.02583926323596608 0.003784568251122694 0.049078745312072236
v 0.025479932087917323 0.0057239425516883435 0.049078745312072236
v 0.024544448110989103 0.0018355955757343861 0.04924482579481415
v 0.022740183956687643 -0.009417175740260575 0.049244833424209045
v 0.02399946326759883 0.005461298725126518 0.04924482579481415
v 0.024962317698707936 0.007672886736055096 0.049078745312072236
v 0.017401671282467612 -0.017406163088711235 0.04924485249769628
v 0.02352655331776865 0.007231563434758892 0.04924483723890649
v -0.03482283566888844 -0.003141700655433094 0.046540811841917495
v -0.034964269391426495 -5.934021200935884e-09 0.046540811841917495
v -0.03438055201751 -0.006362211052768629 0.046540811841917495
v -0.030232417588916816 -0.005594557074198869 0.047873155960376224
v -0.028587085174341942 -0.011317245067264392 0.047873155960376224
v -0.03361461036125668 -0.009620711783558389 0.046540811841917495
v -0.032509366625899094 -0.012870167389864573 0.046540811841917495
v -0.02955892703263574 -0.008459879323331476 0.047873155960376224
v -0.02731106887838286 -0.014121218398382984 0.047873155960376224
v -0.031058198496669576 -0.01605890541058419 0.046540811841917495
v -0.0306213145495271 -0.0027626334548874754 0.047873155960376224
v -0.02600931481875013 -0.0023465434235275806 0.049078745312072236
v -0.025678986815389493 -0.004751943813962045 0.049078745312072236
v -0.024281445702867277 -0.009612727621802208 0.049078745312072236
v -0.025734236985860415 -0.016824204290317724 0.047873155960376224
v -0.02319760051283759 -0.011994390103699515 0.049078745312072236
v -0.025106923342173015 -0.007185714586145642 0.049078745312072236
v -0.02926493211510728 -0.019132794335272596 0.046540811841917495
v -0.012870156899446594 -0.03250937044059654 0.046540811841917495
v -0.011317735255886308 -0.028586892532120878 0.047873155960376224
v -0.01605889396649185 -0.031058204218715746 0.046540811841917495
v -0.014121765807466602 -0.027310786590771796 0.047873155960376224
v -0.019132782891180256 -0.029264939744502172 0.046540811841917495
v -0.006362199131839108 -0.03438055583220745 0.046540811841917495
v -0.005594840792321476 -0.03023236418315256 0.047873155960376224
v -0.009620700339466048 -0.03361461417595413 0.046540811841917495
v -0.008460279866563392 -0.029558812591712336 0.047873155960376224
v -0.0031416887345035727 -0.03482283566888844 0.046540811841917495
v -0.002762778174971864 -0.030621301198086037 0.047873155960376224
v -0.027144618369988605 -0.02203791723021653 0.046540811841917495
v -0.023869813145473984 -0.0193787965442227 0.047873155960376224
v -0.021740845759197214 -0.021740325052995724 0.047873155960376224
v -0.019379359212096103 -0.02386935728912909 0.047873155960376224
v -0.02472346804747061 -0.024723475676865503 0.046540811841917495
v -0.022037907693472913 -0.027144625999383498 0.046540811841917495
v -0.016824776494934746 -0.025733863145510627 0.047873155960376224
v 4.698250673174181e-09 -0.03074567559364194 0.047873155960376224
v -0.02185824498047162 -0.014290274345133414 0.049078745312072236
v -0.02611494760574984 -3.5192589928463102e-09 0.049078745312072236
v -0.018466286582667912 -0.018465962333384933 0.049078745312072236
v -0.020274615297098952 -0.016460112399855342 0.049078745312072236
v -0.016460461444671726 -0.020274333009487888 0.049078745312072236
v -0.014290629111995967 -0.021858012283927364 0.049078745312072236
v -0.011994729611772281 -0.023197425036755037 0.049078745312072236
v -0.007185962541479685 -0.02510685277027025 0.049078745312072236
v -0.0047521192900445985 -0.025678954390461195 0.049078745312072236
v -0.009613031843923592 -0.02428132363254898 0.049078745312072236
v -0.002346632115243219 -0.026009307189355235 0.049078745312072236
v 5.934020291441139e-09 -0.034964269391426495 0.046540811841917495
v 0.0027626401306080073 -0.030621306920132207 0.047873155960376224
v 0.003141868025283573 -0.03482282803949355 0.046540811841917495
v 0.0063625157517271935 -0.034380525314627874 0.046540811841917495
v 0.0055945818697322736 -0.03023238707133724 0.047873155960376224
v 0.008459929868072646 -0.02955886027543042 0.047873155960376224
v 0.009621119956185198 -0.03361455314079498 0.046540811841917495
v 0.011317325175910775 -0.028586968826069814 0.047873155960376224
v 0.012870644227045425 -0.03250927507316037 0.046540811841917495
v 0.014121327117260218 -0.02731088958760286 0.047873155960376224
v 0.016059412765344616 -0.031058074519002554 0.046540811841917495
v 0.004751943813962045 -0.025678986815389493 0.049078745312072236
v 0.007185714586145642 -0.025106923342173015 0.049078745312072236
v 0.011994390103699515 -0.02319760051283759 0.049078745312072236
v 0.016824337804728362 -0.025733990937875095 0.047873155960376224
v 0.014290274345133414 -0.02185824498047162 0.049078745312072236
v 0.009612727621802208 -0.024281445702867277 0.049078745312072236
v 0.019133301690033022 -0.02926478143455813 0.046540811841917495
v 0.0023465434235275806 -0.02600931481875013 0.049078745312072236
v 0.022038394067397382 -0.02714444861595222 0.046540811841917495
v 0.019378945317423124 -0.023869500340283345 0.047873155960376224
v 0.0247238991082821 -0.024723290664039332 0.046540811841917495
v 0.02174047954824232 -0.02174047382619615 0.047873155960376224
v 0.023869506062329515 -0.01937893768802823 0.047873155960376224
v 0.027144980766246052 -0.022037739846785254 0.046540811841917495
v 0.025733996659921266 -0.01682433017533347 0.047873155960376224
v 0.02926521821741579 -0.019132632210631106 0.046540811841917495
v 0.031058406397680427 -0.016058769988824828 0.046540811841917495
v 0.02731089530964903 -0.014121318534190963 0.047873155960376224
v 0.03250950395500718 -0.012870066300382232 0.046540811841917495
v 0.02858697264076726 -0.01131731659284152 0.047873155960376224
v 0.018465962333384933 -0.018466286582667912 0.049078745312072236
v 0.033614690469903064 -0.009620643119004346 0.046540811841917495
v 0.03438058634978702 -0.006362170998445438 0.046540811841917495
v 0.030232388978685965 -0.0055945723329886565 0.047873155960376224
v 0.034822843298283335 -0.0031416813435272695 0.046540811841917495
v 0.030621306920132207 -0.0027626308322829807 0.047873155960376224
v 0.029558862182779144 -0.008459921285003391 0.047873155960376224
v 0.016460112399855342 -0.020274615297098952 0.049078745312072236
v 0.020274333009487888 -0.016460461444671726 0.049078745312072236
v 0.021858012283927364 -0.014290629111995967 0.049078745312072236
v 3.5192583107252515e-09 -0.02611494760574984 0.049078745312072236
v 0.023197425036755037 -0.011994729611772281 0.049078745312072236
v 0.02428132363254898 -0.009613031843923592 0.049078745312072236
v 0.025678954390461195 -0.0047521192900445985 0.049078745312072236
v 0.026009307189355235 -0.002346632115243219 0.049078745312072236
v 0.02510685277027025 -0.007185962541479685 0.049078745312072236
v 0.02611494760574984 3.5192574012305065e-09 0.049078745312072236
v 0.034822843298283335 -0.0031416813435272695 0.046540811841917495
v 0.03506510710373556 -0.0031635378909673773 0.046358278569087474
v 0.034964269391426495 5.934019381946394e-09 0.046540811841917495
v 0.03438058634978702 -0.006362170998445438 0.046540811841917495
v 0.03461977169439967 -0.006406432932920814 0.046358278569087474
v 0.0327356735519313 -0.012959602971505113 0.046358278569087474
v 0.033614690469903064 -0.009620643119004346 0.046540811841917495
v 0.03250950395500718 -0.012870066300382232 0.046540811841917495
v 0.03384854668218251 -0.00968757389305741 0.046358278569087474
v 0.031058406397680427 -0.016058769988824828 0.046540811841917495
v 0.03520751357412255 5.9891625030813954e-09 0.046358278569087474
v 0.03515720915889142 -0.003171855838750154 0.046068567556791784
v 0.03530000091372054 6.040452094981952e-09 0.046068567556791784
v 0.03393738717102135 -0.009713079913861167 0.046068567556791784
v 0.031274480397811555 -0.016170491032949652 0.046358278569087474
v 0.03282153094736673 -0.012993738791607923 0.046068567556791784
v 0.03471068356395213 -0.006423290080938282 0.046068567556791784
v 0.029468816249547114 -0.019265738448642766 0.046358278569087474
v 0.024895903816158915 -0.0248952915572187 0.046358278569087474
v 0.027144980766246052 -0.022037739846785254 0.046540811841917495
v 0.0247238991082821 -0.024723290664039332 0.046540811841917495
v 0.009621119956185198 -0.03361455314079498 0.046540811841917495
v 0.012960184712865752 -0.032735440855387044 0.046358278569087474
v 0.012870644227045425 -0.03250927507316037 0.046540811841917495
v 0.016059412765344616 -0.031058074519002554 0.046540811841917495
v 0.0063625157517271935 -0.034380525314627874 0.046540811841917495
v 0.009688053591261347 -0.03384840935307443 0.046358278569087474
v 0.02926521821741579 -0.019132632210631106 0.046540811841917495
v 0.02733382736335055 -0.022191054444521408 0.046358278569087474
v 0.029545945617224234 -0.019316500627567512 0.046068567556791784
v 0.02219171629452843 -0.027333291398359272 0.046358278569087474
v 0.022038394067397382 -0.02714444861595222 0.046540811841917495
v 0.019133301690033022 -0.02926478143455813 0.046540811841917495
v 0.01926641174274213 -0.029468375651992007 0.046358278569087474
v 0.003141868025283573 -0.03482282803949355 0.046540811841917495
v 0.006406779593551293 -0.03461971065924052 0.046358278569087474
v 0.031356429635712724 -0.016213095481384387 0.046068567556791784
v 0.02496087574307304 -0.024960866206329424 0.046068567556791784
v 0.027405272831831917 -0.022249520404939993 0.046068567556791784
v 0.02224952994168361 -0.027405265202437024 0.046068567556791784
v 0.01617113953151561 -0.031274144704436235 0.046358278569087474
v 0.01931651016431113 -0.029545939895178064 0.046068567556791784
v 0.016213105018128005 -0.03135642391366655 0.046068567556791784
v 0.009713091357953507 -0.0339373833563239 0.046068567556791784
v 0.0031637260032352232 -0.035065088030248326 0.046358278569087474
v 0.006423302001867803 -0.03471067974925468 0.046068567556791784
v 0.012993749282025902 -0.03282152713266928 0.046068567556791784
v 0.003171867759679675 -0.03515720915889142 0.046068567556791784
v 6.040453004476697e-09 -0.03530000091372054 0.046068567556791784
v 5.98916341257614e-09 -0.03520751357412255 0.046358278569087474
v 5.934020291441139e-09 -0.034964269391426495 0.046540811841917495
v -0.006406461066314484 -0.034619741176820096 0.046358278569087474
v -0.0031416887345035727 -0.03482283566888844 0.046540811841917495
v -0.006362199131839108 -0.03438055583220745 0.046540811841917495
v -0.003163545520362271 -0.035065099474340666 0.046358278569087474
v -0.012959694524243837 -0.032735536222823214 0.046358278569087474
v -0.009620700339466048 -0.03361461417595413 0.046540811841917495
v -0.012870156899446594 -0.03250937044059654 0.046540811841917495
v -0.009687631113519113 -0.033848470388233576 0.046358278569087474
v -0.01605889396649185 -0.031058204218715746 0.046540811841917495
v -0.003172024877530766 -0.03515720152949653 0.046068567556791784
v -0.009713491901185423 -0.03393732995055965 0.046068567556791784
v -0.016170615010616674 -0.03127427440414943 0.046358278569087474
v -0.012994219443486221 -0.032821439394628005 0.046068567556791784
v -0.006423598117757112 -0.03471065304637255 0.046068567556791784
v -0.01926589103654064 -0.029468535869284773 0.046358278569087474
v -0.031058198496669576 -0.01605890541058419 0.046540811841917495
v -0.032509366625899094 -0.012870167389864573 0.046540811841917495
v -0.03273553240812577 -0.012959705014661815 0.046358278569087474
v -0.03438055201751 -0.006362211052768629 0.046540811841917495
v -0.03384846657353613 -0.009687642557611453 0.046358278569087474
v -0.03361461036125668 -0.009620711783558389 0.046540811841917495
v -0.03482283566888844 -0.003141700655433094 0.046540811841917495
v -0.03461973736212265 -0.006406472510406824 0.046358278569087474
v -0.019132782891180256 -0.029264939744502172 0.046540811841917495
v -0.022191226105906514 -0.027333470689139272 0.046358278569087474
v -0.022037907693472913 -0.027144625999383498 0.046540811841917495
v -0.019317011797025385 -0.02954579302932636 0.046068567556791784
v -0.02489546894064998 -0.024895476570044872 0.046358278569087474
v -0.02472346804747061 -0.024723475676865503 0.046540811841917495
v -0.027144618369988605 -0.02203791723021653 0.046540811841917495
v -0.02926493211510728 -0.019132794335272596 0.046540811841917495
v -0.02733346305974438 -0.02219123564265013 0.046358278569087474
v -0.02946852823988988 -0.019265900573284256 0.046358278569087474
v -0.034964269391426495 -5.934021200935884e-09 0.046540811841917495
v -0.03520751357412255 -5.989163867323513e-09 0.046358278569087474
v -0.016213608558190984 -0.0313563056580457 0.046068567556791784
v -0.02496129535979219 -0.024960698359641764 0.046068567556791784
v -0.022250002964167015 -0.02740510117044681 0.046068567556791784
v -0.027405623783997024 -0.022249358280298503 0.046068567556791784
v -0.029546222182789128 -0.019316357576413257 0.046068567556791784
v -0.03135662990732868 -0.016212981040460983 0.046068567556791784
v -0.03127426868210326 -0.016170626454709014 0.046358278569087474
v -0.03282166064707992 -0.012993657729287178 0.046068567556791784
v -0.0347107140815317 -0.006423273868474133 0.046068567556791784
v -0.03506509565964322 -0.003163557441291792 0.046358278569087474
v -0.03393745965027284 -0.009713033183817443 0.046068567556791784
v -0.035157216788286316 -0.0031718601302847815 0.046068567556791784
v -0.03530000091372054 -6.040453913971442e-09 0.046068567556791784
v 0.02287070192248164 0.009095500424383673 0.049244833424209045
v 0.024184634403713323 0.0098536400706839 0.049078745312072236
v 0.022091717815657663 0.010851374187897944 0.04924483723890649
v 0.02319751658949376 0.011994440648440685 0.049078745312072236
v 0.02352655331776865 0.007231563434758892 0.04924483723890649
v 0.018919259016292322 0.01574320009621155 0.04924484868299883
v 0.020609972979043212 0.016038143919729908 0.049078745312072236
v 0.01903081984312438 0.017883559122738868 0.049078745312072236
v 0.02010074901686809 0.014204008777071175 0.049244844868301385
v 0.022003335090512444 0.014065753651180679 0.049078745312072236
v 0.021163031629579665 0.012566688180808971 0.04924483723890649
v 0.01728440748295257 0.019576605772978484 0.049078745312072236
v 0.017614455106050864 0.0171907566606333 0.04924485249769628
v 0.014685322505376686 0.019751664146161474 0.04924486012709117
v 0.015393712774924295 0.02109568696085362 0.049078745312072236
v 0.013385148684161297 0.02242391692811596 0.049078745312072236
v 0.011287370264209673 0.023549712345968254 0.049078745312072236
v 0.011382967535901178 0.02182221134838902 0.04924487538588096
v 0.009129985289302867 0.024467045992444536 0.049078745312072236
v 0.006942292543181128 0.02517532086739438 0.049078745312072236
v 0.007805135143978403 0.023342106974169052 0.0492448868299733
v 0.009637534599298836 0.022647194984375396 0.049244879200578406
v 0.00475214265506646 0.025678950575763748 0.049078745312072236
v 0.0025850137507875404 0.025986699384936696 0.049078745312072236
v 0.004049652768794709 0.024276881417372165 0.04924489827406564
v 0.00018829142451552879 0.024611460901037274 0.04924491353285543
v 0.0004633316617737651 0.026110837269250897 0.049078745312072236
v -0.0016351512255079192 0.026063706682295518 0.049078745312072236
v 0.002092676977372282 0.024523074361194608 0.049244905903460534
v 0.005936132236144254 0.023885819615960813 0.049244894459368194
v 0.013082123424101866 0.020848071134883517 0.049244867756486066
v -0.001705016455571945 0.02455299494061869 0.04924492116225032
v -0.003784568251122694 0.02583926323596608 0.049078745312072236
v 0.016198084646931177 0.018531193659725442 0.049244856312393726
v -0.0036529907531128447 0.024339457714289692 0.04924492497694777
v -0.005967403695301687 0.025424016252741932 0.049078745312072236
v -0.005561268116929252 0.023975445932473693 0.04924493642104011
v -0.009282649481124339 0.02279421723867303 0.04924494786513245
v -0.008159468084697474 0.024807530627757313 0.049078745312072236
v -0.010333863749193983 0.023983363337024555 0.049078745312072236
v -0.007429450387975156 0.023463799637419847 0.049244940235737555
v -0.014513665888641891 0.021710457879335898 0.049078745312072236
v -0.012745023379098774 0.02105475907194676 0.04924495930922479
v -0.012461804028183199 0.02294981302548238 0.049078745312072236
v -0.011035106229400626 0.02199926862303414 0.049244951679829896
v -0.015900874893129413 0.018785338340375768 0.04924497075331713
v -0.01646020585994279 0.020274420747529165 0.049078745312072236
v -0.018273852262614687 0.0186562814037039 0.049078745312072236
v -0.014370691028335325 0.019980450625534107 0.04924496693861968
v -0.019929959290128085 0.016875639763341832 0.049078745312072236
v -0.0186660680100037 0.016040592955490762 0.04924498219740947
v -0.02140791041013168 0.014956331963439373 0.049078745312072236
v -0.022691956644216305 0.012925386089081559 0.049078745312072236
v -0.020957835239218126 0.012903251307146424 0.049244989826804364
v -0.02377174299616258 0.010811786211469276 0.049078745312072236
v -0.02464247057658242 0.008645178251810437 0.049078745312072236
v -0.022725270397019326 0.00944901892719785 0.04924499745619926
v -0.021916241733104247 0.011198275144316261 0.04924499364150181
v -0.025304707775395396 0.006454634496184386 0.049078745312072236
v -0.025763900073206836 0.0042675516248169565 0.049078745312072236
v -0.023947962944718126 0.005675401003514824 0.049245001270896704
v -0.02602966622962888 0.002108778576876691 0.049078745312072236
v -0.024323659144813714 0.0037522589558411368 0.049245001270896704
v -0.023406718412174454 0.0076054533756134135 0.04924500508559415
v -0.01987310122468333 0.014518486712540302 0.04924498601210692
v -0.02454128763415442 0.0018551217006623766 0.049245001270896704
v -0.02611494760574984 -3.5192589928463102e-09 0.049078745312072236
v -0.01733781515455668 0.01746799361227791 0.04924497456801458
v -0.024611355996857487 -3.4602214152133407e-09 0.049245001270896704
v -0.022725270397019326 0.00944901892719785 0.04924499745619926
v -0.023406718412174454 0.0076054533756134135 0.04924500508559415
v -0.02335257641131183 0.0075878618983374335 0.04906058353752796
v -0.021654883459581997 0.011575207306384616 0.04906058353752796
v -0.021916241733104247 0.011198275144316261 0.04924499364150181
v -0.022591929555114687 0.009619083861422961 0.04906058353752796
v -0.023227444798312735 0.0075472043761121155 0.04890420001569584
v -0.022470872038988787 0.009567542530544704 0.04890420001569584
v -0.021538847992644827 0.011513185094271239 0.04890420001569584
v -0.020438958185153844 0.013369045892563935 0.04890420001569584
v -0.020549069426956112 0.013441065473011049 0.04906058353752796
v -0.021381493630312498 0.011429077691289535 0.04881477969284509
v -0.023057755611786135 0.007492070077076141 0.04881477969284509
v -0.020957835239218126 0.012903251307146424 0.049244989826804364
v -0.01987310122468333 0.014518486712540302 0.04924498601210692
v -0.01733781515455668 0.01746799361227791 0.04924497456801458
v -0.0186660680100037 0.016040592955490762 0.04924498219740947
v -0.01786619271261225 0.016844254340098175 0.04906058353752796
v -0.015900874893129413 0.018785338340375768 0.04924497075331713
v -0.016310076534574725 0.01835512629906777 0.04906058353752796
v -0.019282780609486405 0.015201898343206177 0.04906058353752796
v -0.01777045906548702 0.01675399859850657 0.04890420001569584
v -0.014626693466642249 0.019722874624530373 0.04906058353752796
v -0.016222679908719506 0.018256775769494027 0.04890420001569584
v -0.019179455714442017 0.01512044310862437 0.04890420001569584
v -0.014370691028335325 0.019980450625534107 0.04924496693861968
v -0.01454831669290002 0.0196171960611613 0.04890420001569584
v -0.022139067747716235 0.009426272839996863 0.04880019991920337
v -0.02230671034906262 0.009497648690249827 0.04881477969284509
v -0.020289639482993227 0.013271381054856257 0.04881477969284509
v -0.019039338062523115 0.01500998377568008 0.04881477969284509
v -0.02122080331506293 0.011343186917251447 0.04880019991920337
v -0.02013715648930048 0.013171645790109321 0.04880019991920337
v -0.018896248761293144 0.014897182218503446 0.04880019991920337
v -0.019982802386510068 0.013070687914830681 0.048856874879170675
v -0.021058144615930807 0.011256244240392399 0.048856874879170675
v -0.022884467258218466 0.007435766573272717 0.04880019991920337
v -0.01764063346727962 0.016631605938274285 0.04881477969284509
v -0.016104162981093184 0.018123404410009814 0.04881477969284509
v -0.014442030638962544 0.019473885507479416 0.04881477969284509
v -0.017508057472213068 0.016506617376429444 0.04880019991920337
v -0.017373856416034172 0.01638009912090843 0.048856874879170675
v -0.014333491052508363 0.019327538454629867 0.04880019991920337
v -0.015983132167849412 0.017987204452368788 0.04880019991920337
v -0.015860619344647553 0.017849337471943505 0.048856874879170675
v -0.012667304640666122 0.020672446279129675 0.04881477969284509
v -0.012760531077894433 0.020824576413308593 0.04890420001569584
v -0.018751408513935086 0.014782998787176704 0.048856874879170675
v -0.01282927764793218 0.020936760943173205 0.04906058353752796
v -0.012745023379098774 0.02105475907194676 0.04924495930922479
v -0.010931722206545813 0.021987162680686678 0.04906058353752796
v -0.011035106229400626 0.02199926862303414 0.049244951679829896
v -0.010873142758878185 0.021869351472088017 0.04890420001569584
v -0.009282649481124339 0.02279421723867303 0.04924494786513245
v -0.0089489273507104 0.022866185320704613 0.04906058353752796
v -0.007429450387975156 0.023463799637419847 0.049244940235737555
v -0.006896149009190111 0.023566657232027 0.04906058353752796
v -0.0068591936508369256 0.02344038120979386 0.04890420001569584
v -0.00890097278910651 0.022743662960759137 0.04890420001569584
v -0.005561268116929252 0.023975445932473693 0.04924493642104011
v -0.004789592016739008 0.02408344001719298 0.04906058353752796
v -0.0036529907531128447 0.024339457714289692 0.04924492497694777
v 0.0016869247760932515 0.024497239322736064 0.04906058353752796
v 0.002092676977372282 0.024523074361194608 0.049244905903460534
v 0.00018829142451552879 0.024611460901037274 0.04924491353285543
v -0.002645714170235597 0.024412160125579785 0.04906058353752796
v -0.001705016455571945 0.02455299494061869 0.04924492116225032
v -0.00048125749132049353 0.024550513479929537 0.04906058353752796
v -0.0026315332708956585 0.024281354150128553 0.04890420001569584
v 0.00167789026123695 0.024365979398288662 0.04890420001569584
v 0.0038419854081619964 0.02425294991293958 0.04906058353752796
v 0.0038214036849248956 0.024122996522367712 0.04890420001569584
v -0.0004786743451025248 0.024418967453173623 0.04890420001569584
v 0.004049652768794709 0.024276881417372165 0.04924489827406564
v -0.004763923871293763 0.023954394524613454 0.04890420001569584
v -0.010793705499245743 0.021709588128318025 0.04881477969284509
v -0.006809079016803776 0.023269143256103852 0.04881477969284509
v -0.008835941734381958 0.02257751381346318 0.04881477969284509
v -0.012572103143834723 0.0205170927256082 0.04880019991920337
v -0.010712584050690532 0.021546439240563986 0.04880019991920337
v -0.008769533573879107 0.02240784179307509 0.04880019991920337
v -0.006757901989531689 0.02309427371044448 0.04880019991920337
v -0.004729115710765952 0.02377940100128706 0.04881477969284509
v -0.0026123031426476817 0.02410397071885173 0.04881477969284509
v 0.001665638883549328 0.024187977986025455 0.04881477969284509
v 0.003793493212636695 0.023946770851765997 0.04881477969284509
v -0.000475171409765017 0.024240578849119565 0.04881477969284509
v -0.004693569883119364 0.02360069768469364 0.04880019991920337
v -0.0004715942070365915 0.024058409879895715 0.04880019991920337
v 0.001653127748807437 0.02400620383798735 0.04880019991920337
v -0.0025926650801914863 0.023922827903241073 0.04880019991920337
v 0.005891788762510952 0.023518626376474172 0.04881477969284509
v 0.005935140414808082 0.023691703014333543 0.04890420001569584
v 0.0037649912238256478 0.02376680868501513 0.04880019991920337
v 0.005967109009923921 0.02381933134681158 0.04906058353752796
v -0.014223622043993966 0.019179398493980315 0.048856874879170675
v -0.02270905793287037 0.007378773086068602 0.048856874879170675
v -0.02196937093179474 0.009354022470354217 0.048856874879170675
v -0.019851788510047985 0.012984995505059826 0.0489882263563568
v -0.020920081178587013 0.011182447964609432 0.0489882263563568
v -0.022560170291521242 0.007330397477234019 0.0489882263563568
v -0.020840994871119678 0.01114017539485257 0.04916657109139022
v -0.021825331770900513 0.009292697394199245 0.0489882263563568
v -0.019776740059828102 0.012935908931988593 0.04916657109139022
v -0.02247488319335411 0.007302686561306004 0.04916657109139022
v -0.01862846653727046 0.01468608067649424 0.0489882263563568
v -0.017259945735574878 0.016272709665734464 0.0489882263563568
v -0.012475735303258961 0.02035983373071204 0.048856874879170675
v -0.014130366042860443 0.01905365652938973 0.0489882263563568
v -0.015756629738573058 0.017732315905716334 0.0489882263563568
v -0.017194695335747134 0.01621119385470715 0.04916657109139022
v -0.012393937699581303 0.020226353652350593 0.0489882263563568
v -0.01407694597348963 0.018981627412198998 0.04916657109139022
v -0.015697063237941067 0.01766528404218093 0.04916657109139022
v -0.010630467919776065 0.021381291451347817 0.048856874879170675
v -0.01855804340770484 0.014630563477202041 0.04916657109139022
v -0.021806889616093894 0.009067175342166722 0.04934878011493726
v -0.021742823679823386 0.009257568799085902 0.04916657109139022
v -0.02011087703858938 0.012381819359467139 0.04934877248554237
v -0.02103055481664673 0.010745742354572596 0.049348776300239816
v -0.022460799330380476 0.007298110354881371 0.04934878774433216
v -0.019069979619764643 0.013931781476848593 0.04934876867084492
v -0.017911724941337415 0.01539237763081791 0.049348764856147476
v -0.012347081770842094 0.020149891856726665 0.04916657109139022
v -0.01525827480309827 0.018026205919065008 0.04934875722675258
v -0.016637148693664505 0.01676209529383743 0.04934876104145003
v -0.01378992813759139 0.019173022227197967 0.04934874959735769
v -0.012229955300435136 0.02020391750931716 0.04934874578266024
v -0.010520843051898265 0.02116081719771179 0.04916657109139022
v -0.010560768629050976 0.02124111467161849 0.0489882263563568
v -0.008702310975471361 0.022236090762578486 0.048856874879170675
v -0.006706097921366783 0.02291726221216872 0.048856874879170675
v -0.008645251684736288 0.02209031019229979 0.0489882263563568
v -0.006662126857571726 0.022767014631179805 0.0489882263563568
v -0.004627047758530289 0.023266261252182785 0.0489882263563568
v -0.004657588703126658 0.023419802824417024 0.048856874879170675
v -0.006636938887167598 0.022680949334733524 0.04916657109139022
v -0.008612567357011991 0.022006802650491597 0.04916657109139022
v -0.0025727866917961417 0.02373946493371637 0.048856874879170675
v 0.0016404633109119021 0.023822201906640306 0.048856874879170675
v 0.0037361399517796268 0.023584643530488725 0.048856874879170675
v -0.0004679731948921753 0.023874007405316755 0.048856874879170675
v -0.002555913808151705 0.02358382909258383 0.0489882263563568
v -0.00046489968123834824 0.023717488461725278 0.0489882263563568
v 0.0016297137319253724 0.023666022471121595 0.0489882263563568
v 0.0037116510246826273 0.023430020491528314 0.0489882263563568
v -0.004609553079202022 0.023178309587849055 0.04916657109139022
v -0.008907499736438007 0.021873082246191 0.0493487343385679
v -0.005336503282339922 0.023006575723490963 0.04934872289447556
v -0.007129190306727484 0.022515606995947568 0.04934872670917301
v -0.010589137580288566 0.021110257197751725 0.04934873815326535
v -0.0035053667302929747 0.023355874217254602 0.04934871145038322
v -0.0025462487953330226 0.023494675798554354 0.04916657109139022
v -0.00046313907915734864 0.0236278297202841 0.04916657109139022
v 0.0016235562141997395 0.023576558279250204 0.04916657109139022
v -0.0016363336625071362 0.023560769246517843 0.04934870763568577
v 0.002007957315450365 0.0235320903511127 0.049348692376895986
v 0.0001802255596886418 0.02361689489005281 0.04934870000629088
v 0.003697622951659152 0.023341448938859477 0.04916657109139022
v 0.00584751776812914 0.023341883814368414 0.04880019991920337
v 0.005936132236144254 0.023885819615960813 0.049244894459368194
v 0.007805135143978403 0.023342106974169052 0.0492448868299733
v 0.009637534599298836 0.022647194984375396 0.049244879200578406
v 0.008045771027295201 0.02319994655176738 0.04906058353752796
v 0.008002663992471848 0.023075637006068073 0.04890420001569584
v 0.010007733820373566 0.02227948866808216 0.04890420001569584
v 0.01006164217101757 0.022399508586502526 0.04906058353752796
v 0.007944208522471241 0.022907061711195942 0.04881477969284509
v 0.011382967535901178 0.02182221134838902 0.04924487538588096
v 0.01199901160965633 0.021424284998922127 0.04906058353752796
v 0.013082123424101866 0.020848071134883517 0.049244867756486066
v 0.01719264875056692 0.01753288352319693 0.04906058353752796
v 0.017614455106050864 0.0171907566606333 0.04924485249769628
v 0.016198084646931177 0.018531193659725442 0.049244856312393726
v 0.013842765511927202 0.02028203297628428 0.04906058353752796
v 0.014685322505376686 0.019751664146161474 0.04924486012709117
v 0.01557840325916049 0.018981425233234317 0.04906058353752796
v 0.011934722513585183 0.02130948740130645 0.04890420001569584
v 0.015494935771675489 0.018879717769907378 0.04890420001569584
v 0.018672654085145624 0.015947356027844473 0.04906058353752796
v 0.01710053143662127 0.017438937061825532 0.04890420001569584
v 0.01376859730314317 0.020173357968070738 0.04890420001569584
v 0.018919259016292322 0.01574320009621155 0.04924484868299883
v 0.018572607922556772 0.015861906805035852 0.04890420001569584
v 0.00788451327580042 0.02273491395216487 0.04880019991920337
v 0.009934630865851557 0.022116728879467695 0.04881477969284509
v 0.01184754141813571 0.021153815320548164 0.04881477969284509
v 0.007824087037731353 0.02256065666544571 0.048856874879170675
v 0.011758513055447617 0.020994843526498386 0.04880019991920337
v 0.009859977236817419 0.021950520604361312 0.04880019991920337
v 0.009784409987744769 0.02178227528081833 0.048856874879170675
v 0.01366801994393485 0.020025984761607996 0.04881477969284509
v 0.013565310168853761 0.019875489225285037 0.04880019991920337
v 0.015381747022708003 0.018741795476369116 0.04881477969284509
v 0.016975613446679194 0.017311541425891752 0.04881477969284509
v 0.01526615787537211 0.018600949217237872 0.04880019991920337
v 0.013461341543615224 0.01972314737539782 0.048856874879170675
v 0.016848046149360307 0.017181443076816905 0.04880019991920337
v 0.018436934393163407 0.015746030601717087 0.04881477969284509
v 0.018298386489243867 0.015627698686916935 0.04880019991920337
v 0.01671891673343695 0.017049752091558013 0.048856874879170675
v 0.01514915347528345 0.018458378714860668 0.048856874879170675
v 0.011668393689289736 0.020833922422053286 0.048856874879170675
v 0.005802704133035519 0.023162972596764142 0.048856874879170675
v 0.02010074901686809 0.014204008777071175 0.049244844868301385
v 0.02000713634152329 0.014237485608190048 0.04906058353752796
v 0.0211854353476848 0.012416551226046013 0.04906058353752796
v 0.022091717815657663 0.010851374187897944 0.04924483723890649
v 0.021163031629579665 0.012566688180808971 0.04924483723890649
v 0.021071923303108697 0.012350020995224864 0.04890420001569584
v 0.02303831400624845 0.008499085830015463 0.04906058353752796
v 0.02287070192248164 0.009095500424383673 0.049244833424209045
v 0.022198422532639928 0.010498751185309407 0.04906058353752796
v 0.02352655331776865 0.007231563434758892 0.04924483723890649
v 0.022914874211567016 0.008453545018221043 0.04890420001569584
v 0.022079484080945733 0.01044249584206125 0.04890420001569584
v 0.019899939528570387 0.014161198334974312 0.04890420001569584
v 0.023698373012819296 0.0064330132678930285 0.04906058353752796
v 0.02399946326759883 0.005461298725126518 0.04924482579481415
v 0.024544448110989103 0.0018355955757343861 0.04924482579481415
v 0.024338576519179478 0.0036654640985081532 0.049244821980116704
v 0.024460297792661123 0.0021668509082024834 0.04906058353752796
v 0.024613002038805787 -4.745511658101886e-09 0.04924482579481415
v 0.024555091116865713 -4.745512112849258e-09 0.049058729594568806
v 0.02417372627636416 0.004316792216297605 0.04906058353752796
v 0.024044202039255058 0.0042936622751660325 0.04890420001569584
v 0.024430428711652574 -4.745512567596631e-09 0.04890891116704266
v 0.02432923813982968 0.002155240399685926 0.04890420001569584
v 0.023571396993604665 0.006398543661763623 0.04890420001569584
v 0.019754569038267222 0.014057746601239818 0.04881477969284509
v 0.02191819104349957 0.010366210476194238 0.04881477969284509
v 0.020917992631734883 0.01225979958591028 0.04881477969284509
v 0.019606118179775756 0.013952101416473406 0.04880019991920337
v 0.02076079848669532 0.012167667013174843 0.04880019991920337
v 0.019455849617950882 0.013845162095598162 0.048856874879170675
v 0.02339920727290168 0.006351800266599095 0.04881477969284509
v 0.024151513293131366 0.0021394957128113845 0.04881477969284509
v 0.02425796051803597 -4.7455134770913756e-09 0.048818136626598285
v 0.023868558110013982 0.0042622954485724285 0.04881477969284509
v 0.021753481944489783 0.010288307678609776 0.04880019991920337
v 0.022747481472903397 0.008391789834928942 0.04881477969284509
v 0.02322336688674209 0.006304066003772757 0.04880019991920337
v 0.023689191036064816 0.004230263910948717 0.04880019991920337
v 0.02257653915826552 0.008328724303063861 0.04880019991920337
v 0.0239700195253556 0.002123417239910247 0.04880019991920337
v 0.024063889692778062 -4.745513931838748e-09 0.04880019991920337
v 0.018158141044960496 0.015507916233412633 0.048856874879170675
v 0.005764666831118981 0.02301111521345267 0.0489882263563568
v 0.009720267757525325 0.021639470174548148 0.0489882263563568
v 0.0077727970000474045 0.02241274749399169 0.0489882263563568
v 0.0057428777561399635 0.02292412676022426 0.04916657109139022
v 0.011591900422411872 0.02069733527262141 0.0489882263563568
v 0.00968352554539198 0.021557665895149958 0.04916657109139022
v 0.007743417153986409 0.022328021156349243 0.04916657109139022
v 0.015049839734604387 0.018337363160406683 0.0489882263563568
v 0.018039099596435237 0.015406245009711439 0.0489882263563568
v 0.01932830139411923 0.0137543923235256 0.0489882263563568
v 0.016609310939046384 0.016937971919622763 0.0489882263563568
v 0.013322542823338557 0.019519772503067134 0.04916657109139022
v 0.013373093286555005 0.019593840576043187 0.0489882263563568
v 0.016546526741118006 0.016873942222978 0.04916657109139022
v 0.017970909972224725 0.015348005070116577 0.04916657109139022
v 0.014992950197905697 0.018268044385751914 0.04916657109139022
v 0.019255238493920412 0.013702397043651171 0.04916657109139022
v 0.01154808290018905 0.020619093920638543 0.04916657109139022
v 0.003886024421255324 0.023295834694139206 0.04934868856219854
v 0.009248101673697273 0.021732005197864224 0.049348669488711305
v 0.007489751217865659 0.02239883338505444 0.04934867330340875
v 0.005696276458455329 0.02292057527690128 0.049348680932803646
v 0.010922999900833674 0.020940360110214273 0.04934866185931641
v 0.012553492188666082 0.020005587574359884 0.049348658044618965
v 0.015543535017147891 0.017782338033336398 0.049348646600526624
v 0.01690266880210123 0.016496069737989005 0.04934864278582918
v 0.014091904355852947 0.018953486389133856 0.04934865041522407
v 0.01815474405688411 0.015107010605239779 0.04934863897113173
v 0.020601677919445116 0.012074404336320788 0.048856874879170675
v 0.020466618556340688 0.01199524364225324 0.0489882263563568
v 0.02158675296318191 0.01020945025298925 0.048856874879170675
v 0.022403500667380616 0.008264887248640163 0.048856874879170675
v 0.020389252677421865 0.011949898333702969 0.04916657109139022
v 0.022256627186283406 0.008210702332431263 0.0489882263563568
v 0.021445233409951303 0.0101425166179131 0.0489882263563568
v 0.021364169181857795 0.010104175093875178 0.04916657109139022
v 0.023045371196525055 0.006255747138562695 0.048856874879170675
v 0.02289429010414401 0.006214733895800462 0.0489882263563568
v 0.023507624789037562 0.004197839936325165 0.048856874879170675
v 0.023786301788968345 0.0021071418332534175 0.048856874879170675
v 0.023353512919535024 0.00417031880159513 0.0489882263563568
v 0.02372769087004678 -4.745515750828238e-09 0.048982248725457644
v 0.023877701939793994 -4.745514841333493e-09 0.048857820924137485
v 0.02363036077204006 0.0020933271448683732 0.0489882263563568
v 0.022172494034093937 0.008179663092980904 0.04916657109139022
v 0.020307845126558144 0.012058866119945555 0.04934862752703939
v 0.02280774797051688 0.0061912406047370805 0.04916657109139022
v 0.02257585632742254 0.006939339490520113 0.04934862752703939
v 0.021946507542647264 0.00872795241803448 0.049348623712341944
v 0.021199002319154392 0.010412869948014936 0.04934862752703939
v 0.019288491211564285 0.013630019835318419 0.049348635156434284
v 0.02326523319122087 0.004154554087558993 0.04916657109139022
v 0.023541035816625477 0.0020854137934335493 0.04916657109139022
v 0.02363664739343241 -4.7455162055756105e-09 0.04915457386791999
v 0.023029656550392907 0.005240610371596288 0.04934861608294705
v 0.0233550674087446 0.0035173446418573784 0.0493486122682496
v 0.02355262105277145 0.0017614215256948895 0.0493486198976445
v 0.023618403602893023 -4.7455162055756105e-09 0.04934861608294705
v 0.024494481296482018 -0.00241256987586716 0.04924482579481415
v 0.02455570528315465 -4.745512112849258e-09 0.049060705607846256
v 0.024413066116223403 -0.002646529323396263 0.04906058353752796
v 0.024140914156275395 -0.004797713984440455 0.049244821980116704
v 0.024555091116865713 -4.745512112849258e-09 0.049058729594568806
v 0.024430428711652574 -4.745512567596631e-09 0.04890891116704266
v 0.024423861709997885 -4.745512567596631e-09 0.048905455051155844
v 0.02428226014077217 -0.002632348662474915 0.04890420001569584
v 0.023985573954194983 -0.0052624251957830714 0.04906058353752796
v 0.023857058704560563 -0.0052342279059305885 0.04890420001569584
v 0.02425796051803597 -4.7455134770913756e-09 0.048818136626598285
v 0.023278624686607907 -0.00781685151034911 0.04906058353752796
v 0.022740183956687643 -0.009417175740260575 0.049244833424209045
v 0.023561637090186993 -0.007116873125508905 0.0492448296095116
v 0.020463530558757492 -0.013676295930045712 0.04924484105360394
v 0.021715029794225904 -0.011586865021782078 0.04924483723890649
v 0.021062542962086983 -0.012623902920465002 0.04906058353752796
v 0.022300482855480697 -0.010280203353884021 0.04906058353752796
v 0.019028416583732888 -0.015610926415917659 0.049244844868301385
v 0.019579205489288487 -0.01482039617359654 0.04906058353752796
v 0.022180996994702884 -0.010225120076426397 0.04890420001569584
v 0.02094969086016918 -0.012556260705338107 0.04890420001569584
v 0.023153897431538173 -0.0077749670860574605 0.04890420001569584
v 0.01777212227357383 -0.01675401004259891 0.04890420001569584
v 0.017867857828047784 -0.016844265784190515 0.04906058353752796
v 0.01947430130950112 -0.014740985616846225 0.04890420001569584
v 0.02410487670949535 -0.002613118534226938 0.04881477969284509
v 0.024245890815314253 -4.7455134770913756e-09 0.048817022734943816
v 0.02368278234435417 -0.005195990332398093 0.04881477969284509
v 0.022984757561443914 -0.007718168625260313 0.04881477969284509
v 0.023923731986535968 -0.002593480710189333 0.04880019991920337
v 0.024063889692778062 -4.745513931838748e-09 0.04880019991920337
v 0.02406389350747551 -4.745513931838748e-09 0.04880019991920337
v 0.02281203187574965 -0.0076601661505815155 0.04880019991920337
v 0.023504811449670537 -0.005156942135658149 0.04880019991920337
v 0.023324658548047328 -0.005117415671225811 0.048856874879170675
v 0.022018963905952038 -0.01015042257837162 0.04881477969284509
v 0.021853495682150337 -0.010074141980876417 0.04880019991920337
v 0.02079665282799792 -0.012464533444206394 0.04881477969284509
v 0.01933204170496583 -0.014633297661597044 0.04881477969284509
v 0.020640370395648144 -0.012370861641051167 0.04880019991920337
v 0.021686001854004378 -0.009996925828832381 0.048856874879170675
v 0.019186764674750112 -0.014523327563600308 0.04880019991920337
v 0.01764229667536643 -0.016631617382366626 0.04881477969284509
v 0.01750972068029988 -0.016506628820521785 0.04880019991920337
v 0.01903970999552418 -0.014412009923730484 0.048856874879170675
v 0.02048217298518007 -0.012276042567638812 0.048856874879170675
v 0.022637190940321128 -0.007601452711666068 0.048856874879170675
v 0.01157611615805132 -0.021655697897486892 0.04906058353752796
v 0.011581128670496432 -0.021717728692669525 0.04924487157118351
v 0.013670957260968897 -0.020466822642654092 0.04924486394178862
v 0.009411302059866844 -0.022742140896477858 0.049244879200578406
v 0.015862741270102343 -0.01857177822586209 0.04890420001569584
v 0.015948190492910963 -0.018671826295799665 0.04906058353752796
v 0.017401671282467612 -0.017406163088711235 0.04924485249769628
v 0.015605946328400844 -0.019032328555964595 0.04924486012709117
v 0.013842794122158053 -0.020282017717494494 0.04906058353752796
v 0.01151409299226358 -0.021539662430549722 0.04890420001569584
v 0.013768625913374022 -0.02017334270928095 0.04890420001569584
v 0.009174645859661434 -0.022777228483593648 0.04906058353752796
v 0.006666107017520295 -0.02363324468330985 0.04906058353752796
v 0.004791611899037096 -0.024141431047779438 0.04924489827406564
v 0.007110653261321875 -0.023562918828529122 0.04924489064467075
v -0.0012039831256523137 -0.024525647374622483 0.04906058353752796
v -0.0023707953625456968 -0.02449766275415266 0.04924492116225032
v -1.9936727841173365e-06 -0.024612183786203445 0.04924491353285543
v 0.004079957202149376 -0.024214080053305276 0.04906058353752796
v 0.0023674842051618628 -0.024498145313379682 0.049244905903460534
v 0.0014463641138417332 -0.024512629719585233 0.04906058353752796
v 0.0066303928663488665 -0.023506611986865433 0.04890420001569584
v 0.001438618609094569 -0.024381285871794 0.04890420001569584
v -0.0011975274654793533 -0.02439423486227721 0.04890420001569584
v 0.0040581004162906775 -0.024084336471092982 0.04890420001569584
v -0.003840321246400824 -0.024252959449683198 0.04906058353752796
v 0.009125490622036159 -0.022655182960829023 0.04890420001569584
v 0.015746865066783577 -0.018436104696468725 0.04881477969284509
v 0.011429985589281877 -0.021382308068217393 0.04881477969284509
v 0.00905883164517618 -0.0224896804047503 0.04881477969284509
v 0.01366804760049134 -0.02002596950281821 0.04881477969284509
v 0.015628532198309064 -0.018297556792549186 0.04880019991920337
v 0.01356533782541025 -0.019875472059146526 0.04880019991920337
v 0.011344093861569426 -0.02122161966031655 0.04880019991920337
v 0.004028460693966118 -0.02390839308810233 0.04881477969284509
v -0.0037918290508755226 -0.023946780388509614 0.04881477969284509
v -0.0038197395231637232 -0.02412300605911133 0.04890420001569584
v -0.0011887730924668022 -0.024216027456351874 0.04881477969284509
v 0.001428115197302654 -0.024203173833304836 0.04881477969284509
v 0.008990760276586518 -0.022320670234369233 0.04880019991920337
v 0.0065819619444013044 -0.02333488956659968 0.04881477969284509
v 0.003998192738655787 -0.02372872083835742 0.04880019991920337
v 0.0014173891025472812 -0.024021285244343327 0.04880019991920337
v 0.006532504392003369 -0.023159526017620946 0.04880019991920337
v -0.0037633270620644754 -0.023766818221758745 0.04880019991920337
v -0.0011798332297908998 -0.02403404159260547 0.04880019991920337
v -0.004794633616252153 -0.024140504076299862 0.04924493260634266
v 0.017375519624120983 -0.01638011056500077 0.048856874879170675
v 0.023740369017011265 -0.0025736023217939885 0.048856874879170675
v 0.023879571141542932 -4.745514841333493e-09 0.04885724109012557
v 0.023171746400891813 -0.005083865407181087 0.0489882263563568
v 0.023877701939793994 -4.745514841333493e-09 0.048857820924137485
v 0.02358473126853 -0.0025567296765681424 0.0489882263563568
v 0.02372769087004678 -4.745515750828238e-09 0.048982248725457644
v 0.023724177533698265 -4.745515750828238e-09 0.04898889774310744
v 0.023084153318118084 -0.0050646469614440415 0.04916657109139022
v 0.0224887839508503 -0.007551617027383717 0.0489882263563568
v 0.02154383189485909 -0.00993138551199868 0.0489882263563568
v 0.018914889280366998 -0.014317523682670363 0.0489882263563568
v 0.020347895635052238 -0.012195560080905943 0.0489882263563568
v 0.021462393826415793 -0.009893842213401505 0.04916657109139022
v 0.01726161085101041 -0.016272721109826804 0.0489882263563568
v 0.015508749744804762 -0.018157311348265814 0.048856874879170675
v 0.015407078521103568 -0.018038269899740556 0.0489882263563568
v 0.02027097989043214 -0.01214945755491248 0.04916657109139022
v 0.013461369200171713 -0.019723132116608033 0.048856874879170675
v 0.022403773418248063 -0.00752307021587767 0.04916657109139022
v 0.023495577974500526 -0.00254706466374946 0.04916657109139022
v 0.023635499169500918 -4.7455162055756105e-09 0.04916678471444724
v 0.023165393022294145 -0.004603834370892068 0.04934861608294705
v 0.022609526754436837 -0.006829274501924387 0.0493486198976445
v 0.02350467221321373 -0.0023150762227074073 0.04934861608294705
v 0.021821269118119657 -0.009036619615617747 0.049348623712341944
v 0.02083754066258159 -0.011118629983672967 0.04934862752703939
v 0.01719636045118267 -0.01621120529879949 0.04916657109139022
v 0.018843390406121374 -0.014263399801620613 0.04916657109139022
v 0.01963661668586303 -0.013123626378648834 0.04934863134173684
v 0.016698489028609265 -0.016702765304447142 0.04934864278582918
v 0.018259495648773605 -0.014980075594022702 0.049348635156434284
v 0.015348839535183068 -0.017970080275530043 0.04916657109139022
v 0.013373120943111494 -0.019593827224602123 0.0489882263563568
v 0.011257151184710379 -0.021058960961184425 0.048856874879170675
v 0.008921854442930366 -0.022149586775925822 0.048856874879170675
v 0.013322570479895046 -0.019519757244277347 0.04916657109139022
v 0.008863368455350185 -0.022004372688217977 0.0489882263563568
v 0.01118335395525305 -0.02092089752384063 0.0489882263563568
v 0.011141081385496188 -0.020841811216373296 0.04916657109139022
v 0.0064824407795485706 -0.022982014793979655 0.048856874879170675
v 0.006439946957339793 -0.02283134187422542 0.0489882263563568
v 0.0039675540424373434 -0.023546845600836974 0.048856874879170675
v 0.0014065315199392886 -0.023837168872072878 0.048856874879170675
v -0.0011707836945634015 -0.02384982794555013 0.048856874879170675
v 0.006415605372931676 -0.022745034344491266 0.04916657109139022
v 0.003941547819430874 -0.023392470517210606 0.0489882263563568
v 0.0013973156877449683 -0.02368089025442055 0.0489882263563568
v -0.001163102443626357 -0.02369346540455397 0.0489882263563568
v -0.003734475551599864 -0.023584653067232342 0.048856874879170675
v 0.008829864921349184 -0.021921191303041487 0.04916657109139022
v 0.014975331064073227 -0.01826321688613297 0.04934865041522407
v 0.009031017732417101 -0.021823111616986468 0.049348669488711305
v 0.006823339786371507 -0.022610722662086413 0.0493486771181062
v 0.013118535664906061 -0.01963974092307197 0.04934865422992152
v 0.011113159707534237 -0.020840098417219677 0.04934866185931641
v 0.004598013142588231 -0.02316585460068521 0.04934868474750109
v 0.003926650949063887 -0.0233040401083473 0.04916657109139022
v 0.0013920365041064642 -0.02359137074943618 0.04916657109139022
v -0.0011587025477493434 -0.023603898215851515 0.04916657109139022
v 0.002271996606021953 -0.023508141680541605 0.049348692376895986
v -0.0022748125679934728 -0.02350770680503267 0.04934870763568577
v -1.3670060501595077e-06 -0.023617585350290682 0.04934870000629088
v -0.0036959587898979795 -0.023341458475603094 0.04916657109139022
v -0.0037099866245028645 -0.02343003002827193 0.0489882263563568
v -0.006431960888234889 -0.0236975909998427 0.04906058353752796
v -0.006397492712617026 -0.02357061498062807 0.04890420001569584
v -0.007113782266902624 -0.02356148450228912 0.049244940235737555
v -0.00894876427239455 -0.022866259707304826 0.04906058353752796
v -0.009414219349739295 -0.022740250713892962 0.04924494786513245
v -0.00635075074796404 -0.02339842335257636 0.04881477969284509
v -0.011300333559808307 -0.021651673391680504 0.04890420001569584
v -0.011361214223710725 -0.021768313488162994 0.04906058353752796
v -0.00890081066446502 -0.02274373734735935 0.04890420001569584
v -0.008835781517089192 -0.02257758629271467 0.04881477969284509
v -0.0115839658517225 -0.021715325433278032 0.04924495549452734
v -0.013673532181745496 -0.02046400548858962 0.049244963123922236
v -0.013641329459573859 -0.020416960732326794 0.04906058353752796
v -0.017403670183929743 -0.017402518145300805 0.04924497456801458
v -0.015608280923238294 -0.019029086063134804 0.04924497075331713
v -0.015762334618604767 -0.018827597558691567 0.04906058353752796
v -0.019030014941963103 -0.015606944825457547 0.04924498219740947
v -0.017699826127561824 -0.017019015166880314 0.04906058353752796
v -0.013568231273423659 -0.02030756283894708 0.04890420001569584
v -0.01567787244876051 -0.01872671407001314 0.04890420001569584
v -0.01943102356696702 -0.01501193785444721 0.04906058353752796
v -0.017604981304941703 -0.016927822917065516 0.04890420001569584
v -0.019326903307504972 -0.014931500190409341 0.04890420001569584
v -0.020464701670873664 -0.013672074967320813 0.04924498601210692
v -0.011217775877664371 -0.021493502684094556 0.04881477969284509
v -0.006303018392486426 -0.02322258296641677 0.04880019991920337
v -0.013469105406593851 -0.020159209255240507 0.04881477969284509
v -0.011133467249392348 -0.021331976950104137 0.04880019991920337
v -0.00876937335658634 -0.02240791427232658 0.04880019991920337
v -0.0062547009577879065 -0.023044587276199735 0.048856874879170675
v -0.013367877641470849 -0.02000771236083776 0.04880019991920337
v -0.011048124838112239 -0.021168473295487544 0.048856874879170675
v -0.008702151711852957 -0.022236163241829976 0.048856874879170675
v -0.015563334250571215 -0.018589909482826794 0.04881477969284509
v -0.015446368951131384 -0.01845020572558087 0.04880019991920337
v -0.017476366873173665 -0.016804159962583443 0.04881477969284509
v -0.019185708003557345 -0.014822420824266436 0.04881477969284509
v -0.017345023025382433 -0.01667787631095541 0.04880019991920337
v -0.015327970279125913 -0.018308789169181328 0.048856874879170675
v -0.019041520069462692 -0.014711029751470761 0.04880019991920337
v -0.02051626493626224 -0.012572940469924299 0.04880019991920337
v -0.02067162039713244 -0.012668141966755697 0.04881477969284509
v -0.018895565930450164 -0.014598273970663489 0.048856874879170675
v -0.01721207128261737 -0.016550043892163968 0.048856874879170675
v -0.020823750531311358 -0.012761367450309646 0.04890420001569584
v -0.013265410099677633 -0.019854357708778414 0.048856874879170675
v -0.020935933153827246 -0.012830114020347394 0.04906058353752796
v -0.022196757417204394 -0.010498776934517173 0.04906058353752796
v -0.022740431912021686 -0.00941261526946291 0.04924499364150181
v -0.02171579464106399 -0.011582385613305157 0.049244989826804364
v -0.02319905581991355 -0.008045108223613817 0.04906058353752796
v -0.02356141202303763 -0.007112091402259324 0.04924499745619926
v -0.024140158846180926 -0.004793033350673215 0.049245001270896704
v -0.02393105048358768 -0.005497576974682894 0.04906058353752796
v -0.023074746274214242 -0.008002001188790464 0.04890420001569584
v -0.023802819428913047 -0.005468119880998601 0.04890420001569584
v -0.022077817058161475 -0.010442522544943378 0.04890420001569584
v -0.024384181227156132 -0.0028860839784054793 0.04906058353752796
v -0.02455324289595273 -0.0002410609836635269 0.04906058353752796
v -0.024611355996857487 -3.4602214152133407e-09 0.049245001270896704
v -0.024497092456884362 -0.002369009368884817 0.049245001270896704
v -0.02443613168433556 0.0024067312430062215 0.04906058353752796
v -0.024323659144813714 0.0037522589558411368 0.049245001270896704
v -0.02454128763415442 0.0018551217006623766 0.049245001270896704
v -0.024421677795709584 -0.00023976935094989493 0.04890420001569584
v -0.024034430691745046 0.005026536226601652 0.04906058353752796
v -0.023947962944718126 0.005675401003514824 0.049245001270896704
v -0.023905644598591902 0.004999602555278426 0.04890420001569584
v -0.024305194101822414 0.0023938354198686784 0.04890420001569584
v -0.023406718412174454 0.0076054533756134135 0.04924500508559415
v -0.02425352021020788 -0.002870619910211869 0.04890420001569584
v -0.021916525928064035 -0.010366236225402004 0.04881477969284509
v -0.023628926445800058 -0.005428173323009933 0.04881477969284509
v -0.02407633514319829 -0.0028496490878351932 0.04881477969284509
v -0.02290617097934211 -0.007943543811441134 0.04881477969284509
v -0.021751814921705526 -0.010288333427817542 0.04880019991920337
v -0.02273402322031104 -0.007883847611095951 0.04880019991920337
v -0.023451346557604724 -0.005387380379025253 0.04880019991920337
v -0.02412763137976559 0.0023763476546795337 0.04881477969284509
v -0.023057755611786135 0.007492070077076141 0.04881477969284509
v -0.02373100012008189 0.004963079211411092 0.04881477969284509
v -0.023895394506552314 -0.0028282338532059637 0.04880019991920337
v -0.0242432624887734 -0.00023801779387416962 0.04881477969284509
v -0.023552653477699748 0.004925781007124874 0.04880019991920337
v -0.023946303551328763 0.0023584891485822768 0.04880019991920337
v -0.02406106681666742 -0.00023622911800414738 0.04880019991920337
v -0.022884467258218466 0.007435766573272717 0.04880019991920337
v -0.020359005941366082 -0.012476571675674175 0.048856874879170675
v -0.006213689145537216 -0.02289350618381869 0.0489882263563568
v -0.0109756875482947 -0.021029690787675026 0.0489882263563568
v -0.008645094328466607 -0.02209038267155128 0.0489882263563568
v -0.006190196808148196 -0.022806962142842835 0.04916657109139022
v -0.013178435951564649 -0.019724190695149524 0.0489882263563568
v -0.010934193176816986 -0.020950192492883435 0.04916657109139022
v -0.008612410954416672 -0.022006875129743086 0.04916657109139022
v -0.017099222995397012 -0.016441542452684255 0.0489882263563568
v -0.021585087847746376 -0.010209476002197015 0.048856874879170675
v -0.020225525863004634 -0.012394774071996517 0.0489882263563568
v -0.018771679816167453 -0.014502566072746026 0.0489882263563568
v -0.015169906383068477 -0.01811999788518981 0.04916657109139022
v -0.015227473028563976 -0.018188755899319897 0.0489882263563568
v -0.02144356829451577 -0.010142542367120866 0.0489882263563568
v -0.018700714999564383 -0.014447743148389147 0.04916657109139022
v -0.017034581039812036 -0.0163793876798346 0.04916657109139022
v -0.02255976593359188 -0.007823419942515342 0.048856874879170675
v -0.013128614095560542 -0.01964962861885411 0.04916657109139022
v -0.004600844601768128 -0.023164967683528825 0.04934871526508067
v -0.00903374905578902 -0.02182129772835051 0.0493487343385679
v -0.011115814736957219 -0.020837790525264355 0.049348741967962795
v -0.006826274719219649 -0.022609345556308114 0.04934872670917301
v -0.013120938924297554 -0.0196370382099309 0.04934874578266024
v -0.014977503534269188 -0.01826010409301637 0.049348753412055135
v -0.01670033915687097 -0.016699269134237138 0.04934876104145003
v -0.020149064067380706 -0.01234791909693167 0.04916657109139022
v -0.021362502159073538 -0.010104200843082944 0.04916657109139022
v -0.019637671449707073 -0.013119575169960318 0.04934877248554237
v -0.018260962399941905 -0.014976255174529718 0.049348764856147476
v -0.02083820823463478 -0.01111433177332477 0.04934877248554237
v -0.022411858669486584 -0.007772128951157031 0.0489882263563568
v -0.023271592291864707 -0.00534608770967504 0.048856874879170675
v -0.023712235623341016 -0.0028065561197086752 0.048856874879170675
v -0.02311901583808451 -0.005311038269533719 0.0489882263563568
v -0.022327132331844135 -0.0077427481514216745 0.04916657109139022
v -0.023556771443593583 -0.0027881561649925612 0.0489882263563568
v -0.023720095807430175 -0.00023288167629108292 0.0489882263563568
v -0.023876639546555056 -0.00023441850762380596 0.048856874879170675
v -0.023467717331697724 -0.0027776163943656063 0.04916657109139022
v -0.02303161730488057 -0.005290961040033959 0.04916657109139022
v -0.02376275556897789 0.0023404120126375993 0.048856874879170675
v -0.02337212101368058 0.004888026469656581 0.048856874879170675
v -0.023606959510552583 0.0023250681074135637 0.0489882263563568
v -0.02321888652459081 0.0048559801500802635 0.0489882263563568
v -0.023630425621896656 -0.00023200134544825932 0.04916657109139022
v -0.02182143887215604 -0.00903224320397189 0.04934878011493726
v -0.02316460147257393 -0.004599343518322807 0.04934878392963471
v -0.023507109804882242 -0.002273275721759588 0.04934878392963471
v -0.022609240652128326 -0.0068246858977330516 0.04934878011493726
v -0.023616757560944723 -3.4106348522227436e-09 0.04934878392963471
v -0.023517716571133107 0.002316278567658925 0.04916657109139022
v -0.023549521611095914 0.0017801544319725332 0.04934878392963471
v -0.023131110336339633 0.004837623349129017 0.04916657109139022
v -0.022980172295112844 0.005446052809943147 0.04934878392963471
v -0.023340687906718838 0.003600626878097618 0.04934878392963471
v 0.02257585632742254 0.006939339490520113 0.04934862752703939
v 0.021946507542647264 0.00872795241803448 0.049348623712341944
v 0.017114756443400436 0.005260713827140995 0.049852350695496206
v 0.020307845126558144 0.012058866119945555 0.04934862752703939
v 0.015904766838199524 0.00822367325742479 0.049852350695496206
v 0.021199002319154392 0.010412869948014936 0.04934862752703939
v 0.016581559015120817 0.006755889736628495 0.049852350695496206
v 0.01690266880210123 0.016496069737989005 0.04934864278582918
v 0.013047979974604162 0.012261392222094325 0.049852350695496206
v 0.01815474405688411 0.015107010605239779 0.04934863897113173
v 0.019288491211564285 0.013630019835318419 0.049348635156434284
v 0.015086008788446348 0.009643814544970652 0.049852350695496206
v 0.014130686477445975 0.010996131465586534 0.049852350695496206
v 0.017114718296425968 0.0052607019062114735 0.04985235451019365
v 0.010164775377515256 0.006497888873696622 0.05021215677337709
v 0.01071644547818107 0.005541014934509758 0.05021215677337709
v 0.01185059889813933 0.013422185581672408 0.049852350695496206
v 0.007984794519119431 0.009043711138171373 0.05021215677337709
v 0.015543535017147891 0.017782338033336398 0.049348646600526624
v 0.014091904355852947 0.018953486389133856 0.04934865041522407
v 0.010554294133809372 0.014463702888832253 0.049852350695496206
v 0.007111358980349536 0.009745473370905144 0.05021215677337709
v 0.008791575849401156 0.00826158276697686 0.05021215677337709
v 0.009521090006060495 0.007409064644819385 0.05021215677337709
v 0.012553492188666082 0.020005587574359884 0.049348658044618965
v 0.00917717405039431 0.015374368444171504 0.049852350695496206
v 0.010922999900833674 0.020940360110214273 0.04934866185931641
v 0.006259733974231796 0.016775187335474895 0.049852350695496206
v 0.009248101673697273 0.021732005197864224 0.049348669488711305
v 0.007489751217865659 0.02239883338505444 0.04934867330340875
v 0.007738887677605499 0.01614624100128026 0.049852350695496206
v 0.0032581810114599985 0.017606097103944895 0.049852350695496206
v 0.005696276458455329 0.02292057527690128 0.049348680932803646
v 0.003886024421255324 0.023295834694139206 0.04934868856219854
v 0.00031767062861584247 0.01790220917855634 0.049852350695496206
v 0.002007957315450365 0.0235320903511127 0.049348692376895986
v 0.0001802255596886418 0.02361689489005281 0.04934870000629088
v -0.00112109892924879 0.017869894876484382 0.049852350695496206
v -0.0016363336625071362 0.023560769246517843 0.04934870763568577
v 0.0047597997065165765 0.017260796413105517 0.049852350695496206
v 0.001772346223136087 0.017817095649123038 0.049852350695496206
v 0.005214371452045563 0.01087914804633383 0.05021215677337709
v 0.0032070969674381777 0.011630121783480218 0.05021215677337709
v 0.0042177350140218395 0.011302924693049055 0.05021215677337709
v 0.0011941857905159448 0.012004950139906656 0.05021215677337709
v -0.0007553835869995515 0.012040525054621276 0.05021215677337709
v -0.0025947903435065423 0.017716011888828653 0.049852350695496206
v -0.0017483394976382238 0.011936840624342526 0.05021215677337709
v 0.00021404248002559502 0.012062298393973325 0.05021215677337709
v 0.002195324048364089 0.011862782088110091 0.05021215677337709
v -0.0035053667302929747 0.023355874217254602 0.04934871145038322
v 0.006183471973386645 0.010359069362573803 0.05021215677337709
v 0.011531721662839667 0.0035446070924168016 0.05021215677337709
v 0.011172459179344951 0.0045520393626335975 0.05021215677337709
v 0.0056452729999170725 0.0023000761170907658 0.0504280419459846
v 0.0115316959136319 0.0035445992246033176 0.05021215677337709
v 0.005414856214223107 0.002799790276949571 0.0504280419459846
v 0.004810861816028078 0.003743687330678147 0.0504280419459846
v 0.004442249032254042 0.004174451549441571 0.0504280419459846
v 0.0051361057813664734 0.0032832843432645253 0.0504280419459846
v 0.004034594727460594 0.004569649436559631 0.0504280419459846
v 0.005826803007318582 0.0017910360948581588 0.0504280419459846
v 0.005826789655877518 0.0017910320417421216 0.0504280419459846
v 0.0 -8.759924625696645e-16 0.05050000239862129
v 0.0 -8.759924625696645e-16 0.05050000239862129
v 0.0 -8.759924625696645e-16 0.05050000239862129
v 0.0 -8.759924625696645e-16 0.05050000239862129
v 0.0 -8.759924625696645e-16 0.05050000239862129
v 0.0 -8.759924625696645e-16 0.05050000239862129
v 0.0 -8.759924625696645e-16 0.05050000239862129
v 0.0035932611741650022 0.004924239392519181 0.0504280419459846
v 0.0031244141155342686 0.005234279881183301 0.0504280419459846
v 0.002131157022611241 0.005711195263332636 0.0504280419459846
v 0.0026347423851227902 0.005497067712573744 0.0504280419459846
v 0.001109263592001461 0.0059940827355703385 0.0504280419459846
v 0.00010815227545403483 0.006094895175508819 0.0504280419459846
v -0.0003816839339825136 0.006083893588072209 0.0504280419459846
v 0.0006034037161372491 0.006065918256865643 0.0504280419459846
v 0.0016204970652659856 0.005876523297003167 0.0504280419459846
v 0.0 -8.759924625696645e-16 0.05050000239862129
v 0.0 -8.759924625696645e-16 0.05050000239862129
v 0.0 -8.759924625696645e-16 0.05050000239862129
v 0.0 -8.759924625696645e-16 0.05050000239862129
v 0.0 -8.759924625696645e-16 0.05050000239862129
v 0.0 -8.759924625696645e-16 0.05050000239862129
v 0.0 -8.759924625696645e-16 0.05050000239862129
v 0.0 -8.759924625696645e-16 0.05050000239862129
v -0.0008834094228724748 0.006031503487012035 0.0504280419459846
v 0.0 -8.759924625696645e-16 0.05050000239862129
v -0.005336503282339922 0.023006575723490963 0.04934872289447556
v -0.004091394141932103 0.017431307666931906 0.049852350695496206
v -0.005594325331328975 0.017008631560430088 0.049852350695496206
v -0.007129190306727484 0.022515606995947568 0.04934872670917301
v -0.008907499736438007 0.021873082246191 0.0493487343385679
v -0.008544108796631478 0.01573493555419303 0.049852350695496206
v -0.010589137580288566 0.021110257197751725 0.04934873815326535
v -0.012229955300435136 0.02020391750931716 0.04934874578266024
v -0.007085142472146311 0.016443562334982342 0.049852350695496206
v -0.01378992813759139 0.019173022227197967 0.04934874959735769
v -0.00995091390190328 0.014885204068520452 0.049852350695496206
v -0.003769391000493366 0.011460216112873511 0.05021215677337709
v -0.005756920611116045 0.010602015045194646 0.05021215677337709
v -0.004773885953676116 0.011079479743776321 0.05021215677337709
v -0.016637148693664505 0.01676209529383743 0.04934876104145003
v -0.012528986572267753 0.012791187893925748 0.049852350695496206
v -0.01525827480309827 0.018026205919065008 0.04934875722675258
v -0.017911724941337415 0.01539237763081791 0.049348764856147476
v -0.011285507738181266 0.01390062302810302 0.049852350695496206
v -0.007604042414395273 0.009366076914286148 0.05021215677337709
v -0.008441884441800496 0.008618552617306041 0.05021215677337709
v -0.01366445320182208 0.011570337845093759 0.049852350695496206
v -0.0067048090304669405 0.010029475688471678 0.05021215677337709
v -0.0027567335484487976 0.011745010933834621 0.05021215677337709
v -0.014677771311780718 0.0102544150454692 0.049852350695496206
v -0.019069979619764643 0.013931781476848593 0.04934876867084492
v -0.02011087703858938 0.012381819359467139 0.04934877248554237
v -0.016298470317592795 0.0074128159229211454 0.049852350695496206
v -0.02103055481664673 0.010745742354572596 0.049348776300239816
v -0.021806889616093894 0.009067175342166722 0.04934878011493726
v -0.015558143401020463 0.008861951295248693 0.049852350695496206
v -0.017846556557504778 0.0014458280296411608 0.049852350695496206
v -0.023549521611095914 0.0017801544319725332 0.04934878392963471
v -0.017903809444135277 -2.968549238202748e-09 0.04985244224823493
v -0.023340687906718838 0.003600626878097618 0.04934878392963471
v -0.022460799330380476 0.007298110354881371 0.04934878774433216
v -0.016895462838624198 0.005927338404854987 0.049852350695496206
v -0.009889709942392244 0.006909304470172628 0.05021215677337709
v -0.010981718584958111 0.004994668244130973 0.05021215677337709
v -0.010482894441697366 0.00597107820261733 0.05021215677337709
v -0.017349507202231162 0.004425449581535457 0.049852350695496206
v -0.017664339904562842 0.002925933976865025 0.049852350695496206
v -0.011902024834419822 0.001971459720790797 0.05021215677337709
v -0.022980172295112844 0.005446052809943147 0.04934878392963471
v -0.01202479991807115 0.0009741816983402374 0.05021215677337709
v -0.011689894277774338 0.0029818159566005753 0.05021215677337709
v -0.011383964125609158 0.003993771027477749 0.05021215677337709
v -0.023616757560944723 -3.4106348522227436e-09 0.04934878392963471
v -0.00920694871764105 0.007795957458758551 0.05021215677337709
v -0.0013929354614016648 0.005934574409074411 0.0504280419459846
v -0.002412171955239739 0.0055982916629993 0.0504280419459846
v -0.0019046159695232379 0.005790672100451089 0.0504280419459846
v -0.0033878378093053774 0.005067741157910588 0.0504280419459846
v -0.004265555584377911 0.004354822842493611 0.0504280419459846
v -0.00465213082475463 0.003939178415479222 0.0504280419459846
v -0.003842206899032502 0.00473253558702702 0.0504280419459846
v -0.0029088841866264925 0.005357036368184576 0.0504280419459846
v 0.0 -8.759924625696645e-16 0.05050000239862129
v 0.0 -8.759924625696645e-16 0.05050000239862129
v 0.0 -8.759924625696645e-16 0.05050000239862129
v 0.0 -8.759924625696645e-16 0.05050000239862129
v 0.0 -8.759924625696645e-16 0.05050000239862129
v 0.0 -8.759924625696645e-16 0.05050000239862129
v 0.0 -8.759924625696645e-16 0.05050000239862129
v 0.0 -8.759924625696645e-16 0.05050000239862129
v -0.0049971196640777316 0.003491166042210031 0.0504280419459846
v -0.005296846641357211 0.0030170947554258865 0.0504280419459846
v -0.005752143656238273 0.0020179914002470267 0.0504280419459846
v -0.005548894668923332 0.002523729444211531 0.0504280419459846
v -0.0060759480501276775 0.0004922390217931838 0.0504280419459846
v -0.012063367462932795 -2.2527482248256253e-09 0.05021219873504901
v -0.006013911532898875 0.000996148395169122 0.0504280419459846
v -0.00590672521036395 0.0015066658974065977 0.0504280419459846
v 0.0 -8.759924625696645e-16 0.05050000239862129
v 0.0 -8.759924625696645e-16 0.05050000239862129
v 0.0 -8.759924625696645e-16 0.05050000239862129
v 0.0 -8.759924625696645e-16 0.05050000239862129
v -0.006095431140500096 -1.2632322668387485e-09 0.0504280495753795
v 0.0 -8.759924625696645e-16 0.05050000239862129
v 0.0 -8.759924625696645e-16 0.05050000239862129
v 0.0 -8.759924625696645e-16 0.05050000239862129
v 0.0 -8.759924625696645e-16 0.05050000239862129
v -0.017541325448646727 -0.0035909640110462493 0.04985234688079876
v -0.02316460147257393 -0.004599343518322807 0.04934878392963471
v -0.022609240652128326 -0.0068246858977330516 0.04934878011493726
v -0.017905100719221023 -2.9686492826246947e-09 0.049852327807311525
v -0.023616757560944723 -3.4106348522227436e-09 0.04934878392963471
v -0.023507109804882242 -0.002273275721759588 0.04934878392963471
v -0.017817179572466868 -0.001772275055186845 0.04985234688079876
v -0.01546729542765024 -0.009019829224805598 0.04985234688079876
v -0.02083820823463478 -0.01111433177332477 0.04934877248554237
v -0.019637671449707073 -0.013119575169960318 0.04934877248554237
v -0.02182143887215604 -0.00903224320397189 0.04934878011493726
v -0.01706267819385654 -0.00542757823020823 0.04985234688079876
v -0.016372032943157144 -0.007249183522265723 0.04985234688079876
v -0.018260962399941905 -0.014976255174529718 0.049348764856147476
v -0.014354490008278709 -0.010702499897989881 0.04985234688079876
v -0.017903809444135277 -2.968549238202748e-09 0.04985244224823493
v -0.011819140041969822 -0.0024195498185204667 0.050212152958679646
v -0.012005006406693997 -0.0011941384644257452 0.050212152958679646
v -0.011496633122049515 -0.003657038862359685 0.050212152958679646
v -0.010421682852791436 -0.0060774558092935305 0.050212152958679646
v -0.013048087739807035 -0.012261421785999538 0.04985234688079876
v -0.009671886903481752 -0.007211219653275036 0.050212152958679646
v -0.01103128390255892 -0.004884415381685991 0.050212152958679646
v -0.008791648328652646 -0.008261602794138456 0.050212152958679646
v -0.01670033915687097 -0.016699269134237138 0.04934876104145003
v -0.008223905000294685 -0.01590477065289697 0.04985234688079876
v -0.011115814736957219 -0.020837790525264355 0.049348741967962795
v -0.00903374905578902 -0.02182129772835051 0.0493487343385679
v -0.009951140876401365 -0.014885212651589708 0.04985234688079876
v -0.013120938924297554 -0.0196370382099309 0.04934874578266024
v -1.3670060501595077e-06 -0.023617585350290682 0.04934870000629088
v 0.002271996606021953 -0.023508141680541605 0.049348692376895986
v 0.0007982160828160292 -0.017887301340934192 0.04985234688079876
v -0.0027603391527918075 -0.017691058045480323 0.04985234688079876
v -0.004600844601768128 -0.023164967683528825 0.04934871526508067
v -0.0022748125679934728 -0.02350770680503267 0.04934870763568577
v -0.004592705467928171 -0.01730608068649664 0.04985234688079876
v -0.006826274719219649 -0.022609345556308114 0.04934872670917301
v -0.006425492591876636 -0.01671247752414673 0.04985234688079876
v -0.0009594531514980909 -0.01787937821433716 0.04985234688079876
v -0.011570561958568759 -0.013664446526101548 0.04985234688079876
v -0.014977503534269188 -0.01826010409301637 0.049348753412055135
v -0.006704961618364813 -0.01002948236419221 0.050212152958679646
v -0.007796109092982062 -0.009206943949269242 0.050212152958679646
v -0.004329421249032461 -0.011260672150453788 0.050212152958679646
v -0.0018598839927968375 -0.011920027345345696 0.050212152958679646
v -0.000646468074032916 -0.012046916580193412 0.050212152958679646
v -0.003094510940667289 -0.011660634594682917 0.050212152958679646
v -0.005541170860267897 -0.010716448339204154 0.050212152958679646
v 0.0025947943966225795 -0.01771609390482376 0.04985234688079876
v 0.0017483422394520137 -0.011936896891129867 0.050212152958679646
v 0.000537828888212584 -0.012052254295595866 0.050212152958679646
v -0.012064247704368647 -2.2528562273265907e-09 0.05021214532928475
v -0.005972031400141853 -0.0012225617751019519 0.0504280419459846
v -0.0060659468670964944 -0.0006033800530921493 0.0504280419459846
v -0.005809073247260155 -0.0018478461189569417 0.0504280419459846
v -0.005265917551295629 -0.003070845988218801 0.0504280419459846
v -0.0055739395881732046 -0.0024680207947912203 0.0504280419459846
v -0.00488705705966791 -0.0036437196078055456 0.0504280419459846
v -0.006095880321124458 -1.263306731720993e-09 0.05042803431658971
v -0.006095431140500096 -1.2632322668387485e-09 0.0504280495753795
v 0.0 -8.759924625696645e-16 0.05050000239862129
v 0.0 -8.759924625696645e-16 0.05050000239862129
v 0.0 -8.759924625696645e-16 0.05050000239862129
v 0.0 -8.759924625696645e-16 0.05050000239862129
v 0.0 -8.759924625696645e-16 0.05050000239862129
v 0.0 -8.759924625696645e-16 0.05050000239862129
v 0.0 -8.759924625696645e-16 0.05050000239862129
v -0.004442286225554148 -0.00417446203985955 0.0504280419459846
v -0.003939255186265339 -0.004652128917405907 0.0504280419459846
v -0.002799869193503002 -0.0054148581215718306 0.0504280419459846
v -0.0033879150569286753 -0.005067744495770854 0.0504280419459846
v -0.0015636090782881334 -0.005891941350408825 0.0504280419459846
v -0.0003266503369986698 -0.006087123206298117 0.0504280419459846
v 0.0002717568705413488 -0.006089820674230195 0.0504280419459846
v -0.0009397709219980191 -0.006023008155797982 0.0504280419459846
v -0.0021875907029650365 -0.0056898463090715445 0.0504280419459846
v 0.0 -8.759924625696645e-16 0.05050000239862129
v 0.0 -8.759924625696645e-16 0.05050000239862129
v 0.0 -8.759924625696645e-16 0.05050000239862129
v 0.0 -8.759924625696645e-16 0.05050000239862129
v 0.0 -8.759924625696645e-16 0.05050000239862129
v 0.0 -8.759924625696645e-16 0.05050000239862129
v 0.0 -8.759924625696645e-16 0.05050000239862129
v 0.0 -8.759924625696645e-16 0.05050000239862129
v 0.0008834108533840174 -0.0060315320972428865 0.0504280419459846
v 0.0 -8.759924625696645e-16 0.05050000239862129
v 0.008062565232804797 -0.01598716239570197 0.04985234688079876
v 0.009031017732417101 -0.021823111616986468 0.049348669488711305
v 0.011113159707534237 -0.020840098417219677 0.04934866185931641
v 0.0062595518224287106 -0.016775334201326597 0.04985234688079876
v 0.006823339786371507 -0.022610722662086413 0.0493486771181062
v 0.013118535664906061 -0.01963974092307197 0.04934865422992152
v 0.009797792900062552 -0.014986593958284944 0.04985234688079876
v 0.012920226710784743 -0.012396079652197689 0.04985234688079876
v 0.016698489028609265 -0.016702765304447142 0.04934864278582918
v 0.018259495648773605 -0.014980075594022702 0.049348635156434284
v 0.011428484505836556 -0.013783494650347339 0.04985234688079876
v 0.014975331064073227 -0.01826321688613297 0.04934865041522407
v 0.01963661668586303 -0.013123626378648834 0.04934863134173684
v 0.0142432591527758 -0.010850091495881453 0.04985234688079876
v 0.004598013142588231 -0.02316585460068521 0.04934868474750109
v 0.004425456257255989 -0.01734960066231861 0.04985234688079876
v 0.0042176129437035415 -0.011303023875182672 0.050212152958679646
v 0.002981820724972384 -0.011689958173956572 0.050212152958679646
v 0.006601638153831968 -0.010097791197697936 0.050212152958679646
v 0.008705497201513812 -0.00835233346556219 0.050212152958679646
v 0.009596941450092933 -0.007310664047341653 0.050212152958679646
v 0.00770037926055428 -0.00928715749983211 0.050212152958679646
v 0.005432461996614513 -0.010771962677473268 0.050212152958679646
v 0.015374429479330654 -0.009177228409832927 0.04985234688079876
v 0.01700867733679945 -0.005594508436806422 0.04985234688079876
v 0.021821269118119657 -0.009036619615617747 0.049348623712341944
v 0.022609526754436837 -0.006829274501924387 0.0493486198976445
v 0.016298498927823646 -0.007413033837512795 0.04985234688079876
v 0.02083754066258159 -0.011118629983672967 0.04934862752703939
v 0.017506346580408172 -0.0037577897903018354 0.04985234688079876
v 0.023165393022294145 -0.004603834370892068 0.04934861608294705
v 0.02355262105277145 0.0017614215256948895 0.0493486198976445
v 0.0233550674087446 0.0035173446418573784 0.0493486122682496
v 0.017832674873495824 0.0016088559199605584 0.04985234688079876
v 0.017904400722239533 -0.00015855114915045744 0.04985234688079876
v 0.02350467221321373 -0.0023150762227074073 0.04934861608294705
v 0.023618403602893023 -4.7455162055756105e-09 0.04934861608294705
v 0.01780011643078727 -0.0019361566032692623 0.04985234688079876
v 0.023029656550392907 0.005240610371596288 0.04934861608294705
v 0.017574581980988047 0.003424436016610105 0.04985234688079876
v 0.010981737658445345 -0.004994815109982675 0.050212152958679646
v 0.011795571887469047 -0.002531954647162632 0.050212152958679646
v 0.011460247584127448 -0.003769514024486026 0.050212152958679646
v 0.012015447233605925 0.0010840285339257238 0.050212152958679646
v 0.011841547574772404 0.002307345261494259 0.050212152958679646
v 0.012063775635559604 -0.0001068296632248094 0.050212152958679646
v 0.011993509862263663 -0.0013045594119769771 0.050212152958679646
v 0.010359110370571356 -0.0061835091666867514 0.050212152958679646
v 0.0015066687584296828 -0.005906758112129429 0.0504280419459846
v 0.002744940411291974 -0.005442908545572611 0.0504280419459846
v 0.0021310957490335014 -0.005711245808073806 0.0504280419459846
v 0.003890884584221155 -0.004692659124103937 0.0504280419459846
v 0.004849188558113393 -0.003693967040993562 0.0504280419459846
v 0.005234300862019259 -0.003124432712184322 0.0504280419459846
v 0.004398755282477018 -0.0042203065969381726 0.0504280419459846
v 0.0033357073460901776 -0.005102259878269622 0.0504280419459846
v 0.0 -8.759924625696645e-16 0.05050000239862129
v 0.0 -8.759924625696645e-16 0.05050000239862129
v 0.0 -8.759924625696645e-16 0.05050000239862129
v 0.0 -8.759924625696645e-16 0.05050000239862129
v 0.0 -8.759924625696645e-16 0.05050000239862129
v 0.0 -8.759924625696645e-16 0.05050000239862129
v 0.0 -8.759924625696645e-16 0.05050000239862129
v 0.0 -8.759924625696645e-16 0.05050000239862129
v 0.005548905159341311 -0.002523803830811744 0.0504280419459846
v 0.005790688789752418 -0.0019046779583567486 0.0504280419459846
v 0.006060138036559359 -0.0006591738775538897 0.0504280419459846
v 0.005960122868387263 -0.00127935797092249 0.0504280419459846
v 0.005983353422163995 0.001165866549554459 0.0504280419459846
v 0.006071222593665437 0.0005477432272722044 0.0504280419459846
v 0.0060956419025340325 -5.397927644936644e-05 0.0504280419459846
v 0.0 -8.759924625696645e-16 0.05050000239862129
v 0.0 -8.759924625696645e-16 0.05050000239862129
v 0.0 -8.759924625696645e-16 0.05050000239862129
v 0.0 -8.759924625696645e-16 0.05050000239862129
v 0.0 -8.759924625696645e-16 0.05050000239862129
v 0.0 -8.759924625696645e-16 0.05050000239862129
v 0.0 -8.759924625696645e-16 0.05050000239862129
v 0.0 -8.759924625696645e-16 0.05050000239862129
f 1 2 3
f 4 3 5
f 6 7 1
f 8 9 5
f 5 3 8
f 10 11 5
f 12 13 7
f 14 15 16
f 16 6 14
f 12 6 16
f 17 18 12
f 17 16 19
f 12 16 17
f 12 7 6
f 20 1 3
f 21 22 23
f 24 25 21
f 26 23 27
f 28 29 30
f 29 31 30
f 24 28 32
f 33 34 26
f 32 28 30
f 25 24 32
f 21 25 22
f 22 27 23
f 27 33 26
f 34 33 35
f 34 35 5
f 35 10 5
f 20 6 1
f 36 37 38
f 39 37 40
f 41 42 39
f 43 44 45
f 46 47 43
f 48 44 42
f 49 50 47
f 50 49 51
f 49 47 46
f 43 45 46
f 48 42 41
f 40 41 39
f 44 48 45
f 50 51 52
f 40 37 36
f 20 53 54
f 55 56 54
f 57 53 20
f 4 5 11
f 4 58 20
f 54 56 20
f 20 3 4
f 59 60 61
f 56 6 20
f 62 60 59
f 63 56 55
f 56 64 62
f 56 62 59
f 59 6 56
f 59 36 38
f 6 59 38
f 65 66 67
f 68 69 70
f 68 71 72
f 72 71 66
f 73 74 75
f 76 69 74
f 77 78 75
f 79 80 81
f 82 83 84
f 85 81 83
f 86 87 88
f 86 88 89
f 90 89 91
f 84 87 92
f 78 73 75
f 93 78 77
f 76 74 73
f 71 94 66
f 70 71 68
f 76 70 69
f 94 67 66
f 79 95 80
f 81 85 79
f 85 83 82
f 92 82 84
f 95 96 80
f 87 97 92
f 86 97 87
f 89 90 86
f 96 95 93
f 77 96 93
f 91 98 90
f 99 100 101
f 102 103 104
f 102 101 103
f 105 106 107
f 107 108 109
f 104 106 110
f 108 111 112
f 113 114 115
f 116 117 118
f 114 117 115
f 119 118 120
f 121 122 123
f 120 121 124
f 113 125 111
f 126 122 127
f 108 112 109
f 109 105 107
f 110 106 105
f 91 99 98
f 99 101 128
f 102 128 101
f 110 102 104
f 125 113 115
f 111 125 129
f 129 112 111
f 124 119 120
f 130 121 123
f 124 121 130
f 122 126 123
f 116 115 117
f 119 116 118
f 99 91 100
f 131 132 133
f 134 135 136
f 137 132 136
f 138 139 140
f 141 142 131
f 141 140 142
f 143 134 144
f 145 146 147
f 148 149 150
f 151 147 149
f 152 153 154
f 152 154 155
f 156 155 157
f 158 150 153
f 143 135 134
f 159 143 144
f 137 136 135
f 141 138 140
f 133 132 137
f 141 131 133
f 138 126 139
f 145 160 146
f 147 151 145
f 151 149 148
f 158 148 150
f 160 161 146
f 162 153 152
f 162 158 153
f 155 156 152
f 161 160 159
f 144 161 159
f 157 163 156
f 164 165 166
f 167 168 165
f 169 168 167
f 170 171 166
f 170 172 173
f 174 169 175
f 172 176 177
f 178 179 180
f 181 182 183
f 179 182 180
f 184 185 186
f 185 187 188
f 184 189 183
f 190 176 178
f 188 187 191
f 192 175 169
f 170 173 171
f 177 173 172
f 171 164 166
f 163 174 175
f 192 169 167
f 164 167 165
f 190 178 180
f 193 176 190
f 177 176 193
f 184 186 189
f 194 186 185
f 188 194 185
f 191 195 188
f 180 182 181
f 181 183 189
f 174 163 157
f 196 197 198
f 199 200 196
f 201 202 203
f 199 202 204
f 201 203 205
f 197 200 206
f 200 197 196
f 204 200 199
f 200 204 207
f 201 208 209
f 208 201 205
f 210 208 205
f 208 210 211
f 204 202 201
f 204 201 212
f 205 213 210
f 198 197 214
f 215 216 217
f 218 219 220
f 219 221 220
f 222 223 218
f 213 224 225
f 225 224 217
f 213 225 210
f 226 227 216
f 217 224 215
f 221 228 226
f 217 216 227
f 225 217 229
f 222 230 231
f 210 225 232
f 206 233 197
f 200 207 206
f 197 233 214
f 212 207 204
f 201 209 212
f 208 211 209
f 227 234 217
f 211 210 232
f 229 217 234
f 235 234 227
f 225 229 232
f 227 228 235
f 228 236 237
f 236 228 221
f 219 236 221
f 236 219 238
f 223 231 239
f 231 223 222
f 240 231 230
f 231 240 241
f 219 218 223
f 219 223 242
f 236 238 237
f 238 219 242
f 239 231 241
f 243 241 240
f 242 223 239
f 244 243 245
f 245 243 240
f 228 237 235
f 227 226 228
f 240 230 246
f 247 248 249
f 250 246 248
f 251 252 253
f 249 252 254
f 251 253 255
f 250 256 244
f 250 245 246
f 247 250 248
f 250 247 256
f 254 251 257
f 251 254 252
f 258 251 255
f 251 258 259
f 247 249 254
f 247 254 260
f 255 261 258
f 246 245 240
f 262 263 264
f 265 266 267
f 264 263 267
f 268 269 265
f 261 270 271
f 270 261 255
f 271 270 272
f 261 271 273
f 274 275 276
f 275 274 272
f 276 277 278
f 271 272 274
f 262 279 277
f 268 280 281
f 258 261 282
f 256 247 260
f 260 254 257
f 251 259 257
f 278 274 276
f 279 278 277
f 283 274 278
f 284 271 274
f 285 278 279
f 259 258 282
f 282 261 273
f 283 284 274
f 285 283 278
f 271 284 273
f 279 286 285
f 287 288 264
f 264 288 262
f 266 264 267
f 289 264 266
f 290 269 281
f 281 269 268
f 291 281 280
f 266 269 292
f 266 265 269
f 293 281 291
f 286 288 287
f 287 264 289
f 269 290 292
f 292 289 266
f 290 281 293
f 294 293 291
f 288 286 279
f 279 262 288
f 250 244 245
f 295 296 297
f 298 299 295
f 300 301 302
f 303 298 301
f 304 302 305
f 306 299 307
f 306 295 299
f 299 298 303
f 299 303 308
f 302 304 300
f 300 303 301
f 304 309 310
f 304 305 309
f 311 312 309
f 300 304 313
f 311 309 305
f 303 300 314
f 296 295 306
f 315 316 317
f 318 317 316
f 319 320 321
f 322 315 321
f 323 319 324
f 312 325 326
f 325 312 311
f 326 325 327
f 312 326 328
f 327 329 330
f 330 318 331
f 318 330 329
f 329 317 318
f 327 330 326
f 326 330 332
f 324 333 334
f 309 312 335
f 296 336 337
f 296 306 336
f 336 306 307
f 307 299 308
f 338 308 303
f 314 300 313
f 335 310 309
f 332 328 326
f 335 312 328
f 304 339 313
f 310 339 304
f 331 318 340
f 331 332 330
f 322 316 315
f 322 341 316
f 342 322 320
f 323 320 319
f 334 323 324
f 343 320 323
f 322 321 320
f 344 323 334
f 341 340 316
f 342 341 322
f 345 343 323
f 346 344 334
f 345 323 344
f 342 320 343
f 346 334 347
f 340 318 316
f 334 333 347
f 348 349 350
f 351 352 350
f 353 351 354
f 355 354 356
f 357 356 358
f 347 348 359
f 348 347 349
f 352 348 350
f 348 352 360
f 353 355 361
f 355 353 354
f 357 362 363
f 362 357 358
f 355 356 357
f 355 357 364
f 352 351 353
f 352 353 365
f 358 366 362
f 349 347 333
f 366 367 368
f 367 369 370
f 371 369 372
f 373 372 374
f 370 369 371
f 367 370 368
f 375 376 374
f 377 378 375
f 368 370 379
f 380 381 382
f 381 383 384
f 377 380 385
f 386 383 387
f 366 368 362
f 362 368 388
f 357 363 364
f 364 361 355
f 388 368 389
f 388 363 362
f 373 371 372
f 390 371 373
f 365 353 361
f 365 360 352
f 359 348 360
f 379 370 391
f 389 368 379
f 371 390 391
f 373 392 390
f 371 391 370
f 393 376 378
f 378 376 375
f 385 378 377
f 394 378 385
f 395 382 384
f 384 382 381
f 386 384 383
f 385 382 396
f 385 380 382
f 397 384 386
f 376 393 392
f 393 378 394
f 385 396 394
f 382 395 396
f 384 397 395
f 386 398 397
f 376 392 373
f 373 374 376
f 347 359 346
f 399 400 401
f 402 403 404
f 404 405 399
f 406 407 408
f 409 410 411
f 412 408 413
f 402 407 414
f 413 410 415
f 416 417 418
f 419 420 421
f 422 418 420
f 423 424 425
f 426 427 428
f 429 428 430
f 421 424 431
f 411 417 432
f 427 426 425
f 403 405 404
f 402 414 403
f 414 407 406
f 412 406 408
f 433 434 401
f 433 401 400
f 405 400 399
f 415 412 413
f 420 419 422
f 423 431 424
f 419 421 431
f 418 422 416
f 410 435 415
f 432 409 411
f 410 409 435
f 417 416 432
f 426 423 425
f 428 429 426
f 430 436 429
f 437 438 439
f 440 441 442
f 442 443 437
f 444 445 440
f 446 447 448
f 449 450 448
f 446 451 452
f 453 444 450
f 454 455 456
f 457 458 459
f 460 456 458
f 461 462 463
f 464 465 466
f 463 465 467
f 459 462 461
f 451 455 468
f 469 466 470
f 441 440 445
f 444 453 445
f 449 448 447
f 471 453 450
f 471 450 449
f 436 439 438
f 437 443 438
f 441 443 442
f 460 458 457
f 461 463 467
f 461 457 459
f 469 464 466
f 467 465 464
f 452 447 446
f 468 455 454
f 469 470 472
f 460 454 456
f 451 468 452
f 439 436 430
f 473 386 474
f 475 476 473
f 477 478 479
f 480 475 478
f 481 479 482
f 483 476 484
f 476 483 473
f 480 476 475
f 476 480 485
f 477 481 486
f 481 477 479
f 487 481 482
f 481 487 488
f 480 478 477
f 480 477 489
f 482 490 487
f 386 473 483
f 491 492 493
f 493 494 495
f 496 497 498
f 499 491 498
f 500 501 496
f 490 502 503
f 504 503 502
f 490 503 487
f 505 506 507
f 504 502 506
f 495 508 507
f 501 500 509
f 487 503 510
f 483 511 386
f 511 483 484
f 489 477 486
f 489 485 480
f 505 504 506
f 512 504 505
f 503 504 513
f 476 485 484
f 486 481 488
f 510 503 513
f 512 513 504
f 487 510 488
f 505 514 512
f 508 494 515
f 494 508 495
f 492 494 493
f 494 492 516
f 499 497 517
f 497 499 498
f 501 497 496
f 497 501 518
f 492 491 499
f 492 499 519
f 514 508 515
f 515 494 516
f 519 516 492
f 518 517 497
f 501 520 518
f 519 499 517
f 520 501 509
f 508 514 505
f 505 507 508
f 509 500 521
f 509 521 522
f 522 521 523
f 524 525 523
f 526 524 527
f 528 527 529
f 530 529 531
f 522 525 532
f 525 522 523
f 526 525 524
f 525 526 533
f 528 530 534
f 530 528 529
f 535 530 531
f 530 535 536
f 526 527 528
f 526 528 537
f 531 538 535
f 509 522 539
f 538 540 541
f 540 542 543
f 544 542 545
f 546 545 547
f 543 542 544
f 540 543 541
f 548 549 547
f 550 551 548
f 541 543 552
f 553 554 555
f 554 556 557
f 550 553 558
f 296 556 297
f 538 541 535
f 535 541 559
f 536 535 559
f 559 541 552
f 560 544 561
f 560 552 543
f 561 544 546
f 534 530 536
f 539 562 509
f 532 539 522
f 537 533 526
f 525 533 532
f 537 528 534
f 544 560 543
f 546 549 563
f 549 546 547
f 551 549 548
f 549 551 564
f 558 555 565
f 555 558 553
f 557 555 554
f 555 557 566
f 551 550 558
f 551 558 567
f 551 567 564
f 564 563 549
f 555 566 565
f 565 567 558
f 566 557 568
f 296 568 557
f 557 556 296
f 546 563 561
f 544 545 546
f 509 562 520
f 569 570 571
f 572 573 569
f 574 575 576
f 572 575 577
f 574 576 578
f 571 570 579
f 569 573 570
f 570 573 580
f 579 570 581
f 577 574 582
f 573 572 577
f 577 575 574
f 574 583 584
f 578 583 574
f 573 577 585
f 578 586 583
f 587 588 589
f 590 591 592
f 591 593 592
f 594 595 590
f 586 596 597
f 596 586 578
f 597 596 588
f 586 597 598
f 599 600 601
f 600 587 589
f 587 597 588
f 593 602 601
f 594 603 604
f 583 586 605
f 577 582 585
f 570 580 581
f 573 585 580
f 584 583 605
f 584 582 574
f 599 587 600
f 606 587 599
f 597 587 607
f 598 605 586
f 597 607 598
f 607 587 606
f 599 608 606
f 599 602 608
f 602 609 610
f 609 602 593
f 591 609 593
f 609 591 611
f 595 604 612
f 604 595 594
f 613 604 603
f 604 613 614
f 591 590 595
f 591 595 615
f 609 611 610
f 611 591 615
f 612 604 614
f 616 614 613
f 615 595 612
f 617 616 618
f 618 616 613
f 602 610 608
f 599 601 602
f 613 603 619
f 620 621 622
f 623 619 621
f 624 625 626
f 622 625 627
f 624 626 628
f 623 629 617
f 623 618 619
f 620 623 621
f 623 620 629
f 627 624 630
f 624 627 625
f 631 624 628
f 624 631 632
f 620 622 627
f 620 627 633
f 628 634 631
f 619 618 613
f 635 636 637
f 638 639 640
f 636 640 637
f 641 642 638
f 634 643 644
f 643 634 628
f 644 643 645
f 634 644 646
f 647 648 649
f 648 647 645
f 649 650 651
f 644 645 647
f 635 652 650
f 641 653 654
f 631 634 655
f 629 620 633
f 633 627 630
f 624 632 630
f 651 647 649
f 652 651 650
f 656 647 651
f 657 644 647
f 658 651 652
f 632 631 655
f 655 634 646
f 656 657 647
f 658 656 651
f 644 657 646
f 652 659 658
f 660 661 637
f 637 661 635
f 639 637 640
f 662 637 639
f 663 642 664
f 664 642 641
f 654 664 641
f 639 642 665
f 639 638 642
f 666 664 654
f 659 661 660
f 660 637 662
f 642 663 665
f 665 662 639
f 663 664 666
f 667 666 654
f 661 659 652
f 652 635 661
f 623 617 618
f 668 669 670
f 670 669 671
f 470 668 672
f 470 669 668
f 673 674 675
f 676 677 674
f 678 671 677
f 679 680 675
f 681 679 682
f 683 684 685
f 686 687 688
f 684 686 689
f 690 691 692
f 693 694 695
f 691 694 696
f 690 697 687
f 682 683 698
f 699 695 700
f 678 670 671
f 676 674 673
f 679 701 680
f 701 679 681
f 678 677 676
f 680 673 675
f 698 683 685
f 685 684 689
f 681 682 698
f 688 687 697
f 696 692 691
f 696 694 693
f 692 697 690
f 699 693 695
f 688 689 686
f 700 702 699
f 702 703 704
f 705 706 707
f 708 703 706
f 709 710 711
f 707 711 712
f 713 714 715
f 716 709 714
f 717 718 715
f 703 702 700
f 719 720 721
f 722 723 724
f 720 722 725
f 726 727 728
f 727 729 730
f 726 731 723
f 717 719 732
f 733 729 734
f 704 703 708
f 708 706 705
f 712 711 710
f 710 709 716
f 713 716 714
f 735 715 718
f 735 713 715
f 707 712 705
f 732 719 721
f 725 721 720
f 725 722 724
f 724 723 731
f 729 733 730
f 717 732 718
f 728 731 726
f 730 728 727
f 733 734 736
f 737 738 739
f 740 741 742
f 737 742 741
f 742 737 739
f 743 742 739
f 744 745 742
f 744 742 743
f 746 747 740
f 748 745 744
f 742 745 740
f 749 744 743
f 740 750 741
f 751 750 747
f 752 753 754
f 755 752 756
f 753 751 757
f 745 746 740
f 751 747 757
f 754 757 758
f 752 754 756
f 755 756 759
f 756 754 760
f 754 753 757
f 757 747 761
f 759 762 755
f 740 747 750
f 759 756 763
f 764 765 749
f 765 744 749
f 765 748 744
f 747 746 761
f 746 745 766
f 767 761 746
f 764 768 765
f 748 765 768
f 768 769 748
f 766 748 769
f 767 766 770
f 771 769 768
f 748 766 745
f 772 768 764
f 766 767 746
f 773 764 749
f 767 774 761
f 758 761 774
f 775 758 774
f 760 758 775
f 756 760 763
f 763 760 776
f 760 754 758
f 777 774 767
f 778 777 770
f 777 767 770
f 775 779 776
f 760 775 776
f 780 779 775
f 774 777 780
f 774 780 775
f 781 780 777
f 763 782 783
f 766 769 770
f 758 757 761
f 784 770 769
f 759 783 785
f 785 786 762
f 787 788 786
f 789 787 785
f 787 786 785
f 790 791 792
f 793 792 791
f 794 793 791
f 787 791 790
f 787 790 788
f 795 791 787
f 793 796 792
f 759 763 783
f 797 798 796
f 799 800 801
f 802 803 798
f 801 803 804
f 805 802 797
f 798 797 802
f 806 799 804
f 801 804 799
f 800 799 807
f 808 807 799
f 804 803 802
f 809 804 802
f 807 810 800
f 793 797 796
f 811 797 793
f 812 789 783
f 785 783 789
f 813 794 795
f 791 795 794
f 795 787 789
f 814 795 789
f 815 776 779
f 815 782 776
f 812 782 816
f 789 812 814
f 795 814 813
f 814 812 817
f 812 783 782
f 814 818 813
f 794 819 811
f 776 782 763
f 820 805 811
f 797 811 805
f 821 806 809
f 804 809 806
f 799 806 808
f 822 808 806
f 809 802 805
f 823 809 805
f 819 813 824
f 811 819 820
f 823 820 825
f 809 823 821
f 806 821 822
f 821 823 826
f 823 805 820
f 820 819 827
f 808 828 829
f 794 813 819
f 811 793 794
f 822 821 830
f 807 829 831
f 785 762 759
f 832 779 780
f 833 834 773
f 834 764 773
f 835 771 772
f 772 764 834
f 768 772 771
f 836 772 834
f 837 834 833
f 838 836 839
f 839 834 837
f 836 834 839
f 840 835 836
f 836 835 772
f 841 839 837
f 771 842 784
f 843 778 784
f 778 770 784
f 781 832 780
f 777 778 781
f 832 844 779
f 845 832 781
f 771 784 769
f 846 781 778
f 847 843 842
f 843 784 842
f 846 845 781
f 778 843 846
f 845 848 832
f 849 845 846
f 848 844 832
f 850 846 843
f 815 851 816
f 771 835 842
f 779 844 815
f 852 842 835
f 853 854 841
f 838 839 854
f 855 840 838
f 836 838 840
f 839 841 854
f 856 838 854
f 841 857 853
f 854 853 856
f 840 855 858
f 856 855 838
f 858 852 840
f 859 847 852
f 847 842 852
f 850 849 846
f 843 847 850
f 849 860 845
f 861 849 850
f 852 835 840
f 862 850 847
f 862 847 859
f 861 863 849
f 850 862 861
f 864 860 863
f 860 849 863
f 848 865 866
f 858 859 852
f 845 860 848
f 844 866 851
f 866 844 848
f 867 817 816
f 851 867 816
f 814 817 818
f 817 812 816
f 818 817 868
f 866 869 851
f 867 851 869
f 869 870 867
f 868 867 870
f 871 872 868
f 873 870 869
f 868 817 867
f 874 869 866
f 818 872 824
f 865 848 860
f 875 827 824
f 819 824 827
f 876 826 825
f 823 825 826
f 821 826 830
f 826 877 830
f 825 820 827
f 878 825 827
f 868 870 871
f 879 875 872
f 871 879 872
f 827 875 878
f 825 878 876
f 878 875 880
f 875 824 872
f 876 878 881
f 876 882 877
f 818 868 872
f 824 813 818
f 883 871 870
f 884 874 865
f 874 866 865
f 885 883 873
f 883 870 873
f 874 873 869
f 886 873 874
f 887 865 864
f 884 886 874
f 885 873 886
f 887 884 865
f 885 888 883
f 865 860 864
f 883 888 889
f 890 880 879
f 880 891 881
f 878 880 881
f 890 891 880
f 879 889 890
f 880 875 879
f 892 890 889
f 892 889 888
f 893 891 894
f 890 892 894
f 882 881 895
f 890 894 891
f 893 895 891
f 889 871 883
f 889 879 871
f 826 876 877
f 851 815 844
f 816 782 815
f 822 896 828
f 897 810 831
f 898 897 831
f 899 898 900
f 829 807 808
f 901 900 831
f 900 902 903
f 899 900 903
f 902 900 901
f 831 829 901
f 900 898 831
f 904 901 829
f 903 905 899
f 808 822 828
f 906 907 905
f 908 909 910
f 911 912 907
f 910 912 913
f 906 903 914
f 907 906 911
f 913 911 915
f 910 913 908
f 909 908 916
f 908 913 917
f 913 912 911
f 911 906 918
f 916 919 909
f 903 906 905
f 920 916 908
f 921 904 828
f 904 829 828
f 904 922 901
f 903 902 914
f 901 922 902
f 914 902 923
f 924 921 896
f 921 828 896
f 922 925 923
f 902 922 923
f 926 925 922
f 904 921 926
f 904 926 922
f 927 926 921
f 914 928 918
f 822 830 896
f 928 923 929
f 930 915 918
f 915 931 917
f 913 915 917
f 930 931 915
f 918 928 930
f 915 911 918
f 932 930 928
f 933 929 925
f 925 929 923
f 932 934 930
f 928 929 932
f 935 931 936
f 937 934 932
f 931 930 934
f 938 932 929
f 935 920 917
f 928 914 923
f 918 906 914
f 939 925 926
f 920 908 917
f 830 940 896
f 941 919 942
f 943 944 945
f 945 941 942
f 943 942 946
f 943 945 942
f 947 948 949
f 944 943 949
f 950 948 947
f 947 949 951
f 944 949 948
f 949 943 952
f 942 916 953
f 954 955 950
f 956 957 958
f 959 956 960
f 961 957 955
f 961 954 962
f 955 954 961
f 963 960 958
f 956 958 960
f 964 958 961
f 958 957 961
f 965 954 947
f 947 954 950
f 964 963 958
f 966 953 920
f 953 916 920
f 946 967 952
f 943 946 952
f 946 942 953
f 968 946 953
f 931 934 936
f 969 966 935
f 966 970 968
f 953 966 968
f 966 969 970
f 935 936 969
f 966 920 935
f 971 969 936
f 968 967 946
f 917 931 935
f 965 951 972
f 947 951 965
f 964 962 973
f 961 962 964
f 963 964 974
f 975 962 965
f 962 954 965
f 973 974 964
f 967 968 976
f 977 952 967
f 972 977 978
f 965 972 975
f 962 975 973
f 975 972 979
f 972 951 977
f 977 967 980
f 981 973 975
f 951 952 977
f 951 949 952
f 974 973 982
f 919 916 942
f 983 936 934
f 984 940 877
f 877 940 830
f 985 927 924
f 927 921 924
f 940 924 896
f 986 924 940
f 987 984 882
f 984 877 882
f 986 985 924
f 940 984 986
f 985 988 927
f 989 985 986
f 988 939 927
f 990 986 984
f 927 939 926
f 876 881 882
f 991 938 933
f 938 929 933
f 992 983 937
f 983 934 937
f 971 936 983
f 983 993 971
f 938 937 932
f 994 937 938
f 995 996 988
f 996 939 988
f 997 994 991
f 938 991 994
f 937 994 992
f 998 992 994
f 991 933 996
f 999 991 996
f 992 1000 993
f 933 939 996
f 939 933 925
f 1001 988 985
f 1002 987 895
f 882 895 987
f 1003 989 990
f 986 990 989
f 990 984 987
f 1004 990 987
f 1005 987 1002
f 1004 987 1005
f 989 1003 1006
f 1004 1003 990
f 1006 1001 989
f 893 1002 895
f 1007 995 1001
f 988 1001 995
f 1008 997 999
f 991 999 997
f 994 997 998
f 1009 998 997
f 999 996 995
f 1010 999 995
f 1010 995 1007
f 1008 1009 997
f 1011 998 1009
f 1010 1008 999
f 1000 998 1011
f 1006 1007 1001
f 1001 985 989
f 993 983 992
f 881 891 895
f 1012 971 1013
f 1014 976 970
f 1012 1014 970
f 967 976 980
f 976 968 970
f 980 976 1015
f 1016 1013 993
f 993 1013 971
f 1014 1017 1015
f 976 1014 1015
f 1018 1017 1014
f 1012 1013 1018
f 1012 1018 1014
f 1019 1018 1013
f 980 1020 978
f 1012 969 971
f 1020 1015 1021
f 1022 979 978
f 981 979 1023
f 975 979 981
f 973 981 982
f 978 1020 1022
f 979 972 978
f 982 981 1023
f 1020 1024 1022
f 1015 1017 1021
f 1025 1026 1023
f 982 1023 1026
f 1027 1023 1022
f 1023 979 1022
f 1023 1027 1025
f 1020 980 1015
f 978 977 980
f 1028 1017 1018
f 1029 1016 1000
f 1016 993 1000
f 1019 1028 1018
f 1013 1016 1019
f 1030 1028 1031
f 1032 1028 1019
f 1030 1021 1017
f 1033 1019 1016
f 1029 1000 1034
f 1016 1029 1033
f 1028 1032 1031
f 1019 1033 1032
f 1028 1030 1017
f 1011 1034 1000
f 1030 1035 1021
f 1024 1021 1035
f 1036 1024 1035
f 1027 1024 1036
f 1025 1027 1037
f 1037 1027 1036
f 1027 1022 1024
f 1038 1035 1030
f 1039 1035 1038
f 1036 1040 1037
f 1041 1037 1040
f 1039 1040 1036
f 1039 1036 1035
f 1031 1038 1030
f 1024 1020 1021
f 992 998 1000
f 1012 970 969
f 831 810 807
f 1042 959 1043
f 1044 1042 1043
f 1045 1042 1044
f 1044 1046 1047
f 1048 1049 1047
f 1044 1047 1049
f 1050 1044 1051
f 1052 1049 1048
f 1044 1043 1046
f 1050 1045 1044
f 1053 1054 1055
f 1056 1057 1058
f 1054 1059 1057
f 1060 1056 1061
f 1049 1051 1044
f 1055 1050 1053
f 1059 1053 1062
f 1057 1059 1058
f 1056 1058 1061
f 1058 1059 1063
f 1059 1054 1053
f 1053 1050 1064
f 1061 1065 1066
f 1045 1050 1055
f 1061 1058 1067
f 1068 1052 1069
f 1070 1049 1068
f 1049 1052 1068
f 1050 1051 1064
f 1064 1051 1071
f 1049 1070 1051
f 1072 1068 1069
f 1073 1072 1074
f 1072 1069 1074
f 1070 1075 1071
f 1051 1070 1071
f 1076 1075 1070
f 1068 1072 1076
f 1068 1076 1070
f 1077 1076 1072
f 1064 1078 1062
f 1078 1071 1079
f 1080 1063 1062
f 1063 1081 1067
f 1058 1063 1067
f 1080 1081 1063
f 1062 1078 1080
f 1063 1059 1062
f 1082 1080 1078
f 1083 1079 1075
f 1075 1079 1071
f 1082 1084 1080
f 1078 1079 1082
f 1085 1081 1086
f 1087 1084 1082
f 1081 1080 1084
f 1088 1082 1079
f 1085 1065 1067
f 1078 1064 1071
f 1062 1053 1064
f 1089 1075 1076
f 1061 1066 1060
f 1090 1091 1092
f 1091 1090 1093
f 1094 1095 1066
f 1095 1096 1066
f 1097 1098 1092
f 1090 1092 1098
f 1099 1090 1098
f 1095 1098 1097
f 1095 1097 1096
f 1100 1098 1095
f 1090 1101 1093
f 1060 1066 1096
f 1102 1103 1104
f 1105 1106 1107
f 1108 1109 1103
f 1107 1109 1110
f 1111 1102 1101
f 1104 1101 1102
f 1112 1110 1108
f 1109 1108 1110
f 1107 1110 1105
f 1113 1105 1110
f 1108 1103 1102
f 1114 1108 1102
f 1105 1115 1106
f 1093 1101 1104
f 1116 1101 1090
f 1117 1094 1065
f 1094 1066 1065
f 1118 1099 1100
f 1099 1098 1100
f 1116 1090 1099
f 1099 1119 1116
f 1094 1100 1095
f 1120 1100 1094
f 1081 1084 1086
f 1121 1117 1085
f 1086 1121 1085
f 1094 1117 1120
f 1100 1120 1118
f 1120 1117 1122
f 1117 1065 1085
f 1120 1123 1118
f 1099 1118 1119
f 1067 1081 1085
f 1124 1114 1111
f 1114 1102 1111
f 1112 1113 1110
f 1108 1114 1112
f 1125 1126 1113
f 1127 1113 1112
f 1111 1101 1116
f 1128 1112 1114
f 1119 1118 1129
f 1130 1116 1119
f 1124 1130 1131
f 1114 1124 1128
f 1112 1128 1127
f 1128 1124 1132
f 1124 1111 1130
f 1130 1119 1133
f 1127 1134 1125
f 1111 1116 1130
f 1115 1105 1126
f 1127 1128 1135
f 1115 1136 1106
f 1061 1067 1065
f 1137 1086 1084
f 1138 1073 1139
f 1140 1077 1138
f 1072 1073 1138
f 1072 1138 1077
f 1141 1138 1139
f 1142 1143 1144
f 1138 1143 1142
f 1140 1138 1142
f 1145 1140 1142
f 1141 1143 1138
f 1037 1142 1144
f 1077 1146 1089
f 1147 1083 1089
f 1077 1089 1076
f 1088 1087 1082
f 1079 1083 1088
f 1087 1137 1084
f 1088 1148 1087
f 1075 1089 1083
f 1149 1088 1083
f 1150 1147 1146
f 1147 1089 1146
f 1087 1151 1137
f 1083 1147 1149
f 1152 1086 1137
f 1153 1152 1137
f 1088 1149 1148
f 1154 1149 1147
f 1121 1155 1122
f 1077 1140 1146
f 1086 1152 1121
f 1156 1146 1140
f 1157 1037 1158
f 1159 1145 1157
f 1142 1157 1145
f 1140 1145 1156
f 1160 1156 1145
f 1142 1037 1157
f 1161 1157 1158
f 1161 1158 1041
f 1159 1160 1145
f 1162 1156 1160
f 1161 1159 1157
f 1162 1150 1156
f 1163 1154 1150
f 1154 1147 1150
f 1148 1164 1151
f 1087 1148 1151
f 1165 1164 1148
f 1149 1154 1165
f 1150 1146 1156
f 1166 1165 1154
f 1166 1154 1163
f 1167 1164 1168
f 1165 1166 1168
f 1153 1151 1169
f 1165 1168 1164
f 1167 1169 1164
f 1162 1163 1150
f 1148 1149 1165
f 1153 1137 1151
f 1155 1152 1170
f 1171 1123 1122
f 1155 1171 1122
f 1118 1123 1129
f 1123 1120 1122
f 1129 1123 1172
f 1173 1170 1153
f 1153 1170 1152
f 1171 1174 1172
f 1123 1171 1172
f 1175 1174 1171
f 1155 1170 1175
f 1155 1175 1171
f 1176 1175 1170
f 1129 1177 1133
f 1155 1121 1152
f 1177 1172 1178
f 1179 1131 1133
f 1177 1179 1133
f 1124 1131 1132
f 1128 1132 1135
f 1132 1131 1180
f 1131 1130 1133
f 1135 1132 1181
f 1182 1178 1174
f 1174 1178 1172
f 1178 1183 1177
f 1131 1179 1180
f 1132 1180 1181
f 1180 1179 1184
f 1177 1183 1179
f 1181 1180 1185
f 1135 1186 1134
f 1177 1129 1172
f 1133 1119 1129
f 1187 1174 1175
f 1188 1173 1169
f 1173 1153 1169
f 1189 1187 1176
f 1187 1175 1176
f 1182 1174 1187
f 1190 1182 1187
f 1173 1176 1170
f 1191 1176 1173
f 1191 1173 1188
f 1176 1191 1192
f 1187 1189 1190
f 1176 1192 1189
f 1190 1193 1182
f 1167 1188 1169
f 1182 1193 1194
f 1195 1184 1183
f 1184 1196 1185
f 1180 1184 1185
f 1195 1196 1184
f 1183 1194 1195
f 1184 1179 1183
f 1197 1195 1194
f 1197 1194 1193
f 1198 1196 1199
f 1195 1197 1199
f 1196 1198 1200
f 1195 1199 1196
f 1201 1185 1200
f 1194 1178 1182
f 1178 1194 1183
f 1201 1186 1181
f 1151 1164 1169
f 1122 1117 1121
f 1113 1126 1105
f 1202 1115 1203
f 1204 1136 1202
f 1205 1204 1202
f 1206 1204 1205
f 1207 1203 1126
f 1126 1203 1115
f 1205 1208 1209
f 1206 1205 1209
f 1210 1208 1205
f 1202 1203 1210
f 1202 1210 1205
f 1211 1210 1203
f 1209 1212 1206
f 1136 1115 1202
f 1213 1212 1214
f 1215 1216 1217
f 1218 1215 1219
f 1216 1213 1214
f 1220 1209 1208
f 1220 1214 1209
f 1217 1214 1221
f 1215 1217 1219
f 1218 1219 1222
f 1219 1217 1223
f 1217 1216 1214
f 1222 1219 1224
f 1222 1225 1218
f 1212 1209 1214
f 1226 1208 1210
f 1227 1207 1125
f 1207 1126 1125
f 1211 1226 1210
f 1203 1207 1211
f 1226 1228 1208
f 1229 1226 1211
f 1228 1220 1208
f 1230 1211 1207
f 1231 1227 1134
f 1227 1125 1134
f 1230 1229 1211
f 1207 1227 1230
f 1229 1232 1226
f 1233 1229 1230
f 1232 1228 1226
f 1234 1230 1227
f 1220 1235 1221
f 1127 1135 1134
f 1235 1228 1236
f 1237 1223 1221
f 1223 1238 1224
f 1219 1223 1224
f 1237 1238 1223
f 1221 1235 1237
f 1223 1217 1221
f 1239 1237 1235
f 1240 1236 1232
f 1232 1236 1228
f 1239 1241 1237
f 1235 1236 1239
f 1242 1243 1238
f 1244 1241 1239
f 1238 1237 1241
f 1245 1239 1236
f 1224 1243 1246
f 1235 1220 1228
f 1221 1214 1220
f 1247 1232 1229
f 1222 1246 1248
f 1113 1127 1125
f 1249 1250 1251
f 1252 1253 1250
f 1254 1253 1255
f 1222 1224 1246
f 1248 1251 1225
f 1256 1252 1249
f 1249 1251 1248
f 1252 1250 1249
f 1257 1255 1252
f 1252 1255 1253
f 1258 1249 1248
f 1255 1259 1254
f 1260 1261 1262
f 1263 1264 1265
f 1260 1265 1261
f 1266 1260 1259
f 1260 1262 1259
f 1263 1267 1264
f 1265 1260 1263
f 1268 1267 739
f 1269 1267 1263
f 1268 1264 1267
f 1270 1263 1260
f 739 1271 1268
f 1254 1259 1262
f 1272 1259 1255
f 1273 1258 1246
f 1258 1248 1246
f 1274 1257 1256
f 1257 1252 1256
f 1272 1255 1257
f 1257 1275 1272
f 1258 1256 1249
f 1276 1256 1258
f 1242 1238 1241
f 1277 1273 1243
f 1242 1277 1243
f 1258 1273 1276
f 1256 1276 1274
f 1276 1273 1278
f 1273 1246 1243
f 1276 1279 1274
f 1257 1274 1275
f 1243 1224 1238
f 1280 1270 1266
f 1270 1260 1266
f 1269 743 1267
f 1263 1270 1269
f 1281 743 1269
f 1266 1259 1272
f 1282 1269 1270
f 1275 1274 1283
f 1275 1284 1272
f 1280 1282 1270
f 1266 1284 1280
f 1282 1280 1285
f 1280 1284 1286
f 1281 1269 1282
f 1284 1275 1287
f 1266 1272 1284
f 1267 743 739
f 1281 1282 1288
f 1222 1248 1225
f 1289 1242 1241
f 1290 1231 1186
f 1231 1134 1186
f 1291 1233 1234
f 1233 1230 1234
f 1231 1234 1227
f 1292 1234 1231
f 1293 1290 1201
f 1290 1186 1201
f 1292 1291 1234
f 1231 1290 1292
f 1291 1294 1233
f 1295 1291 1292
f 1294 1247 1233
f 1296 1292 1290
f 1233 1247 1229
f 1181 1185 1201
f 1297 1245 1240
f 1245 1236 1240
f 1244 1289 1241
f 1239 1245 1244
f 1289 1298 1242
f 1244 1299 1289
f 1240 1232 1247
f 1300 1244 1245
f 1301 1302 1294
f 1294 1302 1247
f 1297 1300 1245
f 1240 1302 1297
f 1303 1298 1289
f 1304 1300 1297
f 1299 1244 1300
f 1305 1297 1302
f 1277 1306 1278
f 1240 1247 1302
f 1277 1242 1298
f 1307 1294 1291
f 1308 1293 1200
f 1293 1201 1200
f 1309 1295 1296
f 1295 1292 1296
f 1307 1291 1295
f 1310 1307 1295
f 1293 1296 1290
f 1311 1296 1293
f 1311 1293 1308
f 1309 1310 1295
f 1309 1296 1311
f 1307 1310 1312
f 1312 1313 1307
f 1198 1308 1200
f 1314 1305 1301
f 1305 1302 1301
f 1304 1315 1300
f 1297 1305 1304
f 1316 1303 1299
f 1317 1315 1304
f 1301 1294 1307
f 1318 1304 1305
f 1314 1301 1313
f 1318 1317 1304
f 1319 1315 1317
f 1314 1318 1305
f 1319 1316 1315
f 1307 1313 1301
f 1300 1315 1299
f 1303 1289 1299
f 1185 1196 1200
f 1306 1298 1320
f 1321 1279 1278
f 1279 1322 1283
f 1274 1279 1283
f 1321 1322 1279
f 1278 1306 1321
f 1279 1276 1278
f 1323 1321 1306
f 1324 1320 1303
f 1303 1320 1298
f 1323 1325 1321
f 1306 1320 1323
f 1326 1327 1322
f 1328 1325 1323
f 1322 1321 1325
f 1329 1323 1320
f 1283 1327 1287
f 1306 1277 1298
f 1283 1322 1327
f 1330 1286 1287
f 1285 1286 1331
f 1280 1286 1285
f 1282 1285 1288
f 1287 1327 1330
f 1286 1284 1287
f 1288 1285 1331
f 1332 1327 1326
f 1330 1327 1332
f 837 833 1331
f 1288 1331 833
f 1331 1330 1333
f 1331 1286 1330
f 837 1331 1333
f 1322 1325 1326
f 1287 1275 1283
f 1334 1326 1325
f 1335 1324 1316
f 1324 1303 1316
f 1336 1328 1329
f 1328 1323 1329
f 1334 1325 1328
f 1337 1334 1328
f 1324 1329 1320
f 1338 1329 1324
f 1338 1324 1335
f 1336 1329 1338
f 1337 1328 1336
f 1339 1334 1337
f 1319 1335 1316
f 1340 1334 1341
f 1342 1333 1332
f 1342 841 1333
f 837 1333 841
f 1343 841 1342
f 1332 1340 1342
f 1333 1330 1332
f 1344 1342 1340
f 1339 1341 1334
f 1340 1341 1344
f 841 1343 857
f 1342 1344 1343
f 1340 1326 1334
f 1326 1340 1332
f 1299 1315 1316
f 1278 1273 1277
f 1135 1181 1186
f 1345 1346 1347
f 1348 1349 1350
f 1351 1346 1350
f 1352 1353 1354
f 1348 1355 1356
f 1355 1354 1357
f 1347 1351 1358
f 1347 1346 1351
f 1349 1356 1359
f 1349 1348 1356
f 1350 1349 1351
f 1351 1349 1360
f 1354 1353 1357
f 1357 1356 1355
f 1353 1361 1362
f 1353 1352 1361
f 1361 1363 1364
f 1361 1365 1366
f 1364 1365 1361
f 1357 1353 1367
f 1361 1352 1363
f 1356 1357 1368
f 1364 1369 1365
f 1370 1369 1371
f 1372 1373 1374
f 1375 1371 1373
f 1376 1377 1378
f 1379 1380 1381
f 1382 1381 1383
f 1374 1377 1384
f 1380 1385 1378
f 1370 1375 1386
f 1375 1370 1371
f 1372 1384 1387
f 1384 1372 1374
f 1375 1373 1372
f 1375 1372 1388
f 1376 1385 1389
f 1385 1376 1378
f 1379 1382 1390
f 1382 1379 1381
f 1391 1382 1383
f 1391 1392 1382
f 1385 1380 1379
f 1385 1379 1393
f 1384 1377 1376
f 1384 1376 1394
f 1383 1395 1391
f 1369 1370 1365
f 1365 1370 1396
f 1397 1358 1398
f 1399 1400 1398
f 1398 1400 1397
f 1351 1398 1358
f 1401 1398 1360
f 1398 1351 1360
f 1402 1359 1368
f 1359 1356 1368
f 1368 1357 1367
f 1403 1368 1367
f 1349 1359 1360
f 1404 1360 1359
f 1362 1367 1353
f 1405 1367 1362
f 1406 1399 1407
f 1399 1406 1400
f 1408 1407 1399
f 1399 1401 1409
f 1401 1404 1410
f 1404 1401 1360
f 1402 1403 1411
f 1403 1402 1368
f 1405 1403 1367
f 1403 1405 1412
f 1404 1359 1402
f 1404 1402 1413
f 1399 1398 1401
f 1414 1405 1415
f 1366 1415 1362
f 1366 1396 1416
f 1362 1361 1366
f 1386 1388 1417
f 1396 1370 1386
f 1365 1396 1366
f 1396 1386 1418
f 1387 1394 1419
f 1388 1372 1387
f 1389 1393 1420
f 1394 1376 1389
f 1389 1385 1393
f 1393 1390 1421
f 1384 1394 1387
f 1394 1389 1422
f 1375 1388 1386
f 1388 1387 1423
f 1415 1416 1424
f 1416 1415 1366
f 1418 1417 1425
f 1417 1418 1386
f 1416 1396 1418
f 1416 1418 1426
f 1423 1419 1427
f 1419 1423 1387
f 1422 1420 1428
f 1420 1422 1389
f 1421 1420 1393
f 1420 1421 1429
f 1419 1394 1422
f 1419 1422 1430
f 1417 1388 1423
f 1417 1423 1431
f 1390 1392 1432
f 1415 1405 1362
f 1379 1390 1393
f 1433 1421 1432
f 1382 1392 1390
f 1395 1434 1435
f 1436 1437 1438
f 1434 1437 1435
f 1439 1440 1441
f 1438 1440 1442
f 1441 1443 1444
f 1435 1436 1445
f 1435 1437 1436
f 1442 1439 1446
f 1442 1440 1439
f 1438 1442 1436
f 1436 1442 1447
f 1448 1449 1450
f 1449 1448 1451
f 1444 1452 1453
f 1444 1443 1452
f 1449 1452 1450
f 1452 1449 1454
f 1451 1455 1449
f 1444 1439 1441
f 1450 1452 1443
f 1439 1444 1456
f 1457 1391 1435
f 1458 1459 1460
f 1461 1462 1463
f 1464 1460 1462
f 1465 1466 1467
f 1465 1468 1466
f 1463 1469 1470
f 1455 1458 1471
f 1455 1459 1458
f 1464 1461 1472
f 1464 1462 1461
f 1460 1464 1458
f 1458 1464 1473
f 1469 1474 1470
f 1470 1461 1463
f 1474 1475 1476
f 1475 1474 1477
f 1475 1477 1468
f 1475 1465 1478
f 1468 1465 1475
f 1470 1474 1479
f 1477 1474 1469
f 1461 1470 1480
f 1466 1481 1467
f 1459 1455 1451
f 1449 1455 1482
f 1392 1457 1483
f 1391 1457 1392
f 1445 1447 1484
f 1445 1436 1447
f 1435 1445 1457
f 1457 1445 1485
f 1446 1456 1486
f 1446 1439 1456
f 1453 1454 1487
f 1453 1452 1454
f 1454 1449 1482
f 1454 1482 1488
f 1444 1453 1456
f 1456 1453 1489
f 1442 1446 1447
f 1447 1446 1490
f 1432 1483 1491
f 1483 1432 1392
f 1485 1484 1492
f 1484 1485 1445
f 1483 1457 1485
f 1483 1485 1493
f 1490 1486 1494
f 1486 1490 1446
f 1489 1487 1495
f 1487 1489 1453
f 1488 1487 1454
f 1487 1488 1496
f 1486 1456 1489
f 1486 1489 1497
f 1484 1447 1490
f 1484 1490 1498
f 1471 1499 1482
f 1432 1421 1390
f 1500 1471 1473
f 1471 1458 1473
f 1501 1472 1480
f 1472 1461 1480
f 1464 1472 1473
f 1502 1473 1472
f 1474 1476 1479
f 1479 1480 1470
f 1503 1476 1478
f 1476 1475 1478
f 1504 1478 1467
f 1479 1476 1505
f 1480 1479 1506
f 1482 1455 1471
f 1478 1504 1503
f 1499 1500 1507
f 1500 1499 1471
f 1502 1501 1508
f 1501 1502 1472
f 1500 1473 1502
f 1500 1502 1509
f 1506 1505 1510
f 1505 1506 1479
f 1503 1511 1512
f 1511 1503 1504
f 1503 1513 1505
f 1505 1476 1503
f 1506 1514 1501
f 1501 1480 1506
f 1499 1515 1488
f 1499 1488 1482
f 1478 1465 1467
f 1435 1391 1395
f 1516 1517 1518
f 1519 1520 1521
f 1522 1521 1517
f 1523 1524 1525
f 1518 1526 1527
f 1524 1528 1526
f 1529 1530 1525
f 1519 1522 1531
f 1522 1519 1521
f 1516 1532 1522
f 1522 1533 1531
f 1522 1517 1516
f 1534 1516 1527
f 1528 1527 1526
f 1535 1528 1523
f 1530 1523 1525
f 1536 1530 1529
f 1537 1523 1530
f 1528 1524 1523
f 1538 1527 1528
f 1516 1518 1527
f 1536 1539 1530
f 1529 1540 1536
f 1541 1542 1543
f 1542 1544 1545
f 1546 1547 1548
f 1549 1550 1551
f 1552 1553 1550
f 1554 1543 1553
f 1551 1546 1555
f 1556 1557 1544
f 1557 1556 1540
f 1558 1556 1544
f 1544 1557 1545
f 1541 1544 1542
f 1559 1536 1556
f 1560 1541 1554
f 1541 1543 1554
f 1561 1552 1549
f 1552 1550 1549
f 1549 1551 1555
f 1562 1549 1555
f 1553 1552 1554
f 1563 1554 1552
f 1546 1548 1555
f 1564 1544 1541
f 1565 1566 1548
f 1540 1556 1536
f 1567 1555 1548
f 1568 1533 1504
f 1533 1568 1531
f 1532 1569 1533
f 1533 1570 1504
f 1533 1522 1532
f 1571 1532 1534
f 1538 1534 1527
f 1572 1538 1535
f 1537 1535 1523
f 1538 1528 1535
f 1573 1534 1538
f 1532 1516 1534
f 1574 1535 1537
f 1575 1570 1576
f 1570 1575 1504
f 1577 1576 1570
f 1570 1569 1578
f 1569 1571 1579
f 1571 1569 1532
f 1573 1572 1580
f 1572 1573 1538
f 1574 1572 1535
f 1572 1574 1581
f 1571 1534 1573
f 1571 1573 1582
f 1570 1533 1569
f 1583 1574 1584
f 1539 1584 1537
f 1539 1559 1585
f 1559 1539 1536
f 1558 1564 1586
f 1564 1558 1544
f 1559 1556 1558
f 1559 1558 1587
f 1560 1563 1588
f 1563 1560 1554
f 1561 1562 1589
f 1562 1561 1549
f 1567 1562 1555
f 1562 1567 1590
f 1563 1552 1561
f 1563 1561 1591
f 1564 1541 1560
f 1564 1560 1592
f 1584 1585 1593
f 1585 1584 1539
f 1587 1586 1594
f 1586 1587 1558
f 1585 1559 1587
f 1585 1587 1595
f 1592 1588 1596
f 1588 1592 1560
f 1591 1589 1597
f 1589 1591 1561
f 1590 1589 1562
f 1589 1590 1598
f 1588 1563 1591
f 1588 1591 1599
f 1586 1564 1592
f 1586 1592 1600
f 1567 1566 1601
f 1584 1574 1537
f 1537 1530 1539
f 1602 1590 1601
f 1565 1548 1547
f 1603 1604 1605
f 1604 1606 1607
f 1608 1609 1605
f 1610 1611 1612
f 1611 1613 1614
f 1615 1616 1612
f 1608 1614 1613
f 1565 1617 1618
f 1617 1565 1547
f 1618 1606 1619
f 1618 1617 1607
f 1606 1618 1607
f 1565 1618 1620
f 1603 1609 1621
f 1606 1604 1603
f 1613 1610 1622
f 1609 1608 1613
f 1613 1611 1610
f 1610 1616 1623
f 1605 1609 1603
f 1609 1613 1624
f 1612 1616 1610
f 1606 1603 1625
f 1615 1626 1616
f 1627 1628 1629
f 1630 1631 1628
f 1632 1629 1633
f 1634 1635 1636
f 1637 1638 1639
f 1633 1638 1640
f 1637 1639 1634
f 1641 1642 1635
f 1626 1630 1643
f 1626 1631 1630
f 1627 1632 1644
f 1627 1629 1632
f 1628 1627 1630
f 1630 1627 1645
f 1638 1637 1640
f 1640 1632 1633
f 1637 1636 1646
f 1637 1634 1636
f 1636 1635 1642
f 1636 1642 1647
f 1641 1345 1358
f 1640 1637 1648
f 1642 1641 1358
f 1632 1640 1649
f 1631 1626 1615
f 1616 1626 1650
f 1566 1620 1651
f 1566 1565 1620
f 1619 1625 1652
f 1619 1606 1625
f 1618 1619 1620
f 1620 1619 1653
f 1621 1624 1654
f 1621 1609 1624
f 1622 1623 1655
f 1622 1610 1623
f 1623 1616 1650
f 1623 1650 1656
f 1613 1622 1624
f 1624 1622 1657
f 1603 1621 1625
f 1625 1621 1658
f 1601 1651 1659
f 1651 1601 1566
f 1653 1652 1660
f 1652 1653 1619
f 1651 1620 1653
f 1651 1653 1661
f 1658 1654 1662
f 1654 1658 1621
f 1657 1655 1663
f 1655 1657 1622
f 1656 1655 1623
f 1655 1656 1664
f 1654 1624 1657
f 1654 1657 1665
f 1652 1625 1658
f 1652 1658 1666
f 1643 1667 1650
f 1601 1590 1567
f 1668 1643 1645
f 1643 1630 1645
f 1669 1644 1649
f 1644 1632 1649
f 1627 1644 1645
f 1670 1645 1644
f 1637 1646 1648
f 1648 1649 1640
f 1671 1646 1647
f 1646 1636 1647
f 1400 1647 1358
f 1648 1646 1672
f 1649 1648 1673
f 1650 1626 1643
f 1647 1400 1671
f 1667 1668 1674
f 1668 1667 1643
f 1670 1669 1675
f 1669 1670 1644
f 1668 1645 1670
f 1668 1670 1676
f 1673 1672 1677
f 1672 1673 1648
f 1671 1407 1678
f 1407 1671 1400
f 1671 1679 1672
f 1672 1646 1671
f 1673 1680 1669
f 1669 1649 1673
f 1667 1681 1656
f 1667 1656 1650
f 1647 1642 1358
f 1566 1567 1548
